0.37578025460243225,0.7269512414932251,1.976292622885012e-07,0.4507612884044647,0.7114126086235046,-0.048120979219675064,0.5164250135421753,0.6451582312583923,-0.07054118812084198,0.5189923644065857,0.5642892122268677,-0.09187807887792587,0.4856736361980438,0.4856054484844208,-0.11263518780469894,0.5226033926010132,0.4464232623577118,-0.025695165619254112,0.5512955188751221,0.3140357434749603,-0.04876890778541565,0.5626534223556519,0.2324627786874771,-0.06882532685995102,0.5697990655899048,0.17226028442382812,-0.08418706059455872,0.4696461856365204,0.42790597677230835,-0.022969234734773636,0.4924628734588623,0.30265456438064575,-0.06901127099990845,0.48724526166915894,0.35663318634033203,-0.10099785774946213,0.4820331931114197,0.4304414391517639,-0.11293817311525345,0.4170322120189667,0.4304879605770111,-0.02469475008547306,0.43051937222480774,0.3076806664466858,-0.06417356431484222,0.4320300221443176,0.33348721265792847,-0.08707238733768463,0.4272494316101074,0.40002861618995667,-0.0936056599020958,0.36347299814224243,0.4468095302581787,-0.030474619939923286,0.3747222423553467,0.3449442386627197,-0.059055961668491364,0.38793104887008667,0.34384533762931824,-0.07336194813251495,0.39350593090057373,0.38607674837112427,-0.07849178463220596
0.32519200444221497,0.7777235507965088,2.2983650183050486e-07,0.39671871066093445,0.7562987804412842,-0.039039261639118195,0.4611468017101288,0.7020604014396667,-0.06162048503756523,0.46714913845062256,0.6399319171905518,-0.08399813622236252,0.43946802616119385,0.5777154564857483,-0.10624531656503677,0.4594494104385376,0.5091233849525452,-0.03854330629110336,0.48950517177581787,0.3656005859375,-0.0646013468503952,0.5059953927993774,0.2800449728965759,-0.0836961641907692,0.5147190093994141,0.21144387125968933,-0.09745710343122482,0.4089873433113098,0.48983311653137207,-0.041503868997097015,0.4299929440021515,0.35010090470314026,-0.08496349304914474,0.4429987370967865,0.39910688996315,-0.10744824260473251,0.44165417551994324,0.4750174880027771,-0.11293834447860718,0.35870361328125,0.49254027009010315,-0.04736168310046196,0.3709465563297272,0.3527075946331024,-0.08239325135946274,0.3854294717311859,0.38735485076904297,-0.09073014557361603,0.385515958070755,0.4575408101081848,-0.08753714710474014,0.3069121539592743,0.5082339644432068,-0.057138919830322266,0.31422489881515503,0.3982838988304138,-0.08360279351472855,0.33334803581237793,0.40434184670448303,-0.08927655220031738,0.34122925996780396,0.4497905671596527,-0.08717454969882965
0.3148495554924011,0.7898864150047302,1.8278711877428577e-07,0.3838851749897003,0.7653212547302246,-0.051396068185567856,0.4426860809326172,0.6956246495246887,-0.0792812705039978,0.4371412396430969,0.6192269921302795,-0.10597065091133118,0.39424818754196167,0.545236349105835,-0.13243958353996277,0.4401467442512512,0.4866882562637329,-0.03641422465443611,0.4596445560455322,0.3466472029685974,-0.06428198516368866,0.46664053201675415,0.259500116109848,-0.08676138520240784,0.46950939297676086,0.19570210576057434,-0.10321789234876633,0.3826901912689209,0.47504061460494995,-0.03426196053624153,0.39503979682922363,0.3398750424385071,-0.08341604471206665,0.38814640045166016,0.3982457220554352,-0.11442489176988602,0.3850879669189453,0.47200605273246765,-0.12499464303255081,0.3285048305988312,0.48393669724464417,-0.03644414246082306,0.3322088122367859,0.35537421703338623,-0.07854951918125153,0.3351444602012634,0.3906978368759155,-0.09798046946525574,0.3356165885925293,0.46108123660087585,-0.10127776861190796,0.2753099799156189,0.5079854130744934,-0.042880795896053314,0.2752997875213623,0.3998263478279114,-0.07245676964521408,0.28912243247032166,0.40853071212768555,-0.08320928364992142,0.29890474677085876,0.4589073061943054,-0.08509773761034012
0.3006615936756134,0.7984474897384644,1.7879146696486714e-07,0.37066957354545593,0.768054723739624,-0.05119890719652176,0.426021933555603,0.6919487118721008,-0.07780496031045914,0.4172177016735077,0.6135137677192688,-0.10281611233949661,0.3735538721084595,0.5419649481773376,-0.12761344015598297,0.4200066924095154,0.49004465341567993,-0.03635823354125023,0.4368434250354767,0.34945306181907654,-0.06191905960440636,0.4416791796684265,0.25969836115837097,-0.0828537568449974,0.4433068037033081,0.19050928950309753,-0.0992950052022934,0.3632555902004242,0.47900959849357605,-0.03423721343278885,0.3764021098613739,0.3399192988872528,-0.08051704615354538,0.37093794345855713,0.4019692540168762,-0.10978598892688751,0.3695397675037384,0.47684183716773987,-0.1200215294957161,0.3082447052001953,0.48912283778190613,-0.03626831993460655,0.3119681477546692,0.3564574122428894,-0.07580947875976562,0.31487101316452026,0.3920869529247284,-0.0942196249961853,0.3152463138103485,0.4611371159553528,-0.09813208878040314,0.25354236364364624,0.5149965286254883,-0.04253287613391876,0.2546366751194,0.4077328145503998,-0.07011683285236359,0.2684187889099121,0.41787588596343994,-0.07963185012340546,0.2771367132663727,0.4689248502254486,-0.08171116560697556
0.29090452194213867,0.7994998097419739,1.8338688789754087e-07,0.3599005341529846,0.7701956033706665,-0.05333523452281952,0.41378840804100037,0.69367915391922,-0.08060360699892044,0.4058457314968109,0.6160316467285156,-0.10626150667667389,0.36560481786727905,0.5424850583076477,-0.13151779770851135,0.41152018308639526,0.49794644117355347,-0.03784658759832382,0.42977175116539,0.35355862975120544,-0.06597883999347687,0.4354649484157562,0.2643278241157532,-0.08985109627246857,0.43743202090263367,0.19372373819351196,-0.10835624486207962,0.35507142543792725,0.48588016629219055,-0.03513190522789955,0.36615172028541565,0.35436928272247314,-0.08641505241394043,0.36174488067626953,0.41033607721328735,-0.12079877406358719,0.35932695865631104,0.48149755597114563,-0.13474701344966888,0.2992360591888428,0.4933083653450012,-0.036806732416152954,0.3038727939128876,0.36291006207466125,-0.0812099426984787,0.3085499107837677,0.39891692996025085,-0.10371807217597961,0.3094835877418518,0.470000684261322,-0.10970554500818253,0.24463684856891632,0.5154215097427368,-0.04277879372239113,0.24558725953102112,0.40860816836357117,-0.07460059970617294,0.25897544622421265,0.4200723171234131,-0.0871904119849205,0.2666087746620178,0.4722185730934143,-0.090787872672081
0.2862798571586609,0.7997493743896484,2.003034467179532e-07,0.3569289743900299,0.7659898996353149,-0.05588977411389351,0.4074530005455017,0.684829831123352,-0.08205012232065201,0.3930244743824005,0.6016535758972168,-0.10583948343992233,0.35554030537605286,0.5255795121192932,-0.12892594933509827,0.40605470538139343,0.5012403130531311,-0.03688735514879227,0.42245054244995117,0.3536417484283447,-0.0641649067401886,0.4275320768356323,0.2643428146839142,-0.08869858086109161,0.42992281913757324,0.19184207916259766,-0.10827081650495529,0.3499496281147003,0.491157203912735,-0.03221484646201134,0.36036860942840576,0.3558562994003296,-0.08277346938848495,0.35723012685775757,0.40646517276763916,-0.11959812790155411,0.3558727204799652,0.47359490394592285,-0.13615016639232635,0.29475653171539307,0.4988981783390045,-0.03217862546443939,0.3007480204105377,0.366840660572052,-0.07705708593130112,0.30343616008758545,0.4005680978298187,-0.10296246409416199,0.3029727339744568,0.4700157344341278,-0.11163182556629181,0.24193575978279114,0.5202391743659973,-0.03656550496816635,0.24540725350379944,0.41282081604003906,-0.07009653002023697,0.25692451000213623,0.42473503947257996,-0.08567297458648682,0.2625114321708679,0.47741684317588806,-0.09167013317346573
0.2895967364311218,0.8001943826675415,1.7622140546791343e-07,0.35642895102500916,0.7690092325210571,-0.05177735537290573,0.4057469666004181,0.6898656487464905,-0.07738848030567169,0.3925144076347351,0.6166926622390747,-0.10144878923892975,0.35183000564575195,0.5497828722000122,-0.12489071488380432,0.40155044198036194,0.4966210722923279,-0.03565938025712967,0.4142574667930603,0.35043400526046753,-0.062169674783945084,0.4182150959968567,0.26107269525527954,-0.08548446744680405,0.4190596044063568,0.19038209319114685,-0.1040630117058754,0.3459666073322296,0.4880183935165405,-0.032887350767850876,0.355655312538147,0.3577302396297455,-0.08223273605108261,0.35595211386680603,0.4128490686416626,-0.11647918820381165,0.35636118054389954,0.48261475563049316,-0.1311841756105423,0.2920222878456116,0.49817392230033875,-0.034412164241075516,0.2964020371437073,0.3680671751499176,-0.0770597755908966,0.3032993972301483,0.4048522114753723,-0.09970457851886749,0.3055034875869751,0.4756714105606079,-0.10652228444814682,0.24013552069664001,0.5225772857666016,-0.040264490991830826,0.24248911440372467,0.41752347350120544,-0.07202066481113434,0.25677400827407837,0.42858684062957764,-0.08583789318799973,0.26524269580841064,0.4795093238353729,-0.09073641151189804
0.27302831411361694,0.800343930721283,2.542124093452003e-07,0.34320497512817383,0.7619595527648926,-0.04362256079912186,0.39195117354393005,0.6833094954490662,-0.06590435653924942,0.3745311200618744,0.6072878241539001,-0.08741537481546402,0.33036792278289795,0.5484246611595154,-0.10887382179498672,0.39673149585723877,0.5067245364189148,-0.03737781569361687,0.44957131147384644,0.3735022246837616,-0.06620457023382187,0.4775959551334381,0.2907271981239319,-0.08710168302059174,0.4962841868400574,0.22218134999275208,-0.10287487506866455,0.3351815342903137,0.4874817132949829,-0.0381949283182621,0.3376624882221222,0.359967976808548,-0.08907831460237503,0.3346647620201111,0.42236900329589844,-0.11471819132566452,0.3351365327835083,0.5000061988830566,-0.1216331347823143,0.27637940645217896,0.49343132972717285,-0.04257261008024216,0.27170976996421814,0.3679634630680084,-0.08544594049453735,0.2794337868690491,0.41154715418815613,-0.09675821661949158,0.28571444749832153,0.4819418787956238,-0.09438148140907288,0.22178664803504944,0.5200609564781189,-0.05069894716143608,0.21513214707374573,0.42379751801490784,-0.07993560284376144,0.23151355981826782,0.4364168047904968,-0.08573906868696213,0.24601095914840698,0.4826098084449768,-0.08352965861558914
0.25568634271621704,0.7962679862976074,3.637454426552722e-07,0.32361292839050293,0.7562162280082703,-0.05330117046833038,0.3662800192832947,0.6715503334999084,-0.08150489628314972,0.34594303369522095,0.5939080119132996,-0.10767465084791183,0.2981847822666168,0.5305238366127014,-0.1337479054927826,0.367748886346817,0.4839683175086975,-0.0485466867685318,0.42682820558547974,0.34973078966140747,-0.08321794122457504,0.460224449634552,0.262576162815094,-0.10836376994848251,0.48362618684768677,0.1965620219707489,-0.12649138271808624,0.3028876781463623,0.4701671004295349,-0.04668730869889259,0.29526135325431824,0.33299529552459717,-0.10338028520345688,0.2855845093727112,0.4039422273635864,-0.13096033036708832,0.28928428888320923,0.4860789179801941,-0.1375931054353714,0.24438199400901794,0.48381131887435913,-0.049308259040117264,0.230470672249794,0.3545106053352356,-0.09717492014169693,0.23296034336090088,0.3970053791999817,-0.11075544357299805,0.24083764851093292,0.46920815110206604,-0.10859974473714828,0.1944212168455124,0.5200616717338562,-0.05623802915215492,0.17848432064056396,0.42066800594329834,-0.08887609094381332,0.19008111953735352,0.43043145537376404,-0.09641579538583755,0.20564360916614532,0.4775379002094269,-0.09464766830205917
0.2611202001571655,0.8088942766189575,3.374984771653544e-07,0.33055970072746277,0.7677484750747681,-0.057672616094350815,0.3747360110282898,0.6809834241867065,-0.08863216638565063,0.35130929946899414,0.6015613079071045,-0.11709792166948318,0.2991347908973694,0.5409229397773743,-0.14513839781284332,0.3718096613883972,0.4809541702270508,-0.051353052258491516,0.4300841689109802,0.3401471972465515,-0.0891333594918251,0.4628728926181793,0.25183364748954773,-0.11734863370656967,0.4888266921043396,0.17965269088745117,-0.13802433013916016,0.30653685331344604,0.47127267718315125,-0.04869220405817032,0.30180448293685913,0.3384215533733368,-0.10944367945194244,0.2906332314014435,0.4166582226753235,-0.1396941989660263,0.29471296072006226,0.49737006425857544,-0.14781607687473297,0.24555586278438568,0.48687151074409485,-0.05081597715616226,0.23554381728172302,0.35850661993026733,-0.10316722095012665,0.23648938536643982,0.410883367061615,-0.11608512699604034,0.24452969431877136,0.4850064814090729,-0.11246442049741745,0.19317516684532166,0.5249287486076355,-0.057667531073093414,0.17594899237155914,0.4239710569381714,-0.09353376924991608,0.18673917651176453,0.44045448303222656,-0.09997697174549103,0.20246687531471252,0.49017584323883057,-0.09653507173061371
0.2868608832359314,0.7983516454696655,3.108797272943775e-07,0.36679697036743164,0.7515294551849365,-0.05367773026227951,0.4116862714290619,0.6606911420822144,-0.08249647170305252,0.3878960609436035,0.5784446001052856,-0.1102437749505043,0.3312843441963196,0.5203724503517151,-0.13880527019500732,0.3958283066749573,0.4519890248775482,-0.04600346088409424,0.4444027245044708,0.29778194427490234,-0.08191578835248947,0.4753884971141815,0.20081451535224915,-0.11209792643785477,0.49665567278862,0.12253645062446594,-0.1350686103105545,0.3254506587982178,0.44594451785087585,-0.04503155127167702,0.31844598054885864,0.3086360692977905,-0.10170207172632217,0.31532004475593567,0.3875111937522888,-0.13339680433273315,0.3235449492931366,0.46451011300086975,-0.14488470554351807,0.26281899213790894,0.4656752347946167,-0.048579324036836624,0.24810843169689178,0.33326244354248047,-0.0954887866973877,0.2556876540184021,0.38486427068710327,-0.1106630265712738,0.26821011304855347,0.4624252915382385,-0.11131386458873749,0.21044981479644775,0.508470892906189,-0.05676909536123276,0.19519010186195374,0.4041915535926819,-0.08819840848445892,0.20869842171669006,0.4194929599761963,-0.09505180269479752,0.22560282051563263,0.47432586550712585,-0.09415902942419052
0.3156074285507202,0.8124828338623047,3.296746626801905e-07,0.3965613842010498,0.7642680406570435,-0.057792119681835175,0.4494422972202301,0.6738041043281555,-0.08785159885883331,0.43035638332366943,0.5851361155509949,-0.11627642065286636,0.3722071945667267,0.5193734169006348,-0.1452905237674713,0.43464386463165283,0.45581281185150146,-0.04486241191625595,0.49235355854034424,0.3048817217350006,-0.08030810952186584,0.5254735350608826,0.21364149451255798,-0.10991337895393372,0.550095796585083,0.1344970166683197,-0.13313956558704376,0.3653368651866913,0.4458445608615875,-0.042601656168699265,0.3575889468193054,0.3034747838973999,-0.10083332657814026,0.3522106111049652,0.3810807764530182,-0.13534832000732422,0.3582116961479187,0.4589563310146332,-0.14869095385074615,0.3008604347705841,0.4630188047885895,-0.04511996731162071,0.28772464394569397,0.32744100689888,-0.09607280790805817,0.29528623819351196,0.386249303817749,-0.1116410344839096,0.3067839443683624,0.46760162711143494,-0.11129079759120941,0.24453674256801605,0.504347026348114,-0.05254654958844185,0.23192811012268066,0.40001362562179565,-0.08855098485946655,0.2472691684961319,0.42260101437568665,-0.09626889228820801,0.2642834782600403,0.4804447889328003,-0.09470171481370926
0.3305046558380127,0.8149803876876831,2.004049690640386e-07,0.417805552482605,0.772214412689209,-0.04607173055410385,0.47336968779563904,0.69029700756073,-0.07442306727170944,0.4685894846916199,0.6040341854095459,-0.10227333009243011,0.4079177975654602,0.5388890504837036,-0.1313408762216568,0.4614240229129791,0.46479833126068115,-0.04989280924201012,0.530967652797699,0.31868356466293335,-0.08846744894981384,0.573711633682251,0.23382282257080078,-0.12027210742235184,0.602246105670929,0.1546335518360138,-0.14551715552806854,0.38783493638038635,0.4552709460258484,-0.05211115628480911,0.38092926144599915,0.326580286026001,-0.10903862118721008,0.3800128698348999,0.42579856514930725,-0.13652798533439636,0.38359498977661133,0.5041725635528564,-0.14756277203559875,0.32294127345085144,0.47333502769470215,-0.057489063590765,0.3048208951950073,0.34276944398880005,-0.10498711466789246,0.322490930557251,0.42976492643356323,-0.10697285085916519,0.33813709020614624,0.5141822695732117,-0.10036887973546982,0.26434504985809326,0.520413875579834,-0.06690400093793869,0.2546195387840271,0.4234122931957245,-0.09957712143659592,0.27567631006240845,0.46868446469306946,-0.09683815389871597,0.29644864797592163,0.5306822657585144,-0.08920846879482269
0.3316625952720642,0.8275925517082214,1.8820237812633422e-07,0.41834720969200134,0.7864565849304199,-0.04125838726758957,0.47381874918937683,0.7158417701721191,-0.06885641813278198,0.4791601598262787,0.6411035656929016,-0.09724174439907074,0.42373353242874146,0.5766336917877197,-0.12650524079799652,0.4634762406349182,0.482538640499115,-0.046952392905950546,0.5364564061164856,0.3332582414150238,-0.08710788935422897,0.5816704034805298,0.24608099460601807,-0.11929542571306229,0.609272837638855,0.16317230463027954,-0.14412710070610046,0.3886529505252838,0.4736500382423401,-0.05170552432537079,0.3849906027317047,0.35026830434799194,-0.10991228371858597,0.38700929284095764,0.4591706693172455,-0.13424678146839142,0.3904553949832916,0.5419107675552368,-0.14260336756706238,0.3233734965324402,0.4909060001373291,-0.059785470366477966,0.30774325132369995,0.3610718846321106,-0.1082916110754013,0.3274115324020386,0.46012651920318604,-0.10530464351177216,0.3435421586036682,0.5473779439926147,-0.09465563297271729,0.2650128901004791,0.5371768474578857,-0.07170840352773666,0.25689396262168884,0.4399656653404236,-0.10393019020557404,0.2792161703109741,0.49441245198249817,-0.09718172997236252,0.30055490136146545,0.5584442615509033,-0.08622186630964279
0.3204878270626068,0.8376944661140442,2.2354424800141715e-07,0.4047522246837616,0.7927358150482178,-0.04427621141076088,0.46010011434555054,0.7151978015899658,-0.07271905988454819,0.4518454670906067,0.6398458480834961,-0.1011340320110321,0.3895840346813202,0.5806126594543457,-0.1302068531513214,0.4514155387878418,0.48944732546806335,-0.0480656661093235,0.527009129524231,0.3436667323112488,-0.08861231058835983,0.5743336081504822,0.2597914934158325,-0.12146653234958649,0.6062139272689819,0.1787007749080658,-0.14679232239723206,0.374738484621048,0.4786502718925476,-0.05168517306447029,0.3713016211986542,0.3548543453216553,-0.11087076365947723,0.37100106477737427,0.4650377333164215,-0.1365904062986374,0.37381309270858765,0.5490177869796753,-0.14537890255451202,0.30835890769958496,0.4929761588573456,-0.05875265598297119,0.2927275002002716,0.3636910319328308,-0.10953660309314728,0.31008124351501465,0.4674510955810547,-0.10809130221605301,0.323873370885849,0.5570583939552307,-0.09748979657888412,0.24975594878196716,0.5357613563537598,-0.06971271336078644,0.24086977541446686,0.4412057399749756,-0.10396462678909302,0.2630861699581146,0.5011895298957825,-0.09781326353549957,0.28349578380584717,0.5669491291046143,-0.08657181262969971
0.3137475848197937,0.8369269967079163,2.982205558055284e-07,0.3934410810470581,0.7957381010055542,-0.05108441412448883,0.44809964299201965,0.71882563829422,-0.08195070922374725,0.4368794560432434,0.6475206613540649,-0.11182501912117004,0.38240909576416016,0.5852475762367249,-0.14165759086608887,0.4421728849411011,0.4924147129058838,-0.05230114236474037,0.521216869354248,0.3518880605697632,-0.09388764947652817,0.5683854818344116,0.2702387571334839,-0.12589094042778015,0.602174699306488,0.1937352418899536,-0.14997074007987976,0.3662623167037964,0.48105889558792114,-0.05361740291118622,0.36094945669174194,0.35965144634246826,-0.11598754674196243,0.3586386442184448,0.4658668041229248,-0.14247502386569977,0.3639412224292755,0.5506220459938049,-0.1501658409833908,0.29942047595977783,0.49538135528564453,-0.059290118515491486,0.2840528190135956,0.36855077743530273,-0.11550258100032806,0.2995544373989105,0.4681932330131531,-0.11687485128641129,0.314655065536499,0.5571362376213074,-0.1059192419052124,0.2428971529006958,0.5367656350135803,-0.06928711384534836,0.23349891602993011,0.4457809627056122,-0.1097625344991684,0.2557230591773987,0.5034282207489014,-0.10775176435709,0.2776285409927368,0.5671331286430359,-0.09754687547683716
0.3138977885246277,0.8374189138412476,3.2254149573418545e-07,0.39345139265060425,0.7983733415603638,-0.053476206958293915,0.4493168592453003,0.7226666212081909,-0.08630067110061646,0.43530699610710144,0.6493203639984131,-0.11752544343471527,0.3775654435157776,0.5871429443359375,-0.1487509310245514,0.44338130950927734,0.49456048011779785,-0.05485010892152786,0.5206857919692993,0.3556857705116272,-0.09711173921823502,0.5679159760475159,0.27494239807128906,-0.13020405173301697,0.6016532182693481,0.19947943091392517,-0.15496593713760376,0.3679370880126953,0.4836587607860565,-0.05499694496393204,0.3629756569862366,0.3590957522392273,-0.11710260063409805,0.36107441782951355,0.4658481478691101,-0.14417679607868195,0.3656519949436188,0.550641655921936,-0.15218216180801392,0.30202656984329224,0.49753978848457336,-0.05956533923745155,0.28603798151016235,0.36777496337890625,-0.11525722593069077,0.30117321014404297,0.4674636125564575,-0.11691433191299438,0.3144192397594452,0.557486355304718,-0.10622726380825043,0.24576613306999207,0.5386208891868591,-0.06859062612056732,0.23620474338531494,0.446987509727478,-0.10884711146354675,0.25739607214927673,0.5048217177391052,-0.1067974716424942,0.2767992913722992,0.5697101354598999,-0.09661371260881424
0.3274240791797638,0.8354237079620361,2.1952760675958416e-07,0.40867307782173157,0.8031802177429199,-0.04258629307150841,0.469804584980011,0.7366342544555664,-0.07034250348806381,0.46396589279174805,0.6644312739372253,-0.0984167531132698,0.40802502632141113,0.6061545610427856,-0.12712399661540985,0.47236353158950806,0.506129801273346,-0.043850939720869064,0.5525428056716919,0.37530970573425293,-0.08284489810466766,0.6016359925270081,0.2977849245071411,-0.11516828089952469,0.6364070177078247,0.22250843048095703,-0.14012373983860016,0.40178948640823364,0.49203771352767944,-0.04810818284749985,0.40188106894493103,0.3767513632774353,-0.10593214631080627,0.3942311406135559,0.4787229001522064,-0.13272736966609955,0.39259639382362366,0.5604676604270935,-0.14210182428359985,0.3371361196041107,0.5048735737800598,-0.055625755339860916,0.3292478919029236,0.3818216919898987,-0.10606428980827332,0.3386640250682831,0.47767433524131775,-0.1052725613117218,0.34722310304641724,0.5636671781539917,-0.09461037069559097,0.2781497538089752,0.5456972718238831,-0.06689237058162689,0.27398186922073364,0.4584577977657318,-0.10275673866271973,0.29209017753601074,0.513887882232666,-0.09776332974433899,0.3092159032821655,0.5768604278564453,-0.0862957015633583
0.3340495824813843,0.8335859775543213,2.090095279072557e-07,0.4162014424800873,0.80180823802948,-0.041173942387104034,0.47491246461868286,0.7397611141204834,-0.07032140344381332,0.4725371301174164,0.6663221120834351,-0.10030531138181686,0.4171466529369354,0.6049462556838989,-0.13108570873737335,0.4832957088947296,0.5119917392730713,-0.04757465049624443,0.5652782320976257,0.37752366065979004,-0.08708207309246063,0.6142686009407043,0.29603803157806396,-0.11802945286035538,0.6452230215072632,0.21735268831253052,-0.14191791415214539,0.41066214442253113,0.49753180146217346,-0.05263996124267578,0.41077935695648193,0.3833431899547577,-0.11149106919765472,0.40418463945388794,0.49201300740242004,-0.13503777980804443,0.4030230939388275,0.5758200287818909,-0.14206215739250183,0.3459220230579376,0.5097270607948303,-0.060752060264348984,0.338783860206604,0.38600844144821167,-0.11106518656015396,0.34914445877075195,0.4884634017944336,-0.10634861141443253,0.3586297631263733,0.5763204097747803,-0.09333278238773346,0.2866372764110565,0.5501904487609863,-0.07262714207172394,0.28621020913124084,0.4634835124015808,-0.10714749991893768,0.30490466952323914,0.5226936936378479,-0.09976720809936523,0.32301443815231323,0.5867661237716675,-0.08701294660568237
0.3335344195365906,0.8466911315917969,1.7977158961457462e-07,0.4166899025440216,0.821336030960083,-0.04245175048708916,0.48100826144218445,0.7683138251304626,-0.07400678098201752,0.48620274662971497,0.7054708003997803,-0.10728681087493896,0.42934295535087585,0.6504351496696472,-0.14162041246891022,0.4855903387069702,0.524281919002533,-0.04688449203968048,0.5630216002464294,0.38120537996292114,-0.08947427570819855,0.6107410192489624,0.29470759630203247,-0.12374336272478104,0.6407055258750916,0.21174919605255127,-0.1500263512134552,0.41150790452957153,0.5118838548660278,-0.05341408774256706,0.4141021966934204,0.3993975520133972,-0.11867956817150116,0.4065954089164734,0.5150774717330933,-0.14635951817035675,0.40568941831588745,0.6019988656044006,-0.15475544333457947,0.3458962142467499,0.5226234793663025,-0.06333054602146149,0.34148672223091125,0.40048253536224365,-0.11892557144165039,0.3518577814102173,0.5105859041213989,-0.11686258018016815,0.3630133867263794,0.6046119928359985,-0.10418876260519028,0.2873367369174957,0.5609337091445923,-0.07717958837747574,0.28545448184013367,0.47923755645751953,-0.11567274481058121,0.3045322895050049,0.5459610223770142,-0.11020710319280624,0.32519105076789856,0.6150975227355957,-0.09795910120010376
0.3398303687572479,0.8362740278244019,1.5732518932054518e-07,0.42511940002441406,0.8105788230895996,-0.041252199560403824,0.48777833580970764,0.7545648217201233,-0.07020378857851028,0.488971471786499,0.6865441203117371,-0.10036560893058777,0.43311625719070435,0.6283486485481262,-0.13131840527057648,0.4953211545944214,0.5162283778190613,-0.04316291958093643,0.5700230598449707,0.3731674253940582,-0.08306527137756348,0.6162183284759521,0.2878822088241577,-0.11598560959100723,0.6432982087135315,0.20603272318840027,-0.14176054298877716,0.42082899808883667,0.5032156109809875,-0.048733752220869064,0.42457255721092224,0.3917887210845947,-0.11088074743747711,0.4172215461730957,0.5067976713180542,-0.13743136823177338,0.41506850719451904,0.5908309817314148,-0.14594613015651703,0.3546355962753296,0.5152562856674194,-0.05768653005361557,0.3522091507911682,0.39483922719955444,-0.11025620251893997,0.3614206612110138,0.503643810749054,-0.10778310894966125,0.3707195222377777,0.5944913625717163,-0.09593299776315689,0.2944893538951874,0.5561149716377258,-0.07041651755571365,0.29713574051856995,0.4740634262561798,-0.10605975985527039,0.3150516748428345,0.5381230711936951,-0.09990889579057693,0.3338388204574585,0.6040678024291992,-0.08822058886289597
0.33484309911727905,0.8371647596359253,1.311686190774708e-07,0.41942235827445984,0.8117574453353882,-0.039380550384521484,0.4858623147010803,0.7598353028297424,-0.06809460371732712,0.48729008436203003,0.6946878433227539,-0.09849312156438828,0.4274260401725769,0.6406164169311523,-0.13023774325847626,0.49058806896209717,0.5232928395271301,-0.04623204097151756,0.5686559677124023,0.3802948594093323,-0.08976628631353378,0.617595374584198,0.29376929998397827,-0.12716099619865417,0.6469526886940002,0.2098507285118103,-0.15612809360027313,0.4158196747303009,0.5128552317619324,-0.05357486009597778,0.42057132720947266,0.40363460779190063,-0.11952359974384308,0.4120001196861267,0.5197059512138367,-0.14948180317878723,0.4101596772670746,0.6054756045341492,-0.1604985147714615,0.35034966468811035,0.5238527059555054,-0.06393653899431229,0.3484375476837158,0.40245872735977173,-0.11804565787315369,0.3552054464817047,0.5107205510139465,-0.11628785729408264,0.36414623260498047,0.6024352312088013,-0.10510210692882538,0.2915228605270386,0.5609067678451538,-0.07801898568868637,0.2947234511375427,0.4770377278327942,-0.11305475980043411,0.31101545691490173,0.5426815748214722,-0.10588378459215164,0.3298488259315491,0.6094760894775391,-0.0937967449426651
0.33648425340652466,0.8399407863616943,2.2774685248805326e-07,0.41704270243644714,0.8172082901000977,-0.04771982133388519,0.4862139821052551,0.7629470229148865,-0.08074469119310379,0.4850323498249054,0.7007108330726624,-0.11452984809875488,0.4307301342487335,0.6491338014602661,-0.14882993698120117,0.4863940179347992,0.5194061994552612,-0.05116107687354088,0.5629467368125916,0.37212955951690674,-0.09300804883241653,0.6085426211357117,0.2822135090827942,-0.1244046539068222,0.6373301148414612,0.19991782307624817,-0.14800181984901428,0.4125116467475891,0.5090888142585754,-0.055647112429142,0.41487404704093933,0.4041731357574463,-0.12409470975399017,0.41079068183898926,0.5177906155586243,-0.152009978890419,0.4116840958595276,0.6062073707580566,-0.15862105786800385,0.3468126654624939,0.5197256207466125,-0.06380119174718857,0.34400802850723267,0.40634214878082275,-0.1233258992433548,0.35629037022590637,0.5129866003990173,-0.12243784964084625,0.3666391968727112,0.6031780242919922,-0.10866653174161911,0.2892642021179199,0.5552269816398621,-0.0762145072221756,0.28919076919555664,0.47665226459503174,-0.11713960766792297,0.30971506237983704,0.5442601442337036,-0.11235208064317703,0.3286963999271393,0.6108313202857971,-0.09926498681306839
0.33619198203086853,0.8402458429336548,2.0547949475258065e-07,0.41738855838775635,0.8175768852233887,-0.04849528521299362,0.4874798655509949,0.7599527835845947,-0.08071772009134293,0.47857773303985596,0.6978314518928528,-0.11323438584804535,0.4200003147125244,0.648707389831543,-0.14637193083763123,0.4838557839393616,0.5199353694915771,-0.05174718052148819,0.5541166067123413,0.3702026903629303,-0.09451991319656372,0.5977243781089783,0.27963945269584656,-0.12750540673732758,0.6248434782028198,0.19653582572937012,-0.15261678397655487,0.4095136821269989,0.5104215145111084,-0.055765535682439804,0.4105321168899536,0.4042925238609314,-0.1259647160768509,0.4068286120891571,0.520393431186676,-0.15563535690307617,0.4071713089942932,0.6113958954811096,-0.16364014148712158,0.34383511543273926,0.5219046473503113,-0.06361966580152512,0.33916497230529785,0.4047839045524597,-0.12531031668186188,0.35006219148635864,0.5150457620620728,-0.12585318088531494,0.3596988916397095,0.6075804233551025,-0.1129501536488533,0.285943865776062,0.5575791597366333,-0.0756043866276741,0.2837248146533966,0.47858744859695435,-0.11841940134763718,0.3031708002090454,0.5489209890365601,-0.11505357921123505,0.32210153341293335,0.6158644556999207,-0.1031973585486412
0.33546075224876404,0.8368299007415771,2.1355920409860119e-07,0.41634076833724976,0.8138822317123413,-0.05068417266011238,0.48653343319892883,0.7607600688934326,-0.08591405302286148,0.47584304213523865,0.6992123126983643,-0.12178201228380203,0.4143112003803253,0.6509796380996704,-0.15826882421970367,0.4797869324684143,0.5138134360313416,-0.05209257826209068,0.5437716245651245,0.3622055947780609,-0.09491320699453354,0.5835394859313965,0.2706860303878784,-0.1267033815383911,0.6080352067947388,0.18784251809120178,-0.1506124585866928,0.40373557806015015,0.5038659572601318,-0.05564918369054794,0.40367764234542847,0.39706951379776,-0.12427511066198349,0.3998868465423584,0.513717770576477,-0.15157219767570496,0.40147027373313904,0.6019415855407715,-0.15783672034740448,0.3382408320903778,0.5150730609893799,-0.06344621628522873,0.3309219479560852,0.39748743176460266,-0.12332151085138321,0.34250253438949585,0.5068474411964417,-0.12154491990804672,0.35247114300727844,0.5986276865005493,-0.1071978211402893,0.27991724014282227,0.5511708855628967,-0.07579150795936584,0.2750645875930786,0.46664389967918396,-0.11684412509202957,0.29561087489128113,0.5347043871879578,-0.11156779527664185,0.31536179780960083,0.6023516654968262,-0.09841584414243698
0.33598998188972473,0.8392741084098816,1.2238686508680985e-07,0.41987505555152893,0.814130425453186,-0.04625348001718521,0.489651620388031,0.7641396522521973,-0.07958007603883743,0.48185428977012634,0.7008436322212219,-0.11469145119190216,0.41651955246925354,0.6550444960594177,-0.1506546288728714,0.47780752182006836,0.5082285404205322,-0.04417756572365761,0.5256316661834717,0.3520277142524719,-0.0870506763458252,0.5576850175857544,0.2578161656856537,-0.12033239752054214,0.5759661197662354,0.1725681722164154,-0.14523668587207794,0.4009643495082855,0.502419114112854,-0.04934190213680267,0.4020191431045532,0.39673665165901184,-0.11670613288879395,0.39712196588516235,0.5193799734115601,-0.1434042751789093,0.39898455142974854,0.6073789596557617,-0.14923113584518433,0.33568307757377625,0.515851616859436,-0.05881253629922867,0.3274916708469391,0.39774730801582336,-0.11560655385255814,0.3352765738964081,0.5112959146499634,-0.11109447479248047,0.34453409910202026,0.6052163243293762,-0.09544867277145386,0.27681875228881836,0.5545719265937805,-0.07279734313488007,0.2713974714279175,0.4652961492538452,-0.10982000827789307,0.287863552570343,0.5354732275009155,-0.10125677287578583,0.3064756989479065,0.6059287786483765,-0.0864270031452179
0.3323875069618225,0.8401709794998169,-2.4783528118632603e-08,0.4173070192337036,0.8126145005226135,-0.04682422801852226,0.484186589717865,0.7678368091583252,-0.08191075176000595,0.47555625438690186,0.7106624841690063,-0.11752527952194214,0.4056203365325928,0.6695802211761475,-0.15340816974639893,0.4657784104347229,0.5036657452583313,-0.05055639520287514,0.4833696484565735,0.33513742685317993,-0.09837270528078079,0.49616676568984985,0.23271480202674866,-0.1384454071521759,0.4987107515335083,0.1425355076789856,-0.1678452044725418,0.38879942893981934,0.5070841312408447,-0.05440085008740425,0.38697028160095215,0.40049663186073303,-0.12470933794975281,0.382834255695343,0.5313327312469482,-0.1547795832157135,0.3858661353588104,0.6221661567687988,-0.16355986893177032,0.32422447204589844,0.5218228697776794,-0.06236874312162399,0.3144763112068176,0.3997619152069092,-0.11907831579446793,0.3196812570095062,0.5157429575920105,-0.11571529507637024,0.33025580644607544,0.6132478713989258,-0.1017899140715599,0.26763513684272766,0.5579811334609985,-0.07474163919687271,0.25771355628967285,0.46672964096069336,-0.10950535535812378,0.271758109331131,0.5395617485046387,-0.09977998584508896,0.291193425655365,0.6096187829971313,-0.08523325622081757
0.33236122131347656,0.842595636844635,2.7101840771592833e-08,0.41217803955078125,0.8201420307159424,-0.04898478090763092,0.4813631772994995,0.7713371515274048,-0.08629687130451202,0.4736230969429016,0.7146689295768738,-0.1246715858578682,0.4066719710826874,0.6722044944763184,-0.16305527091026306,0.46147531270980835,0.5033440589904785,-0.050841834396123886,0.4816456437110901,0.33500605821609497,-0.0977778285741806,0.4955310523509979,0.23153579235076904,-0.1346966177225113,0.5008273720741272,0.14199364185333252,-0.16147680580615997,0.3858565092086792,0.5065739154815674,-0.05511828511953354,0.38584470748901367,0.4041224718093872,-0.12653201818466187,0.38256946206092834,0.5323656797409058,-0.15469881892204285,0.38631412386894226,0.6234378814697266,-0.1605428159236908,0.3222021460533142,0.521499514579773,-0.063788041472435,0.31423020362854004,0.397887259721756,-0.12313312292098999,0.31927263736724854,0.5129464268684387,-0.1168830469250679,0.3286304771900177,0.6105821132659912,-0.09931353479623795,0.26735618710517883,0.5561021566390991,-0.07726530730724335,0.25789573788642883,0.4669211506843567,-0.11584687978029251,0.27144747972488403,0.5417788624763489,-0.10562451928853989,0.28940075635910034,0.6132829785346985,-0.08877633512020111
0.3314412534236908,0.8452514410018921,8.595896910934542e-11,0.4125083386898041,0.8154780864715576,-0.04756898432970047,0.47898030281066895,0.7693287134170532,-0.08447124809026718,0.47012871503829956,0.7123534679412842,-0.1227768063545227,0.40362805128097534,0.6702330708503723,-0.1611206829547882,0.46124956011772156,0.5022920370101929,-0.04630278795957565,0.4752262830734253,0.3357417583465576,-0.09280863404273987,0.48417115211486816,0.23222798109054565,-0.1304011344909668,0.4847353994846344,0.1432633101940155,-0.1575017124414444,0.38475164771080017,0.5065035820007324,-0.05053059756755829,0.3827058970928192,0.40003103017807007,-0.11987744271755219,0.37968137860298157,0.531432569026947,-0.1476798951625824,0.3839186429977417,0.6221523284912109,-0.15350203216075897,0.3202183246612549,0.5219447612762451,-0.059298839420080185,0.3111104965209961,0.3993270993232727,-0.11675754189491272,0.31582561135292053,0.5167981386184692,-0.11086100339889526,0.32517769932746887,0.6152468919754028,-0.09383095055818558,0.2639465630054474,0.5576730370521545,-0.07274895906448364,0.25507134199142456,0.4659371078014374,-0.10889948904514313,0.26747366786003113,0.5419995784759521,-0.09777141362428665,0.285085529088974,0.6147198677062988,-0.08085125684738159
0.33056768774986267,0.8447799682617188,3.311128082827963e-08,0.4088532030582428,0.8221871852874756,-0.05255277082324028,0.47716134786605835,0.7716185450553894,-0.09097696840763092,0.4678814113140106,0.7164384722709656,-0.12995651364326477,0.4028758406639099,0.6737887859344482,-0.1683797836303711,0.4560283124446869,0.5037566423416138,-0.05088328570127487,0.4708133637905121,0.33505237102508545,-0.09792666137218475,0.4793808162212372,0.22999265789985657,-0.133946031332016,0.4814317226409912,0.14016613364219666,-0.15973228216171265,0.38080471754074097,0.5068352222442627,-0.05386507138609886,0.3801923096179962,0.4028393626213074,-0.1270003765821457,0.37592077255249023,0.532247006893158,-0.15497907996177673,0.37964823842048645,0.6247214674949646,-0.15917572379112244,0.3171035051345825,0.5209369659423828,-0.061789289116859436,0.30863964557647705,0.40089917182922363,-0.12340618669986725,0.3123028874397278,0.5169966816902161,-0.11761225759983063,0.320758193731308,0.6140387058258057,-0.09881726652383804,0.26248958706855774,0.553269624710083,-0.07483184337615967,0.252189040184021,0.46622735261917114,-0.11468004435300827,0.2646659314632416,0.5422913432121277,-0.10476533323526382,0.28134945034980774,0.6135355234146118,-0.08724549412727356
0.33102157711982727,0.8452526330947876,-1.9819839991441768e-08,0.41079673171043396,0.8196001648902893,-0.04841431975364685,0.4759305417537689,0.7762022614479065,-0.08706691861152649,0.472507119178772,0.7203696966171265,-0.12709370255470276,0.4055141806602478,0.6741058230400085,-0.16707924008369446,0.45876726508140564,0.5048204660415649,-0.05125817283987999,0.4703829288482666,0.33362939953804016,-0.10073786228895187,0.47673237323760986,0.22732895612716675,-0.14001017808914185,0.47459375858306885,0.13721781969070435,-0.16788102686405182,0.38264530897140503,0.510165810585022,-0.05522613599896431,0.3804987072944641,0.4047321379184723,-0.1268201470375061,0.3758409023284912,0.5364850759506226,-0.15482553839683533,0.3801262080669403,0.6261416077613831,-0.16078701615333557,0.31847381591796875,0.5243635773658752,-0.06373655050992966,0.3088972568511963,0.40077686309814453,-0.12208054214715958,0.31191444396972656,0.5184355974197388,-0.11553677171468735,0.321510910987854,0.6178019642829895,-0.09825942665338516,0.2622971832752228,0.5574977397918701,-0.07703512161970139,0.2519533038139343,0.46923449635505676,-0.11405468732118607,0.26424065232276917,0.5452946424484253,-0.10336536169052124,0.283406138420105,0.617309033870697,-0.08669422566890717
0.33236297965049744,0.8454220294952393,-3.293810735272018e-08,0.4121496081352234,0.8196283578872681,-0.04759778827428818,0.48044300079345703,0.7717171907424927,-0.0854480192065239,0.4701671302318573,0.7162747383117676,-0.12485717236995697,0.40419313311576843,0.6763795614242554,-0.1642570197582245,0.4580147862434387,0.5021067261695862,-0.05019837245345116,0.46527180075645447,0.3298712968826294,-0.0984121784567833,0.4685659408569336,0.22527647018432617,-0.1357080191373825,0.4658251702785492,0.13649481534957886,-0.16212306916713715,0.38153186440467834,0.507998526096344,-0.05535486713051796,0.3823498487472534,0.40632420778274536,-0.12767595052719116,0.378474622964859,0.5370295643806458,-0.1553848385810852,0.3810182213783264,0.628022313117981,-0.160433828830719,0.31678617000579834,0.5233187675476074,-0.06491266191005707,0.3092924952507019,0.4013165533542633,-0.12503120303153992,0.3139828145503998,0.5193313360214233,-0.11859326809644699,0.32248303294181824,0.6190980672836304,-0.10041159391403198,0.25962045788764954,0.5572676658630371,-0.07909990102052689,0.25094106793403625,0.4672407805919647,-0.11758168786764145,0.2652682065963745,0.5442396402359009,-0.10662387311458588,0.2835959196090698,0.6167788505554199,-0.08903820812702179
0.3322964310646057,0.8403604030609131,-3.212750598891034e-08,0.41253089904785156,0.8189210891723633,-0.05003012716770172,0.4799598157405853,0.7759110331535339,-0.09045163542032242,0.4765837490558624,0.7224026918411255,-0.1321546882390976,0.4102623462677002,0.6803598403930664,-0.17377948760986328,0.45761293172836304,0.5021771788597107,-0.053594935685396194,0.4578422009944916,0.3322199583053589,-0.10245475172996521,0.4565649926662445,0.2260850965976715,-0.13889256119728088,0.4492436349391937,0.1386689841747284,-0.1642581820487976,0.3821127116680145,0.5091067552566528,-0.057554394006729126,0.3803386688232422,0.4069763123989105,-0.129148930311203,0.37705177068710327,0.5375391840934753,-0.15500059723854065,0.3808939456939697,0.625888466835022,-0.15878617763519287,0.31825268268585205,0.5243001580238342,-0.06622783094644547,0.3091046214103699,0.4038395881652832,-0.12620647251605988,0.31376728415489197,0.5211333632469177,-0.1188540980219841,0.3228168785572052,0.6191928386688232,-0.10020915418863297,0.2620614469051361,0.5577113032341003,-0.07975702732801437,0.2515462040901184,0.4695150852203369,-0.1180180236697197,0.26572084426879883,0.5463643074035645,-0.10713139921426773,0.2847069203853607,0.6184505820274353,-0.08992499113082886
0.330854594707489,0.8449486494064331,-3.895894806760225e-08,0.4075252413749695,0.8211555480957031,-0.051676537841558456,0.4742276966571808,0.7765387296676636,-0.09377428144216537,0.4674513041973114,0.7253741025924683,-0.13672788441181183,0.402103990316391,0.6851930022239685,-0.1793023943901062,0.452177494764328,0.5034062266349792,-0.056405577808618546,0.4493640959262848,0.33410924673080444,-0.10744631290435791,0.44485899806022644,0.22845983505249023,-0.14610856771469116,0.4359065294265747,0.1405206322669983,-0.17310622334480286,0.37786465883255005,0.5114256739616394,-0.060089923441410065,0.37620022892951965,0.4110337197780609,-0.13393069803714752,0.3719281554222107,0.542671263217926,-0.16098333895206451,0.3758924603462219,0.6313490867614746,-0.1653156280517578,0.3142574429512024,0.5263625979423523,-0.06862152367830276,0.3045693039894104,0.4090152680873871,-0.12992027401924133,0.3088735044002533,0.5260002613067627,-0.12249261140823364,0.31881457567214966,0.6248310208320618,-0.10356640070676804,0.2586795687675476,0.5582051873207092,-0.08223450183868408,0.24637141823768616,0.47318485379219055,-0.12149770557880402,0.2606026530265808,0.5504978895187378,-0.11048164963722229,0.280273973941803,0.6224870085716248,-0.0928063914179802
0.3274732232093811,0.8436291217803955,-4.9993264639169865e-08,0.4028322696685791,0.8186712861061096,-0.05058775842189789,0.4654850363731384,0.7781276702880859,-0.09363102912902832,0.46349671483039856,0.7298897504806519,-0.1378025859594345,0.4005967378616333,0.6884418725967407,-0.18155768513679504,0.45007726550102234,0.5036002397537231,-0.05681438371539116,0.4461301565170288,0.33170855045318604,-0.10850658267736435,0.4409797787666321,0.22414952516555786,-0.14815887808799744,0.4304424226284027,0.13688147068023682,-0.1758732944726944,0.3750809133052826,0.5127216577529907,-0.0610659122467041,0.3736256957054138,0.41206881403923035,-0.13582143187522888,0.3674164414405823,0.546371340751648,-0.1633004993200302,0.37149861454963684,0.6339336037635803,-0.16825059056282043,0.3115224838256836,0.5276888012886047,-0.0700138658285141,0.3030514419078827,0.4121040403842926,-0.13016507029533386,0.3059578537940979,0.5294445753097534,-0.12222235649824142,0.31640997529029846,0.6289807558059692,-0.10374212265014648,0.25584930181503296,0.5603632926940918,-0.08410222083330154,0.24561874568462372,0.47654253244400024,-0.12187238782644272,0.25847670435905457,0.5530855059623718,-0.11049150675535202,0.2783190906047821,0.6246665716171265,-0.09325423091650009
0.3286805748939514,0.8406437635421753,-5.237614075781494e-08,0.4041065573692322,0.8208599090576172,-0.05286863446235657,0.4690536558628082,0.7776593565940857,-0.09559847414493561,0.46225664019584656,0.7293810248374939,-0.13906241953372955,0.39772143959999084,0.6888465881347656,-0.1820809543132782,0.4470784664154053,0.501517117023468,-0.0571415051817894,0.441203773021698,0.3323574662208557,-0.1087399572134018,0.4329577684402466,0.22693827748298645,-0.1475222110748291,0.42146897315979004,0.13973921537399292,-0.17445887625217438,0.3728366196155548,0.5094810128211975,-0.06054816022515297,0.36893633008003235,0.4143216013908386,-0.13649509847164154,0.36505040526390076,0.5457955598831177,-0.1643282026052475,0.3698972463607788,0.6362412571907043,-0.1685175597667694,0.3095209300518036,0.5253422856330872,-0.06899508833885193,0.29837721586227417,0.41397374868392944,-0.1316005140542984,0.30272865295410156,0.5301709771156311,-0.12489642202854156,0.3130814731121063,0.628248929977417,-0.10587166249752045,0.2545802891254425,0.557172417640686,-0.08267588168382645,0.2413705289363861,0.4765551686286926,-0.1227065771818161,0.255958616733551,0.5538109540939331,-0.11235763132572174,0.27610188722610474,0.6251516342163086,-0.09470362216234207
0.33012887835502625,0.8452486991882324,-5.906448663495212e-08,0.4042704999446869,0.8249123096466064,-0.054161932319402695,0.46864235401153564,0.7772383689880371,-0.09663579612970352,0.466534823179245,0.7289085388183594,-0.1395277976989746,0.4014316499233246,0.6889098882675171,-0.18164123594760895,0.44466274976730347,0.5014739036560059,-0.05683017149567604,0.43156784772872925,0.3307676315307617,-0.11016881465911865,0.41860058903694153,0.22329634428024292,-0.1509150117635727,0.40245410799980164,0.13391664624214172,-0.17925257980823517,0.37211453914642334,0.5124193429946899,-0.05971144512295723,0.3703341484069824,0.4136817753314972,-0.13721199333667755,0.3675307333469391,0.5479789972305298,-0.16608144342899323,0.3731529712677002,0.637733519077301,-0.17060066759586334,0.3096044957637787,0.5302990674972534,-0.06792078912258148,0.29911836981773376,0.4147566258907318,-0.13215212523937225,0.3035430312156677,0.5321559309959412,-0.12590758502483368,0.3144610524177551,0.6308391690254211,-0.10658720135688782,0.25513994693756104,0.5628698468208313,-0.08152291178703308,0.24379581212997437,0.4794209897518158,-0.12238427251577377,0.25800710916519165,0.5563815832138062,-0.11218270659446716,0.2781252861022949,0.6280546188354492,-0.09456116706132889
0.33116957545280457,0.8428388833999634,-7.210853425476671e-08,0.4050951898097992,0.8181554079055786,-0.05218999832868576,0.4669243097305298,0.7757855653762817,-0.0959334746003151,0.464036762714386,0.7280118465423584,-0.1406548172235489,0.4014591872692108,0.6867870688438416,-0.18487998843193054,0.4469950199127197,0.49706023931503296,-0.05651336908340454,0.43067800998687744,0.33039259910583496,-0.10949846357107162,0.41660577058792114,0.22385242581367493,-0.15058700740337372,0.3998888432979584,0.13647699356079102,-0.179213285446167,0.37352076172828674,0.5093873143196106,-0.060181230306625366,0.373640239238739,0.40863943099975586,-0.13387131690979004,0.37007051706314087,0.5425050258636475,-0.16118165850639343,0.3752179741859436,0.6298091411590576,-0.16591845452785492,0.31032896041870117,0.5278899669647217,-0.06902949512004852,0.30162107944488525,0.41257554292678833,-0.12902694940567017,0.30616283416748047,0.5290403366088867,-0.12105560302734375,0.31733375787734985,0.6274250745773315,-0.10222601145505905,0.25489991903305054,0.5623575448989868,-0.08327934145927429,0.2450329065322876,0.47605764865875244,-0.12092718482017517,0.2593506872653961,0.5524935126304626,-0.10914216935634613,0.27984797954559326,0.6246833801269531,-0.09144406020641327
0.32796141505241394,0.8457436561584473,-1.3613053795324959e-07,0.4032057821750641,0.8216266632080078,-0.05062093213200569,0.46855664253234863,0.7781915068626404,-0.09287913888692856,0.46231579780578613,0.727759838104248,-0.13529205322265625,0.39690911769866943,0.6879050135612488,-0.17651377618312836,0.4439980983734131,0.49878010153770447,-0.05808468163013458,0.42053455114364624,0.3266716003417969,-0.11353582888841629,0.4010200798511505,0.21842774748802185,-0.1579112559556961,0.37890321016311646,0.12947532534599304,-0.1887156367301941,0.3709728419780731,0.5141358971595764,-0.06154835596680641,0.3700483739376068,0.4199429154396057,-0.13613922894001007,0.36788254976272583,0.5535948276519775,-0.16436980664730072,0.37356096506118774,0.6402950286865234,-0.1705191284418106,0.30859556794166565,0.5329849123954773,-0.07000504434108734,0.29945552349090576,0.42001873254776,-0.12914727628231049,0.30408596992492676,0.5355445146560669,-0.11999893188476562,0.3164522647857666,0.6320200562477112,-0.10128337144851685,0.2543942332267761,0.5662646293640137,-0.08390258997678757,0.24505873024463654,0.48358428478240967,-0.12017439305782318,0.25956445932388306,0.560713529586792,-0.10688968002796173,0.28135719895362854,0.6308649182319641,-0.08846557140350342
0.32135629653930664,0.8453357219696045,-6.220723491878744e-08,0.3925234079360962,0.8221673965454102,-0.0539923831820488,0.45191895961761475,0.7779625654220581,-0.098990298807621,0.45632559061050415,0.737158477306366,-0.1445128321647644,0.3979170024394989,0.70244300365448,-0.18877169489860535,0.4347950518131256,0.5027821660041809,-0.05820125713944435,0.40921616554260254,0.33047056198120117,-0.1137436181306839,0.38709595799446106,0.21933284401893616,-0.15735432505607605,0.363435834646225,0.1305479109287262,-0.1875799596309662,0.3625565767288208,0.5175518989562988,-0.06125902384519577,0.36129826307296753,0.4225708544254303,-0.1386003941297531,0.3578447997570038,0.556816041469574,-0.1667315661907196,0.3632842004299164,0.6432532668113708,-0.1714048832654953,0.29929304122924805,0.5347294807434082,-0.06999054551124573,0.29023465514183044,0.42408376932144165,-0.13187238574028015,0.29391077160835266,0.539849579334259,-0.12304288893938065,0.30559083819389343,0.6367650628089905,-0.10315757989883423,0.24575436115264893,0.5640339851379395,-0.08465167135000229,0.23472844064235687,0.4859156310558319,-0.12316226214170456,0.24813231825828552,0.5625612139701843,-0.11108942329883575,0.26910343766212463,0.6321103572845459,-0.09274380654096603
0.322315514087677,0.840134859085083,-3.902938416899815e-08,0.3914695978164673,0.822705090045929,-0.05833221599459648,0.4549866020679474,0.7805681228637695,-0.10441906005144119,0.4526858627796173,0.7420828938484192,-0.14981289207935333,0.39416107535362244,0.7055821418762207,-0.19399277865886688,0.4330335259437561,0.4996200203895569,-0.06510549783706665,0.4095897078514099,0.33019450306892395,-0.12006412446498871,0.38967424631118774,0.2225523591041565,-0.1619289368391037,0.36980631947517395,0.13254159688949585,-0.19095510244369507,0.36125648021698,0.5126501321792603,-0.0663829892873764,0.35950174927711487,0.4280187487602234,-0.1463465690612793,0.3564693331718445,0.5586798191070557,-0.1762319654226303,0.3609185516834259,0.6486279368400574,-0.18115656077861786,0.2980571389198303,0.5316960215568542,-0.07300465553998947,0.288679301738739,0.4304775297641754,-0.1388416737318039,0.2919120788574219,0.5451303124427795,-0.13232754170894623,0.3026677072048187,0.640472412109375,-0.1125827357172966,0.24448002874851227,0.5636780261993408,-0.08537542074918747,0.23117989301681519,0.49243754148483276,-0.1276281774044037,0.24448007345199585,0.5704708695411682,-0.1168908029794693,0.26494741439819336,0.6390396952629089,-0.09806833416223526
0.3193513751029968,0.8475631475448608,-5.986231066401615e-09,0.390753835439682,0.827600359916687,-0.05495437607169151,0.45124563574790955,0.7871963977813721,-0.10029549896717072,0.4580666422843933,0.7479386925697327,-0.14596883952617645,0.39791885018348694,0.7127053141593933,-0.19124242663383484,0.4368511438369751,0.5142531991004944,-0.06472766399383545,0.43241649866104126,0.3409149646759033,-0.12026774138212204,0.42553097009658813,0.22981113195419312,-0.16241386532783508,0.41525405645370483,0.13633766770362854,-0.19160625338554382,0.36446791887283325,0.5227344036102295,-0.0675412192940712,0.3618069589138031,0.4310778081417084,-0.14788421988487244,0.3541385531425476,0.5650832056999207,-0.17564567923545837,0.35778796672821045,0.6560735106468201,-0.179231196641922,0.30073750019073486,0.536619246006012,-0.07549496740102768,0.29080289602279663,0.4301818907260895,-0.14112010598182678,0.2917017936706543,0.5474564433097839,-0.13212177157402039,0.3027324080467224,0.6454289555549622,-0.11091769486665726,0.24769824743270874,0.5627490878105164,-0.08894789218902588,0.2328920066356659,0.4893670976161957,-0.1305995136499405,0.24393188953399658,0.5680088400840759,-0.11822916567325592,0.26361972093582153,0.6383699774742126,-0.09850400686264038
0.31923484802246094,0.8507845401763916,-3.405919812848879e-08,0.393762469291687,0.8292960524559021,-0.05240202322602272,0.45647308230400085,0.788611888885498,-0.09660712629556656,0.4580247104167938,0.7449822425842285,-0.14130499958992004,0.39555948972702026,0.7089624404907227,-0.18585458397865295,0.44001471996307373,0.5154109001159668,-0.06552628427743912,0.4414391815662384,0.3393665552139282,-0.1216050386428833,0.4397563338279724,0.2276638150215149,-0.16541741788387299,0.43274715542793274,0.13317260146141052,-0.1960119605064392,0.36662304401397705,0.5257934927940369,-0.06906964629888535,0.36573439836502075,0.4345712661743164,-0.14814408123493195,0.35928699374198914,0.5691258907318115,-0.1765187829732895,0.3627679646015167,0.659844160079956,-0.18188081681728363,0.3022308051586151,0.5405341982841492,-0.07727734744548798,0.29460737109184265,0.43387675285339355,-0.14059007167816162,0.2969112992286682,0.5511574149131775,-0.13110531866550446,0.3086227476596832,0.6501971483230591,-0.11096818745136261,0.24767518043518066,0.5689290165901184,-0.09077456593513489,0.23548221588134766,0.4933006167411804,-0.13018269836902618,0.24788451194763184,0.570077121257782,-0.11700346320867538,0.26851150393486023,0.6396321058273315,-0.09764636307954788
0.32308229804039,0.8512086868286133,-3.2759082557731745e-08,0.39904946088790894,0.82621169090271,-0.042736075818538666,0.4617355465888977,0.7899223566055298,-0.08093789219856262,0.46568432450294495,0.7447305917739868,-0.12092602252960205,0.4028797149658203,0.7026564478874207,-0.16106514632701874,0.45242905616760254,0.5206829309463501,-0.05376013368368149,0.4740206301212311,0.34811902046203613,-0.10673297196626663,0.49077141284942627,0.23878365755081177,-0.15195263922214508,0.49607130885124207,0.1429598331451416,-0.1845618188381195,0.3772842586040497,0.5271363258361816,-0.0596110038459301,0.3778058588504791,0.4349689483642578,-0.1345876008272171,0.37274694442749023,0.5721063017845154,-0.16499894857406616,0.3754509687423706,0.6624770164489746,-0.17413429915905,0.31337717175483704,0.5399314761161804,-0.06890959292650223,0.3086588978767395,0.4326972961425781,-0.12643565237522125,0.3110610246658325,0.552028238773346,-0.1164853498339653,0.32248926162719727,0.652772843837738,-0.09858112782239914,0.2605428397655487,0.5706779956817627,-0.08273473381996155,0.25123485922813416,0.495618999004364,-0.11736666411161423,0.2626093626022339,0.5738646388053894,-0.1026449203491211,0.28327977657318115,0.643932580947876,-0.08390606939792633
0.32579517364501953,0.8495525121688843,-9.32843313705689e-09,0.401611864566803,0.825838565826416,-0.045948177576065063,0.4643153250217438,0.7909303903579712,-0.0862799882888794,0.4650198519229889,0.7494335174560547,-0.12792101502418518,0.40479326248168945,0.7102740406990051,-0.17008599638938904,0.458658903837204,0.524243175983429,-0.06082412227988243,0.4869310259819031,0.34986165165901184,-0.11545132100582123,0.5086236000061035,0.24138104915618896,-0.15985028445720673,0.5177250504493713,0.1463879942893982,-0.19145618379116058,0.38072359561920166,0.5272797346115112,-0.06639785319566727,0.3792334496974945,0.43661829829216003,-0.14502453804016113,0.3721114993095398,0.5748395919799805,-0.17485754191875458,0.37284180521965027,0.6687793135643005,-0.18220028281211853,0.3151272237300873,0.5389915704727173,-0.07560167461633682,0.30902841687202454,0.43273860216140747,-0.13747844099998474,0.3120177984237671,0.5556370615959167,-0.1284155249595642,0.3229432702064514,0.6574777364730835,-0.10955416411161423,0.2600518465042114,0.5711022019386292,-0.08928899466991425,0.25027623772621155,0.49543601274490356,-0.12828396260738373,0.262785404920578,0.5763939619064331,-0.11501456797122955,0.28393250703811646,0.6481192708015442,-0.09605789929628372
0.32467493414878845,0.8543190956115723,3.6688543758600645e-08,0.40138840675354004,0.8342845439910889,-0.04816173017024994,0.4663090109825134,0.7976726293563843,-0.08825917541980743,0.46635228395462036,0.7525845170021057,-0.1293770968914032,0.40538159012794495,0.7093798518180847,-0.17072981595993042,0.46110355854034424,0.5310829281806946,-0.05983380228281021,0.5016778111457825,0.3607255518436432,-0.11478782445192337,0.5333883762359619,0.25691601634025574,-0.15923140943050385,0.5509840250015259,0.16736048460006714,-0.19047148525714874,0.3827708065509796,0.5325780510902405,-0.06409359723329544,0.3833305537700653,0.4464647173881531,-0.1444445550441742,0.37441590428352356,0.5824301838874817,-0.17483648657798767,0.3746201694011688,0.676047682762146,-0.18187040090560913,0.3175187110900879,0.542885422706604,-0.07246581465005875,0.3117613196372986,0.43966707587242126,-0.13529910147190094,0.31343182921409607,0.5615876317024231,-0.12707170844078064,0.3246728777885437,0.6630593538284302,-0.10834919661283493,0.2636675238609314,0.5733121633529663,-0.08564601838588715,0.253019779920578,0.5046026706695557,-0.1250452697277069,0.26482704281806946,0.5840441584587097,-0.11314375698566437,0.28722286224365234,0.6540207266807556,-0.09489547461271286
0.31705740094184875,0.8604972958564758,2.157462830609802e-08,0.39664605259895325,0.8356063365936279,-0.04189246520400047,0.46088907122612,0.798302412033081,-0.07849308103322983,0.4647149443626404,0.7525941729545593,-0.11624503880739212,0.39912277460098267,0.7153156995773315,-0.15449310839176178,0.458179771900177,0.5391144752502441,-0.05731416866183281,0.5066742897033691,0.369557648897171,-0.1136699989438057,0.5433516502380371,0.2665805518627167,-0.16196268796920776,0.5630558729171753,0.1749633252620697,-0.19670990109443665,0.3791661262512207,0.5388054847717285,-0.06370434910058975,0.3814411163330078,0.44608503580093384,-0.14481545984745026,0.37229084968566895,0.5862773060798645,-0.1779542714357376,0.37112003564834595,0.6807373762130737,-0.18853487074375153,0.3128460645675659,0.5482370257377625,-0.07317811995744705,0.30732467770576477,0.44009050726890564,-0.1348947435617447,0.3089253306388855,0.5647143125534058,-0.12640392780303955,0.3198356032371521,0.6680647134780884,-0.10898957401514053,0.25766053795814514,0.5800095200538635,-0.0867704302072525,0.24734972417354584,0.5061970353126526,-0.12386663258075714,0.25843727588653564,0.587282657623291,-0.10994302481412888,0.27984389662742615,0.657959520816803,-0.0917164757847786
0.3162168860435486,0.8639060258865356,3.6580289020093915e-08,0.39687949419021606,0.838525652885437,-0.043442655354738235,0.46346771717071533,0.7976568937301636,-0.07911413162946701,0.4603829085826874,0.7486413717269897,-0.11549253761768341,0.3928230106830597,0.7096097469329834,-0.1525454968214035,0.4577028453350067,0.5409353971481323,-0.056993354111909866,0.5106291770935059,0.37388452887535095,-0.11111170053482056,0.5489833354949951,0.2744220793247223,-0.1570545881986618,0.5706535577774048,0.1853797435760498,-0.19033583998680115,0.3770931661128998,0.5396806597709656,-0.06249085068702698,0.38094109296798706,0.4461240768432617,-0.1413111686706543,0.37156420946121216,0.5841173529624939,-0.17302462458610535,0.3708266615867615,0.679394006729126,-0.1827140748500824,0.31062567234039307,0.5488221645355225,-0.07137109339237213,0.30645933747291565,0.4401545524597168,-0.13206975162029266,0.30872011184692383,0.5655062794685364,-0.12436120957136154,0.32049787044525146,0.6693956851959229,-0.10762613266706467,0.25408798456192017,0.5802886486053467,-0.08447494357824326,0.24543677270412445,0.5067356824874878,-0.12237388640642166,0.2579859495162964,0.5873898267745972,-0.11023971438407898,0.2807997763156891,0.6587623357772827,-0.0931539312005043
0.32410064339637756,0.8363823890686035,2.2502541696667322e-07,0.40244436264038086,0.818691611289978,-0.05029463768005371,0.4719105362892151,0.7772475481033325,-0.08711209148168564,0.4878139793872833,0.7377762794494629,-0.1252903789281845,0.44491419196128845,0.6933498382568359,-0.1635364592075348,0.46208444237709045,0.5182937979698181,-0.05297178402543068,0.5166450142860413,0.3571462333202362,-0.10010556876659393,0.5523722767829895,0.26038920879364014,-0.1342974156141281,0.577344536781311,0.17573389410972595,-0.1578899770975113,0.3862563371658325,0.5111154317855835,-0.055932629853487015,0.38464778661727905,0.41524776816368103,-0.12913821637630463,0.3755461275577545,0.5361620187759399,-0.15523761510849,0.3762747049331665,0.629085123538971,-0.15829141438007355,0.3191640377044678,0.5199787020683289,-0.06353826075792313,0.311163067817688,0.4115598797798157,-0.12580853700637817,0.31307438015937805,0.523632824420929,-0.11968334764242172,0.32016801834106445,0.6169301271438599,-0.10027322918176651,0.2626406252384186,0.5501304268836975,-0.07587610930204391,0.25112706422805786,0.47127121686935425,-0.11691336333751678,0.26333123445510864,0.5463241338729858,-0.10693752765655518,0.28015878796577454,0.6172099709510803,-0.08843956142663956
0.3346668481826782,0.819499135017395,5.7195812530608237e-08,0.4283577501773834,0.7940892577171326,-0.03684001415967941,0.5014234781265259,0.7471988201141357,-0.06329219043254852,0.5024273991584778,0.6860520839691162,-0.09124889224767685,0.43812161684036255,0.6425670385360718,-0.11993071436882019,0.474814772605896,0.4958418011665344,-0.0395461805164814,0.5245355367660522,0.3386176824569702,-0.07902979105710983,0.5597636699676514,0.24989759922027588,-0.11282532662153244,0.5807715654373169,0.16448992490768433,-0.13863690197467804,0.39914271235466003,0.48634594678878784,-0.04472509026527405,0.40711405873298645,0.37737855315208435,-0.10280516743659973,0.40107497572898865,0.4970090687274933,-0.1272788792848587,0.3966571092605591,0.5829698443412781,-0.13511762022972107,0.33405885100364685,0.4970564842224121,-0.05273661017417908,0.332222044467926,0.37436938285827637,-0.09853207319974899,0.3387116491794586,0.4864082336425781,-0.09111186861991882,0.34448373317718506,0.5788993835449219,-0.0770663246512413,0.27426040172576904,0.5343307256698608,-0.06439618766307831,0.27534234523773193,0.43639442324638367,-0.09196772426366806,0.2913329303264618,0.5024800896644592,-0.07951706647872925,0.30594539642333984,0.5699117183685303,-0.06447254121303558
0.33490926027297974,0.799362301826477,2.061502968331297e-08,0.43428266048431396,0.7692854404449463,-0.02725488692522049,0.5025314688682556,0.7169644832611084,-0.04840761795639992,0.5226675868034363,0.6459034085273743,-0.07223939895629883,0.45973634719848633,0.6075735092163086,-0.09739619493484497,0.47825151681900024,0.47783464193344116,-0.031574785709381104,0.5266023278236389,0.3279951214790344,-0.06715835630893707,0.5576101541519165,0.24504747986793518,-0.10006582736968994,0.576525866985321,0.1622963547706604,-0.12652918696403503,0.40760770440101624,0.46806764602661133,-0.040221601724624634,0.42235952615737915,0.3568074703216553,-0.0944046825170517,0.41809824109077454,0.4743642210960388,-0.11966138333082199,0.4139459431171417,0.555351197719574,-0.13002197444438934,0.342955619096756,0.47932785749435425,-0.050328437238931656,0.3463287055492401,0.3507017493247986,-0.09171074628829956,0.35505902767181396,0.45684292912483215,-0.08550456911325455,0.3604762852191925,0.5485126972198486,-0.07427024096250534,0.28438785672187805,0.5156043171882629,-0.06323276460170746,0.2903551459312439,0.4107089042663574,-0.0871337279677391,0.30775824189186096,0.47189009189605713,-0.07483208179473877,0.32076534628868103,0.5377784371376038,-0.06182403862476349
0.3336266279220581,0.7868121862411499,8.950411967134642e-09,0.4368664026260376,0.7497906684875488,-0.024058405309915543,0.5039130449295044,0.6974952220916748,-0.042862094938755035,0.5291221737861633,0.6234372854232788,-0.06439987570047379,0.4650762975215912,0.5884079933166504,-0.08741011470556259,0.4776930809020996,0.46701711416244507,-0.028143415227532387,0.522861897945404,0.3157803416252136,-0.06148979067802429,0.5510808229446411,0.23258739709854126,-0.09204534441232681,0.5671433210372925,0.1525346040725708,-0.11609182506799698,0.4093115031719208,0.4564468562602997,-0.03710567578673363,0.4235808253288269,0.3412684500217438,-0.08666431903839111,0.4204224646091461,0.453972190618515,-0.10910780727863312,0.4173439145088196,0.5325459241867065,-0.11749468743801117,0.34660905599594116,0.4677399694919586,-0.047364551573991776,0.350324422121048,0.33829230070114136,-0.08552715182304382,0.360154390335083,0.43674156069755554,-0.08027388155460358,0.3653622269630432,0.5233566761016846,-0.0697738379240036,0.28978562355041504,0.504671037197113,-0.059918321669101715,0.29596132040023804,0.39472585916519165,-0.08054789155721664,0.3136290907859802,0.4485325515270233,-0.0674419105052948,0.3244975507259369,0.5110419392585754,-0.05426818132400513
0.3530694246292114,0.7689522504806519,5.18597005338961e-08,0.4517771303653717,0.7368570566177368,-0.024353548884391785,0.5185321569442749,0.6776437759399414,-0.04389927163720131,0.5457606315612793,0.6046710014343262,-0.06713254749774933,0.4889606833457947,0.5671782493591309,-0.09306889027357101,0.4859234690666199,0.4594431519508362,-0.03148629888892174,0.5279075503349304,0.3099442720413208,-0.06242420896887779,0.5555050373077393,0.23054862022399902,-0.08960499614477158,0.5714262127876282,0.1553346812725067,-0.11154907941818237,0.4244673550128937,0.4520072340965271,-0.042158614844083786,0.4396236538887024,0.3311939239501953,-0.09035731106996536,0.44610631465911865,0.43397384881973267,-0.11266965419054031,0.44567206501960754,0.511807382106781,-0.12077564746141434,0.3680118918418884,0.46547701954841614,-0.05408923327922821,0.3700640797615051,0.329108864068985,-0.0913877859711647,0.3892454504966736,0.4182897210121155,-0.09087983518838882,0.39606815576553345,0.5024669766426086,-0.08405456691980362,0.31391027569770813,0.4999149739742279,-0.0685013085603714,0.31948763132095337,0.3885285556316376,-0.09199625998735428,0.34106725454330444,0.43571504950523376,-0.08557850867509842,0.35304585099220276,0.4986897110939026,-0.07738808542490005
0.3662642538547516,0.7502214908599854,1.3687723310340516e-07,0.4593081474304199,0.7100637555122375,-0.02790553867816925,0.5280683040618896,0.638312041759491,-0.04820997267961502,0.5489736795425415,0.552455484867096,-0.07148704677820206,0.49296244978904724,0.518738329410553,-0.0971963107585907,0.48389932513237,0.441557914018631,-0.030520709231495857,0.5163345336914062,0.2994687259197235,-0.057484302669763565,0.5373296141624451,0.22285299003124237,-0.07848726212978363,0.5496772527694702,0.15419316291809082,-0.09519025683403015,0.4305030107498169,0.43613845109939575,-0.03985001891851425,0.4436970055103302,0.3090360462665558,-0.08735562115907669,0.4591059684753418,0.39575156569480896,-0.10763407498598099,0.4644797742366791,0.4716881513595581,-0.1116703599691391,0.3797368109226227,0.45071524381637573,-0.051032938063144684,0.37785854935646057,0.3188367486000061,-0.08780896663665771,0.40369975566864014,0.3843628168106079,-0.09116525202989578,0.41526997089385986,0.4617375135421753,-0.08514086902141571,0.3287823796272278,0.48150259256362915,-0.0652775764465332,0.3293112814426422,0.37131503224372864,-0.08930100500583649,0.35624274611473083,0.39746788144111633,-0.08902273327112198,0.372822105884552,0.453246533870697,-0.08426637202501297
0.3460438847541809,0.7473000288009644,-8.950640761895556e-08,0.4439642131328583,0.698759138584137,-0.011226734146475792,0.5066317319869995,0.6296870708465576,-0.01705612987279892,0.5294723510742188,0.5436076521873474,-0.02675780840218067,0.4654611647129059,0.5235617756843567,-0.038339775055646896,0.47788935899734497,0.44990456104278564,-0.006199896335601807,0.5203986763954163,0.31692177057266235,-0.02681286819279194,0.5471241474151611,0.25069981813430786,-0.04701351001858711,0.5645601749420166,0.1833493411540985,-0.06395119428634644,0.42501556873321533,0.438752144575119,-0.018091026693582535,0.4463902711868286,0.3288120925426483,-0.05277612432837486,0.4431245028972626,0.4287952184677124,-0.06585710495710373,0.4342392683029175,0.5002386569976807,-0.06753865629434586,0.37437504529953003,0.44486021995544434,-0.03136174753308296,0.3840215802192688,0.32694923877716064,-0.05913010239601135,0.39287206530570984,0.41673144698143005,-0.05322868376970291,0.3897199034690857,0.4911421537399292,-0.042127642780542374,0.3207797408103943,0.47087550163269043,-0.046287987381219864,0.3325864374637604,0.3627646565437317,-0.06014520302414894,0.34920844435691833,0.40871477127075195,-0.04704008251428604,0.35114794969558716,0.46983057260513306,-0.03412644937634468
0.3423137962818146,0.7388401031494141,-5.282143789031579e-08,0.4409611225128174,0.6856687068939209,-0.01414506882429123,0.5028703808784485,0.6104671955108643,-0.019528022035956383,0.5123591423034668,0.5138702392578125,-0.027563316747546196,0.444717139005661,0.5013942718505859,-0.03716457635164261,0.4653606414794922,0.4406544268131256,-0.004327604081481695,0.5027138590812683,0.3084236681461334,-0.022382324561476707,0.5267735123634338,0.24202632904052734,-0.0398297943174839,0.5414037704467773,0.17864304780960083,-0.05474766343832016,0.41398727893829346,0.432644248008728,-0.013698337599635124,0.4309724271297455,0.3234408497810364,-0.04598582535982132,0.4299030900001526,0.4181951880455017,-0.0566447488963604,0.4234732985496521,0.4859720766544342,-0.05613710358738899,0.36602914333343506,0.43987083435058594,-0.025005843490362167,0.37114259600639343,0.32280266284942627,-0.0511665940284729,0.3824566900730133,0.4085525870323181,-0.043947067111730576,0.3812686800956726,0.48073095083236694,-0.03163309767842293,0.31355300545692444,0.4683125913143158,-0.0383375883102417,0.32203933596611023,0.361280620098114,-0.05219398811459541,0.3400425612926483,0.40542733669281006,-0.03941846266388893,0.34275805950164795,0.4658419191837311,-0.026307756081223488
0.34142860770225525,0.750541627407074,3.057465747247079e-08,0.4329216480255127,0.6982482075691223,-0.0320315845310688,0.4974708557128906,0.6031081080436707,-0.04148465394973755,0.4898075759410858,0.4941706955432892,-0.05103032663464546,0.422207236289978,0.48980510234832764,-0.06127174198627472,0.4569470286369324,0.45120784640312195,-0.012783808633685112,0.4898562431335449,0.32033199071884155,-0.026478983461856842,0.5084280967712402,0.25371336936950684,-0.03835514932870865,0.5208379030227661,0.19187980890274048,-0.050381336361169815,0.4032896161079407,0.4382571578025818,-0.01510578766465187,0.40876972675323486,0.3236022889614105,-0.05001083388924599,0.41002705693244934,0.4038943946361542,-0.06423703581094742,0.40871095657348633,0.4712931215763092,-0.0648408904671669,0.35508960485458374,0.4450537860393524,-0.02066636085510254,0.34892141819000244,0.33060216903686523,-0.050175249576568604,0.36234050989151,0.39396384358406067,-0.05338200554251671,0.3645431697368622,0.4633263051509857,-0.04702983424067497,0.3056654930114746,0.47102639079093933,-0.029814209789037704,0.30352452397346497,0.3688253164291382,-0.04704047739505768,0.32141876220703125,0.39498937129974365,-0.04492272809147835,0.3262997269630432,0.4527016580104828,-0.039421699941158295
0.3512476086616516,0.7555453777313232,3.9994564104972596e-08,0.43806320428848267,0.7070590257644653,-0.027188319712877274,0.5033622980117798,0.6045860052108765,-0.034584205597639084,0.4982837736606598,0.5001962184906006,-0.04309391230344772,0.4379158318042755,0.4955829381942749,-0.05210373178124428,0.46273377537727356,0.4633156657218933,-0.008234377019107342,0.4922529458999634,0.3368168771266937,-0.020020298659801483,0.5080949068069458,0.2680552899837494,-0.03021981194615364,0.518197238445282,0.20692622661590576,-0.0414077527821064,0.4103192687034607,0.4522809684276581,-0.012211916968226433,0.4146435558795929,0.33132994174957275,-0.04719133675098419,0.42166802287101746,0.40376991033554077,-0.06358395516872406,0.42121073603630066,0.47123056650161743,-0.06571125984191895,0.3631120026111603,0.45967039465904236,-0.018520431593060493,0.3585386276245117,0.3448561429977417,-0.04918952286243439,0.3752126097679138,0.40139496326446533,-0.05402497202157974,0.37776482105255127,0.4690231680870056,-0.04885496199131012,0.31529203057289124,0.48128432035446167,-0.027831757441163063,0.3100695013999939,0.38310375809669495,-0.04724215343594551,0.329485684633255,0.40542346239089966,-0.047817595303058624,0.33691954612731934,0.4563043415546417,-0.044221874326467514
0.35878026485443115,0.7566725015640259,6.83383802879689e-08,0.4420788288116455,0.7133965492248535,-0.030162125825881958,0.5119774341583252,0.619020938873291,-0.03843303397297859,0.5101115703582764,0.5226030945777893,-0.04761726036667824,0.45538362860679626,0.5095599293708801,-0.05621296539902687,0.47615838050842285,0.4836205542087555,-0.007853171788156033,0.5108758211135864,0.3573070168495178,-0.02201860211789608,0.5289806127548218,0.29137134552001953,-0.03259097412228584,0.5435194373130798,0.23262426257133484,-0.04296835511922836,0.4254511892795563,0.4695553779602051,-0.00998859852552414,0.4346124231815338,0.3542957305908203,-0.050930608063936234,0.4358244836330414,0.4246641993522644,-0.06898350268602371,0.43335989117622375,0.494489848613739,-0.07017108052968979,0.37930822372436523,0.47126105427742004,-0.015263807028532028,0.3789865970611572,0.35743075609207153,-0.05119118094444275,0.3904328942298889,0.411710262298584,-0.057911984622478485,0.39234718680381775,0.4804554283618927,-0.051710233092308044,0.3337509036064148,0.4843812882900238,-0.02372811920940876,0.3366999626159668,0.39021036028862,-0.04631883651018143,0.3528901934623718,0.41161346435546875,-0.04894441366195679,0.3578674793243408,0.4622458517551422,-0.045315615832805634
0.3622264564037323,0.7591280937194824,7.54739062358567e-08,0.4474642872810364,0.7117590308189392,-0.026797043159604073,0.5136950016021729,0.6167649626731873,-0.03371715545654297,0.5114097595214844,0.5167372822761536,-0.04166807606816292,0.4524356722831726,0.510639488697052,-0.04923329874873161,0.47709980607032776,0.48788800835609436,-0.006408252753317356,0.5088062286376953,0.36444467306137085,-0.018406864255666733,0.5249040126800537,0.3006678819656372,-0.028016887605190277,0.5366940498352051,0.24187099933624268,-0.0385994128882885,0.4263904392719269,0.4734082520008087,-0.00989903137087822,0.4327361583709717,0.35652580857276917,-0.04787987470626831,0.4370732009410858,0.4289618134498596,-0.0632145032286644,0.43518397212028503,0.49913400411605835,-0.06317625194787979,0.3799024820327759,0.4766405522823334,-0.016049081459641457,0.3758595287799835,0.36225342750549316,-0.048949528485536575,0.3902794420719147,0.42084354162216187,-0.05190914869308472,0.39322733879089355,0.4893626868724823,-0.04382598400115967,0.3345145583152771,0.4930024743080139,-0.025262104347348213,0.3353431224822998,0.4015471339225769,-0.046088963747024536,0.3536031246185303,0.42707008123397827,-0.046485431492328644,0.3599182069301605,0.47969430685043335,-0.041613128036260605
0.3498101532459259,0.7665289640426636,1.2620674283425615e-07,0.4345078468322754,0.7210534811019897,-0.02972780354321003,0.49928268790245056,0.6145737767219543,-0.03378003090620041,0.4897325038909912,0.5110477805137634,-0.037989333271980286,0.43028417229652405,0.5047743916511536,-0.041459884494543076,0.4612625241279602,0.4907603859901428,-0.003182943444699049,0.49764949083328247,0.36982929706573486,-0.012226754799485207,0.5161999464035034,0.3055112063884735,-0.020340347662568092,0.5305147767066956,0.25028371810913086,-0.029644034802913666,0.4108513295650482,0.47656673192977905,-0.004111099056899548,0.4189951419830322,0.35438576340675354,-0.03924473375082016,0.4231933653354645,0.4166690707206726,-0.057787396013736725,0.4220966398715973,0.4889284074306488,-0.060267236083745956,0.36607885360717773,0.47984108328819275,-0.007990820333361626,0.3656773269176483,0.36543622612953186,-0.04033347964286804,0.37909531593322754,0.40899068117141724,-0.05217685550451279,0.3813264071941376,0.47743597626686096,-0.05018462613224983,0.3214605748653412,0.49407440423965454,-0.014833364635705948,0.32318633794784546,0.3967452049255371,-0.036076609045267105,0.34088262915611267,0.4057426452636719,-0.042835790663957596,0.34796062111854553,0.45369693636894226,-0.042955998331308365
0.33786246180534363,0.7716290950775146,1.1281689893394287e-07,0.4201589524745941,0.7217895984649658,-0.03168054297566414,0.48383456468582153,0.6193686723709106,-0.0393139086663723,0.4746951460838318,0.5157436728477478,-0.047063153237104416,0.4129064977169037,0.510068953037262,-0.054490186274051666,0.44471508264541626,0.49052587151527405,-0.008486180566251278,0.4790952205657959,0.3679662048816681,-0.019654517993330956,0.49631527066230774,0.30344146490097046,-0.029533475637435913,0.5095429420471191,0.24594122171401978,-0.04018637537956238,0.39470744132995605,0.4784133732318878,-0.009687542915344238,0.4001900255680084,0.3607935905456543,-0.04579327255487442,0.4041106402873993,0.42763862013816833,-0.06441924721002579,0.40389543771743774,0.4971068799495697,-0.06740790605545044,0.3498406410217285,0.4838935136795044,-0.013678907416760921,0.34667783975601196,0.37364423274993896,-0.046300213783979416,0.36076119542121887,0.42266979813575745,-0.05607426166534424,0.36374732851982117,0.49063220620155334,-0.05293923243880272,0.3052559494972229,0.5013731718063354,-0.02080991305410862,0.30665504932403564,0.4046606719493866,-0.041724465787410736,0.324665367603302,0.4211552143096924,-0.045776594430208206,0.33100754022598267,0.47342589497566223,-0.04389331489801407
0.34020352363586426,0.769921064376831,2.5422406224606675e-07,0.41773495078086853,0.7271339297294617,-0.03659491986036301,0.4789309799671173,0.6279221773147583,-0.047232721000909805,0.48287904262542725,0.5222690105438232,-0.056600622832775116,0.4315468370914459,0.48336413502693176,-0.06581947952508926,0.43847107887268066,0.49204808473587036,-0.01277185883373022,0.4718048572540283,0.3788970708847046,-0.027226796373724937,0.4873060882091522,0.3066289722919464,-0.04111958295106888,0.4963611662387848,0.2538720965385437,-0.05316741392016411,0.38931766152381897,0.47921380400657654,-0.010584634728729725,0.38227659463882446,0.351401686668396,-0.04430486261844635,0.3947785794734955,0.3893059492111206,-0.06708570569753647,0.4043918550014496,0.4567379057407379,-0.0748971477150917,0.3446463644504547,0.48665356636047363,-0.011666957288980484,0.3314225673675537,0.365939736366272,-0.04248841106891632,0.34998616576194763,0.3847886919975281,-0.05829624459147453,0.36112180352211,0.4479048252105713,-0.06183236464858055,0.29748621582984924,0.5084357261657715,-0.016125863417983055,0.28958359360694885,0.4157142639160156,-0.04054374247789383,0.31062954664230347,0.41294652223587036,-0.052401915192604065,0.3269278109073639,0.4549242854118347,-0.05661851167678833
0.3424207866191864,0.7684748768806458,2.6048536483358475e-07,0.4195878505706787,0.7274747490882874,-0.038394998759031296,0.48007693886756897,0.6312524080276489,-0.050193045288324356,0.48811468482017517,0.5285458564758301,-0.06123226508498192,0.44397225975990295,0.4789722263813019,-0.07212162017822266,0.44155365228652954,0.49156925082206726,-0.010828305967152119,0.4737890064716339,0.37627527117729187,-0.026156296953558922,0.4890834093093872,0.3050525188446045,-0.04180612415075302,0.49903538823127747,0.251608669757843,-0.055452194064855576,0.39285898208618164,0.48118454217910767,-0.008652587421238422,0.38675057888031006,0.3513392210006714,-0.04579108953475952,0.397811621427536,0.38862377405166626,-0.07420966029167175,0.40736183524131775,0.45506006479263306,-0.08594587445259094,0.3480241596698761,0.4888576865196228,-0.010038946755230427,0.33769962191581726,0.3703078627586365,-0.0438387431204319,0.35664916038513184,0.3897694945335388,-0.06541367620229721,0.3686036169528961,0.45404231548309326,-0.07259371131658554,0.30227744579315186,0.5097448229789734,-0.014845102094113827,0.295698344707489,0.41646143794059753,-0.041145697236061096,0.3168317675590515,0.41344961524009705,-0.05680553615093231,0.33416369557380676,0.4556020200252533,-0.06400265544652939
0.3440623879432678,0.7667182683944702,2.4347775706701213e-07,0.4184565842151642,0.725520133972168,-0.04208730533719063,0.47799980640411377,0.6294393539428711,-0.055403295904397964,0.4818395674228668,0.5269724726676941,-0.06710169464349747,0.44304096698760986,0.46655359864234924,-0.07820049673318863,0.4386974573135376,0.4916578233242035,-0.014346624724566936,0.4699617922306061,0.3738560974597931,-0.03261777013540268,0.483818918466568,0.3019725978374481,-0.048962779343128204,0.49253425002098083,0.24799630045890808,-0.06221897900104523,0.38968324661254883,0.4821392893791199,-0.010851362720131874,0.38521018624305725,0.34989768266677856,-0.05196397379040718,0.3948196768760681,0.3946540057659149,-0.08072419464588165,0.4046693444252014,0.4637046158313751,-0.09109172970056534,0.34473398327827454,0.4905831813812256,-0.011424693278968334,0.3345794677734375,0.37176012992858887,-0.048735104501247406,0.35132086277008057,0.3948501944541931,-0.06975892931222916,0.36334288120269775,0.45964354276657104,-0.07504522800445557,0.29900461435317993,0.5122635364532471,-0.015496967360377312,0.29338157176971436,0.418340802192688,-0.0434320829808712,0.31343555450439453,0.4157579243183136,-0.058239422738552094,0.3301534056663513,0.45613163709640503,-0.06393232196569443
0.3438073992729187,0.7658743262290955,2.7198043994758336e-07,0.4175208508968353,0.7271558046340942,-0.040579795837402344,0.4772804379463196,0.6325024366378784,-0.05323947221040726,0.485553115606308,0.5326507091522217,-0.06474342197179794,0.4507984519004822,0.47048220038414,-0.0756792277097702,0.4397825598716736,0.4947374761104584,-0.012797554023563862,0.4715298116207123,0.37953394651412964,-0.03060619905591011,0.48571455478668213,0.3061348795890808,-0.04699525609612465,0.49502503871917725,0.2513101398944855,-0.0604817271232605,0.39173927903175354,0.4839766025543213,-0.01013171672821045,0.38711297512054443,0.3523697853088379,-0.05046088621020317,0.3991380035877228,0.3920705020427704,-0.07939165830612183,0.41073426604270935,0.461489200592041,-0.090272918343544,0.3471973240375519,0.49188145995140076,-0.01143000926822424,0.337636262178421,0.3705330491065979,-0.04762788861989975,0.3560539484024048,0.38927632570266724,-0.06837732344865799,0.3687971830368042,0.4537702202796936,-0.07406584173440933,0.301480233669281,0.5132023096084595,-0.016277005895972252,0.2971092760562897,0.4198329746723175,-0.044106390327215195,0.31856900453567505,0.41632652282714844,-0.059307705610990524,0.3359076976776123,0.4574696719646454,-0.06550264358520508
0.3472791612148285,0.7670459151268005,2.3976275542736403e-07,0.4192286729812622,0.7269606590270996,-0.03755297511816025,0.478032648563385,0.6348519921302795,-0.04980074614286423,0.4848138988018036,0.5402866005897522,-0.06165299192070961,0.45007258653640747,0.4813328683376312,-0.07291645556688309,0.438125342130661,0.49009692668914795,-0.009524633176624775,0.46076691150665283,0.3723284602165222,-0.025410423055291176,0.47064903378486633,0.2989799380302429,-0.04025787487626076,0.47656968235969543,0.2447313368320465,-0.052441731095314026,0.39050307869911194,0.48352497816085815,-0.007732444442808628,0.38522353768348694,0.35575389862060547,-0.045325834304094315,0.39822471141815186,0.3956421911716461,-0.07153168320655823,0.40985268354415894,0.4634723663330078,-0.08055993169546127,0.3467281460762024,0.4936331510543823,-0.0098012275993824,0.33624574542045593,0.37357184290885925,-0.043267689645290375,0.35528483986854553,0.39431601762771606,-0.060916557908058167,0.36812618374824524,0.45853108167648315,-0.06467359513044357,0.30179548263549805,0.5157926678657532,-0.015361186116933823,0.29712072014808655,0.42086952924728394,-0.04111823812127113,0.3177308142185211,0.4205910563468933,-0.053640641272068024,0.3338575065135956,0.4640643894672394,-0.05776764824986458
0.34872108697891235,0.7702581882476807,1.5666077501919062e-07,0.4217531383037567,0.7185192108154297,-0.03631789609789848,0.47400960326194763,0.6195401549339294,-0.05037957429885864,0.47962427139282227,0.5242773294448853,-0.0645943209528923,0.43553510308265686,0.46877801418304443,-0.07847645878791809,0.4177733063697815,0.47556349635124207,-0.009582692757248878,0.4069770574569702,0.3516545295715332,-0.03203083947300911,0.39050549268722534,0.2734878659248352,-0.05406486615538597,0.373653769493103,0.2163364291191101,-0.07099702954292297,0.3773157596588135,0.47905516624450684,-0.008961849845945835,0.3738764822483063,0.3587060570716858,-0.052575916051864624,0.3943411409854889,0.39326953887939453,-0.08589424937963486,0.41010820865631104,0.4557548761367798,-0.1001022681593895,0.3385429382324219,0.4962499141693115,-0.01226432528346777,0.330243855714798,0.3785178065299988,-0.04804731160402298,0.35145658254623413,0.3960915803909302,-0.06796180456876755,0.3677562177181244,0.4564005732536316,-0.07343880087137222,0.2974205017089844,0.5246129035949707,-0.019249925389885902,0.28902900218963623,0.4324677586555481,-0.04475594311952591,0.3087736666202545,0.4177757501602173,-0.05887850001454353,0.3284001052379608,0.44291096925735474,-0.0648605152964592
0.3482586145401001,0.7695558071136475,1.1973268954079685e-07,0.4220358729362488,0.7228533029556274,-0.03687792643904686,0.475158154964447,0.6188069581985474,-0.049952585250139236,0.4781520366668701,0.5200738906860352,-0.06305880099534988,0.4307648241519928,0.47397005558013916,-0.0758499950170517,0.416309654712677,0.4740847051143646,-0.01054356899112463,0.4043325185775757,0.35121774673461914,-0.031230177730321884,0.3872155249118805,0.2727925479412079,-0.05171994864940643,0.3692626953125,0.21633872389793396,-0.06798495352268219,0.3758121430873871,0.47888538241386414,-0.009582383558154106,0.36914440989494324,0.35815873742103577,-0.05149189010262489,0.3901048004627228,0.39554333686828613,-0.08329091221094131,0.40547579526901245,0.45926976203918457,-0.09663831442594528,0.3378825783729553,0.4962998032569885,-0.012392142787575722,0.327537477016449,0.37935298681259155,-0.047935325652360916,0.3497735857963562,0.400023877620697,-0.06787280738353729,0.36485379934310913,0.46389830112457275,-0.07331711798906326,0.29736876487731934,0.5237963795661926,-0.018923558294773102,0.2885796129703522,0.42873430252075195,-0.045025475323200226,0.30911535024642944,0.4196038246154785,-0.05929618328809738,0.3274550437927246,0.45387208461761475,-0.06535615026950836
0.34820032119750977,0.7698980569839478,9.253574972944989e-08,0.42225173115730286,0.722832441329956,-0.03462623059749603,0.47651106119155884,0.6197166442871094,-0.04672057554125786,0.48092344403266907,0.5209817886352539,-0.059129416942596436,0.4343159794807434,0.4712543785572052,-0.07164956629276276,0.41985610127449036,0.4748995900154114,-0.010756287723779678,0.4148087799549103,0.352021723985672,-0.030590368434786797,0.4033302664756775,0.27503955364227295,-0.048966698348522186,0.39052560925483704,0.2165549099445343,-0.0635773167014122,0.37809041142463684,0.4774077534675598,-0.010559683665633202,0.37441113591194153,0.35614925622940063,-0.05085866153240204,0.3921322226524353,0.39735928177833557,-0.07876849919557571,0.4048413336277008,0.4609983265399933,-0.08922605961561203,0.33889615535736084,0.49496009945869446,-0.013872663490474224,0.3299124836921692,0.37730056047439575,-0.048591505736112595,0.35049328207969666,0.4038704037666321,-0.06451596319675446,0.3641924262046814,0.46771836280822754,-0.06700748205184937,0.29681864380836487,0.5229997038841248,-0.020620372146368027,0.2876484990119934,0.4268345534801483,-0.045882489532232285,0.30827009677886963,0.4227750897407532,-0.056915778666734695,0.32620716094970703,0.45893868803977966,-0.06027253344655037
0.3471492528915405,0.7705423831939697,1.306713102167123e-07,0.4189954102039337,0.7257351875305176,-0.03649487718939781,0.47300994396209717,0.6240688562393188,-0.04922414571046829,0.4800216257572174,0.5242179036140442,-0.06239688768982887,0.43265604972839355,0.47308409214019775,-0.07576107978820801,0.4227575659751892,0.4772007465362549,-0.009741341695189476,0.4242909252643585,0.35300126671791077,-0.028233937919139862,0.41788896918296814,0.27495723962783813,-0.046133458614349365,0.40943121910095215,0.21547245979309082,-0.060895100235939026,0.380973756313324,0.4779804050922394,-0.009157733991742134,0.37535738945007324,0.35285550355911255,-0.049090079963207245,0.39236658811569214,0.3945266902446747,-0.07837731391191483,0.40612632036209106,0.45749616622924805,-0.09008895605802536,0.34101563692092896,0.4934859871864319,-0.012239310890436172,0.33158743381500244,0.37484705448150635,-0.04732964187860489,0.3522638976573944,0.4009101688861847,-0.0659567341208458,0.3658854365348816,0.46642860770225525,-0.07050622999668121,0.29744863510131836,0.5197014212608337,-0.018860135227441788,0.2898019850254059,0.42376312613487244,-0.04469223693013191,0.3097040057182312,0.4224088490009308,-0.05745837092399597,0.32602107524871826,0.4629681408405304,-0.06239906698465347
0.34536927938461304,0.7764008641242981,1.6018525172967202e-07,0.41687658429145813,0.7310840487480164,-0.040226783603429794,0.47266989946365356,0.6299970149993896,-0.054854586720466614,0.47596976161003113,0.5289409160614014,-0.06958410143852234,0.4291976988315582,0.47096800804138184,-0.08426469564437866,0.42410433292388916,0.4869600236415863,-0.012660453096032143,0.4289475977420807,0.3603512942790985,-0.03299402818083763,0.42399075627326965,0.279329776763916,-0.051518965512514114,0.4168151021003723,0.2179476022720337,-0.06632155179977417,0.3803514540195465,0.485402911901474,-0.011073465459048748,0.37700891494750977,0.3592579960823059,-0.05395076051354408,0.39278319478034973,0.400084912776947,-0.08496681600809097,0.40490129590034485,0.46514150500297546,-0.09718490391969681,0.33875128626823425,0.4987087845802307,-0.013536188751459122,0.32997632026672363,0.37867915630340576,-0.05146261304616928,0.35044947266578674,0.40487632155418396,-0.07236567884683609,0.36408400535583496,0.47300079464912415,-0.07772556692361832,0.2941795885562897,0.5227184295654297,-0.019703105092048645,0.2879403233528137,0.42461761832237244,-0.047410015016794205,0.30883142352104187,0.42405492067337036,-0.061727605760097504,0.32595619559288025,0.46757686138153076,-0.06738852709531784
0.34574422240257263,0.7855459451675415,3.1210424822347704e-07,0.41831058263778687,0.7367876172065735,-0.04539809748530388,0.4730510115623474,0.6427169442176819,-0.06234874948859215,0.4678349494934082,0.5511564016342163,-0.0775160938501358,0.42490944266319275,0.4901807904243469,-0.09205236285924911,0.4294412136077881,0.4881073534488678,-0.01489225309342146,0.4342763125896454,0.36639726161956787,-0.03503921255469322,0.4282383918762207,0.28596070408821106,-0.05660407617688179,0.42286866903305054,0.22689053416252136,-0.0738317146897316,0.38331401348114014,0.48444700241088867,-0.010841883718967438,0.37671029567718506,0.34875404834747314,-0.05122409388422966,0.39027532935142517,0.3614170253276825,-0.08942651003599167,0.4055303931236267,0.4184217154979706,-0.10859254002571106,0.3415786623954773,0.4984983801841736,-0.01100136898458004,0.3333422541618347,0.37640392780303955,-0.044897302985191345,0.35250523686408997,0.3740732669830322,-0.07578954100608826,0.37104010581970215,0.42948824167251587,-0.09036286175251007,0.2984984219074249,0.5285506844520569,-0.015178118832409382,0.29202091693878174,0.4353017807006836,-0.04052972048521042,0.31158241629600525,0.41112077236175537,-0.06193002685904503,0.3342526853084564,0.4332599639892578,-0.07447992265224457
0.3425770699977875,0.7827200889587402,2.2389997411664808e-07,0.408568799495697,0.7373942136764526,-0.04353843256831169,0.44577959179878235,0.6442258358001709,-0.059167422354221344,0.43401816487312317,0.5598410367965698,-0.07329254597425461,0.4204380214214325,0.4849225878715515,-0.08664771169424057,0.42007243633270264,0.497317373752594,-0.018972614780068398,0.42504075169563293,0.3718935549259186,-0.04033893719315529,0.4194197356700897,0.29300737380981445,-0.06187519431114197,0.41298002004623413,0.2369474172592163,-0.07833322137594223,0.37398219108581543,0.49526527523994446,-0.01494475919753313,0.37026891112327576,0.36522066593170166,-0.05587493255734444,0.38317766785621643,0.38210803270339966,-0.09194998443126678,0.39687734842300415,0.43944987654685974,-0.10953979194164276,0.33241990208625793,0.5094917416572571,-0.015060503035783768,0.3261412978172302,0.38612568378448486,-0.04983797296881676,0.34240323305130005,0.38754844665527344,-0.07913778722286224,0.35763558745384216,0.4457305371761322,-0.09244854003190994,0.2919905185699463,0.5391380190849304,-0.01886983960866928,0.28517958521842957,0.44204121828079224,-0.046936165541410446,0.30393388867378235,0.42530569434165955,-0.06764081120491028,0.3243047595024109,0.4573972821235657,-0.07867418229579926
0.3487705886363983,0.7797733545303345,2.4174997292902844e-07,0.41180557012557983,0.7341088056564331,-0.041486017405986786,0.43982934951782227,0.6471457481384277,-0.05960625037550926,0.4288901686668396,0.5710207223892212,-0.07647023350000381,0.4206357002258301,0.49825870990753174,-0.09276148676872253,0.41750073432922363,0.49677467346191406,-0.024062547832727432,0.4199618697166443,0.37300562858581543,-0.04697743430733681,0.41706186532974243,0.294072687625885,-0.06843752413988113,0.4119760990142822,0.2329946756362915,-0.08530813455581665,0.37444064021110535,0.4953835904598236,-0.022179104387760162,0.3705957531929016,0.3620573580265045,-0.06401143968105316,0.38637956976890564,0.38075363636016846,-0.09811899811029434,0.4013727605342865,0.4359705448150635,-0.11422226577997208,0.3335975408554077,0.5120837092399597,-0.02381834015250206,0.32547321915626526,0.3895120322704315,-0.05866007134318352,0.3455958366394043,0.3941582441329956,-0.08354021608829498,0.364018976688385,0.44897741079330444,-0.0936807170510292,0.29276639223098755,0.5440699458122253,-0.028938185423612595,0.28343212604522705,0.4477500319480896,-0.05663861334323883,0.30452898144721985,0.4281899929046631,-0.0746731162071228,0.3277195692062378,0.4519209861755371,-0.08369112759828568
0.3498913645744324,0.7823421955108643,3.0686143759339757e-07,0.41717585921287537,0.7364884614944458,-0.04833907261490822,0.45607471466064453,0.6485080718994141,-0.06693731248378754,0.43795692920684814,0.5643072128295898,-0.08332009613513947,0.41367417573928833,0.4872516393661499,-0.09867788106203079,0.4255143702030182,0.4983220398426056,-0.01881745643913746,0.4273529052734375,0.37782803177833557,-0.04050528630614281,0.4186675548553467,0.29889169335365295,-0.0632830485701561,0.4100756347179413,0.24123263359069824,-0.08100361377000809,0.38068854808807373,0.49487268924713135,-0.013506400398910046,0.3730832636356354,0.36033540964126587,-0.05385762080550194,0.3854188919067383,0.36598241329193115,-0.09341895580291748,0.3993244171142578,0.41817617416381836,-0.1138925701379776,0.3401416838169098,0.5092549324035645,-0.012665645219385624,0.3286703824996948,0.38829806447029114,-0.04653856158256531,0.3489055037498474,0.3814353048801422,-0.07912368327379227,0.3693542182445526,0.43548327684402466,-0.09493023157119751,0.299629271030426,0.5396226644515991,-0.01592925190925598,0.28975290060043335,0.4447769522666931,-0.04294104501605034,0.30935317277908325,0.41919803619384766,-0.0657409131526947,0.33322152495384216,0.4431358575820923,-0.0787125676870346
0.34975025057792664,0.784641444683075,3.297365367416205e-07,0.4193861484527588,0.7397158145904541,-0.04633185639977455,0.4610506594181061,0.652328372001648,-0.06538379192352295,0.4486016035079956,0.570350706577301,-0.08273012191057205,0.4262959361076355,0.491864949464798,-0.0996684655547142,0.42292341589927673,0.5006830096244812,-0.021360941231250763,0.42306482791900635,0.37871798872947693,-0.04318884760141373,0.4168420732021332,0.29930031299591064,-0.06555915623903275,0.4098287522792816,0.24014121294021606,-0.08321507275104523,0.37957271933555603,0.4984522759914398,-0.01766684278845787,0.37097474932670593,0.3621053099632263,-0.05770787596702576,0.3901146948337555,0.37075045704841614,-0.0959666520357132,0.4080532491207123,0.42478927969932556,-0.1159093827009201,0.3398965001106262,0.5137991905212402,-0.018024997785687447,0.32736366987228394,0.3887060582637787,-0.05149073898792267,0.3515039384365082,0.38378116488456726,-0.0820750743150711,0.373250275850296,0.4374862611293793,-0.0970030426979065,0.2994510531425476,0.5450938940048218,-0.022335251793265343,0.2897358536720276,0.44786274433135986,-0.049801286309957504,0.3130009174346924,0.4243042469024658,-0.07178305089473724,0.33816203474998474,0.44918927550315857,-0.08433186262845993
0.3513301610946655,0.7849524021148682,2.9430387371576217e-07,0.42213255167007446,0.7401247024536133,-0.04405142366886139,0.46682053804397583,0.650881290435791,-0.06215418502688408,0.45684337615966797,0.5698286294937134,-0.07914385944604874,0.42482423782348633,0.5004392862319946,-0.09587840735912323,0.42611703276634216,0.49819251894950867,-0.01904902420938015,0.42554157972335815,0.3770260810852051,-0.04104137048125267,0.41819140315055847,0.29899102449417114,-0.06379717588424683,0.4101642966270447,0.24207380414009094,-0.08157815784215927,0.3822362422943115,0.49711155891418457,-0.016263563185930252,0.3744524121284485,0.36486026644706726,-0.05686827003955841,0.3929689824581146,0.37704843282699585,-0.09540097415447235,0.41051509976387024,0.4333673119544983,-0.1154603660106659,0.3421829342842102,0.513032078742981,-0.01742948405444622,0.3314104974269867,0.39184293150901794,-0.05090190842747688,0.353270560503006,0.38871562480926514,-0.08199658244848251,0.37257593870162964,0.4443013668060303,-0.09734615683555603,0.30103734135627747,0.5442001223564148,-0.022466572001576424,0.29165077209472656,0.4494580328464508,-0.04928034171462059,0.31364789605140686,0.4277495741844177,-0.07154364138841629,0.3378504514694214,0.45484939217567444,-0.08456375449895859
0.35016998648643494,0.7881656885147095,2.3748104638343648e-07,0.422463983297348,0.7482011318206787,-0.040332041680812836,0.4741128087043762,0.6585428714752197,-0.05770571902394295,0.47439607977867126,0.5710741281509399,-0.07430875301361084,0.4296988546848297,0.5225863456726074,-0.09088374674320221,0.42661580443382263,0.49714311957359314,-0.019702082499861717,0.4269757866859436,0.3761727511882782,-0.04127435013651848,0.4196612238883972,0.29904818534851074,-0.062473248690366745,0.4115177094936371,0.24142569303512573,-0.07934974879026413,0.3841477930545807,0.49706149101257324,-0.01873735710978508,0.3785746097564697,0.3657363951206207,-0.06081636622548103,0.3972582221031189,0.39149266481399536,-0.09446471929550171,0.41407227516174316,0.4539561867713928,-0.10959076881408691,0.3443155288696289,0.5135916471481323,-0.021219942718744278,0.3348624110221863,0.39097240567207336,-0.055420856922864914,0.35778534412384033,0.39890509843826294,-0.07958275824785233,0.37630343437194824,0.458493173122406,-0.08898995071649551,0.3017209470272064,0.5430551767349243,-0.027528846636414528,0.2925304174423218,0.44732075929641724,-0.05346223711967468,0.31520336866378784,0.43208274245262146,-0.07088117301464081,0.33821627497673035,0.46357232332229614,-0.07979249954223633
0.35132548213005066,0.7926958799362183,2.458704386754107e-07,0.4238854944705963,0.7530453205108643,-0.03746332600712776,0.47816944122314453,0.6639423370361328,-0.054737914353609085,0.48356422781944275,0.5764971375465393,-0.07190405577421188,0.4383617043495178,0.530145525932312,-0.08915823698043823,0.4295421838760376,0.5037318468093872,-0.017063699662685394,0.4325442314147949,0.38026610016822815,-0.038759324699640274,0.4286513030529022,0.3028002977371216,-0.05971715226769447,0.420017272233963,0.24559959769248962,-0.07618076354265213,0.3884466886520386,0.5019855499267578,-0.018053798004984856,0.38770222663879395,0.3683580756187439,-0.06169125810265541,0.4114997386932373,0.3993740677833557,-0.09527556598186493,0.4274658262729645,0.46818506717681885,-0.10915062576532364,0.34917008876800537,0.5163412690162659,-0.022224020212888718,0.34189918637275696,0.393036425113678,-0.055806420743465424,0.36818334460258484,0.40232887864112854,-0.07794751226902008,0.38603371381759644,0.46237778663635254,-0.08560699224472046,0.30635979771614075,0.5434699058532715,-0.030186254531145096,0.29852139949798584,0.4478898346424103,-0.05449478328227997,0.3239983320236206,0.4335075318813324,-0.06994224339723587,0.34757447242736816,0.46446508169174194,-0.07737481594085693
0.35180965065956116,0.7920181751251221,2.582818865448644e-07,0.42553287744522095,0.7511593103408813,-0.037032004445791245,0.47955426573753357,0.663238525390625,-0.05434143915772438,0.48542845249176025,0.5756782293319702,-0.07178836315870285,0.4403163194656372,0.5277108550071716,-0.08941079676151276,0.4311295747756958,0.5040200352668762,-0.017175057902932167,0.43381616473197937,0.3805534243583679,-0.03857428580522537,0.4306347668170929,0.3018280267715454,-0.058500807732343674,0.42384254932403564,0.2434476912021637,-0.0741543099284172,0.3900618255138397,0.5014106035232544,-0.01835443079471588,0.3888419270515442,0.3679892420768738,-0.06191408261656761,0.4128078520298004,0.399653822183609,-0.09401848167181015,0.4295952320098877,0.46977663040161133,-0.10650857537984848,0.3507860004901886,0.5159008502960205,-0.022696005180478096,0.3432966470718384,0.3922990560531616,-0.0571000911295414,0.3696747124195099,0.40230128169059753,-0.078181691467762,0.3879593014717102,0.463934987783432,-0.0845440998673439,0.30766329169273376,0.5430391430854797,-0.030708927661180496,0.29915720224380493,0.4473162889480591,-0.055929433554410934,0.3244886100292206,0.4335440695285797,-0.0709267109632492,0.34784770011901855,0.46647143363952637,-0.07748916745185852
0.35168638825416565,0.7909283638000488,2.597868444809137e-07,0.42457351088523865,0.7517609596252441,-0.038977183401584625,0.47867926955223083,0.6644384860992432,-0.056998394429683685,0.4859095513820648,0.5794909596443176,-0.07494451105594635,0.44211244583129883,0.530069887638092,-0.0928766131401062,0.43078941106796265,0.5035325288772583,-0.016532236710190773,0.4333224296569824,0.37944895029067993,-0.03847765177488327,0.4285357594490051,0.3011665940284729,-0.05973429977893829,0.42079252004623413,0.24282518029212952,-0.07652436941862106,0.389446884393692,0.5018231868743896,-0.016661113128066063,0.39159590005874634,0.3722569942474365,-0.06163095682859421,0.4132000803947449,0.40575772523880005,-0.09616869688034058,0.42833778262138367,0.47431060671806335,-0.11047708243131638,0.3495725095272064,0.5158129930496216,-0.020261146128177643,0.3445209860801697,0.39300796389579773,-0.05497002601623535,0.3688601851463318,0.40349555015563965,-0.07796942442655563,0.38590142130851746,0.4642792046070099,-0.08593225479125977,0.3067929446697235,0.5421891212463379,-0.027728499844670296,0.29975906014442444,0.44805240631103516,-0.05272576957941055,0.3235676884651184,0.4344034492969513,-0.06888100504875183,0.3458102345466614,0.46624553203582764,-0.07664727419614792
0.35065338015556335,0.7924165725708008,2.545285724409041e-07,0.42227569222450256,0.7521856427192688,-0.036089688539505005,0.4769432544708252,0.6644487380981445,-0.05295461416244507,0.48412245512008667,0.5790320634841919,-0.06987833231687546,0.4400857388973236,0.5329830050468445,-0.08670732378959656,0.42821207642555237,0.5037713646888733,-0.017619358375668526,0.43056049942970276,0.378357470035553,-0.03900974988937378,0.4266586899757385,0.3002520799636841,-0.05842749774456024,0.4194427728652954,0.24203667044639587,-0.07338206470012665,0.386605829000473,0.5017402172088623,-0.018829096108675003,0.38547515869140625,0.3674551844596863,-0.061779849231243134,0.4091351330280304,0.399936318397522,-0.09210903942584991,0.4256647229194641,0.46961817145347595,-0.10305960476398468,0.34729915857315063,0.5165071487426758,-0.02310003526508808,0.3405503034591675,0.39060866832733154,-0.056668564677238464,0.36662957072257996,0.4032056927680969,-0.07525525987148285,0.38473445177078247,0.46488481760025024,-0.07966822385787964,0.3047301769256592,0.5439528822898865,-0.03104105219244957,0.2968621551990509,0.4477323293685913,-0.05555224046111107,0.3214983344078064,0.4354035556316376,-0.06875555217266083,0.3442291021347046,0.46826961636543274,-0.07365414500236511
0.3496243953704834,0.7938263416290283,2.2299873592146469e-07,0.4213428497314453,0.7555073499679565,-0.03575444966554642,0.4757818877696991,0.6689696311950684,-0.053799957036972046,0.4833015203475952,0.5844258069992065,-0.07230407744646072,0.43781039118766785,0.5412794947624207,-0.09094206243753433,0.4295310378074646,0.5050113201141357,-0.020597483962774277,0.43242061138153076,0.37994104623794556,-0.04286058992147446,0.42827194929122925,0.30184948444366455,-0.062040019780397415,0.4214363992214203,0.2417246401309967,-0.0770900771021843,0.38671424984931946,0.5036652684211731,-0.022901751101017,0.38582301139831543,0.37174752354621887,-0.06737916171550751,0.4098703861236572,0.4119173586368561,-0.09669072180986404,0.427218496799469,0.4819695055484772,-0.10678229480981827,0.34635689854621887,0.5194514989852905,-0.02809331752359867,0.34124425053596497,0.3942568302154541,-0.06329832971096039,0.36843955516815186,0.4141380786895752,-0.08038603514432907,0.38679635524749756,0.4779873192310333,-0.0834156796336174,0.3033101260662079,0.5472792983055115,-0.03695684298872948,0.29744207859039307,0.4502120018005371,-0.06229134276509285,0.32276296615600586,0.4408121705055237,-0.07489041984081268,0.344834566116333,0.47514697909355164,-0.07932530343532562
0.3429849147796631,0.7993693351745605,2.1561247365298186e-07,0.41609591245651245,0.7599237561225891,-0.03692994266748428,0.47276464104652405,0.6691830158233643,-0.05453110858798027,0.4793071746826172,0.5813355445861816,-0.07242660969495773,0.4302881956100464,0.5438442826271057,-0.09039336442947388,0.4233136475086212,0.5066533088684082,-0.019188301637768745,0.4256085157394409,0.37960880994796753,-0.040509868413209915,0.4206383228302002,0.30105727910995483,-0.059532053768634796,0.4134337902069092,0.2413400411605835,-0.07485535740852356,0.3804152309894562,0.5055519342422485,-0.020715435966849327,0.3813095688819885,0.37373217940330505,-0.0653550922870636,0.40409359335899353,0.4149547219276428,-0.09621326625347137,0.42053261399269104,0.486111581325531,-0.10746429115533829,0.3400065004825592,0.5199070572853088,-0.025287482887506485,0.3332059979438782,0.39486706256866455,-0.06028551608324051,0.3582513630390167,0.41290390491485596,-0.0800522193312645,0.3758055567741394,0.47721078991889954,-0.08524695038795471,0.2970931828022003,0.5455867648124695,-0.03359023109078407,0.29003995656967163,0.4477792978286743,-0.05813734605908394,0.31428101658821106,0.4390850067138672,-0.07193095237016678,0.33604392409324646,0.47638216614723206,-0.07776962965726852
0.3450121283531189,0.7939002513885498,2.0368305797546782e-07,0.4171822667121887,0.7527799010276794,-0.036154791712760925,0.4715639650821686,0.6677969098091125,-0.05501774698495865,0.4774135947227478,0.5848326683044434,-0.07434894889593124,0.4325862526893616,0.5407106876373291,-0.09380371868610382,0.42362451553344727,0.5041150450706482,-0.02278992347419262,0.4256775379180908,0.37722617387771606,-0.0456509031355381,0.42096230387687683,0.2995043098926544,-0.06444507092237473,0.41419512033462524,0.24017634987831116,-0.07896535843610764,0.3807578384876251,0.503296434879303,-0.024779239669442177,0.38017138838768005,0.3713068962097168,-0.06920569390058517,0.40342625975608826,0.41252759099006653,-0.09766028076410294,0.4205990135669708,0.4815789461135864,-0.10742102563381195,0.3404940068721771,0.5190787315368652,-0.029689384624361992,0.33309370279312134,0.392970472574234,-0.0648067370057106,0.358552485704422,0.41355860233306885,-0.0816003680229187,0.37649354338645935,0.4773408770561218,-0.08478100597858429,0.29774442315101624,0.5467185974121094,-0.038239736109972,0.2898411154747009,0.4493553936481476,-0.06317325681447983,0.31423747539520264,0.4425022602081299,-0.07523635029792786,0.3354750871658325,0.47940120100975037,-0.07952211797237396
0.30633124709129333,0.7703320384025574,3.6599098507394956e-07,0.3769829571247101,0.714350700378418,-0.03251254931092262,0.4317634701728821,0.6281091570854187,-0.04582439735531807,0.4226938486099243,0.545810878276825,-0.059497587382793427,0.3808895945549011,0.4970480501651764,-0.07334400713443756,0.3815377354621887,0.486721396446228,-0.014103444293141365,0.3841257691383362,0.35579895973205566,-0.03576977550983429,0.38597750663757324,0.27245816588401794,-0.05524252727627754,0.3859051764011383,0.21175828576087952,-0.06859949231147766,0.33819401264190674,0.48364803194999695,-0.015027010813355446,0.3365981876850128,0.3562498390674591,-0.057157084345817566,0.35998377203941345,0.36521199345588684,-0.08877842128276825,0.37428539991378784,0.424772173166275,-0.10065660625696182,0.2986590266227722,0.49808573722839355,-0.018956998363137245,0.2940993010997772,0.379615843296051,-0.05308617278933525,0.31956911087036133,0.3823641538619995,-0.0744183138012886,0.3372578024864197,0.4416879117488861,-0.07966914772987366,0.2568727731704712,0.5253681540489197,-0.025975707918405533,0.24695083498954773,0.43074464797973633,-0.05071800947189331,0.2704446017742157,0.4097082018852234,-0.06493274867534637,0.2947790026664734,0.43619871139526367,-0.06939183175563812
0.24606359004974365,0.7567304372787476,3.80904282337724e-07,0.3170029819011688,0.7027531862258911,-0.03818650543689728,0.37095874547958374,0.611026406288147,-0.05346440151333809,0.35628992319107056,0.5228065848350525,-0.06834018230438232,0.30669063329696655,0.4697306752204895,-0.08351500332355499,0.33020535111427307,0.45902618765830994,-0.017673665657639503,0.34938153624534607,0.3270406723022461,-0.03691268339753151,0.3547431230545044,0.24496707320213318,-0.05551322177052498,0.3555013835430145,0.18437671661376953,-0.07002416998147964,0.2773066759109497,0.45467954874038696,-0.01699230819940567,0.2635120749473572,0.32491251826286316,-0.05679735913872719,0.2808414101600647,0.3416578769683838,-0.08910150825977325,0.2941107153892517,0.4027324914932251,-0.10358880460262299,0.23131395876407623,0.4715435206890106,-0.019399521872401237,0.21175402402877808,0.35199201107025146,-0.05227368697524071,0.23413603007793427,0.35507410764694214,-0.07608626037836075,0.2522079646587372,0.4131467938423157,-0.08513976633548737,0.1875501573085785,0.5045039057731628,-0.025294942781329155,0.17140638828277588,0.40883293747901917,-0.049640022218227386,0.19495224952697754,0.3884567320346832,-0.06601255387067795,0.22110989689826965,0.4156759977340698,-0.0736488625407219
0.22344303131103516,0.7556413412094116,3.6452661333896685e-07,0.29389476776123047,0.6981157064437866,-0.047386284917593,0.34406837821006775,0.6039808988571167,-0.06791975349187851,0.3282661437988281,0.5145228505134583,-0.08641798794269562,0.27772706747055054,0.4660874009132385,-0.10491567105054855,0.30341261625289917,0.44666042923927307,-0.02691122330725193,0.3242875635623932,0.31868976354599,-0.05120723322033882,0.3295381963253021,0.23640626668930054,-0.07425887882709503,0.33213886618614197,0.17613303661346436,-0.0919773206114769,0.24877217411994934,0.44549423456192017,-0.024393443018198013,0.23172011971473694,0.31115561723709106,-0.07134955376386642,0.2405715137720108,0.3380836546421051,-0.10791166126728058,0.2562851011753082,0.4044215679168701,-0.12374214828014374,0.20064187049865723,0.4652880132198334,-0.025603722780942917,0.1802367866039276,0.3461982011795044,-0.06395234167575836,0.19444602727890015,0.3496352434158325,-0.09131161868572235,0.21356283128261566,0.407964825630188,-0.10175656527280807,0.15518096089363098,0.5026529431343079,-0.030896250158548355,0.13873299956321716,0.40758106112480164,-0.058487821370363235,0.15734902024269104,0.3872830867767334,-0.07660026103258133,0.18258343636989594,0.41563737392425537,-0.08512713760137558
0.21025580167770386,0.737500011920929,3.954229441660573e-07,0.27812930941581726,0.6776506900787354,-0.046633120626211166,0.3269597589969635,0.5862745642662048,-0.06643524765968323,0.30814099311828613,0.5001622438430786,-0.08406063169240952,0.26162582635879517,0.4423340857028961,-0.10156961530447006,0.29317736625671387,0.4332723319530487,-0.02451959438621998,0.3205597698688507,0.3083181381225586,-0.04867906495928764,0.3307885229587555,0.2275594174861908,-0.07187056541442871,0.33791208267211914,0.16736385226249695,-0.08975512534379959,0.23800231516361237,0.4297383427619934,-0.021837063133716583,0.21976830065250397,0.29548168182373047,-0.06788390874862671,0.22790147364139557,0.3222789466381073,-0.10532594472169876,0.2430289387702942,0.3871217370033264,-0.12255208939313889,0.1885954588651657,0.4471478760242462,-0.023128177970647812,0.16627344489097595,0.3265441656112671,-0.06215498968958855,0.1794644594192505,0.32796141505241394,-0.09190195053815842,0.19684192538261414,0.38351234793663025,-0.10444474220275879,0.14173327386379242,0.48242902755737305,-0.028109025210142136,0.12264318019151688,0.38955017924308777,-0.05700718238949776,0.1398581862449646,0.37038207054138184,-0.07680976390838623,0.16350021958351135,0.3954424560070038,-0.08684046566486359
0.190181702375412,0.710157036781311,3.7322914181459055e-07,0.2562728226184845,0.6505736112594604,-0.04356878995895386,0.3041083812713623,0.5532726645469666,-0.059954188764095306,0.2866332232952118,0.4688158631324768,-0.07463707029819489,0.23865199089050293,0.4157196879386902,-0.08945253491401672,0.26171183586120605,0.4047588109970093,-0.020018765702843666,0.2787114381790161,0.2778016924858093,-0.041315749287605286,0.2826339304447174,0.19708287715911865,-0.06261830031871796,0.2863888740539551,0.13714081048965454,-0.07905112951993942,0.20957554876804352,0.40272057056427,-0.01696583442389965,0.19800248742103577,0.27318716049194336,-0.059555165469646454,0.20295029878616333,0.28864002227783203,-0.09655331075191498,0.21365387737751007,0.3509904742240906,-0.11367940902709961,0.16329409182071686,0.42029011249542236,-0.017730366438627243,0.1425064206123352,0.30044931173324585,-0.0529308058321476,0.15056516230106354,0.29206395149230957,-0.08436766266822815,0.1646403819322586,0.34510087966918945,-0.09861572831869125,0.1195109486579895,0.4546366035938263,-0.021962890401482582,0.100806824862957,0.36097443103790283,-0.048344291746616364,0.1152699738740921,0.33745720982551575,-0.06948293000459671,0.1374487578868866,0.36278170347213745,-0.08085957914590836
0.16002480685710907,0.6946419477462769,3.009508873219602e-07,0.21873076260089874,0.6363519430160522,-0.056111399084329605,0.25941672921180725,0.5383554100990295,-0.07906923443078995,0.2379666268825531,0.4536976218223572,-0.09881433099508286,0.1929691880941391,0.3892553448677063,-0.11770849674940109,0.22264209389686584,0.3806285858154297,-0.026725521311163902,0.22130395472049713,0.25273850560188293,-0.051261384040117264,0.21077480912208557,0.1719885766506195,-0.0775298923254013,0.20225481688976288,0.11362513899803162,-0.09817957133054733,0.16964377462863922,0.38537806272506714,-0.020357728004455566,0.1572573333978653,0.2598631978034973,-0.06970628350973129,0.15740980207920074,0.28205999732017517,-0.11556005477905273,0.16666097939014435,0.34477168321609497,-0.13904577493667603,0.12073559314012527,0.40736913681030273,-0.01901395618915558,0.10312128067016602,0.29082411527633667,-0.06000138446688652,0.10516247153282166,0.28368327021598816,-0.10042595118284225,0.11679062247276306,0.3401728868484497,-0.12088432163000107,0.0755256786942482,0.4436800479888916,-0.022085830569267273,0.0610383003950119,0.34583815932273865,-0.05344652011990547,0.07012316584587097,0.32321488857269287,-0.08040206134319305,0.08728419244289398,0.3534902334213257,-0.09630205482244492
0.13667640089988708,0.6772632002830505,2.7766890298153157e-07,0.1944449096918106,0.6057445406913757,-0.04681633785367012,0.2287386953830719,0.5047260522842407,-0.0647956132888794,0.19860756397247314,0.41735851764678955,-0.07994553446769714,0.14981447160243988,0.3659447133541107,-0.09356847405433655,0.19391706585884094,0.3689037561416626,-0.01894509419798851,0.19598524272441864,0.24246607720851898,-0.03957180306315422,0.1853768229484558,0.16418743133544922,-0.06046760082244873,0.17415806651115417,0.10470312833786011,-0.07682473212480545,0.14191046357154846,0.36991623044013977,-0.013459868729114532,0.1225137785077095,0.24881885945796967,-0.054742056876420975,0.131791353225708,0.2740081548690796,-0.08869887888431549,0.14706288278102875,0.334805965423584,-0.10410619527101517,0.09567523002624512,0.3878730237483978,-0.012401237152516842,0.07365039736032486,0.27401667833328247,-0.046504534780979156,0.08753572404384613,0.27608931064605713,-0.07314252853393555,0.10611563920974731,0.3313920497894287,-0.08438690751791,0.05212606489658356,0.4197608232498169,-0.01548844762146473,0.033849187195301056,0.32837215065956116,-0.040121011435985565,0.048394784331321716,0.3102906346321106,-0.05744580179452896,0.06974329054355621,0.33729833364486694,-0.06618869304656982
0.13106945157051086,0.6278650164604187,2.7741151598092983e-07,0.1890881359577179,0.5623886585235596,-0.047224678099155426,0.2247956544160843,0.45774176716804504,-0.06493820995092392,0.19141116738319397,0.3713584244251251,-0.07962063699960709,0.13761495053768158,0.32953161001205444,-0.09283553808927536,0.18749399483203888,0.3246758282184601,-0.020284997299313545,0.18772628903388977,0.20250606536865234,-0.04111899435520172,0.178071990609169,0.12421244382858276,-0.061321478337049484,0.16729813814163208,0.0635627806186676,-0.0772733986377716,0.13456816971302032,0.32356372475624084,-0.014296969398856163,0.11650055646896362,0.2089730203151703,-0.05533891171216965,0.12562501430511475,0.236154705286026,-0.0874357745051384,0.1395462304353714,0.2981135845184326,-0.10108654201030731,0.08829960227012634,0.34006303548812866,-0.01268770918250084,0.06593425571918488,0.22726251184940338,-0.0473187081515789,0.0789235532283783,0.2295946627855301,-0.07176119089126587,0.0963030755519867,0.2855338454246521,-0.08070122450590134,0.045422375202178955,0.3701736032962799,-0.015182501636445522,0.027286693453788757,0.275355726480484,-0.04064899682998657,0.04361427575349808,0.2561430335044861,-0.056590236723423004,0.06629297137260437,0.28499042987823486,-0.06360775977373123
0.13338255882263184,0.5787910223007202,3.210585077795258e-07,0.1920815110206604,0.514158308506012,-0.0545974038541317,0.23008760809898376,0.4059131145477295,-0.0739373117685318,0.20302104949951172,0.3125881254673004,-0.08999526500701904,0.15145590901374817,0.2574104070663452,-0.10478274524211884,0.19197160005569458,0.26757606863975525,-0.01931719481945038,0.19335654377937317,0.13987457752227783,-0.04062109440565109,0.18115587532520294,0.06099101901054382,-0.06361524760723114,0.16882950067520142,0.0011897087097167969,-0.0824030414223671,0.14005865156650543,0.2696847915649414,-0.011734924279153347,0.12005078792572021,0.14918376505374908,-0.05711903050541878,0.12914873659610748,0.16768382489681244,-0.10040666908025742,0.14570386707782745,0.22409729659557343,-0.12245164811611176,0.09472695738077164,0.28949010372161865,-0.009211400523781776,0.07220209389925003,0.17409883439540863,-0.048948172479867935,0.08538061380386353,0.1658938080072403,-0.08765639364719391,0.10638268291950226,0.22054362297058105,-0.1063511073589325,0.052103228867053986,0.32457435131073,-0.01096945907920599,0.0343320295214653,0.2303144633769989,-0.041368577629327774,0.04795173555612564,0.20027893781661987,-0.06829561293125153,0.07178293168544769,0.22170132398605347,-0.08390636742115021
0.1365974396467209,0.5661557912826538,2.9612147045554593e-07,0.19425588846206665,0.5058039426803589,-0.05755968019366264,0.23242689669132233,0.3993590474128723,-0.07898712158203125,0.20794016122817993,0.3095456063747406,-0.09643826633691788,0.16065356135368347,0.24983546137809753,-0.11279381066560745,0.1937507838010788,0.25349992513656616,-0.026056768372654915,0.19551686942577362,0.12492266297340393,-0.05022137612104416,0.18442600965499878,0.04237380623817444,-0.07666271179914474,0.17448008060455322,-0.016042441129684448,-0.09773194789886475,0.1427384912967682,0.25823503732681274,-0.018018372356891632,0.1301562488079071,0.13220401108264923,-0.06619180738925934,0.1310976892709732,0.1450195014476776,-0.11348669975996017,0.140882208943367,0.20204785466194153,-0.13881050050258636,0.09715456515550613,0.2791489064693451,-0.014914209954440594,0.07998262345790863,0.16501425206661224,-0.05448972061276436,0.0847933292388916,0.15105393528938293,-0.09598621726036072,0.09958507120609283,0.20366519689559937,-0.11815004050731659,0.05453978478908539,0.31627747416496277,-0.016478391364216805,0.03997594863176346,0.2229161262512207,-0.046048812568187714,0.04737022519111633,0.1887708604335785,-0.07434209436178207,0.06467290222644806,0.20595186948776245,-0.09237616509199142
0.1333993524312973,0.5640537738800049,2.9278032798174536e-07,0.19085246324539185,0.5009745359420776,-0.050828199833631516,0.22772423923015594,0.3964189887046814,-0.07050498574972153,0.2048671543598175,0.30873164534568787,-0.0876462534070015,0.15702088177204132,0.25055524706840515,-0.10409649461507797,0.1908261775970459,0.2495756447315216,-0.02147458866238594,0.18957343697547913,0.12153595685958862,-0.04256022348999977,0.18042610585689545,0.04223862290382385,-0.06608852744102478,0.17151767015457153,-0.014338493347167969,-0.08508287370204926,0.13955244421958923,0.2536833584308624,-0.015686318278312683,0.12165577709674835,0.13399861752986908,-0.05971366912126541,0.13493473827838898,0.14994250237941742,-0.10197054594755173,0.15259414911270142,0.20922377705574036,-0.12430329620838165,0.09399940073490143,0.2751438319683075,-0.014470717869699001,0.07066679000854492,0.15731969475746155,-0.051334209740161896,0.08573094010353088,0.1495695561170578,-0.08770930767059326,0.10611366480588913,0.2067120224237442,-0.10657591372728348,0.05179118365049362,0.3113286793231964,-0.017445139586925507,0.03434161841869354,0.21617752313613892,-0.04612378403544426,0.04970962554216385,0.19067394733428955,-0.07131499797105789,0.07336202263832092,0.21741732954978943,-0.08664144575595856
0.1460842788219452,0.5620383024215698,2.990329903695965e-07,0.206200510263443,0.49842625856399536,-0.05482043698430061,0.24700602889060974,0.393774151802063,-0.07621132582426071,0.22184321284294128,0.30224841833114624,-0.09444054961204529,0.17018342018127441,0.24697867035865784,-0.11221092194318771,0.2081594169139862,0.2556748688220978,-0.02614189125597477,0.21598711609840393,0.12120868265628815,-0.049450796097517014,0.21483054757118225,0.03821682929992676,-0.07495168596506119,0.21421465277671814,-0.02443024516105652,-0.09600149840116501,0.15703454613685608,0.25758659839630127,-0.018966658040881157,0.1467067152261734,0.13793441653251648,-0.06604596227407455,0.15256163477897644,0.15118397772312164,-0.11205174773931503,0.16616827249526978,0.20483925938606262,-0.13779686391353607,0.11129042506217957,0.2758535146713257,-0.016458002850413322,0.09458457678556442,0.1618700623512268,-0.05518593639135361,0.10376225411891937,0.14838731288909912,-0.09607046842575073,0.12178073823451996,0.20043854415416718,-0.11901188641786575,0.06936496496200562,0.3099827468395233,-0.01839655451476574,0.05290959030389786,0.21930280327796936,-0.04852703958749771,0.06357435137033463,0.18735340237617493,-0.07764557003974915,0.08476585149765015,0.20497101545333862,-0.09685315936803818
0.1657349169254303,0.5730656981468201,4.1782121229516633e-07,0.22942864894866943,0.5067415833473206,-0.044958677142858505,0.2729656398296356,0.3985435664653778,-0.06232321634888649,0.25026029348373413,0.30577561259269714,-0.07778064161539078,0.1978279948234558,0.25411248207092285,-0.09269445389509201,0.23042032122612,0.26071855425834656,-0.01978362537920475,0.24102698266506195,0.12430828809738159,-0.04263949394226074,0.249031662940979,0.04077547788619995,-0.06523653119802475,0.2563461363315582,-0.01925376057624817,-0.08205560594797134,0.1802084594964981,0.2611749470233917,-0.015033596195280552,0.17179785668849945,0.14180245995521545,-0.05707953870296478,0.19170644879341125,0.14862927794456482,-0.09251677989959717,0.21244540810585022,0.20613569021224976,-0.10962404310703278,0.13589681684970856,0.27990251779556274,-0.01485929824411869,0.1221817135810852,0.16113564372062683,-0.05008182302117348,0.14341752231121063,0.1505061537027359,-0.07736832648515701,0.1668177992105484,0.20632103085517883,-0.08932136744260788,0.09297710657119751,0.3132898509502411,-0.01879621110856533,0.08220014721155167,0.21743077039718628,-0.04758397489786148,0.10218207538127899,0.18636605143547058,-0.06859999895095825,0.12874573469161987,0.20673850178718567,-0.07955335080623627
0.2193906307220459,0.6186308264732361,5.34761568360409e-07,0.2906683087348938,0.5418005585670471,-0.03618670627474785,0.33870431780815125,0.4439474940299988,-0.05031127110123634,0.32770031690597534,0.34603920578956604,-0.06504040211439133,0.2772025167942047,0.29397276043891907,-0.07849981635808945,0.29394209384918213,0.30170851945877075,-0.0077367075718939304,0.2984311580657959,0.18200036883354187,-0.028599921613931656,0.29508113861083984,0.10776621103286743,-0.0478070043027401,0.2925422787666321,0.044350624084472656,-0.06211015582084656,0.2482413351535797,0.29574570059776306,-0.008527274243533611,0.24982376396656036,0.16551408171653748,-0.036395952105522156,0.2686069905757904,0.09714074432849884,-0.062342628836631775,0.2858497202396393,0.060184091329574585,-0.07926143705844879,0.20503735542297363,0.3143928647041321,-0.015108459629118443,0.20120960474014282,0.1958298236131668,-0.0493391677737236,0.23348461091518402,0.20586924254894257,-0.07101038098335266,0.2614802420139313,0.2588111162185669,-0.07871739566326141,0.16211974620819092,0.34695321321487427,-0.025379370898008347,0.15715643763542175,0.25182196497917175,-0.05226847901940346,0.18481531739234924,0.2340293824672699,-0.06670038402080536,0.21466195583343506,0.25449907779693604,-0.07349710911512375
0.2850613296031952,0.6322149634361267,3.62709471346534e-07,0.36385422945022583,0.5702603459358215,-0.024027114734053612,0.41529613733291626,0.4785117208957672,-0.033380746841430664,0.41879236698150635,0.3943573236465454,-0.04544874653220177,0.38362956047058105,0.3442940413951874,-0.05758025497198105,0.3711186647415161,0.3393956422805786,-0.002653519855812192,0.3761802017688751,0.2101678103208542,-0.022842012345790863,0.37931132316589355,0.12112371623516083,-0.0422787070274353,0.3777826130390167,0.05424153804779053,-0.05657314881682396,0.3284001052379608,0.330752432346344,-0.007857833057641983,0.32141244411468506,0.20423848927021027,-0.04683765023946762,0.3564510941505432,0.20127937197685242,-0.07661154121160507,0.379469096660614,0.2535684108734131,-0.08865152299404144,0.28575465083122253,0.3419199585914612,-0.01612880825996399,0.2793232500553131,0.22275453805923462,-0.04840634763240814,0.31655362248420715,0.2164699137210846,-0.0673707127571106,0.3428013324737549,0.2658802270889282,-0.07215838879346848,0.24246186017990112,0.36699703335762024,-0.027264218777418137,0.2336796373128891,0.26888954639434814,-0.052097219973802567,0.26625221967697144,0.24492809176445007,-0.06477955728769302,0.2982012927532196,0.27002930641174316,-0.06855273991823196
0.3663536608219147,0.6624442338943481,2.178693989662861e-07,0.4437975287437439,0.6152862310409546,-0.023172711953520775,0.5065584182739258,0.5351686477661133,-0.03461823612451553,0.5182451009750366,0.45149728655815125,-0.048721205443143845,0.4845086336135864,0.3951074182987213,-0.06308548152446747,0.45836198329925537,0.3780524730682373,-0.008873370476067066,0.4655604362487793,0.2457161396741867,-0.03066587634384632,0.4726676642894745,0.163004070520401,-0.050256118178367615,0.4741203784942627,0.09901055693626404,-0.0645219162106514,0.4166724681854248,0.37318506836891174,-0.015270848758518696,0.4160816967487335,0.2395991086959839,-0.053843412548303604,0.4553832411766052,0.25401538610458374,-0.08086777478456497,0.4776066839694977,0.3106521964073181,-0.09187227487564087,0.37775757908821106,0.38430601358413696,-0.02427593804895878,0.3792417347431183,0.2546553909778595,-0.05645381286740303,0.41994616389274597,0.26928675174713135,-0.07049966603517532,0.4423930048942566,0.3258715867996216,-0.07278050482273102,0.3369511365890503,0.4061770439147949,-0.036065082997083664,0.3377198576927185,0.3043122887611389,-0.0606311596930027,0.3719883859157562,0.29539090394973755,-0.0700530931353569,0.39849933981895447,0.3276899456977844,-0.07206006348133087
0.41383978724479675,0.7016088962554932,3.233236895994196e-07,0.4969329833984375,0.6543703079223633,-0.023933857679367065,0.566020131111145,0.5794097185134888,-0.04120951518416405,0.5916188955307007,0.4971141219139099,-0.062011055648326874,0.5520585775375366,0.4417746067047119,-0.08396171033382416,0.513351321220398,0.4066343605518341,-0.013768572360277176,0.5245535373687744,0.26778078079223633,-0.036088310182094574,0.5330707430839539,0.1882719248533249,-0.05619952455163002,0.5343547463417053,0.12113526463508606,-0.07224378734827042,0.4735863506793976,0.4016183614730835,-0.023646226152777672,0.48194563388824463,0.26559025049209595,-0.06389481574296951,0.5259925127029419,0.2944021224975586,-0.09158116579055786,0.5478475093841553,0.3566598892211914,-0.10408586263656616,0.43330809473991394,0.4151318371295929,-0.03582038730382919,0.43744146823883057,0.2804258465766907,-0.06754549592733383,0.48347750306129456,0.30597376823425293,-0.08069872856140137,0.5067464709281921,0.36948317289352417,-0.08388322591781616,0.3879125118255615,0.4420969784259796,-0.051310520619153976,0.3885503113269806,0.33419185876846313,-0.07624378055334091,0.4287537634372711,0.3305274546146393,-0.08648254722356796,0.45841240882873535,0.3684491515159607,-0.0903502106666565
0.4601641893386841,0.7064570188522339,3.352796227318322e-07,0.5424008369445801,0.6692515015602112,-0.027205277234315872,0.6115685701370239,0.5937737226486206,-0.04513569176197052,0.6432633996009827,0.5166415572166443,-0.06602481752634048,0.6136817932128906,0.44996312260627747,-0.08833567053079605,0.5591505169868469,0.4174985885620117,-0.01774444803595543,0.5674663186073303,0.2797863483428955,-0.039698582142591476,0.5768774151802063,0.20114418864250183,-0.06003154069185257,0.57822585105896,0.13325846195220947,-0.07675917446613312,0.5193706154823303,0.41448888182640076,-0.026447344571352005,0.5300776362419128,0.277890145778656,-0.06811113655567169,0.5771206617355347,0.3104790151119232,-0.09885293990373611,0.599098801612854,0.37378716468811035,-0.11350714415311813,0.47898629307746887,0.42882484197616577,-0.037269752472639084,0.48469898104667664,0.295695036649704,-0.07082340866327286,0.5331112742424011,0.3263857364654541,-0.08696231245994568,0.5556806921958923,0.39048996567726135,-0.09198147803544998,0.43463388085365295,0.45627766847610474,-0.05132175609469414,0.44065672159194946,0.3490467667579651,-0.07820764183998108,0.48308485746383667,0.34962892532348633,-0.09037699550390244,0.5117232799530029,0.3883852958679199,-0.09565970301628113
0.4921548664569855,0.7152734994888306,3.261077381466748e-07,0.5733171701431274,0.6831935048103333,-0.028563842177391052,0.643294095993042,0.6049451231956482,-0.047999341040849686,0.6804280877113342,0.5249866843223572,-0.0702713206410408,0.6489202976226807,0.46283918619155884,-0.0940016433596611,0.5918718576431274,0.42773425579071045,-0.022104602307081223,0.5997142791748047,0.28618818521499634,-0.043788209557533264,0.6093384623527527,0.2051488161087036,-0.06283622235059738,0.6089415550231934,0.13486170768737793,-0.07902595400810242,0.5526007413864136,0.42339593172073364,-0.03088214620947838,0.5702983140945435,0.2861484885215759,-0.07360587269067764,0.6168243885040283,0.32766950130462646,-0.10191144794225693,0.6342517137527466,0.39407551288604736,-0.11401285976171494,0.5121370553970337,0.4360291063785553,-0.04161730036139488,0.5222651958465576,0.2997581660747528,-0.0754411593079567,0.5705834031105042,0.3390839993953705,-0.08778050541877747,0.5891536474227905,0.4063703417778015,-0.08978772908449173,0.46757757663726807,0.4617672562599182,-0.05579785257577896,0.4778556823730469,0.35334157943725586,-0.08267790824174881,0.521118700504303,0.35951852798461914,-0.09249439835548401,0.5467261672019958,0.40227898955345154,-0.09588339924812317
0.5203607082366943,0.7085509300231934,3.522069107475545e-07,0.602923572063446,0.6729990243911743,-0.025693833827972412,0.6732208728790283,0.5974366664886475,-0.04526494815945625,0.7124794125556946,0.5229495167732239,-0.06834688037633896,0.6853916645050049,0.46233370900154114,-0.09309747070074081,0.619286060333252,0.42004674673080444,-0.024863284081220627,0.6284727454185486,0.2768239974975586,-0.047950442880392075,0.6375799775123596,0.19537684321403503,-0.066464364528656,0.6372567415237427,0.12496083974838257,-0.08179077506065369,0.5796430706977844,0.41722604632377625,-0.03575477749109268,0.596437931060791,0.27553248405456543,-0.07885399460792542,0.6451321840286255,0.3174762427806854,-0.10598008334636688,0.6657063961029053,0.38358867168426514,-0.11706113070249557,0.5392442345619202,0.43187567591667175,-0.04821274057030678,0.5463130474090576,0.29314568638801575,-0.08246410638093948,0.5962352156639099,0.33198869228363037,-0.09372930973768234,0.617671549320221,0.39909684658050537,-0.0948367789387703,0.4960673749446869,0.460013747215271,-0.06380296498537064,0.5050387382507324,0.3495658040046692,-0.09074608236551285,0.5483911633491516,0.3537440896034241,-0.09993423521518707,0.5745828747749329,0.39549195766448975,-0.10274410992860794
0.5559620261192322,0.6741456985473633,3.5295749967190204e-07,0.6394578218460083,0.6423437595367432,-0.023767203092575073,0.7097667455673218,0.5664275288581848,-0.03889057785272598,0.7510287761688232,0.49242615699768066,-0.05632820725440979,0.7305716872215271,0.436500608921051,-0.07518984377384186,0.6589571237564087,0.3915267884731293,-0.02290588989853859,0.6695584654808044,0.2513023614883423,-0.044121045619249344,0.6793130040168762,0.16917911171913147,-0.06291648000478745,0.6795004606246948,0.09973520040512085,-0.07827349752187729,0.6196154356002808,0.3871621787548065,-0.03175646439194679,0.632532000541687,0.24904915690422058,-0.07097189873456955,0.6805087327957153,0.27732163667678833,-0.09703423827886581,0.7013674378395081,0.33826979994773865,-0.10835537314414978,0.579109251499176,0.40175560116767883,-0.04196950048208237,0.5841716527938843,0.26593998074531555,-0.07271473854780197,0.6320860981941223,0.28913456201553345,-0.08429695665836334,0.6542264819145203,0.3480285406112671,-0.0865999385714531,0.5361621975898743,0.4285997152328491,-0.055211566388607025,0.5441797375679016,0.3211275339126587,-0.08059199154376984,0.5845233201980591,0.31689614057540894,-0.09012255072593689,0.611013650894165,0.3509543538093567,-0.09333501011133194
0.5861878395080566,0.6456106305122375,3.781400721436512e-07,0.6700612902641296,0.6126660704612732,-0.023384692147374153,0.7414783239364624,0.5360453128814697,-0.03720979765057564,0.7858642339706421,0.4630014896392822,-0.05354851484298706,0.7715599536895752,0.4010714590549469,-0.0706847533583641,0.6900644302368164,0.3666854798793793,-0.0180391576141119,0.7011294960975647,0.22881612181663513,-0.039796434342861176,0.7137008905410767,0.14702686667442322,-0.05892660468816757,0.71812504529953,0.07964333891868591,-0.07381843775510788,0.6525641083717346,0.360036164522171,-0.026571406051516533,0.6624466180801392,0.22407697141170502,-0.06692703068256378,0.713440477848053,0.24474258720874786,-0.09388239681720734,0.739315390586853,0.30396217107772827,-0.1049904152750969,0.614880383014679,0.37206918001174927,-0.0371352918446064,0.6209726333618164,0.2414630651473999,-0.06784765422344208,0.6726502180099487,0.25687456130981445,-0.08071242272853851,0.7018678784370422,0.3110322952270508,-0.08332409709692001,0.5753237009048462,0.3970842957496643,-0.05091969296336174,0.5818539261817932,0.29156556725502014,-0.0757417306303978,0.6240314841270447,0.28192198276519775,-0.086371511220932,0.6562358736991882,0.31191301345825195,-0.08994106203317642
0.6361280083656311,0.6232994794845581,4.244132867370354e-07,0.7204144597053528,0.5882419347763062,-0.025636767968535423,0.7956392765045166,0.5145216584205627,-0.04119643568992615,0.8392915725708008,0.441916823387146,-0.05949102342128754,0.8253030776977539,0.37240973114967346,-0.07812996953725815,0.7470503449440002,0.3458607792854309,-0.01574661210179329,0.7601528167724609,0.2039930373430252,-0.038830772042274475,0.774030327796936,0.1224546730518341,-0.05847586318850517,0.7801915407180786,0.056060850620269775,-0.0736820250749588,0.7115972638130188,0.33687764406204224,-0.024577029049396515,0.728270411491394,0.20108336210250854,-0.06824133545160294,0.7812051177024841,0.22394737601280212,-0.09887304157018661,0.8078106641769409,0.2882019281387329,-0.11163944005966187,0.6745092272758484,0.3468964993953705,-0.036044709384441376,0.6824343204498291,0.21415108442306519,-0.06929537653923035,0.7342050075531006,0.22967037558555603,-0.08548733592033386,0.7641751766204834,0.2856578826904297,-0.08974277228116989,0.6343035697937012,0.3699527978897095,-0.05086961388587952,0.6446264386177063,0.26857852935791016,-0.07709953188896179,0.6872402429580688,0.25591617822647095,-0.09070678800344467,0.7199349999427795,0.2824068069458008,-0.09625987708568573
0.6640673875808716,0.6121125221252441,4.050509403441538e-07,0.7534619569778442,0.5827503204345703,-0.025398531928658485,0.8294432759284973,0.5145193338394165,-0.04238497465848923,0.8774242401123047,0.4453190267086029,-0.062362946569919586,0.8704280257225037,0.3709198534488678,-0.08316920697689056,0.781781792640686,0.3416425585746765,-0.01764262095093727,0.79989093542099,0.20576106011867523,-0.04075264185667038,0.81378173828125,0.12711086869239807,-0.059887636452913284,0.8193286061286926,0.06006571650505066,-0.075312040746212,0.7464389204978943,0.3331355154514313,-0.027565602213144302,0.7722176313400269,0.19635553658008575,-0.06982720643281937,0.821071982383728,0.22830639779567719,-0.09810914844274521,0.8444173336029053,0.29091212153434753,-0.11024092882871628,0.7093760967254639,0.3435176610946655,-0.040065161883831024,0.7258014678955078,0.21290192008018494,-0.07273844629526138,0.7749337553977966,0.23785963654518127,-0.08628401905298233,0.8010526895523071,0.2963355779647827,-0.08963512629270554,0.668854832649231,0.366923451423645,-0.056022047996520996,0.6838895082473755,0.264040470123291,-0.08222287148237228,0.7279111742973328,0.25428950786590576,-0.09463094919919968,0.7598094344139099,0.2810409665107727,-0.10018722712993622
0.6788862347602844,0.5902885794639587,4.08911489557795e-07,0.7659826278686523,0.5606374740600586,-0.02391216531395912,0.8400299549102783,0.4882269501686096,-0.039508454501628876,0.8872199058532715,0.4146479666233063,-0.05751372501254082,0.879329264163971,0.3368164896965027,-0.07630108296871185,0.790783703327179,0.32457154989242554,-0.020297039300203323,0.8047064542770386,0.1847860962152481,-0.04319504275918007,0.8226116895675659,0.10643529891967773,-0.06230970844626427,0.829842209815979,0.0408758819103241,-0.0773812010884285,0.7568070292472839,0.3164076507091522,-0.03016260825097561,0.7804290652275085,0.17581520974636078,-0.07219576835632324,0.8325658440589905,0.20693545043468475,-0.09994271397590637,0.8543680906295776,0.2691507339477539,-0.11146098375320435,0.7210304141044617,0.325968474149704,-0.042101308703422546,0.7344468235969543,0.19033008813858032,-0.07474053651094437,0.7873983383178711,0.21376638114452362,-0.08781233429908752,0.8139294385910034,0.27216243743896484,-0.09050605446100235,0.6812191605567932,0.34832048416137695,-0.057211197912693024,0.6941241025924683,0.24320031702518463,-0.08441348373889923,0.7393292188644409,0.23197466135025024,-0.09709450602531433,0.7708677053451538,0.25926780700683594,-0.1023748591542244
0.6908941268920898,0.5647525191307068,3.597511408770515e-07,0.7740105986595154,0.5390764474868774,-0.031870968639850616,0.8462486267089844,0.4628116190433502,-0.05179589241743088,0.8884048461914062,0.38401880860328674,-0.0726902186870575,0.8668544292449951,0.3065789043903351,-0.09511104971170425,0.8070880770683289,0.28923091292381287,-0.030113106593489647,0.8233206272125244,0.1408444195985794,-0.05560150370001793,0.8392252922058105,0.05078577995300293,-0.07803806662559509,0.842170000076294,-0.019628554582595825,-0.0958273634314537,0.7677106261253357,0.28222206234931946,-0.035672735422849655,0.7898418307304382,0.14318247139453888,-0.07612480223178864,0.8301256895065308,0.17659246921539307,-0.10315986722707748,0.8453645706176758,0.23770399391651154,-0.1164463460445404,0.7259752154350281,0.29242876172065735,-0.043861839920282364,0.7388145327568054,0.15319661796092987,-0.07630442082881927,0.7824723720550537,0.17512404918670654,-0.09002561122179031,0.8010029196739197,0.23591667413711548,-0.09526742249727249,0.6801461577415466,0.31411826610565186,-0.05559707432985306,0.6948876976966858,0.20674949884414673,-0.08370499312877655,0.7342067360877991,0.20029816031455994,-0.09657169133424759,0.7583273649215698,0.23518970608711243,-0.10334841907024384
0.6944622993469238,0.5814752578735352,3.712359841756552e-07,0.7818836569786072,0.551143229007721,-0.037671662867069244,0.8585861921310425,0.47482141852378845,-0.06087806448340416,0.8950778841972351,0.38915181159973145,-0.08490555733442307,0.8631438612937927,0.3101922273635864,-0.11046139150857925,0.8159569501876831,0.29836225509643555,-0.029608262702822685,0.8307592272758484,0.14953301846981049,-0.05671113729476929,0.8451417088508606,0.0578385591506958,-0.0808960571885109,0.849278450012207,-0.013216018676757812,-0.09970393776893616,0.7760848999023438,0.2903616428375244,-0.03374984860420227,0.7947024703025818,0.14846943318843842,-0.07741478830575943,0.8331288695335388,0.1817684769630432,-0.10867459326982498,0.8483980298042297,0.24818846583366394,-0.12412271648645401,0.7337169051170349,0.299635112285614,-0.041059065610170364,0.7452377676963806,0.15802885591983795,-0.07618611305952072,0.7858424782752991,0.18155381083488464,-0.0932246521115303,0.801600992679596,0.24855391681194305,-0.09984351694583893,0.685899019241333,0.3212704062461853,-0.052349649369716644,0.6977014541625977,0.20909658074378967,-0.08066969364881516,0.7359304428100586,0.2063339650630951,-0.09388748556375504,0.757953405380249,0.24883529543876648,-0.10072565078735352
0.6871353387832642,0.5964904427528381,2.847826578999957e-07,0.776489794254303,0.5716341733932495,-0.040155425667762756,0.8571897745132446,0.4922867715358734,-0.06440798193216324,0.8795937299728394,0.4013550877571106,-0.08903710544109344,0.8324124813079834,0.33642756938934326,-0.11539626121520996,0.8221023678779602,0.2938687205314636,-0.036537233740091324,0.84599769115448,0.13961158692836761,-0.06540875136852264,0.8630862236022949,0.044469743967056274,-0.09082446992397308,0.8712263703346252,-0.0291537344455719,-0.11097554862499237,0.774624228477478,0.2894611060619354,-0.03987916558980942,0.7910314798355103,0.15369267761707306,-0.08675400912761688,0.8178420662879944,0.20157279074192047,-0.117217056453228,0.8280870318412781,0.2710377871990204,-0.13181936740875244,0.7269789576530457,0.30251258611679077,-0.04619244486093521,0.7351981997489929,0.16675908863544464,-0.08384294807910919,0.7658759355545044,0.2020086795091629,-0.09877832233905792,0.7754230499267578,0.27383720874786377,-0.10376860201358795,0.6752223372459412,0.3276810944080353,-0.056752026081085205,0.6867638826370239,0.21764352917671204,-0.08588721603155136,0.7177962064743042,0.2258342206478119,-0.09751609712839127,0.7337332367897034,0.2735525369644165,-0.10324664413928986
0.689385175704956,0.613957405090332,1.8667076062683918e-07,0.7743749618530273,0.5890617966651917,-0.0391850471496582,0.8496410250663757,0.5086008906364441,-0.06367441266775131,0.8727036118507385,0.42769259214401245,-0.08891527354717255,0.829412043094635,0.36348894238471985,-0.11593402922153473,0.8165369629859924,0.3009103238582611,-0.039514873176813126,0.8384973406791687,0.14304393529891968,-0.06906863301992416,0.8522799611091614,0.04812586307525635,-0.0945502370595932,0.856633722782135,-0.02822089195251465,-0.11469260603189468,0.7674822807312012,0.2990359365940094,-0.043870605528354645,0.7839359045028687,0.16729457676410675,-0.09416579455137253,0.8070079684257507,0.22788025438785553,-0.12438806891441345,0.8142215609550476,0.30375874042510986,-0.13726310431957245,0.7182631492614746,0.31435611844062805,-0.050818849354982376,0.7248213887214661,0.17651426792144775,-0.08915890753269196,0.7542616724967957,0.21905307471752167,-0.10112667083740234,0.7640251517295837,0.29464977979660034,-0.10307008028030396,0.6663878560066223,0.342720091342926,-0.06197730451822281,0.6757960915565491,0.23071721196174622,-0.0905870720744133,0.703744649887085,0.2423028200864792,-0.09895793348550797,0.7173410654067993,0.29305195808410645,-0.10142941027879715
0.6851867437362671,0.6335992813110352,1.6636802513403381e-07,0.7708083391189575,0.612759530544281,-0.03991440683603287,0.8488612771034241,0.5372883081436157,-0.06270549446344376,0.8693380951881409,0.4537791609764099,-0.08638504147529602,0.8249749541282654,0.3922651708126068,-0.1113458201289177,0.8187299966812134,0.33406367897987366,-0.03361240029335022,0.8411248326301575,0.18754054605960846,-0.060595668852329254,0.853158712387085,0.10325975716114044,-0.08317168802022934,0.8585362434387207,0.03259691596031189,-0.10122000426054001,0.7689726948738098,0.3278805613517761,-0.03733497112989426,0.7877610921859741,0.19715633988380432,-0.08717241138219833,0.8076881766319275,0.2576800584793091,-0.11742720752954483,0.8129372000694275,0.3314966559410095,-0.12933477759361267,0.7193747162818909,0.33950045704841614,-0.043944913893938065,0.7280791401863098,0.20373094081878662,-0.08324763923883438,0.7524364590644836,0.25154411792755127,-0.09655187278985977,0.7594287395477295,0.32731518149375916,-0.09789193421602249,0.6669705510139465,0.36437731981277466,-0.05474366247653961,0.6784999370574951,0.2552327513694763,-0.08259068429470062,0.7044900059700012,0.2709730565547943,-0.09112493693828583,0.7160317301750183,0.3218993842601776,-0.09318162500858307
0.677984356880188,0.6405013799667358,1.98317465560649e-07,0.760059118270874,0.6228635907173157,-0.03709937259554863,0.8342468738555908,0.5533162355422974,-0.06028107926249504,0.8577949404716492,0.4779278337955475,-0.08510660380125046,0.8174178004264832,0.4156535863876343,-0.11169083416461945,0.8147941827774048,0.3458475172519684,-0.036473583430051804,0.8500413298606873,0.20323635637760162,-0.0631762370467186,0.8690159916877747,0.12157966196537018,-0.08464603126049042,0.8789705634117126,0.05463716387748718,-0.10164934396743774,0.7623240947723389,0.33749228715896606,-0.04194281995296478,0.7807552814483643,0.21375368535518646,-0.09169301390647888,0.7995264530181885,0.27597564458847046,-0.12107667326927185,0.8029863238334656,0.35059744119644165,-0.13243423402309418,0.710655689239502,0.3498508334159851,-0.04969681426882744,0.7168452143669128,0.22031471133232117,-0.08778711408376694,0.7410262227058411,0.26562589406967163,-0.10118680447340012,0.7471187710762024,0.3376576006412506,-0.10333715379238129,0.6575962901115417,0.37707269191741943,-0.061282698065042496,0.6654492616653442,0.27335187792778015,-0.0876363068819046,0.6917524933815002,0.2893228828907013,-0.09579141438007355,0.7043361067771912,0.3389497697353363,-0.09792318940162659
0.6735164523124695,0.6376895904541016,1.8491782327600959e-07,0.7572533488273621,0.6225572824478149,-0.03591930866241455,0.8324401378631592,0.5505328178405762,-0.05766472965478897,0.856421172618866,0.4713570475578308,-0.0811324268579483,0.8122535943984985,0.4160721004009247,-0.1065974161028862,0.8118844628334045,0.34498530626296997,-0.03451323136687279,0.8452075123786926,0.20623278617858887,-0.060370903462171555,0.8637516498565674,0.1249186098575592,-0.08148369938135147,0.8736584186553955,0.057287752628326416,-0.09863109141588211,0.759935736656189,0.3363119065761566,-0.04065876081585884,0.7772619128227234,0.21134859323501587,-0.0896446630358696,0.7954121232032776,0.27675050497055054,-0.11766650527715683,0.7990531921386719,0.3522808253765106,-0.1279781460762024,0.7081949710845947,0.3485071361064911,-0.048982929438352585,0.7146197557449341,0.22077134251594543,-0.0873546227812767,0.7389154434204102,0.27065232396125793,-0.09929355978965759,0.7449865937232971,0.3446368873119354,-0.10001643002033234,0.654488742351532,0.3749678432941437,-0.06104980781674385,0.663646936416626,0.26996132731437683,-0.0876196101307869,0.6897261738777161,0.28979381918907166,-0.09435860067605972,0.7008808255195618,0.3431926667690277,-0.0952860489487648
0.6689958572387695,0.6362536549568176,1.91509030855741e-07,0.7522871494293213,0.6205632090568542,-0.041621945798397064,0.8248065710067749,0.548490583896637,-0.06477680057287216,0.8415931463241577,0.46646416187286377,-0.08877396583557129,0.7999647855758667,0.4034000337123871,-0.11408265680074692,0.8086263537406921,0.3470822870731354,-0.03394099324941635,0.8400150537490845,0.20602765679359436,-0.06009602174162865,0.856632649898529,0.12482957541942596,-0.08207456022500992,0.865398645401001,0.05899837613105774,-0.09959915280342102,0.7556483149528503,0.3375587463378906,-0.036816250532865524,0.7688986659049988,0.21297520399093628,-0.08667232096195221,0.7810037136077881,0.2718392610549927,-0.11767276376485825,0.784490168094635,0.3406844139099121,-0.13021975755691528,0.7033528089523315,0.34719955921173096,-0.042788997292518616,0.7083377242088318,0.21806396543979645,-0.08302316069602966,0.7275692820549011,0.2625042796134949,-0.09952066093683243,0.7334461212158203,0.33312785625457764,-0.1030261367559433,0.6504656076431274,0.3712542653083801,-0.052819229662418365,0.6584646701812744,0.2683388590812683,-0.08067862689495087,0.6807178258895874,0.28345128893852234,-0.09083765745162964,0.6920461654663086,0.33167046308517456,-0.09414003044366837
0.6749164462089539,0.6427231431007385,1.669025380124367e-07,0.7562190294265747,0.6227824687957764,-0.039393771439790726,0.8282749056816101,0.5518184304237366,-0.06065065786242485,0.8416294455528259,0.4710438847541809,-0.08268047869205475,0.8006179332733154,0.4077036380767822,-0.10574039816856384,0.8110249638557434,0.34977415204048157,-0.028604568913578987,0.8395651578903198,0.21553708612918854,-0.05362370237708092,0.8545674681663513,0.13774801790714264,-0.07509325444698334,0.8638632297515869,0.07424449920654297,-0.0920698493719101,0.7584478259086609,0.3419167995452881,-0.03133492171764374,0.7701444029808044,0.223055899143219,-0.07980982959270477,0.7821347713470459,0.27849575877189636,-0.11035304516553879,0.7859386205673218,0.3488583564758301,-0.12228519469499588,0.7068473696708679,0.35405582189559937,-0.037196505814790726,0.7098724842071533,0.23039361834526062,-0.07663514465093613,0.7273316979408264,0.2705700695514679,-0.09274053573608398,0.7328864336013794,0.33844247460365295,-0.095655657351017,0.6543018221855164,0.38100534677505493,-0.04686863720417023,0.6602284908294678,0.28063541650772095,-0.07396112382411957,0.68136066198349,0.29459643363952637,-0.0831177830696106,0.6930580139160156,0.3411030173301697,-0.08527696877717972
0.6707406044006348,0.6805572509765625,1.0377569736874648e-07,0.7512102723121643,0.6596078872680664,-0.029507040977478027,0.8200209736824036,0.5960896015167236,-0.04713493958115578,0.8410741090774536,0.519935131072998,-0.06693047285079956,0.8018696904182434,0.4669181704521179,-0.08771123737096786,0.804935872554779,0.40146997570991516,-0.021715981885790825,0.836889386177063,0.27287524938583374,-0.043055061250925064,0.8543543219566345,0.19944649934768677,-0.06129789724946022,0.8651958107948303,0.1348763406276703,-0.07578425109386444,0.7585204243659973,0.3938814401626587,-0.02647237852215767,0.7784550189971924,0.2897869348526001,-0.0661589652299881,0.7971857190132141,0.3444461226463318,-0.08827772736549377,0.7999041080474854,0.4078097939491272,-0.0956762358546257,0.7113561630249023,0.40252169966697693,-0.03344820812344551,0.7218412160873413,0.294257789850235,-0.0633259117603302,0.744878888130188,0.3422991931438446,-0.06730124354362488,0.7494226694107056,0.4059068262577057,-0.0635150820016861,0.662001371383667,0.4233233630657196,-0.04409981891512871,0.6740061044692993,0.33169472217559814,-0.06330719590187073,0.6982640027999878,0.35518118739128113,-0.0627075657248497,0.7084672451019287,0.4020628035068512,-0.0581936314702034
0.6538171172142029,0.7688308358192444,6.135158514553041e-08,0.7294030785560608,0.7555570006370544,-0.023787271231412888,0.7956379652023315,0.7020958662033081,-0.04061416909098625,0.8247957825660706,0.6408738493919373,-0.05997684225440025,0.7932618260383606,0.5924853682518005,-0.0803244486451149,0.7801183462142944,0.5158039331436157,-0.023827750235795975,0.8153273463249207,0.3931928873062134,-0.045322198420763016,0.8374710083007812,0.3250119090080261,-0.06281408667564392,0.8508782982826233,0.26162612438201904,-0.07710552215576172,0.7383652925491333,0.5101391077041626,-0.0310285035520792,0.7665783762931824,0.41854292154312134,-0.06815697252750397,0.7801133394241333,0.48563313484191895,-0.0851777195930481,0.7760359644889832,0.5452364683151245,-0.09040826559066772,0.6943635940551758,0.5200561881065369,-0.039797618985176086,0.7141526937484741,0.4163210391998291,-0.06895185261964798,0.7335714101791382,0.4747738540172577,-0.06666278839111328,0.7307909727096558,0.5363011360168457,-0.05948792025446892,0.6479635238647461,0.5410960912704468,-0.051595818251371384,0.6671431064605713,0.4566996991634369,-0.07170969992876053,0.6898050904273987,0.4903518259525299,-0.06731613725423813,0.694456160068512,0.5377950668334961,-0.06026877090334892
0.6425801515579224,0.7980942726135254,8.2190688033279e-08,0.7174876928329468,0.7892029285430908,-0.023587007075548172,0.7859243750572205,0.7413500547409058,-0.04143600910902023,0.819808840751648,0.6852376461029053,-0.06177838146686554,0.7890926003456116,0.639601469039917,-0.08353563398122787,0.7698176503181458,0.5581329464912415,-0.02697550319135189,0.8033649921417236,0.43898895382881165,-0.04864992946386337,0.82627272605896,0.37610167264938354,-0.06566117703914642,0.8408862352371216,0.3159690499305725,-0.07992525398731232,0.730524480342865,0.551490306854248,-0.034993164241313934,0.7565733790397644,0.45647352933883667,-0.07376807183027267,0.7716977596282959,0.5245079398155212,-0.09255838394165039,0.7678688764572144,0.5848846435546875,-0.09903537482023239,0.6887316703796387,0.5601474046707153,-0.04414277523756027,0.7059252262115479,0.4573502838611603,-0.07428374886512756,0.7302494645118713,0.5185049772262573,-0.0754617378115654,0.7322782874107361,0.5795080661773682,-0.0707482099533081,0.64375239610672,0.5800431370735168,-0.056154247373342514,0.6624079942703247,0.4952166676521301,-0.07735733687877655,0.6894363760948181,0.5282244086265564,-0.07682821154594421,0.6991917490959167,0.575255274772644,-0.07309434562921524
0.6372167468070984,0.8114162683486938,1.3868168480257737e-07,0.7084314823150635,0.7998284697532654,-0.02150348387658596,0.7731127142906189,0.753162145614624,-0.03999076038599014,0.8064624667167664,0.7030448913574219,-0.06168495863676071,0.7777891755104065,0.6637020707130432,-0.08510623872280121,0.7553831338882446,0.5815873146057129,-0.023802421987056732,0.7852981686592102,0.46842312812805176,-0.04372527450323105,0.805132269859314,0.4072988033294678,-0.05840076878666878,0.8156886696815491,0.3504941165447235,-0.07070599496364594,0.7176015973091125,0.5755308866500854,-0.033595647662878036,0.7433995604515076,0.475206583738327,-0.0703534185886383,0.7616905570030212,0.5419222712516785,-0.0878722071647644,0.7599395513534546,0.603415310382843,-0.09290461242198944,0.6777782440185547,0.5848046541213989,-0.04447876289486885,0.6935349702835083,0.47845545411109924,-0.0735991820693016,0.7200186252593994,0.5372105240821838,-0.07501773536205292,0.7236406207084656,0.5988527536392212,-0.06992049515247345,0.6348220109939575,0.6053597331047058,-0.057978853583335876,0.652100682258606,0.5189017057418823,-0.07766963541507721,0.6791683435440063,0.5479863286018372,-0.0767829641699791,0.6879754066467285,0.5939241647720337,-0.07288031280040741
0.6340358257293701,0.8395510911941528,1.3158170020233229e-07,0.7026987671852112,0.8281081318855286,-0.022237801924347878,0.7629303336143494,0.7884438037872314,-0.0397532656788826,0.7926842570304871,0.7444435954093933,-0.059951718896627426,0.7768558263778687,0.6975038647651672,-0.08080796152353287,0.7481042742729187,0.625525176525116,-0.022729292511940002,0.7793878316879272,0.5119739770889282,-0.04251335933804512,0.7996561527252197,0.45171335339546204,-0.05723075568675995,0.8118325471878052,0.39467406272888184,-0.06888397783041,0.7118715047836304,0.6184273362159729,-0.030079856514930725,0.7395183444023132,0.5270142555236816,-0.06577916443347931,0.7581627368927002,0.5889312028884888,-0.08265116065740585,0.7561211585998535,0.6462534666061401,-0.08730462193489075,0.6741515398025513,0.6240172386169434,-0.03877957537770271,0.6933439373970032,0.5247615575790405,-0.06599631905555725,0.7175977826118469,0.5796910524368286,-0.06550326198339462,0.7190396189689636,0.6358507871627808,-0.059200163930654526,0.634084939956665,0.638563871383667,-0.05029039457440376,0.6532843708992004,0.5576139688491821,-0.06839768588542938,0.6788017749786377,0.5846738219261169,-0.06583216041326523,0.6860941648483276,0.625764787197113,-0.060216955840587616
0.6492688059806824,0.8613874316215515,1.5155268329181126e-07,0.7147608995437622,0.8516086935997009,-0.016536803916096687,0.775718629360199,0.8168646693229675,-0.031727034598588943,0.8134866952896118,0.7827945947647095,-0.050540849566459656,0.8051893711090088,0.7419167757034302,-0.07061269134283066,0.7626931071281433,0.6657150983810425,-0.01940242573618889,0.7950237393379211,0.5599242448806763,-0.03987941890954971,0.8174458742141724,0.5053009986877441,-0.05504441261291504,0.8306556344032288,0.4515882134437561,-0.06697675585746765,0.7309350371360779,0.656285285949707,-0.03018416278064251,0.764855682849884,0.5652997493743896,-0.06787458807229996,0.7893350720405579,0.6272553205490112,-0.08712999522686005,0.7881608605384827,0.6850646734237671,-0.09296520054340363,0.6965794563293457,0.6593796014785767,-0.04193996638059616,0.7210466265678406,0.5628090500831604,-0.07209794223308563,0.750199019908905,0.6203224062919617,-0.07634460180997849,0.7539055347442627,0.6786371469497681,-0.0724392682313919,0.6598047018051147,0.6720250844955444,-0.05574259161949158,0.6831145286560059,0.5938274264335632,-0.07773841172456741,0.7120015025138855,0.6222392916679382,-0.07993925362825394,0.7217817306518555,0.6657288074493408,-0.07736485451459885
0.6641696095466614,0.8734430074691772,1.530179218889316e-07,0.730127215385437,0.8644000887870789,-0.01666077971458435,0.7898886799812317,0.8247818946838379,-0.03174964338541031,0.8267501592636108,0.7848936319351196,-0.05031343549489975,0.8054260015487671,0.7558351159095764,-0.07038069516420364,0.7713466882705688,0.6758664846420288,-0.021012041717767715,0.7999258041381836,0.5695264339447021,-0.04071112349629402,0.8216408491134644,0.5159522294998169,-0.05543873831629753,0.8337359428405762,0.46299728751182556,-0.06754151731729507,0.7392306923866272,0.6698631644248962,-0.031651560217142105,0.7677690386772156,0.5806972980499268,-0.06877171993255615,0.7927876114845276,0.6433373689651489,-0.08681889623403549,0.7926040887832642,0.6989986896514893,-0.0922190397977829,0.7047572731971741,0.6758880615234375,-0.04308347776532173,0.7244707345962524,0.5814021229743958,-0.07312411069869995,0.7552192807197571,0.6387567520141602,-0.07668661326169968,0.7601892352104187,0.6954180002212524,-0.07248193025588989,0.6680604815483093,0.6902832984924316,-0.05662134289741516,0.6891888976097107,0.61327064037323,-0.07790252566337585,0.718062162399292,0.641045331954956,-0.07952920347452164,0.7278008460998535,0.683039128780365,-0.0770343542098999
0.6708964109420776,0.885006844997406,1.5192391344953649e-07,0.7357767820358276,0.8731059432029724,-0.016574649140238762,0.7926811575889587,0.8310359120368958,-0.03191603720188141,0.8271871209144592,0.7909214496612549,-0.050964996218681335,0.8125082850456238,0.7647184729576111,-0.07153549045324326,0.7737646102905273,0.681423544883728,-0.018617307767271996,0.801216721534729,0.5766664743423462,-0.03711744770407677,0.8214250802993774,0.5221521854400635,-0.05112706869840622,0.8319314122200012,0.4702194035053253,-0.06271646171808243,0.7415782809257507,0.6770890951156616,-0.029207995161414146,0.7683860659599304,0.5864996314048767,-0.06411702185869217,0.7928048968315125,0.6440849304199219,-0.08132517337799072,0.7935909032821655,0.697496771812439,-0.08647636324167252,0.7075924873352051,0.6848344802856445,-0.04075714200735092,0.725991427898407,0.5890503525733948,-0.06890462338924408,0.7554669976234436,0.6422556638717651,-0.07146873325109482,0.7600038051605225,0.6973110437393188,-0.06699410080909729,0.6717829704284668,0.7019896507263184,-0.054519228637218475,0.6894839406013489,0.6232101321220398,-0.07469534128904343,0.7181465029716492,0.6479277014732361,-0.07555189728736877,0.7289322018623352,0.6891345381736755,-0.07257170230150223
0.6682414412498474,0.8975967764854431,1.4315504870410223e-07,0.7317355275154114,0.8856836557388306,-0.016346288844943047,0.78863126039505,0.8482776284217834,-0.03117441013455391,0.8210811614990234,0.8099793195724487,-0.04950645565986633,0.80438232421875,0.7819089889526367,-0.06895052641630173,0.7703928351402283,0.699547529220581,-0.01784609816968441,0.7979278564453125,0.5952205657958984,-0.03701457008719444,0.81856369972229,0.5404466390609741,-0.05115950107574463,0.8304166793823242,0.4876667261123657,-0.06228337809443474,0.7390528917312622,0.6948226690292358,-0.02776724472641945,0.7676630020141602,0.6121211051940918,-0.06339778006076813,0.7893325090408325,0.6721963286399841,-0.07985842972993851,0.7881119847297668,0.7267382740974426,-0.08377809822559357,0.7062864303588867,0.7016791701316833,-0.03872540965676308,0.726306676864624,0.6135037541389465,-0.06650453060865402,0.7531402111053467,0.6670068502426147,-0.0675382912158966,0.7569393515586853,0.7210248708724976,-0.06153383105993271,0.67158043384552,0.7168338894844055,-0.05194580554962158,0.6880980134010315,0.6405697464942932,-0.07078252732753754,0.7150694131851196,0.6660329103469849,-0.06999732553958893,0.7259495258331299,0.7063209414482117,-0.06537801027297974
0.6709151864051819,0.9113823771476746,1.1204189576119461e-07,0.7352575063705444,0.9050047993659973,-0.015487654134631157,0.7928318977355957,0.869160532951355,-0.02973325550556183,0.8270983695983887,0.8346512913703918,-0.04754377156496048,0.8102007508277893,0.8041043877601624,-0.06667625904083252,0.7765376567840576,0.7172983884811401,-0.01641821675002575,0.8028278350830078,0.6176323294639587,-0.03397246450185776,0.8227405548095703,0.5664307475090027,-0.047421809285879135,0.8342947363853455,0.5166043043136597,-0.05847259238362312,0.7455599904060364,0.7115368843078613,-0.026451949030160904,0.7740879654884338,0.6332510709762573,-0.05958782881498337,0.7949885725975037,0.6937912702560425,-0.07588879764080048,0.793001651763916,0.745281994342804,-0.08077052235603333,0.712573230266571,0.7171823382377625,-0.03748015686869621,0.731857419013977,0.6334187388420105,-0.06450420618057251,0.7601136565208435,0.690139889717102,-0.06668224185705185,0.7638993859291077,0.7436254620552063,-0.06216035038232803,0.677641749382019,0.7322341799736023,-0.05051909014582634,0.6971569061279297,0.656779408454895,-0.06922009587287903,0.7232025265693665,0.6873224377632141,-0.06856145709753036,0.731078565120697,0.731065034866333,-0.06457996368408203
0.6805967092514038,0.9176527261734009,1.5602984149154508e-07,0.7403916716575623,0.9075074195861816,-0.014988895505666733,0.7965275049209595,0.8743628263473511,-0.02820359729230404,0.829994261264801,0.8421865105628967,-0.045075204223394394,0.8191354870796204,0.8074877262115479,-0.0628318190574646,0.7802150845527649,0.7325476408004761,-0.013733260333538055,0.808765172958374,0.6313182711601257,-0.03162025287747383,0.8298934698104858,0.5789593458175659,-0.04514361172914505,0.8423381447792053,0.5299400687217712,-0.055703796446323395,0.7516788840293884,0.7259090542793274,-0.023381000384688377,0.7823172211647034,0.6477172374725342,-0.05790719762444496,0.8054978251457214,0.7037491798400879,-0.07575790584087372,0.804827094078064,0.7557969093322754,-0.08100386708974838,0.7210686206817627,0.7295011878013611,-0.034245193004608154,0.7423415184020996,0.6440712213516235,-0.06173807010054588,0.7710731029510498,0.6944274306297302,-0.06604646891355515,0.7758644819259644,0.7468587160110474,-0.06251408159732819,0.6875900626182556,0.740892767906189,-0.047087643295526505,0.7071117758750916,0.6678842902183533,-0.06642422825098038,0.733784019947052,0.6922791004180908,-0.06831160187721252,0.7437909245491028,0.7319000363349915,-0.06575486063957214
0.6834859848022461,0.9224027991294861,1.593128757804152e-07,0.7432873845100403,0.9128766655921936,-0.015393548645079136,0.7994029521942139,0.8792449235916138,-0.028970560058951378,0.8326627016067505,0.8461900949478149,-0.04592086374759674,0.8194623589515686,0.8136103749275208,-0.06390299648046494,0.7834202647209167,0.7357589602470398,-0.014920542016625404,0.8118438124656677,0.6379075646400452,-0.03216852992773056,0.8316262364387512,0.5871672630310059,-0.04502015933394432,0.8436650037765503,0.5396801233291626,-0.05495254322886467,0.7539201974868774,0.7287757396697998,-0.0240801852196455,0.7839042544364929,0.6497349739074707,-0.05729936435818672,0.8063535094261169,0.7038180828094482,-0.07362467050552368,0.8055064678192139,0.7567982077598572,-0.07773928344249725,0.7222716808319092,0.7329500913619995,-0.03438148647546768,0.7448728680610657,0.6488025188446045,-0.061199650168418884,0.7730361223220825,0.7000007629394531,-0.06426222622394562,0.7774625420570374,0.7534980773925781,-0.059709545224905014,0.6878980994224548,0.7454814910888672,-0.04666857793927193,0.7092512249946594,0.6717368960380554,-0.06585273891687393,0.7358629107475281,0.6973576545715332,-0.06665121018886566,0.7454496026039124,0.7385539412498474,-0.06303530931472778
0.6780633330345154,0.9263705611228943,1.5985439461019268e-07,0.7412161231040955,0.9193583130836487,-0.01438103523105383,0.7998325228691101,0.8863140940666199,-0.02614140883088112,0.8340842127799988,0.8515952825546265,-0.04138494282960892,0.8217317461967468,0.8198893070220947,-0.05757281556725502,0.7826891541481018,0.7456851601600647,-0.012536834925413132,0.8134821653366089,0.6465273499488831,-0.029650334268808365,0.8356163501739502,0.5951217412948608,-0.04269453138113022,0.8497352600097656,0.5467828512191772,-0.05321784317493439,0.7549354434013367,0.7379061579704285,-0.022268306463956833,0.7892863750457764,0.6573838591575623,-0.056289054453372955,0.8119455575942993,0.7127063274383545,-0.07409021258354187,0.8102316856384277,0.765234649181366,-0.07935324311256409,0.7248646020889282,0.7401891946792603,-0.033163879066705704,0.7510129809379578,0.6533060073852539,-0.060986340045928955,0.7783893346786499,0.7047024369239807,-0.06577855348587036,0.7813974618911743,0.7582245469093323,-0.06239909306168556,0.6912233829498291,0.7496886849403381,-0.0459473617374897,0.7145822644233704,0.6773595809936523,-0.0659896731376648,0.7416011095046997,0.7019000053405762,-0.06876461207866669,0.7513512372970581,0.7413911819458008,-0.0668761283159256
0.6560567021369934,0.9028749465942383,1.947009025116131e-07,0.7195000648498535,0.8834779262542725,-0.013563987798988819,0.781161367893219,0.8540291786193848,-0.02511083520948887,0.8062198758125305,0.8137565851211548,-0.039523981511592865,0.7923043966293335,0.7812825441360474,-0.054670725017786026,0.7588706016540527,0.7227022051811218,-0.011014999821782112,0.7889778017997742,0.6278009414672852,-0.028863869607448578,0.8116878867149353,0.5730646848678589,-0.043312858790159225,0.8255761861801147,0.526212751865387,-0.053413026034832,0.7297250032424927,0.7159165740013123,-0.01959310844540596,0.7536771893501282,0.6334201097488403,-0.05037553980946541,0.780290961265564,0.6719641089439392,-0.06754224002361298,0.7843557000160217,0.7199843525886536,-0.07283413410186768,0.7005111575126648,0.719063401222229,-0.029367642477154732,0.7194257378578186,0.6364958882331848,-0.053205706179142,0.7496445775032043,0.6716034412384033,-0.05718933045864105,0.7575252056121826,0.7183682322502136,-0.05399411916732788,0.6683791875839233,0.7295411229133606,-0.04112223908305168,0.6857261657714844,0.6583732962608337,-0.05668634548783302,0.7132080793380737,0.6746668219566345,-0.05711901932954788,0.7264502644538879,0.7100213766098022,-0.053721245378255844
0.6087595820426941,0.8654577732086182,1.5538407183157688e-07,0.6717860698699951,0.8454278111457825,-0.013317260891199112,0.7292824983596802,0.8069446682929993,-0.02337534725666046,0.7487462759017944,0.7601650953292847,-0.03606509417295456,0.7326889634132385,0.7230329513549805,-0.04936366528272629,0.7073665261268616,0.6843845844268799,-0.009953770786523819,0.7335087656974792,0.5918470621109009,-0.026694556698203087,0.7524516582489014,0.5408706665039062,-0.039870042353868484,0.7641021013259888,0.4950390160083771,-0.049373406916856766,0.6775381565093994,0.6775711178779602,-0.01764276809990406,0.7013694643974304,0.5958584547042847,-0.047827351838350296,0.7249509692192078,0.6374863386154175,-0.0638296827673912,0.7274577021598816,0.6866080164909363,-0.06812851130962372,0.6478782892227173,0.6821682453155518,-0.02641729824244976,0.6670837998390198,0.597914457321167,-0.04991257190704346,0.6920084357261658,0.6357792615890503,-0.052198100835084915,0.6965166330337524,0.6835747361183167,-0.047726601362228394,0.6153298020362854,0.6945695877075195,-0.03706961125135422,0.6316208839416504,0.6279314160346985,-0.05326887592673302,0.6569669842720032,0.6428812146186829,-0.053809016942977905,0.668847918510437,0.6741195917129517,-0.05028419569134712
0.5644269585609436,0.8914539813995361,2.0920151655445807e-07,0.6256755590438843,0.8722456693649292,-0.015425332821905613,0.6817985773086548,0.8337371349334717,-0.026747282594442368,0.7045954465866089,0.7852687239646912,-0.04027221351861954,0.6902041435241699,0.7453100085258484,-0.05453148111701012,0.6610180735588074,0.71010822057724,-0.011019299738109112,0.6883289813995361,0.6215656399726868,-0.027930187061429024,0.7083572149276733,0.5702918767929077,-0.041557569056749344,0.7215080261230469,0.5269103050231934,-0.051387179642915726,0.6326547861099243,0.7024829983711243,-0.017987806349992752,0.65799880027771,0.6154195666313171,-0.04750233143568039,0.6830142736434937,0.6485882997512817,-0.06441432237625122,0.6870948672294617,0.697365939617157,-0.06957119703292847,0.6035824418067932,0.7076742649078369,-0.026338079944252968,0.622898519039154,0.6224018335342407,-0.04879975691437721,0.6494503021240234,0.65098637342453,-0.05365521088242531,0.6561118364334106,0.6965756416320801,-0.05142456665635109,0.5712666511535645,0.7206346392631531,-0.0367763414978981,0.5882360935211182,0.6532312035560608,-0.05210800841450691,0.6148772239685059,0.6590551137924194,-0.05478246137499809,0.629010796546936,0.6845118999481201,-0.0534086599946022
0.509659469127655,0.9255366325378418,1.6967176463822398e-07,0.570542573928833,0.9034789800643921,-0.013814053498208523,0.6259147524833679,0.8532060384750366,-0.021126769483089447,0.6350573897361755,0.7936756014823914,-0.030480043962597847,0.6144478917121887,0.7567024827003479,-0.04060828685760498,0.6068142056465149,0.7401050925254822,-0.004581766203045845,0.6307445764541626,0.6539623737335205,-0.019211705774068832,0.6516913175582886,0.6010791063308716,-0.032595086842775345,0.6657949090003967,0.5592369437217712,-0.0424942709505558,0.5778266787528992,0.7316532135009766,-0.01100616529583931,0.5969899892807007,0.6458068490028381,-0.03780645132064819,0.6229555606842041,0.670835554599762,-0.05583927407860756,0.627760648727417,0.717210054397583,-0.06237233802676201,0.5490223169326782,0.7361330389976501,-0.01882057823240757,0.5623530745506287,0.6524306535720825,-0.04034867882728577,0.5925126075744629,0.674933135509491,-0.047953974455595016,0.6023634672164917,0.7189406752586365,-0.048070210963487625,0.5167171955108643,0.7491484880447388,-0.028420105576515198,0.5310840010643005,0.6820465922355652,-0.04396025091409683,0.5577377080917358,0.6916242241859436,-0.047319721430540085,0.5711157321929932,0.7230205535888672,-0.04658518359065056
0.4347332715988159,0.9590603113174438,1.8351137498484604e-07,0.4953797459602356,0.9332243204116821,-0.013188093900680542,0.5472648739814758,0.8779724836349487,-0.017867395654320717,0.565213680267334,0.8240259289741516,-0.02478807419538498,0.5558867454528809,0.7908721566200256,-0.032453086227178574,0.5302917957305908,0.7732305526733398,-0.0031189105939120054,0.5575473308563232,0.6853535175323486,-0.017494823783636093,0.5798388719558716,0.6308155655860901,-0.03117295913398266,0.5955936908721924,0.5912750363349915,-0.04085157811641693,0.5004932284355164,0.7651132345199585,-0.00915277749300003,0.5164095759391785,0.6732720732688904,-0.0363776870071888,0.5373079776763916,0.6913889050483704,-0.056014228612184525,0.5418582558631897,0.7391362190246582,-0.06335634738206863,0.4707294702529907,0.7691513299942017,-0.016605950891971588,0.48376142978668213,0.684333086013794,-0.03743886202573776,0.5086355209350586,0.6969539523124695,-0.04783179610967636,0.5173208713531494,0.7402260303497314,-0.04985947534441948,0.4395538866519928,0.7819516062736511,-0.025875898078083992,0.4466405212879181,0.7148799300193787,-0.040961429476737976,0.46958017349243164,0.7146115303039551,-0.04658443108201027,0.48332229256629944,0.7430865168571472,-0.047469329088926315
0.3639059364795685,0.9455922842025757,1.3690610956018645e-07,0.42256492376327515,0.9101392030715942,-0.010522659868001938,0.4681551158428192,0.8582472205162048,-0.015042812563478947,0.48178622126579285,0.8029469847679138,-0.022635163739323616,0.4620010554790497,0.7684723734855652,-0.030611075460910797,0.4512990415096283,0.7544538974761963,0.0030282367952167988,0.47443902492523193,0.6656268835067749,-0.009745320305228233,0.4907606244087219,0.6112635135650635,-0.022614171728491783,0.5015044808387756,0.5673827528953552,-0.03205183893442154,0.42099854350090027,0.7477425336837769,-0.003097828244790435,0.4314572811126709,0.6642482280731201,-0.028759662061929703,0.44885164499282837,0.6844009757041931,-0.04716517776250839,0.4525216519832611,0.7261804938316345,-0.05427103862166405,0.39133575558662415,0.7497255206108093,-0.010755547322332859,0.4015086889266968,0.6692862510681152,-0.031316839158535004,0.42328619956970215,0.6872550249099731,-0.040148284286260605,0.4301616847515106,0.7314284443855286,-0.040685806423425674,0.3621677756309509,0.7585728764533997,-0.020141784101724625,0.37250298261642456,0.6931845545768738,-0.03423364460468292,0.39419862627983093,0.6982450485229492,-0.03851145878434181,0.40620550513267517,0.7301384806632996,-0.0381796769797802
0.31437259912490845,0.944816529750824,1.7191068479860405e-07,0.37164992094039917,0.9086191058158875,-0.01648569293320179,0.4148489832878113,0.8482322692871094,-0.022750534117221832,0.41875743865966797,0.79197096824646,-0.030651215463876724,0.39355751872062683,0.7577048540115356,-0.03929954767227173,0.3960477113723755,0.7468699216842651,-0.006616538856178522,0.4174855351448059,0.6534209251403809,-0.019677266478538513,0.42831188440322876,0.5962993502616882,-0.031754810363054276,0.4371035099029541,0.551085352897644,-0.04137134924530983,0.3628321886062622,0.7403630018234253,-0.010839002206921577,0.3694087266921997,0.6515347957611084,-0.03919589892029762,0.3793259561061859,0.6659422516822815,-0.0599890761077404,0.3837893307209015,0.70909583568573,-0.06837667524814606,0.33038195967674255,0.74641352891922,-0.01646948978304863,0.3308590352535248,0.6606162190437317,-0.038282860070466995,0.34537672996520996,0.6689689755439758,-0.05114047974348068,0.35436999797821045,0.7104480862617493,-0.054985225200653076,0.2973630428314209,0.7623679637908936,-0.02401982806622982,0.29711031913757324,0.6982296109199524,-0.03982027620077133,0.3148660957813263,0.6908271908760071,-0.04853113740682602,0.3311653137207031,0.7133564352989197,-0.05204787105321884
0.2758373022079468,0.9516622424125671,1.659260391306816e-07,0.33018606901168823,0.9177886247634888,-0.020610684528946877,0.37125837802886963,0.8608247637748718,-0.028614694252610207,0.3616427481174469,0.8041736483573914,-0.037799738347530365,0.33051639795303345,0.7712308764457703,-0.04744413495063782,0.35941651463508606,0.7618628144264221,-0.007329169660806656,0.38420286774635315,0.6697337627410889,-0.021178429946303368,0.39684176445007324,0.6125034093856812,-0.03398873656988144,0.4055101275444031,0.5670144557952881,-0.04382770135998726,0.3226760923862457,0.7524847388267517,-0.00950848963111639,0.32931724190711975,0.6640236377716064,-0.03808779641985893,0.3342686593532562,0.6874690651893616,-0.058343276381492615,0.33527374267578125,0.7321574687957764,-0.06589558720588684,0.2892279624938965,0.7548552751541138,-0.013488872908055782,0.2929309010505676,0.6707753539085388,-0.03691942244768143,0.3006076216697693,0.6871033310890198,-0.04890438914299011,0.3024226129055023,0.7315416932106018,-0.05103070288896561,0.2579537332057953,0.7670710682868958,-0.01947513036429882,0.25922757387161255,0.702369749546051,-0.03502742201089859,0.2721390128135681,0.7023188471794128,-0.04097213223576546,0.2806961238384247,0.7308858633041382,-0.04171203076839447
0.24566684663295746,0.9421781301498413,1.9254969174653525e-07,0.2960554361343384,0.904647946357727,-0.022002484649419785,0.33598124980926514,0.8464452028274536,-0.03035077452659607,0.3233736753463745,0.7866281270980835,-0.03980347886681557,0.2927679121494293,0.7459456920623779,-0.0495162308216095,0.32586461305618286,0.7563616037368774,-0.005759791005402803,0.35003286600112915,0.6669464111328125,-0.01957429200410843,0.36191001534461975,0.6113945245742798,-0.032669540494680405,0.3707384169101715,0.5671373605728149,-0.0429147332906723,0.29016295075416565,0.745817244052887,-0.0073515549302101135,0.29754623770713806,0.6617940664291382,-0.035785723477602005,0.3036881387233734,0.6824865937232971,-0.057553526014089584,0.3063755929470062,0.7242215275764465,-0.06688596308231354,0.2574242055416107,0.7478435635566711,-0.011204594746232033,0.25900352001190186,0.6624963283538818,-0.036142200231552124,0.2657761871814728,0.6765658855438232,-0.05089259520173073,0.2680579423904419,0.7213970422744751,-0.05503377690911293,0.22629086673259735,0.7603262066841125,-0.01698331907391548,0.22803786396980286,0.6959335803985596,-0.034378621727228165,0.24004721641540527,0.6937979459762573,-0.043031856417655945,0.2484966665506363,0.7216213941574097,-0.045955900102853775
0.20323199033737183,0.9238784313201904,1.658164876516821e-07,0.2617579400539398,0.8886988759040833,-0.01806516759097576,0.30123502016067505,0.828959047794342,-0.02170209214091301,0.2943933606147766,0.767207145690918,-0.02667974680662155,0.27020642161369324,0.7286494970321655,-0.03145111724734306,0.2955687344074249,0.7458066940307617,0.005019897595047951,0.3221624493598938,0.6648096442222595,-0.004964507184922695,0.33517730236053467,0.6122568249702454,-0.016177715733647346,0.34354662895202637,0.5713744163513184,-0.025144802406430244,0.2622971534729004,0.7334322333335876,0.0038317288272082806,0.27365705370903015,0.6505959630012512,-0.02040340006351471,0.2774570882320404,0.6658357381820679,-0.04032174497842789,0.27492785453796387,0.707236647605896,-0.04855109378695488,0.23070967197418213,0.7318705320358276,0.00015740453090984374,0.24022506177425385,0.6526542901992798,-0.02054944820702076,0.24651868641376495,0.6598532199859619,-0.03455125913023949,0.24430005252361298,0.7008737921714783,-0.03877189755439758,0.19920125603675842,0.7388461232185364,-0.005429588723927736,0.2078394889831543,0.6783336400985718,-0.01961410604417324,0.22019901871681213,0.6737536191940308,-0.027770111337304115,0.22613054513931274,0.6995057463645935,-0.03072793409228325
0.18337894976139069,0.9136549234390259,1.8439364168898464e-07,0.23544470965862274,0.8767829537391663,-0.019139597192406654,0.27466151118278503,0.8210210204124451,-0.024779843166470528,0.2665367126464844,0.7606677412986755,-0.030755044892430305,0.24393054842948914,0.7220205664634705,-0.036591507494449615,0.2695636749267578,0.7385790944099426,-0.0013199656968936324,0.29691892862319946,0.6579609513282776,-0.012210157699882984,0.309058278799057,0.6063451170921326,-0.02336859703063965,0.3181442320346832,0.5664888024330139,-0.032211191952228546,0.23489905893802643,0.7254806756973267,-0.002155371243134141,0.2464677095413208,0.6433578729629517,-0.0273366030305624,0.24659572541713715,0.6575903296470642,-0.04677034169435501,0.2438909411430359,0.6967784762382507,-0.05441925674676895,0.20275616645812988,0.7243967652320862,-0.00511426804587245,0.21017765998840332,0.6459460258483887,-0.024738997220993042,0.21494123339653015,0.6498573422431946,-0.038003064692020416,0.21511031687259674,0.68501216173172,-0.042423199862241745,0.17077231407165527,0.7338287234306335,-0.010003296658396721,0.173147514462471,0.6763212084770203,-0.022789089009165764,0.18384411931037903,0.6656518578529358,-0.030811592936515808,0.1931198537349701,0.68143630027771,-0.03419133648276329
0.16775642335414886,0.89988774061203,1.8056655903819774e-07,0.2170712649822235,0.862648606300354,-0.021890949457883835,0.2534400224685669,0.8030641674995422,-0.02863786183297634,0.24193120002746582,0.7419019341468811,-0.03481118008494377,0.21836960315704346,0.7058247923851013,-0.040409814566373825,0.2460595965385437,0.7233498692512512,-0.006290849763900042,0.27241945266723633,0.6425133347511292,-0.018653128296136856,0.2832200229167938,0.5909284353256226,-0.029697956517338753,0.2912885546684265,0.5520292520523071,-0.03800097480416298,0.21154750883579254,0.7132922410964966,-0.006063804496079683,0.2202514261007309,0.6295264959335327,-0.03281894326210022,0.21707068383693695,0.6401138305664062,-0.051531627774238586,0.21340696513652802,0.6772005558013916,-0.057965267449617386,0.18089555203914642,0.7146130800247192,-0.008146041072905064,0.18579250574111938,0.6408122181892395,-0.029320059344172478,0.1881217062473297,0.6413993835449219,-0.0426710844039917,0.1880832016468048,0.6719074845314026,-0.04650236293673515,0.15124326944351196,0.7267382144927979,-0.0122967679053545,0.15444691479206085,0.6707800626754761,-0.025503970682621002,0.16340523958206177,0.6567333936691284,-0.033663827925920486,0.17139293253421783,0.666674792766571,-0.03703034669160843
0.1571345031261444,0.9019125699996948,1.7364598647873208e-07,0.2055673599243164,0.864714503288269,-0.02154959924519062,0.2390032708644867,0.8018875122070312,-0.027791790664196014,0.231781467795372,0.7399118542671204,-0.03362900763750076,0.20753228664398193,0.7043735980987549,-0.038939572870731354,0.2302384376525879,0.7214012742042542,-0.006544900126755238,0.2547697424888611,0.6393660306930542,-0.017431801185011864,0.26501208543777466,0.5878206491470337,-0.027245141565799713,0.2721306085586548,0.5491775870323181,-0.03483637422323227,0.19581212103366852,0.7126031517982483,-0.0061076246201992035,0.19785018265247345,0.6286669969558716,-0.03131435811519623,0.2021000236272812,0.6410443186759949,-0.04859376326203346,0.2048170417547226,0.6820028424263,-0.054298438131809235,0.16499361395835876,0.7163051962852478,-0.007787473499774933,0.16388830542564392,0.640908420085907,-0.0279587022960186,0.17464454472064972,0.6454415917396545,-0.04017436131834984,0.18183086812496185,0.6820573210716248,-0.04327862337231636,0.1359024941921234,0.7298598885536194,-0.011605084873735905,0.13344523310661316,0.6700415015220642,-0.02517174929380417,0.14683230221271515,0.6588900685310364,-0.033178191632032394,0.16064459085464478,0.6754642724990845,-0.03609272092580795
0.1434933990240097,0.9135189056396484,1.5023364596800093e-07,0.19038444757461548,0.8715332746505737,-0.021521836519241333,0.2215358018875122,0.8090890049934387,-0.027302581816911697,0.20700523257255554,0.7495560050010681,-0.03282719850540161,0.18059277534484863,0.7149261236190796,-0.03777677193284035,0.2148488461971283,0.7322484254837036,-0.0016046316595748067,0.23802587389945984,0.6517767906188965,-0.010744165629148483,0.2459794282913208,0.6019343733787537,-0.02066023088991642,0.2523405849933624,0.5629925727844238,-0.02896927483379841,0.17990435659885406,0.7233474850654602,-0.001153738470748067,0.18548092246055603,0.639114260673523,-0.02445066347718239,0.18298517167568207,0.6536686420440674,-0.04325314983725548,0.1825341284275055,0.6927086114883423,-0.05077311769127846,0.14899751543998718,0.7266707420349121,-0.0029733534902334213,0.1507115662097931,0.65105140209198,-0.021909236907958984,0.15447337925434113,0.6545438766479492,-0.036540258675813675,0.1576099544763565,0.6903208494186401,-0.04187749698758125,0.12005099654197693,0.7404146790504456,-0.00679442984983325,0.11926761269569397,0.6817741394042969,-0.019140664488077164,0.12962698936462402,0.6704649925231934,-0.02781834825873375,0.14133574068546295,0.6867371201515198,-0.031867098063230515
0.13030239939689636,0.9185222387313843,1.7770466342881264e-07,0.177402526140213,0.8820866942405701,-0.025077659636735916,0.21257644891738892,0.8186272382736206,-0.03190676122903824,0.2029779851436615,0.7572822570800781,-0.037859078496694565,0.17580100893974304,0.7239136099815369,-0.04331953451037407,0.20406146347522736,0.7402395606040955,-0.0024798086378723383,0.22669437527656555,0.6601874828338623,-0.012114249169826508,0.23540200293064117,0.6103472709655762,-0.023873720318078995,0.2423112988471985,0.5728831887245178,-0.033807747066020966,0.1698266714811325,0.7325236797332764,-0.0001392332196701318,0.17600269615650177,0.6532129049301147,-0.025021221488714218,0.17358258366584778,0.6626437306404114,-0.04851357638835907,0.1730523407459259,0.6979542970657349,-0.059837352484464645,0.13889889419078827,0.7350637316703796,-0.0002919900871347636,0.1422121226787567,0.6620335578918457,-0.020609842613339424,0.14507342875003815,0.6572579145431519,-0.0409892275929451,0.14713746309280396,0.6894074082374573,-0.05083141848444939,0.10980945080518723,0.7481300830841064,-0.002548858290538192,0.11127923429012299,0.6913474798202515,-0.016782229766249657,0.12073999643325806,0.6754531264305115,-0.029740052297711372,0.1315334290266037,0.6889129877090454,-0.03732974827289581
0.12383514642715454,0.9225220680236816,1.9048782462505187e-07,0.16914041340351105,0.8842401504516602,-0.024198461323976517,0.2058349996805191,0.8231734037399292,-0.031368669122457504,0.19742664694786072,0.7605527639389038,-0.03777221217751503,0.1707037389278412,0.7249310612678528,-0.043537888675928116,0.19595733284950256,0.7461695671081543,-0.002808108925819397,0.21834123134613037,0.6677507162094116,-0.012481512501835823,0.2264743447303772,0.617928683757782,-0.023691875860095024,0.23292586207389832,0.5802822113037109,-0.03302071616053581,0.16195867955684662,0.7369691729545593,-0.000822179950773716,0.16704389452934265,0.6571426391601562,-0.024713734164834023,0.17008480429649353,0.6674519181251526,-0.04621688649058342,0.1723768711090088,0.7049574255943298,-0.0561874695122242,0.13177822530269623,0.7388200163841248,-0.0012071233941242099,0.13362449407577515,0.6643795967102051,-0.0203861016780138,0.14197172224521637,0.6639592051506042,-0.037838105112314224,0.14720116555690765,0.6991945505142212,-0.045821547508239746,0.10313402861356735,0.7510753870010376,-0.0038063384126871824,0.10292978584766388,0.6940173506736755,-0.017041867598891258,0.1156805008649826,0.6816526651382446,-0.028228096663951874,0.1290118545293808,0.6977531313896179,-0.034493349492549896
0.11516217887401581,0.9219321608543396,1.7654608086559165e-07,0.16260790824890137,0.8810865879058838,-0.021285999566316605,0.19663198292255402,0.8201205134391785,-0.027141023427248,0.18536044657230377,0.7621539831161499,-0.03288448229432106,0.15676017105579376,0.7306559085845947,-0.038472291082143784,0.1852784901857376,0.7460536956787109,-0.0005993719678372145,0.20529323816299438,0.6685444712638855,-0.010151267983019352,0.21268093585968018,0.619251012802124,-0.02158680185675621,0.21888193488121033,0.5818058252334595,-0.031112371012568474,0.15171411633491516,0.7388697266578674,0.0002953628427349031,0.1556224524974823,0.6609439849853516,-0.0227871872484684,0.15617021918296814,0.67023766040802,-0.04462503641843796,0.15788745880126953,0.7048293948173523,-0.05523523688316345,0.12157697975635529,0.74215167760849,-0.0010201126569882035,0.1225448027253151,0.6694290041923523,-0.019766397774219513,0.12748205661773682,0.6675221920013428,-0.03788038343191147,0.1313748061656952,0.7006164193153381,-0.04656079784035683,0.09269540011882782,0.7552646398544312,-0.004226017743349075,0.0922757089138031,0.7004914283752441,-0.017007024958729744,0.10251019895076752,0.6876681447029114,-0.028330886736512184,0.1139952689409256,0.7025980353355408,-0.03495480492711067
0.10807277262210846,0.9239258170127869,1.615433973256586e-07,0.15356671810150146,0.8800113201141357,-0.019681710749864578,0.18255190551280975,0.8179234862327576,-0.02506287209689617,0.16830864548683167,0.7615382671356201,-0.030369117856025696,0.14353808760643005,0.73283851146698,-0.035306282341480255,0.17003050446510315,0.7445201873779297,-0.0021227288525551558,0.18734392523765564,0.6678838729858398,-0.011430629529058933,0.1934005469083786,0.6192256212234497,-0.021989768370985985,0.19769547879695892,0.5809739828109741,-0.030826641246676445,0.13674825429916382,0.7382608652114868,-0.00203672144562006,0.13933689892292023,0.6615121364593506,-0.024072321131825447,0.1407371610403061,0.6725565791130066,-0.042601313441991806,0.14223679900169373,0.7075411081314087,-0.050870440900325775,0.10704272985458374,0.7428251504898071,-0.004002841655164957,0.10635571926832199,0.6704466938972473,-0.021203313022851944,0.11421731114387512,0.6726568341255188,-0.03498684987425804,0.12045701593160629,0.7070176601409912,-0.04079415649175644,0.07826697826385498,0.7571728229522705,-0.008022349327802658,0.07675535976886749,0.701274037361145,-0.019920481368899345,0.08900298178195953,0.6903975009918213,-0.028727294877171516,0.10240931808948517,0.7069717645645142,-0.03329480439424515
0.0992426723241806,0.9274660348892212,1.670548215315648e-07,0.14048002660274506,0.8832882046699524,-0.02299121581017971,0.16906635463237762,0.8184008598327637,-0.02941647730767727,0.15202423930168152,0.7605543732643127,-0.035004373639822006,0.12452663481235504,0.7309531569480896,-0.04009842872619629,0.15732033550739288,0.7474657297134399,-0.003581453114748001,0.17423583567142487,0.6698843836784363,-0.013285894878208637,0.17912232875823975,0.6204879283905029,-0.024383699521422386,0.1828732043504715,0.5825104713439941,-0.033523961901664734,0.12282354384660721,0.7423829436302185,-0.001971320016309619,0.1239723339676857,0.6625312566757202,-0.025072762742638588,0.12076634168624878,0.6731614470481873,-0.04533860832452774,0.12062148004770279,0.7084273099899292,-0.0543249286711216,0.09283047914505005,0.7478987574577332,-0.0026094838976860046,0.08957955986261368,0.6771495342254639,-0.021386753767728806,0.09325653314590454,0.6770540475845337,-0.03783564642071724,0.09819386154413223,0.7099642753601074,-0.044834237545728683,0.06532318890094757,0.7636734247207642,-0.005322558339685202,0.06244781240820885,0.70683753490448,-0.017860854044556618,0.07166790962219238,0.6938028335571289,-0.02764856442809105,0.08363643288612366,0.7088577747344971,-0.032772261649370193
0.08689174056053162,0.9283846616744995,1.5569007416615932e-07,0.12847188115119934,0.8806101083755493,-0.019134951755404472,0.1548253744840622,0.8147550821304321,-0.023923570290207863,0.13842350244522095,0.7599552273750305,-0.028511105105280876,0.11405730992555618,0.7318174242973328,-0.032514553517103195,0.14300231635570526,0.747972309589386,-0.0026044375263154507,0.15992054343223572,0.6706288456916809,-0.01257596630603075,0.16417208313941956,0.6204785108566284,-0.022684259340167046,0.16646911203861237,0.58251953125,-0.030717000365257263,0.10818569362163544,0.7427727580070496,-0.0026308507658541203,0.10608023405075073,0.6649868488311768,-0.026214053854346275,0.10684671252965927,0.6764440536499023,-0.04381619021296501,0.11016751825809479,0.7132856249809265,-0.05027613788843155,0.07839478552341461,0.7490383386611938,-0.0046928697265684605,0.07291197776794434,0.6777052879333496,-0.023159660398960114,0.07937711477279663,0.6782160401344299,-0.03624247759580612,0.0869617834687233,0.7102248668670654,-0.04059207811951637,0.05113181844353676,0.7656077146530151,-0.008658360689878464,0.04634574055671692,0.7103074193000793,-0.020818576216697693,0.05673927813768387,0.6960256695747375,-0.028954744338989258,0.07033601403236389,0.7082192897796631,-0.032456524670124054
0.08195286989212036,0.93350750207901,1.6587455320404842e-07,0.12296394258737564,0.8876084685325623,-0.02356875129044056,0.14938190579414368,0.8211854696273804,-0.029282527044415474,0.13147136569023132,0.7641668915748596,-0.03426875174045563,0.10246491432189941,0.7389987707138062,-0.03845978155732155,0.1379290521144867,0.7488334774971008,0.0006391765782609582,0.152748242020607,0.6707354187965393,-0.0078102052211761475,0.15631872415542603,0.6215954422950745,-0.01848515495657921,0.1592959761619568,0.5838915109634399,-0.027546081691980362,0.10362031310796738,0.7446088194847107,0.00292671169154346,0.1008877083659172,0.6669645309448242,-0.01993623748421669,0.10057417303323746,0.6785424947738647,-0.04143938422203064,0.10441841185092926,0.714392900466919,-0.05129115656018257,0.07341057807207108,0.750551164150238,0.002698373980820179,0.06821323931217194,0.6808904409408569,-0.016593698412179947,0.07399224489927292,0.6802094578742981,-0.035386260598897934,0.08169718086719513,0.7146681547164917,-0.04368959739804268,0.04588950052857399,0.7661077976226807,0.00039770881994627416,0.04105132445693016,0.7101418375968933,-0.012922928668558598,0.050632208585739136,0.6972482800483704,-0.024443352594971657,0.06394651532173157,0.7141379117965698,-0.030623100697994232
0.08455132693052292,0.9341995716094971,1.7646556216277531e-07,0.12580296397209167,0.8862486481666565,-0.024941129609942436,0.15243184566497803,0.819787859916687,-0.031697578728199005,0.13328738510608673,0.7635205388069153,-0.037574540823698044,0.10244933515787125,0.7390478253364563,-0.04257562756538391,0.14072920382022858,0.7499635815620422,0.0004902008804492652,0.15518219769001007,0.6717785596847534,-0.008624942973256111,0.15838170051574707,0.6224526166915894,-0.02018059976398945,0.1609107106924057,0.5848184823989868,-0.02998128905892372,0.1066087856888771,0.7461322546005249,0.002926776884123683,0.1040191650390625,0.6684532761573792,-0.021084142848849297,0.10220149904489517,0.6792001724243164,-0.04457998275756836,0.10486147552728653,0.7130587697029114,-0.05586719140410423,0.07666671276092529,0.752300500869751,0.0026867210399359465,0.07091332226991653,0.6834970116615295,-0.017544183880090714,0.07594209909439087,0.6807821393013,-0.038692206144332886,0.08347403258085251,0.7135906219482422,-0.04865584149956703,0.049554552882909775,0.7681243419647217,0.0003311601176392287,0.04415976256132126,0.711627185344696,-0.013192838989198208,0.05271466076374054,0.6966564655303955,-0.02607678808271885,0.0657738521695137,0.7116329669952393,-0.03356356546282768
0.08806681632995605,0.9313435554504395,1.756707774802635e-07,0.12750282883644104,0.8866339921951294,-0.025968870148062706,0.15526312589645386,0.8200985193252563,-0.03303545340895653,0.13819199800491333,0.763570249080658,-0.038995563983917236,0.11026705801486969,0.7357527017593384,-0.044269755482673645,0.14264489710330963,0.7483353614807129,-0.0017247711075469851,0.15796634554862976,0.670235812664032,-0.011364486999809742,0.16189636290073395,0.6209666728973389,-0.023263033479452133,0.16484174132347107,0.5834240317344666,-0.033251501619815826,0.10856253653764725,0.7452133893966675,0.0011933550704270601,0.10745224356651306,0.6663757562637329,-0.023384571075439453,0.10387369990348816,0.6779942512512207,-0.047340620309114456,0.1049380823969841,0.712348222732544,-0.058885760605335236,0.07861226797103882,0.751751184463501,0.0015020897844806314,0.07417436689138412,0.6818721294403076,-0.019216377288103104,0.07729387283325195,0.6796443462371826,-0.040479276329278946,0.08305808156728745,0.7122436165809631,-0.05047726258635521,0.05147546902298927,0.7682119607925415,-0.00030066672479733825,0.04761053994297981,0.7107322812080383,-0.014343646354973316,0.055477291345596313,0.6959443688392639,-0.027207596227526665,0.06740692257881165,0.7106141448020935,-0.03459690511226654
0.08789829909801483,0.9279559850692749,1.7229663740181422e-07,0.12892985343933105,0.8821858763694763,-0.026257174089550972,0.1569327414035797,0.816652774810791,-0.033171553164720535,0.1394716203212738,0.7602423429489136,-0.03916652128100395,0.1109376773238182,0.7335857152938843,-0.04439502954483032,0.14418642222881317,0.7450573444366455,0.00038705035694874823,0.1589074730873108,0.6682572960853577,-0.009159881621599197,0.16258707642555237,0.6198963522911072,-0.021690137684345245,0.16593684256076813,0.58182692527771,-0.03234777972102165,0.1103443056344986,0.7411087155342102,0.003351605962961912,0.11009275168180466,0.664160966873169,-0.020651275292038918,0.1058613732457161,0.6763375997543335,-0.04519706219434738,0.10689516365528107,0.7087477445602417,-0.057565316557884216,0.0802408903837204,0.7464380860328674,0.003441172419115901,0.07837071269750595,0.6779463291168213,-0.017501892521977425,0.07997453212738037,0.6762611269950867,-0.03976314887404442,0.08400193601846695,0.7092329859733582,-0.050427816808223724,0.05298919230699539,0.7613036036491394,0.0013670495245605707,0.051116395741701126,0.7036994695663452,-0.013030770234763622,0.05809001252055168,0.6900700926780701,-0.02639046125113964,0.06814227998256683,0.7068326473236084,-0.03414411470293999
0.0908847227692604,0.9234520792961121,1.9774982717990497e-07,0.13299225270748138,0.8769010901451111,-0.025800947099924088,0.1623396873474121,0.8109408020973206,-0.032437942922115326,0.14541704952716827,0.7534428834915161,-0.038095876574516296,0.1166955977678299,0.7255986928939819,-0.04295798018574715,0.1493840217590332,0.74170982837677,-0.00044868516852147877,0.16502851247787476,0.6636387705802917,-0.010166062973439693,0.16899919509887695,0.6142237186431885,-0.022246796637773514,0.17259985208511353,0.5765517354011536,-0.032330937683582306,0.11500909179449081,0.7373453378677368,0.0023879846557974815,0.11291267722845078,0.6591428518295288,-0.02174767293035984,0.11001444607973099,0.6653416156768799,-0.04616524279117584,0.11191496253013611,0.6970469951629639,-0.058392856270074844,0.08485588431358337,0.7427698373794556,0.002433153335005045,0.08039046078920364,0.6734914183616638,-0.0183093398809433,0.08433029800653458,0.6667819023132324,-0.040937211364507675,0.09092489629983902,0.6978164315223694,-0.0519939549267292,0.057257186621427536,0.7578113675117493,0.00032759859459474683,0.05330018699169159,0.7007483243942261,-0.014433015137910843,0.06120501831173897,0.6836186647415161,-0.028762847185134888,0.07342616468667984,0.6972196102142334,-0.03719015419483185
0.08889206498861313,0.9024891257286072,2.2732427851224202e-07,0.13245247304439545,0.8513132333755493,-0.022442739456892014,0.16202661395072937,0.7861291766166687,-0.028600143268704414,0.1491868793964386,0.7262066602706909,-0.03420432284474373,0.11984290182590485,0.6971085667610168,-0.039214760065078735,0.14362281560897827,0.7187330722808838,0.000403169629862532,0.1583608090877533,0.6421274542808533,-0.009291312657296658,0.16320966184139252,0.5925478935241699,-0.020754499360919,0.1666790246963501,0.5545285940170288,-0.030039267614483833,0.1100829541683197,0.7143394351005554,0.0020480987150222063,0.10771997272968292,0.637030303478241,-0.020426908507943153,0.10956329107284546,0.6447252035140991,-0.04137767478823662,0.11216610670089722,0.6784229278564453,-0.0511808916926384,0.08048611879348755,0.7207291126251221,0.0011537672253325582,0.07557152956724167,0.6532829403877258,-0.017747819423675537,0.08158230036497116,0.6483702659606934,-0.03507162630558014,0.08714089542627335,0.6777479648590088,-0.04267222061753273,0.05233580246567726,0.7364676594734192,-0.0017872564494609833,0.04893055930733681,0.6814960837364197,-0.014613675884902477,0.05873045325279236,0.6644631624221802,-0.025194045156240463,0.0703236311674118,0.6750631332397461,-0.030888304114341736
0.08830777555704117,0.8809563517570496,2.0701230596387177e-07,0.1322271227836609,0.8330056071281433,-0.023220902308821678,0.16035641729831696,0.7678200006484985,-0.02898586168885231,0.14970140159130096,0.712785005569458,-0.0345253087580204,0.12462346255779266,0.6808252930641174,-0.03968946263194084,0.14154648780822754,0.6905477643013,0.0008070773328654468,0.15387742221355438,0.6143090128898621,-0.009005473926663399,0.15618902444839478,0.5658079981803894,-0.021372951567173004,0.15719248354434967,0.5286738872528076,-0.03150515258312225,0.10751058161258698,0.6885889768600464,0.0022612949833273888,0.10435464978218079,0.6133015751838684,-0.02107631042599678,0.10540379583835602,0.6228898167610168,-0.044500868767499924,0.10888278484344482,0.6550642251968384,-0.05628778412938118,0.0767720490694046,0.697329580783844,0.0010416064178571105,0.07104125618934631,0.6286325454711914,-0.01847200095653534,0.07645420730113983,0.6238278746604919,-0.03841826319694519,0.08337331563234329,0.6538955569267273,-0.04804658889770508,0.04814785718917847,0.7152814865112305,-0.002267070347443223,0.043083563446998596,0.6584104895591736,-0.01592978462576866,0.0524883009493351,0.6414905786514282,-0.028107373043894768,0.065445676445961,0.6531878709793091,-0.03510012850165367
0.09349551051855087,0.8333734273910522,2.6387652951598284e-07,0.13987311720848083,0.7787351608276367,-0.019678419455885887,0.17052346467971802,0.7113980054855347,-0.024304311722517014,0.15418221056461334,0.6550145149230957,-0.02902916632592678,0.12055043876171112,0.636833906173706,-0.03343239054083824,0.14797981083393097,0.6435397863388062,0.002074569696560502,0.16016487777233124,0.5680787563323975,-0.007460770662873983,0.16416051983833313,0.5197747945785522,-0.018380701541900635,0.1670232117176056,0.4839704930782318,-0.026637831702828407,0.11266742646694183,0.6410389542579651,0.0025717418175190687,0.10584702342748642,0.5657059550285339,-0.018251171335577965,0.11025732755661011,0.5703953504562378,-0.036744724959135056,0.1153319776058197,0.602332353591919,-0.04448292404413223,0.08184973895549774,0.6501914262771606,0.0006347890011966228,0.07418878376483917,0.5828336477279663,-0.01747344247996807,0.08180022984743118,0.5793576240539551,-0.03141443058848381,0.08971492946147919,0.6090625524520874,-0.03586879372596741,0.052311837673187256,0.6684660911560059,-0.0032683236058801413,0.046024128794670105,0.6122666597366333,-0.015334623865783215,0.05622764304280281,0.5940819382667542,-0.022904247045516968,0.069369837641716,0.6046160459518433,-0.025563612580299377
0.09797638654708862,0.7868265509605408,2.6765576421894366e-07,0.14442934095859528,0.7301701903343201,-0.019211899489164352,0.1733013093471527,0.6635243892669678,-0.02362740784883499,0.15783661603927612,0.6061457991600037,-0.028357040137052536,0.12643665075302124,0.5835101008415222,-0.032610662281513214,0.1541782021522522,0.5957697629928589,0.0024124588817358017,0.16492266952991486,0.5173552632331848,-0.007732553407549858,0.16634415090084076,0.4670409560203552,-0.018878141418099403,0.1667606234550476,0.42937636375427246,-0.02707046829164028,0.1191025823354721,0.5926433801651001,0.002912655472755432,0.11288359761238098,0.5193135738372803,-0.019005075097084045,0.11758177727460861,0.5214534997940063,-0.03731309995055199,0.12321677803993225,0.5529885292053223,-0.04477407783269882,0.08783069252967834,0.6001443266868591,0.0006984046194702387,0.07938062399625778,0.5329080820083618,-0.017700934782624245,0.08787573128938675,0.5257230997085571,-0.03183545917272568,0.09714921563863754,0.555018424987793,-0.036404989659786224,0.05726075544953346,0.615615725517273,-0.0035961659159511328,0.050581980496644974,0.5582329034805298,-0.01614457182586193,0.0608828030526638,0.5402218103408813,-0.024441199377179146,0.07456965744495392,0.5527320504188538,-0.027452385053038597
0.1041724905371666,0.7318993806838989,2.5866663122542377e-07,0.15113160014152527,0.6742770671844482,-0.020841900259256363,0.18100643157958984,0.6059051752090454,-0.02492627128958702,0.16324648261070251,0.5486382246017456,-0.029153943061828613,0.13058830797672272,0.5276452302932739,-0.03301030769944191,0.16384921967983246,0.5377896428108215,0.004791772458702326,0.17309629917144775,0.4578157663345337,-0.004643211141228676,0.1727978140115738,0.4066299796104431,-0.01648857071995735,0.17176157236099243,0.36868590116500854,-0.02563420496881008,0.12784923613071442,0.5356380343437195,0.005436067469418049,0.12331011891365051,0.4582250118255615,-0.016935229301452637,0.12491770088672638,0.45709288120269775,-0.039116937667131424,0.127585768699646,0.4851570725440979,-0.04963059723377228,0.09597460180521011,0.5430909991264343,0.0031789070926606655,0.0891360342502594,0.4740252196788788,-0.016116609796881676,0.0944497361779213,0.46261706948280334,-0.035345740616321564,0.10104172676801682,0.4887789189815521,-0.04368448629975319,0.065007783472538,0.5591497421264648,-0.001119667082093656,0.05926624685525894,0.5006393194198608,-0.014228741638362408,0.06794389337301254,0.4775519371032715,-0.025528565049171448,0.08051520586013794,0.48448094725608826,-0.03149450942873955
0.11092779040336609,0.6884536743164062,2.4461934344799374e-07,0.1589055210351944,0.6355883479118347,-0.0188235305249691,0.1902875006198883,0.5677447319030762,-0.022152110934257507,0.18245430290699005,0.5081479549407959,-0.025928186252713203,0.15537908673286438,0.4826715588569641,-0.02947101928293705,0.164262056350708,0.49394798278808594,0.00741590978577733,0.17229744791984558,0.4204389154911041,-0.0003885441110469401,0.17413006722927094,0.37392765283584595,-0.011554447002708912,0.17431893944740295,0.33939188718795776,-0.020577143877744675,0.13148726522922516,0.49333223700523376,0.007516093552112579,0.12603862583637238,0.41955941915512085,-0.013742271810770035,0.13315615057945251,0.42192673683166504,-0.03533978760242462,0.13856808841228485,0.4539978504180908,-0.04568729177117348,0.10149135440587997,0.502249002456665,0.004855757113546133,0.09441287815570831,0.4350637197494507,-0.013407308608293533,0.10306638479232788,0.4236355423927307,-0.03210565075278282,0.1103905513882637,0.4484700560569763,-0.040712419897317886,0.07133414596319199,0.5191267132759094,0.0003500749880913645,0.06476510316133499,0.4629243016242981,-0.012830131687223911,0.07508449256420135,0.4428277015686035,-0.02444659173488617,0.08792763203382492,0.44994914531707764,-0.030899401754140854
0.09811881184577942,0.639542281627655,3.19060433184859e-07,0.14584675431251526,0.5870580673217773,-0.02041979506611824,0.17882487177848816,0.5179134011268616,-0.02475637011229992,0.17503750324249268,0.4522254467010498,-0.02956169843673706,0.14486300945281982,0.42386236786842346,-0.03408147394657135,0.1488683670759201,0.4457660913467407,0.004391930531710386,0.15660730004310608,0.37066954374313354,-0.004715785849839449,0.15881170332431793,0.32304614782333374,-0.016480881720781326,0.1613064408302307,0.28758350014686584,-0.02556762658059597,0.1158410981297493,0.44358596205711365,0.005245246458798647,0.10740376263856888,0.3675772547721863,-0.015365414321422577,0.11502137780189514,0.36038535833358765,-0.03612646088004112,0.12183050811290741,0.38651570677757263,-0.04654884710907936,0.08560037612915039,0.45223933458328247,0.0032299982849508524,0.07667848467826843,0.380996972322464,-0.01595611870288849,0.08762393146753311,0.372295618057251,-0.033802688121795654,0.09695213288068771,0.4041905105113983,-0.04144510626792908,0.05418398976325989,0.468845933675766,-0.0008409810252487659,0.04692624509334564,0.4095480740070343,-0.015897061675786972,0.06013078615069389,0.3933519423007965,-0.027740417048335075,0.07526561617851257,0.41100209951400757,-0.033642370253801346
0.08472040295600891,0.6264861822128296,2.5990325980274065e-07,0.13332799077033997,0.5774786472320557,-0.02208227850496769,0.16329482197761536,0.5006412863731384,-0.025386815890669823,0.155013769865036,0.4342327117919922,-0.028266770765185356,0.123951256275177,0.40786582231521606,-0.030520739033818245,0.13537472486495972,0.42828568816185,0.003909934777766466,0.14538900554180145,0.3495113253593445,-0.004005374386906624,0.14558181166648865,0.29941892623901367,-0.014263513498008251,0.14604267477989197,0.2627386450767517,-0.02301761694252491,0.10054602473974228,0.426039457321167,0.005589168518781662,0.09163361042737961,0.3477128744125366,-0.017217224463820457,0.09791100025177002,0.34697890281677246,-0.03852274641394615,0.10612890124320984,0.3802299201488495,-0.04842675104737282,0.0689597874879837,0.4349616765975952,0.004260346293449402,0.05646771565079689,0.35986387729644775,-0.01564471237361431,0.06540539860725403,0.34563779830932617,-0.03508778288960457,0.0763741210103035,0.37068822979927063,-0.04416569694876671,0.037882283329963684,0.4533172845840454,0.0008336891769431531,0.03135865926742554,0.39460229873657227,-0.013996499590575695,0.041875213384628296,0.3731083869934082,-0.027562813833355904,0.05673881247639656,0.3812645375728607,-0.035625383257865906
0.0802726075053215,0.611196756362915,2.8110756034038786e-07,0.1274460256099701,0.5576153993606567,-0.021090863272547722,0.15706351399421692,0.4840225577354431,-0.02437237836420536,0.14798006415367126,0.41761747002601624,-0.027711408212780952,0.11519987881183624,0.38891157507896423,-0.030349671840667725,0.1311306357383728,0.4144190847873688,0.008207214996218681,0.1407022774219513,0.3366450071334839,0.0010708330664783716,0.14098575711250305,0.28773242235183716,-0.008853532373905182,0.14111952483654022,0.25134897232055664,-0.017250552773475647,0.0970575287938118,0.412381649017334,0.009485527873039246,0.08780383318662643,0.3382030427455902,-0.012289812788367271,0.09623755514621735,0.33792823553085327,-0.03365359455347061,0.10619830340147018,0.3704155385494232,-0.04362574964761734,0.06523648649454117,0.420217365026474,0.007532225921750069,0.05305572226643562,0.34971222281455994,-0.011439531110227108,0.0623500794172287,0.3330386281013489,-0.03070116601884365,0.07389897108078003,0.3545166850090027,-0.03971634805202484,0.03290185704827309,0.4370203912258148,0.0035027882549911737,0.024670273065567017,0.38053762912750244,-0.010334736667573452,0.03379131853580475,0.35766780376434326,-0.023110030218958855,0.047914303839206696,0.3628077208995819,-0.030514484271407127
0.08438020199537277,0.593693733215332,2.275759101166841e-07,0.13142064213752747,0.5436488389968872,-0.022807085886597633,0.1628585308790207,0.4721996486186981,-0.026651998981833458,0.15525735914707184,0.40559810400009155,-0.030182262882590294,0.12395951896905899,0.3760145902633667,-0.033270999789237976,0.13643696904182434,0.3978551924228668,0.006436947267502546,0.1438906490802765,0.3202038109302521,-0.0007796597201377153,0.14245623350143433,0.2719957232475281,-0.011396979913115501,0.14154508709907532,0.23436257243156433,-0.020514855161309242,0.10244210064411163,0.3962807059288025,0.00814383290708065,0.09782174229621887,0.3214889168739319,-0.012722205370664597,0.10106897354125977,0.3180643916130066,-0.03517609462141991,0.10551251471042633,0.3446575105190277,-0.04663994535803795,0.07032151520252228,0.4042476713657379,0.0065900650806725025,0.06342053413391113,0.3342827260494232,-0.011885042302310467,0.0695735365152359,0.3155505061149597,-0.03270787373185158,0.07709841430187225,0.3334534168243408,-0.043388381600379944,0.03775401413440704,0.42086049914360046,0.0028549726121127605,0.02791176736354828,0.3624494671821594,-0.011547338217496872,0.035401683300733566,0.33913129568099976,-0.025111371651291847,0.04799925163388252,0.3438846468925476,-0.03330650553107262
0.08772384375333786,0.5843695402145386,2.0427516744803143e-07,0.13684938848018646,0.5343371033668518,-0.023801395669579506,0.1686970591545105,0.45880377292633057,-0.027706148102879524,0.15903538465499878,0.3888660967350006,-0.03138399496674538,0.12551410496234894,0.363728404045105,-0.0348045788705349,0.13790248334407806,0.3811582028865814,0.007198707666248083,0.14320744574069977,0.3010750412940979,-0.0004706833278760314,0.138815775513649,0.2524292469024658,-0.012256691232323647,0.1358586549758911,0.21524003148078918,-0.02261231653392315,0.1037357971072197,0.3819553554058075,0.008987711742520332,0.09833407402038574,0.3043360114097595,-0.014046435244381428,0.10318062454462051,0.3037758469581604,-0.03954537957906723,0.11013193428516388,0.3328149616718292,-0.05308389291167259,0.07234936207532883,0.3917435109615326,0.007601598743349314,0.06506285071372986,0.3203182816505432,-0.012291362509131432,0.0734269767999649,0.30471572279930115,-0.03551896661520004,0.08370446413755417,0.32827329635620117,-0.0478350967168808,0.04042618349194527,0.41075968742370605,0.003958186134696007,0.03128136694431305,0.35325780510902405,-0.011156000196933746,0.03932752460241318,0.329923540353775,-0.026522595435380936,0.05267968773841858,0.33498823642730713,-0.03636564686894417
0.09673239290714264,0.5640143752098083,1.9339343282354093e-07,0.14348743855953217,0.517173171043396,-0.022141756489872932,0.17466464638710022,0.44767045974731445,-0.02595299668610096,0.17001771926879883,0.38582319021224976,-0.029831217601895332,0.14586444199085236,0.3477928340435028,-0.033430349081754684,0.14750124514102936,0.36646291613578796,0.00684144115075469,0.15034839510917664,0.28677594661712646,-0.001224633539095521,0.14535455405712128,0.23668915033340454,-0.013156729750335217,0.14163540303707123,0.19895026087760925,-0.023407695814967155,0.11468544602394104,0.3665962219238281,0.0080202491953969,0.10873749852180481,0.2892077565193176,-0.014632215723395348,0.11588967591524124,0.28837326169013977,-0.03964722901582718,0.12498892843723297,0.3177824020385742,-0.0530434176325798,0.08431299775838852,0.37616288661956787,0.006073168944567442,0.07582856714725494,0.303446888923645,-0.013131736777722836,0.08417437225580215,0.28517946600914,-0.035514090210199356,0.09522587060928345,0.3057876229286194,-0.047646354883909225,0.05387209728360176,0.39507532119750977,0.0019417103612795472,0.0460059717297554,0.33766472339630127,-0.013537717051804066,0.05608467385172844,0.3109215497970581,-0.029345909133553505,0.07199342548847198,0.31090351939201355,-0.039559751749038696
0.12220743298530579,0.5373759269714355,2.1893193036248704e-07,0.16684162616729736,0.4892416000366211,-0.024907341226935387,0.20001104474067688,0.4177882671356201,-0.029860129579901695,0.19628773629665375,0.3498367667198181,-0.03417288511991501,0.16856220364570618,0.3139191269874573,-0.03789030760526657,0.17367881536483765,0.3402109146118164,0.005598606076091528,0.17910385131835938,0.2657487988471985,-0.003004771890118718,0.1750042885541916,0.2188686579465866,-0.01572660356760025,0.1716860830783844,0.18265016376972198,-0.02634512074291706,0.14017656445503235,0.3402463495731354,0.008024721406400204,0.1338716447353363,0.26704850792884827,-0.013525615446269512,0.13710588216781616,0.2609875798225403,-0.03789089620113373,0.14226454496383667,0.2817791998386383,-0.05105071887373924,0.10947464406490326,0.3508274257183075,0.007017894648015499,0.10067802667617798,0.28412193059921265,-0.012568390928208828,0.10766080021858215,0.2677469253540039,-0.03357186168432236,0.1165836751461029,0.28500667214393616,-0.044364649802446365,0.07915820926427841,0.37108805775642395,0.00354475318454206,0.07060082256793976,0.3157299757003784,-0.012126628309488297,0.07601242512464523,0.2900390028953552,-0.026128079742193222,0.08633512258529663,0.28948429226875305,-0.03458353132009506
0.12980198860168457,0.5040953755378723,2.6448685730429133e-07,0.17733947932720184,0.4600270688533783,-0.02086501568555832,0.2091909945011139,0.38965535163879395,-0.024070240557193756,0.20713311433792114,0.3228144645690918,-0.027495061978697777,0.17958414554595947,0.28883567452430725,-0.030421976000070572,0.18107903003692627,0.3166913390159607,0.007643769960850477,0.18587283790111542,0.24541601538658142,0.00019685777078848332,0.18314993381500244,0.19906210899353027,-0.01066034659743309,0.18060719966888428,0.16494013369083405,-0.019665315747261047,0.14991874992847443,0.3129318356513977,0.009294824674725533,0.14543212950229645,0.242079496383667,-0.010668923147022724,0.15733863413333893,0.23809973895549774,-0.03157501667737961,0.16761824488639832,0.26688843965530396,-0.0422455295920372,0.12014519423246384,0.3193211555480957,0.007860733196139336,0.11388951539993286,0.251191109418869,-0.010150778107345104,0.1267690509557724,0.24113112688064575,-0.02794962376356125,0.1384097784757614,0.26987224817276,-0.03627672418951988,0.08873312175273895,0.33443737030029297,0.0042250133119523525,0.08507731556892395,0.2787630558013916,-0.010437585413455963,0.09797021746635437,0.26041480898857117,-0.022889714688062668,0.11314895749092102,0.2725387215614319,-0.029775304719805717
0.12274865806102753,0.4860042929649353,2.625669139888487e-07,0.1701246201992035,0.447426974773407,-0.022488677874207497,0.20267117023468018,0.3733818233013153,-0.025098036974668503,0.20513775944709778,0.3041156530380249,-0.027885811403393745,0.17534199357032776,0.27211856842041016,-0.030350983142852783,0.17399850487709045,0.29810410737991333,0.01159482542425394,0.17863520979881287,0.22741524875164032,0.007192874792963266,0.17464816570281982,0.18244172632694244,-0.0034118692856281996,0.17078784108161926,0.14843182265758514,-0.013446670025587082,0.14284560084342957,0.29472965002059937,0.013974661938846111,0.13761091232299805,0.22367703914642334,-0.005308190360665321,0.1490066647529602,0.22535264492034912,-0.029689684510231018,0.1596127301454544,0.25829988718032837,-0.043050236999988556,0.11232446134090424,0.301158607006073,0.013284236192703247,0.10518968105316162,0.2317638099193573,-0.004079997073858976,0.11598596721887589,0.22274917364120483,-0.026130978018045425,0.12601648271083832,0.2522335946559906,-0.0378556028008461,0.0816543698310852,0.31624460220336914,0.010395176708698273,0.07750949263572693,0.2607620358467102,-0.003450192743912339,0.08815985918045044,0.2425287663936615,-0.018310055136680603,0.10179582238197327,0.2545875012874603,-0.027832962572574615
0.13296540081501007,0.4875916838645935,2.2720773529272265e-07,0.18037165701389313,0.4361151456832886,-0.019533958286046982,0.21191361546516418,0.3684596121311188,-0.022830773144960403,0.20511874556541443,0.3042357265949249,-0.026530494913458824,0.17688053846359253,0.27238041162490845,-0.02979612536728382,0.18596434593200684,0.29638999700546265,0.010695105418562889,0.18858930468559265,0.22788657248020172,0.0029664994217455387,0.1842133104801178,0.18216723203659058,-0.008422687649726868,0.18124450743198395,0.14647041261196136,-0.017921913415193558,0.1543705016374588,0.2950853705406189,0.011337134055793285,0.1488550752401352,0.22544953227043152,-0.008143451996147633,0.1562357097864151,0.2180991768836975,-0.029478877782821655,0.16435794532299042,0.23848982155323029,-0.04063331335783005,0.12486309558153152,0.3037150502204895,0.008705267682671547,0.11775308847427368,0.23554471135139465,-0.009814780205488205,0.1292562186717987,0.22168093919754028,-0.027483627200126648,0.14200447499752045,0.24277420341968536,-0.035486236214637756,0.09393078833818436,0.3208909332752228,0.003984333947300911,0.09086152911186218,0.26339444518089294,-0.011175600811839104,0.1031460165977478,0.23988741636276245,-0.023219821974635124,0.11938248574733734,0.24321353435516357,-0.029677778482437134
0.1506257951259613,0.46204665303230286,2.4674386622791644e-07,0.19686810672283173,0.41517946124076843,-0.019077491015195847,0.22697731852531433,0.34809133410453796,-0.02167426608502865,0.2219012826681137,0.282410204410553,-0.02482958324253559,0.19478072226047516,0.24847650527954102,-0.02759057655930519,0.20051130652427673,0.28303080797195435,0.011692531406879425,0.20455163717269897,0.21675235033035278,0.005645538680255413,0.20156747102737427,0.17203518748283386,-0.004746829159557819,0.19922463595867157,0.1370609700679779,-0.014004790224134922,0.17173397541046143,0.28003445267677307,0.012587912380695343,0.16855454444885254,0.21261727809906006,-0.006812326610088348,0.17967037856578827,0.20532947778701782,-0.028560219332575798,0.18966899812221527,0.22758561372756958,-0.04019235447049141,0.14468364417552948,0.28597792983055115,0.010360144078731537,0.13797232508659363,0.21988485753536224,-0.006869298871606588,0.15206891298294067,0.207014799118042,-0.025306815281510353,0.1660567969083786,0.23092252016067505,-0.034429121762514114,0.11587465554475784,0.3001134991645813,0.005993760656565428,0.11265043914318085,0.24515721201896667,-0.0077688731253147125,0.1254427284002304,0.2233087718486786,-0.020751381292939186,0.14155301451683044,0.22957533597946167,-0.028629321604967117
0.159188911318779,0.44435441493988037,2.0436672798496147e-07,0.20388223230838776,0.4069080352783203,-0.018846308812499046,0.23473381996154785,0.3394726812839508,-0.020986175164580345,0.23272983729839325,0.2739664316177368,-0.02327103726565838,0.20525069534778595,0.24433507025241852,-0.025680530816316605,0.20864656567573547,0.2820513844490051,0.006452715024352074,0.21309976279735565,0.21635471284389496,0.00043724774150177836,0.21089030802249908,0.1718662977218628,-0.009294706396758556,0.20929962396621704,0.14044936001300812,-0.01798485964536667,0.18165534734725952,0.2780189514160156,0.00809639785438776,0.17918089032173157,0.21126428246498108,-0.010128799825906754,0.18962104618549347,0.20662039518356323,-0.03110712394118309,0.19991931319236755,0.23413218557834625,-0.042846571654081345,0.15637093782424927,0.28235170245170593,0.007153904996812344,0.15070584416389465,0.2174229919910431,-0.008969160728156567,0.1612291932106018,0.2031208872795105,-0.028595568612217903,0.1724066138267517,0.22868144512176514,-0.03943220525979996,0.12898877263069153,0.2946743965148926,0.0044059157371521,0.12548431754112244,0.24313771724700928,-0.008779591880738735,0.1350773572921753,0.22089219093322754,-0.023227974772453308,0.14783085882663727,0.22802379727363586,-0.032868191599845886
0.16439147293567657,0.4413619041442871,1.8300360693501716e-07,0.2078944742679596,0.4015044867992401,-0.015231523662805557,0.237381249666214,0.3386259973049164,-0.017056511715054512,0.23772990703582764,0.27907800674438477,-0.01926211453974247,0.21390706300735474,0.24826984107494354,-0.021593481302261353,0.21221967041492462,0.2798246145248413,0.006599731277674437,0.21663837134838104,0.21739375591278076,-0.001774326548911631,0.21554791927337646,0.17548047006130219,-0.012591633945703506,0.214031383395195,0.14866556227207184,-0.02071418985724449,0.1857389360666275,0.2770501375198364,0.007001759018748999,0.1840856820344925,0.21205773949623108,-0.010368102230131626,0.19256094098091125,0.20532631874084473,-0.028924662619829178,0.20021981000900269,0.2289382815361023,-0.03873006999492645,0.16083064675331116,0.28280240297317505,0.004887374117970467,0.1553707867860794,0.2199314832687378,-0.010451489128172398,0.16378968954086304,0.20307666063308716,-0.026455475017428398,0.1732560247182846,0.2211800217628479,-0.03465792536735535,0.1338270753622055,0.2963370978832245,0.0012978476006537676,0.13099238276481628,0.2465091496706009,-0.010987612418830395,0.14010971784591675,0.22251518070697784,-0.02239244617521763,0.1525050550699234,0.22272509336471558,-0.029354726895689964
0.16921484470367432,0.4237704277038574,2.0919632959248702e-07,0.21256369352340698,0.38375407457351685,-0.018583625555038452,0.24184301495552063,0.32193437218666077,-0.021946601569652557,0.2388053834438324,0.26206910610198975,-0.025136416777968407,0.2117282897233963,0.23238518834114075,-0.02832106687128544,0.218110591173172,0.2666565775871277,0.0032185392919927835,0.2225140780210495,0.20238974690437317,-0.005185875575989485,0.22082993388175964,0.16076242923736572,-0.016270199790596962,0.2194427251815796,0.13130871951580048,-0.025147149339318275,0.1907280832529068,0.26408761739730835,0.004961793310940266,0.1877298206090927,0.20274491608142853,-0.012906535528600216,0.19407521188259125,0.19512538611888885,-0.0324501134455204,0.20130392909049988,0.21443098783493042,-0.043485354632139206,0.1657036393880844,0.2702333927154541,0.0040785325691103935,0.15991517901420593,0.20985101163387299,-0.01230481918901205,0.16649264097213745,0.19410979747772217,-0.029793256893754005,0.1746002435684204,0.21412375569343567,-0.03901136666536331,0.13892236351966858,0.2838894724845886,0.0015570141840726137,0.13620349764823914,0.23582316935062408,-0.011820466257631779,0.14376160502433777,0.21269668638706207,-0.02451186068356037,0.1545613706111908,0.21573099493980408,-0.03241313248872757
0.1576479971408844,0.4271945059299469,2.1731264610025391e-07,0.19827084243297577,0.38584819436073303,-0.015709808096289635,0.22506773471832275,0.3258555233478546,-0.017950166016817093,0.22129115462303162,0.2688286602497101,-0.02086728997528553,0.1992688626050949,0.2394881248474121,-0.02354893833398819,0.20429475605487823,0.27272865176200867,0.008854720741510391,0.20821478962898254,0.21162089705467224,0.0015025235479697585,0.20824089646339417,0.17020723223686218,-0.007955886423587799,0.2081332504749298,0.139617919921875,-0.01523881871253252,0.17955845594406128,0.2690199613571167,0.009463244117796421,0.17871920764446259,0.20768876373767853,-0.008087078109383583,0.1895856112241745,0.20148438215255737,-0.02521202340722084,0.19885046780109406,0.22397875785827637,-0.03313204646110535,0.156048983335495,0.27299508452415466,0.0072937882505357265,0.15193124115467072,0.21105027198791504,-0.00798750389367342,0.1621452420949936,0.19595074653625488,-0.02148504927754402,0.17277202010154724,0.21410641074180603,-0.027006031945347786,0.1301843822002411,0.2837384045124054,0.0033334617037326097,0.12716984748840332,0.23423975706100464,-0.0086891558021307,0.13780470192432404,0.21222814917564392,-0.018414149060845375,0.1511182188987732,0.21469098329544067,-0.023397410288453102
0.13342146575450897,0.43467503786087036,2.3529375425823673e-07,0.17385472357273102,0.39657217264175415,-0.015820521861314774,0.19991305470466614,0.33105769753456116,-0.016276748850941658,0.2031318098306656,0.272524356842041,-0.017517512664198875,0.18183082342147827,0.2430056929588318,-0.01844673417508602,0.176797017455101,0.27504268288612366,0.012335014529526234,0.18053624033927917,0.21336105465888977,0.008231187239289284,0.17858049273490906,0.1721314638853073,-0.0004038873012177646,0.17717821896076202,0.14179161190986633,-0.00823924783617258,0.1508595496416092,0.2731953263282776,0.01308444980531931,0.1491246074438095,0.21065744757652283,-0.002638651989400387,0.1581716388463974,0.20330247282981873,-0.02188904769718647,0.16687573492527008,0.22536635398864746,-0.03249894827604294,0.12565580010414124,0.27831777930259705,0.011109127663075924,0.12210643291473389,0.2159115970134735,-0.003587200306355953,0.13110549747943878,0.20344708859920502,-0.02115424908697605,0.140359565615654,0.22633476555347443,-0.030314194038510323,0.09913090616464615,0.2893928587436676,0.007435161154717207,0.0970526784658432,0.2410472333431244,-0.00428780959919095,0.1056332141160965,0.22024671733379364,-0.016588665544986725,0.11736240983009338,0.2253989726305008,-0.024462342262268066
0.11966044455766678,0.4422551691532135,2.293725174240535e-07,0.16266652941703796,0.40288880467414856,-0.018081704154610634,0.18843527138233185,0.33578452467918396,-0.02013871818780899,0.18318311870098114,0.274244099855423,-0.022285867482423782,0.1533098816871643,0.2559968829154968,-0.024615416303277016,0.1575135588645935,0.27519676089286804,0.006634547375142574,0.15956833958625793,0.21516193449497223,0.0018458798294886947,0.15670712292194366,0.1752348691225052,-0.0071898228488862514,0.1541406214237213,0.14508457481861115,-0.015592402778565884,0.1306528002023697,0.27441221475601196,0.008051479235291481,0.1249561458826065,0.21235114336013794,-0.0084290886297822,0.13730451464653015,0.21000277996063232,-0.02780577354133129,0.1482524275779724,0.23538920283317566,-0.03850150108337402,0.1052277609705925,0.28196901082992554,0.00711184274405241,0.09798116236925125,0.22154481709003448,-0.008384907618165016,0.11025708168745041,0.21401533484458923,-0.025976788252592087,0.12140238285064697,0.2411114126443863,-0.0350196473300457,0.07801184058189392,0.297214537858963,0.004441932309418917,0.07359623908996582,0.24756641685962677,-0.00830740574747324,0.08589252829551697,0.22999268770217896,-0.020721711218357086,0.10046248137950897,0.23898029327392578,-0.028534328565001488
0.12396650016307831,0.45137375593185425,2.0253477828191535e-07,0.16685234010219574,0.4116221070289612,-0.016102205961942673,0.1961955428123474,0.3471337556838989,-0.018017927184700966,0.19321639835834503,0.2888845205307007,-0.020704885944724083,0.16837212443351746,0.2629554867744446,-0.023308850824832916,0.1658676117658615,0.282823771238327,0.0077399699948728085,0.17038023471832275,0.22031676769256592,0.0009444596362300217,0.1699868142604828,0.1786959171295166,-0.008390570059418678,0.17000353336334229,0.14846399426460266,-0.0161100123077631,0.1381625235080719,0.2827410101890564,0.007829283364117146,0.1322581171989441,0.21827690303325653,-0.01133734267205,0.144789457321167,0.2138754427433014,-0.03076189011335373,0.15620101988315582,0.23992256820201874,-0.040357816964387894,0.11222217231988907,0.2904474139213562,0.005499626509845257,0.10423022508621216,0.2254701852798462,-0.012354658916592598,0.11760403215885162,0.2161988615989685,-0.02902371436357498,0.13029876351356506,0.24285933375358582,-0.036343928426504135,0.08501806855201721,0.3054213225841522,0.0016254576621577144,0.07904436439275742,0.2526903450489044,-0.013240565545856953,0.09179943799972534,0.2353769838809967,-0.025342833250761032,0.10722968727350235,0.2453732192516327,-0.03178180754184723
0.17200663685798645,0.4672934412956238,2.8082328640266496e-07,0.20847828686237335,0.42157843708992004,-0.017427541315555573,0.23346975445747375,0.35912662744522095,-0.021817924454808235,0.22793763875961304,0.3028537631034851,-0.027012018486857414,0.20411454141139984,0.26985257863998413,-0.03184738755226135,0.2007398009300232,0.2958678901195526,0.0033258607145398855,0.2023734748363495,0.22831067442893982,-0.007600423879921436,0.20345604419708252,0.1809256672859192,-0.018822334706783295,0.20466019213199615,0.14683620631694794,-0.02693735621869564,0.17372477054595947,0.2951059937477112,0.0027688166592270136,0.16554376482963562,0.22955146431922913,-0.01899936981499195,0.18195325136184692,0.21722280979156494,-0.03787785768508911,0.19835703074932098,0.23519745469093323,-0.04674351215362549,0.14878226816654205,0.30368107557296753,-0.0006520505994558334,0.13801632821559906,0.2380588948726654,-0.019982678815722466,0.1539490669965744,0.22387346625328064,-0.0344763919711113,0.17181958258152008,0.24388541281223297,-0.040056128054857254,0.12331202626228333,0.3199569880962372,-0.005991481710225344,0.11491362005472183,0.26631665229797363,-0.021342778578400612,0.12928473949432373,0.24517959356307983,-0.03183576837182045,0.14807184040546417,0.25125840306282043,-0.036799900233745575
0.20679150521755219,0.47765815258026123,2.1740703459727229e-07,0.246872216463089,0.43184995651245117,-0.019195763394236565,0.2753687798976898,0.36837905645370483,-0.02602544054389,0.2716831564903259,0.31084442138671875,-0.033091772347688675,0.24595670402050018,0.2781132459640503,-0.039808351546525955,0.23943988978862762,0.2946237325668335,-0.0050142682157456875,0.2404869943857193,0.21405479311943054,-0.018067598342895508,0.24292723834514618,0.16357947885990143,-0.03021390363574028,0.24558299779891968,0.12636059522628784,-0.03894496709108353,0.21216413378715515,0.29634809494018555,-0.005238918587565422,0.20360969007015228,0.23065097630023956,-0.029287541285157204,0.21912431716918945,0.22546207904815674,-0.0472676120698452,0.23433147370815277,0.2495841085910797,-0.05526250973343849,0.18730738759040833,0.3084169924259186,-0.008030911907553673,0.17664192616939545,0.2403540164232254,-0.02776237763464451,0.19053807854652405,0.22886517643928528,-0.03912217915058136,0.20529218018054962,0.2491939663887024,-0.043038349598646164,0.16346421837806702,0.32809144258499146,-0.012968327850103378,0.15506155788898468,0.2742080092430115,-0.02808125503361225,0.16537225246429443,0.25189828872680664,-0.036535490304231644,0.17960414290428162,0.25359028577804565,-0.040237411856651306
0.23716628551483154,0.4656442105770111,2.2356569218118238e-07,0.2844742238521576,0.4239104092121124,-0.017292240634560585,0.3117830157279968,0.3581254482269287,-0.021039804443717003,0.31148427724838257,0.29564806818962097,-0.025429897010326385,0.2830185294151306,0.2721104919910431,-0.02996128238737583,0.2767474353313446,0.2832534909248352,-0.0001814064453355968,0.2814505994319916,0.2106456756591797,-0.010689442977309227,0.28292834758758545,0.16143698990345,-0.021319841966032982,0.28402596712112427,0.12531423568725586,-0.029286038130521774,0.24876216053962708,0.2816794812679291,-0.000691927969455719,0.2392992079257965,0.20904940366744995,-0.022481422871351242,0.25432103872299194,0.20177021622657776,-0.04033225402235985,0.268061101436615,0.2259068638086319,-0.047991011291742325,0.22344891726970673,0.29154351353645325,-0.003431935328990221,0.21389809250831604,0.2231171727180481,-0.022817552089691162,0.23205572366714478,0.2132575958967209,-0.03624424710869789,0.2492743581533432,0.23839962482452393,-0.04062231630086899,0.19719940423965454,0.30965811014175415,-0.008003820665180683,0.18787091970443726,0.2541903555393219,-0.02376643754541874,0.20293296873569489,0.23374217748641968,-0.03406715765595436,0.22177940607070923,0.24138055741786957,-0.03848651051521301
0.26816195249557495,0.4519205391407013,2.89943443476659e-07,0.31717410683631897,0.41216805577278137,-0.019519850611686707,0.34903794527053833,0.34510910511016846,-0.024092532694339752,0.347641259431839,0.2815307676792145,-0.029098136350512505,0.32023853063583374,0.24798204004764557,-0.03397827595472336,0.31462740898132324,0.2689282298088074,-0.00015045172767713666,0.32106196880340576,0.19283661246299744,-0.009630687534809113,0.3241809606552124,0.14018172025680542,-0.020015453919768333,0.3254604637622833,0.10238172113895416,-0.02809874340891838,0.28451433777809143,0.26603102684020996,9.63006641541142e-06,0.2738970220088959,0.18909262120723724,-0.02125370502471924,0.29095104336738586,0.1819685995578766,-0.039903439581394196,0.30365633964538574,0.21383655071258545,-0.04831996560096741,0.2569793164730072,0.27524900436401367,-0.002182941185310483,0.2451029270887375,0.2026197612285614,-0.02153184823691845,0.2643181085586548,0.19499894976615906,-0.035930559039115906,0.27903321385383606,0.22902506589889526,-0.04103834554553032,0.22845211625099182,0.2931631803512573,-0.006307229399681091,0.2193717062473297,0.23339131474494934,-0.022841742262244225,0.2357291579246521,0.2163122296333313,-0.03395960479974747,0.25289490818977356,0.23260289430618286,-0.03883316367864609
0.2877647876739502,0.46941739320755005,2.8584167921508197e-07,0.3364551067352295,0.4273029565811157,-0.019633352756500244,0.37258607149124146,0.35569435358047485,-0.024843730032444,0.37003183364868164,0.28512042760849,-0.03047330491244793,0.337754487991333,0.25306546688079834,-0.03618595376610756,0.3348785936832428,0.27783989906311035,-0.001199318328872323,0.34238067269325256,0.19720149040222168,-0.010703046806156635,0.3469799757003784,0.142863929271698,-0.02182771824300289,0.34898388385772705,0.10244333744049072,-0.030901972204446793,0.3047936260700226,0.2732792794704437,-0.0018910117214545608,0.29510167241096497,0.19360512495040894,-0.02268334850668907,0.31573960185050964,0.18893560767173767,-0.04133989289402962,0.3291199803352356,0.22387859225273132,-0.05015525221824646,0.2770431935787201,0.282087504863739,-0.00471518887206912,0.2653293311595917,0.2056940495967865,-0.022796520963311195,0.2871430814266205,0.19767555594444275,-0.03604980930685997,0.30199742317199707,0.23155057430267334,-0.04118796065449715,0.2466639131307602,0.30140581727027893,-0.009671845473349094,0.23571103811264038,0.23812000453472137,-0.025425545871257782,0.25340136885643005,0.22200071811676025,-0.035278912633657455,0.2703869640827179,0.23994900286197662,-0.039640214294195175
0.30911484360694885,0.4971703588962555,2.7928720669478935e-07,0.35948801040649414,0.4561484456062317,-0.022375166416168213,0.39561203122138977,0.3839917778968811,-0.02714860439300537,0.39387378096580505,0.31128010153770447,-0.031745973974466324,0.3618066608905792,0.278479665517807,-0.03594522923231125,0.36427995562553406,0.30509743094444275,2.334855162189342e-05,0.3736463189125061,0.22357450425624847,-0.00926055945456028,0.37673595547676086,0.16984769701957703,-0.02010992169380188,0.3791083097457886,0.12984152138233185,-0.02894315868616104,0.33233991265296936,0.299018532037735,0.0015293449396267533,0.3269721269607544,0.2216794490814209,-0.019785519689321518,0.3420008420944214,0.2165927290916443,-0.039051320403814316,0.35323259234428406,0.24785801768302917,-0.04832572489976883,0.30278342962265015,0.30498918890953064,0.000255301856668666,0.2949075400829315,0.2298026978969574,-0.01895125024020672,0.31048503518104553,0.2208687663078308,-0.03444274514913559,0.3222009837627411,0.25405752658843994,-0.04089592769742012,0.27126312255859375,0.31997933983802795,-0.003327595302835107,0.26676881313323975,0.25895005464553833,-0.019630761817097664,0.2812148928642273,0.24234125018119812,-0.031313516199588776,0.29598721861839294,0.25951164960861206,-0.03701777383685112
0.322517067193985,0.5429797172546387,2.3804420834494522e-07,0.3761495351791382,0.5123238563537598,-0.028590364381670952,0.41563382744789124,0.43920984864234924,-0.03576286882162094,0.4163011312484741,0.36677825450897217,-0.04217497631907463,0.3846130073070526,0.3260538578033447,-0.04909365996718407,0.3873705267906189,0.33949917554855347,-0.006351346615701914,0.39959409832954407,0.25285854935646057,-0.018017347902059555,0.40362662076950073,0.19437351822853088,-0.032446201890707016,0.40657034516334534,0.15182851254940033,-0.04456746578216553,0.35426464676856995,0.3345344066619873,-0.003392584156244993,0.35161978006362915,0.2467920184135437,-0.031147919595241547,0.36566007137298584,0.25285401940345764,-0.05934838950634003,0.37724944949150085,0.2956039607524872,-0.07429870218038559,0.3227635622024536,0.3427313268184662,-0.0029979783575981855,0.3161895275115967,0.2589374780654907,-0.02715979516506195,0.33050429821014404,0.25224003195762634,-0.05263826996088028,0.34128430485725403,0.293814480304718,-0.06583922356367111,0.2902314066886902,0.3609849810600281,-0.004890982992947102,0.2862308919429779,0.294914186000824,-0.025056937709450722,0.3011423349380493,0.28056561946868896,-0.04350036010146141,0.31607258319854736,0.30436331033706665,-0.054689861834049225
0.31557443737983704,0.5794548988342285,2.528346101371426e-07,0.36795908212661743,0.5454391241073608,-0.03005336970090866,0.40065646171569824,0.4765322804450989,-0.03855752944946289,0.3996104896068573,0.41240739822387695,-0.04625000059604645,0.3792133927345276,0.36360764503479004,-0.05389350280165672,0.3788326680660248,0.36805638670921326,-0.0066311717964708805,0.39212673902511597,0.27973121404647827,-0.018748484551906586,0.3978944420814514,0.2229759395122528,-0.034344933927059174,0.4014807343482971,0.1806519776582718,-0.04694730043411255,0.3448328971862793,0.36466434597969055,-0.0031177711207419634,0.34199264645576477,0.27668994665145874,-0.030094442889094353,0.3540900945663452,0.2822323441505432,-0.05805129185318947,0.3644604980945587,0.3224015235900879,-0.07295338809490204,0.31159061193466187,0.3745858371257782,-0.0025769765488803387,0.30518171191215515,0.29046571254730225,-0.02581414021551609,0.3180442750453949,0.285725474357605,-0.05045484006404877,0.32818126678466797,0.32759663462638855,-0.06307248026132584,0.27931228280067444,0.39482560753822327,-0.004576244857162237,0.27631306648254395,0.32650503516197205,-0.023980310186743736,0.289043664932251,0.31474751234054565,-0.04080093279480934,0.30190157890319824,0.3413732647895813,-0.05047568678855896
0.3052705228328705,0.6466163992881775,2.554747879912611e-07,0.3558945059776306,0.6049864292144775,-0.027880672365427017,0.382658988237381,0.5294540524482727,-0.03549567237496376,0.37867236137390137,0.46072864532470703,-0.043099988251924515,0.37142154574394226,0.3996625542640686,-0.05055215209722519,0.36347299814224243,0.43341925740242004,-0.004150066990405321,0.37610724568367004,0.34016209840774536,-0.017952747642993927,0.3829469680786133,0.2799938917160034,-0.03390141949057579,0.38773393630981445,0.2342621237039566,-0.04677356407046318,0.33032605051994324,0.43149304389953613,-0.0023158318363130093,0.32628849148750305,0.3409197926521301,-0.028887635096907616,0.34252017736434937,0.3348103165626526,-0.0567384772002697,0.35735398530960083,0.35837918519973755,-0.07290253788232803,0.29835256934165955,0.4422452449798584,-0.0038561266846954823,0.29171276092529297,0.3549453914165497,-0.028239432722330093,0.31097713112831116,0.34752923250198364,-0.052160222083330154,0.32773274183273315,0.38235628604888916,-0.06498170644044876,0.2669636011123657,0.4630972743034363,-0.007876479998230934,0.2642943859100342,0.3951161503791809,-0.02983526885509491,0.2821335792541504,0.37915024161338806,-0.04761875420808792,0.300851047039032,0.3963027596473694,-0.05823964625597
0.295273095369339,0.6664333939552307,2.732487303092057e-07,0.34728363156318665,0.6246228218078613,-0.030117234215140343,0.3751904368400574,0.5520126819610596,-0.03981728479266167,0.366544246673584,0.48449569940567017,-0.04879114031791687,0.3566184937953949,0.42513588070869446,-0.057283952832221985,0.3564237952232361,0.4488089978694916,-0.008601773530244827,0.36746278405189514,0.3551057279109955,-0.02466949261724949,0.37234222888946533,0.2929229736328125,-0.041704170405864716,0.3744224011898041,0.2469557523727417,-0.054719582200050354,0.32357317209243774,0.44667431712150574,-0.00602713692933321,0.3216840624809265,0.3552054762840271,-0.034558799117803574,0.3366648256778717,0.35262539982795715,-0.061586324125528336,0.3496202826499939,0.3827067017555237,-0.07611837983131409,0.29147931933403015,0.45748287439346313,-0.006897102575749159,0.28474658727645874,0.371263325214386,-0.0318179577589035,0.3030056655406952,0.3639943599700928,-0.053751613944768906,0.3192368447780609,0.4007382392883301,-0.06465598195791245,0.2579190731048584,0.47845396399497986,-0.010505622252821922,0.25181394815444946,0.4104406237602234,-0.03206024691462517,0.26826971769332886,0.39453718066215515,-0.048159774392843246,0.2866075038909912,0.41301512718200684,-0.05696987360715866
0.28583893179893494,0.7102473378181458,2.832900065641297e-07,0.33807092905044556,0.6716822981834412,-0.034701790660619736,0.3672559857368469,0.6021577715873718,-0.04740224406123161,0.36289119720458984,0.5358057022094727,-0.059186071157455444,0.3513016104698181,0.47329723834991455,-0.07073386758565903,0.35478031635284424,0.4962712526321411,-0.012110382318496704,0.367987722158432,0.39971601963043213,-0.029536349698901176,0.37377458810806274,0.3368529677391052,-0.04909125342965126,0.37775373458862305,0.2896574139595032,-0.06450991332530975,0.32099372148513794,0.492515504360199,-0.009033526293933392,0.3214053213596344,0.39411672949790955,-0.04088166728615761,0.3323066234588623,0.39018386602401733,-0.07447715848684311,0.3421972692012787,0.4204992353916168,-0.09402177482843399,0.28734079003334045,0.5010552406311035,-0.009452837519347668,0.28480246663093567,0.41071420907974243,-0.036167263984680176,0.3010979890823364,0.4009931981563568,-0.06522893905639648,0.3148289620876312,0.4403236508369446,-0.08146701008081436,0.2537732720375061,0.520119309425354,-0.012849897146224976,0.25213906168937683,0.4495883584022522,-0.03527597337961197,0.2686854898929596,0.43117329478263855,-0.05590784549713135,0.28629225492477417,0.45130017399787903,-0.06891965121030807
0.27823102474212646,0.732666552066803,3.053696104871051e-07,0.3287675678730011,0.6918998956680298,-0.033865977078676224,0.35634955763816833,0.6209719181060791,-0.045590195804834366,0.3515889644622803,0.5539466738700867,-0.056098368018865585,0.34202122688293457,0.4909141957759857,-0.06603696942329407,0.3479127883911133,0.5175600051879883,-0.009310530498623848,0.3616389334201813,0.42191657423973083,-0.025378169491887093,0.3664278984069824,0.35895174741744995,-0.04362361878156662,0.36991435289382935,0.31132006645202637,-0.058188170194625854,0.31406450271606445,0.5136303305625916,-0.005592491943389177,0.31677699089050293,0.4251055419445038,-0.03462478145956993,0.32667335867881775,0.417039692401886,-0.06550315767526627,0.33799806237220764,0.4380408227443695,-0.08386411517858505,0.2799198627471924,0.5222142338752747,-0.0057530938647687435,0.27980533242225647,0.4387669563293457,-0.030839186161756516,0.29344940185546875,0.4222041666507721,-0.057514891028404236,0.3080917298793793,0.44889646768569946,-0.072861447930336,0.2447277158498764,0.5414792895317078,-0.008931144140660763,0.24463002383708954,0.4762118458747864,-0.03006957471370697,0.2573668658733368,0.450831800699234,-0.04895628243684769,0.27353861927986145,0.4586348533630371,-0.0610683411359787
0.23914089798927307,0.7925866842269897,3.260069547650346e-07,0.2935819625854492,0.737823486328125,-0.026833387091755867,0.315094918012619,0.6631841063499451,-0.035121601074934006,0.311283141374588,0.5894342064857483,-0.04410611465573311,0.3052179217338562,0.5231074690818787,-0.05177285149693489,0.31346118450164795,0.5669275522232056,0.005580715835094452,0.3295173645019531,0.4678071141242981,-0.00756326038390398,0.3337097764015198,0.4016541838645935,-0.02288532257080078,0.33552372455596924,0.3478398323059082,-0.0355183482170105,0.2785152494907379,0.5618628859519958,0.006270760204643011,0.27831628918647766,0.48625448346138,-0.018407782539725304,0.29187148809432983,0.46575504541397095,-0.042320024222135544,0.30684107542037964,0.47128769755363464,-0.0564112588763237,0.24350211024284363,0.5708765983581543,0.002076217206194997,0.24229872226715088,0.49229252338409424,-0.02116902358829975,0.2612217962741852,0.46759289503097534,-0.038504309952259064,0.2813494801521301,0.4790867269039154,-0.04724226891994476,0.20792195200920105,0.5896821022033691,-0.005346520338207483,0.2049613893032074,0.5244108438491821,-0.025835130363702774,0.2188677340745926,0.4910304546356201,-0.03864561766386032,0.23803389072418213,0.48525547981262207,-0.045521389693021774
0.23827193677425385,0.7919188737869263,3.2967346896839445e-07,0.28943565487861633,0.7396952509880066,-0.02993183396756649,0.3114611506462097,0.6674172282218933,-0.04084029048681259,0.3068609833717346,0.5911785364151001,-0.051663391292095184,0.30021169781684875,0.523230791091919,-0.060722749680280685,0.31334197521209717,0.5692523121833801,0.00020091378246434033,0.32902541756629944,0.46840542554855347,-0.013905641622841358,0.3317925035953522,0.4033810496330261,-0.028840599581599236,0.3332355320453644,0.34925246238708496,-0.04127512872219086,0.2780185341835022,0.5647299885749817,0.001985883107408881,0.2752476632595062,0.49200886487960815,-0.02409621886909008,0.28879570960998535,0.4778207838535309,-0.04634302109479904,0.30545279383659363,0.48516082763671875,-0.0587325319647789,0.24275439977645874,0.5741112232208252,-0.0012001810828223825,0.23947253823280334,0.49775421619415283,-0.025123629719018936,0.2588425874710083,0.47425150871276855,-0.03966788947582245,0.2806406319141388,0.48113739490509033,-0.046422287821769714,0.20762169361114502,0.5925727486610413,-0.007914622314274311,0.202663391828537,0.5299480557441711,-0.028219040483236313,0.21604296565055847,0.5018274784088135,-0.03869852051138878,0.23510080575942993,0.4976996183395386,-0.043646663427352905
0.2319619059562683,0.7932947874069214,3.2853571951818594e-07,0.2852289080619812,0.7427165508270264,-0.030445879325270653,0.30793315172195435,0.671785295009613,-0.04029977694153786,0.30376529693603516,0.5944133400917053,-0.04987352713942528,0.29665321111679077,0.5252076983451843,-0.057687483727931976,0.31108158826828003,0.5735109448432922,0.00367356906645,0.3277868628501892,0.47032636404037476,-0.008859673514962196,0.33082330226898193,0.4046524167060852,-0.02390369400382042,0.33257928490638733,0.34976527094841003,-0.03670531138777733,0.2747887074947357,0.5675199031829834,0.006607992574572563,0.2735341191291809,0.49549436569213867,-0.018314464017748833,0.2839807868003845,0.4790654182434082,-0.0422261506319046,0.2981732189655304,0.4833506643772125,-0.05616222694516182,0.2386987805366516,0.5755187273025513,0.0045089032500982285,0.23669038712978363,0.5005555748939514,-0.01803773082792759,0.2533317506313324,0.4756139814853668,-0.03442345932126045,0.27256226539611816,0.4818528890609741,-0.04285378381609917,0.20312190055847168,0.5930116772651672,-0.0011429976439103484,0.19823938608169556,0.5324364304542542,-0.0202370323240757,0.2098434865474701,0.504967987537384,-0.031251829117536545,0.2275155782699585,0.5022884607315063,-0.036893054842948914
0.23152369260787964,0.7949120998382568,2.812781758620986e-07,0.28280022740364075,0.741897702217102,-0.027927014976739883,0.30660077929496765,0.6698687672615051,-0.03826998919248581,0.3032153844833374,0.5986594557762146,-0.048809535801410675,0.2875422537326813,0.5332576036453247,-0.0583508163690567,0.3039949834346771,0.5749638676643372,-0.0012617972679436207,0.3189448416233063,0.46975624561309814,-0.016221510246396065,0.322110116481781,0.4034402370452881,-0.032107166945934296,0.32321593165397644,0.34876030683517456,-0.04475568234920502,0.2689286172389984,0.5715076923370361,-0.000676034193020314,0.26886191964149475,0.49385273456573486,-0.03086123988032341,0.2763979434967041,0.4855608344078064,-0.05659835413098335,0.2860333323478699,0.5018881559371948,-0.06941995024681091,0.23425443470478058,0.5795497894287109,-0.004060026723891497,0.2342337816953659,0.4998214840888977,-0.027572836726903915,0.25041764974594116,0.480524480342865,-0.04239240288734436,0.2680521309375763,0.49341529607772827,-0.04853331670165062,0.2004188448190689,0.5974500179290771,-0.010833106935024261,0.19604478776454926,0.5327244997024536,-0.028692025691270828,0.20956270396709442,0.5002418160438538,-0.0383739210665226,0.22936062514781952,0.49211156368255615,-0.042696934193372726
0.227746844291687,0.796430230140686,2.6663497010304127e-07,0.2797885835170746,0.7452056407928467,-0.029507264494895935,0.30292171239852905,0.6735608577728271,-0.04016656428575516,0.29907214641571045,0.6025238037109375,-0.05046680197119713,0.28448009490966797,0.5388786792755127,-0.059820130467414856,0.3002527058124542,0.5805896520614624,-0.002974777715280652,0.31450584530830383,0.4749009311199188,-0.017644653096795082,0.31733912229537964,0.4065578579902649,-0.0336427204310894,0.317654013633728,0.3503769636154175,-0.04662209004163742,0.26536524295806885,0.5756351351737976,-0.0009991322876885533,0.26624104380607605,0.49309608340263367,-0.03315739333629608,0.2720637619495392,0.49057698249816895,-0.0607898086309433,0.2785147428512573,0.5145262479782104,-0.07410012185573578,0.23055154085159302,0.5812662243843079,-0.002725209342315793,0.23054273426532745,0.4995856285095215,-0.026817021891474724,0.24461181461811066,0.48190954327583313,-0.04402218759059906,0.25859642028808594,0.4976256191730499,-0.051540784537792206,0.19701533019542694,0.5971482992172241,-0.007709928322583437,0.19223648309707642,0.5331092476844788,-0.02537625841796398,0.2063159942626953,0.5005306005477905,-0.03696044161915779,0.22568374872207642,0.49185803532600403,-0.04291844740509987
0.2433474361896515,0.7963887453079224,1.0255661919700287e-07,0.30956417322158813,0.7600793242454529,-0.026218747720122337,0.35611677169799805,0.6799942255020142,-0.033495645970106125,0.34841957688331604,0.5998987555503845,-0.041050925850868225,0.3037659227848053,0.5673316121101379,-0.048993658274412155,0.3255787193775177,0.5637258887290955,-0.004203152842819691,0.33350005745887756,0.46617403626441956,-0.016144774854183197,0.33424583077430725,0.40518900752067566,-0.028653237968683243,0.3330230116844177,0.35807040333747864,-0.03939788416028023,0.28611814975738525,0.5581018924713135,-0.0038297807332128286,0.2855854332447052,0.46443653106689453,-0.033198121935129166,0.2933308184146881,0.4982756972312927,-0.05521661043167114,0.29708245396614075,0.5537124276161194,-0.06361562758684158,0.2497008740901947,0.5673720240592957,-0.005935925059020519,0.24382489919662476,0.4814593493938446,-0.03202996775507927,0.2564087212085724,0.5016038417816162,-0.04721537604928017,0.26346269249916077,0.5540773868560791,-0.050957780331373215,0.21097905933856964,0.5856929421424866,-0.010417462326586246,0.20524847507476807,0.5108540654182434,-0.029105395078659058,0.22212886810302734,0.5096297264099121,-0.03855089470744133,0.23640136420726776,0.5433059930801392,-0.04181709513068199
0.26188382506370544,0.8027775883674622,1.0482547452284052e-07,0.32676663994789124,0.7640507221221924,-0.0265209898352623,0.37460774183273315,0.6832005381584167,-0.034389298409223557,0.36680784821510315,0.6063817739486694,-0.042283762246370316,0.32267284393310547,0.5758885145187378,-0.05019936338067055,0.3421296179294586,0.5648448467254639,-0.005233549978584051,0.34965693950653076,0.46818333864212036,-0.017785074189305305,0.3499986529350281,0.40623342990875244,-0.0299063827842474,0.3489127457141876,0.35708338022232056,-0.040156617760658264,0.30270931124687195,0.5587011575698853,-0.005020814947783947,0.30552682280540466,0.4655013680458069,-0.03582156077027321,0.31708627939224243,0.5044575333595276,-0.05728142708539963,0.3226009011268616,0.5640095472335815,-0.06422305852174759,0.2660543620586395,0.5681954026222229,-0.007268279790878296,0.2635575830936432,0.4809204638004303,-0.03407225012779236,0.2786085307598114,0.5048719644546509,-0.04804341122508049,0.2865801453590393,0.5588828921318054,-0.05020473152399063,0.22785302996635437,0.5871263742446899,-0.011879115365445614,0.22456254065036774,0.5115612149238586,-0.030440088361501694,0.24297702312469482,0.5117596387863159,-0.03870310261845589,0.2579019069671631,0.5457442998886108,-0.04063807800412178
0.27941933274269104,0.8095564842224121,8.054448130678793e-08,0.3466031551361084,0.7741633653640747,-0.023222023621201515,0.39520227909088135,0.6895466446876526,-0.030345246195793152,0.3989873230457306,0.6073933839797974,-0.03892913833260536,0.3551580607891083,0.5862267017364502,-0.048249825835227966,0.35567110776901245,0.5661513209342957,-0.0043540396727621555,0.3632911145687103,0.46957099437713623,-0.01699744164943695,0.3650210499763489,0.4074118733406067,-0.029580023139715195,0.36431339383125305,0.35642099380493164,-0.04102341830730438,0.320113867521286,0.5617866516113281,-0.006601219065487385,0.32343053817749023,0.47002118825912476,-0.0377306304872036,0.33727994561195374,0.5125631093978882,-0.057410769164562225,0.3435831367969513,0.5693839192390442,-0.06373592466115952,0.28487467765808105,0.5718441009521484,-0.011198491789400578,0.28085505962371826,0.4812312424182892,-0.038716819137334824,0.29980596899986267,0.5123844146728516,-0.05007267743349075,0.3096315860748291,0.5695571899414062,-0.05091428384184837,0.2464006543159485,0.5910792946815491,-0.018231691792607307,0.24239853024482727,0.515634298324585,-0.038336433470249176,0.26239290833473206,0.5198621153831482,-0.04659011587500572,0.27739185094833374,0.5559824705123901,-0.0489492267370224
0.3003721237182617,0.8072736859321594,6.882058301016514e-08,0.36583855748176575,0.7720337510108948,-0.018902350217103958,0.4133410155773163,0.6924911737442017,-0.026014015078544617,0.42573028802871704,0.6160696148872375,-0.03564857318997383,0.3887160122394562,0.5842849612236023,-0.04646257683634758,0.3714796304702759,0.5700962543487549,-0.00475551700219512,0.3788284361362457,0.4717971682548523,-0.018341168761253357,0.38107165694236755,0.41077882051467896,-0.030741482973098755,0.3797929286956787,0.3595370054244995,-0.04171540215611458,0.3377634882926941,0.5682145953178406,-0.00918529462069273,0.3400179147720337,0.4735846519470215,-0.04065015912055969,0.3605254888534546,0.5152440071105957,-0.06023310124874115,0.3700796365737915,0.5713062286376953,-0.06671666353940964,0.3043971061706543,0.5797909498214722,-0.015446624718606472,0.30069267749786377,0.4847433567047119,-0.04305841773748398,0.3254353702068329,0.5176427960395813,-0.05263853073120117,0.33744508028030396,0.5733610391616821,-0.052365828305482864,0.26845598220825195,0.6000452637672424,-0.02368287369608879,0.2655677795410156,0.5218676924705505,-0.04415341839194298,0.28899261355400085,0.528668999671936,-0.051134973764419556,0.3055053651332855,0.5646160244941711,-0.05243179574608803
0.3178774416446686,0.826744556427002,5.451068574302553e-08,0.3820287585258484,0.7890936136245728,-0.01946045644581318,0.4315735995769501,0.7101483345031738,-0.026380453258752823,0.4472896456718445,0.6289982795715332,-0.03553481772542,0.40996184945106506,0.6041256189346313,-0.045433398336172104,0.38911086320877075,0.5941289663314819,-0.004948866553604603,0.3998994827270508,0.49707967042922974,-0.017970558255910873,0.40478289127349854,0.4369507431983948,-0.028608469292521477,0.40518099069595337,0.383780837059021,-0.038233015686273575,0.3547130525112152,0.5889394283294678,-0.009800798259675503,0.35915103554725647,0.4959547817707062,-0.04133526235818863,0.38073092699050903,0.5451958179473877,-0.05687176436185837,0.38830968737602234,0.6028435230255127,-0.05921309068799019,0.3214884400367737,0.5988718271255493,-0.016577867791056633,0.32164689898490906,0.5119685530662537,-0.04513170197606087,0.34840884804725647,0.55533367395401,-0.049819495528936386,0.3589266836643219,0.6119194030761719,-0.04478568583726883,0.2854287624359131,0.6174327731132507,-0.0255929846316576,0.28369128704071045,0.5402984619140625,-0.04599810391664505,0.30786287784576416,0.5561687350273132,-0.04871678724884987,0.3222449719905853,0.597289502620697,-0.045906104147434235
0.332211434841156,0.8291498422622681,7.31444771417955e-08,0.39486727118492126,0.7961156964302063,-0.019369179382920265,0.44369783997535706,0.7217118144035339,-0.02788029983639717,0.4619300365447998,0.6449587345123291,-0.038919124752283096,0.42525768280029297,0.6158273220062256,-0.05080282315611839,0.40775182843208313,0.6030521392822266,-0.005102716386318207,0.42184269428253174,0.505744218826294,-0.017806541174650192,0.4304516911506653,0.4473598003387451,-0.027701934799551964,0.4333721101284027,0.3964594304561615,-0.036371126770973206,0.3739582598209381,0.5982154607772827,-0.009743776172399521,0.3810877501964569,0.5103505253791809,-0.040374066680669785,0.3953189551830292,0.5636850595474243,-0.05407607927918434,0.39719709753990173,0.6176425218582153,-0.05490143224596977,0.34072065353393555,0.606793224811554,-0.016268862411379814,0.34114041924476624,0.5221393704414368,-0.04325352609157562,0.3621297776699066,0.5670292377471924,-0.04509482532739639,0.3675944209098816,0.6202967762947083,-0.03826625645160675,0.3040781021118164,0.6236298084259033,-0.025093600153923035,0.3024950623512268,0.5480844378471375,-0.044011786580085754,0.32465699315071106,0.5670818090438843,-0.04413584992289543,0.33677977323532104,0.6086044907569885,-0.039242975413799286
0.34760114550590515,0.8544023633003235,4.375297280034829e-08,0.4103548228740692,0.8148338198661804,-0.015118327923119068,0.45591187477111816,0.7508856058120728,-0.025200288742780685,0.4758329689502716,0.6830819249153137,-0.03883348032832146,0.44081050157546997,0.6567887663841248,-0.053444754332304,0.4228917956352234,0.6275156140327454,-0.007425166666507721,0.4369441270828247,0.5277760624885559,-0.021517297253012657,0.44597914814949036,0.4687919616699219,-0.031810957938432693,0.44967222213745117,0.41554170846939087,-0.04055268317461014,0.3887704312801361,0.6254869103431702,-0.014727513305842876,0.3951922357082367,0.5478065609931946,-0.04590325057506561,0.41358792781829834,0.6063701510429382,-0.058049317449331284,0.4179312586784363,0.6606736779212952,-0.058687541633844376,0.35478076338768005,0.6354090571403503,-0.023404046893119812,0.3551100194454193,0.5596187114715576,-0.05012824013829231,0.38086459040641785,0.6113595962524414,-0.04902942106127739,0.389479398727417,0.6664788722991943,-0.04076829180121422,0.3190529942512512,0.6524960398674011,-0.03403598815202713,0.3206486105918884,0.5800793170928955,-0.05093234032392502,0.3446682393550873,0.6052986979484558,-0.04734272137284279,0.35656285285949707,0.6491413116455078,-0.0402834415435791
0.3819344937801361,0.9114862680435181,8.69327099195516e-09,0.4440388083457947,0.8768908381462097,-0.015595847740769386,0.492675244808197,0.8123663663864136,-0.026017963886260986,0.5155283808708191,0.7414177656173706,-0.03969855606555939,0.47699636220932007,0.7332777380943298,-0.054424941539764404,0.46403586864471436,0.6847406029701233,-0.010808583348989487,0.4859524667263031,0.587325394153595,-0.02539542131125927,0.5006144046783447,0.5320883989334106,-0.035873718559741974,0.5093926191329956,0.4802156686782837,-0.045328233391046524,0.4277205169200897,0.6832515001296997,-0.018506528809666634,0.4352250397205353,0.6164325475692749,-0.051081303507089615,0.4489050507545471,0.6865214705467224,-0.06058063358068466,0.45140519738197327,0.7417445778846741,-0.05936892330646515,0.3914130926132202,0.6942013502120972,-0.027633467689156532,0.3920641541481018,0.6254846453666687,-0.055884670466184616,0.41491973400115967,0.6878664493560791,-0.05131541192531586,0.42278948426246643,0.7444537281990051,-0.04054483026266098,0.3551368713378906,0.7151084542274475,-0.03887433558702469,0.3586733639240265,0.6479487419128418,-0.057056356221437454,0.381891131401062,0.6811788082122803,-0.05169356241822243,0.3933078646659851,0.7274265885353088,-0.043214164674282074
0.3845224976539612,0.9204510450363159,-4.6831186040208195e-08,0.45171278715133667,0.8780866265296936,-0.005096567794680595,0.49148693680763245,0.8154392242431641,-0.010562333278357983,0.515960693359375,0.7494668364524841,-0.021076420322060585,0.47747498750686646,0.7313247919082642,-0.03366561606526375,0.46854540705680847,0.688044548034668,-0.003120527369901538,0.49284982681274414,0.5880103707313538,-0.01797989197075367,0.5106096267700195,0.5344775319099426,-0.03145190700888634,0.5196036696434021,0.4837448000907898,-0.043101418763399124,0.43009963631629944,0.6880424618721008,-0.014151008799672127,0.4340442419052124,0.6200529336929321,-0.04428522288799286,0.4453120529651642,0.692750871181488,-0.054753076285123825,0.44735321402549744,0.746272087097168,-0.055669788271188736,0.39413726329803467,0.6999494433403015,-0.025856569409370422,0.3906635046005249,0.6257325410842896,-0.049909863620996475,0.41071051359176636,0.6939262747764587,-0.043952345848083496,0.4180136024951935,0.7509207725524902,-0.034084614366292953,0.3577765226364136,0.7233165502548218,-0.03878870978951454,0.35922133922576904,0.6535593271255493,-0.05424327775835991,0.3782212436199188,0.6909358501434326,-0.04629562050104141,0.3889174461364746,0.7366018891334534,-0.03667975217103958
0.3710066080093384,0.9251572489738464,-1.2078791655767418e-07,0.44314509630203247,0.8808225393295288,0.0017626868793740869,0.4770025908946991,0.8222811818122864,0.0012874361127614975,0.5037102103233337,0.7557843923568726,-0.004220083821564913,0.467729389667511,0.7320892214775085,-0.011663180775940418,0.46170324087142944,0.6989198327064514,0.0031502991914749146,0.4879557490348816,0.5998642444610596,-0.011624369770288467,0.5052692890167236,0.5467838048934937,-0.026640836149454117,0.5130471587181091,0.4947046637535095,-0.03946523740887642,0.42331552505493164,0.6966914534568787,-0.009274547919631004,0.4289487898349762,0.6183373928070068,-0.036516252905130386,0.4351598620414734,0.6909514665603638,-0.046648863703012466,0.43525978922843933,0.7431668639183044,-0.04836602509021759,0.3875201344490051,0.7074089646339417,-0.02186865359544754,0.3853810429573059,0.6255457401275635,-0.04324771463871002,0.4012541174888611,0.6947422027587891,-0.03697480261325836,0.4079895317554474,0.7506346702575684,-0.027813084423542023,0.35103839635849,0.73231440782547,-0.034863002598285675,0.3535537123680115,0.6589494943618774,-0.04755549505352974,0.36983761191368103,0.6955554485321045,-0.03805764019489288,0.3794104754924774,0.7392743229866028,-0.028230413794517517
0.376629114151001,0.9279905557632446,-4.532185826633395e-08,0.4382912218570709,0.8849972486495972,-0.011861829087138176,0.4805932641029358,0.8198045492172241,-0.020838862285017967,0.49895089864730835,0.7523322701454163,-0.033832911401987076,0.4586740732192993,0.7325813174247742,-0.047895219177007675,0.44261983036994934,0.6853297352790833,-0.0035263304598629475,0.4389530122280121,0.5836227536201477,-0.017552105709910393,0.43497931957244873,0.5281919240951538,-0.028226356953382492,0.4249500036239624,0.478677898645401,-0.037263352423906326,0.4089239835739136,0.6900168061256409,-0.012139289639890194,0.4144124686717987,0.610697329044342,-0.039831336587667465,0.4336794912815094,0.6799085736274719,-0.048575256019830704,0.4392295181751251,0.73064124584198,-0.04758215323090553,0.37678176164627075,0.7067718505859375,-0.022411411628127098,0.37248852849006653,0.6267662644386292,-0.04628783464431763,0.39805155992507935,0.6903252005577087,-0.04044608026742935,0.40688809752464294,0.7452560663223267,-0.029825333505868912,0.3424643576145172,0.7339391708374023,-0.03464387357234955,0.34027397632598877,0.655831515789032,-0.04985905811190605,0.363069623708725,0.6861071586608887,-0.04322732239961624,0.3755071461200714,0.7308307886123657,-0.034598592668771744
0.36853131651878357,0.9282411336898804,-7.031535176338366e-08,0.4326557219028473,0.8827886581420898,-0.009178203530609608,0.4750168025493622,0.8163883686065674,-0.017166439443826675,0.4952678680419922,0.7442004680633545,-0.02972942218184471,0.45123207569122314,0.7311356067657471,-0.04395101219415665,0.43558061122894287,0.681340217590332,-0.0006474641268141568,0.43117594718933105,0.5786759257316589,-0.012704271823167801,0.4267227053642273,0.5230728983879089,-0.022993778809905052,0.4172767698764801,0.47338294982910156,-0.03251664340496063,0.40271028876304626,0.6863438487052917,-0.010690858587622643,0.408316433429718,0.6056599617004395,-0.03652406111359596,0.42522546648979187,0.6738783717155457,-0.0453139990568161,0.4305904507637024,0.7230799794197083,-0.04494965821504593,0.3710317015647888,0.7035652995109558,-0.022037772461771965,0.3668751120567322,0.6216512322425842,-0.043574631214141846,0.3914380371570587,0.6813365817070007,-0.03829103708267212,0.4001842737197876,0.7359919548034668,-0.029004519805312157,0.336792528629303,0.7320699691772461,-0.03521757945418358,0.3356371521949768,0.6533315181732178,-0.04893885552883148,0.35719555616378784,0.6809183955192566,-0.04240459203720093,0.3693302273750305,0.7252675890922546,-0.03449857607483864
0.3737933337688446,0.9373265504837036,-3.212617727399447e-08,0.4333786964416504,0.90138840675354,-0.015993688255548477,0.47806286811828613,0.8328027725219727,-0.025256995111703873,0.4932645857334137,0.7654423117637634,-0.037636592984199524,0.45346370339393616,0.7453670501708984,-0.05079351365566254,0.4415262043476105,0.7029040455818176,-0.005967896897345781,0.4444531798362732,0.6060314178466797,-0.019330980256199837,0.44427192211151123,0.551772952079773,-0.028979483991861343,0.4392645061016083,0.5025757551193237,-0.03740951791405678,0.40812253952026367,0.7045027017593384,-0.012692044489085674,0.41543611884117126,0.6240349411964417,-0.04207795858383179,0.4301503598690033,0.6874561905860901,-0.05268598720431328,0.4326013922691345,0.738082766532898,-0.05225249007344246,0.3759816884994507,0.7189408540725708,-0.021141065284609795,0.37481340765953064,0.6369166374206543,-0.04716764762997627,0.3955911099910736,0.6913372874259949,-0.04517845809459686,0.4017702043056488,0.7444465756416321,-0.03631998971104622,0.3419261872768402,0.7421042323112488,-0.031685519963502884,0.3408103585243225,0.6673150658607483,-0.04890407249331474,0.36199092864990234,0.690017580986023,-0.04596557468175888,0.37300604581832886,0.7297626733779907,-0.039484668523073196
0.36966779828071594,0.9355006217956543,5.5179518732018096e-09,0.42991140484809875,0.8970272541046143,-0.015515445731580257,0.4737013280391693,0.8330173492431641,-0.024187806993722916,0.4884079694747925,0.7632372975349426,-0.03572816029191017,0.44967886805534363,0.7393574714660645,-0.04858577251434326,0.4444255232810974,0.7118248343467712,-0.006264925003051758,0.4594901204109192,0.6163666248321533,-0.01848812773823738,0.4683963656425476,0.5629832744598389,-0.028067437931895256,0.4721566438674927,0.5140380263328552,-0.03675788640975952,0.4096829295158386,0.7095193266868591,-0.012823337689042091,0.4143355190753937,0.6276261210441589,-0.04095272347331047,0.4264904260635376,0.6861295104026794,-0.05269703269004822,0.4293152391910553,0.7354322671890259,-0.05388021469116211,0.37623947858810425,0.7207241654396057,-0.020740317180752754,0.3726523816585541,0.6407111287117004,-0.04495953023433685,0.3929186761379242,0.6919299364089966,-0.04441899433732033,0.40048253536224365,0.7442367076873779,-0.03756662458181381,0.3410344123840332,0.7418437600135803,-0.030609171837568283,0.33933043479919434,0.6688675880432129,-0.046672023832798004,0.35944414138793945,0.6928045153617859,-0.04405597969889641,0.37033382058143616,0.7338167428970337,-0.038354989141225815
0.3734096586704254,0.9300549030303955,1.3469144688471602e-09,0.4298190176486969,0.8897860646247864,-0.014250527136027813,0.47150281071662903,0.8220201134681702,-0.023043088614940643,0.4858582019805908,0.752497136592865,-0.03519059345126152,0.4475851356983185,0.732392430305481,-0.04770321026444435,0.4326111674308777,0.7048015594482422,-0.001409841701388359,0.4290317893028259,0.610602855682373,-0.014252240769565105,0.4225934147834778,0.5567672252655029,-0.02418677695095539,0.41115352511405945,0.5118811130523682,-0.03243783488869667,0.40116462111473083,0.7072065472602844,-0.007776954211294651,0.4058690667152405,0.620928943157196,-0.034288883209228516,0.42124125361442566,0.676058292388916,-0.044025272130966187,0.4252006411552429,0.7218016386032104,-0.04340554401278496,0.3713028132915497,0.719168484210968,-0.01614484377205372,0.3667413890361786,0.6297457814216614,-0.038918472826480865,0.3867364823818207,0.6771292090415955,-0.03615220636129379,0.3930778205394745,0.7287898063659668,-0.027427835389971733,0.33930131793022156,0.7383942604064941,-0.026787789538502693,0.3358204662799835,0.6643882393836975,-0.042117372155189514,0.3557032346725464,0.6828793883323669,-0.03975324705243111,0.3663643002510071,0.721257746219635,-0.034099772572517395
0.36657825112342834,0.9203729629516602,-4.611672466126038e-08,0.42339226603507996,0.8782763481140137,-0.012599976733326912,0.4640222191810608,0.8073548674583435,-0.019397206604480743,0.4752664864063263,0.7399054765701294,-0.02953130006790161,0.4366048574447632,0.7219753265380859,-0.04022586718201637,0.42794403433799744,0.6924968361854553,-0.0009756350191310048,0.42734700441360474,0.596440315246582,-0.013580410741269588,0.42308804392814636,0.544162929058075,-0.023495584726333618,0.41366666555404663,0.49877822399139404,-0.031761761754751205,0.39502647519111633,0.6944231986999512,-0.007967649959027767,0.39864206314086914,0.6119047403335571,-0.03563364967703819,0.41258683800697327,0.6666228175163269,-0.04671463370323181,0.41503533720970154,0.7141141891479492,-0.04699569568037987,0.36397305130958557,0.7074490189552307,-0.016642631962895393,0.3589428663253784,0.6233732104301453,-0.04005057364702225,0.37817659974098206,0.6689922213554382,-0.03851032257080078,0.38444092869758606,0.7186667323112488,-0.030566584318876266,0.3313157260417938,0.7281237840652466,-0.027269503101706505,0.3278668224811554,0.6551709175109863,-0.04239038750529289,0.34763625264167786,0.6724322438240051,-0.03980443999171257,0.3588612377643585,0.7089813351631165,-0.03398275002837181
0.3624453842639923,0.9069550633430481,1.7959939313527684e-08,0.4235129952430725,0.8716328144073486,-0.0148689616471529,0.46534526348114014,0.8075364232063293,-0.021766800433397293,0.4785943329334259,0.7406774759292603,-0.031021779403090477,0.4444858431816101,0.7130253314971924,-0.041539859026670456,0.44026729464530945,0.6958396434783936,-0.009329893626272678,0.4636812210083008,0.6009446382522583,-0.021658560261130333,0.4764658212661743,0.549418568611145,-0.031033433973789215,0.4827055037021637,0.5021150708198547,-0.03949986770749092,0.40423986315727234,0.6911516189575195,-0.015101003460586071,0.4085584580898285,0.6078931093215942,-0.04427286982536316,0.41832083463668823,0.6608743667602539,-0.05681907385587692,0.4196607768535614,0.7107036113739014,-0.05865905433893204,0.3703300952911377,0.7000473737716675,-0.02194461226463318,0.366971880197525,0.6160078644752502,-0.046630747616291046,0.3851507902145386,0.6616954207420349,-0.04798943176865578,0.3923623263835907,0.7125511169433594,-0.04257002845406532,0.3358291983604431,0.7184851765632629,-0.03047192469239235,0.3339424729347229,0.6478669047355652,-0.04719291627407074,0.3529902994632721,0.6660727858543396,-0.046906813979148865,0.3644014596939087,0.7036797404289246,-0.04296534135937691
0.3717848062515259,0.9001162052154541,-6.205738145581563e-08,0.4271431863307953,0.864120602607727,-0.011960210278630257,0.4650338590145111,0.7945346832275391,-0.018069440498948097,0.4751383066177368,0.7295836210250854,-0.02714194729924202,0.4387083947658539,0.7108826637268066,-0.0369848869740963,0.43153589963912964,0.683424174785614,-0.005049827042967081,0.4269486963748932,0.5868247747421265,-0.018502607941627502,0.41966405510902405,0.5354353785514832,-0.028557375073432922,0.4078480303287506,0.49092525243759155,-0.03691151738166809,0.400740385055542,0.6854864358901978,-0.012017615139484406,0.40498942136764526,0.6005172729492188,-0.039540451020002365,0.41746145486831665,0.654421329498291,-0.050113968551158905,0.41994982957839966,0.7018151879310608,-0.05032144859433174,0.37043631076812744,0.6987358927726746,-0.020393148064613342,0.365811824798584,0.612109363079071,-0.044168002903461456,0.3830243945121765,0.6571522951126099,-0.04222904518246651,0.3892691731452942,0.7064626216888428,-0.034093454480171204,0.3381730616092682,0.7193676233291626,-0.03050943650305271,0.3341135084629059,0.6463807821273804,-0.047010745853185654,0.35266634821891785,0.663287878036499,-0.044842422008514404,0.3636295795440674,0.699202835559845,-0.039183150976896286
0.3645557165145874,0.8989760279655457,-3.756312239033832e-08,0.42433804273605347,0.8619901537895203,-0.012327156960964203,0.4631218910217285,0.803117573261261,-0.01925543323159218,0.47676411271095276,0.7380593419075012,-0.029302043840289116,0.4392220377922058,0.70979905128479,-0.04074687138199806,0.43700259923934937,0.6844475865364075,-0.003431508783251047,0.44526997208595276,0.592194139957428,-0.015857666730880737,0.44726964831352234,0.5420746803283691,-0.02609516866505146,0.4445692002773285,0.4964755177497864,-0.03507941588759422,0.4028783142566681,0.6807013154029846,-0.010021344758570194,0.4083380699157715,0.6024161577224731,-0.036417145282030106,0.41683730483055115,0.6583866477012634,-0.04688034579157829,0.4193359315395355,0.7055139541625977,-0.0477946512401104,0.37011221051216125,0.6908865571022034,-0.01814866252243519,0.36562418937683105,0.6084261536598206,-0.04024143144488335,0.380733460187912,0.6585208773612976,-0.03842470049858093,0.3878322243690491,0.7091439962387085,-0.031443193554878235,0.3354222774505615,0.7119551301002502,-0.028023088350892067,0.3333319425582886,0.6409132480621338,-0.04329981654882431,0.3504902422428131,0.662480354309082,-0.040891099721193314,0.3622053563594818,0.7010455131530762,-0.03566933423280716
0.36577269434928894,0.8932928442955017,-8.036025178626005e-08,0.42335405945777893,0.8610275387763977,-0.012162954546511173,0.4627555310726166,0.7951629757881165,-0.017254134640097618,0.4741227328777313,0.7326101660728455,-0.025357283651828766,0.4377601742744446,0.7125117778778076,-0.03426778316497803,0.43292465806007385,0.6758898496627808,-0.0032260126899927855,0.43656793236732483,0.5783186554908752,-0.015760505571961403,0.433872789144516,0.5279526710510254,-0.025762977078557014,0.4271222651004791,0.48276787996292114,-0.034286607056856155,0.4003574550151825,0.6763842701911926,-0.009567723609507084,0.4042537212371826,0.598381757736206,-0.03720991313457489,0.41278305649757385,0.6533140540122986,-0.048812128603458405,0.4145885407924652,0.7016188502311707,-0.05006128177046776,0.36819005012512207,0.6885007619857788,-0.017334867268800735,0.3653760254383087,0.6068722009658813,-0.04089175537228584,0.3791877329349518,0.6541080474853516,-0.03948522359132767,0.38458457589149475,0.7034291625022888,-0.03196964040398598,0.33481770753860474,0.7087693214416504,-0.02679288387298584,0.334829181432724,0.6395342946052551,-0.042314562946558,0.350816547870636,0.6588345766067505,-0.039528362452983856,0.3600127696990967,0.6944201588630676,-0.03357800841331482
0.35597744584083557,0.894494354724884,-6.428819432358068e-08,0.4216659367084503,0.8592219352722168,-0.008740623481571674,0.45878317952156067,0.7971906661987305,-0.011249263770878315,0.4715538024902344,0.729033350944519,-0.016732675954699516,0.4321105480194092,0.7079894542694092,-0.024078648537397385,0.4377964735031128,0.6873552799224854,-0.0034752439241856337,0.46134623885154724,0.5924519300460815,-0.014413145370781422,0.47391247749328613,0.5424266457557678,-0.025065213441848755,0.4795222282409668,0.4934881329536438,-0.03542600944638252,0.4026918411254883,0.6824024319648743,-0.010892771184444427,0.40833884477615356,0.6017616987228394,-0.03632083907723427,0.4129955470561981,0.660011887550354,-0.04801012948155403,0.4124656617641449,0.707529604434967,-0.0508265495300293,0.3691909611225128,0.6896668672561646,-0.019072972238063812,0.36669760942459106,0.60431969165802,-0.03990507870912552,0.3799947500228882,0.6560101509094238,-0.0398617684841156,0.38482043147087097,0.7075306177139282,-0.034961458295583725,0.3355475068092346,0.7078316807746887,-0.028488602489233017,0.3356929123401642,0.6351733207702637,-0.04316779971122742,0.35149896144866943,0.6582765579223633,-0.04135546088218689,0.3607225716114044,0.6979714035987854,-0.03714976832270622
0.35556501150131226,0.8902974128723145,5.463448582432306e-10,0.42044270038604736,0.8598458170890808,-0.012218793854117393,0.4589844346046448,0.7953133583068848,-0.016136839985847473,0.4739372730255127,0.7268118858337402,-0.02264086715877056,0.4360264241695404,0.70533686876297,-0.03099491447210312,0.4410827159881592,0.6900944709777832,-0.00691733043640852,0.47100725769996643,0.5963163375854492,-0.01777653582394123,0.48699191212654114,0.546210765838623,-0.028007077053189278,0.49601367115974426,0.49806177616119385,-0.03833756223320961,0.4058447480201721,0.6826543807983398,-0.013472228311002254,0.41125017404556274,0.5990157723426819,-0.04089372605085373,0.41562262177467346,0.6521810293197632,-0.05423679202795029,0.4149153530597687,0.6988228559494019,-0.05797569826245308,0.3719017207622528,0.688258945941925,-0.020849796012043953,0.36983057856559753,0.6021818518638611,-0.0436420813202858,0.38380515575408936,0.6504653096199036,-0.04574053734540939,0.3887060880661011,0.701833963394165,-0.042033445090055466,0.3379756808280945,0.7038805484771729,-0.02978549152612686,0.3392108678817749,0.634954035282135,-0.04590275138616562,0.35530874133110046,0.6550725698471069,-0.046427443623542786,0.36454448103904724,0.6933373808860779,-0.043972015380859375
0.36530226469039917,0.8828719854354858,5.833004479427473e-08,0.4248461425304413,0.8511121273040771,-0.020023811608552933,0.4669390320777893,0.7881535887718201,-0.027533702552318573,0.47303226590156555,0.721624493598938,-0.03636478632688522,0.437084436416626,0.6955791711807251,-0.0455629788339138,0.442086398601532,0.6803982257843018,-0.007320428732782602,0.46174436807632446,0.5914167165756226,-0.019910303875803947,0.4711448550224304,0.5416395664215088,-0.02980937995016575,0.47773104906082153,0.49521932005882263,-0.038740962743759155,0.40656518936157227,0.6734933853149414,-0.01028526946902275,0.4116084575653076,0.5898535251617432,-0.04047884792089462,0.41544079780578613,0.6390416026115417,-0.0540710873901844,0.41473838686943054,0.6883866786956787,-0.055962469428777695,0.3719204366207123,0.6801808476448059,-0.015189260244369507,0.3695608079433441,0.5947176814079285,-0.04276992008090019,0.3812738060951233,0.6379562616348267,-0.04538154602050781,0.38577327132225037,0.6888313889503479,-0.03932635858654976,0.3369908034801483,0.6958123445510864,-0.02212034910917282,0.338176965713501,0.6267099380493164,-0.041487231850624084,0.3542936444282532,0.644249439239502,-0.04273003339767456,0.3630833923816681,0.6804617643356323,-0.03897449001669884
0.4704720973968506,0.7113419771194458,9.550491597565269e-08,0.5263710021972656,0.6731649041175842,-0.017566833645105362,0.5659387111663818,0.6046627759933472,-0.020956477150321007,0.5624968409538269,0.5349904298782349,-0.024918127804994583,0.5263296365737915,0.5221708416938782,-0.02906029112637043,0.5376853346824646,0.5240100026130676,0.0009596117306500673,0.5504592061042786,0.45106878876686096,-0.006131392903625965,0.5563375353813171,0.4031262993812561,-0.014704525470733643,0.560046911239624,0.3637372851371765,-0.022922929376363754,0.5057373642921448,0.5182650685310364,-0.00028444663621485233,0.5036622881889343,0.43821772933006287,-0.021116390824317932,0.5139734148979187,0.4628937840461731,-0.03572477772831917,0.5182461142539978,0.5070974826812744,-0.04038010165095329,0.47695791721343994,0.5244441628456116,-0.0032171718776226044,0.47313812375068665,0.4522164463996887,-0.021653788164258003,0.48842334747314453,0.47219401597976685,-0.029582839459180832,0.4953306317329407,0.5149545073509216,-0.029741894453763962,0.44749751687049866,0.5389782190322876,-0.008117002435028553,0.4431387484073639,0.4782715439796448,-0.020900730043649673,0.45886921882629395,0.48215457797050476,-0.025270061567425728,0.469613254070282,0.5113826990127563,-0.025677207857370377
0.40226078033447266,0.6954011917114258,1.401100035991476e-07,0.45583510398864746,0.62818843126297,-0.033061422407627106,0.4916665554046631,0.5330268740653992,-0.044219616800546646,0.4624630808830261,0.4547022879123688,-0.05487338453531265,0.4091104567050934,0.4396362602710724,-0.06486566364765167,0.4464675188064575,0.4279610216617584,-0.00803307257592678,0.45296841859817505,0.3190513253211975,-0.02439088188111782,0.45138296484947205,0.2537108063697815,-0.03816806152462959,0.4487473666667938,0.19818785786628723,-0.04930303245782852,0.40060847997665405,0.43286922574043274,-0.007004298269748688,0.37979310750961304,0.3332518935203552,-0.04198350012302399,0.3887651562690735,0.3723761737346649,-0.0633675679564476,0.3994448781013489,0.426397442817688,-0.0691225528717041,0.36244481801986694,0.4521492123603821,-0.009227263741195202,0.34285300970077515,0.3713234066963196,-0.042490024119615555,0.3582870066165924,0.4028632938861847,-0.0531984306871891,0.3717246949672699,0.4543532729148865,-0.05072132498025894,0.3284129500389099,0.48248162865638733,-0.014331086538732052,0.3118916153907776,0.4131539463996887,-0.035086121410131454,0.3278886675834656,0.42193302512168884,-0.03825165331363678,0.3433033227920532,0.45749861001968384,-0.0349949412047863
0.4149607717990875,0.6979498863220215,1.490019201355608e-07,0.4690495729446411,0.6385290026664734,-0.034996163100004196,0.5059877634048462,0.5430993437767029,-0.04734966903924942,0.47906967997550964,0.4608628749847412,-0.058929722756147385,0.425102561712265,0.4423573315143585,-0.06999607384204865,0.4588550925254822,0.42967817187309265,-0.01032100711017847,0.46355706453323364,0.3217889070510864,-0.025866249576210976,0.4623175859451294,0.25864505767822266,-0.040028028190135956,0.4593795835971832,0.20500534772872925,-0.052215345203876495,0.4133932590484619,0.43600231409072876,-0.009158192202448845,0.3955185115337372,0.3348538875579834,-0.04359922185540199,0.4079209864139557,0.37896454334259033,-0.06574112176895142,0.41952192783355713,0.43307408690452576,-0.07304687798023224,0.37518978118896484,0.4574104845523834,-0.011287793517112732,0.35469353199005127,0.37021639943122864,-0.044535160064697266,0.3721483647823334,0.40399253368377686,-0.05640560761094093,0.38503268361091614,0.4578275680541992,-0.05577462911605835,0.3394920229911804,0.48996514081954956,-0.016583984717726707,0.3202631175518036,0.4125280976295471,-0.03947223722934723,0.3372727632522583,0.42067790031433105,-0.04499936103820801,0.3526386618614197,0.45773857831954956,-0.044144999235868454
0.42091599106788635,0.6957314610481262,1.348954867808061e-07,0.47597843408584595,0.6344286203384399,-0.0316019169986248,0.5123775601387024,0.5397132635116577,-0.04282999411225319,0.4859088659286499,0.4595744013786316,-0.05373421311378479,0.4323706328868866,0.4415106773376465,-0.06429551541805267,0.464197039604187,0.4298412799835205,-0.010248006321489811,0.4693014621734619,0.3219301998615265,-0.02547362446784973,0.46904996037483215,0.2586347460746765,-0.03833630681037903,0.46660366654396057,0.2041657567024231,-0.0492677167057991,0.419511616230011,0.4353724718093872,-0.010108769871294498,0.40335285663604736,0.3354165554046631,-0.043630778789520264,0.41771119832992554,0.38019007444381714,-0.06297224760055542,0.42904049158096313,0.43432536721229553,-0.06796101480722427,0.3822168707847595,0.4558750092983246,-0.012881536968052387,0.36357730627059937,0.3705049753189087,-0.04486428573727608,0.3836469352245331,0.4067980647087097,-0.053288474678993225,0.39667171239852905,0.4603184461593628,-0.05009527876973152,0.3471393883228302,0.48721426725387573,-0.018572544679045677,0.327187716960907,0.4104509949684143,-0.04013563692569733,0.3462989330291748,0.4196368455886841,-0.0431881919503212,0.3630697727203369,0.45609036087989807,-0.040214985609054565
0.4193003475666046,0.7001932263374329,4.568228462176194e-08,0.4831949472427368,0.6343377232551575,-0.023173822090029716,0.5168805718421936,0.5410001277923584,-0.02859652414917946,0.4951736330986023,0.45470279455184937,-0.03458520397543907,0.44459378719329834,0.4504471719264984,-0.04137805476784706,0.47083622217178345,0.4420129656791687,-0.004574209451675415,0.47680386900901794,0.33193618059158325,-0.013439406640827656,0.4792574644088745,0.2714613080024719,-0.022995024919509888,0.47650718688964844,0.21759754419326782,-0.03315974399447441,0.42796790599823,0.4439091980457306,-0.006608142051845789,0.4154791831970215,0.34515589475631714,-0.03202207759022713,0.42934176325798035,0.3956710696220398,-0.04698750376701355,0.4371066987514496,0.44569820165634155,-0.05113557353615761,0.3911215364933014,0.45989102125167847,-0.010706723667681217,0.373616099357605,0.36620551347732544,-0.03481299802660942,0.3945654034614563,0.4082486927509308,-0.04042324051260948,0.4052761495113373,0.4642552435398102,-0.03776540607213974,0.35578253865242004,0.4889688193798065,-0.017256401479244232,0.34062474966049194,0.40835636854171753,-0.03508574515581131,0.3607829809188843,0.42064130306243896,-0.037157878279685974,0.37509962916374207,0.46181684732437134,-0.034931108355522156
0.3955572843551636,0.6929827928543091,1.690346351779226e-07,0.4609796702861786,0.6383624076843262,-0.02611185982823372,0.5060449838638306,0.5422552824020386,-0.03218352422118187,0.5021145939826965,0.4470771253108978,-0.038529638200998306,0.4571937322616577,0.4240894913673401,-0.04458481818437576,0.46022582054138184,0.4422498941421509,-0.00012843808508478105,0.47481048107147217,0.34009072184562683,-0.007890653796494007,0.480447381734848,0.2767474055290222,-0.015856953337788582,0.48143863677978516,0.22300061583518982,-0.024183612316846848,0.4188958406448364,0.43614697456359863,-0.00019739620620384812,0.41212010383605957,0.33050069212913513,-0.026515226811170578,0.4275321960449219,0.3716299533843994,-0.04194117337465286,0.4346449375152588,0.4274371564388275,-0.044689808040857315,0.3814256191253662,0.4445841908454895,-0.002884036861360073,0.3715154230594635,0.35182932019233704,-0.029408957809209824,0.39303335547447205,0.38558250665664673,-0.03734605014324188,0.40141761302948,0.4416596293449402,-0.03455526754260063,0.3427647650241852,0.4635622203350067,-0.008108414709568024,0.33399099111557007,0.3797944486141205,-0.02726394683122635,0.3558664619922638,0.38907527923583984,-0.031040115281939507,0.37000352144241333,0.4314427673816681,-0.02906475029885769
0.37962305545806885,0.7162139415740967,2.8367665549922094e-07,0.4475247859954834,0.6565358638763428,-0.037731967866420746,0.49402761459350586,0.5487569570541382,-0.04786929115653038,0.4836794137954712,0.4440005123615265,-0.056720197200775146,0.4317546784877777,0.4009236991405487,-0.06504833698272705,0.4442766606807709,0.43073123693466187,-0.0042060199193656445,0.4548448324203491,0.31931135058403015,-0.01774863712489605,0.4539826512336731,0.24521362781524658,-0.034179795533418655,0.4522187113761902,0.1888684630393982,-0.0486665777862072,0.3976649045944214,0.4274342954158783,-0.0009246537811122835,0.3821839392185211,0.3062015175819397,-0.03387884423136711,0.3994410037994385,0.32284194231033325,-0.0644158199429512,0.4157068729400635,0.37944358587265015,-0.0788356363773346,0.35757964849472046,0.4425223767757416,-0.0011726219672709703,0.339533269405365,0.33404719829559326,-0.03092527948319912,0.3618297576904297,0.33857786655426025,-0.053984154015779495,0.38052576780319214,0.39355728030204773,-0.06316357105970383,0.316551148891449,0.47288817167282104,-0.004919960163533688,0.30042433738708496,0.3859139084815979,-0.028314566239714622,0.3207066059112549,0.3687658905982971,-0.0444708950817585,0.34327253699302673,0.3968183994293213,-0.05252400413155556
0.36760687828063965,0.7492345571517944,2.2660059073587036e-07,0.43993934988975525,0.6910868287086487,-0.0429164282977581,0.4957408905029297,0.5785630345344543,-0.05524018406867981,0.47756651043891907,0.47165176272392273,-0.06590909510850906,0.41594117879867554,0.4360204041004181,-0.07660819590091705,0.4455746114253998,0.43959522247314453,-0.013565133325755596,0.4577014744281769,0.30761420726776123,-0.02994968742132187,0.4584847092628479,0.22558251023292542,-0.04787929356098175,0.4582176208496094,0.16053512692451477,-0.06387214362621307,0.3930406868457794,0.4360624849796295,-0.009728747420012951,0.3814939260482788,0.3088732361793518,-0.04711653292179108,0.39240774512290955,0.34573841094970703,-0.07827010750770569,0.40578803420066833,0.41030609607696533,-0.09265722334384918,0.34637123346328735,0.4532473385334015,-0.009525197558104992,0.3281322419643402,0.3374655246734619,-0.04498519375920296,0.3434956967830658,0.35965341329574585,-0.0691874623298645,0.3583964705467224,0.42542803287506104,-0.07812477648258209,0.30035677552223206,0.4849202036857605,-0.012958300299942493,0.28735342621803284,0.38711684942245483,-0.039510179311037064,0.3034963607788086,0.38754087686538696,-0.05446417257189751,0.31970933079719543,0.43586328625679016,-0.0613585002720356
0.3331621289253235,0.7629534602165222,2.575325481757318e-07,0.4031810164451599,0.6966773271560669,-0.045583177357912064,0.46278896927833557,0.584315299987793,-0.06240396946668625,0.4399741291999817,0.4808177649974823,-0.07815729081630707,0.3701670467853546,0.44254565238952637,-0.09392783790826797,0.41161516308784485,0.43583473563194275,-0.018254119902849197,0.4253943860530853,0.2977789342403412,-0.038745153695344925,0.42749330401420593,0.21322086453437805,-0.05852954089641571,0.43056416511535645,0.13861039280891418,-0.07577644288539886,0.3558218777179718,0.43252789974212646,-0.01668756827712059,0.35076844692230225,0.3002238869667053,-0.06157989427447319,0.35850250720977783,0.3525335192680359,-0.09479120373725891,0.36750102043151855,0.4221469759941101,-0.10833291709423065,0.3057529628276825,0.45095914602279663,-0.018714820966124535,0.29036861658096313,0.3289106488227844,-0.06128896027803421,0.30416935682296753,0.36851346492767334,-0.08336089551448822,0.3157637119293213,0.44197413325309753,-0.08802781254053116,0.2569979429244995,0.48569074273109436,-0.02436094731092453,0.24634411931037903,0.3803426921367645,-0.05383793264627457,0.2638421058654785,0.3903864622116089,-0.0651085302233696,0.27773940563201904,0.4445963203907013,-0.06784050911664963
0.31756606698036194,0.7711783647537231,1.612806244111198e-07,0.3896868824958801,0.7092052698135376,-0.054764218628406525,0.44597023725509644,0.6021645069122314,-0.07723148167133331,0.41541412472724915,0.5001794695854187,-0.09795595705509186,0.34599098563194275,0.45402273535728455,-0.11834980547428131,0.4040506184101105,0.42641499638557434,-0.02415025606751442,0.4122825860977173,0.27953821420669556,-0.04761986806988716,0.4114402234554291,0.195380300283432,-0.067792147397995,0.4117804765701294,0.12163528800010681,-0.08473405987024307,0.3409477174282074,0.42563945055007935,-0.020404234528541565,0.3340636193752289,0.287695050239563,-0.06892760097980499,0.329874187707901,0.3655565083026886,-0.09960229694843292,0.33632877469062805,0.43815767765045166,-0.10923948884010315,0.28518274426460266,0.44604697823524475,-0.021619437262415886,0.27375543117523193,0.3195964992046356,-0.06874852627515793,0.27636852860450745,0.3799227178096771,-0.08651461452245712,0.2828751802444458,0.4586697816848755,-0.08578425645828247,0.23378592729568481,0.4836284816265106,-0.02723102457821369,0.2226753681898117,0.37301141023635864,-0.059999845921993256,0.2345367670059204,0.39477860927581787,-0.06785225868225098,0.24614517390727997,0.45406126976013184,-0.06609603017568588
0.31318166851997375,0.773503303527832,1.495383088467861e-07,0.388927698135376,0.7112627625465393,-0.05797432363033295,0.4527587890625,0.6030308604240417,-0.08001726865768433,0.42879539728164673,0.48887723684310913,-0.09957660734653473,0.35958579182624817,0.4328031539916992,-0.11846829205751419,0.4208340644836426,0.42855948209762573,-0.02304462529718876,0.43785691261291504,0.278464674949646,-0.04636608436703682,0.4397108256816864,0.19066733121871948,-0.06725229322910309,0.4426523745059967,0.11288157105445862,-0.085105299949646,0.35945263504981995,0.42024439573287964,-0.018065566197037697,0.35917502641677856,0.27434784173965454,-0.06683871150016785,0.35225796699523926,0.34720611572265625,-0.10078059881925583,0.35655882954597473,0.4218776524066925,-0.1131935715675354,0.3026682436466217,0.4329207241535187,-0.0184534452855587,0.2972760498523712,0.2977921664714813,-0.06719030439853668,0.29834800958633423,0.3552684783935547,-0.09020916372537613,0.30200082063674927,0.4376840889453888,-0.09312806278467178,0.2475358247756958,0.4627014398574829,-0.023451488465070724,0.2403886318206787,0.34436774253845215,-0.05840924754738808,0.25205573439598083,0.36420589685440063,-0.07063637673854828,0.2610573470592499,0.4284811317920685,-0.0722690150141716
0.30022522807121277,0.8445653915405273,2.4487363248226757e-07,0.3760729432106018,0.78652024269104,-0.053726814687252045,0.44606679677963257,0.6765455603599548,-0.0745876356959343,0.4331499934196472,0.5565227270126343,-0.09385573863983154,0.37296855449676514,0.48354220390319824,-0.11152447015047073,0.4233947992324829,0.49539220333099365,-0.015731388702988625,0.45088231563568115,0.34443116188049316,-0.038029059767723083,0.4570753574371338,0.2507980465888977,-0.058370061218738556,0.46233320236206055,0.17228218913078308,-0.0754515677690506,0.3615286946296692,0.4801614284515381,-0.011804304085671902,0.36987388134002686,0.33127087354660034,-0.06025925278663635,0.367758572101593,0.3925338387489319,-0.0944298505783081,0.36949649453163147,0.4697866141796112,-0.106856569647789,0.30285370349884033,0.48749813437461853,-0.012975665740668774,0.30371466279029846,0.34775710105895996,-0.060746192932128906,0.3076869547367096,0.39874762296676636,-0.08258926123380661,0.30777639150619507,0.4826110601425171,-0.08496887236833572,0.24370220303535461,0.5113492012023926,-0.01849777065217495,0.24540090560913086,0.39260995388031006,-0.05270923301577568,0.2602689564228058,0.4099755585193634,-0.0642065480351448,0.2683022618293762,0.47251346707344055,-0.06517855823040009
0.27658191323280334,0.880084753036499,1.8707109461502114e-07,0.3655511140823364,0.8324676752090454,-0.05219072848558426,0.44961032271385193,0.7121748924255371,-0.06667859852313995,0.45138174295425415,0.5751124024391174,-0.07930517196655273,0.38732820749282837,0.5122500658035278,-0.09108825773000717,0.4276353716850281,0.5353366732597351,-0.009134468622505665,0.4653158485889435,0.3870511054992676,-0.02532358281314373,0.4783976674079895,0.2953839600086212,-0.04406743124127388,0.4900134801864624,0.21924275159835815,-0.06181933730840683,0.3669094443321228,0.5136609077453613,-0.004703706596046686,0.3819991946220398,0.3574730157852173,-0.04845096543431282,0.3773350417613983,0.407865047454834,-0.08544918149709702,0.3740391433238983,0.4845108091831207,-0.10133083909749985,0.30850809812545776,0.5159429907798767,-0.004888089373707771,0.3118579387664795,0.37556779384613037,-0.047627076506614685,0.32013338804244995,0.4127427935600281,-0.07627860456705093,0.32095134258270264,0.4943162798881531,-0.08550515025854111,0.2469734251499176,0.5345947742462158,-0.009400052949786186,0.25336816906929016,0.41087591648101807,-0.041093792766332626,0.2705380320549011,0.42626774311065674,-0.05689046159386635,0.27803653478622437,0.49542421102523804,-0.0628231093287468
0.29876378178596497,0.8701176643371582,2.811251533785253e-07,0.3817302882671356,0.8164188265800476,-0.04622429236769676,0.4577929675579071,0.6872612833976746,-0.05837508663535118,0.4677538573741913,0.5517264008522034,-0.06962209939956665,0.41027408838272095,0.4848597049713135,-0.0802883505821228,0.4263237714767456,0.5213875770568848,-0.0038961083628237247,0.4608302116394043,0.3833051025867462,-0.01862591877579689,0.47345903515815735,0.2912619411945343,-0.036908168345689774,0.4811323881149292,0.22045761346817017,-0.05373876169323921,0.3681759536266327,0.505058765411377,-0.0013824220513924956,0.378437340259552,0.3468448221683502,-0.0412382036447525,0.38328057527542114,0.3833455443382263,-0.0770995020866394,0.38329988718032837,0.458183228969574,-0.09316534548997879,0.3130786716938019,0.5112449526786804,-0.003257145406678319,0.31559962034225464,0.3666435480117798,-0.04185815528035164,0.3330899477005005,0.38828569650650024,-0.07077530771493912,0.3371748626232147,0.4671030640602112,-0.08174221962690353,0.2540419101715088,0.5328391194343567,-0.009228616952896118,0.25713807344436646,0.40803050994873047,-0.03973882272839546,0.28212010860443115,0.407387375831604,-0.05825807526707649,0.29829737544059753,0.4670395255088806,-0.06689713895320892
0.319720059633255,0.8582486510276794,2.3436716389824142e-07,0.4006901979446411,0.802208423614502,-0.04320278763771057,0.47353318333625793,0.6677480340003967,-0.05459403991699219,0.48268839716911316,0.5317414402961731,-0.06534098833799362,0.42001986503601074,0.4776097238063812,-0.0757899060845375,0.4327293336391449,0.4999047517776489,-0.003949747420847416,0.4609798491001129,0.36174601316452026,-0.017905239015817642,0.4711965024471283,0.27308812737464905,-0.035327717661857605,0.47796058654785156,0.20690864324569702,-0.05115697160363197,0.3756525218486786,0.48894834518432617,-0.001600111136212945,0.38019460439682007,0.3375367522239685,-0.03938930481672287,0.38938820362091064,0.3767511546611786,-0.07204600423574448,0.39588409662246704,0.45137864351272583,-0.08590961247682571,0.32261666655540466,0.499676376581192,-0.0033724948298186064,0.3191497325897217,0.3588009476661682,-0.03844983130693436,0.3390792906284332,0.37752392888069153,-0.06427935510873795,0.349018931388855,0.45380306243896484,-0.07394418865442276,0.26550620794296265,0.5262061953544617,-0.009159437380731106,0.26224949955940247,0.40400266647338867,-0.036838460713624954,0.2874942421913147,0.39875489473342896,-0.05356161296367645,0.30757513642311096,0.4537888169288635,-0.061246197670698166
0.32054445147514343,0.9085512161254883,4.884832947027462e-07,0.39537760615348816,0.8303775191307068,-0.05335898697376251,0.45885780453681946,0.6864460110664368,-0.07029752433300018,0.42895662784576416,0.5665469169616699,-0.08389827609062195,0.35956424474716187,0.5197973847389221,-0.09625528752803802,0.4101569652557373,0.5256258845329285,-0.020027464255690575,0.44638386368751526,0.3719755709171295,-0.044838838279247284,0.46221423149108887,0.27441468834877014,-0.0688188374042511,0.4797242283821106,0.19440224766731262,-0.08861353248357773,0.344055712223053,0.5181452035903931,-0.01618555188179016,0.33841201663017273,0.37234413623809814,-0.06726625561714172,0.33582332730293274,0.39037463068962097,-0.10620942711830139,0.3442023694515228,0.45447981357574463,-0.12175421416759491,0.2847098112106323,0.5379732847213745,-0.017610127106308937,0.2686430811882019,0.39592140913009644,-0.0639902725815773,0.2806258797645569,0.38867902755737305,-0.09309335798025131,0.3021547496318817,0.4327373504638672,-0.10289482027292252,0.2246321141719818,0.5824249386787415,-0.023713920265436172,0.20645247399806976,0.4763844609260559,-0.06113026663661003,0.22072629630565643,0.46909695863723755,-0.07887888699769974,0.2451234608888626,0.5109686255455017,-0.08476390689611435
0.3593464493751526,0.9390789270401001,4.852258257415087e-07,0.4295477867126465,0.8467127680778503,-0.06506891548633575,0.4736022353172302,0.7012439966201782,-0.09151159971952438,0.4266909956932068,0.5928075909614563,-0.11459990590810776,0.3386613428592682,0.5525496006011963,-0.13735359907150269,0.3980482816696167,0.5292121171951294,-0.032897889614105225,0.41394105553627014,0.35823094844818115,-0.06423218548297882,0.420927494764328,0.25477904081344604,-0.0928071066737175,0.42926424741744995,0.1676773726940155,-0.11459356546401978,0.3279469311237335,0.5399428606033325,-0.02537214569747448,0.2839873135089874,0.38617122173309326,-0.0829572007060051,0.2894194424152374,0.43704813718795776,-0.12542903423309326,0.3128300905227661,0.5126550197601318,-0.14216502010822296,0.26922309398651123,0.5767899751663208,-0.023125093430280685,0.22376811504364014,0.4319216012954712,-0.07910919189453125,0.23740509152412415,0.4727303385734558,-0.10807762295007706,0.26555362343788147,0.5554175972938538,-0.1131984144449234,0.2175813615322113,0.6353331804275513,-0.025528009980916977,0.1756209284067154,0.5238455533981323,-0.06750195473432541,0.19200628995895386,0.5268350839614868,-0.08445754647254944,0.22350624203681946,0.5802846550941467,-0.08715593814849854
0.3813447058200836,0.9301056861877441,4.6044908685871633e-07,0.46068164706230164,0.8622385263442993,-0.06909428536891937,0.5190916657447815,0.7382187843322754,-0.10260903835296631,0.49634963274002075,0.6286147832870483,-0.13329732418060303,0.418863445520401,0.572238564491272,-0.1642976850271225,0.4562838673591614,0.5295898914337158,-0.04693711921572685,0.48798465728759766,0.3582765460014343,-0.08232123404741287,0.5015998482704163,0.2564464211463928,-0.11128503829240799,0.5108282566070557,0.17553988099098206,-0.13421064615249634,0.38235387206077576,0.5350964069366455,-0.04301191493868828,0.35255736112594604,0.36424320936203003,-0.10803396999835968,0.36490336060523987,0.43516087532043457,-0.15097199380397797,0.38493478298187256,0.5188496112823486,-0.16789361834526062,0.31897589564323425,0.5675055384635925,-0.04465716332197189,0.28270992636680603,0.42020952701568604,-0.103986456990242,0.3059530556201935,0.4667857885360718,-0.13379120826721191,0.3303518295288086,0.5486540198326111,-0.1411857008934021,0.263047993183136,0.6221235990524292,-0.051682837307453156,0.2374466210603714,0.5053112506866455,-0.09382495284080505,0.2611461877822876,0.5126402378082275,-0.1129349023103714,0.28680744767189026,0.5641862750053406,-0.12007804960012436
0.37002262473106384,0.9228420257568359,4.321335325130349e-07,0.4490870237350464,0.8578342199325562,-0.06417238712310791,0.5078237056732178,0.7370014786720276,-0.09535957872867584,0.4927518963813782,0.626524806022644,-0.12439794838428497,0.42186954617500305,0.5643974542617798,-0.1540795862674713,0.4511524438858032,0.5330222249031067,-0.045204948633909225,0.4839637577533722,0.3616461455821991,-0.07866612076759338,0.49780163168907166,0.25910529494285583,-0.10667606443166733,0.506719172000885,0.17730757594108582,-0.12896275520324707,0.380743145942688,0.5366950035095215,-0.04238661378622055,0.35664328932762146,0.36475563049316406,-0.1033087968826294,0.3660273253917694,0.42760178446769714,-0.1446884274482727,0.3820846378803253,0.5081765651702881,-0.16199684143066406,0.31884509325027466,0.5661945939064026,-0.04444333538413048,0.28768330812454224,0.4152688682079315,-0.09932145476341248,0.30820760130882263,0.45758622884750366,-0.1267961710691452,0.3296824097633362,0.5383452773094177,-0.1340826451778412,0.26195499300956726,0.6168897747993469,-0.05165207386016846,0.2393006831407547,0.49710559844970703,-0.09109171479940414,0.2621716856956482,0.5032357573509216,-0.10834387689828873,0.2861873507499695,0.5561726689338684,-0.11474290490150452
0.3803732693195343,0.9139310121536255,2.6007339215539105e-07,0.450842022895813,0.8499792218208313,-0.06175990775227547,0.5050408244132996,0.7243224382400513,-0.09248050302267075,0.49561429023742676,0.618726909160614,-0.12165066599845886,0.4266819357872009,0.5610518455505371,-0.15100981295108795,0.4260145425796509,0.5140200853347778,-0.03566252812743187,0.3989521861076355,0.35439056158065796,-0.06763488054275513,0.37064239382743835,0.25875765085220337,-0.09658177196979523,0.34585773944854736,0.18538671731948853,-0.11912395805120468,0.36798664927482605,0.5294632315635681,-0.03271922096610069,0.3497299253940582,0.36697816848754883,-0.09038976579904556,0.37177857756614685,0.42517179250717163,-0.13399654626846313,0.3958713412284851,0.5034138560295105,-0.15278378129005432,0.31478309631347656,0.5666691660881042,-0.0347527340054512,0.28777143359184265,0.41496336460113525,-0.08244737237691879,0.31094154715538025,0.4456064701080322,-0.11035432666540146,0.33636388182640076,0.5233153104782104,-0.11921609193086624,0.26193150877952576,0.6219004392623901,-0.04236684739589691,0.2365294098854065,0.4956923723220825,-0.07560794055461884,0.25667187571525574,0.48941683769226074,-0.09181720018386841,0.28106868267059326,0.5361002087593079,-0.09830154478549957
0.38179105520248413,0.9144883155822754,2.7863808327310835e-07,0.45290669798851013,0.8533555269241333,-0.06261757761240005,0.5078885555267334,0.7269105315208435,-0.0950615182518959,0.5032308101654053,0.6185427904129028,-0.12632045149803162,0.43746551871299744,0.5609203577041626,-0.15777958929538727,0.4329104721546173,0.5104947686195374,-0.03810800984501839,0.40856921672821045,0.35061371326446533,-0.07013608515262604,0.3845202624797821,0.2522478699684143,-0.0987689346075058,0.36248230934143066,0.17757844924926758,-0.12106836587190628,0.3745232820510864,0.5272867679595947,-0.03510816767811775,0.35612958669662476,0.3695186376571655,-0.0932227298617363,0.3768184185028076,0.42969441413879395,-0.1345662772655487,0.3989078402519226,0.507939338684082,-0.1515236645936966,0.321284681558609,0.5635590553283691,-0.03726940602064133,0.2958361804485321,0.4095327854156494,-0.08585100620985031,0.31981274485588074,0.44434890151023865,-0.11077018827199936,0.3442159593105316,0.525937557220459,-0.1171572133898735,0.26838818192481995,0.6165903806686401,-0.04529392719268799,0.244622141122818,0.4874992072582245,-0.07987239211797714,0.26530200242996216,0.4836459457874298,-0.0949806421995163,0.28873372077941895,0.5346391797065735,-0.10013996809720993
0.38299790024757385,0.9108258485794067,2.5027020456036553e-07,0.4559248685836792,0.8498986959457397,-0.059504471719264984,0.5133786201477051,0.7274839878082275,-0.08973672986030579,0.5097710490226746,0.6254584193229675,-0.11937187612056732,0.44498053193092346,0.5685917735099792,-0.14950791001319885,0.44134196639060974,0.5070114731788635,-0.03239172324538231,0.4241684079170227,0.34927481412887573,-0.06130778044462204,0.40358832478523254,0.2558283507823944,-0.08836322277784348,0.38632631301879883,0.18298891186714172,-0.11019498109817505,0.38263848423957825,0.523232102394104,-0.03022759221494198,0.3665836453437805,0.37035244703292847,-0.08558053523302078,0.38512659072875977,0.43122589588165283,-0.1276797354221344,0.4080146551132202,0.5095546841621399,-0.1462731957435608,0.32776135206222534,0.5599434971809387,-0.0330093614757061,0.30324116349220276,0.4052369296550751,-0.07963962852954865,0.3231765031814575,0.43838566541671753,-0.10652188211679459,0.34595561027526855,0.518593966960907,-0.1152983158826828,0.2736014127731323,0.614339292049408,-0.041246384382247925,0.25128310918807983,0.4880160987377167,-0.07494661211967468,0.27025988698005676,0.48439380526542664,-0.09125310182571411,0.2930554151535034,0.5342321991920471,-0.09799298644065857
0.38852784037590027,0.9113591313362122,2.255059712297225e-07,0.4642559289932251,0.8562141060829163,-0.057583071291446686,0.5260963439941406,0.7387042045593262,-0.08652980625629425,0.5280339121818542,0.6340427398681641,-0.11525566875934601,0.4663485288619995,0.5733800530433655,-0.14441485702991486,0.46407684683799744,0.5188441276550293,-0.03200167417526245,0.4566079080104828,0.3582038879394531,-0.06293929368257523,0.4410504996776581,0.2600276470184326,-0.09067407995462418,0.42637547850608826,0.18499153852462769,-0.11242789775133133,0.40496209263801575,0.5271927714347839,-0.0317283533513546,0.39404767751693726,0.3633527457714081,-0.0899582952260971,0.41134095191955566,0.4256730377674103,-0.13260845839977264,0.43124741315841675,0.5096667408943176,-0.1503012329339981,0.3497633635997772,0.5577878355979919,-0.03614630922675133,0.3309674859046936,0.4044552147388458,-0.08475492894649506,0.3529890477657318,0.4398092031478882,-0.11208675056695938,0.37474045157432556,0.5225763916969299,-0.1201380118727684,0.2941840887069702,0.6061170101165771,-0.04585739225149155,0.2766844630241394,0.47755852341651917,-0.079842709004879,0.2988353371620178,0.47471556067466736,-0.09605424106121063,0.3218921422958374,0.5269544720649719,-0.10233395546674728
0.3910178244113922,0.9006205797195435,3.0771863634981855e-07,0.4722519814968109,0.8411808013916016,-0.05228821188211441,0.5390845537185669,0.7118193507194519,-0.07586105912923813,0.5422801971435547,0.5876875519752502,-0.09887763112783432,0.47368907928466797,0.5380350947380066,-0.12162058055400848,0.4683631658554077,0.5123192071914673,-0.021851934492588043,0.46346139907836914,0.3533529043197632,-0.04799028858542442,0.45036056637763977,0.2512984275817871,-0.07234448194503784,0.4379298686981201,0.17600750923156738,-0.09168210625648499,0.41324082016944885,0.5150576829910278,-0.021410595625638962,0.40699997544288635,0.3451065421104431,-0.07462745159864426,0.4282219111919403,0.39304760098457336,-0.11299116164445877,0.44922998547554016,0.47900715470314026,-0.1268489807844162,0.36199504137039185,0.5383433103561401,-0.025372331961989403,0.3495035469532013,0.3877488970756531,-0.06875382363796234,0.37497907876968384,0.4115651845932007,-0.0926356241106987,0.3971896171569824,0.49154654145240784,-0.0981694832444191,0.306102991104126,0.5792987942695618,-0.0345446951687336,0.29250940680503845,0.4550352394580841,-0.06453860551118851,0.31863313913345337,0.4457845687866211,-0.07884639501571655,0.34443992376327515,0.4947561025619507,-0.08350662142038345
0.39873015880584717,0.8907991647720337,3.4676895666052587e-07,0.48072126507759094,0.8326472043991089,-0.04890722781419754,0.5514613389968872,0.7027219533920288,-0.07085816562175751,0.5652912855148315,0.5805081725120544,-0.09314583241939545,0.5064229965209961,0.51329505443573,-0.11565683782100677,0.4879452586174011,0.5172266960144043,-0.017919212579727173,0.49217379093170166,0.35529136657714844,-0.043336957693099976,0.48349130153656006,0.2545139491558075,-0.06927391141653061,0.4734979569911957,0.18271031975746155,-0.09034105390310287,0.43457329273223877,0.513912558555603,-0.018749630078673363,0.43742358684539795,0.34495294094085693,-0.07451366633176804,0.464925080537796,0.38429147005081177,-0.12095639854669571,0.48765355348587036,0.47241300344467163,-0.1413147896528244,0.3828529417514801,0.5309481024742126,-0.023378772661089897,0.37308359146118164,0.3731735348701477,-0.065152108669281,0.4060307443141937,0.38704943656921387,-0.0963846892118454,0.433003306388855,0.46552741527557373,-0.10899967700242996,0.3282581865787506,0.5677656531333923,-0.032782092690467834,0.3157728612422943,0.44468533992767334,-0.06151275336742401,0.34549057483673096,0.4263814091682434,-0.08129197359085083,0.3753821551799774,0.4675421416759491,-0.09171979129314423
0.39274585247039795,0.887199878692627,3.4678399174481456e-07,0.4799039661884308,0.8318847417831421,-0.051049359142780304,0.5528801679611206,0.7030576467514038,-0.07036015391349792,0.5659470558166504,0.5806654095649719,-0.08924931287765503,0.5099814534187317,0.5117745995521545,-0.10858654230833054,0.4896380305290222,0.5204782485961914,-0.014807716012001038,0.49793699383735657,0.3662675619125366,-0.03835473582148552,0.4913865327835083,0.26518169045448303,-0.06619797646999359,0.48413220047950745,0.1929270625114441,-0.0898178368806839,0.43735119700431824,0.5159098505973816,-0.013953239656984806,0.44098949432373047,0.34708380699157715,-0.06703810393810272,0.4634370505809784,0.3747241497039795,-0.11904588341712952,0.4833402633666992,0.45505350828170776,-0.1459588259458542,0.385882169008255,0.5305398106575012,-0.017193404957652092,0.379990816116333,0.37645578384399414,-0.05849342420697212,0.40793097019195557,0.377513587474823,-0.09984979778528214,0.43043094873428345,0.453230082988739,-0.1212068721652031,0.3311716318130493,0.5638275146484375,-0.02510300651192665,0.32335853576660156,0.44204089045524597,-0.05519004911184311,0.3506251871585846,0.4175882935523987,-0.08287820965051651,0.37808316946029663,0.4569183588027954,-0.10070230066776276
0.39597445726394653,0.8843221664428711,3.8284508718788857e-07,0.4841468632221222,0.8300034999847412,-0.049608975648880005,0.5592790246009827,0.7030860185623169,-0.06761229038238525,0.5758635997772217,0.5741690397262573,-0.0851663202047348,0.5167367458343506,0.5138354301452637,-0.10297378897666931,0.49795815348625183,0.5208728313446045,-0.010677366517484188,0.5115880370140076,0.36993032693862915,-0.03079882450401783,0.5070940256118774,0.27104508876800537,-0.05579816922545433,0.5032634735107422,0.19544023275375366,-0.07821221649646759,0.4463297128677368,0.5123788714408875,-0.010204820893704891,0.4531317353248596,0.34362339973449707,-0.06084635853767395,0.47503092885017395,0.3733007311820984,-0.10993911325931549,0.4950500726699829,0.4536300599575043,-0.13438108563423157,0.3956732153892517,0.5245794057846069,-0.013653184287250042,0.3964904844760895,0.37352490425109863,-0.053867872804403305,0.42448413372039795,0.377577006816864,-0.0924220085144043,0.44565820693969727,0.453350692987442,-0.1111062690615654,0.34147214889526367,0.5560850501060486,-0.021756239235401154,0.3401362895965576,0.43663185834884644,-0.050453703850507736,0.3672724962234497,0.4111272692680359,-0.07610971480607986,0.39255958795547485,0.4478744566440582,-0.09221799671649933
0.44875532388687134,0.8820421695709229,3.4648084579202987e-07,0.5375764966011047,0.8089600801467896,-0.038207344710826874,0.6055612564086914,0.6711129546165466,-0.050625670701265335,0.6102532744407654,0.5353162884712219,-0.06483954936265945,0.5405004620552063,0.49825820326805115,-0.0790075808763504,0.5219030380249023,0.4997912347316742,0.002794889733195305,0.5174471139907837,0.3535533547401428,-0.014027983881533146,0.508380115032196,0.2570774257183075,-0.03589445725083351,0.4986894726753235,0.1832931935787201,-0.05553363636136055,0.4708382487297058,0.49935561418533325,-0.0009108498925343156,0.45545703172683716,0.3415057063102722,-0.045072779059410095,0.490362286567688,0.36235862970352173,-0.08400698751211166,0.518441379070282,0.4396182894706726,-0.10147436708211899,0.4239354729652405,0.5184900164604187,-0.008573103696107864,0.40653735399246216,0.3732810616493225,-0.04418475180864334,0.4479926824569702,0.375077486038208,-0.0717560350894928,0.4790233373641968,0.4451419413089752,-0.08263793587684631,0.37163862586021423,0.5558245182037354,-0.020832298323512077,0.3560909330844879,0.43434321880340576,-0.04772503674030304,0.38891226053237915,0.41063016653060913,-0.06682140380144119,0.42129045724868774,0.4467141628265381,-0.07697734236717224
0.5207183957099915,0.9101566076278687,3.640779482338985e-07,0.6158966422080994,0.8372863531112671,-0.037878718227148056,0.6867495775222778,0.6973815560340881,-0.05042107775807381,0.6873590350151062,0.5650750398635864,-0.06444774568080902,0.6144028306007385,0.5462021827697754,-0.07927976548671722,0.5983175039291382,0.5184044241905212,-0.0029732100665569305,0.5925576686859131,0.3683135509490967,-0.018999727442860603,0.5848216414451599,0.2677652835845947,-0.040552206337451935,0.5754270553588867,0.18985867500305176,-0.06006166711449623,0.5470354557037354,0.5202346444129944,-0.006436476018279791,0.5296542048454285,0.36376577615737915,-0.045219536870718,0.5681754946708679,0.3772221505641937,-0.08088118582963943,0.596123456954956,0.44803908467292786,-0.09779675304889679,0.4998183250427246,0.5443907976150513,-0.013306398876011372,0.4829915761947632,0.3975452184677124,-0.04650683328509331,0.5282045006752014,0.40065711736679077,-0.07037293910980225,0.5593945384025574,0.47272324562072754,-0.07923740893602371,0.4478226900100708,0.5871497392654419,-0.0246904119849205,0.42973676323890686,0.45956212282180786,-0.05177715793251991,0.4663934111595154,0.4409952163696289,-0.06743261218070984,0.5004481077194214,0.487676739692688,-0.07441657781600952
0.5618960857391357,0.9259852170944214,3.6020560401084367e-07,0.6578857898712158,0.8652033805847168,-0.037221796810626984,0.7345199584960938,0.7308877110481262,-0.053714264184236526,0.7642126083374023,0.6020793914794922,-0.07309122383594513,0.7042585015296936,0.5499669313430786,-0.09276943653821945,0.65190190076828,0.5325317978858948,-0.0014270292595028877,0.647182047367096,0.3756648898124695,-0.02021390199661255,0.6442025899887085,0.27700531482696533,-0.042178500443696976,0.6365556716918945,0.20228728652000427,-0.06148557364940643,0.5991921424865723,0.53426593542099,-0.007642937358468771,0.5914742946624756,0.3675597906112671,-0.05518587678670883,0.6368129849433899,0.4071877598762512,-0.09255526959896088,0.6680481433868408,0.49177223443984985,-0.10761790722608566,0.5495232939720154,0.5554713606834412,-0.017587954178452492,0.538148045539856,0.3988937735557556,-0.0545058473944664,0.5865799784660339,0.41939395666122437,-0.0757124125957489,0.6171822547912598,0.49651169776916504,-0.08148743212223053,0.49637192487716675,0.5945728421211243,-0.03228365629911423,0.4861752986907959,0.46583157777786255,-0.05905138701200485,0.5248187780380249,0.4502614140510559,-0.0734189823269844,0.5580363273620605,0.4915687143802643,-0.07956031709909439
0.5754608511924744,0.932387113571167,4.094923724551336e-07,0.6741935014724731,0.8691868782043457,-0.03840842470526695,0.7469977140426636,0.7398103475570679,-0.05686097592115402,0.7711377143859863,0.6120492815971375,-0.07855072617530823,0.707811713218689,0.5594809651374817,-0.10067839920520782,0.6666602492332458,0.5386163592338562,0.0007484062807634473,0.6662843823432922,0.3850695788860321,-0.017047110944986343,0.6624802947044373,0.2855047285556793,-0.038151536136865616,0.6555063128471375,0.20985177159309387,-0.057105403393507004,0.6132912039756775,0.5393255352973938,-0.0057113696821033955,0.6070364713668823,0.36630430817604065,-0.05230189114809036,0.6466115713119507,0.4084491431713104,-0.08899875730276108,0.6752886772155762,0.4929034113883972,-0.10320107638835907,0.5628238320350647,0.5597967505455017,-0.016051042824983597,0.5534688830375671,0.40176838636398315,-0.053263597190380096,0.6006786823272705,0.4245345890522003,-0.07429229468107224,0.6298102140426636,0.5049454569816589,-0.0794081836938858,0.5086693167686462,0.5991283655166626,-0.031140320003032684,0.5016591548919678,0.46869462728500366,-0.058427631855010986,0.5406014919281006,0.4569758176803589,-0.07213588804006577,0.5724976062774658,0.5036443471908569,-0.07742352783679962
0.5592533349990845,0.932257890701294,3.828913861525507e-07,0.6578768491744995,0.8738699555397034,-0.03909749910235405,0.7332863807678223,0.7435601949691772,-0.05754270404577255,0.7592397332191467,0.6159011125564575,-0.0791524201631546,0.6978462338447571,0.5637483596801758,-0.10120568424463272,0.6580463647842407,0.5402926206588745,-0.003621811745688319,0.6578154563903809,0.3866428732872009,-0.023374482989311218,0.6555823683738708,0.28589409589767456,-0.04504427686333656,0.6500915884971619,0.21001234650611877,-0.0641535073518753,0.6043028831481934,0.540128767490387,-0.010167829692363739,0.6005089282989502,0.3699806034564972,-0.05963393300771713,0.6414069533348083,0.4143691658973694,-0.0968564972281456,0.6696704626083374,0.5015896558761597,-0.11096272617578506,0.5536106824874878,0.5600398778915405,-0.02060845121741295,0.546945333480835,0.40285810828208923,-0.060246292501688004,0.5948861837387085,0.42911386489868164,-0.08147773891687393,0.6235904097557068,0.5125901103019714,-0.08613196015357971,0.4992257356643677,0.5985190272331238,-0.03589288145303726,0.4930594265460968,0.46900853514671326,-0.06486224383115768,0.5312982797622681,0.45611077547073364,-0.07992677390575409,0.5625922083854675,0.5018682479858398,-0.08593983948230743
0.5448185801506042,0.9274934530258179,3.5833269862450834e-07,0.6432255506515503,0.8693798780441284,-0.03906373679637909,0.7193196415901184,0.7385432124137878,-0.056204650551080704,0.7440898418426514,0.6093907952308655,-0.07576225697994232,0.6827291250228882,0.5529804825782776,-0.09564468264579773,0.64714115858078,0.5387629270553589,-0.00487748347222805,0.6482604742050171,0.38360103964805603,-0.024736126884818077,0.6472131609916687,0.28361251950263977,-0.04685897007584572,0.6437000036239624,0.2080521583557129,-0.06601577252149582,0.5942100286483765,0.5369998216629028,-0.010263207368552685,0.591096818447113,0.3672849237918854,-0.05871150642633438,0.6310744881629944,0.4076438546180725,-0.09666331112384796,0.6587480306625366,0.4942420721054077,-0.1116514503955841,0.5442265868186951,0.5560377836227417,-0.019315682351589203,0.5379020571708679,0.39906975626945496,-0.05766848474740982,0.5830504298210144,0.4206838607788086,-0.08015161007642746,0.6102244853973389,0.5018730163574219,-0.08617965131998062,0.4895853102207184,0.5933281779289246,-0.032972630113363266,0.4823259711265564,0.4640062153339386,-0.061247024685144424,0.5193847417831421,0.4509057402610779,-0.07646656036376953,0.5500643849372864,0.49670547246932983,-0.08262531459331512
0.5468865036964417,0.9294679760932922,3.650048938652617e-07,0.6440859436988831,0.8666098713874817,-0.04112369194626808,0.7182247638702393,0.7358866930007935,-0.05956697091460228,0.7404237985610962,0.6065242886543274,-0.08076392114162445,0.6783355474472046,0.5466575026512146,-0.10202328115701675,0.6468515396118164,0.5351741313934326,-0.0001201870254590176,0.6474785804748535,0.3829503357410431,-0.0196602214127779,0.6430264115333557,0.2838824987411499,-0.04226561635732651,0.637733519077301,0.20831137895584106,-0.06228091940283775,0.5922155976295471,0.5326704978942871,-0.005133811384439468,0.5879407525062561,0.36490264534950256,-0.05590297281742096,0.6259661316871643,0.41064268350601196,-0.09650906920433044,0.6548478603363037,0.49955224990844727,-0.11281662434339523,0.540668785572052,0.5513626933097839,-0.014273475855588913,0.5329996347427368,0.39611920714378357,-0.053817082196474075,0.5769687294960022,0.42100924253463745,-0.07813835889101028,0.6057994365692139,0.5043473243713379,-0.08516281098127365,0.48570716381073,0.5899115800857544,-0.028377393260598183,0.4764114022254944,0.4639686942100525,-0.056446291506290436,0.5124812722206116,0.448488712310791,-0.07312243431806564,0.5447881817817688,0.4906085431575775,-0.08066681027412415
0.5506304502487183,0.8188474774360657,4.907426500722067e-07,0.6351032853126526,0.7467398047447205,-0.02868971973657608,0.7015261054039001,0.6384115815162659,-0.04434521123766899,0.7331154346466064,0.5344631671905518,-0.06364423036575317,0.6935864686965942,0.4733719229698181,-0.08270125836133957,0.6286802887916565,0.4623979926109314,-0.0009467349736951292,0.6295137405395508,0.3117445111274719,-0.02050144039094448,0.635874330997467,0.2184232771396637,-0.03970283269882202,0.6358333826065063,0.14470252394676208,-0.05422348156571388,0.5848450660705566,0.4599629044532776,-0.00800857599824667,0.5897908806800842,0.3042002320289612,-0.04911661148071289,0.6321566104888916,0.33916935324668884,-0.0763954147696495,0.6509873867034912,0.41640979051589966,-0.08450300246477127,0.5403187870979309,0.47528377175331116,-0.018527647480368614,0.5386953353881836,0.32614463567733765,-0.05104609578847885,0.5824401378631592,0.35129356384277344,-0.06167156994342804,0.6024367809295654,0.42682281136512756,-0.059491924941539764,0.49095556139945984,0.5034823417663574,-0.03296930715441704,0.487566202878952,0.37974312901496887,-0.056370966136455536,0.5267767906188965,0.37717828154563904,-0.06208765134215355,0.553962230682373,0.42743730545043945,-0.06010108068585396
0.4510776996612549,0.7238184213638306,2.1404694905413635e-07,0.5307801365852356,0.6540374159812927,-0.024650385603308678,0.5966337323188782,0.5503097176551819,-0.03967871144413948,0.6171844601631165,0.4540367126464844,-0.057951636612415314,0.5681921243667603,0.4375031590461731,-0.07717030495405197,0.5202370285987854,0.3703751564025879,-0.007622687611728907,0.5158041715621948,0.23428398370742798,-0.025951741263270378,0.5191401839256287,0.15295815467834473,-0.045427028089761734,0.5173294544219971,0.08373504877090454,-0.06216203048825264,0.47483524680137634,0.3819712698459625,-0.0165410079061985,0.47264912724494934,0.24927487969398499,-0.052689261734485626,0.5099880695343018,0.2977975606918335,-0.07641921937465668,0.5244497060775757,0.363204687833786,-0.08553384244441986,0.4321909546852112,0.40919291973114014,-0.027666965499520302,0.4229639172554016,0.2835922837257385,-0.058922287076711655,0.4653782844543457,0.32456785440444946,-0.06516671925783157,0.4821619391441345,0.39219459891319275,-0.062144625931978226,0.38702237606048584,0.44851207733154297,-0.04212512820959091,0.37973326444625854,0.3361890912055969,-0.06480737775564194,0.41735321283340454,0.3539546728134155,-0.06575517356395721,0.44016164541244507,0.4099196791648865,-0.06201854348182678
0.3973221778869629,0.7034180760383606,2.256839621850304e-07,0.46770673990249634,0.6397161483764648,-0.024093996733427048,0.5246506929397583,0.5634830594062805,-0.03804020956158638,0.525935173034668,0.4835779070854187,-0.054345570504665375,0.48098140954971313,0.4533044993877411,-0.07161915302276611,0.47450488805770874,0.42461854219436646,-0.011161129921674728,0.48738494515419006,0.3038567304611206,-0.03085063397884369,0.49431103467941284,0.2310084104537964,-0.04804270714521408,0.4993966817855835,0.1695287525653839,-0.06157881021499634,0.4321211576461792,0.42192143201828003,-0.01761048473417759,0.4295152425765991,0.29977869987487793,-0.05575340986251831,0.4536983370780945,0.33202168345451355,-0.08001507073640823,0.46851620078086853,0.39608919620513916,-0.08846458047628403,0.3931378424167633,0.4372525215148926,-0.026156911626458168,0.381573349237442,0.32479536533355713,-0.05515941232442856,0.4081893861293793,0.3471631407737732,-0.06600560247898102,0.42642349004745483,0.40679502487182617,-0.0663827657699585,0.35226142406463623,0.46688538789749146,-0.0377984344959259,0.34182485938072205,0.38058289885520935,-0.05639110133051872,0.36646026372909546,0.3739522099494934,-0.06309343129396439,0.3888111710548401,0.4029998779296875,-0.06446431577205658
0.37830597162246704,0.7126200795173645,1.811652623473492e-07,0.44361475110054016,0.6628087162971497,-0.027817191556096077,0.4943903684616089,0.5868960022926331,-0.04225921258330345,0.4964187741279602,0.5072377324104309,-0.05752884969115257,0.4529450237751007,0.4749070107936859,-0.0732344537973404,0.4504382610321045,0.45594656467437744,-0.018336249515414238,0.46026307344436646,0.3440065383911133,-0.03732043877243996,0.46558138728141785,0.27596497535705566,-0.05234983563423157,0.4694419503211975,0.2195240557193756,-0.06400617212057114,0.41034653782844543,0.4529414176940918,-0.021708853542804718,0.4076269865036011,0.34039705991744995,-0.05716954171657562,0.4279448091983795,0.37569957971572876,-0.07704716920852661,0.44054898619651794,0.4337626099586487,-0.08272624760866165,0.3731429874897003,0.46755871176719666,-0.02722943387925625,0.3649897575378418,0.3665047287940979,-0.05578860640525818,0.3880595564842224,0.39204835891723633,-0.06456436961889267,0.40234503149986267,0.4471176266670227,-0.06353398412466049,0.33422136306762695,0.4936988353729248,-0.03579265996813774,0.32672345638275146,0.4095606803894043,-0.05465855076909065,0.3484657108783722,0.40956154465675354,-0.0595969520509243,0.3659733831882477,0.4424261450767517,-0.059336140751838684
0.35882309079170227,0.7268010973930359,1.4672730230813613e-07,0.4207073450088501,0.6897722482681274,-0.023168958723545074,0.46634605526924133,0.6130971312522888,-0.029171083122491837,0.4688766300678253,0.5345213413238525,-0.035622596740722656,0.43204760551452637,0.5017498135566711,-0.04242696613073349,0.434237003326416,0.5081892609596252,-0.004793433006852865,0.4473852217197418,0.4144168794155121,-0.016482511535286903,0.45222368836402893,0.3537348210811615,-0.028664331883192062,0.45640695095062256,0.3070441782474518,-0.039308249950408936,0.3987753689289093,0.5008600950241089,-0.005341018084436655,0.3956947326660156,0.4051387906074524,-0.032362304627895355,0.40921375155448914,0.42205485701560974,-0.052666645497083664,0.419631689786911,0.47095736861228943,-0.06131348758935928,0.3659204840660095,0.5092533230781555,-0.008135952986776829,0.35877254605293274,0.4193655550479889,-0.030927080661058426,0.37553685903549194,0.4278680980205536,-0.04462144896388054,0.3879848122596741,0.47522351145744324,-0.049298323690891266,0.3315340280532837,0.5284432768821716,-0.013469702564179897,0.3256571292877197,0.46007782220840454,-0.03106711618602276,0.34302324056625366,0.45073390007019043,-0.04177774861454964,0.3597105145454407,0.4753546118736267,-0.047077544033527374
0.3384683430194855,0.7483667731285095,1.6322422879966325e-07,0.39693138003349304,0.7112354040145874,-0.01787259615957737,0.4363361597061157,0.6365332007408142,-0.021886568516492844,0.4355621337890625,0.5639348030090332,-0.026195364072918892,0.4002331793308258,0.5442631840705872,-0.031406380236148834,0.4012916088104248,0.539226770401001,-0.006834862753748894,0.41254863142967224,0.45207828283309937,-0.016214575618505478,0.41795146465301514,0.3956286311149597,-0.02648105099797249,0.4211062788963318,0.35071811079978943,-0.03587206453084946,0.368656724691391,0.5343685150146484,-0.008664410561323166,0.3632676899433136,0.4437318444252014,-0.030529728159308434,0.37937793135643005,0.4584248661994934,-0.046381302177906036,0.38984280824661255,0.5027514696121216,-0.05263444036245346,0.3383485972881317,0.5452672243118286,-0.011796236038208008,0.3314472436904907,0.45984330773353577,-0.030651599168777466,0.3510023057460785,0.46750694513320923,-0.04035085067152977,0.3635135889053345,0.5095235109329224,-0.04264470934867859,0.3064952492713928,0.5664834976196289,-0.016860850155353546,0.298444926738739,0.49724626541137695,-0.03274327889084816,0.3170085549354553,0.4882230758666992,-0.04031819850206375,0.33387818932533264,0.5118163824081421,-0.043033964931964874
0.3186485469341278,0.783828854560852,1.2838489737987402e-07,0.3744737207889557,0.7470942139625549,-0.019325511530041695,0.41075754165649414,0.6747445464134216,-0.022926829755306244,0.4095943570137024,0.6065077185630798,-0.026831137016415596,0.37802791595458984,0.5822783708572388,-0.03149228170514107,0.3802761435508728,0.5818681120872498,-0.004932665731757879,0.39086371660232544,0.4971581697463989,-0.014994196593761444,0.39554017782211304,0.44426247477531433,-0.025760339573025703,0.3996601402759552,0.40331798791885376,-0.03498651459813118,0.3472202718257904,0.578626811504364,-0.005198703613132238,0.34289851784706116,0.4961744546890259,-0.027579348534345627,0.354667067527771,0.5081201195716858,-0.04468262195587158,0.36459773778915405,0.5483616590499878,-0.051945511251688004,0.3164854645729065,0.589520275592804,-0.007379892282187939,0.3084040582180023,0.5103714466094971,-0.026761267334222794,0.3219507932662964,0.5135043859481812,-0.03856426849961281,0.33330482244491577,0.5516515970230103,-0.042358893901109695,0.2852840721607208,0.6101071834564209,-0.011577791534364223,0.2791197896003723,0.5479838252067566,-0.02723870985209942,0.29338720440864563,0.5367626547813416,-0.03626096248626709,0.30830511450767517,0.556034505367279,-0.04023859277367592
0.31375810503959656,0.8092033863067627,1.720395346183068e-07,0.36742380261421204,0.7730802297592163,-0.020481346175074577,0.4044835567474365,0.7048425078392029,-0.025467893108725548,0.404507577419281,0.6370652318000793,-0.030606163665652275,0.3713056445121765,0.6088785529136658,-0.03627263382077217,0.37165573239326477,0.6192564964294434,-0.00464435201138258,0.3817828893661499,0.537029504776001,-0.015048603527247906,0.3868441581726074,0.4838370084762573,-0.02705666609108448,0.39086291193962097,0.44401130080223083,-0.037408582866191864,0.34115317463874817,0.6144196391105652,-0.004273196682333946,0.33549919724464417,0.5348737835884094,-0.026855843141674995,0.35032275319099426,0.5431615114212036,-0.046267006546258926,0.3627626299858093,0.5820762515068054,-0.05603599175810814,0.3121919333934784,0.622672438621521,-0.005910038482397795,0.30361002683639526,0.5429284572601318,-0.02499767579138279,0.3195132315158844,0.5428004860877991,-0.039532531052827835,0.33253049850463867,0.5820929408073425,-0.046281151473522186,0.2815493047237396,0.6403730511665344,-0.009648031555116177,0.2742624580860138,0.5803971886634827,-0.026264334097504616,0.28957054018974304,0.5686602592468262,-0.03825668618083,0.3055567741394043,0.5896643996238708,-0.04495665431022644
0.3208927512168884,0.8103012442588806,1.9840537390791724e-07,0.3750007450580597,0.7771415114402771,-0.01935059204697609,0.4118315279483795,0.7101983428001404,-0.024384593591094017,0.4142388701438904,0.6436778903007507,-0.029675081372261047,0.38279733061790466,0.6196517944335938,-0.03538591414690018,0.37858593463897705,0.624853789806366,-0.003217080608010292,0.3901236951351166,0.5468605756759644,-0.013720599934458733,0.39508765935897827,0.4941454231739044,-0.025083310902118683,0.39863622188568115,0.45495423674583435,-0.03477327525615692,0.3486499488353729,0.6203052401542664,-0.004157672170549631,0.3455488979816437,0.5370726585388184,-0.02851647511124611,0.36063092947006226,0.5485793352127075,-0.04774976521730423,0.37275242805480957,0.590451717376709,-0.055909816175699234,0.32086968421936035,0.6286142468452454,-0.007009278982877731,0.31509920954704285,0.5528343319892883,-0.02717437408864498,0.3333100378513336,0.552528977394104,-0.04099764674901962,0.34801480174064636,0.5879771709442139,-0.04619729146361351,0.29063862562179565,0.6457489132881165,-0.011893092654645443,0.2851543128490448,0.5870389938354492,-0.027815084904432297,0.30143046379089355,0.5735659003257751,-0.03855050355195999,0.3185250759124756,0.5898337364196777,-0.04407031834125519
0.33589187264442444,0.8118916749954224,1.7734596724494622e-07,0.38983726501464844,0.7813866138458252,-0.016287507489323616,0.4274914860725403,0.7132871747016907,-0.018978187814354897,0.4343079626560211,0.6464099884033203,-0.02230755053460598,0.4038180708885193,0.6256296038627625,-0.026049016043543816,0.3980291783809662,0.6327024698257446,-0.0002799872017931193,0.40890949964523315,0.5569758415222168,-0.008822938427329063,0.41530025005340576,0.5058042407035828,-0.018912235274910927,0.42046883702278137,0.46738094091415405,-0.027774332091212273,0.36954405903816223,0.6269413232803345,-0.0017392064910382032,0.3686433732509613,0.5482329726219177,-0.023159395903348923,0.38290682435035706,0.5560135245323181,-0.04014519974589348,0.3922404944896698,0.5945282578468323,-0.047253575176000595,0.3420634865760803,0.6331300139427185,-0.004903143271803856,0.33922675251960754,0.5587694048881531,-0.022785164415836334,0.35647210478782654,0.5585612058639526,-0.0348658449947834,0.36809298396110535,0.5938848853111267,-0.03922237083315849,0.31221264600753784,0.6475452184677124,-0.009931662119925022,0.308790385723114,0.5891733169555664,-0.024556757882237434,0.3247939348220825,0.5763647556304932,-0.034163158386945724,0.3397795259952545,0.5933500528335571,-0.038979217410087585
0.3529832065105438,0.8193237781524658,1.6328937135767774e-07,0.4050893485546112,0.7916329503059387,-0.01888294145464897,0.442119300365448,0.7276058197021484,-0.023160483688116074,0.4480801522731781,0.6608631610870361,-0.027754954993724823,0.4168638586997986,0.6398859024047852,-0.032708682119846344,0.4121679365634918,0.6465975046157837,-0.001888076076284051,0.4225325882434845,0.5728707313537598,-0.010448288172483444,0.4278673529624939,0.5244749784469604,-0.02065974287688732,0.4321209192276001,0.4870474338531494,-0.02996053732931614,0.3846048414707184,0.6406647562980652,-0.0024792985059320927,0.3831511437892914,0.5639277100563049,-0.024788089096546173,0.39841508865356445,0.5772169828414917,-0.0428636334836483,0.4085332751274109,0.6173621416091919,-0.050904568284749985,0.3580157458782196,0.6456330418586731,-0.0049177235923707485,0.3553328216075897,0.5737231969833374,-0.023668963462114334,0.3733313977718353,0.578688383102417,-0.03717409819364548,0.38438549637794495,0.6160829067230225,-0.04254864156246185,0.3285858631134033,0.6582413911819458,-0.009373275563120842,0.32537007331848145,0.6021888256072998,-0.024440618231892586,0.34197762608528137,0.5938868522644043,-0.035110000520944595,0.35642117261886597,0.6137509346008301,-0.04094715416431427
0.3552249073982239,0.8476787805557251,1.551794781562421e-07,0.40590789914131165,0.8200300931930542,-0.015973133966326714,0.44352710247039795,0.7586228251457214,-0.01930190995335579,0.45223841071128845,0.6943480968475342,-0.023595070466399193,0.4243299961090088,0.6738811135292053,-0.02821582742035389,0.4137446880340576,0.6832165122032166,0.0027589306700974703,0.4234525263309479,0.6159171462059021,-0.0033406740985810757,0.42958933115005493,0.5720008015632629,-0.012044403702020645,0.4342684745788574,0.5369981527328491,-0.02061839960515499,0.3894672095775604,0.6763583421707153,0.0011012786999344826,0.39129137992858887,0.6046262383460999,-0.018099147826433182,0.4077896177768707,0.6162700057029724,-0.03470681607723236,0.4169599413871765,0.6523954272270203,-0.042487382888793945,0.3654257655143738,0.6796009540557861,-0.002401171950623393,0.3655075132846832,0.6102755069732666,-0.01885928213596344,0.3861238956451416,0.6156008243560791,-0.03125113248825073,0.39777541160583496,0.6510317921638489,-0.03648299351334572,0.3379749357700348,0.690064013004303,-0.00784269254654646,0.33879727125167847,0.6332260370254517,-0.021170008927583694,0.3572661280632019,0.6253620386123657,-0.030859868973493576,0.37206196784973145,0.6448846459388733,-0.03653661534190178
0.36195701360702515,0.8516253232955933,2.0912932541250484e-07,0.41104137897491455,0.8275818824768066,-0.016995659098029137,0.44705528020858765,0.7688901424407959,-0.021234894171357155,0.45649492740631104,0.7043518424034119,-0.026181166991591454,0.427960067987442,0.6814212799072266,-0.031529251486063004,0.4182788133621216,0.6908423900604248,0.0016871453262865543,0.4290940463542938,0.6263781785964966,-0.0039419932290911674,0.4357795715332031,0.5832206010818481,-0.012117741629481316,0.4392925500869751,0.5490624308586121,-0.020271671935915947,0.3943817913532257,0.6840838193893433,0.0007907149265520275,0.39428144693374634,0.6124768257141113,-0.015666022896766663,0.4103942811489105,0.6227136254310608,-0.03028043732047081,0.4191083610057831,0.65548175573349,-0.03719775378704071,0.3707336485385895,0.6877911686897278,-0.002049983013421297,0.3682022988796234,0.6202870607376099,-0.01727466657757759,0.3887738883495331,0.6260937452316284,-0.027591828256845474,0.3996143639087677,0.660233199596405,-0.03151249513030052,0.34357818961143494,0.698943555355072,-0.006917873397469521,0.34585288166999817,0.6442132592201233,-0.020404847338795662,0.36422473192214966,0.6376412510871887,-0.02897987700998783,0.3775840401649475,0.657378613948822,-0.03350266069173813
0.3559524118900299,0.8540503978729248,1.7443699107388966e-07,0.40410733222961426,0.8255012631416321,-0.015261227265000343,0.4370901584625244,0.7652912735939026,-0.017608294263482094,0.442394495010376,0.703252375125885,-0.0206250362098217,0.41503989696502686,0.6812548041343689,-0.024067405611276627,0.40937721729278564,0.6962298154830933,0.00324357021600008,0.4179932475090027,0.6330797076225281,-0.0023545122239738703,0.4225316047668457,0.591090202331543,-0.010948079638183117,0.4255608320236206,0.5577019453048706,-0.019413737580180168,0.3857310712337494,0.6897130012512207,0.0023237862624228,0.3845621347427368,0.6203930377960205,-0.013616558164358139,0.39815837144851685,0.6253736019134521,-0.029016653075814247,0.40690940618515015,0.6551846265792847,-0.03716610372066498,0.3625660240650177,0.6936275959014893,-0.0004764373297803104,0.36027321219444275,0.6275799870491028,-0.015260756015777588,0.3776858448982239,0.6296620965003967,-0.026816075667738914,0.38888779282569885,0.6618050932884216,-0.03213280066847801,0.33592551946640015,0.705102801322937,-0.005090154241770506,0.3356913626194,0.6528319716453552,-0.018121255561709404,0.3513554632663727,0.6423057913780212,-0.02761898562312126,0.3648751676082611,0.6580733060836792,-0.033303532749414444
0.3591638207435608,0.8509311676025391,1.869399142151451e-07,0.40560707449913025,0.8231536149978638,-0.015580295585095882,0.4375322163105011,0.763995349407196,-0.018973875790834427,0.4428219199180603,0.7027109861373901,-0.02318868413567543,0.41469937562942505,0.682750403881073,-0.027614587917923927,0.4088079631328583,0.6978636384010315,0.0032128547318279743,0.4179554581642151,0.6367995738983154,-0.0023665367625653744,0.4232037663459778,0.5949421525001526,-0.010476547293365002,0.426440954208374,0.5621126890182495,-0.018361488357186317,0.3854202330112457,0.6913706064224243,0.0020836384501308203,0.3838054835796356,0.6249218583106995,-0.014281850308179855,0.3994361460208893,0.6305505633354187,-0.028949672356247902,0.40847837924957275,0.6615474820137024,-0.03591929003596306,0.3628658652305603,0.6949662566184998,-0.0009575766162015498,0.3598640263080597,0.63118976354599,-0.015569540672004223,0.3790174424648285,0.632846474647522,-0.025953147560358047,0.3901994824409485,0.6639651656150818,-0.030034389346837997,0.3375318944454193,0.7056804895401001,-0.00591184850782156,0.3374638557434082,0.6535272598266602,-0.018258102238178253,0.3538285493850708,0.6444357633590698,-0.02653396502137184,0.3665589690208435,0.6612921953201294,-0.031020496040582657
0.3685433864593506,0.852630615234375,1.6799748436824302e-07,0.41294994950294495,0.8262407779693604,-0.014148383401334286,0.44339850544929504,0.7687078714370728,-0.016448447480797768,0.4486709237098694,0.7100845575332642,-0.01942594349384308,0.42238956689834595,0.6903917789459229,-0.02262846566736698,0.4152819514274597,0.7041028141975403,0.0027818134985864162,0.4239138662815094,0.6445558071136475,-0.00298144924454391,0.4294903576374054,0.6045212149620056,-0.01077478751540184,0.4321141541004181,0.5738997459411621,-0.01784173771739006,0.39251598715782166,0.6989142894744873,0.00187913968693465,0.39028334617614746,0.634349524974823,-0.01340095791965723,0.4054354429244995,0.6389154195785522,-0.02658025175333023,0.4133332371711731,0.6680546402931213,-0.03252722695469856,0.3702637851238251,0.7030989527702332,-0.0008292410639114678,0.3665436804294586,0.6412702202796936,-0.01490078866481781,0.3843052387237549,0.6425644755363464,-0.02423708885908127,0.39402884244918823,0.6722651720046997,-0.02748001366853714,0.34527695178985596,0.7129998803138733,-0.0052100433968007565,0.34501129388809204,0.6617487668991089,-0.017367448657751083,0.3615577816963196,0.6538451313972473,-0.02480066381394863,0.3742944002151489,0.6712676286697388,-0.02836083620786667
0.35329142212867737,0.8230513334274292,2.022305523041723e-07,0.3943687975406647,0.7964772582054138,-0.01305619440972805,0.4254893660545349,0.7440194487571716,-0.01576228067278862,0.43114832043647766,0.6916943788528442,-0.018996888771653175,0.4098029136657715,0.668357789516449,-0.022520331665873528,0.4006184935569763,0.6811026334762573,0.0025441390462219715,0.40939411520957947,0.6251320242881775,-0.0027526894118636847,0.4152015447616577,0.587848424911499,-0.010129475966095924,0.41814276576042175,0.5589572191238403,-0.01641741767525673,0.3779430687427521,0.6748923659324646,0.0020350771956145763,0.3789663314819336,0.6144466400146484,-0.012067936360836029,0.392792671918869,0.6215564012527466,-0.024800918996334076,0.39911752939224243,0.6523587703704834,-0.03008366748690605,0.3556789457798004,0.6777672171592712,8.146491745719686e-05,0.3548413813114166,0.6207850575447083,-0.011142401024699211,0.3700224757194519,0.6227426528930664,-0.018979540094733238,0.3777671754360199,0.6500433087348938,-0.021410001441836357,0.3309047520160675,0.6877052187919617,-0.0034271536860615015,0.32877933979034424,0.6400852799415588,-0.011811218224465847,0.34336593747138977,0.6327559947967529,-0.0166919007897377,0.35505399107933044,0.6485795974731445,-0.018503669649362564
0.3388163149356842,0.8137516975402832,1.9239730875142413e-07,0.3808410167694092,0.7823191285133362,-0.012109551578760147,0.41188961267471313,0.7281278371810913,-0.013565887697041035,0.4143262803554535,0.6736894249916077,-0.015809398144483566,0.38975149393081665,0.6554471254348755,-0.01819623075425625,0.3870135545730591,0.6728753447532654,0.005427628289908171,0.39630624651908875,0.6171982288360596,0.00035512930480763316,0.4020969271659851,0.5786983370780945,-0.006725845858454704,0.40569913387298584,0.5500236749649048,-0.012616177089512348,0.36400389671325684,0.6663513779640198,0.004596375394612551,0.36273109912872314,0.6061557531356812,-0.00935000367462635,0.3763822615146637,0.6045105457305908,-0.022551845759153366,0.38317450881004333,0.6297643184661865,-0.028329066932201385,0.34192219376564026,0.6681949496269226,0.0021275528706610203,0.3398268222808838,0.6121562123298645,-0.010074987076222897,0.3560373783111572,0.6098573207855225,-0.019779818132519722,0.3650343120098114,0.6359010338783264,-0.023157842457294464,0.3174422085285187,0.6761793494224548,-0.0017864452674984932,0.31521081924438477,0.6300289630889893,-0.011179933324456215,0.33056697249412537,0.6207547187805176,-0.01755528897047043,0.34343206882476807,0.6360235810279846,-0.02030818536877632
0.30830520391464233,0.7656562328338623,2.1279971917920193e-07,0.3474239706993103,0.7297092080116272,-0.009281331673264503,0.376864492893219,0.6813608407974243,-0.009995445609092712,0.38012298941612244,0.6353853940963745,-0.01181860826909542,0.3638284504413605,0.6132016181945801,-0.013500958681106567,0.3522704541683197,0.6330986022949219,0.007822517305612564,0.362204909324646,0.581974446773529,0.001919600646942854,0.369060754776001,0.5464794635772705,-0.005037871189415455,0.374935120344162,0.5200405120849609,-0.00986156053841114,0.33056288957595825,0.6278517246246338,0.006285465322434902,0.3327467143535614,0.5707178711891174,-0.007720332592725754,0.34522512555122375,0.5722964406013489,-0.019560039043426514,0.35342955589294434,0.5942890644073486,-0.023546135053038597,0.3098381757736206,0.6291232109069824,0.003143014619126916,0.3152868151664734,0.5773675441741943,-0.009302052669227123,0.3302125930786133,0.5811678767204285,-0.01649690605700016,0.3393705487251282,0.6059154272079468,-0.017095087096095085,0.28788119554519653,0.6363897919654846,-0.0011077866656705737,0.2891119718551636,0.5926496982574463,-0.008943627588450909,0.30324482917785645,0.5872094631195068,-0.011966013349592686,0.31541478633880615,0.6020314693450928,-0.011620480567216873
0.28307923674583435,0.7245851159095764,1.7773946581201017e-07,0.32307857275009155,0.6946789622306824,-0.01151337195187807,0.35510730743408203,0.6448646783828735,-0.013156275264918804,0.3588141202926636,0.5938631892204285,-0.01512687187641859,0.33724164962768555,0.5759276151657104,-0.01739117130637169,0.32988277077674866,0.593445360660553,0.002658427692949772,0.339071124792099,0.5446072816848755,-0.003914825152605772,0.3459165096282959,0.5117263793945312,-0.012261675670742989,0.3513396382331848,0.48823922872543335,-0.018507376313209534,0.3085666298866272,0.5880283713340759,0.002604601439088583,0.31163039803504944,0.5363883972167969,-0.010447490029036999,0.32349446415901184,0.5357698202133179,-0.022591058164834976,0.33086398243904114,0.5564184188842773,-0.028250787407159805,0.2878042161464691,0.5893703103065491,0.0009775420185178518,0.2895562946796417,0.5392864942550659,-0.010011219419538975,0.30230918526649475,0.5367594361305237,-0.01841491460800171,0.3108879327774048,0.5592038631439209,-0.021484287455677986,0.26434049010276794,0.5964351296424866,-0.00198367889970541,0.26432061195373535,0.5543864369392395,-0.01004539430141449,0.2766612768173218,0.5451731085777283,-0.015135671943426132,0.28762128949165344,0.5573956370353699,-0.017241444438695908
0.2550475299358368,0.6747116446495056,2.223373769538739e-07,0.29287490248680115,0.6478522419929504,-0.013719350099563599,0.3230741322040558,0.595282793045044,-0.015755414962768555,0.3264824151992798,0.5417678356170654,-0.017471440136432648,0.3054237365722656,0.5185675621032715,-0.019224535673856735,0.2991718351840973,0.5506718754768372,0.0004931354196742177,0.30980396270751953,0.5007467269897461,-0.005961608607321978,0.31697654724121094,0.4641791582107544,-0.013326790183782578,0.3234400451183319,0.4369746446609497,-0.0190584734082222,0.2771320939064026,0.5430235266685486,0.001718393643386662,0.2788090109825134,0.4946413040161133,-0.012900101952254772,0.2899573743343353,0.49334844946861267,-0.025469264015555382,0.2981926500797272,0.5140275955200195,-0.031097471714019775,0.2551649510860443,0.5425193309783936,0.001253620837815106,0.25697261095046997,0.4953480064868927,-0.011461768299341202,0.27030137181282043,0.4917975664138794,-0.021026015281677246,0.2799648642539978,0.5129377841949463,-0.024624163284897804,0.23122915625572205,0.5482913255691528,-0.0006285184645093977,0.23198340833187103,0.5076223015785217,-0.010718399658799171,0.24474230408668518,0.4963737726211548,-0.01775902882218361,0.25740447640419006,0.5065510272979736,-0.021105915307998657
0.23081755638122559,0.6197893619537354,1.514262351065554e-07,0.2689138948917389,0.5905218124389648,-0.008493088185787201,0.2973417043685913,0.5358630418777466,-0.006734441965818405,0.2979360818862915,0.48844486474990845,-0.005624672863632441,0.2780494689941406,0.46586889028549194,-0.004702429752796888,0.27228203415870667,0.49514204263687134,0.010554477572441101,0.28098711371421814,0.448662132024765,0.008348934352397919,0.2866494357585907,0.4165133833885193,0.00435602618381381,0.29126447439193726,0.39037537574768066,0.0018399101682007313,0.24993979930877686,0.4867815673351288,0.009101353585720062,0.2519242465496063,0.43690264225006104,-0.003406366566196084,0.2634751498699188,0.4435705244541168,-0.015375788323581219,0.27004167437553406,0.4675281047821045,-0.018690165132284164,0.22680942714214325,0.48290497064590454,0.006182230077683926,0.23120549321174622,0.43973779678344727,-0.005801348481327295,0.24448120594024658,0.44470974802970886,-0.01485560555011034,0.25175929069519043,0.4649392366409302,-0.015994509682059288,0.2029031366109848,0.48335030674934387,0.002469809493049979,0.2006867676973343,0.4273492991924286,-0.002657894045114517,0.2055116593837738,0.3928394615650177,-0.006463317200541496,0.21036314964294434,0.3757065534591675,-0.007651102263480425
0.21314884722232819,0.5777497291564941,2.921071029504674e-07,0.2506019175052643,0.5411686301231384,-0.015151825733482838,0.2771706283092499,0.48758989572525024,-0.01754232496023178,0.2730657756328583,0.4362389147281647,-0.019215047359466553,0.25092217326164246,0.41502881050109863,-0.02049732580780983,0.24738450348377228,0.4515245258808136,-0.0016529287677258253,0.25291070342063904,0.39923161268234253,-0.008909952826797962,0.2546069324016571,0.36149388551712036,-0.01630779728293419,0.2578319013118744,0.33284884691238403,-0.021579744294285774,0.22268299758434296,0.4470776915550232,-3.691686288220808e-05,0.21611592173576355,0.38887619972229004,-0.011909336782991886,0.2208472192287445,0.36272892355918884,-0.02313731051981449,0.22758054733276367,0.35803285241127014,-0.029204703867435455,0.2014646977186203,0.45148470997810364,-0.00038704174221493304,0.20023193955421448,0.39820247888565063,-0.013762949965894222,0.21223986148834229,0.39460083842277527,-0.022372188046574593,0.2225283831357956,0.41555821895599365,-0.024836109951138496,0.17958955466747284,0.4637298583984375,-0.0021173814311623573,0.175237774848938,0.42274436354637146,-0.012602361850440502,0.18445654213428497,0.40936532616615295,-0.018148239701986313,0.19466371834278107,0.4162440299987793,-0.020113080739974976
0.20037204027175903,0.5359045267105103,4.425893962434202e-07,0.23900660872459412,0.4958198666572571,-0.015433830209076405,0.26140907406806946,0.4399202764034271,-0.0177930798381567,0.2520105838775635,0.389096200466156,-0.019716454669833183,0.22455912828445435,0.3733488619327545,-0.02152962051331997,0.23032858967781067,0.3988690674304962,-0.002661623526364565,0.23451003432273865,0.3467928171157837,-0.011693662032485008,0.2361087203025818,0.31314384937286377,-0.020382342860102654,0.23753271996974945,0.2853100895881653,-0.026066316291689873,0.20666837692260742,0.39435821771621704,-0.002000313950702548,0.20975524187088013,0.33150285482406616,-0.011280914768576622,0.2173469513654709,0.2833905816078186,-0.021489886566996574,0.22548970580101013,0.24979232251644135,-0.028811175376176834,0.1833888739347458,0.4012483060359955,-0.0039042700082063675,0.18001312017440796,0.34904417395591736,-0.019283542409539223,0.19077660143375397,0.34842121601104736,-0.029439367353916168,0.20051024854183197,0.3682555556297302,-0.03256456181406975,0.15755808353424072,0.41614866256713867,-0.006951774004846811,0.15357379615306854,0.37192627787590027,-0.019069083034992218,0.16436955332756042,0.36329951882362366,-0.02391626499593258,0.1756444126367569,0.374935120344162,-0.025319145992398262
0.20474253594875336,0.51981121301651,3.9820181996219617e-07,0.24534711241722107,0.4793979227542877,-0.015100226737558842,0.2664647400379181,0.42002585530281067,-0.016447968780994415,0.25820979475975037,0.3662499487400055,-0.017483940348029137,0.23191741108894348,0.3537241220474243,-0.01842605508863926,0.2359723299741745,0.38036587834358215,-0.0030262579675763845,0.24160370230674744,0.3274479806423187,-0.011459671892225742,0.24338912963867188,0.2956174910068512,-0.019274963065981865,0.24476271867752075,0.2680365741252899,-0.024692978709936142,0.21275076270103455,0.37632739543914795,-0.002845442621037364,0.21571838855743408,0.3097001910209656,-0.01329220924526453,0.22171689569950104,0.2585389018058777,-0.02410135790705681,0.228894904255867,0.22157782316207886,-0.03155449032783508,0.19101643562316895,0.38416290283203125,-0.00519010704010725,0.18454647064208984,0.33385345339775085,-0.02246624231338501,0.19635875523090363,0.32840919494628906,-0.035048678517341614,0.2101294994354248,0.3437401056289673,-0.03943437710404396,0.16647401452064514,0.3992508053779602,-0.008585207164287567,0.16023746132850647,0.3575412631034851,-0.022905847057700157,0.17107979953289032,0.34220364689826965,-0.030924003571271896,0.18575464189052582,0.3455426096916199,-0.03467310965061188
0.20389625430107117,0.48569974303245544,2.5228629851881124e-07,0.23746357858181,0.44403180480003357,-0.013349584303796291,0.258546382188797,0.38736602663993835,-0.017416397109627724,0.2492711842060089,0.34009087085723877,-0.021549344062805176,0.22307845950126648,0.3238665461540222,-0.026053937152028084,0.22705085575580597,0.34169936180114746,-0.006740139797329903,0.22912272810935974,0.2699544131755829,-0.016805171966552734,0.23175972700119019,0.22016048431396484,-0.026254897937178612,0.23398500680923462,0.18238431215286255,-0.033331628888845444,0.20402806997299194,0.3436030447483063,-0.00615643011406064,0.19948667287826538,0.3006041944026947,-0.02563006430864334,0.21169456839561462,0.3070584535598755,-0.037547726184129715,0.22382473945617676,0.3331946134567261,-0.04162647947669029,0.18230687081813812,0.35255998373031616,-0.006729444023221731,0.1772318184375763,0.30949923396110535,-0.02056945487856865,0.19131767749786377,0.3094126880168915,-0.025344515219330788,0.2059815675020218,0.3332686722278595,-0.025288844481110573,0.15946611762046814,0.3673200309276581,-0.008917799219489098,0.15172095596790314,0.3283213973045349,-0.019246593117713928,0.16285565495491028,0.31875118613243103,-0.022800162434577942,0.1770901083946228,0.3294561207294464,-0.02280236966907978
0.19607500731945038,0.47561439871788025,1.5573594680518e-07,0.23195873200893402,0.42741990089416504,-0.014362014830112457,0.2512650489807129,0.36550459265708923,-0.016144992783665657,0.24175576865673065,0.31147557497024536,-0.018286332488059998,0.21448643505573273,0.2950737178325653,-0.0204234067350626,0.21910922229290009,0.3250180184841156,0.005464422050863504,0.22034429013729095,0.2702820599079132,-0.0017537274397909641,0.21892140805721283,0.23392552137374878,-0.010578197427093983,0.2173309177160263,0.20938512682914734,-0.01742890104651451,0.19404180347919464,0.3259080946445465,0.00602611992508173,0.1828421950340271,0.2716473340988159,-0.010166822001338005,0.19179333746433258,0.26738786697387695,-0.02509997971355915,0.202676460146904,0.2905048131942749,-0.03231140971183777,0.17194366455078125,0.3349980115890503,0.004247594159096479,0.15860788524150848,0.2835375964641571,-0.010392432101070881,0.16793838143348694,0.27149417996406555,-0.022591253742575645,0.18131180107593536,0.2903934419155121,-0.02785785123705864,0.14931225776672363,0.35164979100227356,0.0009707253193482757,0.1389879286289215,0.31090089678764343,-0.010480755940079689,0.14563792943954468,0.2916673719882965,-0.019516315311193466,0.15800319612026215,0.2947603166103363,-0.0244382843375206
0.19882403314113617,0.4630383849143982,1.8939606150070176e-07,0.23635412752628326,0.42042386531829834,-0.016130486503243446,0.2548224925994873,0.3550681471824646,-0.017601653933525085,0.24419459700584412,0.2981160581111908,-0.01862250082194805,0.21555687487125397,0.2829287052154541,-0.01944807544350624,0.2226732075214386,0.3145023286342621,0.00028466960065998137,0.22495970129966736,0.25543802976608276,-0.006153753958642483,0.225711390376091,0.216207817196846,-0.013363675214350224,0.22603149712085724,0.18926256895065308,-0.019179485738277435,0.1969631314277649,0.3148479759693146,0.0022438401356339455,0.18139557540416718,0.2579965889453888,-0.013695904053747654,0.19068948924541473,0.2540442943572998,-0.026997966691851616,0.20214080810546875,0.2789791524410248,-0.03266339749097824,0.1749180257320404,0.32398661971092224,0.0020736767910420895,0.15961450338363647,0.27190130949020386,-0.013542364351451397,0.17163628339767456,0.2633395791053772,-0.02533716894686222,0.18635492026805878,0.28770411014556885,-0.029496600851416588,0.1520133912563324,0.3402804732322693,0.00047390483086928725,0.1415674090385437,0.29881972074508667,-0.013094143010675907,0.15078777074813843,0.281525194644928,-0.023275824263691902,0.16505037248134613,0.2888050079345703,-0.028237370774149895
0.2004283219575882,0.4540551006793976,2.1167313946079958e-07,0.2368186116218567,0.41160595417022705,-0.016664749011397362,0.25632551312446594,0.34611284732818604,-0.018068255856633186,0.24632033705711365,0.28949975967407227,-0.018875304609537125,0.21821728348731995,0.27562838792800903,-0.01950118876993656,0.22382155060768127,0.30358707904815674,0.0013594665797427297,0.2272118479013443,0.24532364308834076,-0.004718011245131493,0.22804899513721466,0.20654980838298798,-0.011967193335294724,0.22841785848140717,0.17998017370700836,-0.01766774244606495,0.19819499552249908,0.30516526103019714,0.0035077629145234823,0.18349969387054443,0.2489168345928192,-0.011444886215031147,0.1912165880203247,0.24334248900413513,-0.024592721834778786,0.20182493329048157,0.2661456763744354,-0.030271245166659355,0.17643074691295624,0.31542396545410156,0.003369271056726575,0.16103148460388184,0.26497504115104675,-0.011394794099032879,0.17057952284812927,0.25535666942596436,-0.022941559553146362,0.18402670323848724,0.27722904086112976,-0.02703527919948101,0.15399369597434998,0.33279556035995483,0.0016852435655891895,0.14255814254283905,0.2909221649169922,-0.010715055279433727,0.14979250729084015,0.27238667011260986,-0.01990455575287342,0.16283202171325684,0.2780570387840271,-0.024253904819488525
0.2010756880044937,0.44922980666160583,1.8144984892387583e-07,0.23723037540912628,0.40700098872184753,-0.01774033159017563,0.2563024163246155,0.3431577682495117,-0.01993713527917862,0.24613267183303833,0.2864081859588623,-0.021502843126654625,0.21838797628879547,0.2702711224555969,-0.023034311830997467,0.22438286244869232,0.3008749783039093,0.00010512794688111171,0.22664344310760498,0.24354735016822815,-0.00703985383734107,0.22637201845645905,0.20404008030891418,-0.015455636195838451,0.22597749531269073,0.17655162513256073,-0.022304454818367958,0.199271097779274,0.3015829920768738,0.0021966476924717426,0.18488360941410065,0.24291126430034637,-0.01503724604845047,0.1918691247701645,0.24022755026817322,-0.030740858986973763,0.20185163617134094,0.26595667004585266,-0.037998925894498825,0.17763301730155945,0.3109656274318695,0.0020991575438529253,0.16245095431804657,0.2600043714046478,-0.014475567266345024,0.17138157784938812,0.25052011013031006,-0.02888444811105728,0.1841975599527359,0.27379128336906433,-0.034844592213630676,0.15480582416057587,0.3280365467071533,0.0005159269203431904,0.14338771998882294,0.2870871126651764,-0.013364987447857857,0.1506875902414322,0.2688758373260498,-0.024779241532087326,0.1634046733379364,0.2747616767883301,-0.03091116063296795
0.19717565178871155,0.44862595200538635,1.8299502357876918e-07,0.23263274133205414,0.40549707412719727,-0.016833022236824036,0.2512630820274353,0.3429783880710602,-0.018491826951503754,0.2407921701669693,0.28776368498802185,-0.019758842885494232,0.21408388018608093,0.26841551065444946,-0.02085261605679989,0.2211853712797165,0.30151936411857605,0.0033273554872721434,0.22303275763988495,0.2479761838912964,-0.0033084163442254066,0.2216334342956543,0.21064679324626923,-0.011459456756711006,0.22054755687713623,0.1857566237449646,-0.017744163051247597,0.19542436301708221,0.302308589220047,0.0053309425711631775,0.18170736730098724,0.2459178864955902,-0.010202301666140556,0.18652646243572235,0.23882776498794556,-0.02521301433444023,0.19462253153324127,0.2602250277996063,-0.03234934061765671,0.1732482761144638,0.31155019998550415,0.004876576364040375,0.1582484394311905,0.2608335018157959,-0.010630074888467789,0.16573390364646912,0.24889135360717773,-0.02469652146100998,0.17756320536136627,0.2689496874809265,-0.03065778873860836,0.15013736486434937,0.3283320367336273,0.0029823840595781803,0.13752871751785278,0.28726011514663696,-0.009913557209074497,0.14412148296833038,0.26890677213668823,-0.020396417006850243,0.1570454239845276,0.27430692315101624,-0.025853030383586884
0.19922707974910736,0.4494890570640564,1.8538283086400043e-07,0.23439615964889526,0.4041157364845276,-0.016617637127637863,0.2545352280139923,0.3423890769481659,-0.018226610496640205,0.2435779720544815,0.2854978144168854,-0.01922968029975891,0.21445931494235992,0.273372620344162,-0.019830167293548584,0.22424308955669403,0.3016546964645386,0.0018159975297749043,0.22724847495555878,0.2438097447156906,-0.0038023560773581266,0.22540074586868286,0.2069847285747528,-0.010868092998862267,0.22426919639110565,0.18016287684440613,-0.016670038923621178,0.19895398616790771,0.30225005745887756,0.004105848725885153,0.18610432744026184,0.24799245595932007,-0.009492460638284683,0.19015899300575256,0.23901784420013428,-0.02238864079117775,0.1973700225353241,0.2546916902065277,-0.02867967076599598,0.17743349075317383,0.31080591678619385,0.004113379865884781,0.16502663493156433,0.26100751757621765,-0.010158439166843891,0.1720251888036728,0.2511623501777649,-0.02167140133678913,0.1825854629278183,0.2717078924179077,-0.02603701315820217,0.15468183159828186,0.326369971036911,0.0025852310936897993,0.1430542916059494,0.28624024987220764,-0.009941133670508862,0.14911621809005737,0.26831936836242676,-0.01902940683066845,0.16064509749412537,0.2735811769962311,-0.0232516061514616
0.21253959834575653,0.4451594948768616,2.0535149758416082e-07,0.2467821091413498,0.3962010145187378,-0.015423479489982128,0.2678857445716858,0.3369981646537781,-0.01831057108938694,0.25374677777290344,0.2882995009422302,-0.021556800231337547,0.22751274704933167,0.27082881331443787,-0.024509554728865623,0.23771433532238007,0.2936710715293884,0.0014883584808558226,0.2383418083190918,0.22885850071907043,-0.006757811177521944,0.23817434906959534,0.18722359836101532,-0.015417792834341526,0.23930011689662933,0.15472018718719482,-0.021969668567180634,0.21215955913066864,0.2965213358402252,0.002019616076722741,0.20493580400943756,0.24800309538841248,-0.015642190352082253,0.20873530209064484,0.23800189793109894,-0.030371809378266335,0.21532702445983887,0.2501128911972046,-0.037034861743450165,0.190530464053154,0.30680984258651733,0.0002923047577496618,0.18266412615776062,0.2557503581047058,-0.015679940581321716,0.1896829903125763,0.24339310824871063,-0.026194261386990547,0.2002488672733307,0.25989797711372375,-0.029482631012797356,0.168797105550766,0.3231605887413025,-0.003117636777460575,0.16116255521774292,0.2799885869026184,-0.01593763567507267,0.16804102063179016,0.2617010772228241,-0.02320006489753723,0.180153489112854,0.2665359079837799,-0.025681350380182266
0.23887847363948822,0.43226397037506104,1.4178172591527982e-07,0.27437877655029297,0.38130009174346924,-0.01057345885783434,0.2948456406593323,0.3244960904121399,-0.012959768064320087,0.2853720784187317,0.2767183780670166,-0.01716485805809498,0.2620702087879181,0.25487852096557617,-0.02105586789548397,0.26006409525871277,0.27333128452301025,0.006802510004490614,0.2598413825035095,0.21317535638809204,-0.00227013579569757,0.2627202272415161,0.1794520616531372,-0.011125350371003151,0.2665044069290161,0.1505984514951706,-0.017346590757369995,0.23760521411895752,0.27627208828926086,0.0038709817454218864,0.23039425909519196,0.22065746784210205,-0.01319271232932806,0.24335384368896484,0.20444829761981964,-0.027664631605148315,0.25736841559410095,0.20531295239925385,-0.03435533493757248,0.21734417974948883,0.2862447500228882,-0.0014000642113387585,0.21004483103752136,0.23179665207862854,-0.017724113538861275,0.22674772143363953,0.2216147780418396,-0.027834491804242134,0.24417832493782043,0.23274585604667664,-0.030612554401159286,0.19704294204711914,0.3016205430030823,-0.007986183278262615,0.18412776291370392,0.2563571333885193,-0.019475489854812622,0.19573819637298584,0.23986345529556274,-0.025067031383514404,0.21252822875976562,0.2411418855190277,-0.02671157941222191
0.2645307779312134,0.41029882431030273,2.3898323320281634e-07,0.30246472358703613,0.36373287439346313,-0.012526391074061394,0.3255001902580261,0.30723264813423157,-0.01365503016859293,0.3153330683708191,0.25659120082855225,-0.015844624489545822,0.291900098323822,0.23554052412509918,-0.01740626059472561,0.28796982765197754,0.25594860315322876,0.007348666898906231,0.2894889712333679,0.19892652332782745,0.0008257548324763775,0.2894993722438812,0.1620735228061676,-0.006538909859955311,0.290974885225296,0.1309063732624054,-0.012433790601789951,0.2641879618167877,0.2532687783241272,0.00604541739448905,0.2532423734664917,0.19466525316238403,-0.004727531690150499,0.2612793743610382,0.16184048354625702,-0.01540440134704113,0.27106690406799316,0.14571931958198547,-0.022232752293348312,0.24416884779930115,0.2606715261936188,0.0017630637157708406,0.23615755140781403,0.20253849029541016,-0.013694049790501595,0.2549668252468109,0.19276711344718933,-0.023703234270215034,0.27258801460266113,0.20624464750289917,-0.027270963415503502,0.22417953610420227,0.27425122261047363,-0.003899099538102746,0.21528010070323944,0.22500528395175934,-0.017347708344459534,0.23234345018863678,0.2101885974407196,-0.023985549807548523,0.2523435056209564,0.2166241705417633,-0.026663629338145256
0.3051804006099701,0.3937903642654419,2.820879387854802e-07,0.3393787145614624,0.35225892066955566,-0.012281819246709347,0.36373937129974365,0.29155197739601135,-0.015366456471383572,0.35703223943710327,0.24045810103416443,-0.019617227837443352,0.33306998014450073,0.21838685870170593,-0.024030020460486412,0.32094717025756836,0.24170169234275818,0.004746851045638323,0.32210201025009155,0.1817704290151596,-0.0018307927530258894,0.32364407181739807,0.13972140848636627,-0.009423510171473026,0.3250372111797333,0.10757973790168762,-0.015866097062826157,0.2982352375984192,0.23970334231853485,0.0023103400599211454,0.2909524142742157,0.1856536865234375,-0.012145503424108028,0.3095710277557373,0.1691887080669403,-0.025700174272060394,0.32763564586639404,0.17818289995193481,-0.0327029824256897,0.27730315923690796,0.246910959482193,-0.0024240026250481606,0.26749715209007263,0.1881425827741623,-0.01649346575140953,0.2891223728656769,0.17108069360256195,-0.027784347534179688,0.31045854091644287,0.18101993203163147,-0.032952453941106796,0.25613933801651,0.26207929849624634,-0.008561925031244755,0.24283070862293243,0.2112680822610855,-0.020711511373519897,0.2601909637451172,0.19095832109451294,-0.028334366157650948,0.28245821595191956,0.19552838802337646,-0.03225737065076828
0.33371254801750183,0.3854554295539856,2.892238910590095e-07,0.37085676193237305,0.34302008152008057,-0.016214195638895035,0.3974992036819458,0.2808099389076233,-0.020342977717518806,0.38883334398269653,0.22660225629806519,-0.02528432570397854,0.3636077642440796,0.2004936933517456,-0.030418027192354202,0.35723876953125,0.2271522730588913,0.0017110536573454738,0.35787233710289,0.16359634697437286,-0.00727549334987998,0.3586706817150116,0.11806516349315643,-0.016763033345341682,0.35923680663108826,0.08513253927230835,-0.0240425243973732,0.33244839310646057,0.22511790692806244,0.001074706087820232,0.3251253664493561,0.16611197590827942,-0.018272176384925842,0.34122925996780396,0.15155690908432007,-0.03555281087756157,0.357052206993103,0.16995760798454285,-0.043870121240615845,0.3093056082725525,0.23250259459018707,-0.0019897199235856533,0.29912570118904114,0.16976138949394226,-0.019621526822447777,0.31603822112083435,0.15840086340904236,-0.03395369276404381,0.3335046172142029,0.18340395390987396,-0.03982775658369064,0.2842410206794739,0.24834448099136353,-0.006710367277264595,0.272255003452301,0.19611817598342896,-0.021990681067109108,0.28672266006469727,0.17609548568725586,-0.03314056992530823,0.30629435181617737,0.18623335659503937,-0.038606610149145126
0.36060911417007446,0.3860602378845215,2.2548631761765137e-07,0.399733304977417,0.3431568443775177,-0.015433534048497677,0.4267463982105255,0.2784341871738434,-0.01850159280002117,0.42561888694763184,0.2197360098361969,-0.022815881296992302,0.40080779790878296,0.1929096281528473,-0.02692457288503647,0.3874656856060028,0.21794041991233826,0.0039471592754125595,0.3902996778488159,0.15151286125183105,-0.003918778151273727,0.39080652594566345,0.10589399933815002,-0.012993103824555874,0.39035752415657043,0.07109545171260834,-0.020299343392252922,0.3631199300289154,0.21605010330677032,0.0026547180023044348,0.3536674678325653,0.15481719374656677,-0.01599312759935856,0.3691745102405548,0.14520388841629028,-0.03270188719034195,0.3824247717857361,0.1648600697517395,-0.04067900404334068,0.34049880504608154,0.2235708385705948,-0.0009622637880966067,0.33198118209838867,0.1598881185054779,-0.01800823025405407,0.3506383001804352,0.15398412942886353,-0.030175887048244476,0.3665364384651184,0.18148618936538696,-0.03447970375418663,0.3156972825527191,0.23849014937877655,-0.0064300489611923695,0.30432814359664917,0.18426622450351715,-0.020832611247897148,0.3193545937538147,0.17014098167419434,-0.029833907261490822,0.33743661642074585,0.18594664335250854,-0.03362543135881424
0.4103030860424042,0.4069051742553711,1.0713288389752051e-07,0.45212554931640625,0.3621900975704193,-0.008430738933384418,0.48061782121658325,0.30496421456336975,-0.008789830841124058,0.47683700919151306,0.2540276050567627,-0.011193351820111275,0.45278677344322205,0.23484180867671967,-0.013648386113345623,0.44500741362571716,0.24188341200351715,0.010817071422934532,0.45023638010025024,0.17894764244556427,0.0034710951149463654,0.4558861553668976,0.138325035572052,-0.005444696173071861,0.4598882794380188,0.10903415083885193,-0.012040031142532825,0.4206504821777344,0.24018442630767822,0.008156907744705677,0.41626664996147156,0.18231983482837677,-0.006641145795583725,0.43035629391670227,0.18105778098106384,-0.020357631146907806,0.44091010093688965,0.20167176425457,-0.02675909362733364,0.39733850955963135,0.24617819488048553,0.0035052744206041098,0.3921501040458679,0.18801534175872803,-0.009246383793652058,0.4069511294364929,0.18952375650405884,-0.016886599361896515,0.4188724458217621,0.21539434790611267,-0.018986226990818977,0.37279582023620605,0.26039111614227295,-0.002513339975848794,0.3621256649494171,0.2151985764503479,-0.011281617917120457,0.37325870990753174,0.20633633434772491,-0.01518090721219778,0.3855907917022705,0.21781952679157257,-0.01612858660519123
0.4346971809864044,0.41972804069519043,2.460778887325432e-07,0.4803737998008728,0.37926816940307617,-0.0182632002979517,0.512947678565979,0.31011396646499634,-0.02159581333398819,0.5064603090286255,0.2458329051733017,-0.025170397013425827,0.47515201568603516,0.21964728832244873,-0.028884954750537872,0.4739912748336792,0.24462983012199402,0.0037211887538433075,0.47956928610801697,0.17482423782348633,-0.003273113863542676,0.4816289246082306,0.1280461996793747,-0.011747143231332302,0.4837169945240021,0.09400781989097595,-0.01875556819140911,0.4462887644767761,0.24330036342144012,0.004516849759966135,0.44099509716033936,0.17547431588172913,-0.014301950111985207,0.45572012662887573,0.18069219589233398,-0.030637845396995544,0.46935099363327026,0.21893271803855896,-0.03736543282866478,0.42040497064590454,0.2518850564956665,0.002925198059529066,0.4110844135284424,0.18390047550201416,-0.013162048533558846,0.4253525733947754,0.1817377805709839,-0.0240870900452137,0.4396214187145233,0.21642480790615082,-0.027533940970897675,0.3913508951663971,0.26967400312423706,-0.0006871506338939071,0.3806721866130829,0.21552132070064545,-0.013683696277439594,0.3929907977581024,0.20137864351272583,-0.022074520587921143,0.4085344076156616,0.21645736694335938,-0.025658084079623222
0.44557318091392517,0.42467111349105835,2.1097342539633246e-07,0.4919170141220093,0.3823086619377136,-0.01869252510368824,0.525185227394104,0.3145378530025482,-0.022101381793618202,0.5171229243278503,0.25101470947265625,-0.025931477546691895,0.48649489879608154,0.2260708510875702,-0.029450805857777596,0.485985666513443,0.2428291290998459,0.0025738992262631655,0.49219462275505066,0.17029760777950287,-0.005964186973869801,0.49382326006889343,0.12207551300525665,-0.015731528401374817,0.49548226594924927,0.08630529046058655,-0.023671060800552368,0.45694589614868164,0.2418070137500763,0.002886987291276455,0.4474866986274719,0.17209509015083313,-0.017509832978248596,0.4588371813297272,0.16947445273399353,-0.03548360615968704,0.4697991609573364,0.19818544387817383,-0.04369092732667923,0.431709349155426,0.25138574838638306,0.0007997970096766949,0.4212645888328552,0.18368053436279297,-0.01761176623404026,0.4360244870185852,0.17952576279640198,-0.030947662889957428,0.44993922114372253,0.2118109166622162,-0.03570399060845375,0.4038330018520355,0.2697811722755432,-0.0032875402830541134,0.393094003200531,0.21547281742095947,-0.018440816551446915,0.4055248498916626,0.201650470495224,-0.028201615437865257,0.42127805948257446,0.21742232143878937,-0.032363664358854294
0.46191051602363586,0.4307655096054077,1.9256530947586725e-07,0.5101655125617981,0.3908976912498474,-0.018513895571231842,0.5437037348747253,0.3204880952835083,-0.022357674315571785,0.5387159585952759,0.25346970558166504,-0.02648543193936348,0.5080885887145996,0.22601109743118286,-0.03061887063086033,0.5045562982559204,0.24676145613193512,0.0011454125633463264,0.5100399255752563,0.1710718870162964,-0.006996031850576401,0.5119375586509705,0.12206564843654633,-0.016353001818060875,0.5131226181983948,0.08575674891471863,-0.024238716810941696,0.47585946321487427,0.24580639600753784,0.0014742572093382478,0.4703250825405121,0.1744794100522995,-0.01887202262878418,0.48616713285446167,0.18047384917736053,-0.03574686497449875,0.49983489513397217,0.21795673668384552,-0.043038006871938705,0.44956737756729126,0.2555842399597168,-0.0003726733266375959,0.4408011734485626,0.18540555238723755,-0.017866920679807663,0.4564436972141266,0.1844903528690338,-0.029209984466433525,0.4703986644744873,0.21935418248176575,-0.033088911324739456,0.4204505383968353,0.27503180503845215,-0.004202104639261961,0.4087347686290741,0.22054550051689148,-0.01872924156486988,0.4223751425743103,0.207433819770813,-0.02768554911017418,0.4387453496456146,0.22246460616588593,-0.03160795569419861
0.4700872004032135,0.42582327127456665,1.864356846681403e-07,0.5187498927116394,0.387681245803833,-0.01864386722445488,0.5533601641654968,0.31853124499320984,-0.024086080491542816,0.5510337352752686,0.25212362408638,-0.03014044277369976,0.5204005241394043,0.22321011126041412,-0.03656303882598877,0.5115576982498169,0.2423248291015625,-0.0018464068416506052,0.5172431468963623,0.1661163866519928,-0.011672768741846085,0.5197266340255737,0.11695627868175507,-0.02141796424984932,0.5217612981796265,0.07904945313930511,-0.029514404013752937,0.4837632179260254,0.24201273918151855,-0.002277140039950609,0.48170769214630127,0.173365518450737,-0.026559986174106598,0.4994504451751709,0.19282399117946625,-0.04327799007296562,0.5135214924812317,0.23864060640335083,-0.048905543982982635,0.45741188526153564,0.2521222233772278,-0.00465164752677083,0.45059362053871155,0.18135356903076172,-0.024286456406116486,0.4688660800457001,0.18924523890018463,-0.032531239092350006,0.4841149151325226,0.22897934913635254,-0.03319277614355087,0.4274144768714905,0.2707231640815735,-0.009120123460888863,0.41748833656311035,0.21524442732334137,-0.02454030141234398,0.4324118494987488,0.20427142083644867,-0.03176184371113777,0.44899454712867737,0.22044003009796143,-0.03375338762998581
0.4699587821960449,0.40773001313209534,2.77066163789641e-07,0.5191873908042908,0.37067392468452454,-0.021257923915982246,0.5530468225479126,0.2993023693561554,-0.026393979787826538,0.5490741729736328,0.2293003797531128,-0.03142726793885231,0.5168939232826233,0.2021762579679489,-0.03661997988820076,0.5104348063468933,0.22327060997486115,-0.001985767623409629,0.5154134035110474,0.14600953459739685,-0.010526563972234726,0.5174338817596436,0.09572933614253998,-0.0200510211288929,0.5195017457008362,0.05749654769897461,-0.028260689228773117,0.48184606432914734,0.22229085862636566,-0.0008654348202981055,0.4765423834323883,0.14841589331626892,-0.02129535749554634,0.49306541681289673,0.1511724442243576,-0.0381765142083168,0.5078678727149963,0.18490231037139893,-0.04571417719125748,0.45536118745803833,0.2326686978340149,-0.0021524850744754076,0.445616751909256,0.15980108082294464,-0.020701490342617035,0.4621877670288086,0.15987089276313782,-0.03219524398446083,0.4777410328388214,0.19546371698379517,-0.03594396635890007,0.4252130091190338,0.2522483766078949,-0.00569637818261981,0.4163689613342285,0.19536198675632477,-0.02154695987701416,0.42970743775367737,0.18191567063331604,-0.031227318570017815,0.44542667269706726,0.1977541148662567,-0.03562486916780472
0.4739269018173218,0.41097062826156616,2.2405436084227404e-07,0.5221067070960999,0.36976543068885803,-0.018889835104346275,0.5539288520812988,0.30197596549987793,-0.023579411208629608,0.5510627031326294,0.2343374490737915,-0.028937192633748055,0.5208301544189453,0.20467649400234222,-0.034324876964092255,0.5140748023986816,0.22896654903888702,0.002482183277606964,0.5200068950653076,0.154209166765213,-0.005887574981898069,0.5224494338035583,0.1052885353565216,-0.015443983487784863,0.5249488353729248,0.06783692538738251,-0.02379150502383709,0.48683565855026245,0.22729404270648956,0.0023844679817557335,0.4821459650993347,0.1551993489265442,-0.0184000376611948,0.4981549084186554,0.1615799218416214,-0.035557013005018234,0.5124119520187378,0.19772577285766602,-0.04330617934465408,0.46103158593177795,0.23608282208442688,-0.00014564915909431875,0.4534468650817871,0.16390526294708252,-0.019033441320061684,0.4693833887577057,0.16601374745368958,-0.030094914138317108,0.4834262728691101,0.20336222648620605,-0.03358115255832672,0.4314657747745514,0.2535722553730011,-0.004767587874084711,0.42281246185302734,0.19834762811660767,-0.02079170010983944,0.43637144565582275,0.18722903728485107,-0.02999391034245491,0.4513918459415436,0.20525437593460083,-0.03403071314096451
0.46657153964042664,0.4295373857021332,7.84542848464298e-08,0.5098000168800354,0.38780999183654785,-0.012215857394039631,0.5418302416801453,0.32485294342041016,-0.015104386024177074,0.5368638634681702,0.27028098702430725,-0.019617579877376556,0.5094638466835022,0.2523925304412842,-0.024768725037574768,0.5023483037948608,0.24722005426883698,0.004114366136491299,0.5070111751556396,0.1778264045715332,-0.004619262646883726,0.5113239884376526,0.13372620940208435,-0.013248314149677753,0.5158237814903259,0.10010112822055817,-0.019733674824237823,0.4764213263988495,0.24926288425922394,0.0016779922880232334,0.4790148437023163,0.19063261151313782,-0.019099174067378044,0.49304208159446716,0.21242108941078186,-0.0332757867872715,0.5025011897087097,0.2528139650821686,-0.03741256892681122,0.4513886272907257,0.25955939292907715,-0.0024943645112216473,0.4508003294467926,0.2043343335390091,-0.019305430352687836,0.4662710428237915,0.21570922434329987,-0.026161611080169678,0.4777321517467499,0.24878917634487152,-0.025957096368074417,0.4237499237060547,0.2771170139312744,-0.008169240318238735,0.41874122619628906,0.22601133584976196,-0.018225375562906265,0.43310385942459106,0.2201329469680786,-0.020905964076519012,0.44751355051994324,0.23591968417167664,-0.020223772153258324
0.4249514043331146,0.5575973987579346,5.07231909807615e-08,0.4623616635799408,0.5466268062591553,-0.016382472589612007,0.4920859634876251,0.5115692019462585,-0.02327662706375122,0.5098119378089905,0.4825977385044098,-0.029715292155742645,0.512846827507019,0.46236860752105713,-0.03567754477262497,0.4685838520526886,0.4178660809993744,-0.011583894491195679,0.4754118025302887,0.3534409999847412,-0.02630913257598877,0.48200446367263794,0.3123016953468323,-0.03726481646299362,0.4862059950828552,0.2783198952674866,-0.04459776356816292,0.4422147870063782,0.41665372252464294,-0.010507100261747837,0.4457325339317322,0.378288596868515,-0.03407049924135208,0.45053088665008545,0.425458163022995,-0.041099999099969864,0.450399786233902,0.4610249400138855,-0.0399126261472702,0.41589638590812683,0.42165306210517883,-0.01147532183676958,0.41643235087394714,0.38828152418136597,-0.0332435704767704,0.4224204421043396,0.4299146234989166,-0.02871796116232872,0.42263251543045044,0.45772191882133484,-0.01950797252357006,0.39037269353866577,0.43121135234832764,-0.013825953006744385,0.39302858710289,0.39877888560295105,-0.026711480692029,0.4002454876899719,0.4286474585533142,-0.020021580159664154,0.4008527994155884,0.45154184103012085,-0.011134807020425797
0.42648717761039734,0.8340350389480591,9.214934237888883e-08,0.4676041603088379,0.8120113015174866,-0.015105645172297955,0.5048904418945312,0.7581815719604492,-0.02194814756512642,0.5213876962661743,0.7080448269844055,-0.029508426785469055,0.5026640892028809,0.6912026405334473,-0.037681177258491516,0.4673713445663452,0.6664568185806274,-0.013559465296566486,0.47746729850769043,0.5868697762489319,-0.02628904953598976,0.48696646094322205,0.5372044444084167,-0.03654323145747185,0.4943889081478119,0.49708014726638794,-0.044393450021743774,0.44225895404815674,0.6656776070594788,-0.01589258946478367,0.4488137364387512,0.5977378487586975,-0.037958476692438126,0.46463102102279663,0.6238558292388916,-0.0492851696908474,0.4705578088760376,0.6629287600517273,-0.05245998129248619,0.416731595993042,0.674900233745575,-0.0191811416298151,0.42188361287117004,0.614513635635376,-0.03814840689301491,0.4404144287109375,0.6375366449356079,-0.04122625291347504,0.4470379650592804,0.6748283505439758,-0.0388820543885231,0.38910067081451416,0.6905869245529175,-0.024015996605157852,0.3916299045085907,0.6399016976356506,-0.03738803789019585,0.4106651246547699,0.6504887342453003,-0.03823985159397125,0.42218995094299316,0.6785585880279541,-0.03604895621538162
0.422526091337204,0.8974895477294922,1.5881114734384028e-07,0.47125744819641113,0.8563709259033203,-0.015803078189492226,0.5101422071456909,0.7955502867698669,-0.022737111896276474,0.5115363597869873,0.7332767248153687,-0.031146220862865448,0.47880804538726807,0.7205811738967896,-0.040333472192287445,0.4686322808265686,0.7064530253410339,-0.0059551699087023735,0.4754292964935303,0.6258490085601807,-0.0165830310434103,0.4800530672073364,0.5740675926208496,-0.026363791897892952,0.4827194809913635,0.5322292447090149,-0.03440264239907265,0.4411049485206604,0.7060893177986145,-0.009588751010596752,0.43812572956085205,0.6282752156257629,-0.031678907573223114,0.4577299952507019,0.6440001130104065,-0.0457405149936676,0.468112587928772,0.6825951933860779,-0.05042293667793274,0.415006548166275,0.7180206179618835,-0.014576463028788567,0.4086824953556061,0.6468595862388611,-0.03349125385284424,0.43005669116973877,0.6626737117767334,-0.040736183524131775,0.44121992588043213,0.7021582722663879,-0.04091775044798851,0.38636714220046997,0.7381409406661987,-0.021355606615543365,0.3804696798324585,0.6782326698303223,-0.03435206413269043,0.3995789885520935,0.6804866790771484,-0.03797389566898346,0.4135439991950989,0.7073178291320801,-0.037946105003356934
0.41898974776268005,0.9355325698852539,1.7673725949407526e-07,0.46724429726600647,0.8902493119239807,-0.015092853456735611,0.5013656616210938,0.8247960209846497,-0.020542243495583534,0.5007592439651489,0.7651399970054626,-0.02797546796500683,0.46833452582359314,0.7593953013420105,-0.03642524778842926,0.46072688698768616,0.7331862449645996,-0.001836224109865725,0.46454060077667236,0.6506184935569763,-0.011911913752555847,0.467736154794693,0.5978552103042603,-0.022907184436917305,0.469260036945343,0.5580803155899048,-0.03177030384540558,0.43169307708740234,0.7385067939758301,-0.005797885358333588,0.4234396517276764,0.6614119410514832,-0.028158843517303467,0.43980658054351807,0.6688292026519775,-0.04550940915942192,0.4511905014514923,0.7050089836120605,-0.05259457230567932,0.4048326015472412,0.7547034621238708,-0.01118480134755373,0.3936137557029724,0.6843764185905457,-0.02975834719836712,0.41103774309158325,0.6899840831756592,-0.0403289832174778,0.4233973026275635,0.7269946932792664,-0.04297623410820961,0.3759021759033203,0.7789971232414246,-0.018384261056780815,0.3657209575176239,0.720246434211731,-0.031374190002679825,0.3806063234806061,0.7156214714050293,-0.036711517721414566,0.3944622278213501,0.7397505044937134,-0.038011275231838226
0.40848731994628906,0.967158317565918,1.0123495286507023e-07,0.4560277760028839,0.9274336099624634,-0.015576552599668503,0.49016568064689636,0.8608779907226562,-0.022066153585910797,0.49081602692604065,0.7992177605628967,-0.030342616140842438,0.4583365321159363,0.7916412949562073,-0.03945453464984894,0.4479926526546478,0.7623937129974365,-0.005677704233676195,0.454178124666214,0.6772608160972595,-0.016663888469338417,0.4582655429840088,0.6260056495666504,-0.02634059451520443,0.4609604775905609,0.5834611654281616,-0.034212324768304825,0.4189946949481964,0.7662238478660583,-0.009569434449076653,0.4172433614730835,0.6918274164199829,-0.033181384205818176,0.4312947690486908,0.7194132804870605,-0.04594242945313454,0.43953651189804077,0.7610421776771545,-0.04881782829761505,0.3909912407398224,0.7818412184715271,-0.014857824891805649,0.38451212644577026,0.7124090194702148,-0.034628503024578094,0.4018906056880951,0.7363791465759277,-0.038215599954128265,0.4124358296394348,0.7773735523223877,-0.03517162799835205,0.36143457889556885,0.8057306408882141,-0.0220185536891222,0.35291141271591187,0.7468578219413757,-0.03440583124756813,0.36945974826812744,0.7536437511444092,-0.03447282686829567,0.38262832164764404,0.7819697856903076,-0.031366463750600815
0.415910005569458,0.9897542595863342,1.3664536879787192e-07,0.4619174599647522,0.9487399458885193,-0.018011119216680527,0.49633410573005676,0.8856493830680847,-0.027167517691850662,0.49588704109191895,0.8235268592834473,-0.03806333988904953,0.4595262110233307,0.8088330626487732,-0.04965536296367645,0.45413312315940857,0.7842184901237488,-0.006407950539141893,0.46056610345840454,0.7026964426040649,-0.018946588039398193,0.4637540876865387,0.6531139016151428,-0.029524603858590126,0.4650571048259735,0.6119018793106079,-0.037965837866067886,0.42398369312286377,0.7897738814353943,-0.010316994041204453,0.41852322220802307,0.7137553691864014,-0.036433931440114975,0.43487170338630676,0.7429803609848022,-0.05111997202038765,0.44517049193382263,0.7836867570877075,-0.05469939857721329,0.396547794342041,0.8076043128967285,-0.0158764086663723,0.38693299889564514,0.7412418127059937,-0.03868020325899124,0.40749478340148926,0.7660219669342041,-0.04349106550216675,0.4201691746711731,0.8053441047668457,-0.04035971313714981,0.3682348430156708,0.8337872624397278,-0.023411154747009277,0.36012136936187744,0.7775028347969055,-0.03799407184123993,0.3778551518917084,0.7846606373786926,-0.03897910565137863,0.39130422472953796,0.8112296462059021,-0.03597813472151756
0.5354166030883789,1.0025172233581543,3.210542729448207e-07,0.579562246799469,0.9570958018302917,-0.01586855947971344,0.6162226796150208,0.9042914509773254,-0.025376642122864723,0.6197881698608398,0.8537006974220276,-0.0360700786113739,0.5963496565818787,0.8312386870384216,-0.047163888812065125,0.5709018707275391,0.8150488138198853,-0.010446155443787575,0.5743061900138855,0.7403730154037476,-0.02739822305738926,0.5808522701263428,0.6932593584060669,-0.04127456620335579,0.5888921022415161,0.6562855839729309,-0.05073199048638344,0.5449954271316528,0.8185986280441284,-0.015760932117700577,0.5399746894836426,0.7432366013526917,-0.03639207407832146,0.5610088109970093,0.7199395895004272,-0.051258865743875504,0.5816643238067627,0.7144150733947754,-0.05952576547861099,0.5206648707389832,0.8347264528274536,-0.02343527413904667,0.5146012902259827,0.7669660449028015,-0.04402116686105728,0.5431365966796875,0.763878583908081,-0.052983250468969345,0.5694901943206787,0.7811217308044434,-0.055641595274209976,0.4948559105396271,0.8602728247642517,-0.03298792988061905,0.48929375410079956,0.8036644458770752,-0.04808879643678665,0.5129883885383606,0.7983813881874084,-0.051937270909547806,0.537567675113678,0.8131133913993835,-0.05268233269453049
0.5683225989341736,0.9940623641014099,1.0950082440785991e-07,0.6127645969390869,0.9465408325195312,-0.0035127929877489805,0.6422094702720642,0.8841675519943237,-0.004300752189010382,0.6505126357078552,0.8377998471260071,-0.009469837881624699,0.6394129991531372,0.8116203546524048,-0.015198053792119026,0.6025685667991638,0.8038528561592102,0.010207101702690125,0.6008957624435425,0.7319222688674927,-0.0012796642258763313,0.6083557605743408,0.6871687173843384,-0.012265375815331936,0.6136316657066345,0.6547728776931763,-0.019686641171574593,0.5793318748474121,0.8080773949623108,0.0017087965970858932,0.5728585124015808,0.7375457286834717,-0.02044096030294895,0.6000052690505981,0.7505037188529968,-0.03625587373971939,0.6177006959915161,0.7863303422927856,-0.041689544916152954,0.5572881102561951,0.8205986022949219,-0.00828130729496479,0.5470462441444397,0.7566245794296265,-0.026065973564982414,0.575164258480072,0.7689825296401978,-0.033706411719322205,0.5949733853340149,0.8029622435569763,-0.033982906490564346,0.5351144671440125,0.8400651812553406,-0.0193327609449625,0.5239925980567932,0.7883568406105042,-0.031100770458579063,0.5458592176437378,0.7879088521003723,-0.03480398282408714,0.5662785172462463,0.8091704249382019,-0.03475002571940422
0.6049503684043884,0.9854263067245483,1.6394244539696956e-07,0.6494747400283813,0.9418662190437317,-0.011500210501253605,0.6828716993331909,0.874220609664917,-0.015693573281168938,0.6827597618103027,0.8197874426841736,-0.022044502198696136,0.6546457409858704,0.8053590655326843,-0.02898579090833664,0.6429796814918518,0.8017770051956177,0.0012232132721692324,0.6475063562393188,0.7293399572372437,-0.009621132165193558,0.6538406014442444,0.6822434067726135,-0.019817626103758812,0.656610906124115,0.64549720287323,-0.027209291234612465,0.6137981414794922,0.8032439947128296,-0.0030067525804042816,0.6066809296607971,0.7298620343208313,-0.02612883970141411,0.6288977265357971,0.7419558763504028,-0.04231733828783035,0.6421268582344055,0.7792789936065674,-0.04727897047996521,0.5878744721412659,0.8158849477767944,-0.008442769758403301,0.5808711647987366,0.7496418952941895,-0.02752133458852768,0.6053130626678467,0.757486879825592,-0.0354524664580822,0.6208431124687195,0.7901623249053955,-0.035170260816812515,0.5633703470230103,0.8377742171287537,-0.015175248496234417,0.5555161833763123,0.7816810607910156,-0.028579827398061752,0.5771409273147583,0.7762851715087891,-0.03249242156744003,0.5967564582824707,0.7959425449371338,-0.03184661269187927
0.5978697538375854,0.981624960899353,1.925600372487679e-07,0.6441883444786072,0.946300208568573,-0.01675150915980339,0.6790239214897156,0.8833891749382019,-0.02466532029211521,0.6858131885528564,0.8202418684959412,-0.034169524908065796,0.6549554467201233,0.7972431182861328,-0.0442042276263237,0.6398586630821228,0.7977929711341858,-0.0027440697886049747,0.6478284597396851,0.724638819694519,-0.012953256256878376,0.6547726392745972,0.6777487993240356,-0.022015074267983437,0.6571767330169678,0.6390288472175598,-0.029615869745612144,0.6129676103591919,0.7966499924659729,-0.006032689940184355,0.610153079032898,0.7209526896476746,-0.02921370603144169,0.6338667273521423,0.7496626377105713,-0.04261097311973572,0.6469137072563171,0.7917707562446594,-0.04575689882040024,0.5877155661582947,0.8070185780525208,-0.011010892689228058,0.5830298662185669,0.7349734306335449,-0.0306671354919672,0.6081968545913696,0.7564876079559326,-0.03473673388361931,0.6217356324195862,0.7967051267623901,-0.03196219727396965,0.559672474861145,0.826494038105011,-0.018043426796793938,0.5552575588226318,0.769447922706604,-0.0323324054479599,0.5773879885673523,0.7681725025177002,-0.03555659204721451,0.594081461429596,0.7891639471054077,-0.03465552255511284
0.590465247631073,0.9860894680023193,1.5310324386064167e-07,0.6364847421646118,0.9478642344474792,-0.01607314497232437,0.6708490252494812,0.8830546140670776,-0.023496774956583977,0.676425576210022,0.8203725814819336,-0.0326315313577652,0.6453704833984375,0.7992482781410217,-0.04217413812875748,0.6303940415382385,0.8000187873840332,-0.0026137877721339464,0.6368271112442017,0.7244724035263062,-0.012864365242421627,0.6426182985305786,0.6782902479171753,-0.022036055102944374,0.6436893939971924,0.6409137845039368,-0.029662983492016792,0.6026573777198792,0.8002685308456421,-0.00633035134524107,0.5974170565605164,0.7245965600013733,-0.030591899529099464,0.6219370365142822,0.7514621019363403,-0.0452435165643692,0.634502649307251,0.794971764087677,-0.04909045249223709,0.5773341655731201,0.811660647392273,-0.011623162776231766,0.5697848200798035,0.7418829202651978,-0.03143981099128723,0.596136212348938,0.7611502408981323,-0.037057504057884216,0.6101899147033691,0.8002023696899414,-0.03535984084010124,0.5505451560020447,0.8309481143951416,-0.01883440650999546,0.5436966419219971,0.7738820314407349,-0.03238467872142792,0.5652557611465454,0.7735792398452759,-0.035815734416246414,0.5815181732177734,0.7962220907211304,-0.03522360324859619
0.5950482487678528,0.9906890392303467,1.5655786000934313e-07,0.6390621066093445,0.9488222002983093,-0.015321679413318634,0.6704858541488647,0.8836791515350342,-0.0213202852755785,0.6706788539886475,0.8228316903114319,-0.02886495180428028,0.6396870017051697,0.801233172416687,-0.036532167345285416,0.6305684447288513,0.8088258504867554,-0.0011156410910189152,0.6354191899299622,0.7339942455291748,-0.011744159273803234,0.6407532691955566,0.6864937543869019,-0.02167276106774807,0.6411276459693909,0.6483410596847534,-0.02959658019244671,0.6024429798126221,0.8090510368347168,-0.0044433362782001495,0.5925989151000977,0.7334517240524292,-0.028449472039937973,0.617255687713623,0.7554171085357666,-0.043684061616659164,0.6304057240486145,0.7977017760276794,-0.048053041100502014,0.5777391195297241,0.8203203082084656,-0.00936373881995678,0.5672202110290527,0.7512423396110535,-0.028813598677515984,0.5927684903144836,0.7667612433433533,-0.034788209944963455,0.6071284413337708,0.8041154742240906,-0.03339894115924835,0.5524281859397888,0.8393102884292603,-0.016183067113161087,0.543914258480072,0.7854551076889038,-0.02928977459669113,0.5641746520996094,0.7824174165725708,-0.03296729922294617,0.5803343653678894,0.8019846677780151,-0.03259270265698433
0.5877153873443604,0.9946587085723877,1.499492441325856e-07,0.6330744028091431,0.9578582644462585,-0.015880031511187553,0.6654186844825745,0.8953361511230469,-0.02295382134616375,0.668048620223999,0.8362365961074829,-0.03156362473964691,0.6396510004997253,0.8103979229927063,-0.040475763380527496,0.6254260540008545,0.8169252872467041,-0.003378240391612053,0.6298344731330872,0.7425556182861328,-0.014509856700897217,0.6337155699729919,0.6940022706985474,-0.023841531947255135,0.6336331367492676,0.6558279991149902,-0.031279027462005615,0.5980305671691895,0.818388819694519,-0.007120931521058083,0.5881311893463135,0.7409459352493286,-0.0315185971558094,0.6111089587211609,0.7642439007759094,-0.04582639038562775,0.625045657157898,0.8073530197143555,-0.049176961183547974,0.573818027973175,0.8311624526977539,-0.012480896897614002,0.5642907619476318,0.7608973979949951,-0.03286624327301979,0.5880857706069946,0.7771350145339966,-0.0377182811498642,0.6020361185073853,0.8149623274803162,-0.03512885794043541,0.5489141941070557,0.8512625694274902,-0.019704248756170273,0.5403757095336914,0.7957576513290405,-0.03386580944061279,0.5600265860557556,0.7923503518104553,-0.03699488565325737,0.5762508511543274,0.8119121193885803,-0.03584543615579605
0.5843563079833984,0.9965581893920898,1.8226630515982833e-07,0.6286156177520752,0.958336353302002,-0.017460817471146584,0.6603938341140747,0.8964899182319641,-0.025658907368779182,0.6639003753662109,0.8355057835578918,-0.03531595319509506,0.6333971619606018,0.812338650226593,-0.04532638192176819,0.6204447150230408,0.8191161155700684,-0.002887682756409049,0.6263854503631592,0.7452820539474487,-0.013498199172317982,0.6319438815116882,0.6963496804237366,-0.0232416782528162,0.632697582244873,0.6567970514297485,-0.03139530494809151,0.593919575214386,0.8191195130348206,-0.006155388429760933,0.5832589268684387,0.7414142489433289,-0.030423877760767937,0.6072404384613037,0.7663536071777344,-0.04588691145181656,0.6213709115982056,0.8094485998153687,-0.05025782436132431,0.570340633392334,0.8303877711296082,-0.01104457676410675,0.5617238283157349,0.7619615197181702,-0.031578488647937775,0.587457001209259,0.7804118990898132,-0.037271901965141296,0.6018332242965698,0.8182886838912964,-0.03539208322763443,0.5461304187774658,0.8499926328659058,-0.017971372231841087,0.5386480093002319,0.7960613369941711,-0.03169560432434082,0.5587413311004639,0.7928163409233093,-0.034964874386787415,0.5744937062263489,0.8120711445808411,-0.03429201617836952
0.5885534882545471,0.995968222618103,1.8275210322826752e-07,0.6311712265014648,0.9573468565940857,-0.015322291292250156,0.659849226474762,0.8932536244392395,-0.0219496488571167,0.660555362701416,0.8344795107841492,-0.030448392033576965,0.6320344805717468,0.8104395866394043,-0.039420854300260544,0.6191712617874146,0.8185099363327026,-0.0006540896138176322,0.6249006390571594,0.7461307048797607,-0.010789387859404087,0.6295720934867859,0.6977367401123047,-0.01975473202764988,0.6301938891410828,0.6586378216743469,-0.02709721028804779,0.5930015444755554,0.8192411661148071,-0.004418224096298218,0.5871298313140869,0.7424821257591248,-0.02824636548757553,0.6110602617263794,0.7665625214576721,-0.043050963431596756,0.625396192073822,0.8099433779716492,-0.04669336974620819,0.5691952109336853,0.8307205438613892,-0.009765003807842731,0.5643932223320007,0.7611041069030762,-0.030647603794932365,0.5890401601791382,0.7812587022781372,-0.035974401980638504,0.6027455925941467,0.82072514295578,-0.033282071352005005,0.5442291498184204,0.8501877188682556,-0.016839435324072838,0.538510262966156,0.7936880588531494,-0.031039228662848473,0.5588115453720093,0.7918601632118225,-0.03378279134631157,0.5747575759887695,0.8134285807609558,-0.03224589303135872
0.5813019871711731,0.9944918155670166,1.6121465762353182e-07,0.6265910267829895,0.9582958221435547,-0.015828749164938927,0.6589223742485046,0.8968655467033386,-0.023196959868073463,0.661014199256897,0.8363475203514099,-0.032277751713991165,0.6302608251571655,0.8147833943367004,-0.04173332080245018,0.6190699338912964,0.8169876933097839,-0.002835240215063095,0.6241814494132996,0.7442559003829956,-0.013404639437794685,0.6290023326873779,0.695461094379425,-0.02248982898890972,0.6290938854217529,0.6558289527893066,-0.030185705050826073,0.591885507106781,0.8163911700248718,-0.006781409028917551,0.5802012085914612,0.7394012808799744,-0.031149055808782578,0.604762077331543,0.766335129737854,-0.04502656310796738,0.6192702054977417,0.8092691898345947,-0.048057135194540024,0.5680087804794312,0.8273607492446899,-0.012280518189072609,0.5570268630981445,0.7576274871826172,-0.033732663840055466,0.5836612582206726,0.7776740789413452,-0.0384911373257637,0.5987958312034607,0.8163958787918091,-0.035537924617528915,0.5431216359138489,0.8466916680335999,-0.019576426595449448,0.5353212356567383,0.7915309071540833,-0.03488830849528313,0.5568852424621582,0.7913870811462402,-0.03814863786101341,0.5736797451972961,0.8138002753257751,-0.036959391087293625
0.582571804523468,0.9933359622955322,1.6090834265014564e-07,0.6266356110572815,0.9574307799339294,-0.015973813831806183,0.6584616899490356,0.8951529860496521,-0.02327590063214302,0.6628881692886353,0.8344565033912659,-0.032244354486465454,0.6344699263572693,0.8086239099502563,-0.04150741174817085,0.6176451444625854,0.8178430199623108,-0.0029902528040111065,0.6237288117408752,0.7449864149093628,-0.013767126947641373,0.6293487548828125,0.696641206741333,-0.02279037795960903,0.6305339932441711,0.6573404669761658,-0.030180910602211952,0.5911999344825745,0.8169069886207581,-0.00674987118691206,0.5833833813667297,0.7412965893745422,-0.03099493868649006,0.6069755554199219,0.7686847448348999,-0.04474690183997154,0.6203821301460266,0.8121028542518616,-0.04762018471956253,0.5675087571144104,0.8277861475944519,-0.012100636959075928,0.5608255863189697,0.7598943114280701,-0.033095259219408035,0.5861619710922241,0.780944287776947,-0.03742774575948715,0.5997644066810608,0.8195914626121521,-0.03424530103802681,0.5427957773208618,0.8469541072845459,-0.019289130344986916,0.5358828902244568,0.7923533916473389,-0.033752910792827606,0.5569144487380981,0.7922870516777039,-0.03632134944200516,0.5732551217079163,0.8146343231201172,-0.03468097001314163
0.5855569243431091,0.9911167621612549,1.3707121127026767e-07,0.6274867057800293,0.9427318572998047,-0.01198340579867363,0.6552935838699341,0.8753236532211304,-0.01607734151184559,0.648787796497345,0.8208667635917664,-0.021857382729649544,0.6174845099449158,0.807953953742981,-0.02806255593895912,0.6134757399559021,0.8063861131668091,0.00051746895769611,0.6152101159095764,0.7357476353645325,-0.008342145942151546,0.618186891078949,0.6910005211830139,-0.017035992816090584,0.6169347763061523,0.6546356678009033,-0.0240619033575058,0.583622395992279,0.8090910911560059,-0.003392082406207919,0.5697762966156006,0.7372099161148071,-0.024587228894233704,0.5948370099067688,0.7569594383239746,-0.03879447281360626,0.6102211475372314,0.7976797819137573,-0.042789459228515625,0.5574792623519897,0.8220506310462952,-0.008395739831030369,0.5418441295623779,0.7567958235740662,-0.025548411533236504,0.5687001347541809,0.7693829536437988,-0.031980473548173904,0.5857570171356201,0.8043298721313477,-0.031289540231227875,0.5315292477607727,0.84287428855896,-0.014763076789677143,0.5190639495849609,0.788804829120636,-0.02625735104084015,0.5409283638000488,0.786206841468811,-0.029033822938799858,0.5603073835372925,0.806941568851471,-0.028134919703006744
0.5404525399208069,1.0009765625,2.725317074236955e-07,0.5846312046051025,0.9458037614822388,-0.008254324086010456,0.6179156303405762,0.87398362159729,-0.01135917380452156,0.6213868856430054,0.823348343372345,-0.017382504418492317,0.61412513256073,0.7928478717803955,-0.02456827461719513,0.5675731301307678,0.8072579503059387,0.004027222748845816,0.5622444152832031,0.7398896813392639,-0.010456656105816364,0.5683478713035583,0.6915677189826965,-0.024243200197815895,0.575321614742279,0.6581524610519409,-0.033218465745449066,0.542201042175293,0.8132821917533875,-0.002416600938886404,0.5363237261772156,0.7443188428878784,-0.025222167372703552,0.5679634213447571,0.7396400570869446,-0.04399458318948746,0.5946193337440491,0.7660524249076843,-0.05206059664487839,0.5188677310943604,0.8301178216934204,-0.010572938248515129,0.507699191570282,0.7650913000106812,-0.028817709535360336,0.5376700758934021,0.7591087818145752,-0.03884149715304375,0.5646423101425171,0.7817566990852356,-0.04136768728494644,0.49454444646835327,0.8583125472068787,-0.01998235285282135,0.48066964745521545,0.8061138391494751,-0.03358638659119606,0.5034837126731873,0.7923305034637451,-0.03912481293082237,0.5292943120002747,0.8023155331611633,-0.04017988219857216
0.4353047013282776,0.9846429824829102,1.5924345575513144e-07,0.48751726746559143,0.947228729724884,-0.012984842993319035,0.520706832408905,0.8832513093948364,-0.013612746261060238,0.5110333561897278,0.8304040431976318,-0.014828749001026154,0.49067994952201843,0.8078672885894775,-0.015943054109811783,0.5044127702713013,0.8181564211845398,0.005701196845620871,0.5111954212188721,0.7502644062042236,-0.0019769882783293724,0.5168564319610596,0.7074562907218933,-0.010437189601361752,0.5239922404289246,0.6768090128898621,-0.016760019585490227,0.47644078731536865,0.818593442440033,0.005466418340802193,0.4766623079776764,0.7636093497276306,-0.012170234695076942,0.4778848886489868,0.7609013915061951,-0.026956593617796898,0.48006489872932434,0.776166558265686,-0.032608576118946075,0.45166003704071045,0.8272340297698975,0.003272964619100094,0.4530879855155945,0.7764611840248108,-0.012202934361994267,0.45688486099243164,0.7762501239776611,-0.01994265243411064,0.4610341489315033,0.7967717051506042,-0.02050105668604374,0.4286320209503174,0.8442385196685791,-0.00036443074350245297,0.4305192828178406,0.8039470314979553,-0.010524993762373924,0.4383864104747772,0.7968125343322754,-0.013503078371286392,0.44766923785209656,0.8056185841560364,-0.012547117657959461
0.33167922496795654,0.9565562009811401,-2.2103627372871415e-08,0.37342286109924316,0.921786367893219,-0.0014960067346692085,0.4153606593608856,0.8752486109733582,0.0026752992998808622,0.43298837542533875,0.8334495425224304,0.003465853165835142,0.4315822720527649,0.7972548604011536,0.004873265512287617,0.4219800531864166,0.8207215070724487,0.019796008244156837,0.4395279288291931,0.7554795742034912,0.0143570676445961,0.4400063455104828,0.7048158645629883,0.006971911992877722,0.43774381279945374,0.666813850402832,0.0008519218536093831,0.4081067740917206,0.8168459534645081,0.014244859106838703,0.4165647029876709,0.7614097595214844,0.0005440121749415994,0.40925076603889465,0.7566502690315247,-0.012297539971768856,0.3990488648414612,0.768153965473175,-0.017706308513879776,0.39493560791015625,0.8211387395858765,0.007146782241761684,0.4028591513633728,0.7689226269721985,-0.005228640045970678,0.3940493166446686,0.7620254755020142,-0.009195937775075436,0.3823636770248413,0.773370623588562,-0.008138393983244896,0.3835614025592804,0.8339093923568726,-0.0007584503036923707,0.3906998932361603,0.7905150055885315,-0.007672467734664679,0.3857772648334503,0.7778212428092957,-0.007083168253302574,0.377530038356781,0.7834059000015259,-0.004049680195748806
0.28091681003570557,0.9492671489715576,-7.547193803247865e-08,0.2932080924510956,0.8904147744178772,0.004897948820143938,0.31021299958229065,0.8292081356048584,0.011791089549660683,0.317478209733963,0.7847442626953125,0.012897285632789135,0.3165954053401947,0.753291130065918,0.014100081287324429,0.33112961053848267,0.7867002487182617,0.02928241342306137,0.35151755809783936,0.7261407971382141,0.025728940963745117,0.3594813048839569,0.6863008737564087,0.019469916820526123,0.36453813314437866,0.6544278860092163,0.014194547198712826,0.3310204744338989,0.7895844578742981,0.0202208012342453,0.3371576964855194,0.732319176197052,0.005337641574442387,0.3189476430416107,0.7311604619026184,-0.007634574547410011,0.29957717657089233,0.7464439868927002,-0.011590695008635521,0.33042019605636597,0.7979614734649658,0.00942547433078289,0.33362653851509094,0.7442664504051208,-0.003809065790846944,0.314364492893219,0.7422715425491333,-0.010302524082362652,0.29492488503456116,0.7565752863883972,-0.009944514371454716,0.3298729360103607,0.8138183355331421,-0.0015913750976324081,0.3287500739097595,0.7694463729858398,-0.008145445957779884,0.314174085855484,0.7592670917510986,-0.008779529482126236,0.2987738847732544,0.7658666968345642,-0.006463466212153435
0.2041226625442505,0.9267127513885498,1.0715498177660265e-07,0.24270585179328918,0.8946207165718079,-0.005834621377289295,0.27223703265190125,0.8397737741470337,-0.001075457432307303,0.2709149718284607,0.7899536490440369,0.0007068255799822509,0.25768980383872986,0.7582173943519592,0.003026788355782628,0.268902450799942,0.7894846200942993,0.018465176224708557,0.2857391834259033,0.7280461192131042,0.014172668568789959,0.29258278012275696,0.6799246668815613,0.008274367079138756,0.29737672209739685,0.6428576111793518,0.003460665699094534,0.24496331810951233,0.7816286087036133,0.015653476119041443,0.25373852252960205,0.72444748878479,-0.0008775770547799766,0.24523083865642548,0.7242667078971863,-0.014004173688590527,0.2354891151189804,0.7436273097991943,-0.017296364530920982,0.22425760328769684,0.7819870114326477,0.01109054684638977,0.2340119332075119,0.7286715507507324,-0.006628650240600109,0.22634373605251312,0.7327678799629211,-0.014322137460112572,0.2176002860069275,0.7572281956672668,-0.012679400853812695,0.2053871899843216,0.7877724170684814,0.005809127353131771,0.21468128263950348,0.746185302734375,-0.006242840085178614,0.2163054198026657,0.7417710423469543,-0.009282021783292294,0.21563668549060822,0.758854329586029,-0.007116048596799374
0.17038476467132568,0.9344993233680725,1.472945143632387e-07,0.20855599641799927,0.888482928276062,-0.012222646735608578,0.2348557561635971,0.8285195827484131,-0.013981714844703674,0.2265198677778244,0.776718020439148,-0.01652170531451702,0.2020939141511917,0.7546051144599915,-0.019474158063530922,0.21140824258327484,0.7696273326873779,0.0023535420186817646,0.21579529345035553,0.7040750980377197,-0.0060568866319954395,0.21700294315814972,0.6616442203521729,-0.01477315928786993,0.2181989848613739,0.6298240423202515,-0.021572286263108253,0.1830495148897171,0.7704939246177673,0.0007509952411055565,0.17747096717357635,0.7088050842285156,-0.01683497242629528,0.18575064837932587,0.710253119468689,-0.03125962242484093,0.1934601068496704,0.7332583665847778,-0.03781598433852196,0.15781965851783752,0.7809610962867737,-0.002633646596223116,0.15133367478847504,0.722973108291626,-0.018259046599268913,0.16127151250839233,0.7204012274742126,-0.028425075113773346,0.17033764719963074,0.7432743310928345,-0.031981974840164185,0.13213148713111877,0.7994872331619263,-0.00742295803502202,0.1256391406059265,0.7540178298950195,-0.01909676007926464,0.1361972987651825,0.7416075468063354,-0.026082364842295647,0.14957456290721893,0.7494053840637207,-0.029247578233480453
0.16051656007766724,0.941279411315918,1.6366794852729072e-07,0.19699588418006897,0.8938726186752319,-0.017990559339523315,0.22010940313339233,0.8320627808570862,-0.02188212424516678,0.2106647789478302,0.7787083387374878,-0.025659063830971718,0.18414084613323212,0.7554625868797302,-0.029351355507969856,0.19604186713695526,0.7753598093986511,0.0003229612484574318,0.20318689942359924,0.7095353603363037,-0.008181629702448845,0.2028656154870987,0.6681255102157593,-0.018164588138461113,0.20342056453227997,0.6358805894851685,-0.02613755315542221,0.1671002358198166,0.7773844599723816,0.0012359034735709429,0.15915550291538239,0.7129049897193909,-0.016871606931090355,0.16105884313583374,0.7154358625411987,-0.03375900909304619,0.16667461395263672,0.741470992565155,-0.04211009666323662,0.14151881635189056,0.7883285880088806,2.057073061223491e-06,0.13191908597946167,0.7319631576538086,-0.01553063839673996,0.13616040349006653,0.7274856567382812,-0.02881365455687046,0.1436460316181183,0.752743124961853,-0.0349002443253994,0.11710719764232635,0.8068403601646423,-0.003038506954908371,0.1083960086107254,0.7618139982223511,-0.014439981430768967,0.11492986977100372,0.7499684691429138,-0.022825423628091812,0.125784769654274,0.7617185115814209,-0.027291106060147285
0.16197220981121063,0.9389426708221436,1.5017363352853863e-07,0.19926249980926514,0.8923182487487793,-0.016472697257995605,0.22379061579704285,0.833271324634552,-0.019503967836499214,0.21115893125534058,0.78394615650177,-0.02266572415828705,0.18348722159862518,0.7681923508644104,-0.025718355551362038,0.19910788536071777,0.7735052704811096,0.002741378964856267,0.20449303090572357,0.7098345756530762,-0.004758215043693781,0.20346806943416595,0.6694273948669434,-0.014186718501150608,0.2027873545885086,0.6382886171340942,-0.021795406937599182,0.1700456142425537,0.7754630446434021,0.0030424892902374268,0.16233645379543304,0.7140254378318787,-0.01424525585025549,0.1631499081850052,0.7179433703422546,-0.030751563608646393,0.16759076714515686,0.7440377473831177,-0.038546372205019,0.14445960521697998,0.7858625054359436,0.001368407509289682,0.13450920581817627,0.7313027381896973,-0.01368764415383339,0.13801731169223785,0.7293058633804321,-0.026563001796603203,0.14538736641407013,0.7555302977561951,-0.03194736689329147,0.11982595175504684,0.8040661215782166,-0.001968109281733632,0.10983218252658844,0.7611154913902283,-0.01266047079116106,0.11571605503559113,0.7520444393157959,-0.01989203505218029,0.12638261914253235,0.765816867351532,-0.023188844323158264
0.16248540580272675,0.9325580596923828,1.6391523161018995e-07,0.20027245581150055,0.8836570382118225,-0.015031548216938972,0.22175288200378418,0.8235881328582764,-0.016814127564430237,0.20956912636756897,0.7731236219406128,-0.018981169909238815,0.18546520173549652,0.7497279047966003,-0.02090056985616684,0.20065346360206604,0.7696256041526794,0.00569768063724041,0.20831958949565887,0.7071978449821472,-0.0010363879846408963,0.2081427276134491,0.667687177658081,-0.009771411307156086,0.20808322727680206,0.6369591951370239,-0.016840720549225807,0.17201155424118042,0.7709904313087463,0.006080823019146919,0.1661120355129242,0.7100589275360107,-0.010242793709039688,0.1674376279115677,0.7118899822235107,-0.026049906387925148,0.17154960334300995,0.7366601228713989,-0.03362788259983063,0.1463371366262436,0.7805472612380981,0.004278094973415136,0.1382160782814026,0.7262182831764221,-0.010193954221904278,0.14192485809326172,0.7219755053520203,-0.022965943440794945,0.14820030331611633,0.7459532022476196,-0.02859427221119404,0.12130892276763916,0.7974724769592285,0.000936889904551208,0.11316291987895966,0.7550434470176697,-0.009680096991360188,0.11956625431776047,0.7455447316169739,-0.01720375195145607,0.12984775006771088,0.7576474547386169,-0.02088181860744953
0.16649490594863892,0.9284578561782837,1.7893995618578629e-07,0.204574853181839,0.8761504292488098,-0.01318255066871643,0.22644609212875366,0.8170949816703796,-0.015544150955975056,0.21082773804664612,0.7714824080467224,-0.018904270604252815,0.18181131780147552,0.762157142162323,-0.022430697456002235,0.20106592774391174,0.7632304430007935,0.005534644704312086,0.2044733166694641,0.7031777501106262,-0.002018528524786234,0.20314553380012512,0.664455771446228,-0.011082656681537628,0.2027321606874466,0.6334425210952759,-0.01837325654923916,0.1726272702217102,0.7662765979766846,0.004310497082769871,0.1661531776189804,0.7094170451164246,-0.012425816617906094,0.1691453903913498,0.7060192227363586,-0.027791770175099373,0.1738695502281189,0.7219207286834717,-0.03484485298395157,0.1482107937335968,0.777702808380127,0.0011114480439573526,0.1412588506937027,0.7264420390129089,-0.013778896071016788,0.14901135861873627,0.7225823402404785,-0.024454914033412933,0.15910929441452026,0.7408865094184875,-0.027996955439448357,0.12512382864952087,0.7964937686920166,-0.003593703731894493,0.11695989966392517,0.756441593170166,-0.01345877256244421,0.1260039210319519,0.747397243976593,-0.018583498895168304,0.139135479927063,0.7563952207565308,-0.02020268328487873
0.2092161774635315,0.8827597498893738,2.1725050203258434e-07,0.2555108666419983,0.8287213444709778,-0.0035879078786820173,0.2848770320415497,0.7668587565422058,-0.0005608220817521214,0.28352677822113037,0.7153476476669312,-0.000674129172693938,0.2744101881980896,0.6809762716293335,-0.0011960596311837435,0.2522984743118286,0.7181766629219055,0.0194280743598938,0.2537527084350586,0.6603867411613464,0.013414902612566948,0.25793546438217163,0.620569109916687,0.0044936928898096085,0.26177293062210083,0.594509482383728,-0.0013590713497251272,0.223880335688591,0.7177073359489441,0.015889156609773636,0.22670738399028778,0.6570574641227722,0.0026082557160407305,0.23780199885368347,0.6647335886955261,-0.010834229178726673,0.2438688725233078,0.694681704044342,-0.01557663083076477,0.1970122754573822,0.7238175272941589,0.01057982724159956,0.2004108726978302,0.6669517159461975,-0.0002476014196872711,0.21058772504329681,0.6742924451828003,-0.005215682089328766,0.21623975038528442,0.7039669752120972,-0.00431993929669261,0.17005407810211182,0.7382040619850159,0.004424276761710644,0.1712285727262497,0.6907482147216797,-0.0018241462530568242,0.18336333334445953,0.6893614530563354,-0.0016713407821953297,0.19194117188453674,0.707894504070282,0.0014464054256677628
0.5125427842140198,0.5571712255477905,2.614826541957882e-07,0.5609055757522583,0.5046599507331848,-0.005958103109151125,0.5928913354873657,0.440193235874176,-0.0038450981955975294,0.5998423099517822,0.3846764862537384,-0.0057341838255524635,0.5882007479667664,0.3467291593551636,-0.006986703258007765,0.5599186420440674,0.37651702761650085,0.025345345959067345,0.5689855813980103,0.3041926622390747,0.020177649334073067,0.5776976346969604,0.25561124086380005,0.011895104311406612,0.5849435329437256,0.21828675270080566,0.0057487390004098415,0.5360143780708313,0.3719384968280792,0.0205535888671875,0.5378301739692688,0.3027378022670746,0.0011066538281738758,0.5545893311500549,0.29621291160583496,-0.017337849363684654,0.5643612146377563,0.32214656472206116,-0.024211999028921127,0.5116779804229736,0.37344327569007874,0.01324397698044777,0.5177194476127625,0.30544114112854004,-0.0028333684895187616,0.5366681218147278,0.2989543378353119,-0.01460119616240263,0.5481826066970825,0.3277342915534973,-0.016832152381539345,0.4869338274002075,0.3804892897605896,0.004665405955165625,0.4884859025478363,0.32243603467941284,-0.0045294929295778275,0.5040410757064819,0.3072723150253296,-0.009788772091269493,0.5179407000541687,0.3201482594013214,-0.010482823476195335
0.4297952950000763,0.640651285648346,-4.1061568367695145e-07,0.3986048698425293,0.5393326878547668,0.0040374635718762875,0.4025849401950836,0.44154515862464905,0.007512110751122236,0.4347061812877655,0.3713928759098053,0.0029995967634022236,0.4785754680633545,0.3391745686531067,0.00013120069343131036,0.4505719542503357,0.43353432416915894,0.038451436907052994,0.4728950262069702,0.36196792125701904,0.022552059963345528,0.45155274868011475,0.35868555307388306,0.0072932676412165165,0.43385013937950134,0.37889689207077026,0.0004239375120960176,0.4842001795768738,0.4497095048427582,0.02806522138416767,0.5021368265151978,0.382628858089447,0.011295212432742119,0.46966952085494995,0.39288175106048584,-0.004160251468420029,0.4460707902908325,0.42602843046188354,-0.008409285917878151,0.5181387662887573,0.47362208366394043,0.014051727950572968,0.5306135416030884,0.4084354341030121,-0.0010277825640514493,0.49352648854255676,0.42696717381477356,-0.0019254578510299325,0.47064483165740967,0.47055453062057495,0.004366069566458464,0.5508503317832947,0.5062125325202942,-0.0005084419972263277,0.5615782141685486,0.44294309616088867,-0.004010799340903759,0.5271628499031067,0.44927534461021423,0.004678132012486458,0.5015172958374023,0.4867354929447174,0.014865126460790634
0.3922024667263031,0.774315595626831,3.292203416549455e-07,0.4606543779373169,0.7154519557952881,-0.039933398365974426,0.5095935463905334,0.595586895942688,-0.05206600949168205,0.4960557520389557,0.4897081255912781,-0.06343255937099457,0.43758535385131836,0.44902536273002625,-0.0754261463880539,0.44049781560897827,0.4569719731807709,-0.009491090662777424,0.44153958559036255,0.328039288520813,-0.023981094360351562,0.4368610084056854,0.2468467652797699,-0.03957453370094299,0.43128490447998047,0.18569660186767578,-0.05302039161324501,0.38978615403175354,0.4640354514122009,-0.006365026347339153,0.3696420192718506,0.34856826066970825,-0.043532077223062515,0.3940589725971222,0.37667325139045715,-0.0738755390048027,0.41943347454071045,0.4422449469566345,-0.08646737784147263,0.3448552191257477,0.49018150568008423,-0.006698301061987877,0.3207440972328186,0.38582471013069153,-0.039433419704437256,0.3440554440021515,0.3987988829612732,-0.06094394624233246,0.3678947985172272,0.4586596190929413,-0.06791161745786667,0.2999224364757538,0.5320167541503906,-0.01058105193078518,0.2758379578590393,0.4423445761203766,-0.03523362800478935,0.29638445377349854,0.4305422902107239,-0.048873309046030045,0.32267045974731445,0.4643702805042267,-0.05416039004921913
0.40762731432914734,0.7942078113555908,2.6189533741671767e-07,0.47981026768684387,0.7263542413711548,-0.037309013307094574,0.5311772227287292,0.61055588722229,-0.05092384293675423,0.5176502466201782,0.5068125128746033,-0.06476889550685883,0.46055424213409424,0.46897998452186584,-0.07897169888019562,0.459733784198761,0.4698074162006378,-0.01036105863749981,0.4593392014503479,0.3406166434288025,-0.028741484507918358,0.4546535611152649,0.2600230276584625,-0.04605305567383766,0.4495638906955719,0.19611307978630066,-0.06036433205008507,0.40969979763031006,0.4740799367427826,-0.010070258751511574,0.3978363871574402,0.3539887070655823,-0.05082016438245773,0.42487427592277527,0.38580989837646484,-0.08019226789474487,0.44801732897758484,0.45299190282821655,-0.09137868881225586,0.36536431312561035,0.4988158941268921,-0.013244984671473503,0.34582483768463135,0.38670864701271057,-0.04770689457654953,0.373839408159256,0.405844509601593,-0.06489664316177368,0.3990394175052643,0.4675755202770233,-0.06840504705905914,0.3195769488811493,0.5401483774185181,-0.020167766138911247,0.29906874895095825,0.449113130569458,-0.045512180775403976,0.32344165444374084,0.4384288489818573,-0.05728724226355553,0.35138577222824097,0.468790739774704,-0.06100320816040039
0.37852177023887634,0.8095289468765259,3.1900114549898717e-07,0.4482639729976654,0.738254189491272,-0.040639396756887436,0.49993863701820374,0.6208053827285767,-0.052700307220220566,0.4837031066417694,0.5156546235084534,-0.06555037945508957,0.42138540744781494,0.4772663712501526,-0.07875367999076843,0.4350334405899048,0.479553759098053,-0.0025710416957736015,0.4375922381877899,0.3446805477142334,-0.018862150609493256,0.4331216514110565,0.26236724853515625,-0.03860052302479744,0.43033185601234436,0.19999492168426514,-0.0556209534406662,0.38456159830093384,0.4849567711353302,-0.0005635847919620574,0.3656744956970215,0.3692243695259094,-0.04255199432373047,0.3860505223274231,0.3850151300430298,-0.08268992602825165,0.40903130173683167,0.4439188241958618,-0.10327883064746857,0.3391142785549164,0.5075612664222717,-0.002769344486296177,0.3141261041164398,0.3984880745410919,-0.03946617990732193,0.33376479148864746,0.4023476243019104,-0.07305791229009628,0.3569220304489136,0.46532106399536133,-0.08899808675050735,0.29313674569129944,0.5458109378814697,-0.008767716586589813,0.2703256607055664,0.4577861726284027,-0.036806248128414154,0.2883117198944092,0.4423249661922455,-0.06024783477187157,0.3149378001689911,0.47781774401664734,-0.07380799204111099
0.3762695789337158,0.8162146806716919,2.634901647979859e-07,0.4462449252605438,0.7450321912765503,-0.042262475937604904,0.49833646416664124,0.630412220954895,-0.05776694044470787,0.481670081615448,0.526548445224762,-0.07323729246854782,0.42219278216362,0.4802384674549103,-0.0885552167892456,0.4313429594039917,0.48041030764579773,-0.00863512884825468,0.4329102039337158,0.34713083505630493,-0.027429290115833282,0.4291346073150635,0.2665116786956787,-0.045712415128946304,0.42478063702583313,0.20250296592712402,-0.06066731736063957,0.3802398145198822,0.48715901374816895,-0.006587957963347435,0.3636104166507721,0.36766666173934937,-0.048964258283376694,0.38519343733787537,0.4078279733657837,-0.0812656357884407,0.40536367893218994,0.4748882055282593,-0.094293974339962,0.33403196930885315,0.5125696659088135,-0.008782828226685524,0.3112144470214844,0.40534573793411255,-0.047012221068143845,0.33525550365448,0.4291842579841614,-0.06849837303161621,0.35741791129112244,0.49330267310142517,-0.07392540574073792,0.28614649176597595,0.5523634552955627,-0.014875468797981739,0.26334434747695923,0.459055632352829,-0.042419303208589554,0.2849017381668091,0.4547273516654968,-0.05568360909819603,0.31003338098526,0.49302855134010315,-0.05993599444627762
0.3629100024700165,0.8159158229827881,2.2080656947309762e-07,0.433504194021225,0.7471204996109009,-0.04277271404862404,0.4852539896965027,0.6356063485145569,-0.05825478956103325,0.4692966043949127,0.5328036546707153,-0.07344534993171692,0.4103471338748932,0.49017465114593506,-0.08858951926231384,0.4220593571662903,0.48454269766807556,-0.012146568857133389,0.4264589250087738,0.35111141204833984,-0.031366754323244095,0.4232519567012787,0.2713126242160797,-0.05030505359172821,0.4194839894771576,0.20597398281097412,-0.06617653369903564,0.3695946931838989,0.49047568440437317,-0.010144606232643127,0.3511703312397003,0.37115445733070374,-0.05351709574460983,0.3693098723888397,0.41261181235313416,-0.08678263425827026,0.3870041072368622,0.47788986563682556,-0.10090798139572144,0.32311171293258667,0.5147656798362732,-0.012092232704162598,0.2999070882797241,0.4090709686279297,-0.05119321495294571,0.3216068148612976,0.43313470482826233,-0.07434237003326416,0.34139418601989746,0.4968392252922058,-0.08119102567434311,0.27653467655181885,0.5525004267692566,-0.01783696562051773,0.2551598846912384,0.45918840169906616,-0.045464787632226944,0.2754996120929718,0.4582644999027252,-0.05919905751943588,0.2979532778263092,0.4994996190071106,-0.06422359496355057
0.3633975386619568,0.8110381364822388,2.422607963126211e-07,0.43301674723625183,0.7435562610626221,-0.04076817259192467,0.4846094250679016,0.6335288286209106,-0.05617086589336395,0.47130247950553894,0.5298109650611877,-0.07151766121387482,0.41259148716926575,0.4880339801311493,-0.08694302290678024,0.4214581847190857,0.4838300347328186,-0.01141342706978321,0.4246912896633148,0.35327276587486267,-0.03022744320333004,0.42262816429138184,0.27408307790756226,-0.04803941771388054,0.4197806715965271,0.20959845185279846,-0.0628306046128273,0.3712099492549896,0.48822569847106934,-0.010115604847669601,0.35669559240341187,0.3691411316394806,-0.05157150700688362,0.3775760531425476,0.4103601574897766,-0.08154035359621048,0.39585956931114197,0.47617974877357483,-0.09322387725114822,0.3255874812602997,0.5122340321540833,-0.012682124972343445,0.3047860264778137,0.40400099754333496,-0.050764817744493484,0.32843852043151855,0.4317740499973297,-0.06966710835695267,0.34845128655433655,0.4965953528881073,-0.07332739979028702,0.2780691385269165,0.5503928661346436,-0.01897304691374302,0.25753116607666016,0.45656880736351013,-0.04661913961172104,0.27899807691574097,0.4571021497249603,-0.057976722717285156,0.30130019783973694,0.49901083111763,-0.06074443459510803
0.30939361453056335,0.828628659248352,2.710783917336812e-07,0.3706822395324707,0.7627073526382446,-0.03931464999914169,0.42068934440612793,0.6562992930412292,-0.053697340190410614,0.4049021601676941,0.5623225569725037,-0.0681488886475563,0.3465409278869629,0.5230239033699036,-0.08307238668203354,0.36484378576278687,0.5105957388877869,-0.014896614477038383,0.3713567554950714,0.3799920082092285,-0.034312475472688675,0.3712958097457886,0.3007005453109741,-0.05358647182583809,0.37141555547714233,0.23794731497764587,-0.06984436511993408,0.3142838478088379,0.5142132043838501,-0.01504280511289835,0.2994369864463806,0.39408284425735474,-0.057444535195827484,0.31917068362236023,0.4250360131263733,-0.09211821109056473,0.3368849456310272,0.4871870279312134,-0.10872791707515717,0.2682352066040039,0.5374003052711487,-0.018625305965542793,0.24654892086982727,0.42794477939605713,-0.056888241320848465,0.2663729190826416,0.44746333360671997,-0.08446839451789856,0.2838026285171509,0.5120152831077576,-0.09598855674266815,0.22165876626968384,0.5761639475822449,-0.025493087247014046,0.20261040329933167,0.4860352873802185,-0.05405228212475777,0.22207854688167572,0.4864073693752289,-0.07219399511814117,0.24259313941001892,0.5299572348594666,-0.08170758187770844
0.3153759241104126,0.8259152173995972,2.315072151759523e-07,0.3801165223121643,0.7558846473693848,-0.03731155022978783,0.4318861663341522,0.6471989154815674,-0.05000618100166321,0.41269251704216003,0.5533491969108582,-0.06257683038711548,0.35611364245414734,0.520821750164032,-0.07524716109037399,0.3701459467411041,0.5012320280075073,-0.009474093094468117,0.37423551082611084,0.37266314029693604,-0.02711602859199047,0.3731270432472229,0.29390081763267517,-0.04525621607899666,0.37193602323532104,0.2322935163974762,-0.060098085552453995,0.31908103823661804,0.5077543258666992,-0.008594071492552757,0.3026943504810333,0.3917762339115143,-0.04627343639731407,0.31967487931251526,0.42021942138671875,-0.0774732455611229,0.33715471625328064,0.47992366552352905,-0.09172683954238892,0.2736601233482361,0.5322993993759155,-0.011166761629283428,0.25240546464920044,0.42701441049575806,-0.044852323830127716,0.27112841606140137,0.4424497187137604,-0.06766262650489807,0.2896482050418854,0.5012751221656799,-0.07607864588499069,0.22743099927902222,0.572199285030365,-0.01711263135075569,0.20257596671581268,0.4828827679157257,-0.04182833805680275,0.2221250832080841,0.4802602231502533,-0.05510321632027626,0.24575823545455933,0.5203183889389038,-0.060528893023729324
0.33078816533088684,0.8184241056442261,2.3265857862497796e-07,0.4010030925273895,0.7480480670928955,-0.04057488590478897,0.4544151723384857,0.6343637704849243,-0.055227700620889664,0.439331591129303,0.5307891964912415,-0.06913360208272934,0.3802168667316437,0.4911990761756897,-0.08308664709329605,0.38807517290115356,0.4932415783405304,-0.01714606024324894,0.39257869124412537,0.35885950922966003,-0.03683376684784889,0.39141738414764404,0.2770460247993469,-0.05487293750047684,0.389112651348114,0.21150004863739014,-0.06970556080341339,0.33659839630126953,0.4977211058139801,-0.015659473836421967,0.31629619002342224,0.3727779984474182,-0.05666948854923248,0.3385313153266907,0.4114735722541809,-0.08578784763813019,0.3590485751628876,0.47601160407066345,-0.09755519032478333,0.29095458984375,0.5213513970375061,-0.01766030490398407,0.2688030004501343,0.4083027243614197,-0.05506005510687828,0.29419630765914917,0.43381571769714355,-0.07429149001836777,0.31518712639808655,0.4983940124511719,-0.07892564684152603,0.24442695081233978,0.5587366223335266,-0.02324589714407921,0.22287295758724213,0.4615098237991333,-0.05098479241132736,0.2461501508951187,0.4609524607658386,-0.06320282071828842,0.2698977589607239,0.5039928555488586,-0.06701948493719101
0.3726274073123932,0.8167207837104797,2.8987665245949756e-07,0.44431158900260925,0.7453740835189819,-0.030427733436226845,0.4965442419052124,0.6386756896972656,-0.04154544696211815,0.48983970284461975,0.5427606701850891,-0.05528457835316658,0.4358297288417816,0.5046034455299377,-0.06938067823648453,0.4329434633255005,0.4940025508403778,0.0009757003863342106,0.43792855739593506,0.36240917444229126,-0.015470237471163273,0.4384877681732178,0.28142526745796204,-0.03344998136162758,0.4375664293766022,0.2166987657546997,-0.04822848364710808,0.38535231351852417,0.4987102746963501,-0.0014864045660942793,0.3723539412021637,0.3835877478122711,-0.04068547487258911,0.3997965455055237,0.3985675573348999,-0.07377439737319946,0.4234786033630371,0.4539903402328491,-0.08875534683465958,0.34085720777511597,0.5192261934280396,-0.007369542960077524,0.32350319623947144,0.4097321927547455,-0.04048515111207962,0.35237812995910645,0.4241459369659424,-0.062498029321432114,0.37659844756126404,0.48651841282844543,-0.06972720474004745,0.29547104239463806,0.5533410906791687,-0.016525758430361748,0.2763501703739166,0.4628642201423645,-0.04022281989455223,0.30091357231140137,0.45726320147514343,-0.0535467267036438,0.327901154756546,0.4955466091632843,-0.05878545343875885
0.4018482267856598,0.8189607262611389,2.488923769305984e-07,0.4796186089515686,0.7580898404121399,-0.030614987015724182,0.5366117358207703,0.6510680317878723,-0.04306520149111748,0.5375591516494751,0.5528351664543152,-0.05742351710796356,0.4857865869998932,0.5104936361312866,-0.07291474938392639,0.4694775938987732,0.49761995673179626,-0.009692873805761337,0.4796600043773651,0.3659347891807556,-0.030044296756386757,0.48546236753463745,0.284831702709198,-0.049196790903806686,0.4881993234157562,0.2212546169757843,-0.06430982053279877,0.42151984572410583,0.5032122731208801,-0.012985623441636562,0.41495341062545776,0.3786175847053528,-0.05437912046909332,0.4449906647205353,0.408694326877594,-0.08465576171875,0.4665183424949646,0.4730350971221924,-0.09731382876634598,0.37644219398498535,0.5268410444259644,-0.01918761618435383,0.36201566457748413,0.4099169969558716,-0.05394113436341286,0.393783301115036,0.43185681104660034,-0.0715593546628952,0.4166847765445709,0.49420568346977234,-0.0759086012840271,0.32977843284606934,0.563339114189148,-0.028436580672860146,0.3133746087551117,0.4691552519798279,-0.05360860750079155,0.34124985337257385,0.4657779037952423,-0.06499157100915909,0.3673627972602844,0.5009635090827942,-0.06893458962440491
0.4023154377937317,0.820469856262207,2.7463312335385126e-07,0.4797632694244385,0.7656563520431519,-0.038469161838293076,0.5395509600639343,0.6581935286521912,-0.055190421640872955,0.5414109230041504,0.5529770255088806,-0.07325530052185059,0.48469728231430054,0.5056360960006714,-0.09222114086151123,0.4752582907676697,0.4991695284843445,-0.016747085377573967,0.4877125024795532,0.36382943391799927,-0.03806469216942787,0.4933033585548401,0.2801154553890228,-0.05633210390806198,0.49586549401283264,0.21252930164337158,-0.07135409861803055,0.42601555585861206,0.501922607421875,-0.018941417336463928,0.41999128460884094,0.3729873299598694,-0.06500309705734253,0.4495786726474762,0.4162346422672272,-0.09586310386657715,0.46900105476379395,0.48449987173080444,-0.10730630904436111,0.3799578547477722,0.5241463780403137,-0.02442835085093975,0.36670035123825073,0.40495240688323975,-0.06577560305595398,0.3993667960166931,0.44022512435913086,-0.08409146964550018,0.41948822140693665,0.5103036761283875,-0.0868755355477333,0.3313906192779541,0.5589083433151245,-0.03342454880475998,0.3208460211753845,0.4590032398700714,-0.0634489357471466,0.3496721386909485,0.4654577970504761,-0.07535971701145172,0.37204504013061523,0.5109420418739319,-0.07863833010196686
0.39456236362457275,0.8263992071151733,2.964655436699104e-07,0.47396498918533325,0.7700397968292236,-0.044065069407224655,0.5341127514839172,0.6643437147140503,-0.06451833248138428,0.529370903968811,0.5557546019554138,-0.08545082807540894,0.4663180112838745,0.5135093331336975,-0.10738451033830643,0.4715198278427124,0.49945497512817383,-0.02165912836790085,0.48136910796165466,0.3621442914009094,-0.044498782604932785,0.48503220081329346,0.27664726972579956,-0.06476297974586487,0.4854086637496948,0.20732226967811584,-0.08169439435005188,0.41849541664123535,0.5047681331634521,-0.02242090366780758,0.40213507413864136,0.37362897396087646,-0.07026664912700653,0.4298561215400696,0.4204097092151642,-0.10230178385972977,0.45009636878967285,0.4876863956451416,-0.11459757387638092,0.3702855110168457,0.5301104784011841,-0.02684202790260315,0.34904712438583374,0.41083139181137085,-0.07012464106082916,0.38189560174942017,0.44754457473754883,-0.08894727379083633,0.4034908711910248,0.5173608064651489,-0.0918271541595459,0.321083128452301,0.5682376027107239,-0.03525107353925705,0.3067300021648407,0.46881330013275146,-0.06635140627622604,0.33438819646835327,0.47753921151161194,-0.07816869020462036,0.3560262620449066,0.5251075029373169,-0.08132006227970123
0.37751099467277527,0.8415718078613281,2.592235262000031e-07,0.4606276750564575,0.7874633073806763,-0.04111858829855919,0.5280244946479797,0.6744037866592407,-0.05614658445119858,0.5287209749221802,0.5583571791648865,-0.07139666378498077,0.46729257702827454,0.5184198021888733,-0.08687549829483032,0.46956390142440796,0.5068693161010742,-0.010924097150564194,0.4866163432598114,0.36795902252197266,-0.028194189071655273,0.493910551071167,0.2825258672237396,-0.045012056827545166,0.4972582757472992,0.21429094672203064,-0.059412505477666855,0.4170391857624054,0.5049158930778503,-0.009685728698968887,0.41246989369392395,0.3760265111923218,-0.05063724145293236,0.43507277965545654,0.41988155245780945,-0.08047959208488464,0.44944095611572266,0.49037042260169983,-0.09179328382015228,0.3678179681301117,0.5220953226089478,-0.012084697373211384,0.35751399397850037,0.40262988209724426,-0.04911132901906967,0.3838115334510803,0.4335198998451233,-0.0680215135216713,0.39911261200904846,0.5050268769264221,-0.07179252058267593,0.31490200757980347,0.5529223084449768,-0.018330847844481468,0.3038520812988281,0.44962412118911743,-0.04540185630321503,0.3295287489891052,0.45348238945007324,-0.056779894977808,0.3500291705131531,0.5033416748046875,-0.059633925557136536
0.39113569259643555,0.860171914100647,3.1004319112071244e-07,0.4749946892261505,0.8005384206771851,-0.04124857112765312,0.5438872575759888,0.6877124309539795,-0.057664886116981506,0.540586531162262,0.5757708549499512,-0.07501808553934097,0.4782969355583191,0.5325235724449158,-0.0931139588356018,0.4810641407966614,0.514915406703949,-0.01289376150816679,0.4964374303817749,0.3708292841911316,-0.033797528594732285,0.5046035647392273,0.28095558285713196,-0.054284654557704926,0.5107452273368835,0.21190619468688965,-0.07119088619947433,0.42773497104644775,0.5145765542984009,-0.013767361640930176,0.421622097492218,0.3773099184036255,-0.05927667021751404,0.44836923480033875,0.4170644283294678,-0.09404154866933823,0.46861353516578674,0.4913434684276581,-0.10872448980808258,0.3777455687522888,0.5339149832725525,-0.018341831862926483,0.36445915699005127,0.4084468185901642,-0.05786452814936638,0.3930906653404236,0.43417614698410034,-0.08108401298522949,0.41286757588386536,0.5079031586647034,-0.08815235644578934,0.3239191770553589,0.5678081512451172,-0.02693033777177334,0.3101613521575928,0.46224597096443176,-0.05600430443882942,0.33737385272979736,0.4608219265937805,-0.07119524478912354,0.3614266812801361,0.5078314542770386,-0.0774025171995163
0.40191900730133057,0.8555774092674255,2.7616508191385947e-07,0.48340660333633423,0.795113742351532,-0.03925444185733795,0.5526159405708313,0.6820193529129028,-0.05502849817276001,0.5569722652435303,0.5702331066131592,-0.0719890221953392,0.5009885430335999,0.5119153261184692,-0.08973749727010727,0.49284815788269043,0.5166455507278442,-0.010430598631501198,0.5077911615371704,0.37326377630233765,-0.0321173258125782,0.5132620334625244,0.2830009460449219,-0.053165845572948456,0.5164325833320618,0.21233388781547546,-0.07025806605815887,0.4409049153327942,0.5148723721504211,-0.012220642529428005,0.44020697474479675,0.37526214122772217,-0.05960077792406082,0.4663430452346802,0.4175150394439697,-0.09598004817962646,0.4842722713947296,0.4939725995063782,-0.11113052815198898,0.3909679353237152,0.5327436327934265,-0.01753065548837185,0.38122841715812683,0.40428292751312256,-0.05738560110330582,0.4109512269496918,0.43113481998443604,-0.0801452100276947,0.4306294322013855,0.5045388340950012,-0.08662503957748413,0.3369515538215637,0.5652156472206116,-0.02658119983971119,0.3250460624694824,0.458938866853714,-0.054671235382556915,0.35368895530700684,0.4563473165035248,-0.06869789212942123,0.3787989616394043,0.5000057816505432,-0.0740385428071022
0.4058392643928528,0.8516044616699219,2.757537913566921e-07,0.4874495565891266,0.7890090942382812,-0.03774578124284744,0.5544488430023193,0.677421510219574,-0.053957562893629074,0.5576524138450623,0.5693190693855286,-0.07147473841905594,0.5037624835968018,0.51301509141922,-0.08981136977672577,0.49118420481681824,0.5146774649620056,-0.013235664926469326,0.5050367116928101,0.3709157705307007,-0.03565249592065811,0.5109120011329651,0.281095027923584,-0.056045979261398315,0.5133461952209473,0.2101249396800995,-0.07242190092802048,0.4394320547580719,0.5138385891914368,-0.016148678958415985,0.4378206133842468,0.37297534942626953,-0.06361565738916397,0.46761536598205566,0.4179234504699707,-0.09716396778821945,0.4869930148124695,0.49577921628952026,-0.11001023650169373,0.39041668176651,0.5332629084587097,-0.02242666482925415,0.3811444640159607,0.40348345041275024,-0.06199999526143074,0.41404110193252563,0.43385329842567444,-0.08106645941734314,0.43495050072669983,0.5072826147079468,-0.08479461818933487,0.3379184603691101,0.5675005316734314,-0.03249099478125572,0.32363924384117126,0.4603223204612732,-0.06054406985640526,0.3544884920120239,0.4569597542285919,-0.07293904572725296,0.38193246722221375,0.4982491135597229,-0.07685195654630661
0.43201351165771484,0.8179892897605896,2.1378919257131201e-07,0.5094380378723145,0.7488548159599304,-0.025391723960638046,0.5693997144699097,0.6484397649765015,-0.039706915616989136,0.5817545652389526,0.5486962795257568,-0.05733567476272583,0.5348289012908936,0.5170614719390869,-0.0761757642030716,0.5017586350440979,0.49975261092185974,-0.011137114837765694,0.5139673948287964,0.3672918677330017,-0.03170663118362427,0.5212404727935791,0.2885335087776184,-0.04813123121857643,0.5242658257484436,0.22096967697143555,-0.06140322610735893,0.45691949129104614,0.5024458765983582,-0.01942077837884426,0.45878148078918457,0.3718926012516022,-0.06481406837701797,0.4944782555103302,0.4229829013347626,-0.09015120565891266,0.5137331485748291,0.4985147714614868,-0.09627502411603928,0.4145471751689911,0.5236790180206299,-0.029707999899983406,0.41051778197288513,0.4051978886127472,-0.06679697334766388,0.450899600982666,0.4465145170688629,-0.07583891600370407,0.47333723306655884,0.5165348052978516,-0.07159320265054703,0.36939728260040283,0.5567559003829956,-0.04292767122387886,0.35947874188423157,0.4579501450061798,-0.0664312019944191,0.39393937587738037,0.4625048339366913,-0.07074140757322311,0.42069435119628906,0.5020233392715454,-0.06834886968135834
0.4062589704990387,0.7872952222824097,1.6983476314180734e-07,0.4780280888080597,0.7210214138031006,-0.017350569367408752,0.5296016931533813,0.6415162086486816,-0.029251281172037125,0.5391300320625305,0.5618494153022766,-0.0452180877327919,0.4947034418582916,0.541083037853241,-0.06264177709817886,0.4797329008579254,0.4984128177165985,-0.005180022679269314,0.4916917383670807,0.3834257125854492,-0.022709017619490623,0.5019700527191162,0.3168419301509857,-0.03821532800793648,0.5085046291351318,0.25671905279159546,-0.050955962389707565,0.43952634930610657,0.5001655220985413,-0.0144585520029068,0.4367471933364868,0.3950754404067993,-0.0487576425075531,0.46562477946281433,0.43362322449684143,-0.06763292104005814,0.48060160875320435,0.4891304671764374,-0.07349628210067749,0.4013178050518036,0.5201514363288879,-0.02563752420246601,0.3937827944755554,0.4239717423915863,-0.05523186922073364,0.429150253534317,0.4648471474647522,-0.059398047626018524,0.44812825322151184,0.5242202877998352,-0.05473488196730614,0.36083364486694336,0.5543370246887207,-0.03923528268933296,0.3558131754398346,0.4711705148220062,-0.05889072269201279,0.38738080859184265,0.4874489903450012,-0.05930890142917633,0.4102451503276825,0.5290204882621765,-0.055172767490148544
0.3657259941101074,0.7715498805046082,1.270727949531647e-07,0.43247440457344055,0.7256213426589966,-0.020849106833338737,0.48440873622894287,0.6532643437385559,-0.029305756092071533,0.48637720942497253,0.5768126249313354,-0.03998218849301338,0.44607871770858765,0.5460771918296814,-0.05204319953918457,0.4528401494026184,0.5341874361038208,-0.005318458192050457,0.46819189190864563,0.43164294958114624,-0.019542308524250984,0.47896695137023926,0.3710460662841797,-0.03421517089009285,0.48801106214523315,0.32229113578796387,-0.046243250370025635,0.4144124686717987,0.5309635996818542,-0.009398420341312885,0.4164678752422333,0.4310929775238037,-0.03838105499744415,0.4320574104785919,0.45192858576774597,-0.06137235090136528,0.4394976496696472,0.4995296895503998,-0.07204720377922058,0.3779023587703705,0.5414604544639587,-0.015396792441606522,0.37504640221595764,0.44675636291503906,-0.039899423718452454,0.39219069480895996,0.46436554193496704,-0.05371953919529915,0.3996686339378357,0.5150046944618225,-0.05823024362325668,0.33863165974617004,0.5619231462478638,-0.02361590415239334,0.33604520559310913,0.48487135767936707,-0.04032862186431885,0.3526216447353363,0.4897324740886688,-0.047130610793828964,0.36277514696121216,0.5268744230270386,-0.04964041709899902
0.34206628799438477,0.7538002133369446,1.4107099843840842e-07,0.4027785360813141,0.7146545648574829,-0.01833595521748066,0.44843631982803345,0.6443905234336853,-0.0233432799577713,0.45519113540649414,0.5692850947380066,-0.03039723075926304,0.4199877083301544,0.5315222144126892,-0.0385027714073658,0.42350849509239197,0.5427470803260803,0.00033362125395797193,0.4415866434574127,0.44884756207466125,-0.010492010042071342,0.45134642720222473,0.3914370536804199,-0.022598154842853546,0.45749399065971375,0.3459829092025757,-0.03321170061826706,0.3903775215148926,0.5364988446235657,-0.0024098351132124662,0.39075490832328796,0.44834014773368835,-0.02866039052605629,0.407624214887619,0.46787774562835693,-0.0503169484436512,0.41620370745658875,0.5124627351760864,-0.06086939945816994,0.35759466886520386,0.543119490146637,-0.007201361935585737,0.3526390790939331,0.45799753069877625,-0.03038274496793747,0.37110111117362976,0.4733894467353821,-0.04555410519242287,0.3802558183670044,0.5222201943397522,-0.05157840996980667,0.32171598076820374,0.5582507252693176,-0.01395330484956503,0.31712448596954346,0.4909018576145172,-0.03162664175033569,0.33527350425720215,0.4906221628189087,-0.0424220934510231,0.34953105449676514,0.5216385126113892,-0.04809345304965973
0.34064245223999023,0.7473608255386353,1.4252032087824773e-07,0.40140968561172485,0.7159512042999268,-0.02137655019760132,0.44859910011291504,0.6463744640350342,-0.02737255021929741,0.45472535490989685,0.5700408220291138,-0.03443460538983345,0.42076966166496277,0.5356857180595398,-0.042214881628751755,0.4167899489402771,0.5450351238250732,-0.00400879792869091,0.4323554039001465,0.45275503396987915,-0.015577325597405434,0.441632479429245,0.3949616849422455,-0.027425061911344528,0.4478774964809418,0.34945183992385864,-0.03779278323054314,0.3845711648464203,0.538141131401062,-0.005351555068045855,0.3870272636413574,0.4519219696521759,-0.032686639577150345,0.40312743186950684,0.47489839792251587,-0.0531771183013916,0.4113684594631195,0.5224399566650391,-0.062128424644470215,0.35286545753479004,0.5437688231468201,-0.008828915655612946,0.3500135540962219,0.4616659879684448,-0.03272722661495209,0.3680725693702698,0.47790396213531494,-0.046621449291706085,0.3773573637008667,0.5258522033691406,-0.051202744245529175,0.31742990016937256,0.5573529601097107,-0.014510734006762505,0.31316372752189636,0.49055612087249756,-0.033448781818151474,0.3313833177089691,0.490150511264801,-0.04401848465204239,0.34583085775375366,0.520449161529541,-0.048890210688114166
0.3448413610458374,0.7516380548477173,1.5645862561086687e-07,0.40757572650909424,0.7200061678886414,-0.019482016563415527,0.4536689519882202,0.6484058499336243,-0.023334741592407227,0.46054697036743164,0.5716578960418701,-0.02833949588239193,0.42681199312210083,0.544029712677002,-0.03414525091648102,0.42270272970199585,0.5556972026824951,0.0005707980017177761,0.43852490186691284,0.46758395433425903,-0.008756522089242935,0.44812294840812683,0.41021427512168884,-0.02007267437875271,0.4543411433696747,0.3660987913608551,-0.0304920244961977,0.3915245532989502,0.5477033257484436,-0.000629090704023838,0.39507728815078735,0.4645445942878723,-0.026565801352262497,0.41274863481521606,0.48359715938568115,-0.04741905629634857,0.421038955450058,0.5321032404899597,-0.05673232302069664,0.36107099056243896,0.5515987277030945,-0.003868339816108346,0.3604021668434143,0.4710245728492737,-0.02554520219564438,0.38008129596710205,0.4814719557762146,-0.04012596234679222,0.39007630944252014,0.527718722820282,-0.04571082815527916,0.32681480050086975,0.5638167858123779,-0.009309539571404457,0.32273611426353455,0.5004662871360779,-0.026394927874207497,0.341388463973999,0.49602803587913513,-0.037623196840286255,0.3566029369831085,0.5231120586395264,-0.043521713465452194
0.3535309433937073,0.7361956834793091,2.418972542272968e-07,0.414646178483963,0.703076958656311,-0.022207988426089287,0.45802363753318787,0.6334695816040039,-0.02765817753970623,0.46435874700546265,0.557071328163147,-0.03365910425782204,0.43080419301986694,0.5261894464492798,-0.040397997945547104,0.42701858282089233,0.5428273677825928,-0.0012342185946181417,0.4408550560474396,0.45830392837524414,-0.011109606362879276,0.44867080450057983,0.40219151973724365,-0.023951752111315727,0.45452243089675903,0.3590289354324341,-0.03547252342104912,0.39686819911003113,0.5356219410896301,-0.0013771365629509091,0.3988818824291229,0.4503915011882782,-0.02499500848352909,0.4142931401729584,0.4610459506511688,-0.04654797166585922,0.42267459630966187,0.5034263730049133,-0.05758605897426605,0.36715707182884216,0.5405235886573792,-0.003913002088665962,0.36587265133857727,0.46039649844169617,-0.024942215532064438,0.3831944763660431,0.46503281593322754,-0.04130258411169052,0.39206579327583313,0.5092864632606506,-0.04859251156449318,0.3331604599952698,0.5534963011741638,-0.008789951913058758,0.33165302872657776,0.4886860251426697,-0.026559103280305862,0.34966135025024414,0.4809421896934509,-0.03915855661034584,0.3637917637825012,0.5072807669639587,-0.046200305223464966
0.36702996492385864,0.7404304146766663,1.8430425541282602e-07,0.42395564913749695,0.7067041397094727,-0.020973756909370422,0.463392436504364,0.6407768726348877,-0.027032002806663513,0.4641355276107788,0.5710762739181519,-0.03418223559856415,0.4320990741252899,0.5352732539176941,-0.041751690208911896,0.43220940232276917,0.5467126369476318,-0.00048627369687892497,0.44270622730255127,0.46150487661361694,-0.011117253452539444,0.4480644166469574,0.4062584638595581,-0.023014666512608528,0.4514468014240265,0.36357423663139343,-0.03344683349132538,0.40297776460647583,0.5417371392250061,-0.00119768304284662,0.4039892554283142,0.4632425904273987,-0.02613724023103714,0.4218704402446747,0.4754560887813568,-0.047425493597984314,0.4326486587524414,0.5152366757392883,-0.05814118683338165,0.37429797649383545,0.5481451749801636,-0.00441361777484417,0.3725792169570923,0.4689580798149109,-0.026719380170106888,0.39171451330184937,0.47627338767051697,-0.04256127029657364,0.4023510813713074,0.5195485949516296,-0.04930947348475456,0.34208160638809204,0.5624138712882996,-0.00980942603200674,0.33831316232681274,0.49992871284484863,-0.028260955587029457,0.35596007108688354,0.49229559302330017,-0.04078929126262665,0.3710859417915344,0.5156808495521545,-0.04761764779686928
0.36881235241889954,0.7432907223701477,1.9515543669967883e-07,0.4247502088546753,0.7132854461669922,-0.02359200082719326,0.4650444984436035,0.6466248035430908,-0.029900668188929558,0.4651275873184204,0.5772891640663147,-0.036574628204107285,0.4323480427265167,0.5429055690765381,-0.043636027723550797,0.433761864900589,0.551498293876648,-0.002275543985888362,0.44421184062957764,0.4691006541252136,-0.012513190507888794,0.4484172761440277,0.4151623249053955,-0.024289648979902267,0.45177340507507324,0.37482932209968567,-0.03466624394059181,0.40353724360466003,0.5465354323387146,-0.001469657407142222,0.40308618545532227,0.46690672636032104,-0.02576909400522709,0.41859111189842224,0.4775790870189667,-0.04789120703935623,0.42967158555984497,0.516861081123352,-0.05937131866812706,0.37480905652046204,0.5536059737205505,-0.0032705555204302073,0.3721810281276703,0.47498807311058044,-0.025598876178264618,0.38945272564888,0.4797170162200928,-0.04341839998960495,0.4004547595977783,0.5225321054458618,-0.051571883261203766,0.3429381847381592,0.5692970752716064,-0.007309807930141687,0.3399618864059448,0.506935715675354,-0.025816353037953377,0.35544171929359436,0.4984063506126404,-0.039455756545066833,0.36933887004852295,0.522357702255249,-0.04722634702920914
0.3718799650669098,0.7513741254806519,1.4743962140073563e-07,0.42452290654182434,0.7134897112846375,-0.02077876590192318,0.4612791836261749,0.6470828056335449,-0.02695431374013424,0.4587711691856384,0.5792470574378967,-0.03368367999792099,0.42574191093444824,0.545271098613739,-0.04074765369296074,0.42161884903907776,0.5584338903427124,-0.000701163720805198,0.4200716018676758,0.48061662912368774,-0.01221600454300642,0.4204558730125427,0.4313054084777832,-0.02464265003800392,0.4195091128349304,0.3978368639945984,-0.03403488174080849,0.393158495426178,0.5571501851081848,-0.00029708363581448793,0.3898564577102661,0.4783618748188019,-0.022886820137500763,0.40673476457595825,0.48851779103279114,-0.04203224927186966,0.4167936444282532,0.5286018252372742,-0.050839267671108246,0.36684468388557434,0.5657804012298584,-0.0025756098330020905,0.3600994050502777,0.4878484010696411,-0.02222529798746109,0.37704184651374817,0.4912129044532776,-0.03562029451131821,0.3880543112754822,0.5316096544265747,-0.04045674949884415,0.33744725584983826,0.5820170044898987,-0.007038427516818047,0.3315972685813904,0.5200445055961609,-0.022786082699894905,0.34767812490463257,0.5104561448097229,-0.03287913277745247,0.36255741119384766,0.5326403975486755,-0.03764490783214569
0.3724611699581146,0.7482749819755554,1.5375429995856393e-07,0.4259408116340637,0.7133321762084961,-0.023604772984981537,0.46179288625717163,0.6487903594970703,-0.03176538646221161,0.4581893980503082,0.5835214853286743,-0.04016764834523201,0.424911230802536,0.5509642362594604,-0.04879242554306984,0.4237847626209259,0.5582679510116577,-0.006200179923325777,0.42265811562538147,0.4730350375175476,-0.018914207816123962,0.4181649684906006,0.41860803961753845,-0.031173260882496834,0.4135732054710388,0.3763669729232788,-0.04106541723012924,0.3953343331813812,0.5584657192230225,-0.0054381368681788445,0.39211028814315796,0.47965389490127563,-0.031656280159950256,0.40699976682662964,0.4951288104057312,-0.0516878180205822,0.41871094703674316,0.5348940491676331,-0.06051328033208847,0.36854684352874756,0.5684000253677368,-0.007141890004277229,0.36368221044540405,0.4918508231639862,-0.030007826164364815,0.3794843554496765,0.5002403855323792,-0.04325054958462715,0.39124366641044617,0.5414746999740601,-0.04724357649683952,0.338310182094574,0.585462749004364,-0.011148463003337383,0.3326163589954376,0.524114191532135,-0.02846200205385685,0.347593754529953,0.5169694423675537,-0.038070958107709885,0.3617683947086334,0.5393863320350647,-0.042135756462812424
0.3713403642177582,0.7547104358673096,1.6205686392822827e-07,0.4241008162498474,0.7193248271942139,-0.02305678464472294,0.45941436290740967,0.6544966101646423,-0.03097105398774147,0.45475247502326965,0.5881866216659546,-0.03911587595939636,0.4222507178783417,0.552996814250946,-0.04752301052212715,0.4210701584815979,0.5640564560890198,-0.005826450884342194,0.4195583164691925,0.48092469573020935,-0.01848875917494297,0.41544485092163086,0.42596435546875,-0.031097445636987686,0.41138529777526855,0.38373908400535583,-0.04122614488005638,0.3926244080066681,0.5640928745269775,-0.005307604558765888,0.38871270418167114,0.48322468996047974,-0.030674058943986893,0.40365076065063477,0.4953937828540802,-0.050421129912137985,0.4153299033641815,0.5347723364830017,-0.05937890335917473,0.36622926592826843,0.574128270149231,-0.007295095361769199,0.36083585023880005,0.49489808082580566,-0.02960062213242054,0.3771232068538666,0.5016006827354431,-0.04284151270985603,0.38901785016059875,0.5436944961547852,-0.0471065491437912,0.3364209532737732,0.5913645625114441,-0.011589868925511837,0.3305131793022156,0.5275768637657166,-0.02924705110490322,0.3458179831504822,0.5204706192016602,-0.039232850074768066,0.3601054549217224,0.5445073843002319,-0.043601036071777344
0.3693903386592865,0.7549170851707458,1.665713256215895e-07,0.4217633008956909,0.7193177938461304,-0.024106251075863838,0.4562305808067322,0.6548555493354797,-0.03234641253948212,0.45060545206069946,0.5899460315704346,-0.04069994390010834,0.41759175062179565,0.5556301474571228,-0.04936870187520981,0.41835206747055054,0.566116452217102,-0.007134612184017897,0.416065514087677,0.4824960231781006,-0.01970340870320797,0.41130271553993225,0.4279707670211792,-0.03255484253168106,0.40684548020362854,0.38550955057144165,-0.043132323771715164,0.38957053422927856,0.5659952759742737,-0.0061814310029149055,0.3842528760433197,0.4873967170715332,-0.03128623589873314,0.3991726040840149,0.49924492835998535,-0.052119623869657516,0.4114133417606354,0.5369942784309387,-0.06250933557748795,0.3624831438064575,0.5759581923484802,-0.007703295908868313,0.3560159206390381,0.49838513135910034,-0.030039342120289803,0.37196528911590576,0.5045591592788696,-0.044974926859140396,0.3840098977088928,0.5463330149650574,-0.05089766904711723,0.33238208293914795,0.5931862592697144,-0.011542817577719688,0.3260154128074646,0.5302504301071167,-0.029483234509825706,0.3406969904899597,0.5232153534889221,-0.040566228330135345,0.3545028269290924,0.5474677681922913,-0.04611583426594734
0.36585286259651184,0.7572507858276367,1.547740424712174e-07,0.4177291989326477,0.7210213541984558,-0.025685926899313927,0.4526103436946869,0.6561093926429749,-0.03465479612350464,0.4455307126045227,0.5901722311973572,-0.04370519146323204,0.4114490747451782,0.5544473528862,-0.05272647738456726,0.4152236878871918,0.562502920627594,-0.0042701964266598225,0.41203826665878296,0.4794157147407532,-0.016081228852272034,0.4063498377799988,0.42508578300476074,-0.028363393619656563,0.40065479278564453,0.3829391598701477,-0.03844420984387398,0.38550910353660583,0.5632447004318237,-0.002672458067536354,0.3788934350013733,0.48323094844818115,-0.027941511943936348,0.39381280541419983,0.5003043413162231,-0.048513513058423996,0.40549489855766296,0.5402461886405945,-0.057717371731996536,0.3584773540496826,0.5740466117858887,-0.0038276645354926586,0.3497413396835327,0.49776169657707214,-0.026681045070290565,0.36616575717926025,0.5088421106338501,-0.04079193249344826,0.37825241684913635,0.5515073537826538,-0.04516024887561798,0.3294007480144501,0.5925083756446838,-0.007473672740161419,0.32150891423225403,0.5297808051109314,-0.024950912222266197,0.3359985947608948,0.5262773633003235,-0.03468502685427666,0.34942302107810974,0.5524196624755859,-0.038709212094545364
0.3655109405517578,0.7623649835586548,1.327195633393785e-07,0.4172273874282837,0.7268573045730591,-0.023954233154654503,0.4528563916683197,0.6619031429290771,-0.03207547962665558,0.44730842113494873,0.5967321395874023,-0.04038288816809654,0.4137473702430725,0.5634861588478088,-0.04873977228999138,0.41449806094169617,0.5698009729385376,-0.005424973554909229,0.4125975966453552,0.48524999618530273,-0.017202867195010185,0.4075799882411957,0.4304722249507904,-0.02836751937866211,0.4017435908317566,0.38798022270202637,-0.037422798573970795,0.38524767756462097,0.5702633857727051,-0.0046235728077590466,0.3804321885108948,0.4887602925300598,-0.02999763749539852,0.3955884873867035,0.5084741711616516,-0.04868071898818016,0.40668395161628723,0.5503562688827515,-0.056049033999443054,0.3583517372608185,0.5808911919593811,-0.006318137515336275,0.35149574279785156,0.503873348236084,-0.029151247814297676,0.3675905466079712,0.5170923471450806,-0.04104948416352272,0.37855398654937744,0.5599220991134644,-0.04351980239152908,0.3288500905036926,0.5984886884689331,-0.010342787019908428,0.32137513160705566,0.5346440672874451,-0.027370918542146683,0.3360970616340637,0.5310023427009583,-0.03542784973978996,0.34913796186447144,0.5565544366836548,-0.03801015391945839
0.3609270751476288,0.7593936324119568,1.38583104103418e-07,0.41283413767814636,0.7229916453361511,-0.022237204015254974,0.4475216865539551,0.6582183837890625,-0.02969755418598652,0.44007986783981323,0.5940861105918884,-0.03748248890042305,0.4061940610408783,0.5621747970581055,-0.04538236930966377,0.4081000089645386,0.5654000043869019,-0.004230761434882879,0.4044448137283325,0.48299741744995117,-0.015722719952464104,0.39790108799934387,0.4296039640903473,-0.026740916073322296,0.3915051817893982,0.3884393870830536,-0.03560393303632736,0.3788820207118988,0.5668730735778809,-0.00342770479619503,0.3738193213939667,0.4881608486175537,-0.028105389326810837,0.38983532786369324,0.5067155361175537,-0.04649808630347252,0.40212923288345337,0.5481919050216675,-0.05378854274749756,0.3520934283733368,0.578110933303833,-0.00494942395016551,0.3439561724662781,0.5024576187133789,-0.026914464309811592,0.36077582836151123,0.5156568288803101,-0.03834729641675949,0.37324392795562744,0.558870255947113,-0.040657155215740204,0.3230932354927063,0.5965215563774109,-0.008632135577499866,0.31432420015335083,0.5354396104812622,-0.024887491017580032,0.3296496272087097,0.532974362373352,-0.03271237760782242,0.34398871660232544,0.5588111877441406,-0.035155102610588074
0.36134469509124756,0.7553969025611877,1.7541771057949518e-07,0.41180819272994995,0.7179074883460999,-0.02482970617711544,0.4448413848876953,0.6515292525291443,-0.03314719721674919,0.43690815567970276,0.5862857699394226,-0.041287947446107864,0.4020509719848633,0.5525622963905334,-0.04948936402797699,0.40440574288368225,0.5597096085548401,-0.005490461364388466,0.4001675248146057,0.47857293486595154,-0.01751665025949478,0.3930494785308838,0.42453956604003906,-0.02980767749249935,0.38650232553482056,0.38345229625701904,-0.03960211202502251,0.37481337785720825,0.5624018311500549,-0.003969516139477491,0.3657415509223938,0.48132240772247314,-0.028484709560871124,0.38099226355552673,0.49409055709838867,-0.04854565113782883,0.3943559229373932,0.5328916311264038,-0.05754822492599487,0.3482605814933777,0.5752968192100525,-0.004999049007892609,0.33885931968688965,0.4991493225097656,-0.02725008688867092,0.35495978593826294,0.5069500803947449,-0.040969062596559525,0.36765846610069275,0.548477053642273,-0.045170314610004425,0.31933045387268066,0.5958157777786255,-0.00837620534002781,0.3109563887119293,0.5335293412208557,-0.02531685307621956,0.3251922130584717,0.5274990797042847,-0.03461010381579399,0.33886194229125977,0.552047848701477,-0.038332849740982056
0.3636879324913025,0.7590750455856323,1.3110116015013773e-07,0.4140016436576843,0.7217016816139221,-0.024895168840885162,0.44789427518844604,0.6541179418563843,-0.03286656737327576,0.43897175788879395,0.5888152122497559,-0.04064008593559265,0.4043651819229126,0.5566521883010864,-0.04834124073386192,0.40710705518722534,0.5642954707145691,-0.005524647422134876,0.40132570266723633,0.48309987783432007,-0.017383882775902748,0.3936355710029602,0.4301583468914032,-0.029011545702815056,0.3863518536090851,0.3897918462753296,-0.038408342748880386,0.37751442193984985,0.5661248564720154,-0.0041063628159463406,0.3701924681663513,0.4853448271751404,-0.029110314324498177,0.3847414553165436,0.5018969178199768,-0.04850126430392265,0.39664945006370544,0.5421668291091919,-0.05663574859499931,0.3507968783378601,0.5785653591156006,-0.005291356705129147,0.34106647968292236,0.5030520558357239,-0.028101585805416107,0.35712626576423645,0.5142978429794312,-0.041376955807209015,0.36986541748046875,0.5558579564094543,-0.04493265971541405,0.3222945034503937,0.5985074043273926,-0.00881100818514824,0.3123762309551239,0.5353636145591736,-0.0260162390768528,0.3262746036052704,0.5310545563697815,-0.03503333404660225,0.3401123583316803,0.5556511878967285,-0.03843705728650093
0.3643334209918976,0.7554388642311096,1.4091887123868219e-07,0.41466018557548523,0.718498706817627,-0.02510736882686615,0.44900834560394287,0.6550270915031433,-0.0339420810341835,0.4414989948272705,0.5914067625999451,-0.04251745343208313,0.407588928937912,0.55738765001297,-0.05097740888595581,0.4089208245277405,0.5621463060379028,-0.0059856534935534,0.40282100439071655,0.48113125562667847,-0.01839451491832733,0.3948132395744324,0.42895710468292236,-0.03079555742442608,0.38811802864074707,0.38868409395217896,-0.040640536695718765,0.3796125054359436,0.5644509196281433,-0.004364527761936188,0.3719647228717804,0.48442453145980835,-0.029350226745009422,0.3858615458011627,0.5000609755516052,-0.049174219369888306,0.3978475332260132,0.5386963486671448,-0.05797182396054268,0.35283559560775757,0.5764318704605103,-0.005372046492993832,0.3438122868537903,0.5018142461776733,-0.02784685604274273,0.35911792516708374,0.5122037529945374,-0.041214264929294586,0.3711026608943939,0.552839994430542,-0.04519495368003845,0.32402339577674866,0.5957543253898621,-0.008782144635915756,0.3148653507232666,0.5339800119400024,-0.025513125583529472,0.32865414023399353,0.530428409576416,-0.034410104155540466,0.3419986069202423,0.5548458099365234,-0.03794638067483902
0.36303311586380005,0.7568106055259705,1.2455899423002847e-07,0.4150083363056183,0.7219489216804504,-0.024463122710585594,0.44934800267219543,0.6564515233039856,-0.0321519635617733,0.44214558601379395,0.5919532179832458,-0.039626721292734146,0.4080376923084259,0.5607035756111145,-0.047043830156326294,0.40853944420814514,0.5638732314109802,-0.005097279790788889,0.40302249789237976,0.4822624921798706,-0.01638864167034626,0.3957176208496094,0.4291747212409973,-0.027949387207627296,0.3885321319103241,0.38847535848617554,-0.037381865084171295,0.37953320145606995,0.5656648874282837,-0.0033480687998235226,0.37142065167427063,0.48580706119537354,-0.0280101727694273,0.385505735874176,0.5030615329742432,-0.0473819300532341,0.39669397473335266,0.5440004467964172,-0.05553995817899704,0.35329708456993103,0.5773227214813232,-0.004072621930390596,0.343740850687027,0.5027464032173157,-0.025941789150238037,0.35897794365882874,0.5138503909111023,-0.03881686553359032,0.3705856204032898,0.5551191568374634,-0.04228624701499939,0.3250999450683594,0.596117377281189,-0.007137299980968237,0.3157593011856079,0.5353531837463379,-0.0233212448656559,0.32949551939964294,0.5307917594909668,-0.032071493566036224,0.34265369176864624,0.554294228553772,-0.03543563559651375
0.362932950258255,0.7612006068229675,1.4164341166633676e-07,0.4134237468242645,0.7249112725257874,-0.025764066725969315,0.4488818347454071,0.6607972979545593,-0.03446142002940178,0.4414820969104767,0.5960052013397217,-0.04292041435837746,0.4069421887397766,0.5620375275611877,-0.05125555023550987,0.4091567099094391,0.5683757066726685,-0.005200664047151804,0.4037987291812897,0.48522281646728516,-0.01706368662416935,0.3961927592754364,0.43184971809387207,-0.02908237650990486,0.3889557421207428,0.3903579115867615,-0.038779690861701965,0.37998121976852417,0.5700839161872864,-0.0032365231309086084,0.3733142912387848,0.48973530530929565,-0.028200121596455574,0.3871285021305084,0.5067803263664246,-0.04817355424165726,0.3984168469905853,0.5462539792060852,-0.05686261132359505,0.35338500142097473,0.5815179347991943,-0.003967497497797012,0.3446650505065918,0.5062847137451172,-0.02661917358636856,0.35997986793518066,0.5181426405906677,-0.03987850621342659,0.3716815710067749,0.5601081848144531,-0.043487392365932465,0.32489877939224243,0.6000649929046631,-0.007156755775213242,0.31566786766052246,0.5376330614089966,-0.023949552327394485,0.32945477962493896,0.5335593819618225,-0.03267831727862358,0.34282028675079346,0.5583459138870239,-0.035897381603717804
0.36352792382240295,0.7601461410522461,1.4497430811388767e-07,0.41448575258255005,0.721603512763977,-0.024181969463825226,0.4491012692451477,0.6578118801116943,-0.03267515078186989,0.44067150354385376,0.5945425629615784,-0.041098833084106445,0.40663307905197144,0.5612415671348572,-0.04953598603606224,0.40844443440437317,0.5658170580863953,-0.004753710702061653,0.4027958810329437,0.48412054777145386,-0.01659984514117241,0.39509642124176025,0.43182051181793213,-0.028532059863209724,0.38800379633903503,0.3910367786884308,-0.03806082159280777,0.37923142313957214,0.5682011842727661,-0.0033435854129493237,0.3723684847354889,0.48903390765190125,-0.02797572873532772,0.3867781460285187,0.5055128931999207,-0.04729670286178589,0.3989886939525604,0.5449885129928589,-0.05551467835903168,0.3528279960155487,0.5804552435874939,-0.0044848802499473095,0.3435180187225342,0.505376398563385,-0.02607744373381138,0.35879552364349365,0.5155067443847656,-0.03833126276731491,0.3713412880897522,0.5558958053588867,-0.041517484933137894,0.3242214620113373,0.6003487706184387,-0.008006427437067032,0.3150227665901184,0.5394083857536316,-0.0238741897046566,0.32883673906326294,0.5345916748046875,-0.03194597736001015,0.34248167276382446,0.557598888874054,-0.034814585000276566
0.36412763595581055,0.7592324018478394,1.3791475339530734e-07,0.41487157344818115,0.7220298051834106,-0.02457505464553833,0.4490242600440979,0.657294511795044,-0.03277597948908806,0.4409516453742981,0.5931801199913025,-0.04088231921195984,0.40718159079551697,0.5597506165504456,-0.04892178997397423,0.40935632586479187,0.5664268136024475,-0.005127004813402891,0.40329715609550476,0.48413750529289246,-0.017212452366948128,0.39554324746131897,0.4313001036643982,-0.029388010501861572,0.38848698139190674,0.3915427327156067,-0.03903795778751373,0.37982240319252014,0.5686334371566772,-0.003490482224151492,0.3717617392539978,0.4896785020828247,-0.02837449312210083,0.38583216071128845,0.5046592950820923,-0.04820211976766586,0.3976430594921112,0.5440783500671387,-0.05699719861149788,0.35310161113739014,0.5802456140518188,-0.004503871314227581,0.34365758299827576,0.5044434070587158,-0.02679481729865074,0.35859984159469604,0.5141278505325317,-0.04027499631047249,0.37037232518196106,0.5560569167137146,-0.044319018721580505,0.3243449032306671,0.5988038778305054,-0.00790088064968586,0.3150176703929901,0.5365386605262756,-0.024923961609601974,0.3283102512359619,0.5317105054855347,-0.03438344597816467,0.3413098156452179,0.556282639503479,-0.038214061409235
0.36172032356262207,0.7627812027931213,1.234605377931075e-07,0.4134494364261627,0.7263031601905823,-0.023606084287166595,0.44868016242980957,0.6614868640899658,-0.03134670853614807,0.4412262737751007,0.597137987613678,-0.0390498973429203,0.40757301449775696,0.5647440552711487,-0.04664204269647598,0.4091207683086395,0.5718002319335938,-0.005124376155436039,0.40366849303245544,0.4892653524875641,-0.016424456611275673,0.3964654803276062,0.43526986241340637,-0.027133610099554062,0.38960304856300354,0.39451199769973755,-0.03566955029964447,0.3795269727706909,0.5726808309555054,-0.003910418134182692,0.37223437428474426,0.4910203814506531,-0.027819305658340454,0.3859587013721466,0.5084686279296875,-0.0453459732234478,0.3971090614795685,0.5495033264160156,-0.051985953003168106,0.35316532850265503,0.5839516520500183,-0.005133698228746653,0.3447490632534027,0.5095407366752625,-0.02662670612335205,0.3602136969566345,0.521919846534729,-0.03762229159474373,0.3717905282974243,0.5634592771530151,-0.0396026186645031,0.32489052414894104,0.6027342081069946,-0.008641854859888554,0.3159180283546448,0.5408497452735901,-0.024279767647385597,0.3297503888607025,0.5379374027252197,-0.031246518716216087,0.3425818979740143,0.5637524127960205,-0.03306959196925163
0.3597202003002167,0.762192964553833,1.2633573476250604e-07,0.41041651368141174,0.7251380681991577,-0.022504111751914024,0.44486939907073975,0.6614891290664673,-0.03029516711831093,0.43804308772087097,0.5981155633926392,-0.038231320679187775,0.404502272605896,0.5658749938011169,-0.04622432217001915,0.40441933274269104,0.5691065788269043,-0.004905602429062128,0.39909666776657104,0.48797139525413513,-0.016473911702632904,0.3910309076309204,0.43537819385528564,-0.027831558138132095,0.3829079568386078,0.39479923248291016,-0.036856070160865784,0.3751607835292816,0.5712933540344238,-0.004073636140674353,0.36748912930488586,0.49263185262680054,-0.027870507910847664,0.3826495110988617,0.5100890398025513,-0.04585243761539459,0.3946084678173065,0.5502179861068726,-0.05320852994918823,0.34857046604156494,0.5832360982894897,-0.005565925966948271,0.33939579129219055,0.5084216594696045,-0.026287883520126343,0.35580867528915405,0.5196019411087036,-0.03695106506347656,0.3679673373699188,0.5605734586715698,-0.03913402557373047,0.3199096918106079,0.6022053360939026,-0.009372160769999027,0.3101309537887573,0.5403657555580139,-0.024441109970211983,0.3248443305492401,0.5349211692810059,-0.03150312229990959,0.33895447850227356,0.5577051639556885,-0.03367551043629646
0.35784122347831726,0.7643555402755737,1.3824634947923187e-07,0.40901973843574524,0.728792667388916,-0.024842269718647003,0.44418156147003174,0.664304256439209,-0.03349899873137474,0.43776676058769226,0.5999341011047363,-0.0420696884393692,0.40377792716026306,0.5660005807876587,-0.050637371838092804,0.4046185612678528,0.5724010467529297,-0.006085251457989216,0.3995302617549896,0.4895690083503723,-0.018157923594117165,0.3930054008960724,0.4359472095966339,-0.030163951218128204,0.3866754472255707,0.394561231136322,-0.03984474763274193,0.3753814995288849,0.5737824440002441,-0.004619732033461332,0.36729058623313904,0.4938657879829407,-0.029589662328362465,0.3819736838340759,0.5112422108650208,-0.049078021198511124,0.3939087688922882,0.5512872934341431,-0.057502467185258865,0.34872883558273315,0.5853363275527954,-0.005678039044141769,0.3387136459350586,0.5090869069099426,-0.027903836220502853,0.3541564345359802,0.5202276706695557,-0.04062516987323761,0.36606642603874207,0.5620041489601135,-0.04411756992340088,0.32018378376960754,0.6041803956031799,-0.009127512574195862,0.3108607530593872,0.5419197678565979,-0.025829315185546875,0.324481338262558,0.5377635359764099,-0.034550655633211136,0.33724498748779297,0.562741219997406,-0.03786884993314743
0.375226765871048,0.7581864595413208,1.8173450655467605e-07,0.4245965778827667,0.7149852514266968,-0.024396490305662155,0.4583582878112793,0.6430550217628479,-0.035483356565237045,0.43562638759613037,0.5804949402809143,-0.046744588762521744,0.39901575446128845,0.546923041343689,-0.05816845968365669,0.42647671699523926,0.537077784538269,-0.015500808134675026,0.4411360025405884,0.43812012672424316,-0.033209722489118576,0.4511621594429016,0.3775426745414734,-0.04657617211341858,0.4559117555618286,0.3272494077682495,-0.05627056211233139,0.38575729727745056,0.5412389039993286,-0.017088741064071655,0.37690457701683044,0.447512686252594,-0.04828691855072975,0.3880724310874939,0.4819818139076233,-0.06367992609739304,0.39291512966156006,0.5294288396835327,-0.06671027094125748,0.35112103819847107,0.5583227276802063,-0.020728131756186485,0.3368736803531647,0.47564464807510376,-0.05008310452103615,0.3514477610588074,0.5126503705978394,-0.051782261580228806,0.3577032685279846,0.55952388048172,-0.044873349368572235,0.3180996775627136,0.5860433578491211,-0.02653517760336399,0.3099899888038635,0.5205217599868774,-0.04694957286119461,0.32608988881111145,0.540161669254303,-0.04491142928600311,0.33481574058532715,0.5762653946876526,-0.03801179677248001
0.3731500208377838,0.7650622129440308,1.6913004685648048e-07,0.4236246645450592,0.7233450412750244,-0.025779327377676964,0.45656511187553406,0.6541177034378052,-0.03776146471500397,0.436213880777359,0.5927669405937195,-0.04979994148015976,0.399636834859848,0.5569458603858948,-0.0619567334651947,0.4282764792442322,0.5420511364936829,-0.01568901725113392,0.4429349899291992,0.4447519779205322,-0.03393624350428581,0.4530133605003357,0.38341182470321655,-0.04785390570759773,0.4574306607246399,0.3319755792617798,-0.05793813243508339,0.3865416944026947,0.5450531840324402,-0.01688029244542122,0.3761167526245117,0.45540210604667664,-0.04881693795323372,0.3858131170272827,0.49380606412887573,-0.06417018920183182,0.39024871587753296,0.5419649481773376,-0.06686485558748245,0.35027459263801575,0.5617310404777527,-0.020321059972047806,0.33714190125465393,0.4837033748626709,-0.050580237060785294,0.3520134687423706,0.5242040157318115,-0.05172734707593918,0.3587207496166229,0.5709756016731262,-0.04396539926528931,0.31640493869781494,0.5891726613044739,-0.026053862646222115,0.3089829087257385,0.5264180302619934,-0.04659460857510567,0.3251272141933441,0.5493624806404114,-0.04383397847414017,0.33372417092323303,0.5858897566795349,-0.03606242686510086
0.3781127631664276,0.7666071653366089,1.973596823745538e-07,0.4266587495803833,0.7223957777023315,-0.025381911545991898,0.46102648973464966,0.651955783367157,-0.037266410887241364,0.44130969047546387,0.5867124795913696,-0.04932212829589844,0.403683602809906,0.5500897765159607,-0.06140730530023575,0.4302188754081726,0.5460324883460999,-0.015076556243002415,0.4455934166908264,0.44607385993003845,-0.032379329204559326,0.45557358860969543,0.38434112071990967,-0.04552200064063072,0.46055689454078674,0.33256733417510986,-0.055185604840517044,0.38989078998565674,0.5487189888954163,-0.016260292381048203,0.3803393840789795,0.4556209444999695,-0.04625105857849121,0.3916126787662506,0.4891831874847412,-0.06087031587958336,0.3971547484397888,0.5354333519935608,-0.06387514621019363,0.35499927401542664,0.5645849108695984,-0.01969018019735813,0.34075865149497986,0.4834977686405182,-0.04836896434426308,0.35509350895881653,0.5218039155006409,-0.049263373017311096,0.3608328700065613,0.568640947341919,-0.042216427624225616,0.3216615915298462,0.5911937952041626,-0.02548603154718876,0.3130544424057007,0.5258982181549072,-0.045763593167066574,0.3291235566139221,0.5490893721580505,-0.04321018233895302,0.33706551790237427,0.5878183841705322,-0.03609490767121315
0.3725269138813019,0.7693631649017334,1.9429488418154506e-07,0.42172592878341675,0.723851203918457,-0.02433633990585804,0.45517104864120483,0.6557220816612244,-0.0365179218351841,0.43572917580604553,0.5940450429916382,-0.04909851402044296,0.4004790186882019,0.5574350953102112,-0.06186056509613991,0.42280152440071106,0.5507072806358337,-0.016310861334204674,0.43792667984962463,0.450384259223938,-0.03414088860154152,0.4492174983024597,0.3883609175682068,-0.04817225784063339,0.45532798767089844,0.33730757236480713,-0.05824309214949608,0.384183406829834,0.5540879964828491,-0.01787957362830639,0.3759414851665497,0.46013951301574707,-0.04858076199889183,0.38765013217926025,0.4908948838710785,-0.06445944309234619,0.39219579100608826,0.53863924741745,-0.06823824346065521,0.35060328245162964,0.5696644186973572,-0.021495793014764786,0.3379018306732178,0.4871605932712555,-0.0490218810737133,0.3532891869544983,0.5203731060028076,-0.05144249275326729,0.3591293692588806,0.567163348197937,-0.04585867002606392,0.31855595111846924,0.5952295064926147,-0.027436276897788048,0.31000348925590515,0.5301891565322876,-0.04647056385874748,0.3263325095176697,0.5492445230484009,-0.0449480265378952,0.3346775472164154,0.5867514610290527,-0.03892596811056137
0.36591312289237976,0.7698079347610474,1.6691186033312988e-07,0.41564562916755676,0.7289220690727234,-0.027256721630692482,0.45116138458251953,0.6603274345397949,-0.04015878215432167,0.4324231743812561,0.5963305830955505,-0.05282367393374443,0.3959583640098572,0.557643473148346,-0.06551706790924072,0.42182403802871704,0.5467977523803711,-0.01716490089893341,0.436094731092453,0.4507230520248413,-0.03512927144765854,0.4438782036304474,0.39038583636283875,-0.0491369254887104,0.4473075270652771,0.3401549756526947,-0.059271953999996185,0.3810814619064331,0.5497967600822449,-0.01770741678774357,0.37287575006484985,0.4577646255493164,-0.04909776523709297,0.3806716799736023,0.4918479323387146,-0.0655231699347496,0.38403192162513733,0.5391855239868164,-0.06912240386009216,0.34589704871177673,0.5663383603096008,-0.020390687510371208,0.33420175313949585,0.4879254698753357,-0.05037830024957657,0.346219539642334,0.5260748267173767,-0.05327915400266647,0.35102570056915283,0.5734156370162964,-0.04692978411912918,0.3124476373195648,0.5936985611915588,-0.025356803089380264,0.3044125437736511,0.5300407409667969,-0.046493686735630035,0.31949228048324585,0.5524806380271912,-0.044739894568920135,0.32787272334098816,0.5908216834068298,-0.03762749582529068
0.3616425693035126,0.7675942778587341,1.8514916177991836e-07,0.41140618920326233,0.7314758896827698,-0.03032800741493702,0.44915643334388733,0.667513906955719,-0.04509282857179642,0.43113404512405396,0.6068249344825745,-0.059335026890039444,0.39445945620536804,0.5682490468025208,-0.0735292136669159,0.42018547654151917,0.5483809113502502,-0.020265616476535797,0.4346270263195038,0.4496978521347046,-0.04016721621155739,0.4420165419578552,0.3879709243774414,-0.05549868196249008,0.44498103857040405,0.33620715141296387,-0.0664413571357727,0.37901416420936584,0.5500534176826477,-0.019783949479460716,0.3718808591365814,0.46115386486053467,-0.053466085344552994,0.37865620851516724,0.4973623752593994,-0.07088527083396912,0.3823919892311096,0.543599545955658,-0.07492930442094803,0.342725932598114,0.5640073418617249,-0.021816518157720566,0.33124780654907227,0.48630860447883606,-0.053389228880405426,0.34222128987312317,0.5261461734771729,-0.05645881965756416,0.34769317507743835,0.5736030340194702,-0.04998999834060669,0.3080196976661682,0.5889483690261841,-0.026487527415156364,0.3004852533340454,0.5263040661811829,-0.0484747439622879,0.3142576813697815,0.5500741004943848,-0.04697049409151077,0.3224506974220276,0.58835369348526,-0.03986317664384842
0.3684428036212921,0.7668378353118896,1.9665372974486672e-07,0.417370468378067,0.7272288799285889,-0.026528408750891685,0.4545682668685913,0.665262758731842,-0.04017563536763191,0.4359545111656189,0.6090223789215088,-0.05375278368592262,0.4033510684967041,0.5755019187927246,-0.06737004220485687,0.4228062033653259,0.5483194589614868,-0.01812462881207466,0.4368719458580017,0.45141518115997314,-0.03698438033461571,0.44560110569000244,0.3903076648712158,-0.05180514603853226,0.44941169023513794,0.339973509311676,-0.06233855336904526,0.3823297321796417,0.5510531067848206,-0.019466374069452286,0.3743729293346405,0.460568904876709,-0.05161365494132042,0.38429969549179077,0.4913451671600342,-0.06867361068725586,0.3889599144458771,0.5372602939605713,-0.07286668568849564,0.3469412624835968,0.5657682418823242,-0.022989343851804733,0.3360075354576111,0.4871145486831665,-0.05264776200056076,0.34953778982162476,0.5207006335258484,-0.0559227280318737,0.35537827014923096,0.5661374926567078,-0.05023101717233658,0.31198692321777344,0.5912085175514221,-0.028835264965891838,0.3039432168006897,0.5278303623199463,-0.049024034291505814,0.3189758360385895,0.5460819005966187,-0.04727395623922348,0.32767513394355774,0.5803878307342529,-0.04054505005478859
0.37146249413490295,0.7562383413314819,2.2069104943511775e-07,0.4226124584674835,0.7136179208755493,-0.030655693262815475,0.4564345180988312,0.6428514719009399,-0.043265555053949356,0.4300943613052368,0.5792195796966553,-0.055227577686309814,0.3938288986682892,0.5424407124519348,-0.06710100173950195,0.4263591468334198,0.5341210961341858,-0.015497012063860893,0.43967142701148987,0.43601709604263306,-0.03356601670384407,0.447675496339798,0.374116450548172,-0.04909222200512886,0.45236948132514954,0.3235601782798767,-0.06069788709282875,0.38529330492019653,0.536698043346405,-0.014390665106475353,0.37428000569343567,0.44195306301116943,-0.04728606343269348,0.3797434866428375,0.47062385082244873,-0.06845629215240479,0.3844726085662842,0.5157167315483093,-0.07562162727117538,0.3502024710178375,0.5498492121696472,-0.016045041382312775,0.3371714949607849,0.4697955250740051,-0.04712377116084099,0.34749937057495117,0.4980612099170685,-0.05714412033557892,0.3542574942111969,0.5442846417427063,-0.05582917481660843,0.31606319546699524,0.5732375979423523,-0.02026369981467724,0.3058245778083801,0.5068793892860413,-0.04237394034862518,0.31871235370635986,0.5213056802749634,-0.04623706638813019,0.3285118341445923,0.5569530129432678,-0.04367222636938095
0.3766663074493408,0.7573885917663574,1.9397809580823377e-07,0.4289405941963196,0.7107694745063782,-0.027526911348104477,0.46193939447402954,0.6388044953346252,-0.03883825242519379,0.43793803453445435,0.5743076801300049,-0.05029477924108505,0.40153396129608154,0.5375930666923523,-0.0617230087518692,0.43233636021614075,0.5340459942817688,-0.01243556011468172,0.44648948311805725,0.4327227473258972,-0.029229281470179558,0.4553622901439667,0.3699372112751007,-0.04371299967169762,0.45942065119743347,0.31892943382263184,-0.054901499301195145,0.3916280269622803,0.5364432334899902,-0.01232573576271534,0.38012126088142395,0.4423372447490692,-0.0442531555891037,0.38966259360313416,0.47215813398361206,-0.06416258215904236,0.3956363797187805,0.5191154479980469,-0.07099848240613937,0.35648199915885925,0.5496969819068909,-0.014942146837711334,0.34283626079559326,0.46446168422698975,-0.04404453933238983,0.35537320375442505,0.49361470341682434,-0.052120793610811234,0.3623034656047821,0.5412936210632324,-0.05040973424911499,0.32295334339141846,0.57318115234375,-0.020126378163695335,0.3131697177886963,0.5082098841667175,-0.04088236019015312,0.32715746760368347,0.5220922231674194,-0.044491928070783615,0.3367604911327362,0.557000994682312,-0.042469825595617294
0.38981950283050537,0.7527280449867249,2.280227562323489e-07,0.44226938486099243,0.7132328152656555,-0.029398281127214432,0.47947001457214355,0.6435477137565613,-0.042305875569581985,0.4584124684333801,0.5786240696907043,-0.05477524176239967,0.4223889410495758,0.5398910045623779,-0.06748936325311661,0.4446927011013031,0.5289584398269653,-0.01820516586303711,0.4588111937046051,0.4208630919456482,-0.035878848284482956,0.46817106008529663,0.35470861196517944,-0.050576549023389816,0.47347310185432434,0.30126845836639404,-0.061741866171360016,0.4034920334815979,0.5328949689865112,-0.017740970477461815,0.3942553400993347,0.43435072898864746,-0.049745406955480576,0.40374326705932617,0.46301791071891785,-0.06860793381929398,0.40929266810417175,0.5108146071434021,-0.07495926320552826,0.3674490749835968,0.5487444400787354,-0.019844749942421913,0.35418280959129333,0.45781126618385315,-0.04906563460826874,0.3678155839443207,0.48597487807273865,-0.05585036799311638,0.3752857446670532,0.5337631106376648,-0.05358922481536865,0.33215969800949097,0.5750715136528015,-0.02461385726928711,0.32368573546409607,0.5044183731079102,-0.04600222408771515,0.338396281003952,0.51760333776474,-0.04864075034856796,0.3473266363143921,0.5530862212181091,-0.04594309255480766
0.38977155089378357,0.7437729239463806,2.373342056216643e-07,0.4416767954826355,0.7007984519004822,-0.03154920041561127,0.47654759883880615,0.6279367804527283,-0.04606304690241814,0.45596301555633545,0.5645014643669128,-0.06047750636935234,0.418270468711853,0.5270220041275024,-0.07495671510696411,0.43606728315353394,0.5112158060073853,-0.019790716469287872,0.4477197527885437,0.40017926692962646,-0.039952926337718964,0.4557974934577942,0.33371633291244507,-0.0563603974878788,0.4597276747226715,0.27890247106552124,-0.06889007985591888,0.39578860998153687,0.5182831287384033,-0.01952393911778927,0.3853188157081604,0.41648632287979126,-0.0551631934940815,0.3957655429840088,0.4501878619194031,-0.07560934126377106,0.4037633538246155,0.4976980984210968,-0.0825333222746849,0.3607405126094818,0.5360848903656006,-0.022289518266916275,0.34512022137641907,0.4437065124511719,-0.054630447179079056,0.3592040240764618,0.47759565711021423,-0.06200379133224487,0.3690841794013977,0.5276698470115662,-0.05950170382857323,0.3276766538619995,0.5642699003219604,-0.02802855521440506,0.31828856468200684,0.4958726763725281,-0.05141028016805649,0.33313488960266113,0.511577844619751,-0.05517251789569855,0.34405583143234253,0.5476899147033691,-0.05320075899362564
0.3924943208694458,0.7421897649765015,2.2078955908000353e-07,0.4450811743736267,0.6967377662658691,-0.03178204968571663,0.48025384545326233,0.6204172968864441,-0.04619156941771507,0.46050676703453064,0.5545037388801575,-0.0606054961681366,0.42214348912239075,0.5130036473274231,-0.0753469243645668,0.43411314487457275,0.5027182102203369,-0.01799659989774227,0.44183510541915894,0.387645959854126,-0.03702853247523308,0.4510498642921448,0.3200746774673462,-0.05341717228293419,0.45585116744041443,0.266701340675354,-0.06629085540771484,0.3946000337600708,0.5119134783744812,-0.017931926995515823,0.3813632130622864,0.4021275043487549,-0.05223478376865387,0.39476925134658813,0.4370603561401367,-0.07443899661302567,0.4030374586582184,0.48716580867767334,-0.08347086608409882,0.3603380620479584,0.5312453508377075,-0.020924119278788567,0.34143438935279846,0.43254685401916504,-0.052856143563985825,0.35807034373283386,0.4650498628616333,-0.06301701068878174,0.3684600293636322,0.51695716381073,-0.06331615149974823,0.32723093032836914,0.5613057017326355,-0.02681821398437023,0.3157580494880676,0.489035964012146,-0.050920482724905014,0.333236962556839,0.5033978223800659,-0.057098641991615295,0.3451201617717743,0.5409804582595825,-0.05770008638501167
0.39178046584129333,0.7430448532104492,2.1558730622928124e-07,0.4465250074863434,0.6934844255447388,-0.03047047182917595,0.48090851306915283,0.615573525428772,-0.042955659329891205,0.45815038681030273,0.5476728677749634,-0.055806372314691544,0.41763991117477417,0.5089762806892395,-0.06880096346139908,0.43988925218582153,0.5026694536209106,-0.014518825337290764,0.4512443542480469,0.3883415460586548,-0.033152613788843155,0.45844823122024536,0.320914089679718,-0.048964206129312515,0.4618607759475708,0.26535487174987793,-0.06138235330581665,0.39831000566482544,0.5090605020523071,-0.014391853474080563,0.38538405299186707,0.4057374894618988,-0.049971528351306915,0.39534255862236023,0.4366798400878906,-0.07255426049232483,0.4029284417629242,0.4837457239627838,-0.08108145743608475,0.362277626991272,0.5267097353935242,-0.01732674054801464,0.34391650557518005,0.43305501341819763,-0.04986108839511871,0.3590039312839508,0.46454918384552,-0.060303717851638794,0.3701857030391693,0.5153758525848389,-0.059920940548181534,0.32834914326667786,0.555158793926239,-0.023105807602405548,0.3171529769897461,0.48622992634773254,-0.04657251760363579,0.3333173394203186,0.499626487493515,-0.052597761154174805,0.3463464677333832,0.5356531143188477,-0.05247075855731964
0.38432833552360535,0.7423309683799744,2.2328603677124192e-07,0.43774351477622986,0.6906465291976929,-0.03215942531824112,0.4706535339355469,0.6125794649124146,-0.04590294137597084,0.4459843337535858,0.5456013679504395,-0.059698089957237244,0.4067319631576538,0.5051920413970947,-0.07332290709018707,0.4300304055213928,0.4994319677352905,-0.017796261236071587,0.439641535282135,0.38335609436035156,-0.037886448204517365,0.4460987448692322,0.31418997049331665,-0.05411073565483093,0.4496312737464905,0.2585461735725403,-0.06623554974794388,0.3884245455265045,0.506988525390625,-0.01722271554172039,0.37514954805374146,0.40181803703308105,-0.053935933858156204,0.38459455966949463,0.4306403398513794,-0.07656131684780121,0.3932770788669586,0.47951963543891907,-0.08451811969280243,0.3530399203300476,0.525541365146637,-0.01977268047630787,0.3350866138935089,0.4327230453491211,-0.05249091237783432,0.34735924005508423,0.4619092047214508,-0.0631050318479538,0.3579770624637604,0.5129987597465515,-0.062534399330616,0.3199763298034668,0.555144190788269,-0.02530829608440399,0.3058966398239136,0.4866819679737091,-0.04844697192311287,0.31962651014328003,0.4969783425331116,-0.054339613765478134,0.33231616020202637,0.5313554406166077,-0.05386224389076233
0.36887991428375244,0.7381913661956787,2.5046597329492215e-07,0.42679446935653687,0.6810178756713867,-0.0358637198805809,0.4576868414878845,0.6082447171211243,-0.051720693707466125,0.4273562431335449,0.5460585355758667,-0.0675760880112648,0.3868560492992401,0.5107443928718567,-0.08304689824581146,0.41990894079208374,0.49200981855392456,-0.016985950991511345,0.42949792742729187,0.37761634588241577,-0.03837386146187782,0.4333372712135315,0.30573809146881104,-0.056959036737680435,0.4335789382457733,0.2489168345928192,-0.07100436836481094,0.37606287002563477,0.5009589195251465,-0.015193473547697067,0.3540162742137909,0.4065495729446411,-0.05584792047739029,0.36043643951416016,0.4325014352798462,-0.08378198742866516,0.3687761425971985,0.47641557455062866,-0.09487699717283249,0.3386535048484802,0.5178188681602478,-0.016993870958685875,0.31907162070274353,0.438618540763855,-0.05369674041867256,0.32913118600845337,0.4641749858856201,-0.07023395597934723,0.3379265367984772,0.5122845768928528,-0.07259335368871689,0.3041631877422333,0.5438412427902222,-0.021862808614969254,0.2870601415634155,0.4811348021030426,-0.04680820181965828,0.2992323338985443,0.49155393242836,-0.055458974093198776,0.31192049384117126,0.5260242819786072,-0.05633634328842163
0.36322328448295593,0.7376490235328674,2.6464579150342615e-07,0.4207041263580322,0.6791505217552185,-0.03440779447555542,0.4485240578651428,0.5975300669670105,-0.04846835508942604,0.4134853780269623,0.5303215980529785,-0.06254908442497253,0.36871537566185,0.49870041012763977,-0.0764922946691513,0.4075240194797516,0.4848376512527466,-0.015760289505124092,0.41580018401145935,0.3694731593132019,-0.036105524748563766,0.4192453622817993,0.29891452193260193,-0.05347287654876709,0.41891857981681824,0.2416698932647705,-0.06685047596693039,0.3633561134338379,0.4946182668209076,-0.014460661448538303,0.33803343772888184,0.3963495194911957,-0.05244184657931328,0.34859925508499146,0.4143083989620209,-0.07758644223213196,0.359286367893219,0.4509340226650238,-0.0874708890914917,0.32681891322135925,0.5157696008682251,-0.016566628590226173,0.3024367690086365,0.42909878492355347,-0.053422875702381134,0.31828001141548157,0.4588668644428253,-0.06652487814426422,0.3308824300765991,0.5084690451622009,-0.06628908962011337,0.29401111602783203,0.5472995042800903,-0.021603483706712723,0.2747578024864197,0.48171597719192505,-0.04850834235548973,0.2903093993663788,0.49641722440719604,-0.05547965317964554,0.30445224046707153,0.5333554148674011,-0.054599929600954056
0.21473795175552368,0.7216061353683472,2.007105592838343e-07,0.26083484292030334,0.6693807244300842,-0.03555075451731682,0.2765735387802124,0.5944751501083374,-0.04800087958574295,0.24304009974002838,0.5413960218429565,-0.05953994020819664,0.2012295424938202,0.5104765295982361,-0.07139240205287933,0.2527148127555847,0.4976388216018677,-0.014594752341508865,0.25732937455177307,0.4014248251914978,-0.03427930548787117,0.2579427659511566,0.3412870466709137,-0.05279126763343811,0.25862202048301697,0.29286131262779236,-0.06665211170911789,0.21344508230686188,0.5051315426826477,-0.010822591371834278,0.19500388205051422,0.41762346029281616,-0.04796590656042099,0.19387243688106537,0.437407910823822,-0.0770019143819809,0.2004357874393463,0.4755534827709198,-0.0891769602894783,0.18047365546226501,0.5227834582328796,-0.010616583749651909,0.1605074107646942,0.45558691024780273,-0.04564148932695389,0.15942010283470154,0.47648516297340393,-0.06686925143003464,0.16658198833465576,0.5199816226959229,-0.07223954051733017,0.15355056524276733,0.550422191619873,-0.01308828592300415,0.13553017377853394,0.49591144919395447,-0.038276590406894684,0.13706685602664948,0.501763105392456,-0.05035480856895447,0.14562998712062836,0.5321821570396423,-0.05371003597974777
0.19883911311626434,0.743502140045166,6.263697969188797e-07,0.24178163707256317,0.691935122013092,-0.03985363617539406,0.26285049319267273,0.6169360876083374,-0.05468234047293663,0.23059099912643433,0.5561734437942505,-0.06802293658256531,0.18523924052715302,0.5245161056518555,-0.08031321316957474,0.23561136424541473,0.5068833231925964,-0.022668400779366493,0.2410343736410141,0.4070734977722168,-0.04506990313529968,0.24096566438674927,0.34599870443344116,-0.06243589520454407,0.241936594247818,0.2950630784034729,-0.07324762642383575,0.19461870193481445,0.511284589767456,-0.018200838938355446,0.19430185854434967,0.4158764183521271,-0.04436676576733589,0.19850395619869232,0.3592491149902344,-0.06567879021167755,0.20714245736598969,0.31776827573776245,-0.0783623531460762,0.15998004376888275,0.5329961776733398,-0.018891550600528717,0.1413390189409256,0.4680614471435547,-0.05563311651349068,0.14429360628128052,0.4934404492378235,-0.07475034892559052,0.1567070633172989,0.5378773808479309,-0.0779644250869751,0.12994030117988586,0.5651823282241821,-0.022411638870835304,0.11076092720031738,0.5080516934394836,-0.049966998398303986,0.11632249504327774,0.515640377998352,-0.05899301543831825,0.12885485589504242,0.5461384654045105,-0.05970039591193199
0.19097177684307098,0.7504706382751465,1.9053433675253473e-07,0.23334765434265137,0.6945792436599731,-0.03810349479317665,0.25518926978111267,0.6154879331588745,-0.05444997921586037,0.21936896443367004,0.5561941862106323,-0.0697641670703888,0.16980458796024323,0.528205394744873,-0.0847734808921814,0.22251065075397491,0.5141148567199707,-0.022043293341994286,0.22497165203094482,0.40639859437942505,-0.043629277497529984,0.2247234284877777,0.3421565294265747,-0.06120695918798447,0.2256077080965042,0.2879906892776489,-0.07384569197893143,0.18146830797195435,0.5232806205749512,-0.018585430458188057,0.15886583924293518,0.4535890817642212,-0.059575777500867844,0.15493443608283997,0.48734763264656067,-0.08542875945568085,0.1623501181602478,0.5315158367156982,-0.09405290335416794,0.14687637984752655,0.5427641272544861,-0.018453245982527733,0.12506632506847382,0.4824158847332001,-0.05651349201798439,0.1269397884607315,0.5112062692642212,-0.07183045893907547,0.13811732828617096,0.5586245656013489,-0.07193674892187119,0.11769822984933853,0.5705187320709229,-0.02132108062505722,0.09724096953868866,0.5121543407440186,-0.046749986708164215,0.10082127898931503,0.5185123682022095,-0.05382030829787254,0.11259429156780243,0.550194501876831,-0.05229273438453674
0.18574108183383942,0.7568865418434143,1.860035041545416e-07,0.23007819056510925,0.6965296268463135,-0.03647378459572792,0.25316449999809265,0.6184217929840088,-0.05242141708731651,0.21824312210083008,0.5584717988967896,-0.06765348464250565,0.1681949645280838,0.5329187512397766,-0.08253298699855804,0.2196672558784485,0.5229523181915283,-0.018815375864505768,0.22408880293369293,0.41411417722702026,-0.03926613926887512,0.2255297601222992,0.351420521736145,-0.05680587515234947,0.22712503373622894,0.2970811426639557,-0.06978368759155273,0.1788799911737442,0.5307055711746216,-0.015357174910604954,0.15980030596256256,0.46196722984313965,-0.05527304857969284,0.15555313229560852,0.49699679017066956,-0.08118188381195068,0.16148488223552704,0.5405706167221069,-0.09011956304311752,0.1446961611509323,0.5479348301887512,-0.01508541963994503,0.12350912392139435,0.4846029579639435,-0.05128699913620949,0.12540064752101898,0.5119906067848206,-0.06595142185688019,0.13640925288200378,0.5592761039733887,-0.06599515676498413,0.11663293093442917,0.573712170124054,-0.01773652993142605,0.09582232683897018,0.5171084403991699,-0.041761163622140884,0.10015705972909927,0.5220873951911926,-0.048430465161800385,0.11341448128223419,0.5526309013366699,-0.04670082405209541
0.18439531326293945,0.7527640461921692,2.2877850369695807e-07,0.2290433645248413,0.6977236866950989,-0.03525834158062935,0.25870171189308167,0.6207184791564941,-0.05140412971377373,0.2271415740251541,0.5594961643218994,-0.06724654138088226,0.17892587184906006,0.529376745223999,-0.08310269564390182,0.22638075053691864,0.5183746814727783,-0.0191024336963892,0.23193131387233734,0.4098069369792938,-0.04084908962249756,0.23487764596939087,0.3462352156639099,-0.05956018343567848,0.23872610926628113,0.2921994626522064,-0.07312855124473572,0.18604914844036102,0.5264801383018494,-0.016874050721526146,0.17091350257396698,0.4527791738510132,-0.0567249171435833,0.16950877010822296,0.4800877571105957,-0.08417835086584091,0.1769152730703354,0.5183573961257935,-0.09473508596420288,0.1513236165046692,0.5445266366004944,-0.01757369190454483,0.1322532743215561,0.47606655955314636,-0.053644828498363495,0.13325431942939758,0.501642644405365,-0.06843359768390656,0.14244790375232697,0.5469973087310791,-0.06899171322584152,0.12072257697582245,0.5720869898796082,-0.021071041002869606,0.10255508124828339,0.5127683877944946,-0.045196231454610825,0.10804586112499237,0.5202077627182007,-0.05122634395956993,0.12037535756826401,0.551366925239563,-0.0491887666285038
0.18606534600257874,0.7544201016426086,2.003503709602228e-07,0.23160246014595032,0.6985889077186584,-0.03422503173351288,0.2659294009208679,0.6227381229400635,-0.05084767937660217,0.24132470786571503,0.5557475686073303,-0.06712763756513596,0.19320426881313324,0.5239822268486023,-0.08335962891578674,0.22562631964683533,0.5136162638664246,-0.02054380252957344,0.23107488453388214,0.40652865171432495,-0.04190797358751297,0.23166301846504211,0.34366142749786377,-0.05994779244065285,0.23140974342823029,0.2904636859893799,-0.07337643206119537,0.18353936076164246,0.5232271552085876,-0.019776787608861923,0.1620432287454605,0.4432273805141449,-0.05765695124864578,0.166142076253891,0.47546252608299255,-0.08036690950393677,0.1757252812385559,0.5188831686973572,-0.08827315270900726,0.14727061986923218,0.5458430647850037,-0.02199537865817547,0.12399901449680328,0.4700073301792145,-0.0549815408885479,0.13379043340682983,0.49570727348327637,-0.06342446804046631,0.14620734751224518,0.5398040413856506,-0.06121206283569336,0.11508941650390625,0.5790700912475586,-0.027398908510804176,0.09583009779453278,0.5177597999572754,-0.0489373654127121,0.10689707845449448,0.5266777873039246,-0.05099142715334892,0.12051274627447128,0.5579544901847839,-0.047083090990781784
0.18894389271736145,0.7551066279411316,2.3382041547392873e-07,0.2360399067401886,0.6979171633720398,-0.03205859661102295,0.2712962031364441,0.6231363415718079,-0.046905841678380966,0.2466008961200714,0.5573468208312988,-0.06205908581614494,0.20044223964214325,0.5269482731819153,-0.07755537331104279,0.23079322278499603,0.5149610042572021,-0.0153079554438591,0.2374459058046341,0.4109286963939667,-0.035405293107032776,0.24059486389160156,0.34865960478782654,-0.05343365669250488,0.2436537891626358,0.2961972951889038,-0.0668555274605751,0.19065560400485992,0.5243988633155823,-0.015126368962228298,0.1740473359823227,0.44218599796295166,-0.05147896707057953,0.17846471071243286,0.46718212962150574,-0.07647723704576492,0.18839703500270844,0.5084053874015808,-0.086331307888031,0.15570810437202454,0.5465819239616394,-0.017856480553746223,0.1360475718975067,0.4682930111885071,-0.050108835101127625,0.1440446823835373,0.4902004599571228,-0.06218172237277031,0.1564399003982544,0.5356320738792419,-0.062432125210762024,0.12283959984779358,0.5800764560699463,-0.023498300462961197,0.10557238757610321,0.5179077982902527,-0.04556439444422722,0.11551926285028458,0.5223300457000732,-0.05072076618671417,0.1292036771774292,0.5522924661636353,-0.04909982532262802
0.19350679218769073,0.7548044919967651,2.2306099367597199e-07,0.24199581146240234,0.6984131336212158,-0.028251269832253456,0.27884355187416077,0.6247165203094482,-0.041595637798309326,0.25637659430503845,0.5578206777572632,-0.05522964149713516,0.21364015340805054,0.5264139175415039,-0.06934262067079544,0.23875540494918823,0.5120836496353149,-0.013792752288281918,0.2486090213060379,0.4122442603111267,-0.032255664467811584,0.253846138715744,0.3505985736846924,-0.04867445304989815,0.25683701038360596,0.30105191469192505,-0.06081535667181015,0.19803796708583832,0.5204942226409912,-0.014948241412639618,0.181560218334198,0.42759647965431213,-0.04814290627837181,0.19227682054042816,0.45160573720932007,-0.0707140564918518,0.20280013978481293,0.4968183636665344,-0.07929677516222,0.16338494420051575,0.54258131980896,-0.01866264082491398,0.14416289329528809,0.4623020887374878,-0.04804016649723053,0.1582159847021103,0.4820447862148285,-0.059358205646276474,0.17087332904338837,0.5259616374969482,-0.0599951446056366,0.13000568747520447,0.5761035680770874,-0.024903204292058945,0.11244594305753708,0.5120010375976562,-0.04464761167764664,0.12639963626861572,0.5158026218414307,-0.04924510046839714,0.1408049613237381,0.5435271263122559,-0.04814307391643524
0.19457189738750458,0.7584282755851746,2.190965204817985e-07,0.2435867041349411,0.7007040977478027,-0.026584867388010025,0.2815370261669159,0.628379225730896,-0.03837106376886368,0.26121973991394043,0.5589730143547058,-0.05049661919474602,0.2191542387008667,0.5270159840583801,-0.06292185187339783,0.24307988584041595,0.5228340029716492,-0.010945887304842472,0.2516527473926544,0.42393553256988525,-0.02788207121193409,0.25432905554771423,0.36321890354156494,-0.04299037531018257,0.25493869185447693,0.3179072141647339,-0.05406725034117699,0.20278090238571167,0.5273013114929199,-0.011908859945833683,0.1864999681711197,0.4279294013977051,-0.040437061339616776,0.19611285626888275,0.44807836413383484,-0.05963049456477165,0.20652784407138824,0.4923889935016632,-0.06689734011888504,0.1683855801820755,0.5460549592971802,-0.015681887045502663,0.1487261801958084,0.46015554666519165,-0.04220537096261978,0.16125571727752686,0.4787290692329407,-0.05145817622542381,0.17335262894630432,0.5242359638214111,-0.051469847559928894,0.13446879386901855,0.5763800144195557,-0.022037338465452194,0.11957801878452301,0.5107409954071045,-0.04084814712405205,0.13319048285484314,0.5144423842430115,-0.04508873447775841,0.14696475863456726,0.5453703999519348,-0.04417115077376366
0.2010907381772995,0.7558472156524658,2.0168482706139912e-07,0.2504623532295227,0.702510416507721,-0.02580888383090496,0.28866857290267944,0.6302134990692139,-0.03825877606868744,0.27000439167022705,0.5608707070350647,-0.05106073617935181,0.22867977619171143,0.5266674160957336,-0.06420791149139404,0.2505185008049011,0.5233466625213623,-0.013650396838784218,0.2606554329395294,0.42609238624572754,-0.03130035102367401,0.26490432024002075,0.3652019500732422,-0.0460556223988533,0.2659797966480255,0.3178826868534088,-0.05698741227388382,0.2105736881494522,0.5273570418357849,-0.015964988619089127,0.1966244876384735,0.42353081703186035,-0.04629054665565491,0.20848099887371063,0.45087122917175293,-0.06459116190671921,0.21844425797462463,0.4986691474914551,-0.07036963850259781,0.17647656798362732,0.5461891889572144,-0.020678238943219185,0.1594303548336029,0.4575481712818146,-0.048512525856494904,0.17496438324451447,0.4810791015625,-0.05583043396472931,0.18648996949195862,0.5276386737823486,-0.053895726799964905,0.1421813815832138,0.5759803056716919,-0.02776007167994976,0.1292879283428192,0.5066202878952026,-0.04708185791969299,0.14543065428733826,0.5135136246681213,-0.04957571253180504,0.1584959328174591,0.546095609664917,-0.04709244892001152
0.19901403784751892,0.7537988424301147,1.687300681396664e-07,0.250675767660141,0.7016994953155518,-0.023751715198159218,0.29003414511680603,0.6305273771286011,-0.03482947498559952,0.2717200815677643,0.5615947842597961,-0.04649868980050087,0.22953230142593384,0.5315973162651062,-0.05852995812892914,0.25082534551620483,0.5273051261901855,-0.008936230093240738,0.2549542784690857,0.4339545667171478,-0.025155436247587204,0.25967884063720703,0.3789081573486328,-0.03880712389945984,0.26282501220703125,0.3428018093109131,-0.048448946326971054,0.21188391745090485,0.5302077531814575,-0.010572250001132488,0.19856683909893036,0.43021896481513977,-0.03679971024394035,0.20879638195037842,0.4530768394470215,-0.05296141281723976,0.21796533465385437,0.49658313393592834,-0.05838073790073395,0.17828954756259918,0.5460571646690369,-0.015010684728622437,0.16067904233932495,0.4583483040332794,-0.03970741108059883,0.17486850917339325,0.4783724248409271,-0.04644639045000076,0.18631412088871002,0.5237616300582886,-0.045226987451314926,0.14360439777374268,0.5721980929374695,-0.021788330748677254,0.1313723623752594,0.5040919184684753,-0.04009038954973221,0.14708571135997772,0.509434700012207,-0.04351045936346054,0.1606641262769699,0.5415035486221313,-0.04227548465132713
0.20466496050357819,0.7585544586181641,1.4225739164430706e-07,0.25557318329811096,0.7043575048446655,-0.02267952635884285,0.2937532961368561,0.6326701641082764,-0.03445640206336975,0.27643609046936035,0.5652711987495422,-0.04714547097682953,0.2336345911026001,0.5353659391403198,-0.06032883748412132,0.24929916858673096,0.5316687226295471,-0.010342136956751347,0.24745962023735046,0.43920642137527466,-0.02850567176938057,0.2548435628414154,0.393657922744751,-0.04389059171080589,0.2598513960838318,0.37165820598602295,-0.05389054864645004,0.21328817307949066,0.5373497009277344,-0.01281626895070076,0.19818203151226044,0.4349401295185089,-0.03855505585670471,0.21252048015594482,0.4533446133136749,-0.05589458718895912,0.22261399030685425,0.49668195843696594,-0.06281159818172455,0.18165935575962067,0.5546560883522034,-0.018103860318660736,0.1631033718585968,0.4640825390815735,-0.04153500497341156,0.17944633960723877,0.48000672459602356,-0.04984346404671669,0.19101980328559875,0.5245177149772644,-0.05060935392975807,0.1480601727962494,0.5816458463668823,-0.025679288432002068,0.13406705856323242,0.5120177268981934,-0.04348057508468628,0.15011487901210785,0.5146978497505188,-0.04805329814553261,0.16346797347068787,0.5458781123161316,-0.048243194818496704
0.21027816832065582,0.7600405216217041,2.2555923351319507e-07,0.2611296772956848,0.7067983150482178,-0.024627890437841415,0.2980240285396576,0.6360864639282227,-0.036527618765830994,0.282718300819397,0.5707277059555054,-0.049356065690517426,0.24355439841747284,0.5378776788711548,-0.06269322335720062,0.2626805007457733,0.5235087871551514,-0.012781431898474693,0.272333025932312,0.42813530564308167,-0.03151412308216095,0.27582335472106934,0.3678138256072998,-0.04755362495779991,0.27764105796813965,0.3211752772331238,-0.0591607503592968,0.2224806547164917,0.5294656157493591,-0.016140230000019073,0.20620614290237427,0.4298015534877777,-0.04762374237179756,0.2171826809644699,0.44887226819992065,-0.06780172884464264,0.22874599695205688,0.49164843559265137,-0.07506489753723145,0.18802617490291595,0.5506372451782227,-0.02193530462682247,0.17195723950862885,0.46782970428466797,-0.05096803233027458,0.187949538230896,0.4884495735168457,-0.05995982885360718,0.2012712061405182,0.532330334186554,-0.05904900282621384,0.15413475036621094,0.5830352306365967,-0.03010988049209118,0.1428048461675644,0.5168829560279846,-0.050487909466028214,0.1595720648765564,0.5219935178756714,-0.05408782511949539,0.17522208392620087,0.551160991191864,-0.05221182480454445
0.22110484540462494,0.7688405513763428,-3.6175759277057296e-08,0.2778591513633728,0.7102088928222656,-0.01770024560391903,0.31767237186431885,0.6408216953277588,-0.028142567723989487,0.3037787079811096,0.5704367160797119,-0.04104487970471382,0.2635926604270935,0.5380319356918335,-0.05279756709933281,0.2694452106952667,0.5394244194030762,-0.003256093477830291,0.2606735825538635,0.44360852241516113,-0.02853095717728138,0.2739980220794678,0.45214879512786865,-0.04868753254413605,0.2839805483818054,0.4854371249675751,-0.05829813703894615,0.2349911481142044,0.543012797832489,-0.007116347085684538,0.22362034022808075,0.4355615973472595,-0.03085615672171116,0.24241946637630463,0.46079468727111816,-0.047978486865758896,0.25234532356262207,0.5077986717224121,-0.05507269874215126,0.20391419529914856,0.5573864579200745,-0.014693926088511944,0.18913021683692932,0.459658145904541,-0.03525311127305031,0.21007858216762543,0.48496705293655396,-0.04125167801976204,0.2219400405883789,0.5334047675132751,-0.04051054269075394,0.17026352882385254,0.5824375152587891,-0.02447843737900257,0.16124007105827332,0.5123240351676941,-0.039101067930459976,0.18102790415287018,0.5204471945762634,-0.040575552731752396,0.19461138546466827,0.5527471303939819,-0.03816781938076019
0.22231100499629974,0.7623931169509888,-2.5017299343232935e-09,0.2790924906730652,0.7093013525009155,-0.018825825303792953,0.31824561953544617,0.6407052278518677,-0.029670748859643936,0.3015552759170532,0.5764198899269104,-0.04246139153838158,0.2622990608215332,0.5482606291770935,-0.054790250957012177,0.27096784114837646,0.5338578224182129,-0.009120108559727669,0.26379913091659546,0.43825456500053406,-0.032408274710178375,0.27593791484832764,0.43680626153945923,-0.050372879952192307,0.2846240699291229,0.45600616931915283,-0.059993382543325424,0.2352738082408905,0.5400148034095764,-0.013610937632620335,0.2227461189031601,0.43142032623291016,-0.04026731848716736,0.24198287725448608,0.4622405767440796,-0.05794849246740341,0.2528103291988373,0.5102357864379883,-0.0648040771484375,0.20347562432289124,0.5574588179588318,-0.021163707599043846,0.18889902532100677,0.46049556136131287,-0.04454779624938965,0.20944121479988098,0.48755329847335815,-0.051687661558389664,0.22109049558639526,0.5353699922561646,-0.05110209062695503,0.1696048378944397,0.584770679473877,-0.030665382742881775,0.15912988781929016,0.5143823027610779,-0.046713683754205704,0.1783885955810547,0.5221603512763977,-0.048899415880441666,0.19166415929794312,0.5530798435211182,-0.047120414674282074
0.21377402544021606,0.7573809623718262,2.2131500543309812e-07,0.2664211392402649,0.7094194889068604,-0.024878492578864098,0.30630171298980713,0.635719895362854,-0.03577818349003792,0.2920423746109009,0.5648967623710632,-0.04694996774196625,0.2506377100944519,0.5317381024360657,-0.05851754546165466,0.26648369431495667,0.5232536792755127,-0.01139309722930193,0.27161166071891785,0.4264628291130066,-0.02815384604036808,0.27486056089401245,0.3635219633579254,-0.04165969416499138,0.2757298946380615,0.31747373938560486,-0.051576029509305954,0.22711500525474548,0.5279086828231812,-0.01311836764216423,0.21162624657154083,0.4297294318675995,-0.04187200218439102,0.22674238681793213,0.4604315459728241,-0.057965461164712906,0.23912377655506134,0.5083867907524109,-0.06216058507561684,0.19425666332244873,0.5482433438301086,-0.01736513338983059,0.17812924087047577,0.4659465551376343,-0.044662706553936005,0.1965244710445404,0.4909128248691559,-0.04933134466409683,0.2089589536190033,0.5356056094169617,-0.04558186233043671,0.16043558716773987,0.5804639458656311,-0.023974085226655006,0.1470004767179489,0.514509916305542,-0.043868035078048706,0.16627779603004456,0.5218910574913025,-0.04540494829416275,0.18252414464950562,0.5530562996864319,-0.0419195182621479
0.20840641856193542,0.7668919563293457,1.913687981414114e-07,0.2605684995651245,0.7171175479888916,-0.02762823924422264,0.30155667662620544,0.6450656652450562,-0.040679555386304855,0.28782472014427185,0.5752977728843689,-0.054310888051986694,0.24619783461093903,0.5411231517791748,-0.0685058981180191,0.26384177803993225,0.5266768932342529,-0.014231444336473942,0.2728899121284485,0.4279908835887909,-0.03300975635647774,0.2748241126537323,0.3682343363761902,-0.048756662756204605,0.27570101618766785,0.31937819719314575,-0.06071271374821663,0.2228512018918991,0.5323371291160583,-0.016908027231693268,0.20968185365200043,0.4297868609428406,-0.05051567032933235,0.22193384170532227,0.4586966335773468,-0.07139730453491211,0.23389127850532532,0.5056433081626892,-0.07860630005598068,0.1871839314699173,0.5535620450973511,-0.022228769958019257,0.17029684782028198,0.46528226137161255,-0.05346798896789551,0.18731863796710968,0.49242642521858215,-0.06298191845417023,0.20115751028060913,0.5400812029838562,-0.061839230358600616,0.152414008975029,0.5856568217277527,-0.03006213717162609,0.14047382771968842,0.5148849487304688,-0.05169311910867691,0.15705710649490356,0.5245842933654785,-0.05556497722864151,0.17109905183315277,0.5587167143821716,-0.05383884534239769
0.20193763077259064,0.7702862620353699,2.1627411683766695e-07,0.2536807656288147,0.7136571407318115,-0.024231689050793648,0.29426032304763794,0.6414204239845276,-0.036006443202495575,0.27944961190223694,0.5729605555534363,-0.048866938799619675,0.23697318136692047,0.5435144901275635,-0.06239785999059677,0.25398263335227966,0.5317572355270386,-0.01133719552308321,0.26432910561561584,0.43320417404174805,-0.02884981967508793,0.26828959584236145,0.3721139430999756,-0.04375729337334633,0.2706127464771271,0.322165310382843,-0.05475996434688568,0.21315623819828033,0.5367274284362793,-0.01470433920621872,0.20280317962169647,0.43786585330963135,-0.04602809622883797,0.21434272825717926,0.46210992336273193,-0.06571902334690094,0.22379553318023682,0.5080212354660034,-0.0721442848443985,0.17775000631809235,0.556833803653717,-0.02027350850403309,0.16271528601646423,0.47092702984809875,-0.04847022891044617,0.17889568209648132,0.4943034052848816,-0.05668313056230545,0.19146728515625,0.5405824184417725,-0.05493854358792305,0.14291566610336304,0.5879942774772644,-0.028111543506383896,0.1301327794790268,0.5189914107322693,-0.04675426334142685,0.14677074551582336,0.5260987281799316,-0.04875854402780533,0.1610429883003235,0.558621883392334,-0.04565460607409477
0.1874445229768753,0.7678670883178711,2.2357905038461467e-07,0.23877374827861786,0.7158223986625671,-0.02473028004169464,0.27667975425720215,0.6421887278556824,-0.035919949412345886,0.26328232884407043,0.5732652544975281,-0.047891076654195786,0.22197480499744415,0.5421816110610962,-0.0608004555106163,0.2369736135005951,0.5290623903274536,-0.012020207941532135,0.24582506716251373,0.4322265386581421,-0.02935473993420601,0.24975775182247162,0.37046700716018677,-0.04460454732179642,0.2520732879638672,0.3204229474067688,-0.056045640259981155,0.19745561480522156,0.5351305603981018,-0.014360563829541206,0.1877070963382721,0.44142723083496094,-0.04523051530122757,0.20088781416416168,0.4643838405609131,-0.06530909240245819,0.21205635368824005,0.5095829963684082,-0.07247090339660645,0.16231344640254974,0.5569270849227905,-0.01891046203672886,0.14749428629875183,0.4742027223110199,-0.04687540605664253,0.16358941793441772,0.4964638352394104,-0.05558961257338524,0.17657902836799622,0.5420539379119873,-0.05467726290225983,0.12777268886566162,0.5903993248939514,-0.02570825256407261,0.11519934237003326,0.5247260332107544,-0.04520300775766373,0.13201859593391418,0.5316462516784668,-0.04841746762394905,0.14714324474334717,0.5628859996795654,-0.04637116938829422
0.18021488189697266,0.77280193567276,1.9196663458842522e-07,0.23171180486679077,0.7206113338470459,-0.025741679593920708,0.27080345153808594,0.6467613577842712,-0.037961918860673904,0.25698673725128174,0.5787409543991089,-0.05096237733960152,0.2149001806974411,0.5482034087181091,-0.06464263796806335,0.23194709420204163,0.5357805490493774,-0.013948473148047924,0.2411145269870758,0.4349416494369507,-0.031988129019737244,0.24458186328411102,0.3745190501213074,-0.04739701747894287,0.2460871934890747,0.3230626583099365,-0.05924909561872482,0.1917496770620346,0.5410954356193542,-0.016632316634058952,0.18223896622657776,0.4471815228462219,-0.049671292304992676,0.1951940655708313,0.47758692502975464,-0.06982845813035965,0.2063203901052475,0.5238876342773438,-0.07665880024433136,0.15549048781394958,0.5613742470741272,-0.021552152931690216,0.13989518582820892,0.4727745056152344,-0.050586700439453125,0.1564345806837082,0.499351441860199,-0.058297816663980484,0.16985982656478882,0.5462778806686401,-0.05654030665755272,0.11997349560260773,0.5931504964828491,-0.028892118483781815,0.10681996494531631,0.5250246524810791,-0.04871173948049545,0.12301363795995712,0.5333395004272461,-0.05132433772087097,0.13714753091335297,0.5649475455284119,-0.048834554851055145
0.17422202229499817,0.775571346282959,2.089902721991166e-07,0.2250261902809143,0.7242521047592163,-0.026474079117178917,0.2652144432067871,0.6515353918075562,-0.0394902378320694,0.25548872351646423,0.5828326940536499,-0.053262483328580856,0.21335825324058533,0.5494232177734375,-0.06781522184610367,0.22573988139629364,0.540297269821167,-0.016003068536520004,0.2359917163848877,0.43670040369033813,-0.03459961339831352,0.2409369796514511,0.37576526403427124,-0.050684377551078796,0.24342107772827148,0.32289326190948486,-0.06322168558835983,0.18603885173797607,0.5444440841674805,-0.018475087359547615,0.1773892045021057,0.45018866658210754,-0.051747120916843414,0.1913505494594574,0.47974351048469543,-0.07279673963785172,0.20265734195709229,0.5252354741096497,-0.0809006467461586,0.14965933561325073,0.5635021328926086,-0.023177502676844597,0.13418009877204895,0.47337788343429565,-0.05216677114367485,0.1514602154493332,0.498890221118927,-0.061222970485687256,0.16540756821632385,0.5463913679122925,-0.06095297262072563,0.11431340873241425,0.5937303900718689,-0.030373021960258484,0.10125229507684708,0.5246577262878418,-0.05083112046122551,0.11794119328260422,0.5312165021896362,-0.05519808456301689,0.13289453089237213,0.5626319646835327,-0.05432925373315811
0.17122860252857208,0.7751263976097107,2.0871370054464933e-07,0.22247308492660522,0.7247329950332642,-0.025482872501015663,0.26165086030960083,0.6520132422447205,-0.038061562925577164,0.250394731760025,0.583249032497406,-0.05143855884671211,0.20883943140506744,0.5509511232376099,-0.06547601521015167,0.22441567480564117,0.5411409735679626,-0.01460263878107071,0.23737168312072754,0.4400131106376648,-0.032997842878103256,0.24288472533226013,0.3791220188140869,-0.048908598721027374,0.24546167254447937,0.3269897699356079,-0.06130656599998474,0.18490499258041382,0.5456138253211975,-0.017541222274303436,0.17672184109687805,0.45223790407180786,-0.050710488110780716,0.19058823585510254,0.48048582673072815,-0.07088358700275421,0.20167601108551025,0.5253233313560486,-0.07820185273885727,0.14823904633522034,0.5653536319732666,-0.02271702140569687,0.1350858062505722,0.47434309124946594,-0.05225145444273949,0.15263688564300537,0.5011680126190186,-0.05942701920866966,0.16564656794071198,0.5486710667610168,-0.0575864315032959,0.11194004118442535,0.5966002345085144,-0.03033863566815853,0.1015104129910469,0.5282031297683716,-0.05146246403455734,0.11831442266702652,0.5365609526634216,-0.0545487180352211,0.13202081620693207,0.5676693916320801,-0.05246196314692497
0.16307726502418518,0.7789559364318848,2.0913066123284807e-07,0.21358105540275574,0.728692352771759,-0.0266951285302639,0.2514287233352661,0.6552711129188538,-0.04029440879821777,0.24054008722305298,0.5875934362411499,-0.05438382178544998,0.1981244832277298,0.5561569929122925,-0.06912849098443985,0.21574914455413818,0.5422443151473999,-0.017653601244091988,0.22886259853839874,0.4393872618675232,-0.0367596335709095,0.23554471135139465,0.3793409466743469,-0.05365457758307457,0.23952850699424744,0.32637307047843933,-0.06690126657485962,0.17658673226833344,0.5471917390823364,-0.02007411979138851,0.16910570859909058,0.45409196615219116,-0.05359240621328354,0.1802436262369156,0.4853469729423523,-0.07363869249820709,0.18992885947227478,0.5301558971405029,-0.08095352351665497,0.13982416689395905,0.5671207308769226,-0.024693608283996582,0.12706023454666138,0.47759994864463806,-0.05375489220023155,0.14232999086380005,0.5057445764541626,-0.0602552704513073,0.15425433218479156,0.5535014867782593,-0.05816199630498886,0.10375519096851349,0.5981350541114807,-0.03192443028092384,0.09365589916706085,0.5288310050964355,-0.052541039884090424,0.10883261263370514,0.53892582654953,-0.05485609546303749,0.12105105072259903,0.5720356702804565,-0.05226435139775276
0.14858871698379517,0.7859179973602295,1.6404327141117392e-07,0.1998485028743744,0.7389675378799438,-0.02774273231625557,0.23846840858459473,0.6633514761924744,-0.04085734486579895,0.22694849967956543,0.5936219096183777,-0.054313063621520996,0.1844491958618164,0.5622006058692932,-0.0683174654841423,0.20393133163452148,0.5457765460014343,-0.01700841821730137,0.21421097218990326,0.4469476640224457,-0.034973353147506714,0.21798142790794373,0.3882014751434326,-0.051004402339458466,0.21974384784698486,0.33698856830596924,-0.0641762837767601,0.16251403093338013,0.5509468913078308,-0.0192547794431448,0.1507008820772171,0.45670589804649353,-0.05208113417029381,0.16178008913993835,0.4940614700317383,-0.07211843132972717,0.17257362604141235,0.5406659245491028,-0.07978316396474838,0.12527847290039062,0.572012186050415,-0.023780643939971924,0.1093769520521164,0.48319435119628906,-0.053497519344091415,0.12509074807167053,0.514568030834198,-0.06097128987312317,0.13746529817581177,0.5635572075843811,-0.059688784182071686,0.09032801538705826,0.6045214533805847,-0.030940135940909386,0.07890274375677109,0.535351037979126,-0.0523233525454998,0.0938032791018486,0.5466821789741516,-0.05559025704860687,0.10601736605167389,0.5813068151473999,-0.05401952192187309
0.14641700685024261,0.7858126163482666,1.4988131624704693e-07,0.19692900776863098,0.7364349365234375,-0.0277094729244709,0.23418527841567993,0.6623499393463135,-0.04140192270278931,0.2214476764202118,0.5933576822280884,-0.05547484755516052,0.1791021227836609,0.5621532797813416,-0.07004310935735703,0.199915811419487,0.5461276173591614,-0.017341043800115585,0.21043045818805695,0.44782739877700806,-0.03606288507580757,0.21361267566680908,0.39134514331817627,-0.051584869623184204,0.21476596593856812,0.34250515699386597,-0.06397336721420288,0.1585078090429306,0.552125871181488,-0.020204514265060425,0.14629420638084412,0.4547569155693054,-0.0542495958507061,0.1556059569120407,0.4940713346004486,-0.0736367329955101,0.16570568084716797,0.541224479675293,-0.0802297368645668,0.12139244377613068,0.5737047791481018,-0.02550317347049713,0.10405071079730988,0.4850417673587799,-0.05652051419019699,0.11896120011806488,0.5168367624282837,-0.063718281686306,0.13177217543125153,0.5644922852516174,-0.061517514288425446,0.08575088530778885,0.6062896847724915,-0.03337003290653229,0.0730745941400528,0.535762369632721,-0.05496280640363693,0.08855119347572327,0.545763373374939,-0.05795377865433693,0.10194873809814453,0.5784800052642822,-0.05591055750846863
0.14054766297340393,0.7872422337532043,1.2221475742535404e-07,0.19194597005844116,0.7377907037734985,-0.02679547853767872,0.2309158444404602,0.6634702086448669,-0.039358001202344894,0.21655823290348053,0.593329668045044,-0.05215936899185181,0.17207659780979156,0.564797043800354,-0.06558278948068619,0.19668085873126984,0.5475730299949646,-0.015058313496410847,0.20809534192085266,0.4512691795825958,-0.03144865110516548,0.21127282083034515,0.3956507742404938,-0.045214228332042694,0.2123781442642212,0.3469170331954956,-0.05667867138981819,0.15479011833667755,0.5509209036827087,-0.01770501397550106,0.14497849345207214,0.45489221811294556,-0.048747457563877106,0.15203365683555603,0.49757784605026245,-0.06634554266929626,0.15887047350406647,0.5455272793769836,-0.07182318717241287,0.11760689318180084,0.5715452432632446,-0.02256191149353981,0.10184373706579208,0.4858849346637726,-0.051257986575365067,0.11592921614646912,0.5213474035263062,-0.05671069771051407,0.12614327669143677,0.5690291523933411,-0.05353634059429169,0.08121152222156525,0.6050130724906921,-0.029860900714993477,0.06887488067150116,0.5351250767707825,-0.04951626807451248,0.08433879911899567,0.5483386516571045,-0.050284259021282196,0.0964060127735138,0.5830487012863159,-0.04672709107398987
0.15482278168201447,0.7659791707992554,2.1002288974614203e-07,0.20591580867767334,0.7138311862945557,-0.024895770475268364,0.24388387799263,0.645668089389801,-0.03683120012283325,0.22633889317512512,0.5889078974723816,-0.049745988100767136,0.1881125271320343,0.5653231739997864,-0.06272390484809875,0.2074173092842102,0.5200972557067871,-0.008611281402409077,0.2162880152463913,0.4251823425292969,-0.02660154178738594,0.22226646542549133,0.3674037456512451,-0.0425705723464489,0.22703233361244202,0.3181767463684082,-0.054259635508060455,0.1644212007522583,0.5268197655677795,-0.01079047005623579,0.15262430906295776,0.4437270164489746,-0.042691972106695175,0.1576237827539444,0.4824399948120117,-0.06065494567155838,0.1661728471517563,0.5271919369697571,-0.06504353135824203,0.12666769325733185,0.5464484095573425,-0.015702730044722557,0.11330932378768921,0.4738040566444397,-0.04475583881139755,0.12012182176113129,0.5095839500427246,-0.04857400059700012,0.12795938551425934,0.5544208288192749,-0.042681507766246796,0.09191850572824478,0.5776239037513733,-0.023097822442650795,0.07853101193904877,0.5172654390335083,-0.04151656851172447,0.0880994126200676,0.5341617465019226,-0.03908213600516319,0.09780876338481903,0.5664358139038086,-0.0315467044711113
0.2121938318014145,0.616351842880249,6.880729870317737e-07,0.2655571401119232,0.5744569301605225,-0.03207758441567421,0.29853442311286926,0.5190755724906921,-0.0435110367834568,0.2940210700035095,0.46147435903549194,-0.05481972172856331,0.28196728229522705,0.41548681259155273,-0.0655943751335144,0.28310340642929077,0.3964816927909851,-0.01478612795472145,0.30049842596054077,0.3106752336025238,-0.03587883710861206,0.3081657290458679,0.24906452000141144,-0.054650869220495224,0.31481271982192993,0.1981322169303894,-0.06649323552846909,0.24193257093429565,0.38798296451568604,-0.01327444240450859,0.24513188004493713,0.29282334446907043,-0.03457600250840187,0.24764566123485565,0.22624018788337708,-0.05561763420701027,0.25363001227378845,0.17454737424850464,-0.06887554377317429,0.20209625363349915,0.397963285446167,-0.01597391813993454,0.20034676790237427,0.32553133368492126,-0.04645051807165146,0.20068670809268951,0.34304291009902954,-0.06053755804896355,0.20239074528217316,0.3774719536304474,-0.062210991978645325,0.16366702318191528,0.423400342464447,-0.021246422082185745,0.15896159410476685,0.36107099056243896,-0.04507804289460182,0.16508369147777557,0.3688002824783325,-0.04867701604962349,0.17128433287143707,0.3960673213005066,-0.045355647802352905
0.3628123104572296,0.42269670963287354,2.1357122648169025e-07,0.4169325828552246,0.3718273639678955,-0.026721669360995293,0.4551520347595215,0.28968632221221924,-0.038026440888643265,0.4535495936870575,0.22143591940402985,-0.04952022433280945,0.4303774833679199,0.18156613409519196,-0.06112248823046684,0.42659324407577515,0.17426906526088715,-0.011191761121153831,0.4386708438396454,0.07828795164823532,-0.030315538868308067,0.45105013251304626,0.025228798389434814,-0.04702375829219818,0.4581747353076935,-0.007261306047439575,-0.058697786182165146,0.38221806287765503,0.1695442795753479,-0.013270971365272999,0.3839631974697113,0.06514009833335876,-0.04418962821364403,0.4032716751098633,0.08321347832679749,-0.06621289253234863,0.4112018346786499,0.13086102902889252,-0.07528525590896606,0.34049999713897705,0.18399037420749664,-0.018596794456243515,0.33898138999938965,0.09051595628261566,-0.047853030264377594,0.3557016849517822,0.10564444214105606,-0.06069205701351166,0.36103036999702454,0.1520271897315979,-0.06323191523551941,0.29879629611968994,0.21379941701889038,-0.02611730806529522,0.28925132751464844,0.14217977225780487,-0.04927816987037659,0.3095581531524658,0.1418043076992035,-0.05663681775331497,0.3246864974498749,0.17211559414863586,-0.05786485970020294
0.4311465919017792,0.5009254217147827,1.7007866404128436e-07,0.4948803186416626,0.45423707365989685,-0.03464796394109726,0.5495260953903198,0.3700982332229614,-0.05218992754817009,0.5531682372093201,0.2818531394004822,-0.06955132633447647,0.5084004402160645,0.23231685161590576,-0.08755290508270264,0.5182227492332458,0.2183755338191986,-0.024712391197681427,0.5384438633918762,0.10025844722986221,-0.05147645249962807,0.5493179559707642,0.02353307604789734,-0.07230966538190842,0.556147575378418,-0.03592514991760254,-0.08694761246442795,0.4640277028083801,0.21326667070388794,-0.026628436520695686,0.455910325050354,0.09675361216068268,-0.06874971836805344,0.4727189242839813,0.14600977301597595,-0.08997160196304321,0.4850834608078003,0.20888201892375946,-0.09481367468833923,0.4138660430908203,0.23113273084163666,-0.03154783323407173,0.4065636992454529,0.1305912286043167,-0.0696219727396965,0.4246392548084259,0.17752698063850403,-0.07261664420366287,0.43331629037857056,0.23814815282821655,-0.06507409363985062,0.3643973469734192,0.26629626750946045,-0.039604730904102325,0.35499924421310425,0.18247365951538086,-0.06662055850028992,0.3744601309299469,0.20519141852855682,-0.06474999338388443,0.386213093996048,0.25277623534202576,-0.05669023469090462
0.27841684222221375,0.9835883975028992,1.572604162447533e-07,0.3720606565475464,0.9035462141036987,-0.053787801414728165,0.421281635761261,0.7795090079307556,-0.07783789932727814,0.3789902627468109,0.6564085483551025,-0.10268604010343552,0.2888401746749878,0.5959815382957458,-0.12972359359264374,0.381885826587677,0.5493039488792419,-0.02601844072341919,0.4034709930419922,0.37168917059898376,-0.0554431676864624,0.407107949256897,0.2620980441570282,-0.08075229823589325,0.4083057641983032,0.16750597953796387,-0.10226278752088547,0.30147579312324524,0.5451701283454895,-0.02682422287762165,0.29432111978530884,0.3792245090007782,-0.07644996047019958,0.2739482522010803,0.4708917438983917,-0.10346414148807526,0.2774924039840698,0.5494716167449951,-0.11054167151451111,0.2314319610595703,0.5733858346939087,-0.033328376710414886,0.21897505223751068,0.42449039220809937,-0.07942268997430801,0.21655923128128052,0.5031488537788391,-0.08902791887521744,0.22628358006477356,0.5981208086013794,-0.08359697461128235,0.16920819878578186,0.6365686655044556,-0.04477870091795921,0.14211402833461761,0.5052571892738342,-0.07619351148605347,0.1531815081834793,0.531403660774231,-0.0773950070142746,0.1765984743833542,0.6068583130836487,-0.07097890973091125
0.254081666469574,0.9498121738433838,2.1609709222047968e-07,0.3395923972129822,0.8764243125915527,-0.06652628630399704,0.38839107751846313,0.7463533878326416,-0.09240426868200302,0.3413613438606262,0.63646399974823,-0.11709625273942947,0.2626441717147827,0.5727428197860718,-0.1426074504852295,0.34448346495628357,0.5212581753730774,-0.028328631073236465,0.3578685522079468,0.3538597822189331,-0.06070934236049652,0.35781529545783997,0.2503577172756195,-0.090445376932621,0.35839343070983887,0.15657448768615723,-0.11516779661178589,0.2695660889148712,0.5226916670799255,-0.024895591661334038,0.2581861615180969,0.36423635482788086,-0.09072163701057434,0.24178925156593323,0.4428064823150635,-0.13781270384788513,0.24316665530204773,0.5299583077430725,-0.15555770695209503,0.2019830048084259,0.5556105375289917,-0.027442578226327896,0.18628595769405365,0.4148739278316498,-0.09207414090633392,0.17853200435638428,0.4871530830860138,-0.12270816415548325,0.18539690971374512,0.5838600993156433,-0.12644065916538239,0.14288371801376343,0.6140835881233215,-0.034716568887233734,0.11395406723022461,0.49947330355644226,-0.08072345703840256,0.12068408727645874,0.5241373181343079,-0.09677030146121979,0.13990694284439087,0.5907304286956787,-0.09830211848020554
0.2357989251613617,0.9646885395050049,2.1416279594177468e-07,0.32405033707618713,0.900131344795227,-0.06412467360496521,0.39023852348327637,0.7594960331916809,-0.08917659521102905,0.3598884344100952,0.6314617991447449,-0.11206640303134918,0.2787259817123413,0.5699471235275269,-0.13564303517341614,0.3273891806602478,0.5517094731330872,-0.0359036885201931,0.3236773610115051,0.3817158341407776,-0.0653829500079155,0.31410619616508484,0.2728275656700134,-0.09185899049043655,0.30927368998527527,0.18130740523338318,-0.11463657766580582,0.2578006088733673,0.5541398525238037,-0.03249312564730644,0.24145740270614624,0.3776386082172394,-0.09071386605501175,0.24734948575496674,0.4427616596221924,-0.13240613043308258,0.26311367750167847,0.5314608812332153,-0.14912307262420654,0.19491225481033325,0.5849926471710205,-0.03383789211511612,0.16985070705413818,0.42789316177368164,-0.08849330991506577,0.18571621179580688,0.47820839285850525,-0.11592409014701843,0.20599962770938873,0.570926308631897,-0.12217584252357483,0.13295164704322815,0.6362311840057373,-0.04032855108380318,0.10747024416923523,0.5049441456794739,-0.08185650408267975,0.13067807257175446,0.5172818899154663,-0.09887499362230301,0.15697279572486877,0.58513343334198,-0.10402561724185944
0.2546079456806183,0.9781059622764587,1.645923504156599e-07,0.3454720675945282,0.9080618023872375,-0.055975791066884995,0.41660672426223755,0.779184877872467,-0.0803874209523201,0.39467132091522217,0.6581500768661499,-0.10526187717914581,0.31935492157936096,0.589360773563385,-0.13104327023029327,0.3545450270175934,0.5582191944122314,-0.02432379685342312,0.35333889722824097,0.38811972737312317,-0.053609926253557205,0.3435954749584198,0.28259342908859253,-0.08038008958101273,0.33575496077537537,0.1947093904018402,-0.10274722427129745,0.2872215807437897,0.562428891658783,-0.02539961226284504,0.2788737416267395,0.38573604822158813,-0.08142915368080139,0.2848694622516632,0.4526793360710144,-0.12082648277282715,0.29699406027793884,0.5362110137939453,-0.13633939623832703,0.22460338473320007,0.5916629433631897,-0.03159862011671066,0.20722737908363342,0.426247775554657,-0.08429105579853058,0.2224978804588318,0.48110896348953247,-0.10681822150945663,0.2378498613834381,0.5735601186752319,-0.10992339253425598,0.16140702366828918,0.6416658759117126,-0.04275548458099365,0.13585922122001648,0.5060862302780151,-0.08293630927801132,0.15753233432769775,0.5209589004516602,-0.09624843299388885,0.18055768311023712,0.5878944993019104,-0.09853436797857285
0.2738449275493622,0.9850744009017944,2.4961241251730826e-07,0.373625248670578,0.9253191351890564,-0.05852657929062843,0.45721346139907837,0.7995631098747253,-0.08370557427406311,0.443351686000824,0.663613498210907,-0.1081521138548851,0.35974591970443726,0.6013481020927429,-0.1333010345697403,0.4017181694507599,0.5801231265068054,-0.028112255036830902,0.41339096426963806,0.40376487374305725,-0.0569755993783474,0.4118688106536865,0.29184842109680176,-0.08328621834516525,0.4094151258468628,0.20014935731887817,-0.10580199211835861,0.3305806517601013,0.5747051239013672,-0.027654871344566345,0.3169691562652588,0.39485418796539307,-0.08489802479743958,0.3274303376674652,0.4620370864868164,-0.12259398400783539,0.3414221405982971,0.5523685216903687,-0.1363629251718521,0.2657833397388458,0.5979090332984924,-0.032069675624370575,0.24783256649971008,0.4279349744319916,-0.08544553816318512,0.2679711878299713,0.4817519783973694,-0.10549502074718475,0.2834325432777405,0.5762169361114502,-0.10645272582769394,0.19997842609882355,0.641369640827179,-0.04178446903824806,0.18341577053070068,0.5046228766441345,-0.08190147578716278,0.20707398653030396,0.5188843011856079,-0.09440893679857254,0.22682520747184753,0.5851775407791138,-0.09587554633617401
0.28454506397247314,0.9908031821250916,2.007353288036029e-07,0.384706974029541,0.9336211085319519,-0.05205300450325012,0.46717607975006104,0.8112208247184753,-0.07484248280525208,0.45992177724838257,0.6733474135398865,-0.0986897274851799,0.37820884585380554,0.6134655475616455,-0.12382034212350845,0.4130493402481079,0.5874531269073486,-0.024405894801020622,0.42584577202796936,0.4075162410736084,-0.05139981582760811,0.4259446859359741,0.29606059193611145,-0.07669469714164734,0.4224044978618622,0.20683807134628296,-0.09898300468921661,0.34407275915145874,0.5805840492248535,-0.02703802101314068,0.3341524004936218,0.40637287497520447,-0.08107011020183563,0.3502225875854492,0.4744223356246948,-0.11790373921394348,0.36455509066581726,0.5607757568359375,-0.1330537497997284,0.28057506680488586,0.6015862822532654,-0.0340457446873188,0.2644401788711548,0.4339491128921509,-0.08355045318603516,0.28783518075942993,0.4898422956466675,-0.10336048901081085,0.3016946315765381,0.5856044292449951,-0.10653035342693329,0.21371299028396606,0.642617404460907,-0.04613778367638588,0.19777779281139374,0.5083248615264893,-0.0850389301776886,0.22337433695793152,0.5239993333816528,-0.09884863346815109,0.24257931113243103,0.5907243490219116,-0.10267142951488495
0.3000933527946472,1.0000752210617065,1.2674966853865044e-07,0.4059385657310486,0.9312855005264282,-0.04180297628045082,0.4848701059818268,0.8134112358093262,-0.06402719765901566,0.48200851678848267,0.6756011843681335,-0.09011828154325485,0.3990212082862854,0.6143100261688232,-0.11924324929714203,0.4279964566230774,0.5850248336791992,-0.01888301409780979,0.44310832023620605,0.40619754791259766,-0.04529957100749016,0.44463402032852173,0.29750850796699524,-0.07076112926006317,0.44004786014556885,0.20887023210525513,-0.09347604960203171,0.3586547374725342,0.5798584222793579,-0.02702374942600727,0.3552330434322357,0.40280085802078247,-0.07741900533437729,0.37269172072410583,0.4859136939048767,-0.11050011962652206,0.38867342472076416,0.5719520449638367,-0.12356942147016525,0.2947433590888977,0.6020073890686035,-0.03873912990093231,0.28413233160972595,0.4261818528175354,-0.08335616439580917,0.3108747601509094,0.4951710104942322,-0.0966126099228859,0.32596534490585327,0.5971871614456177,-0.09641915559768677,0.22599110007286072,0.6484082341194153,-0.05491853132843971,0.21142174303531647,0.506097137928009,-0.09131722152233124,0.2405979335308075,0.5300593376159668,-0.09989424794912338,0.2628346085548401,0.6058107018470764,-0.10001542419195175
0.2889331877231598,0.9894430637359619,1.265706259800936e-07,0.39456459879875183,0.9330618977546692,-0.043763965368270874,0.4740559756755829,0.8183334469795227,-0.06581556797027588,0.47723400592803955,0.6782479286193848,-0.09109469503164291,0.395070880651474,0.6158840656280518,-0.11959906667470932,0.421650230884552,0.5810666680335999,-0.02167440950870514,0.43908464908599854,0.4097943902015686,-0.04584427922964096,0.4419439435005188,0.3015995919704437,-0.06875012069940567,0.43921756744384766,0.21363109350204468,-0.090475894510746,0.3516077399253845,0.5734976530075073,-0.028644714504480362,0.34466665983200073,0.39853033423423767,-0.07673773169517517,0.35594111680984497,0.4840519428253174,-0.10738863050937653,0.36995336413383484,0.5685083270072937,-0.11914316564798355,0.28722408413887024,0.5958627462387085,-0.0390978567302227,0.2743363082408905,0.4308391511440277,-0.08340548723936081,0.2965725362300873,0.5009710788726807,-0.09662675857543945,0.30929720401763916,0.6002791523933411,-0.09657910466194153,0.2183273881673813,0.6434454917907715,-0.053998321294784546,0.2030182033777237,0.5064792633056641,-0.09040933102369308,0.23081570863723755,0.5302892923355103,-0.100138358771801,0.2530026435852051,0.6046269536018372,-0.10141205787658691
0.2810021638870239,0.9858297109603882,1.4836427908448968e-07,0.3866395354270935,0.9308197498321533,-0.04596766456961632,0.46773743629455566,0.8157826662063599,-0.06937529146671295,0.46989718079566956,0.6753158569335938,-0.0954698771238327,0.38602522015571594,0.6134395003318787,-0.12441269308328629,0.41804856061935425,0.5859103798866272,-0.02440665476024151,0.4357762932777405,0.41162368655204773,-0.05168991535902023,0.43871718645095825,0.30241814255714417,-0.07688069343566895,0.4368225038051605,0.21234366297721863,-0.09971947222948074,0.34855571389198303,0.5774844884872437,-0.0304708294570446,0.3472811281681061,0.4055883288383484,-0.08291604369878769,0.3591673672199249,0.4880296587944031,-0.11542358249425888,0.37125030159950256,0.5734115242958069,-0.1277620494365692,0.2837483584880829,0.597734808921814,-0.04023836925625801,0.2743660807609558,0.42684540152549744,-0.08853083848953247,0.2963624894618988,0.4985390305519104,-0.10123822838068008,0.3080865442752838,0.5999460220336914,-0.09971188008785248,0.214243546128273,0.6413840055465698,-0.05455885827541351,0.20587831735610962,0.5034414529800415,-0.09390955418348312,0.23268768191337585,0.5309213399887085,-0.10308157652616501,0.2504428029060364,0.6060700416564941,-0.10315130650997162
0.2928175926208496,1.001517653465271,1.3820195476910158e-07,0.4002930521965027,0.9438356757164001,-0.03998572751879692,0.48322615027427673,0.8279210329055786,-0.06089884787797928,0.48869848251342773,0.6976552605628967,-0.08583275228738785,0.41160842776298523,0.6378122568130493,-0.11283766478300095,0.4286828637123108,0.586858868598938,-0.015115630812942982,0.44764474034309387,0.4093138575553894,-0.04042862355709076,0.4529978632926941,0.30412086844444275,-0.06341778486967087,0.45143043994903564,0.21515563130378723,-0.08399415761232376,0.3597174882888794,0.5819455981254578,-0.02452479675412178,0.3577008843421936,0.4093492031097412,-0.077046237885952,0.37814629077911377,0.49508148431777954,-0.1075153797864914,0.39202800393104553,0.583115816116333,-0.11713297665119171,0.29452866315841675,0.6042208671569824,-0.03772493451833725,0.28718283772468567,0.4305221438407898,-0.08678799122571945,0.31686362624168396,0.5078942179679871,-0.0954337790608406,0.3292461037635803,0.6088429689407349,-0.08952692896127701,0.22570936381816864,0.6485800743103027,-0.05517459288239479,0.22013111412525177,0.507212221622467,-0.09287825226783752,0.25023508071899414,0.5428939461708069,-0.09655088931322098,0.26677849888801575,0.6194930076599121,-0.09173130244016647
0.2830095589160919,1.0016241073608398,8.344208879407233e-08,0.39754530787467957,0.9422723650932312,-0.03425184637308121,0.4788966774940491,0.8310128450393677,-0.052496325224637985,0.48862138390541077,0.6902204751968384,-0.0765039250254631,0.40315765142440796,0.6297346949577332,-0.10439673066139221,0.4310510754585266,0.5916303396224976,-0.0074807507917284966,0.4499228000640869,0.41502270102500916,-0.029896508902311325,0.45677658915519714,0.30875957012176514,-0.0534677654504776,0.4561576247215271,0.21815037727355957,-0.07608287781476974,0.36135926842689514,0.5817685723304749,-0.018478363752365112,0.36465972661972046,0.4079904556274414,-0.0656328871846199,0.3800264894962311,0.49855154752731323,-0.09530197083950043,0.3927106261253357,0.582506000995636,-0.10604523122310638,0.29712745547294617,0.5998018980026245,-0.0328872874379158,0.29251232743263245,0.4216969907283783,-0.07635212689638138,0.318683385848999,0.5049557089805603,-0.08506829291582108,0.3291877806186676,0.610302746295929,-0.08136461675167084,0.227159321308136,0.6446531414985657,-0.05120205879211426,0.22422565519809723,0.49957913160324097,-0.08752469718456268,0.25217553973197937,0.5395883321762085,-0.09231016039848328,0.26825135946273804,0.6229918599128723,-0.08941483497619629
0.29106879234313965,0.999285101890564,1.5752893034459703e-07,0.40091052651405334,0.9383343458175659,-0.04196586087346077,0.4834878444671631,0.8219999074935913,-0.06298495829105377,0.4826626479625702,0.6862787008285522,-0.08793671429157257,0.40226250886917114,0.6245283484458923,-0.11559721827507019,0.42877280712127686,0.5899568200111389,-0.016475893557071686,0.4478834867477417,0.410155713558197,-0.041632913053035736,0.4527904987335205,0.3039849102497101,-0.06569162011146545,0.4518910050392151,0.21423092484474182,-0.08758237212896347,0.3591764569282532,0.5838420391082764,-0.02465718239545822,0.35762739181518555,0.411236047744751,-0.07755673676729202,0.3764279782772064,0.4907369017601013,-0.1119755208492279,0.3919140696525574,0.5767855048179626,-0.12533564865589142,0.2938055098056793,0.6042711734771729,-0.0365772470831871,0.2867799401283264,0.4298645853996277,-0.08594359457492828,0.31322285532951355,0.5025136470794678,-0.10037419945001602,0.3260311186313629,0.6068527698516846,-0.09918753057718277,0.22463178634643555,0.6473843455314636,-0.05276285484433174,0.21672184765338898,0.5055501461029053,-0.09264686703681946,0.24659326672554016,0.5352308750152588,-0.1017829105257988,0.26671943068504333,0.6136083602905273,-0.10122589021921158
0.2931925356388092,0.995208203792572,8.373170601316815e-08,0.4054988920688629,0.9344866275787354,-0.032426804304122925,0.4853428602218628,0.8216655850410461,-0.049341969192028046,0.4997733235359192,0.6804982423782349,-0.07215898483991623,0.41820627450942993,0.6198953986167908,-0.09883140027523041,0.4359493851661682,0.5891708135604858,-0.006447243504226208,0.45446956157684326,0.4116009473800659,-0.02830664813518524,0.4605100750923157,0.30431801080703735,-0.05136018246412277,0.45884349942207336,0.21453022956848145,-0.07330687344074249,0.3687881827354431,0.5793063640594482,-0.01760833151638508,0.3730257749557495,0.40737390518188477,-0.06364187598228455,0.3915775716304779,0.49312493205070496,-0.09342241287231445,0.40518373250961304,0.5751463174819946,-0.10457665473222733,0.30589717626571655,0.59669429063797,-0.0320243202149868,0.2998526692390442,0.41823041439056396,-0.07425110042095184,0.3290135860443115,0.49582722783088684,-0.08451436460018158,0.34174230694770813,0.5983484387397766,-0.082556813955307,0.23607832193374634,0.6405511498451233,-0.05018462613224983,0.232507586479187,0.4935266971588135,-0.08678385615348816,0.2617341876029968,0.5312502384185791,-0.09279060363769531,0.2788967788219452,0.6154470443725586,-0.09092684090137482
0.2990555167198181,0.9869043231010437,1.9664675221520156e-07,0.4068151116371155,0.9351153373718262,-0.03994042053818703,0.49251970648765564,0.823699951171875,-0.061299700289964676,0.5085355043411255,0.6871824860572815,-0.08714869618415833,0.431845098733902,0.6209208369255066,-0.11629043519496918,0.4378789961338043,0.581235945224762,-0.014492392539978027,0.45978614687919617,0.41051387786865234,-0.037304993718862534,0.4690033793449402,0.3041185736656189,-0.059585876762866974,0.47167593240737915,0.2158988118171692,-0.08051852136850357,0.3722164034843445,0.5738293528556824,-0.02363712340593338,0.37867510318756104,0.404457151889801,-0.07226730138063431,0.4030381739139557,0.4829953908920288,-0.10350692272186279,0.41903436183929443,0.5640662908554077,-0.11519026011228561,0.30957120656967163,0.5944158434867859,-0.03635343909263611,0.3053790330886841,0.42682570219039917,-0.08260568976402283,0.337834894657135,0.49855947494506836,-0.09553202986717224,0.35000646114349365,0.5958593487739563,-0.09445273131132126,0.24077244102954865,0.638180136680603,-0.0532003752887249,0.23915141820907593,0.4967538118362427,-0.09198074787855148,0.2710267901420593,0.5340126156806946,-0.09954250603914261,0.2869873046875,0.6148858666419983,-0.09842625260353088
0.314078152179718,0.9774653911590576,2.4339465198863763e-07,0.4199897348880768,0.9244825839996338,-0.04362132027745247,0.5014843344688416,0.8073219060897827,-0.06509236246347427,0.5134074091911316,0.6689990162849426,-0.09028849750757217,0.442645788192749,0.5944333672523499,-0.11824778467416763,0.4457762539386749,0.5766735076904297,-0.012510697357356548,0.4650692939758301,0.4034859538078308,-0.0350797213613987,0.4721999168395996,0.2953871786594391,-0.057443153113126755,0.4728596806526184,0.2099333107471466,-0.07782190293073654,0.38216879963874817,0.570877730846405,-0.018284538760781288,0.38435325026512146,0.39693307876586914,-0.06679786741733551,0.4088517427444458,0.4686564803123474,-0.09972091019153595,0.42686253786087036,0.5488721132278442,-0.11235032230615616,0.32102590799331665,0.5899851322174072,-0.028336400166153908,0.3143531084060669,0.41499990224838257,-0.07473674416542053,0.3456901013851166,0.4791421890258789,-0.09079363197088242,0.3587855100631714,0.5765009522438049,-0.09163151681423187,0.25342342257499695,0.6299046874046326,-0.042682599276304245,0.24843263626098633,0.48640233278274536,-0.08128678798675537,0.27775514125823975,0.5157354474067688,-0.09136807173490524,0.2936759293079376,0.5920296311378479,-0.0921555757522583
0.32414937019348145,0.9885802268981934,3.9396499573740584e-07,0.4272800385951996,0.9281151294708252,-0.058279700577259064,0.5048410892486572,0.8182719945907593,-0.09341276437044144,0.5206185579299927,0.6955824494361877,-0.1319151520729065,0.45754605531692505,0.6091015934944153,-0.17308221757411957,0.4388359487056732,0.5709266066551208,-0.02719547227025032,0.4525972008705139,0.3898472189903259,-0.05455837398767471,0.4555327892303467,0.2751745879650116,-0.07906914502382278,0.45127159357070923,0.184438556432724,-0.10047711431980133,0.37285879254341125,0.5749736428260803,-0.03185708820819855,0.36725053191185,0.39011329412460327,-0.08629264682531357,0.3931490182876587,0.470644474029541,-0.12329725176095963,0.41370680928230286,0.5517832040786743,-0.1376887857913971,0.3106706738471985,0.6001361608505249,-0.041888512670993805,0.3009908199310303,0.42110973596572876,-0.09267564117908478,0.33606794476509094,0.4900193214416504,-0.11138889938592911,0.3511255383491516,0.5916441082954407,-0.11334087699651718,0.24507980048656464,0.6464295983314514,-0.05770886316895485,0.23550131916999817,0.49784937500953674,-0.09892091900110245,0.26986733078956604,0.5298715233802795,-0.11040972918272018,0.2894916534423828,0.6112227439880371,-0.11202869564294815
0.3220956325531006,0.9879807233810425,1.7775627725313825e-07,0.41635140776634216,0.9334917068481445,-0.05156448483467102,0.49306201934814453,0.824420690536499,-0.08260612189769745,0.5000355839729309,0.713412344455719,-0.11715878546237946,0.432358980178833,0.6341445446014404,-0.15342563390731812,0.43683210015296936,0.5567586421966553,-0.02564077638089657,0.44800111651420593,0.3738775849342346,-0.05603484809398651,0.44526076316833496,0.2693597972393036,-0.08126337081193924,0.4379681944847107,0.18302160501480103,-0.10144872218370438,0.3668653964996338,0.562792956829071,-0.03176194801926613,0.3656426966190338,0.3984888195991516,-0.08864101022481918,0.3783971667289734,0.49037450551986694,-0.12206337600946426,0.38659772276878357,0.5761010050773621,-0.13272002339363098,0.3007321357727051,0.5938357710838318,-0.04272865504026413,0.2934485673904419,0.4252251982688904,-0.09509013593196869,0.31912243366241455,0.5058592557907104,-0.10432004928588867,0.3283225893974304,0.6058529615402222,-0.09802056103944778,0.23276019096374512,0.6466576457023621,-0.05885317549109459,0.2304404228925705,0.5052510499954224,-0.09687262773513794,0.2595175504684448,0.5460747480392456,-0.09780373424291611,0.273878812789917,0.6256569623947144,-0.09031716734170914
0.32063162326812744,0.9900425672531128,1.5213466042496293e-07,0.424061119556427,0.9321854710578918,-0.046807534992694855,0.4976349472999573,0.8294817209243774,-0.07694702595472336,0.5093820691108704,0.7126391530036926,-0.11267050355672836,0.44006112217903137,0.6352646350860596,-0.15104499459266663,0.4434919059276581,0.5652312636375427,-0.0180693157017231,0.4565199911594391,0.37794050574302673,-0.04661297798156738,0.45656412839889526,0.26979127526283264,-0.07201163470745087,0.45030924677848816,0.18220922350883484,-0.09334280341863632,0.3711607754230499,0.5680713057518005,-0.026198187842965126,0.37202849984169006,0.4041540026664734,-0.0797266960144043,0.38175949454307556,0.5044369697570801,-0.11073170602321625,0.391903817653656,0.5833957195281982,-0.12082888931035995,0.305338978767395,0.5946084856987,-0.03931180387735367,0.2981855273246765,0.41703397035598755,-0.0871657207608223,0.3222183585166931,0.5026638507843018,-0.09326789528131485,0.333265095949173,0.6065686941146851,-0.08660999685525894,0.2388322949409485,0.6465654969215393,-0.05768725275993347,0.23658789694309235,0.5019869804382324,-0.09430821985006332,0.2642013728618622,0.5459275245666504,-0.09476330131292343,0.2803078293800354,0.6303578019142151,-0.08778878301382065
0.31725314259529114,0.9470874071121216,3.425639647502976e-07,0.412396103143692,0.9028439521789551,-0.05734816566109657,0.49522385001182556,0.7984057664871216,-0.08604221791028976,0.5161039233207703,0.6872296929359436,-0.11595911532640457,0.4642788767814636,0.6000205874443054,-0.14515380561351776,0.44818374514579773,0.532181978225708,-0.021360231563448906,0.46764054894447327,0.3482607305049896,-0.050589922815561295,0.47217807173728943,0.2340606153011322,-0.07707186043262482,0.4733251929283142,0.14094802737236023,-0.09814271330833435,0.37955477833747864,0.5252028107643127,-0.0216410793364048,0.37759849429130554,0.361160546541214,-0.08114709705114365,0.3915163278579712,0.43380680680274963,-0.12004996091127396,0.4041677415370941,0.5224077701568604,-0.13355328142642975,0.3116624653339386,0.5396239757537842,-0.027414483949542046,0.3070848286151886,0.3862411081790924,-0.0789002850651741,0.32998672127723694,0.4448162615299225,-0.09615243971347809,0.34233808517456055,0.5379483699798584,-0.09517692774534225,0.2416228950023651,0.5722624063491821,-0.039016243070364,0.23820792138576508,0.44670814275741577,-0.07499315589666367,0.26493167877197266,0.47399431467056274,-0.08268414437770844,0.28310808539390564,0.5453422665596008,-0.07998227328062057
0.3460964262485504,0.8942553997039795,4.402321280849719e-07,0.44103026390075684,0.8382432460784912,-0.07386885583400726,0.526517391204834,0.7100898027420044,-0.10525564104318619,0.5392318964004517,0.5756723880767822,-0.13458393514156342,0.48542162775993347,0.463866263628006,-0.16461385786533356,0.4802497923374176,0.47683051228523254,-0.03752266988158226,0.5077498555183411,0.2840229868888855,-0.07336632907390594,0.5149796605110168,0.1572146713733673,-0.11031895875930786,0.5191525220870972,0.05649769306182861,-0.14096644520759583,0.41171741485595703,0.4680429995059967,-0.0334596149623394,0.40927302837371826,0.2701791524887085,-0.10590356588363647,0.42637404799461365,0.32488515973091125,-0.16682690382003784,0.4455834925174713,0.4265173077583313,-0.19669894874095917,0.3432728946208954,0.4847586750984192,-0.035329099744558334,0.3298370838165283,0.29675722122192383,-0.09594086557626724,0.35577622056007385,0.3260931670665741,-0.1418396681547165,0.3787183165550232,0.4280560612678528,-0.16224929690361023,0.27423736453056335,0.5210447907447815,-0.04348834231495857,0.2675044536590576,0.3753190040588379,-0.08996973931789398,0.29584434628486633,0.3779807388782501,-0.12102300673723221,0.32004302740097046,0.45146581530570984,-0.1377909928560257
0.34192657470703125,0.9346592426300049,4.434556615251495e-07,0.4449520707130432,0.8760520815849304,-0.0710962787270546,0.532443642616272,0.7486549615859985,-0.10506577789783478,0.5412518978118896,0.6151483058929443,-0.14021249115467072,0.47404950857162476,0.5102485418319702,-0.17608919739723206,0.48190343379974365,0.49564552307128906,-0.02767629735171795,0.5141719579696655,0.29802626371383667,-0.06111901253461838,0.5252150297164917,0.1758301854133606,-0.09458974003791809,0.5271555781364441,0.0784946084022522,-0.12254543602466583,0.410759299993515,0.4944746792316437,-0.026388151571154594,0.40907755494117737,0.3190459609031677,-0.09659816324710846,0.4270485043525696,0.387317955493927,-0.1511525958776474,0.4413200616836548,0.47512784600257874,-0.17660608887672424,0.3405490219593048,0.5171068906784058,-0.03204072639346123,0.3293672800064087,0.3358362913131714,-0.09440463036298752,0.356035053730011,0.3858742117881775,-0.13176867365837097,0.37044617533683777,0.4891071915626526,-0.14503532648086548,0.26868686079978943,0.5590270161628723,-0.0443134643137455,0.26622676849365234,0.4153113067150116,-0.09294876456260681,0.2949606776237488,0.4333004355430603,-0.11835478246212006,0.31452590227127075,0.5127795934677124,-0.12950901687145233
0.3092961609363556,0.9614121913909912,2.825555327490292e-07,0.41263237595558167,0.9082396030426025,-0.06978333741426468,0.4993728995323181,0.7773174047470093,-0.10096616297960281,0.503425657749176,0.640916109085083,-0.13191428780555725,0.4372693598270416,0.5443845391273499,-0.16376180946826935,0.44737640023231506,0.517765998840332,-0.03560357913374901,0.46975278854370117,0.3240225315093994,-0.06874906271696091,0.475943922996521,0.19791769981384277,-0.09932147711515427,0.4781849682331085,0.0976969301700592,-0.12530751526355743,0.3742865025997162,0.5136067867279053,-0.03419649973511696,0.3764485716819763,0.3228785991668701,-0.10100948810577393,0.38366544246673584,0.3932953476905823,-0.14974454045295715,0.39063775539398193,0.48791879415512085,-0.17054617404937744,0.30344289541244507,0.5357572436332703,-0.03882390260696411,0.2980540692806244,0.3515130281448364,-0.09991013258695602,0.3180121183395386,0.40320998430252075,-0.1331634372472763,0.32818618416786194,0.5060330629348755,-0.1432250589132309,0.22918392717838287,0.5787564516067505,-0.049625083804130554,0.2245662659406662,0.42862194776535034,-0.09775858372449875,0.25068336725234985,0.444867879152298,-0.12090099602937698,0.26884207129478455,0.5216176509857178,-0.13034550845623016
0.3133763372898102,0.9524597525596619,3.4436686746630585e-07,0.41048961877822876,0.9040336012840271,-0.08117715269327164,0.48842424154281616,0.7760065197944641,-0.11685829609632492,0.4727928042411804,0.649208128452301,-0.14968857169151306,0.40280428528785706,0.5491812229156494,-0.18269412219524384,0.4398733973503113,0.5167556405067444,-0.04310677945613861,0.45336318016052246,0.3245776891708374,-0.0788266658782959,0.45228368043899536,0.20132732391357422,-0.11138191819190979,0.45505791902542114,0.1032005250453949,-0.1380007117986679,0.3638506829738617,0.5147426724433899,-0.035189539194107056,0.35892483592033386,0.3327900171279907,-0.10661471635103226,0.3501846492290497,0.40085795521736145,-0.16047970950603485,0.3590720593929291,0.49665215611457825,-0.1835850477218628,0.29207685589790344,0.5396612286567688,-0.03414812684059143,0.2803131639957428,0.3677827715873718,-0.09909520298242569,0.283574640750885,0.4120744466781616,-0.13904502987861633,0.29657337069511414,0.5127336978912354,-0.15202146768569946,0.22234609723091125,0.5857644081115723,-0.039545126259326935,0.21221227943897247,0.44596415758132935,-0.0887732207775116,0.22724707424640656,0.45451968908309937,-0.11515450477600098,0.24605004489421844,0.5252347588539124,-0.1260415017604828
0.3118845820426941,0.9563268423080444,2.5990925678343046e-07,0.42221033573150635,0.8952399492263794,-0.05846339836716652,0.5020942687988281,0.7803108096122742,-0.09093395620584488,0.5043507814407349,0.6443462371826172,-0.12685167789459229,0.4254613518714905,0.5569658279418945,-0.16637130081653595,0.45559415221214294,0.5199369788169861,-0.02377968281507492,0.4764147102832794,0.3301992416381836,-0.05149824917316437,0.48338329792022705,0.2073075771331787,-0.08004209399223328,0.4843379259109497,0.11047419905662537,-0.10529261827468872,0.3806808590888977,0.5142857432365417,-0.02649345062673092,0.386391818523407,0.3342859148979187,-0.07850068807601929,0.3879232704639435,0.421130895614624,-0.11718729883432388,0.39767366647720337,0.5018370151519775,-0.13439548015594482,0.309550940990448,0.5351546406745911,-0.03458051756024361,0.3053475320339203,0.3576095700263977,-0.08169010281562805,0.3194306194782257,0.42212048172950745,-0.10369434207677841,0.32810965180397034,0.528519332408905,-0.10993245989084244,0.2359994500875473,0.5823333859443665,-0.04828586429357529,0.22719943523406982,0.4326332211494446,-0.08641616255044937,0.2508917450904846,0.4589151442050934,-0.09890837222337723,0.2697531282901764,0.5470859408378601,-0.10245636850595474
0.32103049755096436,0.9574987888336182,3.165526720749767e-07,0.4267995357513428,0.9069721698760986,-0.06585285067558289,0.5165430307388306,0.7843681573867798,-0.09806381911039352,0.5244059562683105,0.64912348985672,-0.1321626603603363,0.45678848028182983,0.5512942671775818,-0.16860659420490265,0.4649333655834198,0.5205233097076416,-0.027563132345676422,0.48805683851242065,0.3325668275356293,-0.056376464664936066,0.49657654762268066,0.20942699909210205,-0.08653934299945831,0.5012492537498474,0.11382871866226196,-0.11341395229101181,0.39324435591697693,0.5170706510543823,-0.028327852487564087,0.39554983377456665,0.3404289782047272,-0.09021887183189392,0.4034186601638794,0.4088875949382782,-0.14095154404640198,0.41403788328170776,0.49611321091651917,-0.16572615504264832,0.32364994287490845,0.5381279587745667,-0.03484278544783592,0.3172803521156311,0.35812515020370483,-0.09092427790164948,0.3386136293411255,0.4098799228668213,-0.12676438689231873,0.3515629768371582,0.5170540809631348,-0.14114801585674286,0.25143301486968994,0.5807652473449707,-0.0473092682659626,0.24514733254909515,0.43350687623023987,-0.09356541931629181,0.2718285620212555,0.45188236236572266,-0.1185823604464531,0.29155316948890686,0.5349910259246826,-0.13062557578086853
0.31366539001464844,0.9598610401153564,3.619713595526264e-07,0.42114999890327454,0.9095015525817871,-0.06778088957071304,0.5123929381370544,0.7901031970977783,-0.10198405385017395,0.5213119983673096,0.659272313117981,-0.13747668266296387,0.45751646161079407,0.5568593740463257,-0.17496277391910553,0.459195077419281,0.5299365520477295,-0.03572816774249077,0.48416584730148315,0.3340662717819214,-0.07200594991445541,0.493901789188385,0.2126781940460205,-0.1070604994893074,0.4995657503604889,0.11500388383865356,-0.13620547950267792,0.3882869482040405,0.5273903608322144,-0.037128325551748276,0.3925457298755646,0.34024810791015625,-0.10937032103538513,0.4047553539276123,0.4069225788116455,-0.16527344286441803,0.41610485315322876,0.49885931611061096,-0.1917119175195694,0.31821924448013306,0.547931969165802,-0.04425647109746933,0.31410983204841614,0.3611070513725281,-0.10798757523298264,0.33896371722221375,0.41099822521209717,-0.14610351622104645,0.35346126556396484,0.5187029838562012,-0.15987253189086914,0.2447337806224823,0.5878285765647888,-0.05730922892689705,0.24266086518764496,0.438192218542099,-0.10751603543758392,0.27267852425575256,0.45464468002319336,-0.13380861282348633,0.293235719203949,0.5349395275115967,-0.14571264386177063
0.31162869930267334,0.9587152004241943,3.3681723721201706e-07,0.4172975420951843,0.911179780960083,-0.06611044704914093,0.5076876878738403,0.7911645770072937,-0.09883275628089905,0.5189464092254639,0.6576763391494751,-0.13341142237186432,0.45447808504104614,0.5546250939369202,-0.17020970582962036,0.4565037488937378,0.5253043174743652,-0.029183581471443176,0.4804880619049072,0.3357138931751251,-0.05974520742893219,0.48985451459884644,0.2168160080909729,-0.09064171463251114,0.49506425857543945,0.12314718961715698,-0.11727116256952286,0.3860177993774414,0.5217163562774658,-0.02946828119456768,0.39261874556541443,0.34481579065322876,-0.09266004711389542,0.400560200214386,0.41211193799972534,-0.14331096410751343,0.40903228521347046,0.49817728996276855,-0.16758446395397186,0.3161669671535492,0.5410597324371338,-0.03559049218893051,0.3136422336101532,0.3564263880252838,-0.09333308786153793,0.33342012763023376,0.4122169613838196,-0.1270526647567749,0.34382545948028564,0.5218499898910522,-0.1389763504266739,0.2424154132604599,0.5806768536567688,-0.04762428253889084,0.23938433825969696,0.4311724305152893,-0.0956433042883873,0.2659403085708618,0.4527389407157898,-0.11913241446018219,0.28344598412513733,0.5380786657333374,-0.1290069818496704
0.3177526593208313,0.9573838710784912,3.74842471728698e-07,0.41987869143486023,0.908309817314148,-0.0708732157945633,0.5081219673156738,0.7916792035102844,-0.10665406286716461,0.5171109437942505,0.6643491387367249,-0.14315958321094513,0.45737364888191223,0.5583100914955139,-0.18183960020542145,0.45499393343925476,0.5275098085403442,-0.036328889429569244,0.4769960939884186,0.33939868211746216,-0.07091417163610458,0.48354941606521606,0.21879896521568298,-0.10584709793329239,0.48711103200912476,0.12478286027908325,-0.13502106070518494,0.3851129710674286,0.525623083114624,-0.035875607281923294,0.38933998346328735,0.3368076682090759,-0.10390669852495193,0.39648911356925964,0.3980711102485657,-0.16086362302303314,0.40706366300582886,0.4872555732727051,-0.1891583949327469,0.31628739833831787,0.5462852120399475,-0.04125642403960228,0.3113086223602295,0.36199289560317993,-0.10129225254058838,0.3316900432109833,0.4070962965488434,-0.14190427958965302,0.346177875995636,0.5148919224739075,-0.15855902433395386,0.24453197419643402,0.5878273844718933,-0.05273137614130974,0.24041658639907837,0.43780577182769775,-0.10074367374181747,0.26677271723747253,0.45197170972824097,-0.12803643941879272,0.2860994338989258,0.5347164869308472,-0.14135311543941498
0.31222760677337646,0.9615494012832642,3.859894945890119e-07,0.4174850285053253,0.9088554382324219,-0.06764669716358185,0.5033942461013794,0.7919244170188904,-0.10110438615083694,0.5122612714767456,0.6658316850662231,-0.13544777035713196,0.45499518513679504,0.5594318509101868,-0.1712537705898285,0.451400488615036,0.52940434217453,-0.030769379809498787,0.47492775321006775,0.34079065918922424,-0.06406596302986145,0.48262864351272583,0.22062373161315918,-0.09839694947004318,0.48577308654785156,0.1242465078830719,-0.1272994726896286,0.382129430770874,0.5270722508430481,-0.031382083892822266,0.3836241066455841,0.33915776014328003,-0.09929849952459335,0.39453086256980896,0.39627474546432495,-0.15575966238975525,0.4056806266307831,0.4820968508720398,-0.18338437378406525,0.3131846487522125,0.5485180020332336,-0.0377664677798748,0.3091070055961609,0.36464715003967285,-0.09859775006771088,0.33222365379333496,0.40947654843330383,-0.137588769197464,0.3465106189250946,0.5135037899017334,-0.1524016410112381,0.24206791818141937,0.59079909324646,-0.04999088868498802,0.23958683013916016,0.4436691403388977,-0.09810584783554077,0.2665001451969147,0.4573116898536682,-0.12359877675771713,0.2853647470474243,0.534954309463501,-0.13511259853839874
0.31540432572364807,0.9560107588768005,2.9507714316423517e-07,0.42307353019714355,0.9043703079223633,-0.06219751015305519,0.506295919418335,0.7908631563186646,-0.09346472471952438,0.5152209997177124,0.6604565382003784,-0.12702175974845886,0.45172303915023804,0.5615969896316528,-0.16366535425186157,0.4547044634819031,0.5251951813697815,-0.025691350921988487,0.4763457477092743,0.340756893157959,-0.05227764695882797,0.4827974736690521,0.2216898500919342,-0.08162092417478561,0.48477137088775635,0.1288086473941803,-0.10815778374671936,0.3840818405151367,0.5219807028770447,-0.0270561370998621,0.38961049914360046,0.3448302745819092,-0.08212491124868393,0.39736610651016235,0.4129064083099365,-0.12986180186271667,0.40909576416015625,0.4927394986152649,-0.15451066195964813,0.3166813254356384,0.5441524982452393,-0.03381980583071709,0.31324172019958496,0.3663768768310547,-0.08451361954212189,0.3348008692264557,0.41831091046333313,-0.11806868761777878,0.348025918006897,0.5228891968727112,-0.1326078325510025,0.24711184203624725,0.5902190208435059,-0.0461435541510582,0.24323126673698425,0.4412200450897217,-0.08948902040719986,0.26873254776000977,0.46263766288757324,-0.1116681694984436,0.28680619597435,0.548400342464447,-0.12239798903465271
0.31059709191322327,0.9621300101280212,3.1244169917954423e-07,0.4176979959011078,0.909582257270813,-0.06170427426695824,0.5029023885726929,0.7979285717010498,-0.09350545704364777,0.5129186511039734,0.6712878942489624,-0.1268920600414276,0.45059075951576233,0.5737240314483643,-0.16263455152511597,0.45177537202835083,0.531277060508728,-0.03056127391755581,0.47408366203308105,0.34183844923973083,-0.06035856157541275,0.4803107976913452,0.22215169668197632,-0.0909949466586113,0.4823131561279297,0.12656790018081665,-0.11755020916461945,0.38163843750953674,0.5285909175872803,-0.03177881985902786,0.3872867226600647,0.3497411608695984,-0.08983156085014343,0.3943622410297394,0.41587525606155396,-0.13610175251960754,0.4051382839679718,0.4982846677303314,-0.15871334075927734,0.3134344220161438,0.551554262638092,-0.03823079168796539,0.3108426332473755,0.3715530335903168,-0.09072190523147583,0.3307439386844635,0.42267823219299316,-0.12025997042655945,0.3441086411476135,0.5270364880561829,-0.13103251159191132,0.2431037873029709,0.5965456962585449,-0.050301291048526764,0.2393060177564621,0.45211806893348694,-0.09423093497753143,0.2649626135826111,0.47154247760772705,-0.1139238029718399,0.2842494547367096,0.5535261631011963,-0.1218697801232338
0.3175470232963562,0.9634745121002197,2.715267157782364e-07,0.42215514183044434,0.9112385511398315,-0.059972044080495834,0.5041102170944214,0.7980009317398071,-0.09250899404287338,0.5131347179412842,0.6734778881072998,-0.12703417241573334,0.4511553645133972,0.5767977237701416,-0.16449035704135895,0.45308956503868103,0.529284656047821,-0.03222013637423515,0.4743431806564331,0.34315598011016846,-0.061512112617492676,0.4814840853214264,0.22479239106178284,-0.09202159941196442,0.48465022444725037,0.12923789024353027,-0.1190682202577591,0.3818850517272949,0.528378963470459,-0.03483996167778969,0.38784703612327576,0.35244399309158325,-0.09127919375896454,0.394975483417511,0.42482632398605347,-0.13625790178775787,0.4055103361606598,0.5066961646080017,-0.15882858633995056,0.3129305839538574,0.5529457330703735,-0.04232299327850342,0.3112885653972626,0.37257158756256104,-0.09295299649238586,0.33260107040405273,0.42608797550201416,-0.12113648653030396,0.34491658210754395,0.529694139957428,-0.13209177553653717,0.24287575483322144,0.6000623106956482,-0.05528745800256729,0.23967444896697998,0.45087772607803345,-0.0982004776597023,0.26666438579559326,0.47253209352493286,-0.11687964200973511,0.2853672206401825,0.5550441145896912,-0.12487819045782089
0.31609705090522766,0.9670066833496094,2.778013765691867e-07,0.4175824224948883,0.9128561019897461,-0.06447549909353256,0.4987858533859253,0.7949489951133728,-0.09683331102132797,0.500031054019928,0.6723442673683167,-0.13149765133857727,0.4394553303718567,0.5713699460029602,-0.16804316639900208,0.4474460482597351,0.5247876644134521,-0.023424169048666954,0.4643493592739105,0.33727341890335083,-0.053243041038513184,0.4677324891090393,0.21958515048027039,-0.08447068929672241,0.46798741817474365,0.12919440865516663,-0.11081617325544357,0.3748020529747009,0.5262212157249451,-0.024041874334216118,0.3762105107307434,0.35181576013565063,-0.0853082463145256,0.3813675343990326,0.4229885935783386,-0.13661789894104004,0.3903185725212097,0.5077948570251465,-0.161202535033226,0.3061436712741852,0.5510762333869934,-0.030646665021777153,0.29873591661453247,0.3736303448677063,-0.08603554219007492,0.31705161929130554,0.4249459207057953,-0.12118644267320633,0.32899463176727295,0.5287138223648071,-0.1343047022819519,0.23742356896400452,0.5983609557151794,-0.042980413883924484,0.22709450125694275,0.4542991518974304,-0.08689599484205246,0.25209933519363403,0.473377525806427,-0.10900987684726715,0.2720107138156891,0.5529463291168213,-0.1184004545211792
0.30290862917900085,0.9618488550186157,2.3507546131895651e-07,0.40734997391700745,0.9140113592147827,-0.06123879551887512,0.48834869265556335,0.8006254434585571,-0.0927455872297287,0.4949336051940918,0.6811881065368652,-0.12621168792247772,0.43133240938186646,0.5904244184494019,-0.16248729825019836,0.43904173374176025,0.5298884510993958,-0.03172466158866882,0.45518070459365845,0.34293538331985474,-0.0603923425078392,0.45876339077949524,0.22304415702819824,-0.09006805717945099,0.45854452252388,0.12949112057685852,-0.11610300838947296,0.3662531077861786,0.5270445346832275,-0.033317554742097855,0.3677991032600403,0.35279402136802673,-0.09013854712247849,0.370402067899704,0.4255281090736389,-0.13638852536678314,0.3784404397010803,0.5098410844802856,-0.15887945890426636,0.29711681604385376,0.5516626834869385,-0.03976980969309807,0.2907276749610901,0.3788782060146332,-0.0903521478176117,0.3072474002838135,0.4298877716064453,-0.12193446606397629,0.3185686767101288,0.5322520136833191,-0.134488046169281,0.22712382674217224,0.6006123423576355,-0.051629599183797836,0.21928668022155762,0.4559270441532135,-0.09324269741773605,0.2425794154405594,0.47375863790512085,-0.113681361079216,0.2614371180534363,0.5534121990203857,-0.12286244332790375
0.3078095018863678,0.9657793641090393,2.5946138748622616e-07,0.40976494550704956,0.9163483381271362,-0.06414453685283661,0.48761212825775146,0.807682454586029,-0.09771912544965744,0.496611088514328,0.6934483647346497,-0.13283562660217285,0.43833914399147034,0.5965536832809448,-0.1707025170326233,0.4404605031013489,0.5405129194259644,-0.03614335507154465,0.455782949924469,0.3485970199108124,-0.06749255955219269,0.4594287872314453,0.22740760445594788,-0.09950562566518784,0.4599930942058563,0.13137978315353394,-0.12704473733901978,0.3700656294822693,0.537432074546814,-0.036946509033441544,0.37307852506637573,0.3558240830898285,-0.09503620862960815,0.37424397468566895,0.42901575565338135,-0.14311683177947998,0.3837766647338867,0.5119396448135376,-0.1673600971698761,0.301256000995636,0.5601601004600525,-0.04280973598361015,0.296112060546875,0.3831893801689148,-0.0929233729839325,0.3096364438533783,0.4325515031814575,-0.12501554191112518,0.32119351625442505,0.5344678163528442,-0.13860242068767548,0.23150311410427094,0.6069682240486145,-0.05444567650556564,0.22274301946163177,0.4602154493331909,-0.09539561718702316,0.24379345774650574,0.4758649468421936,-0.11568315327167511,0.2616724669933319,0.5546963810920715,-0.12525160610675812
0.3104330003261566,0.9656137228012085,3.000301376232528e-07,0.41264909505844116,0.9202593564987183,-0.06425924599170685,0.4937833547592163,0.8049112558364868,-0.09915290027856827,0.5054054260253906,0.6892669200897217,-0.1363273411989212,0.44745633006095886,0.5902725458145142,-0.17595328390598297,0.4423886835575104,0.5375640392303467,-0.03561655804514885,0.45807018876075745,0.34493929147720337,-0.06970580667257309,0.46151089668273926,0.22431015968322754,-0.10333283245563507,0.46062731742858887,0.1320442259311676,-0.13130256533622742,0.3724203109741211,0.5389100313186646,-0.038068246096372604,0.3729681670665741,0.3594106435775757,-0.10403808206319809,0.3818655014038086,0.4294213056564331,-0.15694846212863922,0.39271530508995056,0.5173752307891846,-0.18283024430274963,0.30413711071014404,0.5622708797454834,-0.04576925188302994,0.2968265116214752,0.38401421904563904,-0.10194031149148941,0.318378210067749,0.4322795867919922,-0.137520432472229,0.33242368698120117,0.5366623401641846,-0.15191611647605896,0.23403425514698029,0.6061859130859375,-0.059349145740270615,0.2229701280593872,0.46303629875183105,-0.10346943885087967,0.2502104341983795,0.4750613272190094,-0.12754759192466736,0.2721407413482666,0.5495089292526245,-0.13940295577049255
0.3136468231678009,0.9724195599555969,2.558701055477286e-07,0.4202582836151123,0.910298228263855,-0.052075665444135666,0.4964367747306824,0.7953053116798401,-0.08515763282775879,0.5069726705551147,0.6675118207931519,-0.1234157383441925,0.43523457646369934,0.57827228307724,-0.16486766934394836,0.44232332706451416,0.5272713899612427,-0.01992036961019039,0.45649322867393494,0.3431811034679413,-0.047362327575683594,0.4597402513027191,0.2257421612739563,-0.0727161318063736,0.4588419497013092,0.13517606258392334,-0.09474832564592361,0.371550589799881,0.5285109877586365,-0.02640499360859394,0.3750758171081543,0.3531703054904938,-0.07963390648365021,0.38604411482810974,0.44843024015426636,-0.11394016444683075,0.40028446912765503,0.5349098443984985,-0.12622760236263275,0.30465787649154663,0.5545089840888977,-0.03811252862215042,0.30092811584472656,0.37133634090423584,-0.085577592253685,0.32373949885368347,0.44361430406570435,-0.09966516494750977,0.33352893590927124,0.5538408756256104,-0.0990598127245903,0.23405058681964874,0.605776309967041,-0.05541238188743591,0.22182458639144897,0.46029195189476013,-0.09400785714387894,0.2511691451072693,0.48621225357055664,-0.10360503941774368,0.27196913957595825,0.565487802028656,-0.10386837273836136
0.3023061752319336,0.9763452410697937,3.117017968179425e-07,0.4111262559890747,0.9241269826889038,-0.06079212203621864,0.49809885025024414,0.8039626479148865,-0.09663372486829758,0.5101151466369629,0.6716369390487671,-0.13547788560390472,0.4338308572769165,0.5846800804138184,-0.17688201367855072,0.439139723777771,0.5397233963012695,-0.033401332795619965,0.45606398582458496,0.34647315740585327,-0.06791888922452927,0.4597729742527008,0.22383448481559753,-0.09795811772346497,0.45832937955856323,0.12645891308784485,-0.12288781255483627,0.3707760274410248,0.5400840044021606,-0.03750840947031975,0.3786613643169403,0.36246541142463684,-0.10251613706350327,0.39463427662849426,0.45023390650749207,-0.14412397146224976,0.40800774097442627,0.5419222712516785,-0.16010403633117676,0.3031061589717865,0.5629303455352783,-0.04709170386195183,0.301691472530365,0.3788503408432007,-0.10420262068510056,0.3267785608768463,0.4469960927963257,-0.12396470457315445,0.3373163342475891,0.5569784641265869,-0.1255498230457306,0.229694664478302,0.6058174967765808,-0.06273622065782547,0.2229260355234146,0.46097031235694885,-0.10691364854574203,0.25415146350860596,0.484458327293396,-0.1206703633069992,0.273396372795105,0.5614703893661499,-0.12345697730779648
0.30961480736732483,0.9814779758453369,2.600772575078736e-07,0.4144440293312073,0.9237020015716553,-0.05744175240397453,0.4977143108844757,0.8075056076049805,-0.09335259348154068,0.5072488784790039,0.6859301328659058,-0.1327766627073288,0.4338981807231903,0.5971294045448303,-0.17446547746658325,0.4417681396007538,0.5348519086837769,-0.031207719817757607,0.4582340717315674,0.34273260831832886,-0.066085085272789,0.4595130980014801,0.225987046957016,-0.09522940218448639,0.4554142355918884,0.13149234652519226,-0.11840678751468658,0.3718467354774475,0.5371615886688232,-0.036849524825811386,0.3841773569583893,0.3620934784412384,-0.09910283982753754,0.3958423435688019,0.4557980000972748,-0.1371191143989563,0.40468090772628784,0.5466493368148804,-0.1501450389623642,0.30285775661468506,0.563207745552063,-0.04792151600122452,0.3060212731361389,0.3820343315601349,-0.10239314287900925,0.3281893730163574,0.45889008045196533,-0.11605779081583023,0.33666086196899414,0.56629878282547,-0.11303577572107315,0.22904695570468903,0.6112287044525146,-0.06486155837774277,0.2216092050075531,0.4661012887954712,-0.10544254630804062,0.25215500593185425,0.4942733943462372,-0.11242068558931351,0.27321499586105347,0.5702547430992126,-0.10963220149278641
0.3185046315193176,0.9754517674446106,2.7307265781928436e-07,0.4191928207874298,0.9228158593177795,-0.06066933274269104,0.500991702079773,0.8094438314437866,-0.0988759994506836,0.509686291217804,0.6934642195701599,-0.1404239982366562,0.4367673397064209,0.6061065196990967,-0.18454639613628387,0.4463788866996765,0.5296559929847717,-0.034595489501953125,0.4607377052307129,0.3423120379447937,-0.07022526860237122,0.4621577858924866,0.22653654217720032,-0.1007838174700737,0.46047472953796387,0.13185721635818481,-0.1255907565355301,0.3753347098827362,0.5345911383628845,-0.03994768485426903,0.38271379470825195,0.36041826009750366,-0.10410325229167938,0.39218056201934814,0.456176221370697,-0.14511510729789734,0.401976615190506,0.5483388900756836,-0.1606116145849228,0.30582547187805176,0.5627472400665283,-0.05074489116668701,0.3064316213130951,0.38292527198791504,-0.10718005150556564,0.3276916742324829,0.4607081115245819,-0.1237945407629013,0.33613264560699463,0.5706635117530823,-0.12280336767435074,0.2327667474746704,0.612560510635376,-0.06762392073869705,0.2234204262495041,0.4657251238822937,-0.10912754386663437,0.2522144913673401,0.4953154921531677,-0.11775374412536621,0.27106013894081116,0.5737146735191345,-0.11663780361413956
0.3071103096008301,0.981404721736908,2.7500684041115164e-07,0.4122323989868164,0.9351733326911926,-0.0643339455127716,0.4988631308078766,0.8226204514503479,-0.10133671760559082,0.5086503624916077,0.699657678604126,-0.14095473289489746,0.4422582983970642,0.6025617122650146,-0.18246746063232422,0.45117810368537903,0.5421414375305176,-0.033555999398231506,0.46912437677383423,0.3517153859138489,-0.06799602508544922,0.47177085280418396,0.2331482172012329,-0.09766322374343872,0.47149235010147095,0.13509228825569153,-0.12239623069763184,0.3806163966655731,0.5433667898178101,-0.03681655600667,0.39428460597991943,0.364257276058197,-0.10214285552501678,0.40292197465896606,0.4511542320251465,-0.14626748859882355,0.41059359908103943,0.5391671657562256,-0.16384291648864746,0.31004688143730164,0.5662403702735901,-0.04590199887752533,0.3143562972545624,0.38284754753112793,-0.10543759912252426,0.33373209834098816,0.4594014883041382,-0.12713611125946045,0.3393479287624359,0.569124162197113,-0.1288394033908844,0.2356346994638443,0.6101453304290771,-0.06100592762231827,0.23224610090255737,0.46260908246040344,-0.1059553399682045,0.26035618782043457,0.495135098695755,-0.11861034482717514,0.2763839066028595,0.5754045248031616,-0.12001751363277435
0.3039816915988922,0.9734089374542236,1.9794188688138092e-07,0.41619613766670227,0.9229770302772522,-0.054142776876688004,0.5014119148254395,0.8228923082351685,-0.0905083566904068,0.5110863447189331,0.7011389136314392,-0.13198013603687286,0.4368194043636322,0.6167700886726379,-0.17735692858695984,0.4525693655014038,0.5402920246124268,-0.02658066339790821,0.47091642022132874,0.35267186164855957,-0.05708573758602142,0.47736072540283203,0.23338547348976135,-0.08587254583835602,0.4780668020248413,0.13935577869415283,-0.1109192967414856,0.377299964427948,0.5400434732437134,-0.033547595143318176,0.3896479606628418,0.37180405855178833,-0.08695844560861588,0.38579729199409485,0.47319456934928894,-0.12126246094703674,0.39066654443740845,0.5535091161727905,-0.13516129553318024,0.30777642130851746,0.561558723449707,-0.045825641602277756,0.31255125999450684,0.3850094676017761,-0.0917779728770256,0.32572141289711,0.4651719927787781,-0.102508045732975,0.3295173645019531,0.5740680694580078,-0.10123588889837265,0.23534490168094635,0.6085609197616577,-0.06416872888803482,0.23495128750801086,0.4614960551261902,-0.100595623254776,0.2591537833213806,0.4986500144004822,-0.10558892786502838,0.27409496903419495,0.5844547748565674,-0.10345741361379623
0.31507834792137146,0.9799230098724365,2.555115088398452e-07,0.4186449348926544,0.9354740977287292,-0.05820666626095772,0.5066745281219482,0.8237571120262146,-0.09334632754325867,0.5180850028991699,0.704047679901123,-0.1321420669555664,0.44845050573349,0.6177608966827393,-0.1728815883398056,0.4546154737472534,0.5360448956489563,-0.02830829843878746,0.4738274812698364,0.3458816409111023,-0.06129707023501396,0.4766688048839569,0.23050224781036377,-0.08921854943037033,0.47444605827331543,0.13595545291900635,-0.11188847571611404,0.38449060916900635,0.5400135517120361,-0.03354096785187721,0.39397692680358887,0.3671342134475708,-0.09666468948125839,0.4001169204711914,0.4591577649116516,-0.13523118197917938,0.4048638939857483,0.5510713458061218,-0.14801739156246185,0.3152320981025696,0.5654813051223755,-0.04430520907044411,0.3188021779060364,0.3861847519874573,-0.10047086328268051,0.33820459246635437,0.4666218161582947,-0.11414434760808945,0.3431151211261749,0.5762450695037842,-0.10991423577070236,0.24145860970020294,0.6114081740379333,-0.06104998663067818,0.23844070732593536,0.46534961462020874,-0.10172220319509506,0.2661513090133667,0.49921268224716187,-0.10774555057287216,0.28178712725639343,0.5790368914604187,-0.10376486927270889
0.30574172735214233,0.9910268187522888,1.5388137342142727e-07,0.41181597113609314,0.9400173425674438,-0.051412519067525864,0.5009400844573975,0.8300428986549377,-0.08503271639347076,0.5129517316818237,0.7100738286972046,-0.12294942140579224,0.43769359588623047,0.6292259693145752,-0.16379384696483612,0.44623488187789917,0.5495991706848145,-0.0295962356030941,0.4597300887107849,0.35483062267303467,-0.06322057545185089,0.45839664340019226,0.23860418796539307,-0.0914185419678688,0.4530685544013977,0.14413705468177795,-0.11405748128890991,0.3766411244869232,0.5533763766288757,-0.0374104343354702,0.390165776014328,0.3752894401550293,-0.09660197049379349,0.39286574721336365,0.4731764793395996,-0.13165922462940216,0.3968258202075958,0.5624567866325378,-0.14318741858005524,0.3083495795726776,0.5783450603485107,-0.049863800406455994,0.3148612976074219,0.39763426780700684,-0.10094501823186874,0.33055150508880615,0.4786643385887146,-0.11024528741836548,0.3342305123806,0.585747241973877,-0.1047893837094307,0.2345726639032364,0.6252310872077942,-0.06774048507213593,0.23196332156658173,0.4776764214038849,-0.10405068844556808,0.25750815868377686,0.5134817957878113,-0.10577821731567383,0.2727360129356384,0.5937196016311646,-0.0996776670217514
0.31302547454833984,0.9873416423797607,1.6067481567461073e-07,0.4158519208431244,0.9408575892448425,-0.055352628231048584,0.5057185888290405,0.8300728797912598,-0.08865445852279663,0.5143007040023804,0.7088655829429626,-0.12564897537231445,0.4383472800254822,0.6296955943107605,-0.16499057412147522,0.44939231872558594,0.5465115904808044,-0.028262637555599213,0.4608035385608673,0.3531548082828522,-0.060606006532907486,0.4599550664424896,0.23631882667541504,-0.08811131864786148,0.45675206184387207,0.1405775249004364,-0.11062008887529373,0.379543274641037,0.5509544014930725,-0.034124162048101425,0.39133501052856445,0.3772842288017273,-0.09493175894021988,0.39147868752479553,0.47142815589904785,-0.13104508817195892,0.3925549387931824,0.5605102777481079,-0.14260901510715485,0.31235700845718384,0.5763368606567383,-0.04514160752296448,0.3157627284526825,0.39722979068756104,-0.09928110241889954,0.3303782343864441,0.47694632411003113,-0.11069609224796295,0.33297044038772583,0.5831536650657654,-0.10546403378248215,0.24160552024841309,0.6225610375404358,-0.061826061457395554,0.2410975694656372,0.47327929735183716,-0.09990108758211136,0.2644973397254944,0.5117762684822083,-0.10232915729284286,0.275805801153183,0.5953637957572937,-0.09622439742088318
0.3151540458202362,0.9880804419517517,1.4515336488329922e-07,0.41784584522247314,0.9388114213943481,-0.05304313823580742,0.5046142339706421,0.8314497470855713,-0.08725433051586151,0.5110651254653931,0.7104086875915527,-0.12582118809223175,0.43408945202827454,0.6322364807128906,-0.1671791672706604,0.4526532292366028,0.5465561747550964,-0.02720065414905548,0.46381932497024536,0.35528385639190674,-0.05789140984416008,0.4638088047504425,0.2401958703994751,-0.08422555029392242,0.4605073034763336,0.14640942215919495,-0.10638920217752457,0.3817986845970154,0.5512826442718506,-0.03393975645303726,0.3934895396232605,0.3811536431312561,-0.09025641530752182,0.39240795373916626,0.4827943444252014,-0.12347613275051117,0.3939628005027771,0.5688286423683167,-0.13442020118236542,0.3142092227935791,0.5767512321472168,-0.045629847794771194,0.31869935989379883,0.40003716945648193,-0.0956866443157196,0.33227697014808655,0.4848768711090088,-0.10365030169487,0.3332486152648926,0.5921462178230286,-0.09762866050004959,0.2418690323829651,0.6246597766876221,-0.0629928782582283,0.23958511650562286,0.47700437903404236,-0.09895047545433044,0.26343584060668945,0.5179008841514587,-0.09955492615699768,0.27597105503082275,0.6012827754020691,-0.09290619194507599
0.3367116451263428,0.9922515749931335,1.2036328200792923e-07,0.4276939034461975,0.9451918601989746,-0.05823151767253876,0.5110085010528564,0.8341009020805359,-0.09768375754356384,0.5157700777053833,0.7178998589515686,-0.1398356556892395,0.4405495822429657,0.644751787185669,-0.18248936533927917,0.4420693516731262,0.5450071096420288,-0.03156127408146858,0.41428643465042114,0.3666994571685791,-0.07366792857646942,0.37880584597587585,0.260736346244812,-0.1067422479391098,0.345012903213501,0.19164711236953735,-0.12894071638584137,0.3713175356388092,0.5558030605316162,-0.035002294927835464,0.3717788755893707,0.39729225635528564,-0.0938909575343132,0.38744115829467773,0.49747180938720703,-0.12578263878822327,0.4024887681007385,0.586314857006073,-0.13419383764266968,0.30737820267677307,0.5856991410255432,-0.04521454870700836,0.3024565875530243,0.4265323877334595,-0.09720218181610107,0.3274562954902649,0.5088298320770264,-0.10350165516138077,0.3407871723175049,0.6120924353599548,-0.09488778561353683,0.2407694309949875,0.6350315809249878,-0.06201339140534401,0.2337844967842102,0.5001264214515686,-0.09863605350255966,0.2617748975753784,0.5405260920524597,-0.09974634647369385,0.2801836431026459,0.6214602589607239,-0.09219501167535782
0.33171388506889343,0.9967391490936279,1.2018503525723645e-07,0.42647281289100647,0.9497703313827515,-0.06042734533548355,0.5088715553283691,0.8420089483261108,-0.10072829574346542,0.5184041261672974,0.7253404855728149,-0.14373549818992615,0.4411064088344574,0.6513331532478333,-0.1876865178346634,0.4453885555267334,0.5519044995307922,-0.03337506204843521,0.41922229528427124,0.3716422915458679,-0.07564757764339447,0.38236990571022034,0.26169055700302124,-0.10927075147628784,0.3472502827644348,0.18662196397781372,-0.13300471007823944,0.374758243560791,0.5605100989341736,-0.03661959245800972,0.376526415348053,0.3905411958694458,-0.09601448476314545,0.3858732581138611,0.49254971742630005,-0.12979380786418915,0.39992570877075195,0.5821593403816223,-0.14006534218788147,0.30961114168167114,0.5886403918266296,-0.04673334211111069,0.30346444249153137,0.42203080654144287,-0.09848629683256149,0.32186609506607056,0.5019552707672119,-0.10789652168750763,0.33439892530441284,0.6059678792953491,-0.10226873308420181,0.24266423285007477,0.6381672620773315,-0.06355403363704681,0.2350960671901703,0.4994781017303467,-0.0999438539147377,0.2597678005695343,0.5363630056381226,-0.1037001982331276,0.278526246547699,0.6175624132156372,-0.09923290461301804
0.3288195729255676,0.9935746192932129,5.428944049867823e-08,0.42610201239585876,0.9405276775360107,-0.054797444492578506,0.5059254169464111,0.8355687856674194,-0.09302601963281631,0.5135350227355957,0.7092955708503723,-0.1351897120475769,0.4304860532283783,0.6363809704780579,-0.17845779657363892,0.445417582988739,0.5466404557228088,-0.024895137175917625,0.41727158427238464,0.3691766560077667,-0.06556930392980576,0.3810328543186188,0.2605726420879364,-0.09889424592256546,0.3469415307044983,0.18936365842819214,-0.12209239602088928,0.3727562427520752,0.5539789199829102,-0.028479110449552536,0.37508419156074524,0.39388492703437805,-0.0816764384508133,0.3786155581474304,0.5036435723304749,-0.1098637804389,0.39124220609664917,0.5901476144790649,-0.11718156933784485,0.30888181924819946,0.5816009640693665,-0.03904425725340843,0.30187517404556274,0.4200752079486847,-0.0851636603474617,0.3165540099143982,0.5065001845359802,-0.08839329332113266,0.32794761657714844,0.6122243404388428,-0.07963885366916656,0.24300803244113922,0.6325133442878723,-0.05607716366648674,0.23546399176120758,0.4947182536125183,-0.08783705532550812,0.25849324464797974,0.5382477045059204,-0.08613307029008865,0.2781561315059662,0.6255178451538086,-0.07796972990036011
0.3258437514305115,0.9983566999435425,8.338873414004411e-08,0.4231918156147003,0.9493222236633301,-0.05590002238750458,0.5083898305892944,0.8394825458526611,-0.09283050149679184,0.5164583325386047,0.7160594463348389,-0.13314567506313324,0.43808406591415405,0.6414657235145569,-0.17413116991519928,0.44492411613464355,0.5528901815414429,-0.025993017479777336,0.41991257667541504,0.3749144673347473,-0.06659498810768127,0.3835475444793701,0.2654292583465576,-0.09976913034915924,0.34800902009010315,0.1907220482826233,-0.1232413798570633,0.37461695075035095,0.558731734752655,-0.030134636908769608,0.3794724941253662,0.39651042222976685,-0.08706700056791306,0.38858452439308167,0.4971275329589844,-0.11857003718614578,0.4002799093723297,0.586220383644104,-0.12743787467479706,0.31051671504974365,0.5856916308403015,-0.04111398756504059,0.305711954832077,0.42011526226997375,-0.09140197187662125,0.3242880403995514,0.5036831498146057,-0.09694882482290268,0.3351726233959198,0.6100204586982727,-0.0885099247097969,0.24406050145626068,0.6345760822296143,-0.05859080329537392,0.2412654161453247,0.49772781133651733,-0.094098761677742,0.2669115960597992,0.5390751361846924,-0.09460148960351944,0.284330815076828,0.6228697896003723,-0.0872107595205307
0.3262470066547394,0.9939562082290649,2.5113001456134043e-08,0.42147547006607056,0.9451309442520142,-0.05088283494114876,0.5040595531463623,0.8398972749710083,-0.08865249156951904,0.5186176300048828,0.7169737219810486,-0.13038505613803864,0.43678539991378784,0.6475188732147217,-0.17336198687553406,0.44105860590934753,0.5501160621643066,-0.031850531697273254,0.41541799902915955,0.36902183294296265,-0.07478931546211243,0.3808210790157318,0.2606741189956665,-0.10883073508739471,0.34698405861854553,0.18530476093292236,-0.1325579136610031,0.3711825907230377,0.5566084980964661,-0.0380583256483078,0.3756149113178253,0.39441561698913574,-0.09386026114225388,0.38354018330574036,0.5054110884666443,-0.11991862207651138,0.3947705030441284,0.5949879288673401,-0.12553563714027405,0.3068797290325165,0.5834173560142517,-0.050361715257167816,0.30203768610954285,0.41767460107803345,-0.09668316692113876,0.3196355104446411,0.5069026947021484,-0.09400411695241928,0.3294515013694763,0.6129559278488159,-0.08136877417564392,0.23902784287929535,0.6304710507392883,-0.06907843053340912,0.23264534771442413,0.4927369952201843,-0.09994315356016159,0.2576339840888977,0.538580596446991,-0.094336599111557,0.27515241503715515,0.6251964569091797,-0.08339951187372208
0.32077333331108093,0.9968818426132202,8.058796652221645e-08,0.42000654339790344,0.9434540271759033,-0.050262901932001114,0.5040649175643921,0.8417255878448486,-0.08727020025253296,0.5165568590164185,0.7162349224090576,-0.12894295156002045,0.4352751672267914,0.6437907814979553,-0.17186467349529266,0.4425564408302307,0.546900749206543,-0.021270954981446266,0.41645118594169617,0.37059369683265686,-0.060385413467884064,0.3817727565765381,0.26128023862838745,-0.09356783330440521,0.3468397855758667,0.18668168783187866,-0.11722787469625473,0.37042301893234253,0.5525466203689575,-0.027504799887537956,0.37833088636398315,0.39455583691596985,-0.07905273139476776,0.38657593727111816,0.49998709559440613,-0.10714474320411682,0.39715999364852905,0.5853421688079834,-0.11506439000368118,0.30672746896743774,0.5800121426582336,-0.04013289511203766,0.3022337257862091,0.418876051902771,-0.08510810136795044,0.3212847113609314,0.509933590888977,-0.08582161366939545,0.33172279596328735,0.6179571747779846,-0.07546373456716537,0.24014505743980408,0.6319912075996399,-0.0590529590845108,0.23602913320064545,0.49219489097595215,-0.09039309620857239,0.26239362359046936,0.5401590466499329,-0.08616773784160614,0.280927836894989,0.6302087903022766,-0.07593914121389389
0.3194267749786377,0.9985621571540833,-1.4486727373252961e-08,0.4188447594642639,0.9433860778808594,-0.04353398457169533,0.5045791268348694,0.8401906490325928,-0.07649627327919006,0.5167139768600464,0.7172685265541077,-0.11423095315694809,0.43428435921669006,0.6513108015060425,-0.1535029262304306,0.443087100982666,0.5558444261550903,-0.02357499673962593,0.4193453788757324,0.3742881417274475,-0.06238969415426254,0.3855518698692322,0.26544979214668274,-0.092744842171669,0.3526756763458252,0.18823641538619995,-0.11399930715560913,0.3729776442050934,0.5618979334831238,-0.0315341018140316,0.3787097930908203,0.39695173501968384,-0.08286213874816895,0.3841417133808136,0.507327675819397,-0.10522149503231049,0.3950246572494507,0.5958927273750305,-0.10819170624017715,0.3097492754459381,0.5893391370773315,-0.04495485872030258,0.3049198389053345,0.4211428761482239,-0.08814318478107452,0.3208223581314087,0.5104699730873108,-0.08272945135831833,0.3318796455860138,0.6158198714256287,-0.06795655936002731,0.2419840395450592,0.6399757862091064,-0.06400185078382492,0.23944133520126343,0.4995616674423218,-0.09185992926359177,0.2618751525878906,0.5445156097412109,-0.08310864120721817,0.2788408100605011,0.6304064393043518,-0.06966399401426315
0.3276933431625366,0.9999345541000366,4.344672532852201e-08,0.42478084564208984,0.9481430053710938,-0.05049841105937958,0.5099682211875916,0.8363624811172485,-0.08568216860294342,0.5165560841560364,0.712449312210083,-0.12506812810897827,0.4346438944339752,0.6466572284698486,-0.16548721492290497,0.44320160150527954,0.5499310493469238,-0.024480769410729408,0.41748046875,0.37187251448631287,-0.06389589607715607,0.3823253810405731,0.2626500129699707,-0.09393076598644257,0.3501478135585785,0.18787476420402527,-0.11497761309146881,0.37174156308174133,0.5551754832267761,-0.030974600464105606,0.37829187512397766,0.3950182795524597,-0.08718051761388779,0.3857089579105377,0.507056713104248,-0.11234206706285477,0.39790958166122437,0.6003937125205994,-0.11555613577365875,0.30765554308891296,0.5828136801719666,-0.04385591298341751,0.30319085717201233,0.41913682222366333,-0.09304503351449966,0.32125505805015564,0.5091249346733093,-0.09146498143672943,0.33271101117134094,0.6155974864959717,-0.07752332836389542,0.23965968191623688,0.6337385177612305,-0.0629265308380127,0.23673291504383087,0.49735403060913086,-0.0967831090092659,0.2622253894805908,0.5417355298995972,-0.09259837120771408,0.27991166710853577,0.6269761919975281,-0.08131107687950134
0.3214900493621826,0.9951246976852417,9.654952748405776e-08,0.4196224808692932,0.9488502144813538,-0.059971705079078674,0.5044306516647339,0.8421577215194702,-0.09890209883451462,0.51642906665802,0.7223063111305237,-0.14031390845775604,0.4372537136077881,0.6553077697753906,-0.18227705359458923,0.4428534209728241,0.55596524477005,-0.03370293974876404,0.4192225933074951,0.3704654276371002,-0.07797170430421829,0.3836427927017212,0.26174241304397583,-0.11167065054178238,0.35166433453559875,0.18748939037322998,-0.13462591171264648,0.37315547466278076,0.5625454783439636,-0.03662675619125366,0.3747742176055908,0.39314502477645874,-0.09981669485569,0.37941697239875793,0.49755382537841797,-0.13230842351913452,0.3926306366920471,0.5903047323226929,-0.14018763601779938,0.3082239031791687,0.5893173813819885,-0.04664463549852371,0.3019956350326538,0.41876494884490967,-0.10183779150247574,0.31676459312438965,0.5015419721603394,-0.10867999494075775,0.3290921151638031,0.6078810691833496,-0.09964192658662796,0.24135088920593262,0.6354456543922424,-0.06323898583650589,0.2367331087589264,0.4978945553302765,-0.10151252150535583,0.25886619091033936,0.5385619401931763,-0.10346373170614243,0.2758135497570038,0.6218923926353455,-0.09645690023899078
0.321722149848938,0.995448112487793,6.267973873264054e-08,0.42015212774276733,0.950222373008728,-0.05473445728421211,0.506351888179779,0.8443235158920288,-0.0925879031419754,0.5201554298400879,0.722330629825592,-0.1336754560470581,0.4374861717224121,0.6542690992355347,-0.17560333013534546,0.4449392855167389,0.5538947582244873,-0.03302224725484848,0.42781147360801697,0.36817437410354614,-0.0728665292263031,0.3969669044017792,0.2585656940937042,-0.10219099372625351,0.36627915501594543,0.17905446887016296,-0.12285269796848297,0.37649595737457275,0.5593429803848267,-0.03763723373413086,0.383583664894104,0.39987045526504517,-0.09334271401166916,0.3900684714317322,0.5091118216514587,-0.11673537641763687,0.39956170320510864,0.5970104336738586,-0.11966752260923386,0.3110189437866211,0.5860852003097534,-0.04858734831213951,0.3107963502407074,0.4202061593532562,-0.09674166887998581,0.32763543725013733,0.5093955993652344,-0.09249579161405563,0.3343355357646942,0.6126750111579895,-0.07764250785112381,0.2402525544166565,0.6327481269836426,-0.06631867587566376,0.23737716674804688,0.49605661630630493,-0.09987752884626389,0.26317280530929565,0.5400318503379822,-0.09458693116903305,0.2789236903190613,0.6228002309799194,-0.08282604068517685
0.3331409990787506,0.9927758574485779,9.972647774247889e-08,0.42745402455329895,0.9504225254058838,-0.06032008305191994,0.5104602575302124,0.8397459387779236,-0.09902780503034592,0.5176722407341003,0.7219499349594116,-0.13988907635211945,0.44114944338798523,0.6460040807723999,-0.18158632516860962,0.44980186223983765,0.5519736409187317,-0.04028131440281868,0.43493086099624634,0.3633146584033966,-0.08003560453653336,0.4078570604324341,0.24875202775001526,-0.10898648947477341,0.3814532160758972,0.16398486495018005,-0.13004101812839508,0.3800889849662781,0.5591293573379517,-0.043316055089235306,0.3867269456386566,0.39386874437332153,-0.10292765498161316,0.3931269645690918,0.4967952072620392,-0.131761372089386,0.401411235332489,0.5846389532089233,-0.13833773136138916,0.3140046000480652,0.5865835547447205,-0.052551254630088806,0.3133777976036072,0.42193883657455444,-0.10477947443723679,0.3308109641075134,0.5038340091705322,-0.10952690988779068,0.3372673988342285,0.605914294719696,-0.1003289520740509,0.24431467056274414,0.6332048773765564,-0.06848298013210297,0.24146528542041779,0.49259915947914124,-0.10499346256256104,0.2670212686061859,0.5304279327392578,-0.10582572221755981,0.28120967745780945,0.6117010116577148,-0.0987284854054451
0.3288365602493286,0.9925329685211182,5.607522268746834e-08,0.4264550507068634,0.9419806003570557,-0.05076073482632637,0.5079324245452881,0.8394104242324829,-0.08525343984365463,0.5156106948852539,0.7210659980773926,-0.12323004752397537,0.4365100562572479,0.6494172215461731,-0.16309602558612823,0.4535738527774811,0.5550186038017273,-0.03186957165598869,0.44408392906188965,0.3662464916706085,-0.06846552342176437,0.42321786284446716,0.25058475136756897,-0.09784221649169922,0.40103626251220703,0.1612604558467865,-0.1205529049038887,0.3805989921092987,0.5608402490615845,-0.03894057497382164,0.3882538080215454,0.39500415325164795,-0.09303899109363556,0.3926308751106262,0.4985126852989197,-0.12125921994447708,0.40037640929222107,0.58193039894104,-0.1295192837715149,0.3134249746799469,0.5886845588684082,-0.0511242114007473,0.3111115097999573,0.42285168170928955,-0.09773871302604675,0.32924702763557434,0.5090475082397461,-0.09989049285650253,0.3364001214504242,0.6097121834754944,-0.09112779051065445,0.2427528202533722,0.639672577381134,-0.06916189938783646,0.2408439964056015,0.49549463391304016,-0.10128840804100037,0.2658604681491852,0.5403406620025635,-0.09769735485315323,0.2802063226699829,0.623659074306488,-0.08872094005346298
0.32482147216796875,0.9954002499580383,8.165412168636976e-08,0.427926242351532,0.9460221529006958,-0.05205920338630676,0.5078356862068176,0.8476766347885132,-0.08828378468751907,0.5245495438575745,0.7353149652481079,-0.12817655503749847,0.4518392086029053,0.6632564067840576,-0.17025841772556305,0.45679616928100586,0.5684543251991272,-0.03857981041073799,0.4502207636833191,0.37011316418647766,-0.07837327569723129,0.43460384011268616,0.2513717710971832,-0.11201892793178558,0.41570210456848145,0.15644973516464233,-0.13841834664344788,0.3840049207210541,0.5762454271316528,-0.04608099162578583,0.3919442296028137,0.4006536602973938,-0.10448890924453735,0.39967039227485657,0.5065664649009705,-0.13735616207122803,0.4096023738384247,0.5893590450286865,-0.14967453479766846,0.31638699769973755,0.6014136672019958,-0.058491501957178116,0.31568238139152527,0.42194968461990356,-0.10697461664676666,0.334453284740448,0.5077871680259705,-0.11203518509864807,0.34335362911224365,0.6121026277542114,-0.1060299500823021,0.24697589874267578,0.6465195417404175,-0.07691434770822525,0.24876059591770172,0.49951764941215515,-0.1113477498292923,0.2735140323638916,0.5436288714408875,-0.11032130569219589,0.28723594546318054,0.6293476819992065,-0.10376337915658951
0.32349085807800293,0.9945536851882935,5.2938300854066256e-08,0.4296885132789612,0.9433666467666626,-0.052523061633110046,0.5130385160446167,0.8427257537841797,-0.08708082884550095,0.5197446942329407,0.723561704158783,-0.12495230883359909,0.43904146552085876,0.6517042517662048,-0.16513951122760773,0.45785075426101685,0.5631173849105835,-0.0358307771384716,0.4570217430591583,0.3679562211036682,-0.07201658934354782,0.44586503505706787,0.24962541460990906,-0.10244432836771011,0.43193909525871277,0.152635395526886,-0.12743690609931946,0.3837238550186157,0.5674534440040588,-0.0418088473379612,0.3936847746372223,0.39919400215148926,-0.09737695753574371,0.3940587639808655,0.5094473958015442,-0.1263951063156128,0.400093138217926,0.5935817956924438,-0.1360582560300827,0.3159712553024292,0.5926572680473328,-0.05269722267985344,0.31586939096450806,0.41620999574661255,-0.09945765882730484,0.32968538999557495,0.5068780183792114,-0.10128335654735565,0.3356957733631134,0.6130445003509521,-0.09320715069770813,0.2446662038564682,0.6404429078102112,-0.06960760802030563,0.24591957032680511,0.49566054344177246,-0.10315277427434921,0.2678317427635193,0.5421470999717712,-0.10037409514188766,0.27989712357521057,0.6286725997924805,-0.09239795058965683
0.31676211953163147,0.9981268048286438,5.431370198039076e-08,0.4239169955253601,0.945639967918396,-0.046409036964178085,0.5068380236625671,0.8433181047439575,-0.07801112532615662,0.5207322835922241,0.7240266799926758,-0.1140381321310997,0.44192710518836975,0.6502333879470825,-0.15276490151882172,0.4559650123119354,0.5678337216377258,-0.02971510775387287,0.46050381660461426,0.3718028962612152,-0.06515327095985413,0.45181483030319214,0.251754492521286,-0.09605086594820023,0.43904271721839905,0.15248724818229675,-0.12182723730802536,0.3838565945625305,0.5706406235694885,-0.038856446743011475,0.3974229693412781,0.39694827795028687,-0.0940321832895279,0.3986564576625824,0.5022139549255371,-0.12417060881853104,0.40553340315818787,0.5875084400177002,-0.13491953909397125,0.3166433870792389,0.5952461361885071,-0.05252169445157051,0.31873810291290283,0.41368618607521057,-0.09856157749891281,0.33455073833465576,0.5012099146842957,-0.10155019164085388,0.3426394462585449,0.6093723773956299,-0.09466108679771423,0.24638600647449493,0.6429116129875183,-0.07174641638994217,0.24926911294460297,0.49721014499664307,-0.10513358563184738,0.2717801034450531,0.5415579080581665,-0.10348782688379288,0.28507286310195923,0.6287374496459961,-0.0967298224568367
0.3058485984802246,0.9875891208648682,9.495991548646998e-08,0.4171806275844574,0.9473118782043457,-0.047391198575496674,0.5003774166107178,0.8519946932792664,-0.07741102576255798,0.5181840658187866,0.7262038588523865,-0.11118580400943756,0.43924063444137573,0.6441311240196228,-0.14755868911743164,0.46517643332481384,0.571499764919281,-0.03140421211719513,0.49852028489112854,0.3764038681983948,-0.06594901531934738,0.5112718939781189,0.2574373483657837,-0.09830834716558456,0.5125085711479187,0.15659019351005554,-0.1260451078414917,0.389034241437912,0.5683779120445251,-0.03844954073429108,0.40166470408439636,0.40076231956481934,-0.09098684042692184,0.4020964801311493,0.5075462460517883,-0.11980865150690079,0.4053860604763031,0.5875340700149536,-0.1316818743944168,0.31890353560447693,0.590338945388794,-0.04980054870247841,0.32307732105255127,0.4111710786819458,-0.09525687992572784,0.33736637234687805,0.5085649490356445,-0.0941934660077095,0.3403964042663574,0.6156922578811646,-0.08574336767196655,0.24597299098968506,0.636056125164032,-0.06663500517606735,0.25363731384277344,0.49457162618637085,-0.10209342837333679,0.27420634031295776,0.5499188899993896,-0.09754207730293274,0.28269344568252563,0.6382752060890198,-0.08835393935441971
0.313549667596817,0.9991501569747925,2.643123764300981e-07,0.4190809428691864,0.9620435237884521,-0.05784821882843971,0.5028902292251587,0.8590390682220459,-0.09283699840307236,0.5216125249862671,0.7464326024055481,-0.13021302223205566,0.45405685901641846,0.6615551114082336,-0.16966672241687775,0.46413493156433105,0.5868931412696838,-0.04760906845331192,0.5087081789970398,0.384061723947525,-0.08666130155324936,0.530846357345581,0.26343390345573425,-0.1202344298362732,0.5435183048248291,0.1573510468006134,-0.14852598309516907,0.3901948928833008,0.5844628810882568,-0.05296943709254265,0.3963984251022339,0.41087061166763306,-0.11822762340307236,0.4045189321041107,0.5096421241760254,-0.15509428083896637,0.4129440486431122,0.597012996673584,-0.17048871517181396,0.31848734617233276,0.6046919822692871,-0.0629226341843605,0.31767523288726807,0.41844993829727173,-0.11887554824352264,0.3412773311138153,0.502511739730835,-0.12775546312332153,0.3517102599143982,0.6096029877662659,-0.12391269952058792,0.24737237393856049,0.6443998217582703,-0.07890594750642776,0.2520156502723694,0.4983946681022644,-0.12150851637125015,0.27707839012145996,0.5447125434875488,-0.12500742077827454,0.2871592938899994,0.6325518488883972,-0.12084845453500748
0.3008970320224762,0.981035590171814,1.898233961128426e-07,0.41428929567337036,0.9490985870361328,-0.04237077757716179,0.49272996187210083,0.8585156202316284,-0.06637255102396011,0.5287163853645325,0.7538890838623047,-0.09517984092235565,0.49163079261779785,0.6664637327194214,-0.12726569175720215,0.48428842425346375,0.5879397392272949,-0.02516859397292137,0.559299111366272,0.41206908226013184,-0.056593190878629684,0.6041005849838257,0.310870498418808,-0.08721528947353363,0.6319327354431152,0.21972373127937317,-0.1143004298210144,0.4073473811149597,0.571540117263794,-0.03460120037198067,0.4166818857192993,0.4095190167427063,-0.0914425253868103,0.4122898280620575,0.5114012360572815,-0.12458997219800949,0.4097444713115692,0.5983622670173645,-0.13859467208385468,0.3312281370162964,0.5873690843582153,-0.04828987643122673,0.33205753564834595,0.4190303683280945,-0.09821796417236328,0.3484591245651245,0.5100938081741333,-0.10543227195739746,0.3514243960380554,0.608522355556488,-0.10167551785707474,0.2547100782394409,0.6319623589515686,-0.06639446318149567,0.26339495182037354,0.49809885025024414,-0.10563630610704422,0.28357887268066406,0.5510500073432922,-0.10635199397802353,0.2906419634819031,0.6348227262496948,-0.10051214694976807
0.2901475727558136,0.98126220703125,2.0537308387247322e-07,0.40798822045326233,0.9434131383895874,-0.046138063073158264,0.4878215491771698,0.8515629768371582,-0.07492512464523315,0.5194578170776367,0.727249264717102,-0.10946676135063171,0.4697440266609192,0.6249470114707947,-0.14735332131385803,0.48652952909469604,0.583243727684021,-0.020678214728832245,0.5609278082847595,0.408883273601532,-0.05238106846809387,0.605620265007019,0.30447936058044434,-0.08237285912036896,0.631513774394989,0.21407011151313782,-0.1090506836771965,0.4090886414051056,0.5674844980239868,-0.030727161094546318,0.4224714934825897,0.4116625189781189,-0.09109468013048172,0.41915780305862427,0.5228155255317688,-0.12456929683685303,0.41858452558517456,0.6076481342315674,-0.13716745376586914,0.3344579339027405,0.5828919410705566,-0.045857418328523636,0.3387114405632019,0.41526246070861816,-0.09901633858680725,0.3563380837440491,0.5177114009857178,-0.10362516343593597,0.35671114921569824,0.6228751540184021,-0.09691103547811508,0.25811636447906494,0.6283849477767944,-0.06613047420978546,0.2719879746437073,0.49347439408302307,-0.1079663336277008,0.2933471202850342,0.5519188046455383,-0.10780373215675354,0.2986695170402527,0.6393280029296875,-0.1004495769739151
0.305390864610672,0.9858025312423706,2.884649461520894e-07,0.41887110471725464,0.9416389465332031,-0.048975855112075806,0.49522411823272705,0.8423653841018677,-0.07817530632019043,0.5210093259811401,0.7161819934844971,-0.11239692568778992,0.46966731548309326,0.6182350516319275,-0.149689719080925,0.48790425062179565,0.5844643712043762,-0.019409433007240295,0.5586718320846558,0.4107254147529602,-0.047155894339084625,0.6013559699058533,0.303678035736084,-0.07361293584108353,0.6260500550270081,0.21559610962867737,-0.0974123403429985,0.4107472598552704,0.5696289539337158,-0.026593707501888275,0.4255892336368561,0.41394954919815063,-0.08194385468959808,0.4233580231666565,0.5197360515594482,-0.1128523200750351,0.42156982421875,0.604292631149292,-0.12348797917366028,0.3369094431400299,0.5850642919540405,-0.03900100663304329,0.34042486548423767,0.418213427066803,-0.08804537355899811,0.35934150218963623,0.5109553337097168,-0.09353163093328476,0.3590971529483795,0.6133671998977661,-0.08790159970521927,0.26177021861076355,0.629892885684967,-0.05679624527692795,0.27009516954421997,0.496417373418808,-0.09563447535037994,0.29279351234436035,0.5492595434188843,-0.09574812650680542,0.29833221435546875,0.6363182067871094,-0.08896955847740173
0.29756641387939453,0.9883361458778381,2.8551200514925767e-08,0.42234840989112854,0.9405921697616577,-0.029818618670105934,0.4958094656467438,0.8496952056884766,-0.04700992628931999,0.5154715776443481,0.7331820130348206,-0.07027182728052139,0.4454718232154846,0.6530687808990479,-0.09780450910329819,0.47941046953201294,0.5808485150337219,-0.013813547790050507,0.5487978458404541,0.39592790603637695,-0.04546801373362541,0.5892568826675415,0.28757765889167786,-0.08150936663150787,0.6103204488754272,0.18970152735710144,-0.11360811442136765,0.4011399447917938,0.5696907639503479,-0.026787612587213516,0.4164303243160248,0.4149375557899475,-0.07818283140659332,0.40796929597854614,0.5266878604888916,-0.11145313829183578,0.4048810303211212,0.608900249004364,-0.12810556590557098,0.32782605290412903,0.5861481428146362,-0.043021637946367264,0.3347131013870239,0.4134586453437805,-0.08381526917219162,0.34417057037353516,0.5147618055343628,-0.08711332082748413,0.34407514333724976,0.6183127164840698,-0.0838523656129837,0.2529749870300293,0.6336126923561096,-0.06305605173110962,0.2628898024559021,0.4966825842857361,-0.09551643580198288,0.279488742351532,0.5517345070838928,-0.09228526055812836,0.2875268757343292,0.634056806564331,-0.0852455422282219
0.2944045662879944,0.9926872253417969,1.7077571357049237e-08,0.41902896761894226,0.9531551003456116,-0.03394231200218201,0.4938151240348816,0.8612400889396667,-0.0536947064101696,0.505881667137146,0.7402065992355347,-0.07788319140672684,0.4304251968860626,0.658557653427124,-0.10594277083873749,0.4772717356681824,0.589277446269989,-0.025723202154040337,0.5445655584335327,0.39863085746765137,-0.06103743612766266,0.5836567878723145,0.28704649209976196,-0.09787631034851074,0.6043537259101868,0.1866031289100647,-0.12980477511882782,0.398788720369339,0.5763949155807495,-0.03601309657096863,0.4132641851902008,0.4196222424507141,-0.08853920549154282,0.40226975083351135,0.5297874808311462,-0.1192311942577362,0.39883801341056824,0.6142922043800354,-0.13381485641002655,0.32493191957473755,0.5905101895332336,-0.04951544851064682,0.332284152507782,0.4092206656932831,-0.09105108678340912,0.3383959233760834,0.5121617913246155,-0.09022685140371323,0.33921730518341064,0.6197654008865356,-0.08375473320484161,0.248882457613945,0.635645866394043,-0.06703321635723114,0.2560923099517822,0.4977349042892456,-0.10009072721004486,0.27061304450035095,0.5527836084365845,-0.0953456312417984,0.2804628312587738,0.6354842185974121,-0.08656106144189835
0.2931806445121765,0.9891558289527893,-1.5852987189646228e-07,0.41787609457969666,0.939153790473938,-0.022677183151245117,0.481061190366745,0.856792688369751,-0.03186443820595741,0.513515830039978,0.7431683540344238,-0.045479293912649155,0.43611061573028564,0.6720888614654541,-0.06096512824296951,0.4834975302219391,0.5991222262382507,-0.00913406815379858,0.5472626090049744,0.4077022075653076,-0.04722845181822777,0.5860082507133484,0.2985319495201111,-0.08960102498531342,0.604628324508667,0.19410568475723267,-0.12504224479198456,0.4044073820114136,0.5845301151275635,-0.022446654736995697,0.4103221595287323,0.4208219349384308,-0.06957685947418213,0.3982503414154053,0.5535418391227722,-0.09372393041849136,0.40032583475112915,0.6401773691177368,-0.10503184050321579,0.32925593852996826,0.5933204889297485,-0.040128469467163086,0.33207958936691284,0.41500794887542725,-0.0774015560746193,0.33488309383392334,0.5401782393455505,-0.06920375674962997,0.33976489305496216,0.6467682123184204,-0.05831464007496834,0.25633740425109863,0.6406426429748535,-0.06172848865389824,0.27376818656921387,0.5034396648406982,-0.08643968403339386,0.2846636176109314,0.5677359104156494,-0.07310096174478531,0.29150649905204773,0.6509482860565186,-0.06024038419127464
0.293911874294281,0.9974587559700012,-1.8240122301449446e-07,0.4229136109352112,0.9457044005393982,-0.020711932331323624,0.48649272322654724,0.8574106693267822,-0.0263458751142025,0.5136155486106873,0.7424931526184082,-0.03640322759747505,0.4362938702106476,0.6727367639541626,-0.048630475997924805,0.48597902059555054,0.5967339277267456,-0.0046282801777124405,0.5493651032447815,0.4075934886932373,-0.03990495204925537,0.5872060656547546,0.30041396617889404,-0.08073562383651733,0.6056089401245117,0.19705528020858765,-0.11534356325864792,0.40649572014808655,0.5836461782455444,-0.0181007981300354,0.41108474135398865,0.4212130606174469,-0.061399273574352264,0.400841623544693,0.5524875521659851,-0.08426669239997864,0.4047453701496124,0.6395587921142578,-0.09506306797266006,0.3308924436569214,0.5952600240707397,-0.03596731275320053,0.33119696378707886,0.4195730686187744,-0.07084324210882187,0.33442264795303345,0.5441967248916626,-0.06309483200311661,0.33984997868537903,0.6490094065666199,-0.05267174541950226,0.2562490701675415,0.6461036205291748,-0.057560600340366364,0.27151674032211304,0.5063952803611755,-0.08145679533481598,0.282776415348053,0.5716489553451538,-0.06795060634613037,0.2896917164325714,0.657602071762085,-0.054820239543914795
0.2921728193759918,1.0018110275268555,-2.48232595367881e-07,0.42404890060424805,0.9413379430770874,-0.01851225458085537,0.4877861440181732,0.8505026698112488,-0.01893499307334423,0.5134834051132202,0.7339649200439453,-0.02272256277501583,0.43100932240486145,0.6735069751739502,-0.02798193320631981,0.4829327464103699,0.6013575196266174,0.00014788165572099388,0.548744797706604,0.4121195673942566,-0.032568130642175674,0.5863379240036011,0.3079420328140259,-0.07177097350358963,0.6065293550491333,0.20402854681015015,-0.10531219840049744,0.40584278106689453,0.5867727994918823,-0.013147945515811443,0.416371613740921,0.4256884455680847,-0.053440455347299576,0.40343981981277466,0.5571421980857849,-0.07572390884160995,0.4023157060146332,0.6465948820114136,-0.0865200012922287,0.3316584825515747,0.596063494682312,-0.0308646559715271,0.3354123532772064,0.42435625195503235,-0.06318969279527664,0.339224636554718,0.5517613887786865,-0.057292595505714417,0.3425118625164032,0.6554914712905884,-0.04833102971315384,0.25772392749786377,0.6459581851959229,-0.05208052694797516,0.27462440729141235,0.5085539221763611,-0.07206811010837555,0.2879273295402527,0.5741446018218994,-0.05820228531956673,0.29270267486572266,0.6582527756690979,-0.045740190893411636
0.2977030575275421,0.9939441680908203,-9.627956387703307e-08,0.4231266379356384,0.9452845454216003,-0.01773327961564064,0.48904839158058167,0.8624342679977417,-0.028703253716230392,0.5237638354301453,0.7529083490371704,-0.047356996685266495,0.4526391625404358,0.6811981201171875,-0.06986050307750702,0.48627302050590515,0.5954569578170776,-0.002164418576285243,0.548611581325531,0.41266101598739624,-0.03644680604338646,0.5880763530731201,0.3070468306541443,-0.0755491778254509,0.6073423624038696,0.20711040496826172,-0.10933159291744232,0.4068963825702667,0.5827886462211609,-0.019084222614765167,0.41815879940986633,0.4176313877105713,-0.06446081399917603,0.4104541540145874,0.5503408908843994,-0.0885532945394516,0.41344183683395386,0.6369218230247498,-0.0997459664940834,0.33235034346580505,0.5967239737510681,-0.03966052457690239,0.336884081363678,0.4155021011829376,-0.07685909420251846,0.343023419380188,0.5414751768112183,-0.06805586814880371,0.34755879640579224,0.650871217250824,-0.05682165175676346,0.25654059648513794,0.6462261080741882,-0.06355911493301392,0.2750774323940277,0.5046056509017944,-0.09119775146245956,0.2862101197242737,0.5742952227592468,-0.0783609002828598,0.29374802112579346,0.6633093953132629,-0.06531019508838654
0.28849804401397705,0.9932858347892761,-5.2831740759984314e-08,0.41495266556739807,0.950474202632904,-0.019408410415053368,0.4865841865539551,0.8697150945663452,-0.033743422478437424,0.5239959359169006,0.759911298751831,-0.05679013207554817,0.4573802947998047,0.680294394493103,-0.08339672535657883,0.4843898117542267,0.5922041535377502,-0.0034217671491205692,0.5471139550209045,0.4071427583694458,-0.04125608876347542,0.5871016383171082,0.3023226857185364,-0.08165044337511063,0.6071109175682068,0.20468398928642273,-0.11559005826711655,0.40514129400253296,0.5820229649543762,-0.02184170112013817,0.41471415758132935,0.4220938980579376,-0.07796411961317062,0.4103549122810364,0.554305911064148,-0.10823429375886917,0.4154807925224304,0.6428219079971313,-0.12108617275953293,0.3312074542045593,0.5964203476905823,-0.0439518578350544,0.33338361978530884,0.4168737232685089,-0.08854762464761734,0.341213583946228,0.5411907434463501,-0.08230457454919815,0.34757187962532043,0.6526044011116028,-0.0704769715666771,0.2558830678462982,0.6443324685096741,-0.06954453885555267,0.2723357677459717,0.5048044323921204,-0.10113774985074997,0.2846812605857849,0.573248028755188,-0.09007396548986435,0.2941293716430664,0.6627315282821655,-0.07669223099946976
0.2803790271282196,1.0046396255493164,-1.3761608386175794e-07,0.4124663770198822,0.9539863467216492,-0.02037980407476425,0.48436859250068665,0.8708833456039429,-0.029714388772845268,0.5155145525932312,0.7457898855209351,-0.04397108778357506,0.4349609613418579,0.6663094162940979,-0.060815729200839996,0.4802587330341339,0.6113431453704834,-0.0054968129843473434,0.5441158413887024,0.4212380647659302,-0.04276513308286667,0.5832955837249756,0.3113209307193756,-0.08526435494422913,0.603317141532898,0.21008029580116272,-0.12058032304048538,0.4034661054611206,0.5955309867858887,-0.018089165911078453,0.4156927764415741,0.43097469210624695,-0.06220027431845665,0.40242189168930054,0.563647985458374,-0.08592595160007477,0.4022809863090515,0.6487342119216919,-0.09732776135206223,0.33075082302093506,0.6034716963768005,-0.03451268747448921,0.3353675901889801,0.42123380303382874,-0.07016700506210327,0.3365844786167145,0.548355221748352,-0.060963258147239685,0.33752790093421936,0.6583824157714844,-0.04972049593925476,0.255615234375,0.6493058800697327,-0.054328612983226776,0.2733164429664612,0.5123335719108582,-0.07942646741867065,0.28388306498527527,0.5789884328842163,-0.06500919163227081,0.28853434324264526,0.6652511358261108,-0.05088087543845177
0.28882676362991333,0.9981980919837952,-8.342539814520933e-08,0.41919809579849243,0.9488612413406372,-0.013548285700380802,0.4964653253555298,0.8739656209945679,-0.0258494820445776,0.5326502323150635,0.752385675907135,-0.046194739639759064,0.4484960436820984,0.6786805391311646,-0.06850110739469528,0.4928305447101593,0.5859737992286682,0.005814499221742153,0.5530094504356384,0.4045230746269226,-0.0296996608376503,0.5922186374664307,0.30356812477111816,-0.06974653899669647,0.6113147139549255,0.20912447571754456,-0.10353046655654907,0.4104180335998535,0.574172854423523,-0.012760314159095287,0.4212537109851837,0.4232477843761444,-0.06454264372587204,0.4152718186378479,0.5720149278640747,-0.08912572264671326,0.4196878969669342,0.6611283421516418,-0.09845566004514694,0.3354600667953491,0.5882217884063721,-0.03461546450853348,0.3370215594768524,0.41558825969696045,-0.0763055682182312,0.343899667263031,0.5547997355461121,-0.061674848198890686,0.35031378269195557,0.6705240607261658,-0.044331230223178864,0.259753942489624,0.6429027318954468,-0.0594637431204319,0.27685171365737915,0.5084795355796814,-0.0859648585319519,0.29010236263275146,0.5873327255249023,-0.0663960799574852,0.2993241250514984,0.6808304786682129,-0.04731753095984459
0.3038090765476227,0.9990763664245605,-3.802952619480493e-07,0.4200539290904999,0.9318727254867554,-0.023254312574863434,0.4812672436237335,0.8405136466026306,-0.03183110058307648,0.4764294922351837,0.716707706451416,-0.042692627757787704,0.39026254415512085,0.6562139391899109,-0.053787488490343094,0.4869312047958374,0.5859449505805969,-0.012484385631978512,0.5399646162986755,0.39066457748413086,-0.04901556670665741,0.5712030529975891,0.2864018976688385,-0.08590256422758102,0.5872782468795776,0.18422356247901917,-0.11550278961658478,0.40459614992141724,0.5764861106872559,-0.024810776114463806,0.4133293330669403,0.4432862401008606,-0.07313185930252075,0.39817818999290466,0.5964205265045166,-0.09096445888280869,0.3923119902610779,0.6915688514709473,-0.09484204649925232,0.33075636625289917,0.5894809365272522,-0.0411953367292881,0.3316945731639862,0.43792808055877686,-0.07969877868890762,0.3326186537742615,0.5920215249061584,-0.0625561773777008,0.33348971605300903,0.7013574838638306,-0.042607277631759644,0.25851452350616455,0.6458196043968201,-0.06143883243203163,0.26804015040397644,0.5191628336906433,-0.08367735892534256,0.28138265013694763,0.6020797491073608,-0.06011853739619255,0.2869238257408142,0.6872274875640869,-0.03716091811656952
0.29566311836242676,0.9993537664413452,-3.621635755735042e-07,0.4147775173187256,0.934194803237915,-0.025694312527775764,0.48311731219291687,0.8453537225723267,-0.03665633872151375,0.4735984206199646,0.7198845744132996,-0.04966036230325699,0.3835974633693695,0.6590619683265686,-0.06290917843580246,0.48608794808387756,0.5896000266075134,-0.015758071094751358,0.5384585857391357,0.3919713795185089,-0.05510023236274719,0.5696409940719604,0.286921888589859,-0.09424885362386703,0.5860856175422668,0.1855762004852295,-0.12528789043426514,0.40232548117637634,0.5786264538764954,-0.02777157723903656,0.4112500846385956,0.4457559585571289,-0.07950359582901001,0.39498940110206604,0.5997481942176819,-0.0997106283903122,0.38854166865348816,0.6957169771194458,-0.10486221313476562,0.32741856575012207,0.5910047888755798,-0.043981604278087616,0.3279327154159546,0.43862026929855347,-0.08491034805774689,0.33011046051979065,0.5917887687683105,-0.06901062279939651,0.33221080899238586,0.7036219239234924,-0.04964713007211685,0.25408434867858887,0.6472596526145935,-0.06418238580226898,0.2628861367702484,0.5244560241699219,-0.08737356215715408,0.2781818211078644,0.6058324575424194,-0.06450732797384262,0.2861614227294922,0.6905441880226135,-0.04208054021000862
0.3033384680747986,1.006545066833496,-3.6299081784818554e-07,0.4219411015510559,0.933535099029541,-0.023690737783908844,0.4824942350387573,0.8398181200027466,-0.03184531629085541,0.47310560941696167,0.7190535068511963,-0.04195474460721016,0.3875783681869507,0.6552825570106506,-0.05264105647802353,0.48771482706069946,0.5883287191390991,-0.01120261661708355,0.5404189825057983,0.39218759536743164,-0.046680059283971786,0.571596622467041,0.28690508008003235,-0.08334886282682419,0.5878597497940063,0.18474093079566956,-0.11294873803853989,0.4049859941005707,0.5744313597679138,-0.023163478821516037,0.4209551513195038,0.4402086138725281,-0.06745760887861252,0.40008455514907837,0.590844988822937,-0.08470012992620468,0.38964635133743286,0.6832197308540344,-0.0895252376794815,0.32942259311676025,0.5862743854522705,-0.03942454233765602,0.33450624346733093,0.43727001547813416,-0.07482057809829712,0.3334507644176483,0.5864335298538208,-0.05952129140496254,0.3309563994407654,0.692024290561676,-0.042311493307352066,0.25392434000968933,0.6447896361351013,-0.059409428387880325,0.2635754942893982,0.5186251401901245,-0.07892708480358124,0.2783060371875763,0.5989626049995422,-0.055332932621240616,0.28388282656669617,0.6833350658416748,-0.0336616188287735
0.3076764643192291,1.0106037855148315,-3.067345915042097e-07,0.42243272066116333,0.9365535974502563,-0.021435851231217384,0.4805643856525421,0.8388713598251343,-0.030534060671925545,0.47154808044433594,0.7206600904464722,-0.04340706765651703,0.38817840814590454,0.6527788639068604,-0.057319607585668564,0.4885420799255371,0.5830374956130981,-0.006754864938557148,0.5386865735054016,0.390777587890625,-0.041381288319826126,0.568342387676239,0.2844672203063965,-0.07676560431718826,0.583712637424469,0.18223875761032104,-0.10518975555896759,0.40414726734161377,0.571129560470581,-0.020095713436603546,0.4181945323944092,0.44117629528045654,-0.06520947813987732,0.39970919489860535,0.5918915271759033,-0.08218727260828018,0.39209696650505066,0.6836919784545898,-0.08580940961837769,0.32770946621894836,0.5850070714950562,-0.037629906088113785,0.33282211422920227,0.43555039167404175,-0.07424242794513702,0.33326852321624756,0.5850309729576111,-0.05759724974632263,0.3311861455440521,0.6930151581764221,-0.0384051539003849,0.2511238157749176,0.6420899033546448,-0.05870232358574867,0.2629616856575012,0.5115053057670593,-0.08038672059774399,0.2769041955471039,0.5941915512084961,-0.05641341209411621,0.28198671340942383,0.6816757917404175,-0.033176373690366745
0.2965574562549591,1.0065417289733887,-3.257122216382413e-07,0.41304779052734375,0.9406739473342896,-0.02397165447473526,0.47405892610549927,0.8453174233436584,-0.035397764295339584,0.4692250192165375,0.7184916734695435,-0.05024495720863342,0.38568103313446045,0.6457035541534424,-0.0665360763669014,0.4788731336593628,0.5914537906646729,-0.013968318700790405,0.528705894947052,0.3931647539138794,-0.05148479714989662,0.5598077774047852,0.28310394287109375,-0.08897953480482101,0.576084315776825,0.18054944276809692,-0.11903275549411774,0.3954885005950928,0.5763819813728333,-0.026062605902552605,0.4114314019680023,0.43397146463394165,-0.06955968588590622,0.3921944797039032,0.5812230706214905,-0.0856553390622139,0.38489025831222534,0.6682265400886536,-0.08992937207221985,0.32076090574264526,0.5874412655830383,-0.0421641543507576,0.32886531949043274,0.42770424485206604,-0.07724088430404663,0.32749176025390625,0.5740230679512024,-0.06028089299798012,0.3244917094707489,0.6828522682189941,-0.042120903730392456,0.24374490976333618,0.6422313451766968,-0.062048859894275665,0.2570350766181946,0.5090746879577637,-0.08399546891450882,0.2696060538291931,0.5893758535385132,-0.0618094764649868,0.27410173416137695,0.6777601838111877,-0.0407499335706234
0.30490607023239136,1.0020115375518799,-1.0452429677343389e-07,0.4165133237838745,0.9465867877006531,-0.034994736313819885,0.48742568492889404,0.842782199382782,-0.05419222265481949,0.4756219983100891,0.7153233885765076,-0.07763949036598206,0.3917790353298187,0.6386372447013855,-0.10335669666528702,0.48214372992515564,0.5895166397094727,-0.018204646185040474,0.530978262424469,0.3923448920249939,-0.052355844527482986,0.560537576675415,0.28143346309661865,-0.08314461261034012,0.5760281085968018,0.18069380521774292,-0.10807932913303375,0.3989003598690033,0.5711784362792969,-0.026605261489748955,0.40990710258483887,0.42793962359428406,-0.08078889548778534,0.392341673374176,0.5617424249649048,-0.10423148423433304,0.38483425974845886,0.6537032723426819,-0.10878235101699829,0.32368868589401245,0.5820679664611816,-0.038656409829854965,0.32666805386543274,0.42525845766067505,-0.08704611659049988,0.32486987113952637,0.5592896938323975,-0.0765107125043869,0.32107415795326233,0.6710171699523926,-0.05701952800154686,0.2474677860736847,0.6278857588768005,-0.05431872606277466,0.2580952048301697,0.49589207768440247,-0.08751730620861053,0.2692379355430603,0.5729125738143921,-0.07130549848079681,0.27469402551651,0.6619739532470703,-0.05028519406914711
0.3084351420402527,0.9965579509735107,-2.7995324103358143e-07,0.41627252101898193,0.932948648929596,-0.04106372222304344,0.48800674080848694,0.8339002132415771,-0.06804418563842773,0.48012810945510864,0.714118242263794,-0.09608994424343109,0.39197736978530884,0.6372712850570679,-0.1240047737956047,0.4702955186367035,0.5584979057312012,-0.03943323716521263,0.4922364354133606,0.3361603617668152,-0.09334179759025574,0.5051508545875549,0.20208579301834106,-0.14444035291671753,0.5051451921463013,0.08946305513381958,-0.18262702226638794,0.3917011022567749,0.563408613204956,-0.046446263790130615,0.4032970070838928,0.4281710684299469,-0.1074415072798729,0.38535359501838684,0.5841655731201172,-0.13135240972042084,0.38137462735176086,0.6810982823371887,-0.13935330510139465,0.31827113032341003,0.5815873146057129,-0.058977480977773666,0.32231605052948,0.42393171787261963,-0.1064419373869896,0.32233965396881104,0.5586673617362976,-0.09142447263002396,0.32250943779945374,0.6770910024642944,-0.07356911897659302,0.2462584227323532,0.6294899582862854,-0.07686178386211395,0.25137582421302795,0.5098970532417297,-0.10734228789806366,0.26754042506217957,0.5832339525222778,-0.08885563910007477,0.2782902121543884,0.669329047203064,-0.06965640187263489
0.3195608854293823,1.0085352659225464,-1.823902380237996e-07,0.42115458846092224,0.9492397308349609,-0.04385461285710335,0.48739486932754517,0.8477394580841064,-0.07173818349838257,0.47801148891448975,0.7243123054504395,-0.10260642319917679,0.3929799497127533,0.6503434777259827,-0.13495884835720062,0.45834654569625854,0.5806794166564941,-0.026120364665985107,0.45431792736053467,0.39010530710220337,-0.06108884885907173,0.44063663482666016,0.2781429886817932,-0.09171140193939209,0.42327699065208435,0.1829538643360138,-0.11648675799369812,0.38385748863220215,0.5770354866981506,-0.03153497353196144,0.3920184373855591,0.4256305396556854,-0.07950080931186676,0.38299545645713806,0.55463045835495,-0.10132481157779694,0.3849046528339386,0.6409011483192444,-0.10693292319774628,0.31577181816101074,0.5980451703071594,-0.0415135882794857,0.31509947776794434,0.4414036273956299,-0.08346860855817795,0.31708842515945435,0.5579354763031006,-0.07418199628591537,0.3196411728858948,0.665465772151947,-0.058770518749952316,0.2464669942855835,0.6483891010284424,-0.0566401332616806,0.2467058151960373,0.5119244456291199,-0.08716319501399994,0.2609521448612213,0.5793970823287964,-0.07512861490249634,0.2732880115509033,0.6681411266326904,-0.05960668995976448
0.3216366767883301,1.0057984590530396,-1.5550361354144115e-07,0.42065444588661194,0.947177529335022,-0.045145656913518906,0.48640716075897217,0.8455241918563843,-0.07367026805877686,0.4764701724052429,0.7301644682884216,-0.10526394098997116,0.3987746834754944,0.6526796817779541,-0.13790485262870789,0.46096959710121155,0.5769476890563965,-0.02466084435582161,0.4573398232460022,0.3874896764755249,-0.060528382658958435,0.44311079382896423,0.276979923248291,-0.09079001098871231,0.42609119415283203,0.18191185593605042,-0.11466799676418304,0.3864767551422119,0.5721911191940308,-0.030356736853718758,0.3945627510547638,0.4241901636123657,-0.08458177745342255,0.3843318223953247,0.5539470911026001,-0.10968280583620071,0.38517287373542786,0.6450911164283752,-0.11529558151960373,0.3169642388820648,0.5929696559906006,-0.040766745805740356,0.3182593584060669,0.4383860230445862,-0.0889553651213646,0.31898486614227295,0.5569892525672913,-0.08217603713274002,0.3207624554634094,0.6666016578674316,-0.06591370701789856,0.247458815574646,0.6424480676651001,-0.05611282214522362,0.24632596969604492,0.512187659740448,-0.09000056236982346,0.2609286904335022,0.5813888907432556,-0.07902836054563522,0.2740239202976227,0.669200599193573,-0.06274235993623734
0.32017257809638977,1.0052961111068726,-1.7734105028921476e-07,0.42017248272895813,0.943466067314148,-0.04035775735974312,0.48660075664520264,0.8443292379379272,-0.06667815148830414,0.4782930016517639,0.7212942838668823,-0.09650424867868423,0.3950822353363037,0.6477468013763428,-0.12764061987400055,0.4572587311267853,0.5796845555305481,-0.021638117730617523,0.45477017760276794,0.3878032863140106,-0.057072963565588,0.4432574212551117,0.27666258811950684,-0.08842238783836365,0.4263690412044525,0.1809384822845459,-0.11360280960798264,0.3840910792350769,0.576823890209198,-0.02837873063981533,0.39531058073043823,0.42496734857559204,-0.07781225442886353,0.389104962348938,0.556452751159668,-0.0999411940574646,0.39092928171157837,0.6432396173477173,-0.10535929352045059,0.31778162717819214,0.5975084900856018,-0.03961045295000076,0.3183414041996002,0.4379274845123291,-0.0824228823184967,0.32266661524772644,0.5578495860099792,-0.07201097905635834,0.3254806101322174,0.6657835245132446,-0.05545090138912201,0.2496265023946762,0.6476513147354126,-0.05572323873639107,0.2522156834602356,0.5115342140197754,-0.08659110218286514,0.26711392402648926,0.5811125040054321,-0.07370135933160782,0.2784305214881897,0.6694471836090088,-0.05739171802997589
