0.4022640585899353,0.6878030300140381,3.068729768074263e-07,0.4717121720314026,0.641636073589325,-0.02431013435125351,0.5291754603385925,0.5695915818214417,-0.03883503004908562,0.5582009553909302,0.5003966689109802,-0.055931709706783295,0.5435530543327332,0.44195839762687683,-0.07182308286428452,0.48253417015075684,0.4437163770198822,-0.01028568483889103,0.503546416759491,0.3488837778568268,-0.05126539245247841,0.5192680358886719,0.36300128698349,-0.08503478765487671,0.5273512601852417,0.4032541811466217,-0.10073766857385635,0.44084179401397705,0.42480024695396423,-0.017688775435090065,0.4566078186035156,0.3056402802467346,-0.03854544088244438,0.46743044257164,0.2279469221830368,-0.06157785654067993,0.4754689633846283,0.15911155939102173,-0.07845798134803772,0.3981193006038666,0.4311128556728363,-0.0324133075773716,0.39896664023399353,0.3156543970108032,-0.05276120826601982,0.4024007022380829,0.2373335212469101,-0.07333184033632278,0.40869268774986267,0.17190343141555786,-0.0873967856168747,0.3533039093017578,0.4595862627029419,-0.05032927542924881,0.3348756730556488,0.3724372982978821,-0.06717890501022339,0.3234868049621582,0.3112444281578064,-0.07589299231767654,0.3163642883300781,0.25551295280456543,-0.08167311549186707
0.4109935462474823,0.7076438665390015,3.251477949106629e-07,0.4811544418334961,0.6618085503578186,-0.02822544425725937,0.5396654009819031,0.5890957713127136,-0.045179933309555054,0.5701888799667358,0.5177735090255737,-0.06445629149675369,0.5569542646408081,0.45351651310920715,-0.08197055757045746,0.49522510170936584,0.4565478265285492,-0.012493099085986614,0.517942488193512,0.35696926712989807,-0.05531913414597511,0.5320547223091125,0.37483200430870056,-0.08928532898426056,0.5381260514259338,0.41937845945358276,-0.10444539785385132,0.45215100049972534,0.43685969710350037,-0.018456729128956795,0.4689846634864807,0.3160738945007324,-0.03996306285262108,0.4817279577255249,0.23861338198184967,-0.06211794540286064,0.49208641052246094,0.1666618287563324,-0.07822147756814957,0.40764474868774414,0.4422997534275055,-0.03257691487669945,0.41147729754447937,0.32370632886886597,-0.05399749428033829,0.4180056154727936,0.24445971846580505,-0.07384364306926727,0.4267430901527405,0.17766180634498596,-0.08724293857812881,0.360445499420166,0.46984174847602844,-0.05026709660887718,0.34301891922950745,0.38066673278808594,-0.06841006129980087,0.3333187401294708,0.3174757957458496,-0.07746027410030365,0.3279731571674347,0.2600475251674652,-0.08325210958719254
0.4111354351043701,0.7075076103210449,3.2901087365644344e-07,0.4817498028278351,0.6611181497573853,-0.027686791494488716,0.5401372909545898,0.5886603593826294,-0.04431915655732155,0.5700030326843262,0.5172247886657715,-0.06329493224620819,0.5570666193962097,0.4529516100883484,-0.0805879607796669,0.494546115398407,0.4570278525352478,-0.012078192085027695,0.5179576873779297,0.3577154278755188,-0.05443744733929634,0.5327247381210327,0.37442702054977417,-0.08814764022827148,0.539024293422699,0.4181143343448639,-0.10325309634208679,0.4518023431301117,0.437065988779068,-0.01827424019575119,0.4692712128162384,0.31605249643325806,-0.03961241990327835,0.48227426409721375,0.23824359476566315,-0.06184561923146248,0.4926590919494629,0.16682296991348267,-0.07805413007736206,0.40747836232185364,0.4422757625579834,-0.032527633011341095,0.41166406869888306,0.3235318064689636,-0.05391492694616318,0.41853803396224976,0.24408994615077972,-0.0740591362118721,0.42754167318344116,0.17748156189918518,-0.0877033919095993,0.3604384660720825,0.46962735056877136,-0.05025826022028923,0.3429515063762665,0.3805108368396759,-0.06840737909078598,0.3331604599952698,0.3175424039363861,-0.0775274857878685,0.32763323187828064,0.26045751571655273,-0.08342184871435165
0.41275468468666077,0.7165050506591797,3.6307420714365435e-07,0.4855310320854187,0.6713918447494507,-0.027221541851758957,0.5450120568275452,0.5950302481651306,-0.0436817929148674,0.5766544938087463,0.5210515260696411,-0.06269468367099762,0.5653010010719299,0.4552677273750305,-0.07986907660961151,0.5002506971359253,0.4558979570865631,-0.011150422506034374,0.5227609276771545,0.35249921679496765,-0.054748427122831345,0.5389827489852905,0.3689703941345215,-0.08952499181032181,0.5466576814651489,0.41397160291671753,-0.10508958995342255,0.45641574263572693,0.4354177713394165,-0.01843336783349514,0.4755171835422516,0.30949851870536804,-0.04126738756895065,0.4888001084327698,0.22633859515190125,-0.06487192958593369,0.4988657832145691,0.14971590042114258,-0.08170285075902939,0.41056588292121887,0.4409196078777313,-0.03388552367687225,0.4160011112689972,0.31599336862564087,-0.056524600833654404,0.42198923230171204,0.23297716677188873,-0.07733427733182907,0.43028345704078674,0.16333189606666565,-0.09105587005615234,0.3611812889575958,0.46910884976387024,-0.05276486277580261,0.34421539306640625,0.3743433356285095,-0.07150562852621078,0.33493271470069885,0.30772116780281067,-0.08063913881778717,0.33071935176849365,0.24734973907470703,-0.08633382618427277
0.41210663318634033,0.7190331220626831,3.4034562190754514e-07,0.48516809940338135,0.6734249591827393,-0.029228882864117622,0.5453213453292847,0.5965628027915955,-0.04648241773247719,0.5773599743843079,0.5217366814613342,-0.06613093614578247,0.5664297938346863,0.4548296630382538,-0.08386170119047165,0.4984670877456665,0.45734903216362,-0.012362918816506863,0.5234615206718445,0.3532717823982239,-0.05769148841500282,0.5411534905433655,0.3717268407344818,-0.09387161582708359,0.5492712259292603,0.41832277178764343,-0.11007712781429291,0.45530441403388977,0.43636319041252136,-0.018824106082320213,0.4746001064777374,0.31050944328308105,-0.04213736951351166,0.48876500129699707,0.22879841923713684,-0.06638894230127335,0.49951308965682983,0.15317681431770325,-0.08395222574472427,0.4100552201271057,0.44203999638557434,-0.033828768879175186,0.4157753586769104,0.31808555126190186,-0.056782692670822144,0.422826886177063,0.23425638675689697,-0.07817605882883072,0.4316556751728058,0.16350087523460388,-0.09253326058387756,0.36112990975379944,0.4701022803783417,-0.05253983289003372,0.34459030628204346,0.37536606192588806,-0.07153399288654327,0.3350902497768402,0.3080505430698395,-0.08118146657943726,0.3298741281032562,0.24680402874946594,-0.08743365108966827
0.4024154841899872,0.7216043472290039,3.9737795987093705e-07,0.47791579365730286,0.6720068454742432,-0.02806420437991619,0.5396493077278137,0.5961090922355652,-0.04496941715478897,0.5660955905914307,0.5191252827644348,-0.06427115947008133,0.5546424984931946,0.44801104068756104,-0.08207352459430695,0.49283209443092346,0.45459556579589844,-0.010264305397868156,0.510962724685669,0.3523942828178406,-0.05433192849159241,0.5255123972892761,0.35859915614128113,-0.09036503732204437,0.5335909724235535,0.3958681523799896,-0.10684754699468613,0.44631463289260864,0.43129250407218933,-0.01728603057563305,0.46333247423171997,0.30122700333595276,-0.040285076946020126,0.47478964924812317,0.21922263503074646,-0.06372752040624619,0.48443999886512756,0.14725428819656372,-0.07995427399873734,0.39857935905456543,0.4352092742919922,-0.032622307538986206,0.3975227177143097,0.30980974435806274,-0.05515281483530998,0.4007466733455658,0.22383973002433777,-0.07514670491218567,0.40815550088882446,0.15222251415252686,-0.08799657225608826,0.3465742766857147,0.4647137522697449,-0.05155419558286667,0.3278413414955139,0.366327702999115,-0.06887102127075195,0.31846752762794495,0.2986760139465332,-0.07616068422794342,0.3143024444580078,0.23709790408611298,-0.08043260127305984
0.3986576199531555,0.7249507308006287,3.416007530177012e-07,0.4748152196407318,0.6736351251602173,-0.027512552216649055,0.5384024381637573,0.5932774543762207,-0.0438440702855587,0.5680673718452454,0.5137377381324768,-0.06295008212327957,0.5510194301605225,0.4454261064529419,-0.08069451153278351,0.49436134099960327,0.4535399377346039,-0.009224846959114075,0.514888346195221,0.35251495242118835,-0.05184772610664368,0.5273314714431763,0.36112233996391296,-0.0862642303109169,0.5332584381103516,0.39883556962013245,-0.10219080001115799,0.44699525833129883,0.43005940318107605,-0.01726195216178894,0.4626683294773102,0.3011966943740845,-0.039143145084381104,0.4746728241443634,0.21953719854354858,-0.061454374343156815,0.48567861318588257,0.14527887105941772,-0.07736176252365112,0.39873477816581726,0.4349845349788666,-0.033727020025253296,0.39511486887931824,0.3090974688529968,-0.056133996695280075,0.3983699381351471,0.22238530218601227,-0.07635551691055298,0.40680980682373047,0.14875873923301697,-0.08984382450580597,0.34703874588012695,0.4652376174926758,-0.05393455922603607,0.3273477256298065,0.36685848236083984,-0.07248412072658539,0.3176717162132263,0.29732346534729004,-0.08130789548158646,0.314158171415329,0.23345321416854858,-0.08704279363155365
0.39846286177635193,0.7257236242294312,3.397540524474607e-07,0.4755347967147827,0.6726899147033691,-0.026425227522850037,0.5400397181510925,0.5924350023269653,-0.04232577234506607,0.5704293847084045,0.5131760239601135,-0.06134955212473869,0.5529798269271851,0.44529446959495544,-0.07899609208106995,0.49311500787734985,0.45421457290649414,-0.0077664912678301334,0.5138755440711975,0.35206136107444763,-0.051112692803144455,0.5274415016174316,0.36297154426574707,-0.08625486493110657,0.534031093120575,0.40272653102874756,-0.10242050141096115,0.4460664391517639,0.43137311935424805,-0.016362063586711884,0.4629595875740051,0.3016464114189148,-0.03869156166911125,0.47593173384666443,0.2189411222934723,-0.06156628206372261,0.48754093050956726,0.144140362739563,-0.07782062143087387,0.39812538027763367,0.43625277280807495,-0.03340170532464981,0.395677775144577,0.30907750129699707,-0.05594385787844658,0.399699866771698,0.22160929441452026,-0.0763569101691246,0.4086908996105194,0.1477227509021759,-0.08993399143218994,0.3466087579727173,0.46607840061187744,-0.05411538854241371,0.327518492937088,0.36734920740127563,-0.07229424268007278,0.31809210777282715,0.2978246212005615,-0.08079668134450912,0.31473153829574585,0.23401281237602234,-0.08634529262781143
0.38951119780540466,0.7243537902832031,4.0651912058820017e-07,0.46549561619758606,0.6730033755302429,-0.027207672595977783,0.5280168056488037,0.5925904512405396,-0.044355038553476334,0.5541696548461914,0.5135554075241089,-0.06427610665559769,0.5410838723182678,0.44072845578193665,-0.08244074136018753,0.4800282418727875,0.44459930062294006,-0.011915056966245174,0.4969126582145691,0.3350317180156708,-0.0589791014790535,0.5108921527862549,0.34632956981658936,-0.09654074162244797,0.5187369585037231,0.388385146856308,-0.1136787086725235,0.43113812804222107,0.4199845492839813,-0.02075525000691414,0.44668591022491455,0.28180885314941406,-0.04684307426214218,0.45705053210258484,0.19444629549980164,-0.07167383283376694,0.46600961685180664,0.11711490154266357,-0.08829882740974426,0.38153523206710815,0.42430925369262695,-0.03801167383790016,0.3758094310760498,0.28829631209373474,-0.06365218013525009,0.37723618745803833,0.1952979862689972,-0.08532124012708664,0.38436609506607056,0.11629295349121094,-0.09882384538650513,0.3286595940589905,0.4548778831958771,-0.058693595230579376,0.30863916873931885,0.3491218388080597,-0.07797563076019287,0.2990574836730957,0.27810829877853394,-0.08631203323602676,0.2964336574077606,0.21232819557189941,-0.09120520949363708
0.3830382227897644,0.7275538444519043,3.2287934459418466e-07,0.46177664399147034,0.6724896430969238,-0.026507142931222916,0.5272560715675354,0.5880064964294434,-0.04280650615692139,0.5573257207870483,0.5059182643890381,-0.06263083964586258,0.5420754551887512,0.4364243745803833,-0.08064910769462585,0.4789808392524719,0.4394219219684601,-0.005605929996818304,0.5000438094139099,0.3337048292160034,-0.05037974566221237,0.5146769881248474,0.35030582547187805,-0.08622441440820694,0.5216514468193054,0.3956773579120636,-0.1023082286119461,0.42972612380981445,0.4161938428878784,-0.014814711175858974,0.4453916549682617,0.2831572890281677,-0.037604790180921555,0.45725253224372864,0.19931906461715698,-0.06046946346759796,0.4671475291252136,0.1220623254776001,-0.07649731636047363,0.37964868545532227,0.42107871174812317,-0.03297583386301994,0.37596699595451355,0.2888331413269043,-0.05653480067849159,0.3782024681568146,0.19742456078529358,-0.07703257352113724,0.38514000177383423,0.11997249722480774,-0.09034125506877899,0.3260639011859894,0.4513964354991913,-0.05484312027692795,0.3049713671207428,0.3473323881626129,-0.07369475066661835,0.29522424936294556,0.2746533155441284,-0.08206138014793396,0.2923779785633087,0.20784330368041992,-0.08725839108228683
0.3832402527332306,0.7289594411849976,3.2251477932732087e-07,0.46315711736679077,0.67303866147995,-0.02552439458668232,0.5297867655754089,0.5866749286651611,-0.04068302363157272,0.557953953742981,0.5026930570602417,-0.05931294709444046,0.538421094417572,0.432471364736557,-0.07626450061798096,0.47832250595092773,0.44102099537849426,-0.0055838837288320065,0.49929583072662354,0.3330473005771637,-0.04931550472974777,0.5139349699020386,0.34872281551361084,-0.08425460010766983,0.5210405588150024,0.3933038115501404,-0.09990688413381577,0.4291881024837494,0.4183889329433441,-0.01491036731749773,0.4458465278148651,0.2843050956726074,-0.03723297640681267,0.4585130214691162,0.19994279742240906,-0.05991780012845993,0.46889668703079224,0.12315326929092407,-0.0759974792599678,0.3790969252586365,0.42313170433044434,-0.03295568376779556,0.3759983777999878,0.2889803946018219,-0.05621274188160896,0.3791494369506836,0.19648197293281555,-0.07700026780366898,0.3868033289909363,0.11860102415084839,-0.090720035135746,0.32518690824508667,0.45276251435279846,-0.0545387901365757,0.3048286437988281,0.34730207920074463,-0.07334641367197037,0.2949889302253723,0.2744675874710083,-0.08204025775194168,0.2916529178619385,0.20769602060317993,-0.08766087889671326
0.3813358247280121,0.7369210720062256,4.0983914573189395e-07,0.4582136571407318,0.6786073446273804,-0.030014855787158012,0.5207197070121765,0.593244731426239,-0.04972885549068451,0.5507642030715942,0.5099761486053467,-0.07240289449691772,0.5382113456726074,0.4327455759048462,-0.09326130151748657,0.4682546854019165,0.43636152148246765,-0.011738896369934082,0.48919713497161865,0.3205738067626953,-0.062276147305965424,0.5065838694572449,0.337967187166214,-0.10394269973039627,0.516124963760376,0.3858422636985779,-0.1236017569899559,0.41888362169265747,0.41379475593566895,-0.02090664580464363,0.4340328872203827,0.2728148400783539,-0.04873188957571983,0.44405093789100647,0.18028324842453003,-0.07833868265151978,0.4519811272621155,0.09664863348007202,-0.09945983439683914,0.36889562010765076,0.42190486192703247,-0.03901582583785057,0.3660987615585327,0.28175902366638184,-0.06524606794118881,0.3695794343948364,0.18342247605323792,-0.08997011184692383,0.3780202269554138,0.09965977072715759,-0.10676927119493484,0.31490492820739746,0.4561249017715454,-0.060900334268808365,0.2947855591773987,0.35015612840652466,-0.08113998919725418,0.2867881953716278,0.2736806571483612,-0.09109760075807571,0.28673505783081055,0.20299673080444336,-0.09773574024438858
0.3761719763278961,0.7495527267456055,4.057886258124199e-07,0.45415017008781433,0.6879668831825256,-0.035709429532289505,0.5169156193733215,0.6003936529159546,-0.05787406116724014,0.5476650595664978,0.5141659379005432,-0.08230718970298767,0.5377575755119324,0.43227308988571167,-0.10402940213680267,0.4659825563430786,0.438496470451355,-0.014491238631308079,0.48829829692840576,0.31638628244400024,-0.06815998256206512,0.5041613578796387,0.340537428855896,-0.11216259002685547,0.5125309228897095,0.39266371726989746,-0.13260188698768616,0.4152112901210785,0.41605985164642334,-0.02134220115840435,0.42885294556617737,0.27145564556121826,-0.05087227746844292,0.43890827894210815,0.1754891276359558,-0.08274459093809128,0.44637495279312134,0.08583852648735046,-0.10558614134788513,0.36332836747169495,0.4246574342250824,-0.03794657811522484,0.36161354184150696,0.2827937602996826,-0.06502285599708557,0.36483895778656006,0.18229562044143677,-0.09049209952354431,0.37204521894454956,0.0960669219493866,-0.10753069818019867,0.30709558725357056,0.4587956964969635,-0.058942850679159164,0.2878990173339844,0.3474779725074768,-0.07835625112056732,0.2808103561401367,0.2679597735404968,-0.08743502199649811,0.28109636902809143,0.1964399516582489,-0.09337447583675385
0.3755018413066864,0.7524152398109436,3.759739684028318e-07,0.4550009071826935,0.6887776851654053,-0.03568938374519348,0.5191277265548706,0.5985121130943298,-0.05754286050796509,0.5492086410522461,0.5111904740333557,-0.0818839967250824,0.5361416339874268,0.4307490289211273,-0.10334602743387222,0.46791061758995056,0.4386395215988159,-0.01280057244002819,0.48979419469833374,0.317489892244339,-0.06737537682056427,0.5060473084449768,0.34259769320487976,-0.112379290163517,0.5147069692611694,0.39487895369529724,-0.13350996375083923,0.41591790318489075,0.4156801104545593,-0.019931428134441376,0.4275698661804199,0.2711620330810547,-0.049986887723207474,0.43741676211357117,0.17652815580368042,-0.08229777961969376,0.4455825984477997,0.08731034398078918,-0.10562191903591156,0.36325550079345703,0.4241730272769928,-0.0371301993727684,0.3592800796031952,0.28537148237228394,-0.06485564261674881,0.3626915216445923,0.18613851070404053,-0.09062343090772629,0.37089991569519043,0.09918007254600525,-0.10801904648542404,0.3068736493587494,0.458021342754364,-0.05888347700238228,0.2874279022216797,0.3481888473033905,-0.07859339565038681,0.2793729901313782,0.2697625160217285,-0.08819745481014252,0.27862733602523804,0.19758674502372742,-0.0948142558336258
0.37145382165908813,0.7605494260787964,4.304138201405294e-07,0.4510178864002228,0.697545051574707,-0.03948110714554787,0.5145184993743896,0.6100856065750122,-0.06335527449846268,0.5437901616096497,0.5223088264465332,-0.08924403786659241,0.5307631492614746,0.4380338490009308,-0.11167553812265396,0.45767825841903687,0.44258591532707214,-0.014320899732410908,0.47993433475494385,0.31901443004608154,-0.07045762240886688,0.49615278840065,0.34587907791137695,-0.11651436984539032,0.5041594505310059,0.39853405952453613,-0.13771255314350128,0.4062458574771881,0.41926515102386475,-0.020006213337183,0.4209556579589844,0.27183836698532104,-0.051324330270290375,0.4310193359851837,0.17440059781074524,-0.08441577851772308,0.4385741949081421,0.08410534262657166,-0.10749366879463196,0.35371023416519165,0.42568203806877136,-0.03629104420542717,0.35014307498931885,0.2818363308906555,-0.06497243791818619,0.351871132850647,0.17830497026443481,-0.09158055484294891,0.35824915766716003,0.08919796347618103,-0.10874546319246292,0.29695379734039307,0.4579535126686096,-0.05740136280655861,0.27910661697387695,0.3442520499229431,-0.0766245499253273,0.27070480585098267,0.26563817262649536,-0.08531797677278519,0.26852282881736755,0.19597220420837402,-0.09068398922681808
0.37082406878471375,0.7600643634796143,4.1980720766332524e-07,0.4504857063293457,0.6978403925895691,-0.04112347587943077,0.5152391195297241,0.6096684336662292,-0.06627140194177628,0.5450825691223145,0.5216537117958069,-0.09336156398057938,0.5298352241516113,0.4365249574184418,-0.11724948137998581,0.4605390429496765,0.44279253482818604,-0.01730790175497532,0.48225289583206177,0.3199681043624878,-0.07524677366018295,0.49741220474243164,0.34802693128585815,-0.12238062173128128,0.5048370957374573,0.4025099277496338,-0.1440340280532837,0.40735942125320435,0.41908061504364014,-0.022568706423044205,0.4200829863548279,0.27129149436950684,-0.05455264449119568,0.43100976943969727,0.17592301964759827,-0.08800102770328522,0.4402732849121094,0.08560186624526978,-0.11166054010391235,0.3536147475242615,0.42554378509521484,-0.03867686912417412,0.3485451936721802,0.28397661447525024,-0.06797587126493454,0.3504219353199005,0.18197831511497498,-0.09525417536497116,0.3572748899459839,0.09362426400184631,-0.1131589338183403,0.29723092913627625,0.4579278528690338,-0.05980251729488373,0.2794874906539917,0.3440145254135132,-0.07910898327827454,0.2716771960258484,0.2658984065055847,-0.08845508098602295,0.2700258791446686,0.19646793603897095,-0.09476414322853088
0.3698161542415619,0.7614864110946655,4.2625231344572967e-07,0.45068812370300293,0.6987078189849854,-0.04110480472445488,0.5159904360771179,0.6103609800338745,-0.06588874012231827,0.5459781885147095,0.5221396088600159,-0.09260880947113037,0.5305625200271606,0.4374869763851166,-0.11597319692373276,0.4584522247314453,0.44296354055404663,-0.01639682985842228,0.48117032647132874,0.31986314058303833,-0.07417870312929153,0.49716776609420776,0.34955787658691406,-0.12136656045913696,0.5052289366722107,0.4041857421398163,-0.1430843025445938,0.4056568443775177,0.4195133447647095,-0.02161838486790657,0.4194228947162628,0.2717713415622711,-0.0533449612557888,0.4304083287715912,0.17562219500541687,-0.08678221702575684,0.4394959509372711,0.08430200815200806,-0.11036819964647293,0.352370023727417,0.42639803886413574,-0.037724606692790985,0.3476049304008484,0.2849048376083374,-0.0667208880186081,0.34981822967529297,0.18273302912712097,-0.09367090463638306,0.35709792375564575,0.09381139278411865,-0.11126706004142761,0.29629939794540405,0.4592779576778412,-0.05888672545552254,0.27910542488098145,0.34611278772354126,-0.07796238362789154,0.27166062593460083,0.26825952529907227,-0.08688555657863617,0.2704470157623291,0.1989501714706421,-0.09274967014789581
0.3651984930038452,0.7645003199577332,3.971587148043909e-07,0.445282518863678,0.7042129039764404,-0.04158482700586319,0.5105131268501282,0.6161046028137207,-0.06707486510276794,0.5409358739852905,0.5291998386383057,-0.0942523255944252,0.5269566774368286,0.44614100456237793,-0.11834251135587692,0.452237993478775,0.4435213506221771,-0.020476482808589935,0.4744356870651245,0.3160824775695801,-0.08008794486522675,0.4909161329269409,0.3484141230583191,-0.12903562188148499,0.49897539615631104,0.4068185091018677,-0.15186941623687744,0.39870432019233704,0.4211484491825104,-0.02551415003836155,0.41168588399887085,0.26936623454093933,-0.05745707452297211,0.4203703999519348,0.17118316888809204,-0.09204366058111191,0.4274146258831024,0.07876434922218323,-0.11682403087615967,0.3452872633934021,0.43139034509658813,-0.04110817238688469,0.3433462381362915,0.28382840752601624,-0.06993474811315536,0.3450999855995178,0.17957434058189392,-0.09852747619152069,0.3516724705696106,0.08803349733352661,-0.1177733913064003,0.28955891728401184,0.46948397159576416,-0.06158161163330078,0.27088165283203125,0.3564113676548004,-0.0825396403670311,0.2591838240623474,0.2774508595466614,-0.09321176260709763,0.2531331181526184,0.20561984181404114,-0.10009980946779251
0.3630322217941284,0.7669722437858582,3.889749109475815e-07,0.4425761103630066,0.7072920799255371,-0.04221668839454651,0.508818507194519,0.6185603141784668,-0.06822571903467178,0.5426995754241943,0.5310818552970886,-0.0960095077753067,0.5289217233657837,0.4481724798679352,-0.1205349713563919,0.4541302025318146,0.4448609948158264,-0.01982256770133972,0.4772234559059143,0.3177613615989685,-0.07834096997976303,0.4914582371711731,0.34838005900382996,-0.12625326216220856,0.4975860118865967,0.4066835641860962,-0.1483958661556244,0.40004515647888184,0.4213803708553314,-0.024520402774214745,0.4123811721801758,0.2701852321624756,-0.055896591395139694,0.42069584131240845,0.17170947790145874,-0.08986851572990417,0.4271772503852844,0.07792690396308899,-0.11428996920585632,0.3462205231189728,0.4300861656665802,-0.03988967463374138,0.3442709445953369,0.28361958265304565,-0.06808491796255112,0.34661853313446045,0.18024396896362305,-0.09612444043159485,0.35336875915527344,0.08935356140136719,-0.11519616097211838,0.28984957933425903,0.46579405665397644,-0.06028228625655174,0.27019041776657104,0.3533773422241211,-0.08041799813508987,0.2597803473472595,0.2735772728919983,-0.09099239856004715,0.2556852400302887,0.20084542036056519,-0.09810784459114075
0.3638164699077606,0.7669845223426819,3.875659615459881e-07,0.4429612159729004,0.7055523991584778,-0.04177018254995346,0.5092107057571411,0.616959810256958,-0.06765159964561462,0.5414954423904419,0.5305978059768677,-0.09545561671257019,0.5283094644546509,0.44781115651130676,-0.1199185773730278,0.4539494812488556,0.44456538558006287,-0.01976636052131653,0.47733819484710693,0.31693124771118164,-0.07944861054420471,0.4926344156265259,0.3492376208305359,-0.12827683985233307,0.4993727207183838,0.40765875577926636,-0.1507653445005417,0.4000224173069,0.42218419909477234,-0.024929024279117584,0.4128716289997101,0.27105721831321716,-0.05699359253048897,0.4211661219596863,0.1724867820739746,-0.09132800996303558,0.42758360505104065,0.07812601327896118,-0.11589513719081879,0.3462684452533722,0.43125104904174805,-0.04082832112908363,0.3441668748855591,0.2851008176803589,-0.06914312392473221,0.34678319096565247,0.1823585033416748,-0.09682894498109818,0.354134738445282,0.09198391437530518,-0.11552015691995621,0.2896420955657959,0.4669441282749176,-0.06182345747947693,0.26998353004455566,0.3538622260093689,-0.08145901560783386,0.2594767212867737,0.27441471815109253,-0.0914338231086731,0.25515511631965637,0.20208588242530823,-0.09809163957834244
0.3606959283351898,0.7671679258346558,4.117812579806923e-07,0.44169536232948303,0.7043218612670898,-0.04081588611006737,0.5069718956947327,0.6150984764099121,-0.06608942151069641,0.5360574126243591,0.5255247354507446,-0.09314999729394913,0.5199646949768066,0.44115695357322693,-0.1171293705701828,0.4473823010921478,0.44506216049194336,-0.020798124372959137,0.46894389390945435,0.31569337844848633,-0.0809180736541748,0.4863756597042084,0.34730157256126404,-0.12984386086463928,0.49585244059562683,0.4049486517906189,-0.1525845229625702,0.39313167333602905,0.42266422510147095,-0.026581523939967155,0.40442222356796265,0.26564568281173706,-0.05912523344159126,0.4120120406150818,0.1614680290222168,-0.09389873594045639,0.4182177782058716,0.0635744035243988,-0.11871415376663208,0.3395778238773346,0.432414710521698,-0.04279651492834091,0.33678072690963745,0.28159359097480774,-0.07253173738718033,0.33772099018096924,0.17588701844215393,-0.10128901153802872,0.3436046242713928,0.08258605003356934,-0.12045981734991074,0.28481531143188477,0.4696136713027954,-0.0637509897351265,0.2630264163017273,0.3588714003562927,-0.08554349839687347,0.24993889033794403,0.2813873291015625,-0.09628716111183167,0.2427643984556198,0.20989102125167847,-0.10306942462921143
0.3574135899543762,0.7698032855987549,3.860164383695519e-07,0.4377336800098419,0.707815408706665,-0.043386124074459076,0.5035408139228821,0.6152085065841675,-0.06971367448568344,0.5326949954032898,0.5250161290168762,-0.09748123586177826,0.5155121088027954,0.4401680827140808,-0.12171363085508347,0.44486573338508606,0.44456109404563904,-0.02484983764588833,0.4657711684703827,0.3126872479915619,-0.08668290823698044,0.48243650794029236,0.34701597690582275,-0.1361164152622223,0.49048975110054016,0.40529653429985046,-0.15896502137184143,0.3901769518852234,0.4221373498439789,-0.029881110414862633,0.4002474844455719,0.26452603936195374,-0.06466292589902878,0.4072626829147339,0.15909993648529053,-0.10089601576328278,0.412153959274292,0.058462321758270264,-0.1268257051706314,0.33626019954681396,0.4319867789745331,-0.045544445514678955,0.330547571182251,0.2829365134239197,-0.07706781476736069,0.33231425285339355,0.17709720134735107,-0.10756593942642212,0.338590145111084,0.08334136009216309,-0.12788605690002441,0.2813918888568878,0.46853742003440857,-0.06611635535955429,0.2578445076942444,0.3557319641113281,-0.0886899083852768,0.24347497522830963,0.27605152130126953,-0.1010865569114685,0.23529422283172607,0.20199525356292725,-0.10937375575304031
0.35512080788612366,0.77103590965271,3.714198726356699e-07,0.43614405393600464,0.7093446254730225,-0.042356938123703,0.5023529529571533,0.6168851852416992,-0.06829778105020523,0.5336582660675049,0.5289085507392883,-0.095868319272995,0.5182979106903076,0.44547906517982483,-0.12004344165325165,0.44568106532096863,0.44492679834365845,-0.02514880709350109,0.46818238496780396,0.31271427869796753,-0.0864158496260643,0.48367029428482056,0.346027135848999,-0.13531742990016937,0.4909711480140686,0.4039096236228943,-0.1579655408859253,0.39026394486427307,0.4221392273902893,-0.030890772119164467,0.40018805861473083,0.265320748090744,-0.06592970341444016,0.40708860754966736,0.16024652123451233,-0.1026223748922348,0.41204074025154114,0.06065946817398071,-0.12916310131549835,0.33540821075439453,0.43248093128204346,-0.04703323915600777,0.3302285075187683,0.2828483581542969,-0.07867519557476044,0.3318118751049042,0.17658770084381104,-0.10966560244560242,0.338194340467453,0.08201920986175537,-0.13063643872737885,0.27964991331100464,0.46923354268074036,-0.06794137507677078,0.2570042610168457,0.35439789295196533,-0.09076350182294846,0.24407602846622467,0.2723865509033203,-0.10373557358980179,0.23792481422424316,0.19582265615463257,-0.11271745711565018
0.35658103227615356,0.7703192234039307,3.9099029436329147e-07,0.43575623631477356,0.7069846987724304,-0.04217588156461716,0.5013728737831116,0.6114795804023743,-0.0680139884352684,0.530747652053833,0.5212526321411133,-0.09561488777399063,0.5137549042701721,0.4381164312362671,-0.11978134512901306,0.4430205523967743,0.4404280483722687,-0.023450076580047607,0.4640628397464752,0.3045549988746643,-0.08519395440816879,0.4805428981781006,0.3386602997779846,-0.1351536214351654,0.4889984726905823,0.39719051122665405,-0.15851593017578125,0.38789865374565125,0.42018064856529236,-0.029268374666571617,0.3985847234725952,0.26277363300323486,-0.06455938518047333,0.40474891662597656,0.15596750378608704,-0.10201448947191238,0.4088151454925537,0.05368199944496155,-0.12908583879470825,0.33377397060394287,0.4316578209400177,-0.045659638941287994,0.3294776380062103,0.2793402373790741,-0.07722920179367065,0.3303857743740082,0.17228204011917114,-0.1085657924413681,0.33575692772865295,0.07774028182029724,-0.12977993488311768,0.27922964096069336,0.4688657820224762,-0.06688690930604935,0.25618159770965576,0.35419991612434387,-0.08949675410985947,0.24198612570762634,0.27305522561073303,-0.10253961384296417,0.23409661650657654,0.19756200909614563,-0.1115787923336029
0.3547643721103668,0.76943039894104,3.6742571296599635e-07,0.43419837951660156,0.7088353037834167,-0.042373932898044586,0.49988245964050293,0.6157096028327942,-0.06845118850469589,0.5305105447769165,0.5275425314903259,-0.0962151288986206,0.5164145231246948,0.4427884817123413,-0.12056536972522736,0.4441651701927185,0.4419918358325958,-0.02567332796752453,0.46538087725639343,0.3071376085281372,-0.08796542137861252,0.48049357533454895,0.34184858202934265,-0.1376715898513794,0.4877593517303467,0.4003794193267822,-0.1607142835855484,0.38852962851524353,0.4201711118221283,-0.031499315053224564,0.3984667658805847,0.26251906156539917,-0.06743030995130539,0.40452325344085693,0.156061589717865,-0.10465528815984726,0.408324658870697,0.0541558563709259,-0.13145558536052704,0.33362212777137756,0.43109479546546936,-0.047796450555324554,0.3278430700302124,0.2801695466041565,-0.07990346848964691,0.3283632695674896,0.17334342002868652,-0.11111815273761749,0.3336820900440216,0.07721161842346191,-0.13225778937339783,0.27797675132751465,0.46851646900177,-0.06887086480855942,0.2536662817001343,0.3539453148841858,-0.09192082285881042,0.24008411169052124,0.2724226117134094,-0.10498757660388947,0.23340840637683868,0.1953541338443756,-0.11402573436498642
0.35465091466903687,0.7695215940475464,3.5740333714784356e-07,0.4344332218170166,0.7089109420776367,-0.042806774377822876,0.5005738139152527,0.614668607711792,-0.0690658912062645,0.5318183898925781,0.5258353352546692,-0.09700293838977814,0.5160072445869446,0.4425909221172333,-0.121456079185009,0.4444396495819092,0.4412028193473816,-0.02562539093196392,0.46527236700057983,0.305721640586853,-0.087786965072155,0.4802686274051666,0.34086042642593384,-0.13728266954421997,0.48732128739356995,0.3998679518699646,-0.1602666825056076,0.388860821723938,0.4198302924633026,-0.03131680563092232,0.3984322249889374,0.26276493072509766,-0.06734126061201096,0.4038553237915039,0.1564365029335022,-0.10458242148160934,0.40681108832359314,0.053926050662994385,-0.13137494027614594,0.33417588472366333,0.4312228560447693,-0.04753909632563591,0.32791441679000854,0.28069061040878296,-0.07987301796674728,0.3277566730976105,0.1737368106842041,-0.11131010949611664,0.3321666121482849,0.07730141282081604,-0.13260424137115479,0.2792113125324249,0.4689311385154724,-0.06858078390359879,0.25415849685668945,0.35515326261520386,-0.09212549775838852,0.23931200802326202,0.2741660475730896,-0.10570674389600754,0.23099498450756073,0.19777905941009521,-0.11507119983434677
0.3577059209346771,0.7652093172073364,3.681049065562547e-07,0.43845003843307495,0.702478289604187,-0.03916914761066437,0.503157913684845,0.6082822680473328,-0.06377055495977402,0.5338651537895203,0.5209313631057739,-0.090581975877285,0.519243597984314,0.4405971169471741,-0.11443693935871124,0.4458450973033905,0.43893134593963623,-0.023452166467905045,0.46668803691864014,0.3060123324394226,-0.08398152887821198,0.48214980959892273,0.339768648147583,-0.13237448036670685,0.49019482731819153,0.39764389395713806,-0.15487995743751526,0.3895557224750519,0.4174181818962097,-0.030891545116901398,0.3982256352901459,0.25826817750930786,-0.06528361141681671,0.4042518734931946,0.15172359347343445,-0.10139337182044983,0.4086058735847473,0.05091738700866699,-0.1275734156370163,0.3340870141983032,0.4286237955093384,-0.048416443169116974,0.3286585807800293,0.27627092599868774,-0.07941406220197678,0.32983365654945374,0.16862773895263672,-0.1100119799375534,0.33613327145576477,0.07269671559333801,-0.1309056431055069,0.27854371070861816,0.46592411398887634,-0.07043382525444031,0.25484025478363037,0.35083019733428955,-0.09268748015165329,0.2423826903104782,0.2697467803955078,-0.10507085174322128,0.23733696341514587,0.19390267133712769,-0.11380449682474136
0.35943377017974854,0.7629369497299194,3.7373990835476434e-07,0.44022485613822937,0.7001480460166931,-0.04069085419178009,0.5059004426002502,0.6065215468406677,-0.0658046156167984,0.5364102125167847,0.519210934638977,-0.09276755154132843,0.5204208493232727,0.43812480568885803,-0.116468645632267,0.4459250867366791,0.4340447187423706,-0.024090269580483437,0.46814149618148804,0.3039216995239258,-0.08574716746807098,0.4849800169467926,0.3392789959907532,-0.1347663849592209,0.49366235733032227,0.3968490660190582,-0.15735282003879547,0.39007267355918884,0.4125557541847229,-0.030649835243821144,0.3985544443130493,0.256280779838562,-0.06598716974258423,0.4053526818752289,0.1506393849849701,-0.10251150280237198,0.41017892956733704,0.049860596656799316,-0.12867729365825653,0.3349512815475464,0.42440566420555115,-0.04748450964689255,0.3279683589935303,0.2729259729385376,-0.07935430109500885,0.32832571864128113,0.1659243404865265,-0.10981831699609756,0.3338508903980255,0.06967133283615112,-0.13019335269927979,0.27969104051589966,0.462936669588089,-0.06892063468694687,0.2555748224258423,0.3479318618774414,-0.09153332561254501,0.24296927452087402,0.26628339290618896,-0.10386031121015549,0.23772619664669037,0.1896083950996399,-0.11221928149461746
0.3615725040435791,0.7615628242492676,3.627669968864211e-07,0.442159503698349,0.6975301504135132,-0.040264200419187546,0.5064175128936768,0.6050909161567688,-0.06507900357246399,0.5340613722801208,0.5172812938690186,-0.09175076335668564,0.517747700214386,0.43464869260787964,-0.11521226912736893,0.4473632872104645,0.43526491522789,-0.023989900946617126,0.46890541911125183,0.30480802059173584,-0.0852009505033493,0.4852140545845032,0.33866676688194275,-0.13393114507198334,0.4937196373939514,0.39444684982299805,-0.1565464437007904,0.3915192782878876,0.4132593870162964,-0.03063175268471241,0.39875563979148865,0.2570568323135376,-0.06631036847829819,0.40523409843444824,0.15202561020851135,-0.10312534123659134,0.4098895490169525,0.05274394154548645,-0.12950915098190308,0.3362150490283966,0.42438042163848877,-0.047424767166376114,0.3282491862773895,0.2734285593032837,-0.07975415140390396,0.32831239700317383,0.1665382981300354,-0.11066823452711105,0.33387401700019836,0.07045760750770569,-0.13128960132598877,0.28071415424346924,0.46196529269218445,-0.06868380308151245,0.2563073933124542,0.34696164727211,-0.09158487617969513,0.2436547726392746,0.26543349027633667,-0.10423833876848221,0.23846577107906342,0.18904414772987366,-0.1128154844045639
0.3612977862358093,0.760583221912384,3.710716498517286e-07,0.4416202902793884,0.6983238458633423,-0.0414283312857151,0.5055263638496399,0.6065138578414917,-0.06703323870897293,0.5340920090675354,0.5196508169174194,-0.09425699710845947,0.5194498896598816,0.43747478723526,-0.11813438683748245,0.44688087701797485,0.43403011560440063,-0.02551722526550293,0.46849584579467773,0.30385154485702515,-0.08731619268655777,0.4846824109554291,0.3392578363418579,-0.13626006245613098,0.4929390549659729,0.396933913230896,-0.1587829887866974,0.3910806179046631,0.4122810959815979,-0.03171003609895706,0.3989814519882202,0.25581759214401245,-0.06740085780620575,0.40563592314720154,0.15057572722434998,-0.10396922379732132,0.41029101610183716,0.051185399293899536,-0.13007166981697083,0.3358305096626282,0.42398136854171753,-0.04816699028015137,0.3278016448020935,0.2729625105857849,-0.08038347959518433,0.32794588804244995,0.16612476110458374,-0.11108195036649704,0.3335369825363159,0.07018151879310608,-0.13151751458644867,0.2803676128387451,0.4625544548034668,-0.06919442117214203,0.25587502121925354,0.3474448621273041,-0.0920657068490982,0.24326002597808838,0.2658221125602722,-0.10457857698202133,0.23804542422294617,0.189529150724411,-0.11296845227479935
0.36119505763053894,0.7588534355163574,3.9953269492798427e-07,0.44236090779304504,0.6978869438171387,-0.043321393430233,0.5073797702789307,0.6044751405715942,-0.06922219693660736,0.5375577211380005,0.5147443413734436,-0.09675353020429611,0.5218979716300964,0.431048184633255,-0.12089395523071289,0.4504392147064209,0.433075487613678,-0.023018719628453255,0.47427013516426086,0.30372166633605957,-0.08513006567955017,0.4907033443450928,0.336627334356308,-0.1351386308670044,0.49871134757995605,0.39635512232780457,-0.15823698043823242,0.394833505153656,0.409744530916214,-0.02825368568301201,0.4049637019634247,0.2537481188774109,-0.06305360794067383,0.4115462005138397,0.14821761846542358,-0.09948843717575073,0.4157388210296631,0.047494977712631226,-0.12565623223781586,0.33943572640419006,0.42004603147506714,-0.04441041499376297,0.3348051607608795,0.2710362672805786,-0.07660894840955734,0.33444374799728394,0.16563275456428528,-0.10769141465425491,0.33846667408943176,0.07116475701332092,-0.12844744324684143,0.2831403613090515,0.4579702615737915,-0.06546483188867569,0.260534405708313,0.34490567445755005,-0.08889152109622955,0.24686099588871002,0.26535725593566895,-0.10179539024829865,0.23893395066261292,0.19133451581001282,-0.11050983518362045
0.3632921278476715,0.7579394578933716,3.610204259985039e-07,0.4434828758239746,0.6956619024276733,-0.041965384036302567,0.5089443325996399,0.6036757230758667,-0.06765744090080261,0.539179265499115,0.5160998106002808,-0.09522582590579987,0.5242873430252075,0.43216443061828613,-0.1196078285574913,0.4504447281360626,0.43298017978668213,-0.023411409929394722,0.4730644226074219,0.3047141432762146,-0.08497148007154465,0.4893118739128113,0.3373587131500244,-0.13448630273342133,0.49789145588874817,0.3939162492752075,-0.15787048637866974,0.39530855417251587,0.4098779857158661,-0.029640238732099533,0.40392863750457764,0.2567484974861145,-0.06519559025764465,0.4101982116699219,0.1536046862602234,-0.10240723192691803,0.4147600531578064,0.05470737814903259,-0.1292829066514969,0.3405150771141052,0.4206933379173279,-0.04641279578208923,0.33402499556541443,0.27232861518859863,-0.07930546998977661,0.3340516686439514,0.1666063368320465,-0.11103096604347229,0.3394382894039154,0.0709293782711029,-0.1324133425951004,0.2851053476333618,0.4587991237640381,-0.06784694641828537,0.2610294818878174,0.34661608934402466,-0.09206300228834152,0.24675607681274414,0.2673228979110718,-0.10570584982633591,0.2391478568315506,0.19324859976768494,-0.11504599452018738
0.3655937612056732,0.7556858062744141,4.2635289787540387e-07,0.44599515199661255,0.6931895613670349,-0.04281197860836983,0.510806143283844,0.6027818322181702,-0.06952362507581711,0.5421295166015625,0.5149006843566895,-0.09794657677412033,0.5268017053604126,0.431591272354126,-0.1233377680182457,0.45188066363334656,0.4312537610530853,-0.023529795929789543,0.4764905571937561,0.3024691939353943,-0.08481159061193466,0.4944751262664795,0.3321138918399811,-0.1342703104019165,0.5041250586509705,0.3896857500076294,-0.1574409008026123,0.3965969979763031,0.40811416506767273,-0.02892490290105343,0.40672987699508667,0.2538570165634155,-0.06343522667884827,0.413910448551178,0.150755375623703,-0.10007903724908829,0.41997453570365906,0.051802486181259155,-0.1265663504600525,0.3417501747608185,0.4184330105781555,-0.04490793123841286,0.3378038704395294,0.2691812813282013,-0.07678568363189697,0.3380955159664154,0.16262319684028625,-0.10838000476360321,0.34360119700431824,0.06770771741867065,-0.12985859811306,0.28593742847442627,0.45582684874534607,-0.0656258761882782,0.2639625072479248,0.34425684809684753,-0.08911005407571793,0.25075629353523254,0.2644712030887604,-0.10259638726711273,0.24438293278217316,0.19044020771980286,-0.11195927858352661
0.36537960171699524,0.754899799823761,3.918671609426383e-07,0.44481712579727173,0.692774772644043,-0.0437227226793766,0.5104568600654602,0.6022845506668091,-0.07015319168567657,0.5405818819999695,0.5131517052650452,-0.0981026291847229,0.5260621905326843,0.427925169467926,-0.12278816103935242,0.452362984418869,0.43069693446159363,-0.022577814757823944,0.4760809540748596,0.3019200265407562,-0.08333317190408707,0.4930088520050049,0.3320465087890625,-0.13252553343772888,0.501651406288147,0.3893752694129944,-0.15553832054138184,0.3977595865726471,0.40739771723747253,-0.027074601501226425,0.40743014216423035,0.25434166193008423,-0.06110106408596039,0.4138941764831543,0.1522817313671112,-0.09745139628648758,0.418949156999588,0.05480232834815979,-0.12369617819786072,0.3438226580619812,0.41712865233421326,-0.042342424392700195,0.3395172357559204,0.26871928572654724,-0.073685422539711,0.3394133448600769,0.16290104389190674,-0.10482020676136017,0.3442990779876709,0.06834268569946289,-0.12596829235553741,0.2888069450855255,0.4538108706474304,-0.06248888373374939,0.26561713218688965,0.3432144820690155,-0.08577804267406464,0.25144821405410767,0.26402607560157776,-0.09915367513895035,0.24360215663909912,0.19012451171875,-0.10828515887260437
0.3652901351451874,0.754301905632019,3.985539649420389e-07,0.44487762451171875,0.6926702260971069,-0.04343152046203613,0.5104656219482422,0.6026484966278076,-0.06970322132110596,0.5404281616210938,0.5137280225753784,-0.09757812321186066,0.5263686180114746,0.4286947250366211,-0.12220779806375504,0.4521721303462982,0.4305281639099121,-0.021935531869530678,0.4763166308403015,0.30201154947280884,-0.08248013257980347,0.49326059222221375,0.3320733904838562,-0.13148236274719238,0.5020276308059692,0.38992592692375183,-0.15427859127521515,0.3975684344768524,0.40742748975753784,-0.026535648852586746,0.4078429937362671,0.2541784644126892,-0.060058921575546265,0.41476258635520935,0.15177509188652039,-0.09593859314918518,0.42025506496429443,0.053854793310165405,-0.12183175981044769,0.3436194360256195,0.4169709384441376,-0.041937150061130524,0.340526819229126,0.26822036504745483,-0.07287029922008514,0.3410997688770294,0.16288083791732788,-0.1035686656832695,0.34636926651000977,0.06909433007240295,-0.12435536086559296,0.288374125957489,0.45350900292396545,-0.06223674863576889,0.2656364440917969,0.3423154354095459,-0.08524741977453232,0.2518923878669739,0.26303011178970337,-0.0982803925871849,0.2442079782485962,0.1893627941608429,-0.10709041357040405
0.3650045692920685,0.7545257806777954,3.939773023375892e-07,0.44462358951568604,0.6929424405097961,-0.04333717003464699,0.5103461742401123,0.6028611660003662,-0.06945279240608215,0.5401637554168701,0.5139577984809875,-0.09714659303426743,0.5263829827308655,0.4289364516735077,-0.12155772000551224,0.45246031880378723,0.43055790662765503,-0.021646274253726006,0.47663745284080505,0.3019239902496338,-0.08208451420068741,0.4933755099773407,0.33203911781311035,-0.13107655942440033,0.501991331577301,0.3898640275001526,-0.15391486883163452,0.39782461524009705,0.4072611629962921,-0.02627870999276638,0.4079909324645996,0.2540513277053833,-0.059850484132766724,0.4148327708244324,0.1516394019126892,-0.09587500989437103,0.42025744915008545,0.053987205028533936,-0.12186244875192642,0.3437621295452118,0.4167531430721283,-0.04170630872249603,0.34052395820617676,0.26810407638549805,-0.07275141775608063,0.3410871624946594,0.1627945899963379,-0.10361591726541519,0.34637540578842163,0.06906750798225403,-0.12449949979782104,0.28837984800338745,0.45334774255752563,-0.0620017908513546,0.2655940055847168,0.3422197699546814,-0.08516677469015121,0.25179848074913025,0.2629440426826477,-0.09832792729139328,0.24407483637332916,0.1891671121120453,-0.10720644146203995
0.36507079005241394,0.753710150718689,4.1190935462509515e-07,0.4465335011482239,0.6896926164627075,-0.042899828404188156,0.5130864381790161,0.5965189337730408,-0.0688445046544075,0.5421556234359741,0.5051717758178711,-0.09647202491760254,0.5249567031860352,0.42103976011276245,-0.12104451656341553,0.45413967967033386,0.4277745485305786,-0.020140010863542557,0.4759582579135895,0.3008277416229248,-0.0800221711397171,0.4931614398956299,0.32698893547058105,-0.12881627678871155,0.5029121041297913,0.38231804966926575,-0.15170392394065857,0.39895299077033997,0.4044063687324524,-0.02503972314298153,0.40933817625045776,0.25145331025123596,-0.05834725499153137,0.4157402515411377,0.14901164174079895,-0.09381379187107086,0.42146173119544983,0.052006274461746216,-0.11923839896917343,0.34436070919036865,0.4137573540210724,-0.04077382758259773,0.34172698855400085,0.263135701417923,-0.07199127227067947,0.3422759175300598,0.157015860080719,-0.10252047330141068,0.3480353355407715,0.064115971326828,-0.12304007261991501,0.28814852237701416,0.4507375955581665,-0.061341021209955215,0.26612550020217896,0.3386286795139313,-0.08479923754930496,0.2527674436569214,0.25911062955856323,-0.0979260578751564,0.24561035633087158,0.18603098392486572,-0.10669691860675812
0.3648630976676941,0.7537801265716553,4.0848209437172045e-07,0.44628971815109253,0.6898193955421448,-0.04285878688097,0.5130659937858582,0.5965811610221863,-0.06888382881879807,0.5422199964523315,0.505304217338562,-0.09664507955312729,0.5248749852180481,0.42104437947273254,-0.12136205285787582,0.4543858766555786,0.4277021288871765,-0.020141014829277992,0.47632867097854614,0.30041593313217163,-0.0803007259964943,0.4935217499732971,0.3269209861755371,-0.12926417589187622,0.503082275390625,0.3826764225959778,-0.1521954983472824,0.3991067111492157,0.40424245595932007,-0.02513861656188965,0.40966367721557617,0.2512969970703125,-0.05854843184351921,0.41604024171829224,0.14910417795181274,-0.0939749926328659,0.42163240909576416,0.052238404750823975,-0.11933127790689468,0.3444281220436096,0.41358259320259094,-0.041016947478055954,0.3417232930660248,0.26286378502845764,-0.07229006290435791,0.34207749366760254,0.15675285458564758,-0.10275144129991531,0.3476179838180542,0.0637451708316803,-0.12321311235427856,0.28815484046936035,0.4507398009300232,-0.061740659177303314,0.266201376914978,0.3386661112308502,-0.08524543046951294,0.25272107124328613,0.25926724076271057,-0.09832070767879486,0.2453586906194687,0.1861819624900818,-0.10703476518392563
0.36484697461128235,0.7492650747299194,3.842307592094585e-07,0.445941686630249,0.686916172504425,-0.04042195901274681,0.5128417015075684,0.5945875644683838,-0.06515130400657654,0.5435885190963745,0.5044838190078735,-0.09191624075174332,0.5273314118385315,0.4222281277179718,-0.11572948098182678,0.45570334792137146,0.4259412884712219,-0.01940387301146984,0.4780243933200836,0.2992856502532959,-0.07824960350990295,0.4963083267211914,0.327034592628479,-0.12604425847530365,0.5069926381111145,0.3836860656738281,-0.14835426211357117,0.4005087912082672,0.4024014174938202,-0.025004547089338303,0.4112730920314789,0.2513643801212311,-0.05694987624883652,0.41857805848121643,0.1519215703010559,-0.09120803326368332,0.4250097870826721,0.05617484450340271,-0.1161252111196518,0.34593725204467773,0.4114648103713989,-0.041142962872982025,0.343628466129303,0.26286399364471436,-0.07098259031772614,0.34465229511260986,0.15769630670547485,-0.10074718296527863,0.3507871925830841,0.06450030207633972,-0.12114162743091583,0.2899569869041443,0.4476687014102936,-0.06198323145508766,0.26766276359558105,0.33607083559036255,-0.08448050916194916,0.2539790868759155,0.25745540857315063,-0.09722346067428589,0.24667243659496307,0.18461039662361145,-0.10602327436208725
0.36712202429771423,0.7486549615859985,3.7735443925157597e-07,0.44845491647720337,0.6855869293212891,-0.039187248796224594,0.513863205909729,0.5930892825126648,-0.06317615509033203,0.5437767505645752,0.5037695169448853,-0.08935335278511047,0.5278097987174988,0.42216259241104126,-0.1125674620270729,0.4538804590702057,0.4250057339668274,-0.018253182992339134,0.4772511124610901,0.2996855080127716,-0.0773007869720459,0.49598369002342224,0.33071279525756836,-0.12537263333797455,0.506363034248352,0.387830525636673,-0.1477571278810501,0.39960572123527527,0.40249955654144287,-0.024654924869537354,0.4102270305156708,0.25072991847991943,-0.05684596300125122,0.4181356132030487,0.15018463134765625,-0.0914420560002327,0.4244661331176758,0.05327621102333069,-0.11637905985116959,0.34591904282569885,0.4124559462070465,-0.041500553488731384,0.343464195728302,0.26308438181877136,-0.07172609120607376,0.3450522720813751,0.15753337740898132,-0.10162317752838135,0.3510071039199829,0.06339439749717712,-0.12174353003501892,0.29094791412353516,0.4489854574203491,-0.06285534799098969,0.26845648884773254,0.3365340828895569,-0.08553611487150192,0.2548588812351227,0.25777339935302734,-0.09789727628231049,0.24728496372699738,0.18513503670692444,-0.10611546784639359
0.365732878446579,0.7477532625198364,3.8310221839310543e-07,0.4467307925224304,0.686054527759552,-0.04107047617435455,0.5134552717208862,0.595535933971405,-0.06578071415424347,0.5428541898727417,0.5057675838470459,-0.09234514087438583,0.5279003381729126,0.4218888282775879,-0.11590372025966644,0.4551803171634674,0.42631766200065613,-0.0190344899892807,0.47849008440971375,0.29978686571121216,-0.07780668884515762,0.49621647596359253,0.3276214897632599,-0.12580478191375732,0.5064226984977722,0.3836919367313385,-0.14814592897891998,0.4005483090877533,0.4033215045928955,-0.024106264114379883,0.4106613099575043,0.2516631484031677,-0.05580851808190346,0.41827088594436646,0.15164583921432495,-0.09014192968606949,0.42476338148117065,0.05604451894760132,-0.11502213776111603,0.34671494364738464,0.41244345903396606,-0.03977462649345398,0.34479081630706787,0.2648118734359741,-0.06934523582458496,0.3463634252548218,0.15975719690322876,-0.0987396314740181,0.3524697422981262,0.06652665138244629,-0.11865745484828949,0.291161447763443,0.4480113983154297,-0.060183245688676834,0.26882848143577576,0.3361414074897766,-0.08251719921827316,0.2553536295890808,0.2575088441371918,-0.09470755606889725,0.24780498445034027,0.18510955572128296,-0.10279412567615509
0.3689485490322113,0.7505165338516235,3.6821055005020753e-07,0.4497573673725128,0.6864020228385925,-0.04057321324944496,0.5162473917007446,0.5946813821792603,-0.06531590968370438,0.5445970296859741,0.5046038031578064,-0.0920277014374733,0.5302864909172058,0.42220261693000793,-0.11546222865581512,0.4587005078792572,0.427213191986084,-0.018011996522545815,0.4800131916999817,0.30128514766693115,-0.0760241448879242,0.496850848197937,0.3304121494293213,-0.12298479676246643,0.5067489743232727,0.3862511217594147,-0.14480288326740265,0.404304176568985,0.40506166219711304,-0.023382076993584633,0.41475990414619446,0.2562580406665802,-0.05505988001823425,0.42314013838768005,0.15974989533424377,-0.08824091404676437,0.43095293641090393,0.06671395897865295,-0.1122003123164177,0.3505032956600189,0.4145927429199219,-0.039443325251340866,0.3480692505836487,0.2671589255332947,-0.06874659657478333,0.35069113969802856,0.16279911994934082,-0.09671156108379364,0.3583756387233734,0.07026940584182739,-0.11564909666776657,0.2944711744785309,0.4502476155757904,-0.0603523924946785,0.2725207209587097,0.3369910717010498,-0.08175986260175705,0.2602347135543823,0.25771820545196533,-0.0931474044919014,0.2542068362236023,0.18502023816108704,-0.1008458137512207
0.3792040944099426,0.7421069145202637,3.202849541139585e-07,0.45718395709991455,0.67718106508255,-0.029763786122202873,0.5196373462677002,0.5863724946975708,-0.04917451739311218,0.5496228933334351,0.5018906593322754,-0.07199320942163467,0.5346396565437317,0.4267460107803345,-0.09251595288515091,0.46838778257369995,0.4273984134197235,-0.00952988862991333,0.487651526927948,0.3107038140296936,-0.06161193177103996,0.5049413442611694,0.335088849067688,-0.10497210919857025,0.5146264433860779,0.38581791520118713,-0.12564697861671448,0.41644057631492615,0.4054917097091675,-0.01950952783226967,0.4257357716560364,0.26217782497406006,-0.04808836802840233,0.43474456667900085,0.1710767149925232,-0.0789620503783226,0.4421987235546112,0.08683130145072937,-0.1014949381351471,0.3638298213481903,0.4153231382369995,-0.03892598673701286,0.3562706410884857,0.27693116664886475,-0.0659649595618248,0.3574245274066925,0.17734986543655396,-0.09193127602338791,0.3641882538795471,0.09041395783424377,-0.10982591658830643,0.3086250126361847,0.45168644189834595,-0.06235698610544205,0.28773587942123413,0.34261202812194824,-0.08178454637527466,0.2785274386405945,0.26469963788986206,-0.09174534678459167,0.27694380283355713,0.19159436225891113,-0.0990450531244278
0.3804973363876343,0.7420419454574585,3.3567312129889615e-07,0.45849230885505676,0.6751000881195068,-0.029617248103022575,0.5197094678878784,0.5837249755859375,-0.04861192777752876,0.5476588010787964,0.4990074336528778,-0.0707974061369896,0.5345510244369507,0.42322003841400146,-0.09054569900035858,0.4673035442829132,0.4268190860748291,-0.010109088383615017,0.48715996742248535,0.3097361624240875,-0.06217416748404503,0.5053420066833496,0.3356262445449829,-0.1055632159113884,0.5160102248191833,0.3856027126312256,-0.12637580931186676,0.4157746434211731,0.40503960847854614,-0.01985786482691765,0.4248216450214386,0.26257631182670593,-0.04889484867453575,0.4339885115623474,0.17026552557945251,-0.0803103893995285,0.44123607873916626,0.08437183499336243,-0.10322313755750656,0.36382871866226196,0.41547200083732605,-0.03883514925837517,0.3564123213291168,0.276345819234848,-0.06595242023468018,0.3579433858394623,0.17618846893310547,-0.09158018976449966,0.36507004499435425,0.08819580078125,-0.10911037027835846,0.309150367975235,0.4516439437866211,-0.06169913336634636,0.2877708077430725,0.34182825684547424,-0.08109310269355774,0.27879399061203003,0.2636057436466217,-0.09061529487371445,0.27774935960769653,0.1910431981086731,-0.09739838540554047
0.38064032793045044,0.7415717840194702,3.574902223135723e-07,0.4581756591796875,0.6763483285903931,-0.03180955722928047,0.5196065306663513,0.5853254199028015,-0.05231885239481926,0.5483546257019043,0.499862939119339,-0.07580475509166718,0.5347245931625366,0.4239228665828705,-0.09667797386646271,0.4665021002292633,0.42629948258399963,-0.011151658371090889,0.486242413520813,0.3092222809791565,-0.06430710852146149,0.5040525197982788,0.3345160484313965,-0.10848183929920197,0.514424741268158,0.3864293694496155,-0.12931066751480103,0.41434359550476074,0.4043135344982147,-0.019731180742383003,0.4234875738620758,0.2612115442752838,-0.048183754086494446,0.4323618412017822,0.16894999146461487,-0.0787561684846878,0.43995043635368347,0.0824553370475769,-0.10100749135017395,0.3625369668006897,0.4143371880054474,-0.0379338338971138,0.3547232151031494,0.2769011855125427,-0.06404571235179901,0.3562658429145813,0.17692241072654724,-0.0886012390255928,0.3634459376335144,0.08968016505241394,-0.10542929917573929,0.3081740736961365,0.4504964351654053,-0.06044904142618179,0.28717130422592163,0.34012746810913086,-0.0785730630159378,0.27853626012802124,0.2617509365081787,-0.08721619099378586,0.27799713611602783,0.19012999534606934,-0.09342580288648605
0.3845689594745636,0.7349710464477539,2.0977910253350274e-07,0.4601026177406311,0.6746933460235596,-0.02448863722383976,0.5237230062484741,0.586845874786377,-0.04019215703010559,0.5531734228134155,0.5065427422523499,-0.0595560148358345,0.5384828448295593,0.43596598505973816,-0.07734350115060806,0.47761139273643494,0.4327011704444885,-0.00832373183220625,0.4963271915912628,0.3262583017349243,-0.05424554646015167,0.5150193572044373,0.34434080123901367,-0.09287457168102264,0.5269978046417236,0.3876103162765503,-0.11218804121017456,0.4278513193130493,0.40832680463790894,-0.019700070843100548,0.4349116384983063,0.26978158950805664,-0.04435914382338524,0.4436407685279846,0.18713688850402832,-0.07106156647205353,0.45148539543151855,0.11720031499862671,-0.091145358979702,0.377125084400177,0.41653552651405334,-0.03925018012523651,0.3694707155227661,0.2837488055229187,-0.06333468109369278,0.37028005719184875,0.18975746631622314,-0.08623460680246353,0.377437561750412,0.1064736545085907,-0.1029331237077713,0.32510966062545776,0.4532211124897003,-0.062387991696596146,0.30211710929870605,0.35098797082901,-0.08166568726301193,0.2901504635810852,0.27771151065826416,-0.09102339297533035,0.2852396070957184,0.20640958845615387,-0.09812957048416138
0.3860310912132263,0.7297753095626831,2.660778761764959e-07,0.46282246708869934,0.6668180823326111,-0.02476891130208969,0.5254184007644653,0.583045244216919,-0.041893698275089264,0.5547285676002502,0.5039910674095154,-0.06303177028894424,0.5415898561477661,0.43207070231437683,-0.08233045786619186,0.47401317954063416,0.43258652091026306,-0.007108539808541536,0.4944784641265869,0.32531988620758057,-0.0545525923371315,0.5113382935523987,0.35007444024086,-0.09361511468887329,0.5204856991767883,0.4000999927520752,-0.11218369752168655,0.4243462085723877,0.4094274640083313,-0.017983943223953247,0.4353308379650116,0.27548420429229736,-0.04267821088433266,0.4459190368652344,0.19225504994392395,-0.06890396028757095,0.4547630250453949,0.1168772280216217,-0.08833266794681549,0.3742893636226654,0.41636204719543457,-0.03748117387294769,0.36848020553588867,0.28168201446533203,-0.06117613986134529,0.37027454376220703,0.1864510178565979,-0.08339277654886246,0.3777787387371063,0.10365676879882812,-0.09923001378774643,0.3221943974494934,0.449775755405426,-0.06053459644317627,0.2980618476867676,0.34682682156562805,-0.07901369780302048,0.28690606355667114,0.2736525535583496,-0.08771558105945587,0.28323137760162354,0.20558607578277588,-0.0939674824476242
0.384987473487854,0.7190254330635071,2.2809891220276768e-07,0.45833560824394226,0.6583461165428162,-0.02161024510860443,0.5176902413368225,0.5789369344711304,-0.03717656433582306,0.5482870936393738,0.5063865184783936,-0.056921180337667465,0.539409875869751,0.43730297684669495,-0.07542286813259125,0.4753085672855377,0.4354628920555115,-0.008613396435976028,0.49573302268981934,0.3335588276386261,-0.053506992757320404,0.5126649141311646,0.3536560535430908,-0.09043122828006744,0.52216637134552,0.3966445326805115,-0.10830023884773254,0.4281938374042511,0.41479888558387756,-0.02043335698544979,0.4412425756454468,0.28710222244262695,-0.04471361264586449,0.4531261920928955,0.2092178463935852,-0.07011581212282181,0.46215739846229553,0.1408085823059082,-0.0893138125538826,0.37926897406578064,0.42403027415275574,-0.04011183977127075,0.37670785188674927,0.2956887483596802,-0.06371479481458664,0.3802715539932251,0.2076970338821411,-0.08599305152893066,0.38809147477149963,0.13044700026512146,-0.10207086056470871,0.32876211404800415,0.45847925543785095,-0.06291202455759048,0.30973249673843384,0.3574681878089905,-0.08197315037250519,0.29985618591308594,0.2858796715736389,-0.09177233278751373,0.2957037091255188,0.2177661806344986,-0.09909137338399887
0.3844641149044037,0.715045690536499,2.5448898099966755e-07,0.45872795581817627,0.6580661535263062,-0.02125806361436844,0.5183299779891968,0.5793435573577881,-0.03616504371166229,0.5504173040390015,0.5070407390594482,-0.05504414066672325,0.5406427383422852,0.43902888894081116,-0.07248663902282715,0.4729313552379608,0.4387548267841339,-0.008719133213162422,0.49574196338653564,0.33595138788223267,-0.05324963852763176,0.5116565823554993,0.35958072543144226,-0.08916006237268448,0.5193477272987366,0.40650057792663574,-0.1059429720044136,0.42645978927612305,0.41773921251296997,-0.019896075129508972,0.4407869279384613,0.29092180728912354,-0.04372137039899826,0.454429566860199,0.21215029060840607,-0.0685122013092041,0.46514493227005005,0.1402360200881958,-0.08687271922826767,0.3787395656108856,0.42604079842567444,-0.03882996365427971,0.37669944763183594,0.29641488194465637,-0.062159307301044464,0.38095909357070923,0.20822584629058838,-0.08455634862184525,0.389254629611969,0.13105392456054688,-0.10019658505916595,0.32932400703430176,0.45836102962493896,-0.060697052627801895,0.30967679619789124,0.3572781980037689,-0.08001755177974701,0.30035659670829773,0.285549521446228,-0.09039821475744247,0.2974684536457062,0.21775183081626892,-0.09767069667577744
0.3860761225223541,0.7141431570053101,2.99929183711356e-07,0.4597505033016205,0.6566635370254517,-0.02060532011091709,0.5179427266120911,0.5792199373245239,-0.03571576252579689,0.5501687526702881,0.5076392889022827,-0.05506061017513275,0.5410724878311157,0.43947574496269226,-0.07307889312505722,0.47122418880462646,0.43861666321754456,-0.00667900824919343,0.4937479496002197,0.335565984249115,-0.05123626068234444,0.5111615061759949,0.3566373288631439,-0.08757498860359192,0.520313560962677,0.4023294746875763,-0.10444372892379761,0.4257526397705078,0.41835319995880127,-0.01817394606769085,0.44075095653533936,0.29124900698661804,-0.04183964803814888,0.45497018098831177,0.21187233924865723,-0.06667749583721161,0.4662628173828125,0.139075368642807,-0.08470816165208817,0.3788049817085266,0.4260460436344147,-0.037485867738723755,0.377229779958725,0.29600614309310913,-0.06057704612612724,0.3816794455051422,0.20669376850128174,-0.08264996856451035,0.39012572169303894,0.1294657588005066,-0.09773100167512894,0.3296305537223816,0.4573209285736084,-0.0597134493291378,0.30955612659454346,0.3554142713546753,-0.07845689356327057,0.3006466031074524,0.28300774097442627,-0.08806237578392029,0.2984602451324463,0.21557016670703888,-0.09456457197666168
0.3872583210468292,0.7136327028274536,2.9786420441269e-07,0.45961400866508484,0.6568827629089355,-0.021666716784238815,0.5175836682319641,0.5792120099067688,-0.03706786036491394,0.5493197441101074,0.5075740218162537,-0.05643784999847412,0.541348397731781,0.43955934047698975,-0.07446013391017914,0.47239893674850464,0.4388192296028137,-0.007749381475150585,0.4945230484008789,0.3367834985256195,-0.05244515463709831,0.5121757984161377,0.3570883870124817,-0.08893866091966629,0.5220196843147278,0.4015390872955322,-0.10604850947856903,0.42684656381607056,0.4182802140712738,-0.018773896619677544,0.4406352639198303,0.2915399372577667,-0.04256003350019455,0.4546148180961609,0.21219535171985626,-0.06751588732004166,0.466178297996521,0.13959679007530212,-0.08570026606321335,0.37983208894729614,0.42602670192718506,-0.037650905549526215,0.3778693377971649,0.29657700657844543,-0.06087403744459152,0.3821798861026764,0.20759156346321106,-0.08298110216856003,0.39088261127471924,0.13032791018486023,-0.0981268435716629,0.3305665850639343,0.4575105309486389,-0.05954451858997345,0.3101958632469177,0.35624510049819946,-0.0785006433725357,0.3013579249382019,0.2840460240840912,-0.08834975212812424,0.2994927763938904,0.2165636122226715,-0.09503491967916489
0.3831658661365509,0.6955568194389343,2.747597420693637e-07,0.45502111315727234,0.6368056535720825,-0.019955147057771683,0.5111746191978455,0.5626763701438904,-0.03449365869164467,0.5385590195655823,0.49239450693130493,-0.05300634354352951,0.5317782759666443,0.4220251142978668,-0.07041414827108383,0.4669765532016754,0.4310271739959717,-0.005052689462900162,0.48552554845809937,0.3332866430282593,-0.046505752950906754,0.5020299553871155,0.3477065861225128,-0.08056246489286423,0.5121324062347412,0.3865357041358948,-0.09678421914577484,0.42342498898506165,0.41108131408691406,-0.015380996279418468,0.43659645318984985,0.29081404209136963,-0.03756102919578552,0.45044970512390137,0.2176983505487442,-0.060599178075790405,0.46266379952430725,0.15171363949775696,-0.07771535962820053,0.37856653332710266,0.41799572110176086,-0.03332814201712608,0.3762253522872925,0.29507237672805786,-0.054812267422676086,0.38102030754089355,0.21082356572151184,-0.07471977919340134,0.390102744102478,0.13776785135269165,-0.08885429799556732,0.3319895565509796,0.4477309286594391,-0.05422256886959076,0.31437188386917114,0.3514529764652252,-0.07157563418149948,0.3057793974876404,0.28418833017349243,-0.08021053671836853,0.3020952045917511,0.22104109823703766,-0.08648315072059631
0.38377660512924194,0.6904754042625427,2.830811354215257e-07,0.4549492299556732,0.6350734829902649,-0.020084286108613014,0.5127555131912231,0.5588818192481995,-0.0333850234746933,0.5407827496528625,0.48895928263664246,-0.05030253157019615,0.5295454859733582,0.42586278915405273,-0.06588887423276901,0.4659962058067322,0.4286035895347595,-0.005964505951851606,0.487263947725296,0.3313707113265991,-0.04742123559117317,0.5049330592155457,0.34934207797050476,-0.08110534399747849,0.5154291391372681,0.38992810249328613,-0.09681827574968338,0.4229832589626312,0.40952765941619873,-0.016033804044127464,0.436381459236145,0.29055970907211304,-0.038622647523880005,0.4509942829608917,0.21579523384571075,-0.06167891249060631,0.4635486304759979,0.14829406142234802,-0.07829725742340088,0.37879955768585205,0.4169009327888489,-0.033609192818403244,0.37670084834098816,0.2938750982284546,-0.05605524405837059,0.38143038749694824,0.20979249477386475,-0.0767236277461052,0.3904779553413391,0.1373029351234436,-0.09061098843812943,0.3330102264881134,0.4465603828430176,-0.053991738706827164,0.3139289915561676,0.35124915838241577,-0.07229862362146378,0.30477985739707947,0.28382498025894165,-0.0816795751452446,0.3015432059764862,0.22057104110717773,-0.08793939650058746
0.3860104978084564,0.6759661436080933,2.6034214783976495e-07,0.45464658737182617,0.624252438545227,-0.02049197442829609,0.5113124251365662,0.5501192212104797,-0.034206416457891464,0.5392878651618958,0.48180022835731506,-0.05138540640473366,0.5291717052459717,0.420879989862442,-0.06752340495586395,0.47090718150138855,0.42503270506858826,-0.005709489807486534,0.48761120438575745,0.3329450786113739,-0.044736459851264954,0.501970648765564,0.3437967598438263,-0.07672298699617386,0.5106269121170044,0.3806648850440979,-0.09178625047206879,0.4285846948623657,0.4069422483444214,-0.014719844795763493,0.44095155596733093,0.2945520281791687,-0.035325922071933746,0.45306748151779175,0.22561566531658173,-0.0563768669962883,0.4637649953365326,0.16394588351249695,-0.07172831892967224,0.38581451773643494,0.4143751263618469,-0.031039714813232422,0.38168758153915405,0.3017358183860779,-0.05106447637081146,0.3848683536052704,0.2226676046848297,-0.06896887719631195,0.3923508822917938,0.1540573239326477,-0.0816381424665451,0.34141629934310913,0.44427281618118286,-0.050484076142311096,0.32693538069725037,0.3563562333583832,-0.06606893986463547,0.3196983337402344,0.2950700521469116,-0.07312461733818054,0.3169197738170624,0.23769442737102509,-0.07832249999046326
0.3881395161151886,0.6704343557357788,3.1453203064302215e-07,0.45575836300849915,0.6210031509399414,-0.021174954250454903,0.5112586617469788,0.5490047931671143,-0.034718044102191925,0.5379198789596558,0.4820243716239929,-0.05137917026877403,0.5292426943778992,0.421916663646698,-0.06704447418451309,0.4685516357421875,0.4246845841407776,-0.006366494111716747,0.4882631003856659,0.33217692375183105,-0.04586657136678696,0.5046061277389526,0.34047821164131165,-0.07858101278543472,0.5143172740936279,0.3754284083843231,-0.09423663467168808,0.42802712321281433,0.40616798400878906,-0.015038248151540756,0.4433644711971283,0.2948746085166931,-0.03730464726686478,0.45569857954978943,0.22197094559669495,-0.0604049488902092,0.465652734041214,0.15791025757789612,-0.07675490528345108,0.3866503834724426,0.41360461711883545,-0.03089730069041252,0.3838992118835449,0.2999935746192932,-0.052684444934129715,0.38676831126213074,0.21940292418003082,-0.07307158410549164,0.3943673074245453,0.1498614251613617,-0.08685671538114548,0.3428575098514557,0.44310060143470764,-0.049606695771217346,0.3259475827217102,0.357766330242157,-0.06743348389863968,0.3172187805175781,0.29609695076942444,-0.07656039297580719,0.3141048550605774,0.23806115984916687,-0.08262292295694351
0.38981103897094727,0.6687310934066772,3.1478356277148123e-07,0.4576896131038666,0.6200969219207764,-0.020853018388152122,0.5121760368347168,0.5471729636192322,-0.033833689987659454,0.538826584815979,0.47941455245018005,-0.049868565052747726,0.5285102128982544,0.4202624261379242,-0.06485680490732193,0.46852952241897583,0.4242170453071594,-0.006429280620068312,0.4876786470413208,0.3322141170501709,-0.04533185064792633,0.5040058493614197,0.3417426347732544,-0.07748644798994064,0.5138344764709473,0.3770753741264343,-0.09281668812036514,0.42821529507637024,0.40591371059417725,-0.015041302889585495,0.4429539144039154,0.2944844961166382,-0.036805182695388794,0.4556860625743866,0.2213486284017563,-0.05951806902885437,0.46613577008247375,0.15644577145576477,-0.0755939856171608,0.38693487644195557,0.4132360816001892,-0.030734339728951454,0.38350221514701843,0.299223929643631,-0.052366938441991806,0.38618555665016174,0.21870319545269012,-0.07278306037187576,0.39364632964134216,0.1494642198085785,-0.08645755052566528,0.34348681569099426,0.4426639676094055,-0.04919903352856636,0.3258524537086487,0.35702890157699585,-0.06710833311080933,0.31699419021606445,0.2951650023460388,-0.07637649029493332,0.31404489278793335,0.2374863177537918,-0.08246191591024399
0.39064693450927734,0.6629485487937927,2.096656857020207e-07,0.4593331217765808,0.6147616505622864,-0.017823008820414543,0.5144100189208984,0.5427109599113464,-0.026753019541502,0.540381133556366,0.47539085149765015,-0.03902815282344818,0.52863609790802,0.4196985363960266,-0.04998486116528511,0.4755137860774994,0.42826205492019653,0.002525035757571459,0.49455779790878296,0.3431602716445923,-0.03195938095450401,0.5101701617240906,0.35384634137153625,-0.06175544112920761,0.5191882252693176,0.38812124729156494,-0.07580992579460144,0.43677839636802673,0.4093224108219147,-0.005257285200059414,0.4501645565032959,0.30361056327819824,-0.0223628468811512,0.4620175361633301,0.23831799626350403,-0.04186439514160156,0.47183388471603394,0.18302491307258606,-0.05617576465010643,0.3968595266342163,0.41385987401008606,-0.020179608836770058,0.3963564336299896,0.3102980852127075,-0.03721313923597336,0.40111351013183594,0.23988214135169983,-0.053389355540275574,0.4097699522972107,0.1803121566772461,-0.06462247669696808,0.35424670577049255,0.4397834241390228,-0.03815499693155289,0.340846449136734,0.358419805765152,-0.05155128613114357,0.3336763381958008,0.3003670871257782,-0.05775328353047371,0.33121830224990845,0.24554862082004547,-0.062176283448934555
0.392400324344635,0.6592097282409668,2.571087236447056e-07,0.45975685119628906,0.6134021878242493,-0.018932105973362923,0.513331413269043,0.5461201071739197,-0.02979722060263157,0.5368063449859619,0.4809858500957489,-0.04380997642874718,0.5296816825866699,0.42287343740463257,-0.05648785084486008,0.4737311899662018,0.42898067831993103,0.0006665150867775083,0.49369311332702637,0.3419903814792633,-0.03496300056576729,0.5086790919303894,0.35142338275909424,-0.06555632501840591,0.51601642370224,0.3860280513763428,-0.07990279793739319,0.43593892455101013,0.41023343801498413,-0.006571500562131405,0.45133399963378906,0.30550074577331543,-0.02483309619128704,0.4634890854358673,0.2384405881166458,-0.04506612941622734,0.4727611541748047,0.179640531539917,-0.05961436405777931,0.39708852767944336,0.4142138361930847,-0.020955409854650497,0.3985939025878906,0.3100302219390869,-0.03857966884970665,0.40473654866218567,0.23951220512390137,-0.05504808947443962,0.41351932287216187,0.18063247203826904,-0.0661238431930542,0.35486671328544617,0.4381652772426605,-0.03828921914100647,0.34068232774734497,0.3565447926521301,-0.0522829033434391,0.33431392908096313,0.29904112219810486,-0.05878712981939316,0.33196669816970825,0.24610289931297302,-0.06297540664672852
0.3887919485569,0.6696382164955139,1.5271201903033216e-07,0.455236554145813,0.6239296197891235,-0.01366721373051405,0.5054550766944885,0.563177227973938,-0.01873873919248581,0.5269048810005188,0.5042361617088318,-0.027103934437036514,0.5230883359909058,0.44938650727272034,-0.03457599878311157,0.4663090407848358,0.4481627941131592,0.009578323923051357,0.4849092662334442,0.37710410356521606,-0.015271377749741077,0.4952206015586853,0.38132479786872864,-0.04036014899611473,0.5000910758972168,0.39780858159065247,-0.05404601991176605,0.4315343201160431,0.4273756444454193,0.0012423333246260881,0.44655391573905945,0.3295517563819885,-0.011785231530666351,0.45850619673728943,0.2700771391391754,-0.0308018047362566,0.46834230422973633,0.2204527109861374,-0.04550034552812576,0.3945757746696472,0.4284829795360565,-0.013024077750742435,0.3986104130744934,0.3333919644355774,-0.02731679566204548,0.4041799306869507,0.2705385684967041,-0.04413905367255211,0.4128824770450592,0.21775518357753754,-0.05613740161061287,0.3542954921722412,0.4495992660522461,-0.029645690694451332,0.3421567678451538,0.3723798990249634,-0.04189235717058182,0.33694180846214294,0.31948089599609375,-0.048331692814826965,0.3360176086425781,0.27122777700424194,-0.05295697599649429
0.360360324382782,0.7301820516586304,1.842835786192154e-07,0.41589272022247314,0.6827327013015747,-0.013736098073422909,0.4551711976528168,0.6208352446556091,-0.02078520506620407,0.465451180934906,0.564323365688324,-0.03056400641798973,0.44966834783554077,0.5187388062477112,-0.039396002888679504,0.4150064289569855,0.5324991941452026,0.004480248782783747,0.42696788907051086,0.4610697627067566,-0.023364050313830376,0.43621158599853516,0.4665258526802063,-0.04797482118010521,0.44107478857040405,0.49101144075393677,-0.05937632545828819,0.38478589057922363,0.5212462544441223,-0.001671015634201467,0.39329785108566284,0.43300700187683105,-0.015090662986040115,0.4000517427921295,0.3781099319458008,-0.031180037185549736,0.40559014678001404,0.3328651785850525,-0.042929407209157944,0.3535158336162567,0.5270789861679077,-0.013599636033177376,0.3541860282421112,0.4418613016605377,-0.026610106229782104,0.35570135712623596,0.3864905834197998,-0.03906815126538277,0.358971506357193,0.34166744351387024,-0.04742812737822533,0.31912609934806824,0.5497807860374451,-0.027811715379357338,0.3105875253677368,0.4824976325035095,-0.03716406971216202,0.3050294816493988,0.43565231561660767,-0.040836233645677567,0.30095863342285156,0.3934503197669983,-0.04327438026666641
0.3340662717819214,0.7339346408843994,2.019504847794451e-07,0.37956035137176514,0.6890988349914551,-0.017942413687705994,0.4110070765018463,0.630003809928894,-0.02728184312582016,0.4174196720123291,0.5764896869659424,-0.03800277039408684,0.40438205003738403,0.5318067073822021,-0.04723687469959259,0.37407591938972473,0.5457203984260559,-0.0013604853302240372,0.37942835688591003,0.47626376152038574,-0.02988758496940136,0.3884860575199127,0.4840897023677826,-0.05453014373779297,0.3947550058364868,0.5108669400215149,-0.06589914113283157,0.34380167722702026,0.5376486778259277,-0.004723270423710346,0.3449118733406067,0.45649248361587524,-0.01936650648713112,0.3469606935977936,0.4045681357383728,-0.03558148443698883,0.3481411337852478,0.35957255959510803,-0.04704877734184265,0.3145497143268585,0.5464641451835632,-0.013874629512429237,0.3072763681411743,0.47263380885124207,-0.027034858241677284,0.3040071427822113,0.4191715717315674,-0.039060916751623154,0.3041830062866211,0.3737766742706299,-0.0469791442155838,0.2837861180305481,0.5710060596466064,-0.025611896067857742,0.2709901034832001,0.5114901065826416,-0.03415105119347572,0.26428329944610596,0.46959853172302246,-0.03731339052319527,0.26112228631973267,0.4306991696357727,-0.039325304329395294
0.3388100266456604,0.7446320056915283,1.1902857011136803e-07,0.38351157307624817,0.6979913711547852,-0.014169913716614246,0.4139699935913086,0.6379899382591248,-0.02114851213991642,0.420380175113678,0.5850696563720703,-0.030271613970398903,0.40710681676864624,0.5444384813308716,-0.038101278245449066,0.37493979930877686,0.5579782128334045,0.003104218514636159,0.379669189453125,0.4884994626045227,-0.023760398849844933,0.3897979259490967,0.4965282380580902,-0.04778901860117912,0.39705002307891846,0.524366557598114,-0.05888260528445244,0.34648382663726807,0.5512068867683411,-0.001519442885182798,0.3464704751968384,0.4707872271537781,-0.013976163230836391,0.3480835258960724,0.42121559381484985,-0.02930392324924469,0.34893345832824707,0.3811184763908386,-0.040416888892650604,0.3194575309753418,0.5603076219558716,-0.01161699928343296,0.31294673681259155,0.48689916729927063,-0.022654129192233086,0.309600830078125,0.43497228622436523,-0.034146834164857864,0.3092098832130432,0.39143455028533936,-0.042163848876953125,0.2913769483566284,0.5850438475608826,-0.024123722687363625,0.276546835899353,0.5283848643302917,-0.031671687960624695,0.26740729808807373,0.488075852394104,-0.03469088673591614,0.2615314722061157,0.4505138397216797,-0.036716945469379425
0.3367408514022827,0.7418709397315979,1.6956224158093391e-07,0.38311609625816345,0.6963616609573364,-0.01511388085782528,0.4143100678920746,0.636853039264679,-0.02277655526995659,0.4190833270549774,0.5846409797668457,-0.03232152760028839,0.40554818511009216,0.5432283878326416,-0.04041101410984993,0.3768756687641144,0.5568414330482483,0.0018590956460684538,0.3819378614425659,0.4872056245803833,-0.025397364050149918,0.39114004373550415,0.4940885007381439,-0.04896676540374756,0.3980797827243805,0.5211264491081238,-0.05953633040189743,0.34739169478416443,0.5498049259185791,-0.0020159955602139235,0.34840989112854004,0.4697585105895996,-0.015309442766010761,0.3503849506378174,0.41894689202308655,-0.030319074168801308,0.35154929757118225,0.3768908381462097,-0.040942125022411346,0.3192954659461975,0.558271050453186,-0.011507997289299965,0.3118075728416443,0.484422504901886,-0.023241503164172173,0.3085102438926697,0.4336242079734802,-0.034266673028469086,0.30840906500816345,0.3916996121406555,-0.04160122945904732,0.29047542810440063,0.5820698142051697,-0.023427506908774376,0.27699315547943115,0.5248497128486633,-0.031110171228647232,0.2687827944755554,0.48480692505836487,-0.03404217213392258,0.26327288150787354,0.44773387908935547,-0.03587108105421066
0.338220477104187,0.7419267892837524,1.703859737745006e-07,0.38432422280311584,0.6950594782829285,-0.01429582666605711,0.4152931571006775,0.6354471445083618,-0.02158867008984089,0.41950172185897827,0.5835321545600891,-0.030901998281478882,0.40498867630958557,0.5425353050231934,-0.03885319083929062,0.37632977962493896,0.5563516616821289,0.002557502593845129,0.3813360631465912,0.48766061663627625,-0.024193260818719864,0.39117109775543213,0.4947047233581543,-0.04752921313047409,0.3988635241985321,0.5209890604019165,-0.058040112257003784,0.3471316993236542,0.5495632886886597,-0.0019006184302270412,0.34795448184013367,0.47014299035072327,-0.014918426051735878,0.3504669666290283,0.41934919357299805,-0.03001788631081581,0.3523823320865631,0.376520574092865,-0.04070736840367317,0.3191087245941162,0.5581543445587158,-0.011845172382891178,0.3121952414512634,0.4833539128303528,-0.023510901257395744,0.3099510669708252,0.43186038732528687,-0.034747496247291565,0.31097501516342163,0.38911259174346924,-0.04217486456036568,0.28981396555900574,0.5820890069007874,-0.024105044081807137,0.2760530412197113,0.5239353775978088,-0.031751152127981186,0.2683088779449463,0.4833795428276062,-0.03464154899120331,0.26356375217437744,0.4462493658065796,-0.036391016095876694
0.3404172360897064,0.7477700114250183,9.206594597799267e-08,0.387675404548645,0.7051934003829956,-0.01238890178501606,0.4196281433105469,0.6438191533088684,-0.017533522099256516,0.42654886841773987,0.590048611164093,-0.02486925572156906,0.4123130440711975,0.5502946376800537,-0.031175578013062477,0.3810434341430664,0.5637564063072205,0.004593271762132645,0.38678985834121704,0.49579763412475586,-0.020189983770251274,0.397329181432724,0.5030763745307922,-0.042693767696619034,0.40455594658851624,0.5293291807174683,-0.05318195000290871,0.35387155413627625,0.5568969249725342,-0.00016782681632321328,0.354430615901947,0.47619637846946716,-0.011455410160124302,0.35667791962623596,0.4282233715057373,-0.026003533974289894,0.3576195240020752,0.3910853862762451,-0.03655385598540306,0.3277669847011566,0.5646995306015015,-0.0100097069516778,0.32221925258636475,0.48949798941612244,-0.020598435774445534,0.3204512894153595,0.437721312046051,-0.03134772926568985,0.3205874562263489,0.3952155113220215,-0.03868114575743675,0.30047479271888733,0.5871485471725464,-0.022019948810338974,0.28767475485801697,0.5272236466407776,-0.02996823564171791,0.2799912393093109,0.4856155812740326,-0.03290925547480583,0.27500486373901367,0.44708073139190674,-0.03472469374537468
0.3443836569786072,0.75059974193573,1.0487258350622142e-07,0.39391854405403137,0.7078050374984741,-0.011490236967802048,0.42637118697166443,0.6491976380348206,-0.016572535037994385,0.43356209993362427,0.596203088760376,-0.02425839565694332,0.42070966958999634,0.5547301769256592,-0.031037576496601105,0.39280787110328674,0.5727934241294861,0.005462059285491705,0.39941078424453735,0.5057094693183899,-0.01891842670738697,0.40896689891815186,0.5119082927703857,-0.04074299708008766,0.4157937467098236,0.5369378328323364,-0.050939373672008514,0.36459437012672424,0.5648256540298462,0.00042180632590316236,0.3667486608028412,0.4848737418651581,-0.010879489593207836,0.37013256549835205,0.43695932626724243,-0.02495795674622059,0.3723987936973572,0.39890098571777344,-0.03532986342906952,0.33729445934295654,0.5718069076538086,-0.009674225933849812,0.3325774371623993,0.4971616268157959,-0.020651523023843765,0.331087589263916,0.44705238938331604,-0.03125111386179924,0.3313833475112915,0.4062960743904114,-0.038435984402894974,0.30902722477912903,0.5930414199829102,-0.021844061091542244,0.2979659140110016,0.5328426361083984,-0.030356159433722496,0.290984183549881,0.4908313751220703,-0.03386690095067024,0.2860713005065918,0.45175009965896606,-0.03612067177891731
0.3434271812438965,0.7496752142906189,1.4439581264014123e-07,0.3928200900554657,0.7080761194229126,-0.011607017368078232,0.42542892694473267,0.6503610014915466,-0.017068179324269295,0.432189404964447,0.5979182720184326,-0.025045111775398254,0.4193829298019409,0.5553181767463684,-0.03210033103823662,0.3900853097438812,0.5728493928909302,0.005034022498875856,0.3969728350639343,0.5051125884056091,-0.01952972635626793,0.40477681159973145,0.509552538394928,-0.04106028750538826,0.41041359305381775,0.5348979830741882,-0.0506763756275177,0.36196935176849365,0.5643575191497803,0.00020656443666666746,0.36643660068511963,0.48482459783554077,-0.011052552610635757,0.3705105185508728,0.43600261211395264,-0.024467889219522476,0.3741554915904999,0.3955659866333008,-0.03409591689705849,0.3348710834980011,0.5707978010177612,-0.009738304652273655,0.33235830068588257,0.49530529975891113,-0.020154155790805817,0.3321225345134735,0.4468182921409607,-0.02975565381348133,0.33419269323349,0.4076862931251526,-0.03609809651970863,0.3061567544937134,0.5917652249336243,-0.021784070879220963,0.2966080605983734,0.5322546362876892,-0.029179828241467476,0.29085099697113037,0.4910060167312622,-0.03173428773880005,0.2870193123817444,0.4538002908229828,-0.033202216029167175
0.343716561794281,0.7492887377738953,1.4623992683482356e-07,0.3929550349712372,0.7081083655357361,-0.01203644834458828,0.42537352442741394,0.6502580642700195,-0.01771445944905281,0.4321613311767578,0.5980266332626343,-0.025791548192501068,0.4199981689453125,0.5552999973297119,-0.032803405076265335,0.39110034704208374,0.5722752213478088,0.004146989434957504,0.3977649509906769,0.5044206976890564,-0.02059607021510601,0.4057733416557312,0.5095289945602417,-0.042036622762680054,0.4115116596221924,0.535048246383667,-0.05151178687810898,0.36280351877212524,0.5639381408691406,-0.00039832881884649396,0.36691614985466003,0.4846385419368744,-0.011860199272632599,0.3715376853942871,0.43584588170051575,-0.02513473480939865,0.3754650950431824,0.3952276110649109,-0.03462132439017296,0.33538487553596497,0.5705916881561279,-0.010084525682032108,0.331956148147583,0.4959227442741394,-0.020673537626862526,0.33122149109840393,0.4475553631782532,-0.030294295400381088,0.3326660096645355,0.40840956568717957,-0.03657343611121178,0.3064771294593811,0.5918481349945068,-0.02188936620950699,0.29621538519859314,0.5324606895446777,-0.029292583465576172,0.2898884415626526,0.49113982915878296,-0.03191752731800079,0.28538092970848083,0.453763484954834,-0.033405475318431854
0.35070452094078064,0.7501360177993774,1.5846362089178e-07,0.3980714678764343,0.7093906402587891,-0.015018469654023647,0.4302805960178375,0.6511385440826416,-0.021753037348389626,0.43633925914764404,0.5983115434646606,-0.030205586925148964,0.423379510641098,0.5558719038963318,-0.037256740033626556,0.3952343463897705,0.5745220184326172,0.0007127532735466957,0.4025905430316925,0.5068185925483704,-0.02524801716208458,0.412752240896225,0.5137296319007874,-0.04743388667702675,0.4199645221233368,0.5392457842826843,-0.057466257363557816,0.36667150259017944,0.5664383769035339,-0.0026890041772276163,0.37064799666404724,0.4887463450431824,-0.0157817080616951,0.3752743601799011,0.4401282072067261,-0.03039512038230896,0.37855616211891174,0.40063607692718506,-0.04086752235889435,0.33894461393356323,0.5729314088821411,-0.011399833485484123,0.33621734380722046,0.49795791506767273,-0.02354094758629799,0.3365747034549713,0.4482036828994751,-0.034574881196022034,0.3387462794780731,0.40698543190956116,-0.04181937128305435,0.3099748194217682,0.5935570597648621,-0.02237890474498272,0.30029696226119995,0.5346035361289978,-0.03101877123117447,0.2939034104347229,0.49393919110298157,-0.03468644246459007,0.2893543243408203,0.4561615288257599,-0.03697154298424721
0.351502001285553,0.7477309107780457,1.8729426187746867e-07,0.3990471661090851,0.710277259349823,-0.017123358324170113,0.43187373876571655,0.653712809085846,-0.02518295869231224,0.4398444890975952,0.6020715236663818,-0.034635990858078,0.42708298563957214,0.5607612133026123,-0.042604800313711166,0.39675405621528625,0.5739744305610657,-0.0017265437636524439,0.40470629930496216,0.5065556168556213,-0.028859902173280716,0.41421228647232056,0.5142799019813538,-0.051683127880096436,0.4211012125015259,0.5412476658821106,-0.06182928383350372,0.36758238077163696,0.5654773116111755,-0.004079835955053568,0.3725016415119171,0.48812419176101685,-0.017454246059060097,0.3778221011161804,0.4398118853569031,-0.03161352500319481,0.38288065791130066,0.39962953329086304,-0.041623059660196304,0.33966612815856934,0.5719122290611267,-0.01198348868638277,0.3370654284954071,0.4979487955570221,-0.02399313636124134,0.33760976791381836,0.4487614929676056,-0.034461136907339096,0.3406924307346344,0.40802961587905884,-0.041279152035713196,0.31119367480278015,0.5925583243370056,-0.022430013865232468,0.30271440744400024,0.5344349145889282,-0.030736256390810013,0.29702937602996826,0.4946276545524597,-0.033926915377378464,0.29322364926338196,0.4582711458206177,-0.03583361580967903
0.35092151165008545,0.7489486336708069,1.6867451790858468e-07,0.3983924686908722,0.7107750773429871,-0.015354027040302753,0.4306700825691223,0.6534325480461121,-0.02206660620868206,0.43845003843307495,0.6017237305641174,-0.030289707705378532,0.42808037996292114,0.5596691966056824,-0.037175096571445465,0.3965159058570862,0.5767682790756226,-0.0005364815588109195,0.404720276594162,0.5097975730895996,-0.026133496314287186,0.41374778747558594,0.516257107257843,-0.04769209027290344,0.4201182723045349,0.5412326455116272,-0.05737327039241791,0.3678823411464691,0.5672973394393921,-0.0035833604633808136,0.3727914094924927,0.4903492033481598,-0.016445623710751534,0.3779012858867645,0.44176042079925537,-0.030589383095502853,0.38251179456710815,0.40098339319229126,-0.040694236755371094,0.3401026427745819,0.5731379985809326,-0.01185730379074812,0.33787643909454346,0.49875277280807495,-0.023683663457632065,0.3388451039791107,0.44940584897994995,-0.034567780792713165,0.3421596884727478,0.40801167488098145,-0.04180200770497322,0.3111311197280884,0.5931951403617859,-0.022404812276363373,0.30265119671821594,0.5350848436355591,-0.03091607801616192,0.2975490689277649,0.4951164722442627,-0.03450460731983185,0.294437050819397,0.45849400758743286,-0.03676839545369148
0.35212382674217224,0.7479694485664368,1.8770745668916788e-07,0.3997914493083954,0.7094708681106567,-0.016201181337237358,0.43150508403778076,0.6528494358062744,-0.023861119523644447,0.43859851360321045,0.6003594994544983,-0.033068280667066574,0.4261991083621979,0.5579506754875183,-0.04081515595316887,0.39618584513664246,0.57579505443573,-0.0006389922345988452,0.40377628803253174,0.5081786513328552,-0.02707429975271225,0.41311517357826233,0.5155869126319885,-0.049040671437978745,0.41976889967918396,0.5418152213096619,-0.05868041142821312,0.36781835556030273,0.5672951936721802,-0.0034534672740846872,0.37336575984954834,0.4898730516433716,-0.01670866645872593,0.3783235251903534,0.4411555528640747,-0.030680911615490913,0.38282185792922974,0.3995549976825714,-0.04049515724182129,0.34029555320739746,0.5734809041023254,-0.011714985594153404,0.33788853883743286,0.4993049204349518,-0.023820199072360992,0.338352769613266,0.45008528232574463,-0.034180041402578354,0.3412364721298218,0.4092068672180176,-0.0408337228000164,0.3114628195762634,0.5935096740722656,-0.022379426285624504,0.30307865142822266,0.5352063775062561,-0.030649317428469658,0.29796311259269714,0.49521005153656006,-0.03378226235508919,0.29484719038009644,0.45890045166015625,-0.0356413908302784
0.3531680703163147,0.7484059929847717,1.763314116942638e-07,0.4002014994621277,0.7090378999710083,-0.01516200415790081,0.4320768415927887,0.6530005931854248,-0.022140176966786385,0.4397898316383362,0.6012065410614014,-0.030752409249544144,0.42584162950515747,0.5595216751098633,-0.03799465298652649,0.39630600810050964,0.5772386193275452,0.0006124466308392584,0.4042340815067291,0.5104045867919922,-0.02458476461470127,0.4129652678966522,0.5176891684532166,-0.04611250013113022,0.41945773363113403,0.5427614450454712,-0.05569308251142502,0.3679617643356323,0.5682390332221985,-0.0024220303166657686,0.3724058270454407,0.49097418785095215,-0.01419113203883171,0.3780650198459625,0.44330286979675293,-0.027691762894392014,0.38365426659584045,0.40363773703575134,-0.03750200942158699,0.3404700756072998,0.5738628506660461,-0.010710470378398895,0.3384702503681183,0.5001682639122009,-0.021221287548542023,0.3399825394153595,0.4520961046218872,-0.031054526567459106,0.34378668665885925,0.41257840394973755,-0.03769081085920334,0.3120977282524109,0.5930560827255249,-0.021367181092500687,0.30400797724723816,0.5346124172210693,-0.028481949120759964,0.2995724678039551,0.495175838470459,-0.0309994388371706,0.2970055937767029,0.4596928656101227,-0.032595034688711166
0.3527596592903137,0.7484086751937866,1.7771523630472075e-07,0.39980512857437134,0.7098541855812073,-0.015238120220601559,0.4315185844898224,0.6533171534538269,-0.022191686555743217,0.43878841400146484,0.6006813049316406,-0.030695840716362,0.4247054159641266,0.5586374998092651,-0.03784112632274628,0.3967353105545044,0.5776717662811279,0.00028091645799577236,0.40422913432121277,0.5106847286224365,-0.024778058752417564,0.41268032789230347,0.5177095532417297,-0.046169690787792206,0.41906625032424927,0.5425218939781189,-0.055706266313791275,0.36843422055244446,0.5683882236480713,-0.0026250414084643126,0.3731198310852051,0.49115440249443054,-0.014269464649260044,0.3783935010433197,0.44309473037719727,-0.027640344575047493,0.3836791515350342,0.40280330181121826,-0.03734979033470154,0.3408799171447754,0.5738107562065125,-0.01075121108442545,0.3387887477874756,0.4996397793292999,-0.021352898329496384,0.3399953842163086,0.45098626613616943,-0.031283486634492874,0.34362077713012695,0.41089069843292236,-0.03796660900115967,0.31240230798721313,0.5929492712020874,-0.021204421296715736,0.30413901805877686,0.5341389179229736,-0.02856813184916973,0.29931479692459106,0.4947512745857239,-0.031208552420139313,0.2963576316833496,0.4596249461174011,-0.03284723684191704
0.3525494933128357,0.7488918304443359,1.781271663503503e-07,0.3998594880104065,0.7096030116081238,-0.015104169026017189,0.43192943930625916,0.6531304717063904,-0.022055597975850105,0.43913495540618896,0.6006492972373962,-0.03061017580330372,0.42474856972694397,0.5587798357009888,-0.037764258682727814,0.39643603563308716,0.5777151584625244,0.0006925255293026567,0.40411123633384705,0.5102493166923523,-0.024453507736325264,0.4127212166786194,0.5178121328353882,-0.04586381837725639,0.4191253185272217,0.5430158376693726,-0.055356837809085846,0.3682025372982025,0.568796694278717,-0.0023583744186908007,0.3731923997402191,0.49135667085647583,-0.01419019140303135,0.3784596621990204,0.44302430748939514,-0.02776554599404335,0.3835085928440094,0.4023969769477844,-0.037570178508758545,0.3406924605369568,0.5743379592895508,-0.010648556984961033,0.3386894166469574,0.5000768303871155,-0.02139163576066494,0.33995115756988525,0.45112234354019165,-0.03142219036817551,0.343478262424469,0.41073858737945557,-0.038127392530441284,0.3121147155761719,0.5934492945671082,-0.02124989591538906,0.30409011244773865,0.5345571637153625,-0.028591392561793327,0.2994343042373657,0.4949660003185272,-0.03121444582939148,0.2965487837791443,0.45956167578697205,-0.03283143788576126
0.3581615090370178,0.7504620552062988,1.839157306449124e-07,0.40373465418815613,0.7105717658996582,-0.013036764226853848,0.4348571300506592,0.6547687649726868,-0.019555173814296722,0.44383835792541504,0.6036292910575867,-0.027953214943408966,0.4283454418182373,0.5649175047874451,-0.0353558175265789,0.39955657720565796,0.579230785369873,0.0013231588527560234,0.40770840644836426,0.5126916766166687,-0.02391553856432438,0.4166262149810791,0.5209567546844482,-0.045739248394966125,0.42231225967407227,0.545557975769043,-0.05543481931090355,0.3715169429779053,0.5706472992897034,-0.003033905290067196,0.3770982623100281,0.49119827151298523,-0.015145356766879559,0.3827440142631531,0.44253969192504883,-0.02896154299378395,0.3870069682598114,0.4030531644821167,-0.03859664499759674,0.34411394596099854,0.5760347247123718,-0.012384182773530483,0.3422618508338928,0.5003155469894409,-0.02306552231311798,0.3432716429233551,0.4479314386844635,-0.03322877362370491,0.3463503420352936,0.40593498945236206,-0.03978528454899788,0.31573864817619324,0.5945674180984497,-0.023859988898038864,0.31051021814346313,0.5325914621353149,-0.030238933861255646,0.3085765242576599,0.4914553463459015,-0.031915005296468735,0.3090076446533203,0.45624250173568726,-0.032817550003528595
0.3567432761192322,0.751322865486145,2.0338880801773485e-07,0.40264829993247986,0.7107353210449219,-0.013696303591132164,0.4336071014404297,0.6560995578765869,-0.02104131132364273,0.44371116161346436,0.6041317582130432,-0.030218835920095444,0.42793935537338257,0.5638140439987183,-0.03866588696837425,0.3993752598762512,0.5808805227279663,4.9264194785791915e-06,0.40835872292518616,0.5146732926368713,-0.02521403692662716,0.41612833738327026,0.5206451416015625,-0.04684491083025932,0.42089831829071045,0.5445696711540222,-0.0565999373793602,0.37152668833732605,0.5708004236221313,-0.004314861260354519,0.3778431713581085,0.49133819341659546,-0.016527175903320312,0.383002370595932,0.4420396089553833,-0.030261801555752754,0.3870820701122284,0.4014909267425537,-0.03999434411525726,0.34419959783554077,0.5760033130645752,-0.013607028871774673,0.34259557723999023,0.49995511770248413,-0.02458578161895275,0.34278884530067444,0.44742900133132935,-0.034902796149253845,0.34511300921440125,0.40552473068237305,-0.04181429371237755,0.31576117873191833,0.5953249335289001,-0.025019049644470215,0.31166595220565796,0.534582257270813,-0.0318366140127182,0.31080472469329834,0.49420860409736633,-0.03369517624378204,0.3122504949569702,0.45993608236312866,-0.03491019085049629
0.3563580811023712,0.7515485286712646,1.9631572456546564e-07,0.4026840329170227,0.7108786702156067,-0.013818671926856041,0.4335438311100006,0.6556822657585144,-0.021133743226528168,0.4433448016643524,0.6030681729316711,-0.030317461118102074,0.42687514424324036,0.5628791451454163,-0.03868681564927101,0.3995673954486847,0.5808109045028687,0.0006315233185887337,0.4081994593143463,0.514607310295105,-0.024624371901154518,0.41611483693122864,0.5205824375152588,-0.046172577887773514,0.42094844579696655,0.5444837212562561,-0.05575701966881752,0.37173277139663696,0.5708253383636475,-0.003634169464930892,0.3778745234012604,0.4914586544036865,-0.015594212338328362,0.3826032876968384,0.4423409700393677,-0.02897847816348076,0.3863969147205353,0.40135085582733154,-0.03846592828631401,0.3444625735282898,0.5758241415023804,-0.012985434383153915,0.34323668479919434,0.5006569623947144,-0.02374172955751419,0.3435436189174652,0.4486576318740845,-0.033712245523929596,0.3458828032016754,0.4072454571723938,-0.0403563529253006,0.31563061475753784,0.5947719812393188,-0.024540439248085022,0.3113696873188019,0.5342201590538025,-0.0311441533267498,0.3099886178970337,0.4937646985054016,-0.0328819677233696,0.3108324110507965,0.45936739444732666,-0.03402075916528702
0.360828697681427,0.7530535459518433,1.9290753527911875e-07,0.40591734647750854,0.7113529443740845,-0.0133099015802145,0.43662601709365845,0.6567874550819397,-0.020813193172216415,0.44709572196006775,0.6053990721702576,-0.030328605324029922,0.43210798501968384,0.5656945109367371,-0.03909024968743324,0.40431147813796997,0.581085741519928,0.00035303839831613004,0.41164758801460266,0.5160396099090576,-0.02510000392794609,0.420809268951416,0.5227313041687012,-0.04696058854460716,0.4276300072669983,0.545533299446106,-0.05708662047982216,0.37642645835876465,0.57274329662323,-0.004487170837819576,0.38182497024536133,0.4935297667980194,-0.01701158471405506,0.3864235281944275,0.44400039315223694,-0.031048856675624847,0.3903314769268036,0.40112215280532837,-0.04104791209101677,0.34953829646110535,0.5801414251327515,-0.014194663614034653,0.34769269824028015,0.5067001581192017,-0.02556377463042736,0.34924834966659546,0.4560132622718811,-0.035525135695934296,0.3532857596874237,0.41303750872612,-0.04227008670568466,0.32198506593704224,0.6014654636383057,-0.026043111458420753,0.3182961642742157,0.5445449352264404,-0.03302392363548279,0.3188050389289856,0.5065945982933044,-0.034603141248226166,0.3215414881706238,0.4725019931793213,-0.03567614406347275
0.3615701198577881,0.752834677696228,2.009021073945405e-07,0.40559253096580505,0.7132627367973328,-0.013536596670746803,0.43597036600112915,0.6576371192932129,-0.02094004675745964,0.44655340909957886,0.6056172251701355,-0.030059607699513435,0.43106609582901,0.5652714967727661,-0.03855692595243454,0.40374237298965454,0.5815109610557556,-0.0012966617941856384,0.4114598333835602,0.515977144241333,-0.026734240353107452,0.41979050636291504,0.5219106078147888,-0.048624441027641296,0.4253656268119812,0.5438854098320007,-0.05886366218328476,0.3761081099510193,0.5720328688621521,-0.006135910749435425,0.3820919990539551,0.4932759702205658,-0.018993675708770752,0.3865872621536255,0.4426940679550171,-0.03340672701597214,0.3899003863334656,0.3988821506500244,-0.043715331703424454,0.3491891324520111,0.5790715217590332,-0.015697667375206947,0.34784579277038574,0.5051351189613342,-0.027259258553385735,0.34941548109054565,0.4540426731109619,-0.03762800246477127,0.35314881801605225,0.41051459312438965,-0.044751185923814774,0.32119131088256836,0.6004124879837036,-0.027317054569721222,0.31794220209121704,0.5433551073074341,-0.03447393700480461,0.31891053915023804,0.5055323839187622,-0.03611001744866371,0.3221557140350342,0.4715077877044678,-0.0373154953122139
0.36182981729507446,0.7525261640548706,2.0325148852862185e-07,0.40578603744506836,0.7128797173500061,-0.013764867559075356,0.4358951449394226,0.6575009822845459,-0.021414130926132202,0.4467158615589142,0.6052499413490295,-0.03079053945839405,0.43112999200820923,0.5645286440849304,-0.03953789919614792,0.4035530686378479,0.5817131400108337,-0.001582526252605021,0.41190704703330994,0.5165181756019592,-0.02708323299884796,0.42060360312461853,0.5229740142822266,-0.0489165224134922,0.42638829350471497,0.5454047918319702,-0.059099096804857254,0.3759763836860657,0.572054922580719,-0.0063139027915894985,0.3825186789035797,0.49323225021362305,-0.018969504162669182,0.38732606172561646,0.44297122955322266,-0.03317917138338089,0.39102116227149963,0.3993568420410156,-0.04340585321187973,0.34903979301452637,0.5787928700447083,-0.015805931761860847,0.34760943055152893,0.5046550631523132,-0.027131395414471626,0.3490513861179352,0.45284807682037354,-0.03748336061835289,0.3527887165546417,0.4088936448097229,-0.044697053730487823,0.32116010785102844,0.5998870134353638,-0.027404772117733955,0.31761088967323303,0.5426291227340698,-0.03453969955444336,0.3182583749294281,0.5038616061210632,-0.036348119378089905,0.3213180899620056,0.4691404700279236,-0.03772735968232155
0.36004889011383057,0.7569819688796997,1.248947967269487e-07,0.4041348695755005,0.7184961438179016,-0.01368868537247181,0.4332673251628876,0.6623285412788391,-0.019442010670900345,0.44355034828186035,0.6082599759101868,-0.026846973225474358,0.43054425716400146,0.5666415691375732,-0.03346506133675575,0.40241190791130066,0.5885206460952759,0.0016669705510139465,0.4082103967666626,0.5205339193344116,-0.022727511823177338,0.4168950617313385,0.5251623392105103,-0.044089172035455704,0.422518253326416,0.5471708178520203,-0.054164350032806396,0.37816423177719116,0.5810918211936951,-0.0023593190126121044,0.38151881098747253,0.5009300708770752,-0.015558639541268349,0.3825470507144928,0.452572762966156,-0.03064860589802265,0.38223996758461,0.41415634751319885,-0.04146448150277138,0.3549014925956726,0.5877600312232971,-0.011243212968111038,0.35771623253822327,0.513330340385437,-0.02332882024347782,0.3610575497150421,0.4650478959083557,-0.0337173193693161,0.36410874128341675,0.42726385593414307,-0.04045160114765167,0.3296569585800171,0.6052600145339966,-0.02224297635257244,0.33151379227638245,0.5452796220779419,-0.030605265870690346,0.33339381217956543,0.5049773454666138,-0.033610999584198,0.3356255888938904,0.4688799977302551,-0.035480983555316925
0.3560532331466675,0.7663410902023315,1.4654651181444933e-07,0.3986717462539673,0.7251851558685303,-0.012511017732322216,0.4251009523868561,0.6692029237747192,-0.017894458025693893,0.4334121346473694,0.6163175106048584,-0.025103596970438957,0.41833949089050293,0.5764632225036621,-0.03172765672206879,0.39310792088508606,0.5990824699401855,0.0034656370989978313,0.39708319306373596,0.5331279635429382,-0.019809354096651077,0.40467435121536255,0.5355945229530334,-0.04059310257434845,0.4106047749519348,0.5551425218582153,-0.050494831055402756,0.36804744601249695,0.5930630564689636,-0.0008684223284944892,0.37028995156288147,0.5162604451179504,-0.012988153845071793,0.37000125646591187,0.46899035573005676,-0.027067897841334343,0.36929094791412354,0.4307079315185547,-0.037132978439331055,0.3443208932876587,0.6007142663002014,-0.009988322854042053,0.34485992789268494,0.530575692653656,-0.02093351259827614,0.34607014060020447,0.484374463558197,-0.029783667996525764,0.3483971953392029,0.4473740756511688,-0.03556584194302559,0.31900858879089355,0.619853138923645,-0.02124643325805664,0.31964173913002014,0.5632244348526001,-0.028283176943659782,0.32160526514053345,0.5258957743644714,-0.029755158349871635,0.32487329840660095,0.4927316904067993,-0.03059268556535244
0.35615232586860657,0.766330897808075,1.5870509173510072e-07,0.39835864305496216,0.7238621115684509,-0.013637306168675423,0.4260963797569275,0.6676845550537109,-0.01958250068128109,0.43355944752693176,0.614479124546051,-0.02712256833910942,0.4172127842903137,0.5746623277664185,-0.03412679582834244,0.3928481936454773,0.5986709594726562,0.002569657051935792,0.39720502495765686,0.5332780480384827,-0.02080385386943817,0.4045151174068451,0.5356382727622986,-0.04163319617509842,0.4100959897041321,0.5544515252113342,-0.05161129683256149,0.36788031458854675,0.5928475856781006,-0.0014114545192569494,0.37044602632522583,0.5159367322921753,-0.013853970915079117,0.37023258209228516,0.46880972385406494,-0.028500959277153015,0.36926209926605225,0.4304485321044922,-0.03892647102475166,0.34419769048690796,0.6006916165351868,-0.010194497182965279,0.3452551066875458,0.5300484299659729,-0.02175036631524563,0.3467383086681366,0.48290950059890747,-0.03146487846970558,0.3490414321422577,0.44454362988471985,-0.03775250166654587,0.31873512268066406,0.6201351284980774,-0.021091753616929054,0.3191774785518646,0.56318598985672,-0.028611568734049797,0.3210558593273163,0.5260105729103088,-0.03048994578421116,0.32374948263168335,0.49298667907714844,-0.03160261735320091
0.35583093762397766,0.7662290334701538,1.5477456827284186e-07,0.3980816602706909,0.7238426208496094,-0.013346077874302864,0.4260351061820984,0.6675711274147034,-0.019191710278391838,0.43380317091941833,0.6142572164535522,-0.026701970025897026,0.4171600341796875,0.574665367603302,-0.03372571989893913,0.39327555894851685,0.5988810658454895,0.0028165848925709724,0.3978842794895172,0.5335104465484619,-0.020539045333862305,0.4049508571624756,0.5361394286155701,-0.041454631835222244,0.41018813848495483,0.5552854537963867,-0.05148293823003769,0.3681556284427643,0.5928535461425781,-0.0012676204787567258,0.37079060077667236,0.5157788991928101,-0.013602295890450478,0.37056905031204224,0.46852248907089233,-0.02821330353617668,0.3695887625217438,0.4300408363342285,-0.03861837461590767,0.3443295657634735,0.6005207300186157,-0.010128727182745934,0.3455345630645752,0.5296972990036011,-0.021527735516428947,0.3471022844314575,0.48240381479263306,-0.031208712607622147,0.349420428276062,0.4439237117767334,-0.03750169649720192,0.3188619017601013,0.619810163974762,-0.02109760418534279,0.31948161125183105,0.562648355960846,-0.028518861159682274,0.3214673101902008,0.525199294090271,-0.030343862250447273,0.3242182433605194,0.4918750822544098,-0.031429145485162735
0.3528449535369873,0.7656437158584595,1.291659970092951e-07,0.3960157632827759,0.7261362075805664,-0.012064823880791664,0.42163029313087463,0.6685600280761719,-0.0166645310819149,0.4290611147880554,0.6165799498558044,-0.023074880242347717,0.413826584815979,0.579604983329773,-0.028885316103696823,0.38899916410446167,0.5971764922142029,0.003593162400647998,0.39322879910469055,0.5314935445785522,-0.018858134746551514,0.40048110485076904,0.5348576307296753,-0.03888978436589241,0.40621253848075867,0.5551556348800659,-0.04845596104860306,0.36382776498794556,0.59242182970047,-0.0008313402067869902,0.3658880889415741,0.5170859694480896,-0.012549981474876404,0.36572450399398804,0.4714081287384033,-0.02627972699701786,0.36498600244522095,0.4345241189002991,-0.03614630177617073,0.3404192328453064,0.6012237668037415,-0.009952080436050892,0.3414841294288635,0.5308701992034912,-0.020807811990380287,0.34335243701934814,0.48379725217819214,-0.02979784458875656,0.3461419939994812,0.44509151577949524,-0.03577236458659172,0.31562942266464233,0.6209862232208252,-0.021095599979162216,0.3165142238140106,0.5649111866950989,-0.028221240267157555,0.319319486618042,0.5278406739234924,-0.029888669028878212,0.3236951529979706,0.4946443736553192,-0.030986463651061058
0.35436922311782837,0.7657366991043091,1.3132058995779516e-07,0.39645326137542725,0.7263005375862122,-0.012270635925233364,0.42257946729660034,0.6686396598815918,-0.01732010953128338,0.4292984902858734,0.6167964339256287,-0.023997865617275238,0.41411304473876953,0.5790442228317261,-0.03018713742494583,0.3901893198490143,0.5984303951263428,0.0017483020201325417,0.39408501982688904,0.5325183272361755,-0.021062156185507774,0.4012392461299896,0.5358306169509888,-0.04111034795641899,0.40676528215408325,0.5568485260009766,-0.050593774765729904,0.36488187313079834,0.5930219292640686,-0.0027270580176264048,0.36626726388931274,0.5164400339126587,-0.01481710746884346,0.36553314328193665,0.46982067823410034,-0.028770696371793747,0.3637315630912781,0.4321427047252655,-0.03873904421925545,0.34111881256103516,0.6017128825187683,-0.011737296357750893,0.3416934609413147,0.5308987498283386,-0.0228127371519804,0.343749463558197,0.4826204776763916,-0.03243756666779518,0.3464258909225464,0.44233450293540955,-0.03893852233886719,0.31592848896980286,0.6218032836914062,-0.02266707457602024,0.3158864974975586,0.5652427077293396,-0.030148474499583244,0.3184412717819214,0.5275198817253113,-0.03225214406847954,0.32253551483154297,0.4932980537414551,-0.033693138509988785
0.3540340065956116,0.7659327387809753,1.2536905558135913e-07,0.39638593792915344,0.7264823913574219,-0.011633466929197311,0.42250052094459534,0.6686455607414246,-0.016169799491763115,0.42938148975372314,0.6167164444923401,-0.022435320541262627,0.41404613852500916,0.5794097185134888,-0.0283321775496006,0.3903646171092987,0.5987014770507812,0.002535642823204398,0.3944791555404663,0.5335384011268616,-0.019736262038350105,0.401578813791275,0.5361049175262451,-0.039553944021463394,0.4070242643356323,0.5563390254974365,-0.049026355147361755,0.365072637796402,0.5929746627807617,-0.002147653605788946,0.36645418405532837,0.5165436267852783,-0.013832730241119862,0.3657669126987457,0.4699491560459137,-0.027658168226480484,0.36407387256622314,0.43224117159843445,-0.03761367127299309,0.34131938219070435,0.6013912558555603,-0.011295475997030735,0.3418777883052826,0.5306112766265869,-0.022131601348519325,0.3440963327884674,0.4823700189590454,-0.03179330751299858,0.3469037413597107,0.4421350359916687,-0.0383770689368248,0.31621217727661133,0.6211858987808228,-0.02232183702290058,0.31646010279655457,0.5644066333770752,-0.029746361076831818,0.31918275356292725,0.5266402959823608,-0.03188212960958481,0.32341617345809937,0.4924194812774658,-0.033389389514923096
0.3478260338306427,0.7675658464431763,1.1411732714350364e-07,0.3909398317337036,0.7273496389389038,-0.012397971004247665,0.41755321621894836,0.6716030240058899,-0.0171838216483593,0.42518559098243713,0.6182368993759155,-0.023851007223129272,0.40970343351364136,0.5794795751571655,-0.02981807291507721,0.38493800163269043,0.600808322429657,0.005117759108543396,0.3883417844772339,0.5348437428474426,-0.016755474731326103,0.39496275782585144,0.538098931312561,-0.036653030663728714,0.4004552960395813,0.5573527216911316,-0.04631080850958824,0.36035627126693726,0.5951093435287476,0.001047228230163455,0.36143526434898376,0.5205546021461487,-0.010343327187001705,0.36067360639572144,0.47500157356262207,-0.02424953505396843,0.3598707914352417,0.43822795152664185,-0.034398965537548065,0.33746618032455444,0.6028797030448914,-0.007832657545804977,0.3378216326236725,0.5339524745941162,-0.01832425966858864,0.33896225690841675,0.48783084750175476,-0.027376266196370125,0.34107324481010437,0.45011818408966064,-0.03347286209464073,0.31311213970184326,0.6215614080429077,-0.018839996308088303,0.3130538761615753,0.5652357935905457,-0.025997968390583992,0.31431663036346436,0.5275585651397705,-0.028013136237859726,0.3168034255504608,0.4934048652648926,-0.02935192361474037
0.3486623764038086,0.7679498791694641,1.275839451864158e-07,0.3917198181152344,0.727472722530365,-0.01295382808893919,0.41816893219947815,0.6702324151992798,-0.01820380799472332,0.42442503571510315,0.6170371174812317,-0.02496572956442833,0.41017812490463257,0.5773583054542542,-0.030885232612490654,0.38444817066192627,0.60154789686203,0.002899769926443696,0.3875954747200012,0.5344821810722351,-0.019456947222352028,0.3948887288570404,0.5381154417991638,-0.03910323604941368,0.40079808235168457,0.5585348010063171,-0.0483679436147213,0.3599003553390503,0.5965519547462463,-0.0009375553927384317,0.36053407192230225,0.5208014249801636,-0.012794970534741879,0.35952886939048767,0.47479453682899475,-0.026833856478333473,0.35779187083244324,0.437267929315567,-0.03686853498220444,0.33705514669418335,0.6050564050674438,-0.009444333612918854,0.3367277681827545,0.5353671908378601,-0.020501095801591873,0.33827993273735046,0.488010048866272,-0.029902692884206772,0.3404978811740875,0.4486166834831238,-0.036078374832868576,0.3128735423088074,0.6243095993995667,-0.019937744364142418,0.3121895492076874,0.5678982734680176,-0.027443168684840202,0.313666969537735,0.5302707552909851,-0.02957177348434925,0.3162192404270172,0.49626755714416504,-0.030885759741067886
0.3485623300075531,0.7678783535957336,1.2616830247225153e-07,0.3918026089668274,0.7271609306335449,-0.012669059447944164,0.4184293746948242,0.6704165935516357,-0.01787475310266018,0.4244617223739624,0.6173140406608582,-0.024669088423252106,0.41013121604919434,0.5778554677963257,-0.030697045847773552,0.3850281536579132,0.6023813486099243,0.0031154330354183912,0.38816380500793457,0.5351685881614685,-0.01920449174940586,0.3957511782646179,0.5378238558769226,-0.038862671703100204,0.4021022319793701,0.5580835938453674,-0.04808817803859711,0.3603876531124115,0.597359836101532,-0.0007565986015833914,0.3607253432273865,0.5214353203773499,-0.012429694645106792,0.3598189353942871,0.47549182176589966,-0.0262713935226202,0.35817527770996094,0.4380882978439331,-0.036176878958940506,0.337511271238327,0.6056148409843445,-0.009272133931517601,0.33708423376083374,0.5357791185379028,-0.02005179040133953,0.33848416805267334,0.488510400056839,-0.029268639162182808,0.3404790759086609,0.4493868350982666,-0.03534967452287674,0.3133895993232727,0.62445068359375,-0.01977037824690342,0.31247490644454956,0.5678251385688782,-0.027083851397037506,0.3136536777019501,0.5301278233528137,-0.02911962941288948,0.31582915782928467,0.4962310194969177,-0.03035200573503971
0.34339627623558044,0.7722902894020081,1.343419029353754e-07,0.3853853642940521,0.7306342720985413,-0.011964387260377407,0.4106452465057373,0.6730961203575134,-0.01645643822848797,0.41858339309692383,0.6184984445571899,-0.022708678618073463,0.4035419821739197,0.5796815156936646,-0.028236955404281616,0.37697750329971313,0.6030504703521729,0.0057245357893407345,0.3811962902545929,0.538960874080658,-0.014191757887601852,0.38843613862991333,0.5393874645233154,-0.03264249861240387,0.39421504735946655,0.5536050200462341,-0.041914310306310654,0.35307776927948,0.5982316136360168,0.0014963085995987058,0.3542526066303253,0.524574875831604,-0.008922558277845383,0.353745698928833,0.47965532541275024,-0.022243693470954895,0.3527980446815491,0.4425339996814728,-0.031940121203660965,0.3310551345348358,0.606331467628479,-0.007321922108530998,0.3308420181274414,0.537580132484436,-0.017596136778593063,0.3322829604148865,0.49142953753471375,-0.026381269097328186,0.3344886600971222,0.4537295699119568,-0.03214973583817482,0.3077888786792755,0.6256323456764221,-0.018165728077292442,0.3078359365463257,0.5697873830795288,-0.02540787123143673,0.3094920217990875,0.532306432723999,-0.02733789198100567,0.3120082914829254,0.49972644448280334,-0.028451351448893547
0.3441758155822754,0.7739449739456177,1.3833469836299628e-07,0.38567623496055603,0.7312766313552856,-0.0124641302973032,0.4124264717102051,0.6729263663291931,-0.017800798639655113,0.41953927278518677,0.6181899905204773,-0.024764131754636765,0.4038260579109192,0.5786774158477783,-0.030915629118680954,0.37770789861679077,0.6039770841598511,0.0044668992049992085,0.38085031509399414,0.5379557609558105,-0.016593733802437782,0.3879532217979431,0.538529634475708,-0.03552824258804321,0.3937082588672638,0.5544177889823914,-0.04472621530294418,0.35394251346588135,0.5998995900154114,0.0004628518654499203,0.3545672297477722,0.5249056220054626,-0.010602389462292194,0.3537568151950836,0.4797367453575134,-0.024170976132154465,0.3523389399051666,0.442463755607605,-0.03396400436758995,0.3317684531211853,0.608529806137085,-0.008169787004590034,0.3306480646133423,0.5402531027793884,-0.018821435049176216,0.3313291072845459,0.4938725233078003,-0.02805575169622898,0.33283284306526184,0.4556385278701782,-0.03420700505375862,0.3084190785884857,0.627913773059845,-0.018767157569527626,0.30696770548820496,0.5726620554924011,-0.02606172487139702,0.3073754906654358,0.5357279777526855,-0.028247874230146408,0.30841124057769775,0.5034109354019165,-0.02964976243674755
0.34403282403945923,0.7749475836753845,1.417071047171703e-07,0.38555485010147095,0.7314375042915344,-0.012331336736679077,0.4122675061225891,0.672828733921051,-0.017441894859075546,0.4192962646484375,0.6181229948997498,-0.02416888438165188,0.4035303592681885,0.5788689851760864,-0.03010796196758747,0.3773021101951599,0.6038829684257507,0.004991972353309393,0.3803115487098694,0.5381132960319519,-0.015511933714151382,0.38741162419319153,0.5378696918487549,-0.03417065367102623,0.3933148682117462,0.5523257255554199,-0.04337257146835327,0.3537338972091675,0.5999807715415955,0.000993793597444892,0.35431182384490967,0.5250741243362427,-0.009838602505624294,0.35368481278419495,0.48000770807266235,-0.02335500530898571,0.35249581933021545,0.442779541015625,-0.033153753727674484,0.3316282629966736,0.6086897850036621,-0.007597803138196468,0.3307613730430603,0.5403300523757935,-0.018215660005807877,0.3314651846885681,0.4941328763961792,-0.027401704341173172,0.3329128623008728,0.45617610216140747,-0.033494915813207626,0.30824142694473267,0.628163754940033,-0.018133042380213737,0.3070440888404846,0.572754442691803,-0.025440622121095657,0.30762815475463867,0.5360116362571716,-0.027557184919714928,0.30867356061935425,0.5040016770362854,-0.028887955471873283
0.3405183255672455,0.774556577205658,1.2953947248206532e-07,0.3838258981704712,0.7304648756980896,-0.012894004583358765,0.40986910462379456,0.6728805303573608,-0.01822470687329769,0.4151115119457245,0.617463231086731,-0.02523661218583584,0.39888495206832886,0.5782589316368103,-0.031331904232501984,0.3768633008003235,0.6053160429000854,0.004958962555974722,0.3792641758918762,0.5384162664413452,-0.016855107620358467,0.3859103322029114,0.5416561961174011,-0.03656470403075218,0.3916444778442383,0.5597859621047974,-0.04611910134553909,0.35247695446014404,0.6013333797454834,0.0012368053430691361,0.35214751958847046,0.5257328748703003,-0.010205188766121864,0.35058170557022095,0.4796491265296936,-0.024467404931783676,0.3485523462295532,0.4415106475353241,-0.034753669053316116,0.3300606906414032,0.6101775765419006,-0.0072180950082838535,0.3286208212375641,0.5407691597938538,-0.01826549507677555,0.32862982153892517,0.494467556476593,-0.02750219590961933,0.32926052808761597,0.45646876096725464,-0.033429019153118134,0.30660876631736755,0.6297406554222107,-0.01770065352320671,0.30571913719177246,0.5735815167427063,-0.02497199736535549,0.30707865953445435,0.5371822118759155,-0.02679506689310074,0.3087734282016754,0.5053675770759583,-0.02778782695531845
0.34203001856803894,0.7730938196182251,1.3091661799080612e-07,0.3845936954021454,0.7301934361457825,-0.013622639700770378,0.4109190106391907,0.6727134585380554,-0.019796183332800865,0.4156174957752228,0.6182124018669128,-0.027472028508782387,0.39952903985977173,0.5793628096580505,-0.034126799553632736,0.37702518701553345,0.6046501398086548,0.0027727149426937103,0.3797031044960022,0.537038266658783,-0.020001407712697983,0.38605624437332153,0.5422452688217163,-0.03990279883146286,0.3906865119934082,0.5634117126464844,-0.04917114973068237,0.35242339968681335,0.6011701226234436,-0.0007201677653938532,0.3524763882160187,0.5252639651298523,-0.01259192917495966,0.35065320134162903,0.4792890250682831,-0.026640817523002625,0.3477131724357605,0.44094833731651306,-0.036618784070014954,0.32992658019065857,0.6104452013969421,-0.00897951703518629,0.32844996452331543,0.5414958596229553,-0.01999727636575699,0.32863858342170715,0.4948795437812805,-0.029154876247048378,0.3292238712310791,0.4565095901489258,-0.035043228417634964,0.30652421712875366,0.6303013563156128,-0.019314639270305634,0.3051256239414215,0.5743265151977539,-0.02633155882358551,0.3065333068370819,0.5379853844642639,-0.028036806732416153,0.30843162536621094,0.5060813426971436,-0.02897762693464756
0.34169188141822815,0.7725502848625183,1.2931923265568912e-07,0.38399627804756165,0.7303297519683838,-0.013555151410400867,0.41020286083221436,0.6732093095779419,-0.019488519057631493,0.4150404632091522,0.6187378168106079,-0.026908451691269875,0.3997077941894531,0.5790199041366577,-0.03335185348987579,0.3770802319049835,0.6048267483711243,0.0031414504628628492,0.38030725717544556,0.5377132892608643,-0.019323011860251427,0.386420339345932,0.5425220131874084,-0.039103660732507706,0.39085662364959717,0.5629329085350037,-0.0483686625957489,0.3526332378387451,0.6009540557861328,-0.0003333301574457437,0.3529222309589386,0.5251283049583435,-0.012132554315030575,0.3510657846927643,0.4791504740715027,-0.026207244023680687,0.34809792041778564,0.4410666227340698,-0.03619718924164772,0.3300989866256714,0.6100548505783081,-0.00857774168252945,0.3286450207233429,0.5413693189620972,-0.019694939255714417,0.32870006561279297,0.4948011040687561,-0.029150167480111122,0.32909610867500305,0.4564718008041382,-0.03521593287587166,0.30666878819465637,0.6298339366912842,-0.018858807161450386,0.3053218722343445,0.5739587545394897,-0.026073485612869263,0.3064643144607544,0.5376901626586914,-0.027998492121696472,0.3079500198364258,0.5057880878448486,-0.029078545048832893
0.3379093408584595,0.7763673663139343,1.2924141401526867e-07,0.38068339228630066,0.7336215972900391,-0.013026382774114609,0.40656495094299316,0.6753664612770081,-0.018137026578187943,0.4118483364582062,0.6189792156219482,-0.02483929879963398,0.3954939842224121,0.5799483060836792,-0.030585112050175667,0.37144285440444946,0.605947732925415,0.005931076128035784,0.3736288547515869,0.5392507314682007,-0.015209509991109371,0.38113901019096375,0.5409809350967407,-0.0345587283372879,0.38774290680885315,0.5575971603393555,-0.044198594987392426,0.3483785390853882,0.6021121740341187,0.0024949980434030294,0.34741899371147156,0.5271365642547607,-0.008828355930745602,0.3465442657470703,0.4816964268684387,-0.0231472197920084,0.34535279870033264,0.4440341293811798,-0.03354718163609505,0.32721444964408875,0.6105809211730957,-0.005730726290494204,0.3251383304595947,0.5413171052932739,-0.016850652173161507,0.3252071142196655,0.49504518508911133,-0.026327533647418022,0.3257330656051636,0.45726197957992554,-0.03248618170619011,0.30472612380981445,0.6296052932739258,-0.016019904986023903,0.30419808626174927,0.5738502740859985,-0.023834528401494026,0.30470478534698486,0.5369324684143066,-0.026399286463856697,0.3051719069480896,0.5041848421096802,-0.02794322744011879
0.3400983512401581,0.7763838171958923,1.2813009675483045e-07,0.3815062642097473,0.7340447306632996,-0.013026319444179535,0.4073761999607086,0.6758735179901123,-0.018785743042826653,0.4127296805381775,0.6207674145698547,-0.026203587651252747,0.39675456285476685,0.5815687775611877,-0.03267119824886322,0.3730604350566864,0.6061702966690063,0.004296138882637024,0.3748514652252197,0.538506031036377,-0.017857452854514122,0.3815300464630127,0.5424597859382629,-0.037540532648563385,0.3869483470916748,0.5626535415649414,-0.04690384864807129,0.3494180142879486,0.6024027466773987,0.0006357691599987447,0.3486381769180298,0.526288628578186,-0.0109050078317523,0.3470457196235657,0.48056769371032715,-0.024899419397115707,0.3447282910346985,0.44262200593948364,-0.03495072200894356,0.3277159333229065,0.6114604473114014,-0.007804929744452238,0.3256290853023529,0.5421574115753174,-0.018675915896892548,0.32582372426986694,0.4956907033920288,-0.027986939996480942,0.3263970613479614,0.45739254355430603,-0.03414957597851753,0.30497199296951294,0.6308833360671997,-0.01828649826347828,0.30370068550109863,0.575002133846283,-0.02547108568251133,0.30449336767196655,0.5386608242988586,-0.027535678818821907,0.3055112659931183,0.506257951259613,-0.028851406648755074
0.3389521539211273,0.7773177623748779,1.2429501339283888e-07,0.38104164600372314,0.7340792417526245,-0.012887920252978802,0.4072045087814331,0.6758527159690857,-0.01828272081911564,0.4128167927265167,0.6202078461647034,-0.025378001853823662,0.39663055539131165,0.5808156728744507,-0.031599197536706924,0.37273159623146057,0.6065266132354736,0.005312110763043165,0.3746527433395386,0.5392142534255981,-0.016317127272486687,0.3814488351345062,0.5421624779701233,-0.035848069936037064,0.38726335763931274,0.5610454082489014,-0.04532613977789879,0.3493362069129944,0.6024670004844666,0.0016598295187577605,0.34862765669822693,0.5263144373893738,-0.009661544114351273,0.34711748361587524,0.48074764013290405,-0.02375180274248123,0.3449658751487732,0.4433656334877014,-0.033953990787267685,0.3277309536933899,0.6111764907836914,-0.00679441075772047,0.3259024918079376,0.5416206121444702,-0.01763024739921093,0.3262508511543274,0.4948878884315491,-0.027162520214915276,0.32692787051200867,0.4566494822502136,-0.03352248668670654,0.3049374222755432,0.6303507089614868,-0.017283588647842407,0.3038007616996765,0.5742038488388062,-0.024651100859045982,0.3045899569988251,0.5374107956886292,-0.027002563700079918,0.30556797981262207,0.504548192024231,-0.02854311279952526
0.33869990706443787,0.7781133651733398,1.2401714855059254e-07,0.38034316897392273,0.7337077260017395,-0.011928683146834373,0.40521717071533203,0.6778545379638672,-0.017064141109585762,0.41153693199157715,0.6246715188026428,-0.02417193166911602,0.3964235186576843,0.58552086353302,-0.030418649315834045,0.37049150466918945,0.6097489595413208,0.005871059838682413,0.37351545691490173,0.5440438985824585,-0.016153331845998764,0.381103515625,0.5477460622787476,-0.0363314189016819,0.3871270716190338,0.5664441585540771,-0.04624065011739731,0.34720784425735474,0.6050217151641846,0.0016009409446269274,0.34696164727211,0.5297932028770447,-0.01005993690341711,0.34587588906288147,0.4836893379688263,-0.02464439906179905,0.3441985547542572,0.4458950459957123,-0.03524607792496681,0.32552778720855713,0.6133943200111389,-0.007421423215419054,0.3234666585922241,0.5448084473609924,-0.01841413602232933,0.323509156703949,0.4985753893852234,-0.0282045379281044,0.32424524426460266,0.46068698167800903,-0.034714069217443466,0.30294451117515564,0.632494330406189,-0.018443789333105087,0.302139014005661,0.5773884057998657,-0.025740735232830048,0.30246588587760925,0.5412267446517944,-0.027920952066779137,0.30315083265304565,0.5094481706619263,-0.029328981414437294
0.3395118713378906,0.7768995761871338,1.3047389302300871e-07,0.3808124363422394,0.7333741188049316,-0.012459233403205872,0.4062061905860901,0.6774642467498779,-0.017959723249077797,0.41156208515167236,0.6245540976524353,-0.025267723947763443,0.3970785140991211,0.5850095152854919,-0.03164784982800484,0.37259939312934875,0.6097997426986694,0.0050564659759402275,0.3744388222694397,0.5431534647941589,-0.017550546675920486,0.38249456882476807,0.5479488968849182,-0.0379837304353714,0.3889908194541931,0.5693792700767517,-0.04766342043876648,0.3485596477985382,0.6053333282470703,0.001068962155841291,0.3479243814945221,0.5291590690612793,-0.010750786401331425,0.3461742699146271,0.4830819070339203,-0.02520805224776268,0.34367942810058594,0.44516557455062866,-0.035482026636600494,0.3262600600719452,0.6136691570281982,-0.007726628798991442,0.324864000082016,0.5442424416542053,-0.018686465919017792,0.3251458406448364,0.49730563163757324,-0.028246097266674042,0.32606828212738037,0.459091454744339,-0.03444404527544975,0.30318304896354675,0.6325734257698059,-0.01854349672794342,0.30227330327033997,0.5762817859649658,-0.02548268996179104,0.3028864860534668,0.5398571491241455,-0.02714284509420395,0.3040166199207306,0.5080293416976929,-0.0280682984739542
0.3397514522075653,0.7765236496925354,1.3302845047746814e-07,0.38091376423835754,0.7333911657333374,-0.012666822411119938,0.4060695469379425,0.6775102019309998,-0.018348151817917824,0.4115021228790283,0.6246985197067261,-0.025782881304621696,0.3972418010234833,0.5848399996757507,-0.032285016030073166,0.3719826638698578,0.6096436977386475,0.004384111613035202,0.3739436864852905,0.5431318879127502,-0.018501807004213333,0.38245195150375366,0.5477283000946045,-0.039049290120601654,0.3893212080001831,0.568939208984375,-0.04881064593791962,0.34816157817840576,0.6052253246307373,0.00044725279440172017,0.347563236951828,0.5293514132499695,-0.01165192760527134,0.34593096375465393,0.4829939603805542,-0.0262765996158123,0.34349820017814636,0.44466954469680786,-0.036697275936603546,0.32609549164772034,0.6137648820877075,-0.008282233960926533,0.3243827819824219,0.5445960164070129,-0.019446084275841713,0.32465362548828125,0.4977618455886841,-0.029128188267350197,0.3255072236061096,0.45956408977508545,-0.035433728247880936,0.3032669425010681,0.6329019069671631,-0.01904131844639778,0.3022211194038391,0.5769064426422119,-0.02621886506676674,0.30274084210395813,0.5403909683227539,-0.028112806379795074,0.3038178086280823,0.5083205699920654,-0.02921360172331333
0.3359696567058563,0.7820923328399658,1.0356930602029024e-07,0.37770748138427734,0.7408033609390259,-0.010787518694996834,0.40288326144218445,0.682421088218689,-0.015018288046121597,0.4100700616836548,0.6280210614204407,-0.021266501396894455,0.3947688043117523,0.5897117257118225,-0.026732251048088074,0.36958640813827515,0.613523542881012,0.006164762191474438,0.37211090326309204,0.5469800233840942,-0.015313824638724327,0.37968170642852783,0.5507397651672363,-0.03512978181242943,0.3858949542045593,0.5707135200500488,-0.044929299503564835,0.3462294340133667,0.6080038547515869,0.0015290776500478387,0.34588563442230225,0.532720685005188,-0.009513500146567822,0.34477466344833374,0.48606231808662415,-0.023546690121293068,0.34298115968704224,0.44840729236602783,-0.033841706812381744,0.32467082142829895,0.61628258228302,-0.007681739516556263,0.3235033452510834,0.5466499328613281,-0.01788073033094406,0.3245947062969208,0.49898508191108704,-0.02722049504518509,0.32589542865753174,0.45951855182647705,-0.033796753734350204,0.3022478520870209,0.6358029842376709,-0.01881387084722519,0.3016946613788605,0.5810338258743286,-0.025867223739624023,0.3025266230106354,0.5442444086074829,-0.02790321223437786,0.3038513660430908,0.5110395550727844,-0.029374953359365463
0.336809903383255,0.7841768264770508,1.2184423781036458e-07,0.3787411153316498,0.741373598575592,-0.011875944212079048,0.40408164262771606,0.6825097799301147,-0.01683412864804268,0.4103519916534424,0.6282826662063599,-0.023571545258164406,0.39583948254585266,0.5894176363945007,-0.029452359303832054,0.36960771679878235,0.6136155724525452,0.004655056167393923,0.3719004988670349,0.5464314818382263,-0.01716511696577072,0.3795222043991089,0.5493912696838379,-0.03678957372903824,0.385844349861145,0.5685855746269226,-0.04635798558592796,0.3459935784339905,0.6092337369918823,0.00042853731429204345,0.345188707113266,0.5330761075019836,-0.011050059460103512,0.344182550907135,0.4866143465042114,-0.02509785071015358,0.3424651026725769,0.44893884658813477,-0.03526093810796738,0.3243369162082672,0.6182267665863037,-0.008395833894610405,0.3224765658378601,0.5483695268630981,-0.019204141572117805,0.3235841989517212,0.5010607242584229,-0.02851732447743416,0.32509106397628784,0.4620162844657898,-0.0348447747528553,0.3018699884414673,0.6382409930229187,-0.019148128107190132,0.3006002604961395,0.583162248134613,-0.026503050699830055,0.3017497658729553,0.5468392968177795,-0.02855665422976017,0.30336272716522217,0.5142491459846497,-0.02992173470556736
0.33714359998703003,0.7853808403015137,1.2233535073846724e-07,0.3788830041885376,0.7416067719459534,-0.011510365642607212,0.4038889408111572,0.6824876666069031,-0.01625371351838112,0.4102517366409302,0.6285343170166016,-0.02284166030585766,0.3956610858440399,0.5899458527565002,-0.028552845120429993,0.36937955021858215,0.6134882569313049,0.0052141896449029446,0.37112411856651306,0.5459616780281067,-0.01635519601404667,0.37901729345321655,0.549251139163971,-0.035861786454916,0.3855837881565094,0.5684772729873657,-0.04534416273236275,0.3459479510784149,0.6093454360961914,0.0008188618812710047,0.34484437108039856,0.5327754020690918,-0.01032716128975153,0.3441562056541443,0.4866145849227905,-0.024152124300599098,0.34275031089782715,0.4496136009693146,-0.03419334441423416,0.3241495192050934,0.6183795928955078,-0.00822535715997219,0.3219841718673706,0.5480712652206421,-0.018830813467502594,0.3230123221874237,0.5004198551177979,-0.028222229331731796,0.32451751828193665,0.46158769726753235,-0.034601081162691116,0.30152279138565063,0.6383243799209595,-0.019185006618499756,0.29997000098228455,0.5823459625244141,-0.026406073942780495,0.30098336935043335,0.5454577207565308,-0.028556346893310547,0.30251434445381165,0.5125592350959778,-0.030019158497452736
0.3349651098251343,0.7865651249885559,1.2276062477667438e-07,0.3767981231212616,0.741745114326477,-0.012744192965328693,0.4030556082725525,0.6839880347251892,-0.018131762742996216,0.40797990560531616,0.6288505792617798,-0.025179650634527206,0.3913944661617279,0.5905687212944031,-0.03125087544322014,0.36761006712913513,0.6151280403137207,0.004574940074235201,0.36964890360832214,0.5467529892921448,-0.017503777518868446,0.37679821252822876,0.5502327680587769,-0.03740037977695465,0.3828088045120239,0.5688832402229309,-0.047106027603149414,0.34342750906944275,0.6111603379249573,0.000649967638310045,0.3428627550601959,0.5345174074172974,-0.011053468100726604,0.3411397337913513,0.48855432868003845,-0.025428518652915955,0.3388165533542633,0.4510982036590576,-0.03579849377274513,0.321272611618042,0.6200870275497437,-0.008002751506865025,0.31923913955688477,0.5491185784339905,-0.019038956612348557,0.31883636116981506,0.5017192363739014,-0.02864694967865944,0.31886932253837585,0.4628564119338989,-0.03500610589981079,0.2981588542461395,0.6397814750671387,-0.018684931099414825,0.2972528636455536,0.5828701853752136,-0.026152852922677994,0.29753831028938293,0.5458168983459473,-0.028368540108203888,0.2978907823562622,0.5127571225166321,-0.02970672771334648
0.3358703553676605,0.7861641645431519,1.254594081956384e-07,0.3769160211086273,0.7422673106193542,-0.012922700494527817,0.4029897451400757,0.6838171482086182,-0.018403641879558563,0.40823042392730713,0.6294365525245667,-0.025547482073307037,0.3922582268714905,0.5907480716705322,-0.03178078308701515,0.3674187660217285,0.6144919991493225,0.003942745737731457,0.36959272623062134,0.5459823608398438,-0.018848257139325142,0.37709471583366394,0.5503012537956238,-0.0391237847507,0.383021742105484,0.5715283751487732,-0.048813555389642715,0.3434535264968872,0.6106556057929993,8.276103471871465e-06,0.342736154794693,0.5337850451469421,-0.01195813063532114,0.3412863314151764,0.4879743754863739,-0.02635769732296467,0.3389792740345001,0.45106953382492065,-0.03673898056149483,0.3214445412158966,0.6198474764823914,-0.008761185221374035,0.31961092352867126,0.5487794876098633,-0.019946547225117683,0.31963199377059937,0.5008493065834045,-0.02978845126926899,0.320026695728302,0.46173983812332153,-0.03640718758106232,0.2984095513820648,0.6397796273231506,-0.019569551572203636,0.29730933904647827,0.5829980373382568,-0.027142183855175972,0.29753512144088745,0.5455904006958008,-0.029584135860204697,0.2980608344078064,0.5117899179458618,-0.031212566420435905
0.33657440543174744,0.7868235111236572,1.1960153756263026e-07,0.37731683254241943,0.7426477670669556,-0.012280726805329323,0.4029976427555084,0.6834737062454224,-0.017246883362531662,0.4080859422683716,0.6288706064224243,-0.023968607187271118,0.39181116223335266,0.590689480304718,-0.02983945421874523,0.36748895049095154,0.6146992444992065,0.004688438959419727,0.36957690119743347,0.5461683869361877,-0.017758211120963097,0.37720590829849243,0.5499768257141113,-0.03785083070397377,0.38338175415992737,0.5710533857345581,-0.04747472330927849,0.3435913324356079,0.6107650399208069,0.0005647678044624627,0.34278008341789246,0.533886194229126,-0.01115010678768158,0.3413141667842865,0.48824068903923035,-0.025411764159798622,0.33899787068367004,0.45182061195373535,-0.035718727856874466,0.3216066360473633,0.6199213266372681,-0.008351985365152359,0.3196145296096802,0.5487244129180908,-0.01934235356748104,0.31955456733703613,0.5006248354911804,-0.029241245239973068,0.3198104798793793,0.4614827632904053,-0.03595234081149101,0.29857611656188965,0.6398293375968933,-0.019251802936196327,0.2974860668182373,0.5829041004180908,-0.026772094890475273,0.29759126901626587,0.5453846454620361,-0.0292869471013546,0.2980179488658905,0.5114420056343079,-0.031006282195448875
0.3311738967895508,0.7849010229110718,1.288391899834096e-07,0.3739285469055176,0.7395271062850952,-0.014271126128733158,0.39857590198516846,0.6809974312782288,-0.019275272265076637,0.4026777744293213,0.625508725643158,-0.025437863543629646,0.38710588216781616,0.5888798236846924,-0.03097604773938656,0.3630821108818054,0.6142158508300781,0.0024256333708763123,0.3625505864620209,0.5467363595962524,-0.016604041680693626,0.3676137626171112,0.5449936389923096,-0.034440718591213226,0.37262240052223206,0.5549572110176086,-0.04403010383248329,0.33964258432388306,0.6106207966804504,-0.00044585950672626495,0.33656033873558044,0.5338488221168518,-0.011226348578929901,0.33391672372817993,0.48898541927337646,-0.02542601339519024,0.3317609131336212,0.4531545639038086,-0.03608759120106697,0.3181496262550354,0.6194039583206177,-0.007715985644608736,0.31526997685432434,0.5479114055633545,-0.018707958981394768,0.31384652853012085,0.5015204548835754,-0.029072754085063934,0.3134564459323883,0.46436887979507446,-0.03611137717962265,0.29482191801071167,0.63864666223526,-0.016969099640846252,0.2920930087566376,0.5818973183631897,-0.025472182780504227,0.2914118468761444,0.5443956255912781,-0.029083790257573128,0.2906910479068756,0.5108991265296936,-0.0315534733235836
0.33199775218963623,0.7843318581581116,1.175982546897103e-07,0.3730498254299164,0.7401516437530518,-0.01481839269399643,0.3989710509777069,0.6811138391494751,-0.020964648574590683,0.4036285877227783,0.6253756284713745,-0.028238585218787193,0.38674119114875793,0.587304949760437,-0.03453080728650093,0.3636934757232666,0.6131647229194641,0.0016896690940484405,0.36345526576042175,0.5436664819717407,-0.019929630681872368,0.3691294193267822,0.547138512134552,-0.03929983079433441,0.3740915358066559,0.5657424330711365,-0.04881369695067406,0.339926153421402,0.6101244688034058,-0.001028193044476211,0.3370143473148346,0.532581090927124,-0.0122951315715909,0.334352970123291,0.4881775975227356,-0.02667818032205105,0.331257164478302,0.45302462577819824,-0.03724120929837227,0.3180966377258301,0.6192509531974792,-0.008417359553277493,0.31570711731910706,0.5484293699264526,-0.01921483501791954,0.31477129459381104,0.5015350580215454,-0.029283100739121437,0.3139544129371643,0.46392613649368286,-0.03608156740665436,0.29495665431022644,0.6384069323539734,-0.01789466105401516,0.29318860173225403,0.5813795924186707,-0.02559599280357361,0.29256534576416016,0.5439044237136841,-0.02845889888703823,0.2913467288017273,0.5105677843093872,-0.03032788448035717
0.3324606716632843,0.7843427062034607,1.1685337142353092e-07,0.37350380420684814,0.7393920421600342,-0.01453467644751072,0.3984855115413666,0.6803094744682312,-0.020181478932499886,0.4029800295829773,0.6252226233482361,-0.027005502954125404,0.38682782649993896,0.5870566964149475,-0.032987792044878006,0.3629017174243927,0.6132579445838928,0.002346853958442807,0.36243152618408203,0.5448110103607178,-0.018334828317165375,0.36777356266975403,0.546424925327301,-0.037271276116371155,0.3725523054599762,0.5619397759437561,-0.04692158102989197,0.3394574224948883,0.6099671125411987,-0.0005106294993311167,0.3363668918609619,0.533186674118042,-0.011663949117064476,0.3339104950428009,0.48874127864837646,-0.026199933141469955,0.33130598068237305,0.453632652759552,-0.03698015958070755,0.317905992269516,0.618912935256958,-0.007979732006788254,0.31533563137054443,0.5482370257377625,-0.018991149961948395,0.3143020272254944,0.5011759996414185,-0.029469620436429977,0.31350257992744446,0.4635043144226074,-0.036580052226781845,0.29501643776893616,0.6379475593566895,-0.01747993379831314,0.2929273843765259,0.5811900496482849,-0.02558865211904049,0.29217323660850525,0.5437779426574707,-0.028861921280622482,0.29087311029434204,0.5105451345443726,-0.03108060732483864
0.3299430310726166,0.7817643880844116,1.4843023166122293e-07,0.37206345796585083,0.7344208359718323,-0.01332337036728859,0.39555010199546814,0.6765876412391663,-0.01761712320148945,0.3986804187297821,0.6223001480102539,-0.022851064801216125,0.3823818862438202,0.5861626863479614,-0.027953412383794785,0.35745009779930115,0.6106031537055969,0.004247130826115608,0.3546645939350128,0.5476270914077759,-0.01012871041893959,0.35639020800590515,0.5335103273391724,-0.024763083085417747,0.359187513589859,0.5272743105888367,-0.03367530554533005,0.3347238004207611,0.6083850264549255,0.0013609884772449732,0.3307754099369049,0.5352300405502319,-0.008321317844092846,0.32853883504867554,0.49175387620925903,-0.021159855648875237,0.32671254873275757,0.45628422498703003,-0.03089383989572525,0.31372734904289246,0.6173684000968933,-0.005474497564136982,0.3110528886318207,0.5480431318283081,-0.015944622457027435,0.3101048171520233,0.5026541352272034,-0.025668354704976082,0.3098437488079071,0.46569395065307617,-0.032317060977220535,0.29061663150787354,0.6365769505500793,-0.014081706292927265,0.28681129217147827,0.5810043215751648,-0.0228952094912529,0.28549331426620483,0.5437339544296265,-0.02686374820768833,0.2837096154689789,0.510285496711731,-0.029605025425553322
0.3300882577896118,0.7806840538978577,1.6367883404200256e-07,0.3714275360107422,0.7344861030578613,-0.01418151892721653,0.3951694071292877,0.6757619380950928,-0.019146308302879333,0.39794307947158813,0.6215083003044128,-0.024782607331871986,0.3809233605861664,0.5849787592887878,-0.030219020321965218,0.3575325310230255,0.6096819043159485,0.001835087314248085,0.35437703132629395,0.546664834022522,-0.013723212294280529,0.35597318410873413,0.5326541066169739,-0.028866127133369446,0.3583017587661743,0.527567982673645,-0.03781111165881157,0.33443090319633484,0.6080116033554077,-0.0007356578134931624,0.33015725016593933,0.5345177054405212,-0.011139624752104282,0.3274694085121155,0.48990821838378906,-0.02419240213930607,0.32468900084495544,0.45360705256462097,-0.03384584188461304,0.3132646381855011,0.6177141070365906,-0.007187996990978718,0.3100024461746216,0.5485223531723022,-0.018160594627261162,0.30894050002098083,0.5030873417854309,-0.02794170379638672,0.3081289529800415,0.46634525060653687,-0.03441363200545311,0.29057902097702026,0.6371511220932007,-0.015427951700985432,0.2870854139328003,0.5815519094467163,-0.024743998423218727,0.2857591509819031,0.544492244720459,-0.028846582397818565,0.28391599655151367,0.5114620923995972,-0.03142387419939041
0.33028149604797363,0.7808221578598022,1.4856298946597235e-07,0.37130123376846313,0.7348761558532715,-0.013640567660331726,0.39508718252182007,0.6758432984352112,-0.018512805923819542,0.3980262577533722,0.6214547753334045,-0.024243393912911415,0.380826860666275,0.585216760635376,-0.02957042306661606,0.35743167996406555,0.6102962493896484,0.002288099145516753,0.3550763726234436,0.5463703870773315,-0.014438792131841183,0.3592005968093872,0.5382176637649536,-0.030488885939121246,0.3637901246547699,0.5405214428901672,-0.039492927491664886,0.33434635400772095,0.6082891821861267,-0.0004818565212190151,0.33022770285606384,0.5339796543121338,-0.010606118477880955,0.3278471529483795,0.48999810218811035,-0.023890919983386993,0.32528597116470337,0.4549068212509155,-0.033788926899433136,0.31320321559906006,0.6177501678466797,-0.007221787702292204,0.30998992919921875,0.5482552647590637,-0.017678650096058846,0.30907899141311646,0.5028361678123474,-0.02750839851796627,0.3083816468715668,0.466391921043396,-0.03414557874202728,0.29061803221702576,0.6370680332183838,-0.01574143022298813,0.28729912638664246,0.5814281702041626,-0.02436174638569355,0.2859043776988983,0.544525146484375,-0.02802155539393425,0.2840268313884735,0.5118054747581482,-0.03035358525812626
0.32590457797050476,0.7799704670906067,1.6137322234044404e-07,0.36689293384552,0.7341012358665466,-0.015141899697482586,0.3909205198287964,0.6753273010253906,-0.020604096353054047,0.3944011926651001,0.6190195083618164,-0.026932368054986,0.37550976872444153,0.5823261737823486,-0.032673582434654236,0.3524635136127472,0.6101444363594055,0.00274487491697073,0.35217660665512085,0.5455096960067749,-0.015674475580453873,0.3572404384613037,0.540542721748352,-0.03318897262215614,0.3621249198913574,0.5490185618400574,-0.042448971420526505,0.3291736841201782,0.6066457629203796,0.0005655825952999294,0.3258616030216217,0.5315288305282593,-0.009576071985065937,0.32284969091415405,0.48642367124557495,-0.023311665281653404,0.320160835981369,0.45078951120376587,-0.03347865864634514,0.3080962002277374,0.615434467792511,-0.006014782935380936,0.30481353402137756,0.5447732210159302,-0.01641407608985901,0.30305731296539307,0.4979201555252075,-0.026314739137887955,0.30241572856903076,0.460752010345459,-0.03293774649500847,0.28523585200309753,0.6350368857383728,-0.014631329104304314,0.281721293926239,0.5783955454826355,-0.022771356627345085,0.2799851894378662,0.5407135486602783,-0.02597341127693653,0.27847620844841003,0.5076175928115845,-0.027973759919404984
0.32625991106033325,0.7809005975723267,1.3710771895603102e-07,0.36671724915504456,0.7351043820381165,-0.014648511074483395,0.3908972144126892,0.6761776208877563,-0.020758455619215965,0.39369842410087585,0.62070232629776,-0.02795708179473877,0.37495625019073486,0.5830345153808594,-0.03446274250745773,0.3538782000541687,0.6093614101409912,0.002062420593574643,0.3523457944393158,0.5426650047302246,-0.018290100619196892,0.35843878984451294,0.5414986610412598,-0.03695806860923767,0.36430224776268005,0.5554190874099731,-0.04638971388339996,0.3304781913757324,0.6069427728652954,-0.0006168934633024037,0.32630854845046997,0.5303317904472351,-0.011365639977157116,0.3228597044944763,0.48589497804641724,-0.025475654751062393,0.3193610906600952,0.45136991143226624,-0.035865116864442825,0.30915167927742004,0.6166179180145264,-0.007743615657091141,0.3053196966648102,0.5456241369247437,-0.018164867535233498,0.30306291580200195,0.49881792068481445,-0.028023164719343185,0.3013096749782562,0.4619644284248352,-0.034645065665245056,0.2863960266113281,0.6363977193832397,-0.016898224130272865,0.28355708718299866,0.5791867971420288,-0.024715019389986992,0.2815876603126526,0.5413691401481628,-0.0276655163615942,0.2792905867099762,0.5079578161239624,-0.029473625123500824
0.326167494058609,0.780508279800415,1.3014317801207653e-07,0.36658722162246704,0.7347158789634705,-0.014530000276863575,0.39077216386795044,0.6756792068481445,-0.0204410869628191,0.394072949886322,0.6200655698776245,-0.02744241990149021,0.3754187226295471,0.5824508666992188,-0.03380776569247246,0.35358133912086487,0.6084791421890259,0.002209180034697056,0.35264986753463745,0.5419197678565979,-0.017920218408107758,0.35841771960258484,0.5407834053039551,-0.03651506453752518,0.3638349175453186,0.5544348359107971,-0.04597851261496544,0.3301789462566376,0.606147050857544,-0.0005757100298069417,0.3263610303401947,0.5299413800239563,-0.011252130381762981,0.32294201850891113,0.4853971600532532,-0.025443976745009422,0.31949958205223083,0.45045608282089233,-0.035966917872428894,0.30883553624153137,0.6160547137260437,-0.00778972590342164,0.3054882287979126,0.5452507138252258,-0.018249209970235825,0.303419828414917,0.49815595149993896,-0.02823054790496826,0.3018774390220642,0.46066778898239136,-0.03500726446509361,0.286022424697876,0.6362863183021545,-0.017026865854859352,0.2831548750400543,0.5791693925857544,-0.02495936118066311,0.28119757771492004,0.5413709878921509,-0.027942311018705368,0.27898597717285156,0.5077905654907227,-0.029824618250131607
0.3215850293636322,0.7757167816162109,1.832172387139508e-07,0.36237308382987976,0.7281991243362427,-0.013419278897345066,0.3851649761199951,0.670698881149292,-0.017819823697209358,0.3876320421695709,0.6164335608482361,-0.02265862561762333,0.3705487847328186,0.5821574926376343,-0.027909554541110992,0.3499937355518341,0.6056233644485474,0.00011631848610704765,0.3475288450717926,0.5428087711334229,-0.012478146702051163,0.34472569823265076,0.5147485733032227,-0.024997523054480553,0.3415089249610901,0.4933496117591858,-0.0331304669380188,0.32697322964668274,0.6033454537391663,-0.0028884669300168753,0.3238339424133301,0.5293995141983032,-0.013070294633507729,0.31930193305015564,0.4844812750816345,-0.025012874975800514,0.3135104179382324,0.44824737310409546,-0.0337061882019043,0.30501067638397217,0.6126812696456909,-0.009123536758124828,0.3020285964012146,0.542229175567627,-0.019971061497926712,0.2990941107273102,0.4973234534263611,-0.029180260375142097,0.2961393892765045,0.4611157178878784,-0.03518292307853699,0.2803266644477844,0.6324707865715027,-0.01693873107433319,0.27581650018692017,0.5754914283752441,-0.026472046971321106,0.27421441674232483,0.5380465388298035,-0.030678028240799904,0.27258771657943726,0.5051801800727844,-0.03328065201640129
0.3205357491970062,0.7752912640571594,1.6897892862743902e-07,0.36075055599212646,0.7290149927139282,-0.014191264286637306,0.3858851492404938,0.6709110140800476,-0.019813811406493187,0.3879789113998413,0.616581916809082,-0.025757355615496635,0.3693560063838959,0.5817434787750244,-0.03174714744091034,0.3506958484649658,0.6049684286117554,-0.0019425470381975174,0.3483137786388397,0.5419474244117737,-0.017121778801083565,0.3481719493865967,0.5229032039642334,-0.031486835330724716,0.3478196859359741,0.5112917423248291,-0.040085408836603165,0.32676050066947937,0.6032055020332336,-0.004771695472300053,0.32333433628082275,0.5288960933685303,-0.015634244307875633,0.31880709528923035,0.4842429757118225,-0.028478840366005898,0.3130250871181488,0.4483601748943329,-0.03769915550947189,0.3046078681945801,0.6132383942604065,-0.010909955017268658,0.30060869455337524,0.5432503819465637,-0.02195129729807377,0.2973543703556061,0.497824490070343,-0.03150855004787445,0.2939196825027466,0.461509108543396,-0.037647586315870285,0.2808626890182495,0.6334700584411621,-0.018684137612581253,0.27699241042137146,0.5765358209609985,-0.02802690677344799,0.27504628896713257,0.5392547845840454,-0.03193042799830437,0.2725858986377716,0.5065075159072876,-0.03412817418575287
0.3208601772785187,0.7751613259315491,1.602301011871532e-07,0.36112192273139954,0.7287904620170593,-0.01414734497666359,0.38613924384117126,0.6711798906326294,-0.019989609718322754,0.3881693482398987,0.6168579459190369,-0.026364382356405258,0.369640052318573,0.5820913910865784,-0.03260107338428497,0.35003799200057983,0.6057711243629456,-0.00153826002497226,0.3481377363204956,0.5418952703475952,-0.017826644703745842,0.35042479634284973,0.5281453728675842,-0.03301562741398811,0.3526352643966675,0.5229541063308716,-0.041721221059560776,0.3263912796974182,0.6037240028381348,-0.004477032460272312,0.323131799697876,0.5288844704627991,-0.01527589000761509,0.31909438967704773,0.48461008071899414,-0.028378771618008614,0.31395071744918823,0.4496849775314331,-0.03788261115550995,0.30453288555145264,0.6134392619132996,-0.01091099251061678,0.30048856139183044,0.5432328581809998,-0.02176230028271675,0.29727450013160706,0.4978896975517273,-0.03140178695321083,0.29404881596565247,0.46226614713668823,-0.03764035552740097,0.2808300852775574,0.6332695484161377,-0.019040986895561218,0.2767893075942993,0.5759720802307129,-0.02793070487678051,0.2745923101902008,0.5381965041160583,-0.03165113553404808,0.2718932628631592,0.5052421689033508,-0.033786214888095856
0.3121083974838257,0.7738521099090576,2.3111550717658247e-07,0.3528381586074829,0.7263012528419495,-0.01408760342746973,0.3758680522441864,0.6658523082733154,-0.018245473504066467,0.3774089813232422,0.6120909452438354,-0.02254362218081951,0.35788241028785706,0.5800071358680725,-0.02752065099775791,0.33835694193840027,0.6040235161781311,-0.0008621385786682367,0.33818063139915466,0.5450487732887268,-0.014885627664625645,0.33884143829345703,0.5151128768920898,-0.02910480462014675,0.3398594856262207,0.488681435585022,-0.03878750652074814,0.3150922358036041,0.6008899211883545,-0.004294511396437883,0.3115787208080292,0.5272728800773621,-0.01673712581396103,0.3092871308326721,0.47841835021972656,-0.030888091772794724,0.3070646822452545,0.4360579252243042,-0.04099636897444725,0.29329150915145874,0.6104421019554138,-0.010969127528369427,0.29010939598083496,0.5399567484855652,-0.024759478867053986,0.28878867626190186,0.49152159690856934,-0.03615511208772659,0.288048654794693,0.45004069805145264,-0.043245039880275726,0.269669771194458,0.6313909888267517,-0.019139859825372696,0.26585081219673157,0.5746799111366272,-0.03112011030316353,0.26531732082366943,0.5361981391906738,-0.03660282492637634,0.2650403380393982,0.5014221668243408,-0.0399554967880249
0.3098922073841095,0.7776508331298828,1.8681086544347636e-07,0.35180994868278503,0.7296874523162842,-0.011603171937167645,0.3765888214111328,0.6685926914215088,-0.015049193054437637,0.38010549545288086,0.6150607466697693,-0.01964748464524746,0.35973966121673584,0.5837951302528381,-0.024356422945857048,0.33818474411964417,0.6055946350097656,0.00396349374204874,0.3387599587440491,0.5436304807662964,-0.012482021003961563,0.3462376594543457,0.5303505063056946,-0.02878239005804062,0.35439449548721313,0.5258188247680664,-0.038295745849609375,0.3145451247692108,0.6021865010261536,-0.00035854597808793187,0.311048686504364,0.5257806777954102,-0.011586498469114304,0.3106374144554138,0.47879558801651,-0.026003317907452583,0.31039756536483765,0.44047439098358154,-0.03644132614135742,0.2921305000782013,0.6112441420555115,-0.008363022468984127,0.289241760969162,0.5394845604896545,-0.02041429653763771,0.28923776745796204,0.49164098501205444,-0.0316782146692276,0.29000675678253174,0.4524981677532196,-0.03884982690215111,0.2684257924556732,0.6314505934715271,-0.01788458228111267,0.265596479177475,0.5731125473976135,-0.027367813512682915,0.2648993730545044,0.5347967743873596,-0.031458210200071335,0.2647607624530792,0.5004578828811646,-0.03400253877043724
0.30368828773498535,0.7748608589172363,2.614236507270107e-07,0.3456365764141083,0.7276689410209656,-0.015027991496026516,0.369291216135025,0.6669490337371826,-0.019077856093645096,0.3703444302082062,0.6119694709777832,-0.023332437500357628,0.3504078984260559,0.5781159400939941,-0.028421128168702126,0.33337825536727905,0.6038233637809753,-0.0019694557413458824,0.33748021721839905,0.5443012118339539,-0.0153574850410223,0.34073206782341003,0.5121055841445923,-0.028925038874149323,0.34413406252861023,0.48133379220962524,-0.038546834141016006,0.30778220295906067,0.5994753241539001,-0.005550413858145475,0.30302679538726807,0.5245361328125,-0.018122373148798943,0.2991044521331787,0.4753968119621277,-0.03214485943317413,0.2956358790397644,0.43263378739356995,-0.04211936891078949,0.2839260697364807,0.6088977456092834,-0.012365455739200115,0.27924633026123047,0.5371801257133484,-0.02670208550989628,0.2770630717277527,0.48830845952033997,-0.03816461190581322,0.27613121271133423,0.4463193416595459,-0.045162662863731384,0.2587224543094635,0.6307096481323242,-0.020798392593860626,0.2540281116962433,0.572475016117096,-0.033604007214307785,0.25383901596069336,0.5333696007728577,-0.03932230547070503,0.2549282908439636,0.4984009563922882,-0.04268507659435272
0.30474603176116943,0.7743822336196899,2.4546963572902314e-07,0.34508219361305237,0.7292775511741638,-0.015390795655548573,0.3710086941719055,0.6673837304115295,-0.020825129002332687,0.3721998333930969,0.6128031015396118,-0.02642502821981907,0.35103920102119446,0.5802085995674133,-0.032380811870098114,0.3323134779930115,0.6033544540405273,-0.0033632696140557528,0.3361532390117645,0.5436663031578064,-0.0198720283806324,0.343200147151947,0.5229061841964722,-0.03558919206261635,0.35038501024246216,0.5065804123878479,-0.04537329822778702,0.30722174048423767,0.6002036333084106,-0.007090361323207617,0.30210357904434204,0.5233554840087891,-0.01971287839114666,0.2987465560436249,0.47311931848526,-0.034024957567453384,0.2951614558696747,0.4292314648628235,-0.04432069882750511,0.2836686372756958,0.610206127166748,-0.014294047839939594,0.2789241373538971,0.5385538935661316,-0.028001511469483376,0.27714821696281433,0.4884462058544159,-0.03931853547692299,0.2763197124004364,0.4456711411476135,-0.04651202633976936,0.2587117552757263,0.6321772336959839,-0.023202568292617798,0.25313645601272583,0.5751040577888489,-0.03432099521160126,0.252599835395813,0.5366807579994202,-0.03871019184589386,0.25332123041152954,0.5023781657218933,-0.041415736079216
0.3040781021118164,0.7741959691047668,2.3151734751536424e-07,0.3448612689971924,0.7295401096343994,-0.015314517542719841,0.371237576007843,0.6681275963783264,-0.020809149369597435,0.3723222017288208,0.6136786341667175,-0.026506170630455017,0.35046207904815674,0.5815697908401489,-0.03250595182180405,0.3326927721500397,0.6029761433601379,-0.0031313386280089617,0.3364337384700775,0.5431241393089294,-0.020153095945715904,0.3433540165424347,0.5242032408714294,-0.03627052530646324,0.35040804743766785,0.510388195514679,-0.04613760858774185,0.3072328567504883,0.5997065305709839,-0.006765478290617466,0.302166223526001,0.5234894752502441,-0.019422095268964767,0.2988222539424896,0.4744029641151428,-0.03381781280040741,0.2953544855117798,0.4316365718841553,-0.044208984822034836,0.28350526094436646,0.6099072098731995,-0.013928551226854324,0.27853599190711975,0.538590133190155,-0.027545509859919548,0.2768411338329315,0.4889386296272278,-0.03879432752728462,0.2761421799659729,0.44636309146881104,-0.04599914699792862,0.2585299015045166,0.6320604085922241,-0.02279859595000744,0.25343266129493713,0.5750575065612793,-0.03365572169423103,0.2531834840774536,0.5369830131530762,-0.0378691665828228,0.25408679246902466,0.5027161836624146,-0.04050189256668091
0.2936086654663086,0.773051381111145,2.615096832414565e-07,0.3370075523853302,0.7273391485214233,-0.016972092911601067,0.36374226212501526,0.6668895483016968,-0.022684380412101746,0.3643694221973419,0.6103118062019348,-0.028241148218512535,0.3433501124382019,0.5766881108283997,-0.03423583507537842,0.32882118225097656,0.6026187539100647,-0.005158543586730957,0.3344874083995819,0.5415438413619995,-0.02159053646028042,0.34017980098724365,0.5183545351028442,-0.03754791244864464,0.3454672396183014,0.49870914220809937,-0.047850724309682846,0.3025074899196625,0.5976665616035461,-0.007847393862903118,0.2990325093269348,0.5194859504699707,-0.020939722657203674,0.2945626378059387,0.4687967896461487,-0.03619806095957756,0.28966501355171204,0.4254864454269409,-0.0472232811152935,0.2785957157611847,0.6067954897880554,-0.01387540902942419,0.27492082118988037,0.5338850021362305,-0.02814420871436596,0.2722453474998474,0.48419392108917236,-0.04028601199388504,0.27029186487197876,0.4428069591522217,-0.047899842262268066,0.25314611196517944,0.6279889941215515,-0.021613603457808495,0.2501746118068695,0.5697942972183228,-0.033680401742458344,0.2505342662334442,0.531278669834137,-0.03894174471497536,0.251620352268219,0.4967190623283386,-0.04206423833966255
0.18225297331809998,0.8535239696502686,2.716105029776372e-07,0.2207823544740677,0.8176186084747314,-0.025486737489700317,0.24607928097248077,0.767009973526001,-0.03624308109283447,0.2508312463760376,0.7156552076339722,-0.04536088928580284,0.2497040182352066,0.6698538064956665,-0.05368226021528244,0.226385697722435,0.6845367550849915,-0.011795362457633018,0.2296563982963562,0.6189705729484558,-0.0289397481828928,0.22844398021697998,0.5818493366241455,-0.04391443729400635,0.22763292491436005,0.5508705377578735,-0.053860411047935486,0.2017229050397873,0.677951991558075,-0.01054402906447649,0.2056897133588791,0.6038638949394226,-0.025833651423454285,0.20667564868927002,0.5566385984420776,-0.03986460715532303,0.20910093188285828,0.5156204700469971,-0.049389466643333435,0.17809784412384033,0.6846420168876648,-0.013540291227400303,0.18210215866565704,0.6136770844459534,-0.028965629637241364,0.18672096729278564,0.5685511827468872,-0.03922151401638985,0.19235122203826904,0.5304145812988281,-0.045259732753038406,0.15210503339767456,0.7024030685424805,-0.019206980243325233,0.15577593445777893,0.6462005376815796,-0.032398805022239685,0.16022387146949768,0.6089755296707153,-0.03806784003973007,0.16553665697574615,0.574518620967865,-0.04108678176999092
0.1734832376241684,0.856616735458374,3.1013146895020327e-07,0.21005390584468842,0.821045994758606,-0.023853980004787445,0.2368827909231186,0.7722559571266174,-0.03375999629497528,0.2421053647994995,0.722267210483551,-0.04216473922133446,0.2341538518667221,0.6827059984207153,-0.049910515546798706,0.217630535364151,0.6886029839515686,-0.010997509583830833,0.22248981893062592,0.6228606700897217,-0.026224257424473763,0.222229465842247,0.5838333964347839,-0.03990745544433594,0.221211776137352,0.5509564280509949,-0.04910825937986374,0.19114716351032257,0.6820902228355408,-0.010348217561841011,0.1949373334646225,0.6065931916236877,-0.023691169917583466,0.1948225200176239,0.5578516721725464,-0.036763545125722885,0.1948380172252655,0.516227126121521,-0.045682817697525024,0.16570350527763367,0.6888694167137146,-0.013519875705242157,0.16873934864997864,0.6179144978523254,-0.02685464546084404,0.17225921154022217,0.5714549422264099,-0.03731326013803482,0.17683672904968262,0.532683253288269,-0.043843962252140045,0.13817894458770752,0.7069868445396423,-0.019273174926638603,0.1380910873413086,0.6520934104919434,-0.03125470131635666,0.13969844579696655,0.6148511171340942,-0.03687284514307976,0.1432151198387146,0.5804617404937744,-0.040016625076532364
0.17365974187850952,0.8559372425079346,3.0749043844480184e-07,0.21087537705898285,0.8206725120544434,-0.023776588961482048,0.23750880360603333,0.7710133790969849,-0.03335589915513992,0.242402583360672,0.720227837562561,-0.04137333109974861,0.23479197919368744,0.6804512143135071,-0.04873271659016609,0.2177571803331375,0.6881240010261536,-0.011184110306203365,0.22229096293449402,0.6220780611038208,-0.026062436401844025,0.2218962013721466,0.5824611186981201,-0.039351340383291245,0.22072656452655792,0.5488605499267578,-0.0483638159930706,0.19129666686058044,0.6818214654922485,-0.010445541702210903,0.19498518109321594,0.6065698266029358,-0.02364737167954445,0.194778174161911,0.5579189658164978,-0.03648683801293373,0.19464744627475739,0.5164800882339478,-0.04524032399058342,0.16587157547473907,0.6885975003242493,-0.013457925990223885,0.1687772423028946,0.6178696155548096,-0.02669811248779297,0.17222800850868225,0.5716140270233154,-0.0369311161339283,0.17669716477394104,0.533140242099762,-0.04330321401357651,0.13828927278518677,0.7066148519515991,-0.0190338846296072,0.1381835639476776,0.6517822742462158,-0.03099687211215496,0.14001816511154175,0.6146256923675537,-0.036556344479322433,0.1437406986951828,0.5804564356803894,-0.03963596746325493
0.17372989654541016,0.8555910587310791,3.080758688156493e-07,0.2110130935907364,0.8204998970031738,-0.023790987208485603,0.2375195473432541,0.770660400390625,-0.03332720324397087,0.24233177304267883,0.7195847630500793,-0.04128456115722656,0.2346889078617096,0.6795565485954285,-0.04856710508465767,0.2178294062614441,0.6879625916481018,-0.011145799420773983,0.22220611572265625,0.6219736337661743,-0.025954583659768105,0.22185587882995605,0.5823127627372742,-0.03916604444384575,0.22076235711574554,0.5486882925033569,-0.048117656260728836,0.1914602667093277,0.6816753149032593,-0.010366985574364662,0.19507382810115814,0.6064928770065308,-0.023507287725806236,0.19485034048557281,0.557823121547699,-0.03625180944800377,0.1947324573993683,0.516333818435669,-0.04492005705833435,0.16607946157455444,0.6884101033210754,-0.01334349624812603,0.16885562241077423,0.6177376508712769,-0.02656896784901619,0.17222870886325836,0.5714418888092041,-0.0367121659219265,0.17662620544433594,0.5330201983451843,-0.04299304261803627,0.13842198252677917,0.7063233256340027,-0.01888314075767994,0.13821683824062347,0.6514118313789368,-0.030842553824186325,0.14003124833106995,0.6141875982284546,-0.03636183962225914,0.14373105764389038,0.5800275206565857,-0.039391472935676575
0.17548216879367828,0.854695737361908,3.0534562256434583e-07,0.212701678276062,0.8181817531585693,-0.021872997283935547,0.23980812728405,0.7698476910591125,-0.031101953238248825,0.24543964862823486,0.7207686305046082,-0.03926914185285568,0.24119317531585693,0.6806792616844177,-0.04692956432700157,0.2202570140361786,0.6894208788871765,-0.010426061227917671,0.22536836564540863,0.6241288781166077,-0.02597099170088768,0.22692053020000458,0.5872194170951843,-0.03973385691642761,0.22798828780651093,0.555978536605835,-0.04882542043924332,0.19371163845062256,0.6832651495933533,-0.010719171725213528,0.19788701832294464,0.6072313785552979,-0.024511544033885002,0.19858917593955994,0.5580013394355774,-0.03795204311609268,0.19923648238182068,0.5162475109100342,-0.04705968126654625,0.16816259920597076,0.6900253891944885,-0.014622417278587818,0.16996827721595764,0.6191256046295166,-0.028282493352890015,0.17281180620193481,0.572868824005127,-0.038887739181518555,0.1770658791065216,0.534575879573822,-0.04536367952823639,0.14047425985336304,0.7076758742332458,-0.02089581824839115,0.1394185721874237,0.6517641544342041,-0.032899826765060425,0.1403782069683075,0.614093542098999,-0.038451313972473145,0.14336806535720825,0.5793477296829224,-0.041467804461717606
0.1755916327238083,0.8536230325698853,3.096985778938688e-07,0.21286310255527496,0.8179246187210083,-0.023082032799720764,0.23895087838172913,0.7691402435302734,-0.032837215811014175,0.24532708525657654,0.7190835475921631,-0.04114772751927376,0.24405567348003387,0.6775801181793213,-0.04873095452785492,0.22115997970104218,0.6881497502326965,-0.012361858040094376,0.2260754108428955,0.622373640537262,-0.02791937254369259,0.2270510196685791,0.5837703347206116,-0.04130445048213005,0.22762233018875122,0.5514001846313477,-0.05013318732380867,0.1940017193555832,0.6818501353263855,-0.011824086308479309,0.19773896038532257,0.6073055267333984,-0.025782296434044838,0.19808030128479004,0.5589028000831604,-0.038562338799238205,0.1988561749458313,0.5180217027664185,-0.047017645090818405,0.1680588722229004,0.6884427666664124,-0.014907946810126305,0.16963978111743927,0.6179137825965881,-0.028544379398226738,0.17266571521759033,0.5724658966064453,-0.03819429129362106,0.17731069028377533,0.5349341630935669,-0.04392864927649498,0.14008581638336182,0.7060409784317017,-0.02046368271112442,0.13929758965969086,0.6505627632141113,-0.03252881392836571,0.14077261090278625,0.6129652261734009,-0.03778420761227608,0.14454974234104156,0.5783796906471252,-0.040411412715911865
0.17560631036758423,0.8542463183403015,3.2050374443315377e-07,0.21191872656345367,0.8203043341636658,-0.025201518088579178,0.2381114363670349,0.7721637487411499,-0.036369554698467255,0.24465739727020264,0.7223578691482544,-0.0456412099301815,0.23986046016216278,0.6804786324501038,-0.05424828827381134,0.22108761966228485,0.6885144114494324,-0.01579107716679573,0.22556471824645996,0.6219239830970764,-0.03244272992014885,0.22545647621154785,0.581904411315918,-0.04658044874668121,0.22538016736507416,0.5485702753067017,-0.05595185235142708,0.1940576285123825,0.6816757321357727,-0.01459943875670433,0.19757050275802612,0.6065629720687866,-0.029485736042261124,0.19813650846481323,0.5570966601371765,-0.04311341792345047,0.19941607117652893,0.5155301690101624,-0.05226119980216026,0.16825918853282928,0.6883644461631775,-0.017040636390447617,0.16961894929409027,0.6174231767654419,-0.03136453405022621,0.17303584516048431,0.5710490942001343,-0.0420445017516613,0.17814016342163086,0.532737135887146,-0.04866490885615349,0.1407804787158966,0.7065432071685791,-0.022067010402679443,0.1396212875843048,0.6514374613761902,-0.034911151975393295,0.14134065806865692,0.6134985685348511,-0.04110122472047806,0.145354226231575,0.5788970589637756,-0.04451052099466324
0.1757042407989502,0.855381965637207,3.1372201192425564e-07,0.21185681223869324,0.8211610913276672,-0.02482878416776657,0.23770347237586975,0.771855890750885,-0.03543807193636894,0.24407416582107544,0.7216393351554871,-0.04420363903045654,0.24058212339878082,0.6796551942825317,-0.05221167206764221,0.22075921297073364,0.6883600354194641,-0.014727666042745113,0.22533144056797028,0.6211618185043335,-0.03092348761856556,0.2254309356212616,0.5810156464576721,-0.044770874083042145,0.22532230615615845,0.5475394129753113,-0.053972236812114716,0.1938657909631729,0.6818675994873047,-0.01353911031037569,0.19754739105701447,0.606552243232727,-0.028075501322746277,0.19805540144443512,0.557418704032898,-0.04150981828570366,0.19906297326087952,0.5162837505340576,-0.05051887780427933,0.16826535761356354,0.6885701417922974,-0.016005411744117737,0.16994443535804749,0.6176166534423828,-0.030079394578933716,0.17352113127708435,0.5714855194091797,-0.04062891751527786,0.17855606973171234,0.5334111452102661,-0.047154709696769714,0.14089690148830414,0.7066199779510498,-0.02105100080370903,0.1399601548910141,0.6513587832450867,-0.03374680504202843,0.14165592193603516,0.6134912967681885,-0.03982975706458092,0.14555931091308594,0.5789093971252441,-0.04315151274204254
0.1757431924343109,0.8562990427017212,3.168655950958055e-07,0.21211442351341248,0.8218663930892944,-0.02487471140921116,0.23803555965423584,0.7720270156860352,-0.035300061106681824,0.24451398849487305,0.7213292121887207,-0.043903201818466187,0.2409200668334961,0.6792178153991699,-0.051725834608078,0.2207380086183548,0.6884827017784119,-0.014109794050455093,0.22545844316482544,0.621218204498291,-0.030129872262477875,0.22580678761005402,0.5810716152191162,-0.04392985627055168,0.22585715353488922,0.5475107431411743,-0.053118329495191574,0.19381950795650482,0.681914210319519,-0.012871230021119118,0.19749663770198822,0.6062254905700684,-0.027226293459534645,0.1980859339237213,0.5568483471870422,-0.04064144939184189,0.1990835964679718,0.515388548374176,-0.049660149961709976,0.16821810603141785,0.6886216402053833,-0.015344754792749882,0.169961079955101,0.6176835894584656,-0.029345987364649773,0.17375686764717102,0.5714892148971558,-0.03995904326438904,0.1789015382528305,0.5332468152046204,-0.04651729017496109,0.14087837934494019,0.7066576480865479,-0.020425155758857727,0.1401161253452301,0.6512526869773865,-0.03307441249489784,0.14174450933933258,0.6133414506912231,-0.03917483985424042,0.14546072483062744,0.5786268711090088,-0.04252364858984947
0.17547765374183655,0.8581109046936035,3.15713123200112e-07,0.2141965627670288,0.8203877210617065,-0.024000031873583794,0.2410704493522644,0.7684637308120728,-0.03379804641008377,0.2478763461112976,0.7169160842895508,-0.04222794249653816,0.24256564676761627,0.675323486328125,-0.049891579896211624,0.2198900580406189,0.688202440738678,-0.009630019776523113,0.2221219837665558,0.6212095022201538,-0.025380242615938187,0.2202892005443573,0.5809832215309143,-0.03953590244054794,0.21823109686374664,0.5479159951210022,-0.04888631030917168,0.19340287148952484,0.6823569536209106,-0.008734344504773617,0.1968930959701538,0.6070228219032288,-0.02247408591210842,0.1973915696144104,0.5571444034576416,-0.035672806203365326,0.19859588146209717,0.5147047638893127,-0.044461607933044434,0.1680118292570114,0.6887391805648804,-0.011885405518114567,0.171303391456604,0.6170099377632141,-0.02547094039618969,0.17510494589805603,0.5700745582580566,-0.03532133251428604,0.18056870996952057,0.5309498906135559,-0.041214339435100555,0.14044588804244995,0.7064030170440674,-0.017697123810648918,0.1403876543045044,0.651191771030426,-0.02946798875927925,0.14257389307022095,0.6139212250709534,-0.03445414453744888,0.1467842310667038,0.5796189308166504,-0.03698993846774101
0.17628328502178192,0.858305811882019,3.3650189834588673e-07,0.21490280330181122,0.8199416399002075,-0.026122424751520157,0.24041898548603058,0.7684376239776611,-0.03705168515443802,0.2482749968767166,0.7172846794128418,-0.04636242240667343,0.2441403716802597,0.6758086681365967,-0.05478603020310402,0.2201884239912033,0.6876645684242249,-0.011274849995970726,0.2229878306388855,0.6200814247131348,-0.02721269801259041,0.2212733030319214,0.5785282254219055,-0.04144695773720741,0.21892708539962769,0.5441166162490845,-0.05095989257097244,0.19368311762809753,0.6821991801261902,-0.009555450640618801,0.19744183123111725,0.6069341897964478,-0.02362288162112236,0.1975291520357132,0.5572212934494019,-0.036912307143211365,0.19828137755393982,0.5148285031318665,-0.04579005017876625,0.16820913553237915,0.6886809468269348,-0.012058502994477749,0.17182433605194092,0.6171908974647522,-0.0258170273154974,0.17532484233379364,0.5706709623336792,-0.035520173609256744,0.1803588569164276,0.5323793888092041,-0.04130707308650017,0.14049416780471802,0.7060418128967285,-0.017464004456996918,0.14065533876419067,0.6506833434104919,-0.02927020937204361,0.14283084869384766,0.6131633520126343,-0.03438498079776764,0.14704032242298126,0.5789642930030823,-0.03706318140029907
0.17627456784248352,0.8586923480033875,3.3878413319143874e-07,0.2151344269514084,0.8205545544624329,-0.026239298284053802,0.24096938967704773,0.7687821984291077,-0.03714441508054733,0.24874678254127502,0.7174724340438843,-0.04640422761440277,0.24473993480205536,0.6763396263122559,-0.054755717515945435,0.22045151889324188,0.6875534057617188,-0.01109774224460125,0.2231605499982834,0.6199419498443604,-0.026911446824669838,0.22139708697795868,0.5782842040061951,-0.04106888920068741,0.21905967593193054,0.5439271926879883,-0.050543490797281265,0.1938592493534088,0.6821610331535339,-0.009276795201003551,0.1975114792585373,0.6069472432136536,-0.0232222992926836,0.1976107358932495,0.5572439432144165,-0.03645836189389229,0.19845616817474365,0.5148852467536926,-0.04529259353876114,0.16837048530578613,0.6887567639350891,-0.011702057905495167,0.17185722291469574,0.6171600222587585,-0.02542795240879059,0.17545831203460693,0.570487380027771,-0.03514860197901726,0.18061460554599762,0.5320264101028442,-0.0409410260617733,0.1406722366809845,0.7062373757362366,-0.01703832298517227,0.14072006940841675,0.650858461856842,-0.028864966705441475,0.14284394681453705,0.6132946014404297,-0.03399127349257469,0.14704138040542603,0.5790137648582458,-0.036667753010988235
0.18072737753391266,0.8629433512687683,2.4210828541981755e-07,0.21878063678741455,0.8258589506149292,-0.025042682886123657,0.24587777256965637,0.7691044807434082,-0.035456541925668716,0.25372397899627686,0.7133072018623352,-0.04491565376520157,0.24761073291301727,0.6713442206382751,-0.05251337215304375,0.22630830109119415,0.6917151808738708,-0.008263885974884033,0.23239509761333466,0.6225759387016296,-0.030772479251027107,0.23399430513381958,0.6196704506874084,-0.049936652183532715,0.23518061637878418,0.630490779876709,-0.05953039973974228,0.19765803217887878,0.6832703948020935,-0.006465190090239048,0.20173537731170654,0.6053037643432617,-0.018718451261520386,0.2027503252029419,0.5597472190856934,-0.031788524240255356,0.20554526150226593,0.5213920474052429,-0.04080915451049805,0.17084674537181854,0.689927875995636,-0.009992646984755993,0.17395034432411194,0.6176261305809021,-0.02208263985812664,0.17784562706947327,0.5704936981201172,-0.03162309154868126,0.18365474045276642,0.5313002467155457,-0.0375133715569973,0.14274194836616516,0.7089493870735168,-0.01645500957965851,0.14330992102622986,0.6520031690597534,-0.025618404150009155,0.14522849023342133,0.6145472526550293,-0.028353210538625717,0.14915761351585388,0.5800197124481201,-0.02950175479054451
0.18158850073814392,0.8630688190460205,2.730254777816299e-07,0.21870216727256775,0.8257251977920532,-0.026039952412247658,0.2441277801990509,0.770967960357666,-0.036698415875434875,0.25165268778800964,0.716852605342865,-0.045808810740709305,0.2502785921096802,0.6756701469421387,-0.053419195115566254,0.22719484567642212,0.6906176209449768,-0.009733937680721283,0.2324378490447998,0.6234046816825867,-0.02894606813788414,0.2326764017343521,0.6020646095275879,-0.04567472264170647,0.2333681285381317,0.5904343724250793,-0.055223651230335236,0.19842597842216492,0.6825559735298157,-0.00730532594025135,0.2014039307832718,0.6071611046791077,-0.020554397255182266,0.20093852281570435,0.5615284442901611,-0.033683910965919495,0.20244255661964417,0.5219428539276123,-0.04254715517163277,0.1718791127204895,0.6891696453094482,-0.00970479566603899,0.1746515929698944,0.618421733379364,-0.02281254343688488,0.17779070138931274,0.5724976658821106,-0.03202491253614426,0.1827078014612198,0.5338311195373535,-0.03745691478252411,0.14405207335948944,0.7076225280761719,-0.015019252896308899,0.14439666271209717,0.6519247889518738,-0.025431986898183823,0.145930677652359,0.6148508191108704,-0.028906239196658134,0.14943797886371613,0.5806396007537842,-0.03039673902094364
0.18094156682491302,0.8627177476882935,2.7363398658053484e-07,0.21865348517894745,0.825938880443573,-0.02686789631843567,0.2453298717737198,0.7704145908355713,-0.03787767142057419,0.25337645411491394,0.7155272960662842,-0.04724322259426117,0.2495838701725006,0.6738055944442749,-0.05498211458325386,0.22838537395000458,0.6906325817108154,-0.010690957307815552,0.2337830364704132,0.6226600408554077,-0.030772265046834946,0.23420806229114532,0.6055878400802612,-0.048070214688777924,0.2350805550813675,0.5994778275489807,-0.05759537220001221,0.199147567152977,0.6824321150779724,-0.007861808873713017,0.20215901732444763,0.6065624356269836,-0.020879847928881645,0.20163246989250183,0.5609384179115295,-0.033988967537879944,0.20317864418029785,0.521636426448822,-0.042879410088062286,0.17213089764118195,0.6891503930091858,-0.009993755258619785,0.17479227483272552,0.6179866194725037,-0.022837741300463676,0.17794910073280334,0.5720354914665222,-0.03201494365930557,0.182957723736763,0.533713698387146,-0.03747008368372917,0.1439729481935501,0.7078825831413269,-0.015129577368497849,0.14428073167800903,0.6520540118217468,-0.025228217244148254,0.1457335203886032,0.615044355392456,-0.02847950905561447,0.14918260276317596,0.5809658169746399,-0.029847949743270874
0.20244616270065308,0.8671221733093262,1.9636658521449135e-07,0.24225880205631256,0.8174523115158081,-0.016719071194529533,0.26031970977783203,0.7563730478286743,-0.023859288543462753,0.2591841518878937,0.7021090388298035,-0.032371506094932556,0.2558880150318146,0.661567747592926,-0.039263151586055756,0.23531287908554077,0.6896154880523682,0.0014966516755521297,0.23848991096019745,0.6236031651496887,-0.022109482437372208,0.24632494151592255,0.6282202005386353,-0.04227599501609802,0.2542858123779297,0.6478346586227417,-0.052179038524627686,0.20844687521457672,0.6839666962623596,-0.0005950818303972483,0.2077748328447342,0.6082525849342346,-0.014148705638945103,0.2080497145652771,0.5627687573432922,-0.02819661796092987,0.21050602197647095,0.5240626335144043,-0.03775462135672569,0.18320032954216003,0.6929027438163757,-0.00789630226790905,0.18343091011047363,0.6205493211746216,-0.02158532477915287,0.1858714520931244,0.5725150108337402,-0.03078627772629261,0.1904556304216385,0.5326011180877686,-0.035710252821445465,0.15653222799301147,0.7134783267974854,-0.017481422051787376,0.15730762481689453,0.6544833779335022,-0.02698550932109356,0.15968775749206543,0.6153838038444519,-0.029223347082734108,0.1644427478313446,0.5794508457183838,-0.02968909591436386
0.20226235687732697,0.8663131594657898,1.7493449888661416e-07,0.24192820489406586,0.815993070602417,-0.015899576246738434,0.2601121664047241,0.7534341812133789,-0.021271176636219025,0.25896188616752625,0.6993964314460754,-0.02789454348385334,0.2506261467933655,0.6564788222312927,-0.033206500113010406,0.2372085303068161,0.6904830932617188,0.00350713892839849,0.23956291377544403,0.6280572414398193,-0.018029050901532173,0.2426075041294098,0.628576397895813,-0.0375237911939621,0.24516475200653076,0.6410110592842102,-0.04750894382596016,0.20954376459121704,0.68387371301651,0.0015130994142964482,0.20879633724689484,0.6088285446166992,-0.010839570313692093,0.2079804688692093,0.5635432004928589,-0.024578198790550232,0.20954027771949768,0.5250983238220215,-0.03415181115269661,0.18412289023399353,0.6915732026100159,-0.005613076966255903,0.18422436714172363,0.6214001774787903,-0.018311064690351486,0.18632188439369202,0.5737724304199219,-0.028292514383792877,0.1906694620847702,0.5344923138618469,-0.03410762920975685,0.15763744711875916,0.7115391492843628,-0.014951099641621113,0.1579795628786087,0.654137372970581,-0.02393997833132744,0.15917649865150452,0.6160515546798706,-0.02665337733924389,0.16212879121303558,0.5806595683097839,-0.027839040383696556
0.20266945660114288,0.8659288287162781,1.8142573310342414e-07,0.24193531274795532,0.8151322603225708,-0.015910908579826355,0.2597106993198395,0.7524668574333191,-0.021373528987169266,0.25840383768081665,0.6978681087493896,-0.028200887143611908,0.24955788254737854,0.6536356210708618,-0.03371576592326164,0.23632173240184784,0.6906311511993408,0.004186369013041258,0.23865629732608795,0.6289129257202148,-0.01790499873459339,0.2430511713027954,0.6292092204093933,-0.03776194155216217,0.24720965325832367,0.6422508955001831,-0.04784006252884865,0.20921118557453156,0.683844804763794,0.001988004893064499,0.20795948803424835,0.6088506579399109,-0.010670444928109646,0.2074224054813385,0.5631920099258423,-0.02461059018969536,0.20938922464847565,0.5241931676864624,-0.0342688262462616,0.18407881259918213,0.691537618637085,-0.005455515347421169,0.1836714744567871,0.6215361952781677,-0.018572378903627396,0.18592846393585205,0.5741435885429382,-0.028641369193792343,0.19050055742263794,0.5348067283630371,-0.03441818058490753,0.15787333250045776,0.7115017771720886,-0.015133790671825409,0.15768305957317352,0.6543935537338257,-0.024440845474600792,0.15873339772224426,0.6163371205329895,-0.027293631806969643,0.16155901551246643,0.5809110403060913,-0.028533300384879112
0.21722182631492615,0.8673313856124878,2.388019311183598e-07,0.25484660267829895,0.8233311772346497,-0.021254854276776314,0.2801182270050049,0.764508843421936,-0.03040226735174656,0.2815496325492859,0.7123767733573914,-0.03914445638656616,0.2758023142814636,0.6727929711341858,-0.04707447811961174,0.2620110511779785,0.6874268651008606,-0.006596552208065987,0.26452329754829407,0.6243764162063599,-0.027002064511179924,0.2670626640319824,0.6061632633209229,-0.04541486129164696,0.2720174193382263,0.5966744422912598,-0.056366000324487686,0.23308275640010834,0.6813264489173889,-0.007292542140930891,0.23367422819137573,0.607080340385437,-0.022087788209319115,0.23298117518424988,0.56160569190979,-0.03768129274249077,0.2349683940410614,0.5227073431015015,-0.04835828021168709,0.20617735385894775,0.690348207950592,-0.012331906706094742,0.2050090879201889,0.6203292608261108,-0.026817606762051582,0.20543904602527618,0.5743999481201172,-0.0373823381960392,0.2079940289258957,0.5352876782417297,-0.04374447837471962,0.17805860936641693,0.7124102711677551,-0.019783053547143936,0.17786037921905518,0.6556756496429443,-0.030847705900669098,0.17837515473365784,0.6195284128189087,-0.03435347229242325,0.18074242770671844,0.5854174494743347,-0.035893868654966354
0.22186869382858276,0.867685079574585,2.389332109942188e-07,0.25821343064308167,0.818384051322937,-0.0182290431112051,0.28005528450012207,0.7554827332496643,-0.024678222835063934,0.2816956639289856,0.7008170485496521,-0.031366195529699326,0.27318549156188965,0.6631808280944824,-0.0370074100792408,0.2594742476940155,0.6828462481498718,0.002234064042568207,0.2617228627204895,0.6215353608131409,-0.014792938716709614,0.26418718695640564,0.6033060550689697,-0.03139631450176239,0.2683292031288147,0.5938054323196411,-0.04152585193514824,0.232089564204216,0.6786065101623535,0.0010387420188635588,0.23214666545391083,0.6081700325012207,-0.010900182649493217,0.2316465973854065,0.5648183226585388,-0.024904320016503334,0.23354391753673553,0.5264935493469238,-0.034701038151979446,0.20641618967056274,0.6879236698150635,-0.00477261608466506,0.20578213036060333,0.6199861764907837,-0.01749223656952381,0.2062038779258728,0.5754278898239136,-0.026737358421087265,0.20828741788864136,0.5369794368743896,-0.03222839906811714,0.17912670969963074,0.7092898488044739,-0.012932663783431053,0.1787405014038086,0.655266284942627,-0.02297915890812874,0.17959991097450256,0.61864173412323,-0.026229610666632652,0.18223273754119873,0.583768367767334,-0.02768377773463726
0.6109809875488281,0.8674932718276978,2.1211329226389353e-07,0.6594011783599854,0.8270443677902222,-0.016218312084674835,0.6946623921394348,0.7728984951972961,-0.022771818563342094,0.7132266163825989,0.7179467082023621,-0.030802521854639053,0.7132744193077087,0.6680209040641785,-0.0380290150642395,0.6594257950782776,0.6820898056030273,0.003163346089422703,0.6720462441444397,0.6120395064353943,-0.02011219412088394,0.6803761720657349,0.6035143136978149,-0.041819535195827484,0.6846003532409668,0.6073135137557983,-0.053483154624700546,0.6338655352592468,0.6704798340797424,-0.0018968174699693918,0.641133189201355,0.5807653665542603,-0.016569331288337708,0.6439612507820129,0.5242959856987,-0.03404386341571808,0.6454789042472839,0.4769853353500366,-0.046676069498062134,0.6083008050918579,0.6750026941299438,-0.012113196775317192,0.6139184832572937,0.5924339890480042,-0.02663045935332775,0.6191076636314392,0.538278341293335,-0.03908152133226395,0.6246708631515503,0.4926413893699646,-0.04717518761754036,0.5798305869102478,0.6928665041923523,-0.024662891402840614,0.5844038128852844,0.6289840340614319,-0.035687461495399475,0.5893425941467285,0.5852593183517456,-0.039636142551898956,0.59568190574646,0.5442118644714355,-0.042050451040267944
0.6061581969261169,0.862554669380188,1.956641284550642e-07,0.6542536020278931,0.819640576839447,-0.01719743199646473,0.6891058683395386,0.7610840201377869,-0.024448834359645844,0.7072376608848572,0.7045370936393738,-0.03345359116792679,0.7026858329772949,0.6523655652999878,-0.040869563817977905,0.6502482891082764,0.6742755174636841,0.0039039738476276398,0.6642553806304932,0.597719132900238,-0.02610783278942108,0.6796724796295166,0.6091663837432861,-0.052722297608852386,0.6880499720573425,0.6360527873039246,-0.06517962366342545,0.6255365014076233,0.6647272109985352,-0.0004845347721129656,0.6333118677139282,0.5756620168685913,-0.016423821449279785,0.6370019316673279,0.5189003944396973,-0.035089705139398575,0.6381344199180603,0.4703923761844635,-0.048367999494075775,0.6005913019180298,0.671514630317688,-0.011052326299250126,0.6083266735076904,0.5889303684234619,-0.02527776174247265,0.6151216626167297,0.5333927869796753,-0.03680090233683586,0.6220231652259827,0.4862654507160187,-0.043994754552841187,0.572700023651123,0.6905072927474976,-0.024394867941737175,0.5792221426963806,0.6248331069946289,-0.03328815475106239,0.5856369733810425,0.5800147652626038,-0.035063162446022034,0.5933727025985718,0.5391101241111755,-0.0357343815267086
0.6038353443145752,0.8603557348251343,2.1885172429847444e-07,0.6514465808868408,0.8178683519363403,-0.017840417101979256,0.6862592101097107,0.7589810490608215,-0.025469418615102768,0.703952431678772,0.7018503546714783,-0.034723393619060516,0.7008956074714661,0.6479648351669312,-0.04245520010590553,0.6502771377563477,0.6721753478050232,0.0037415875121951103,0.6640905737876892,0.5969229340553284,-0.025531919673085213,0.6802441477775574,0.6039672493934631,-0.0518888421356678,0.6904496550559998,0.6279390454292297,-0.06452929228544235,0.6248762011528015,0.6621403098106384,-0.00040575102320872247,0.6331274509429932,0.5749624967575073,-0.01628873310983181,0.6367555856704712,0.5179687738418579,-0.03495697304606438,0.6385037899017334,0.4691808223724365,-0.04826593026518822,0.5995921492576599,0.6684946417808533,-0.010674756020307541,0.6067348718643188,0.5860677361488342,-0.02493942342698574,0.6128827929496765,0.5310124158859253,-0.035978931933641434,0.6199918985366821,0.48453253507614136,-0.04280753433704376,0.571634829044342,0.6871170997619629,-0.023806210607290268,0.5782385468482971,0.6211269497871399,-0.03284113481640816,0.5849295258522034,0.5763800144195557,-0.034439265727996826,0.5935922265052795,0.5356320142745972,-0.0349310040473938
0.6038652658462524,0.8596029281616211,2.0364541342132725e-07,0.6507064700126648,0.8177667260169983,-0.01755431480705738,0.685584545135498,0.7592370510101318,-0.025195036083459854,0.7046862840652466,0.7031248211860657,-0.03452730178833008,0.7011483907699585,0.6502091288566589,-0.0422036349773407,0.6504586935043335,0.6722269654273987,0.0032658688724040985,0.6639848947525024,0.5962386131286621,-0.02700892649590969,0.6807256937026978,0.605986475944519,-0.05392958223819733,0.6910247206687927,0.6318890452384949,-0.06663569062948227,0.6258037090301514,0.6622589826583862,-0.0012042494490742683,0.633032500743866,0.5746947526931763,-0.017512431368231773,0.6363997459411621,0.517598032951355,-0.036310456693172455,0.637545645236969,0.46876388788223267,-0.049695584923028946,0.6006299257278442,0.6686252951622009,-0.011836755089461803,0.6078382730484009,0.5862571597099304,-0.026128344237804413,0.614399790763855,0.5314150452613831,-0.036911506205797195,0.621425211429596,0.4851602613925934,-0.04359067976474762,0.5727570056915283,0.686867356300354,-0.025370128452777863,0.5791388750076294,0.6206448078155518,-0.034184038639068604,0.5857794880867004,0.575577974319458,-0.035503994673490524,0.5943885445594788,0.534461498260498,-0.03581763803958893
0.6037159562110901,0.8591026067733765,2.1041103082097834e-07,0.6508305072784424,0.8175380229949951,-0.01752844825387001,0.6855545043945312,0.7598135471343994,-0.025134464725852013,0.704535961151123,0.7039186954498291,-0.03441255912184715,0.701174259185791,0.6506980061531067,-0.042138371616601944,0.649842381477356,0.6719494462013245,0.0033670796547085047,0.6632768511772156,0.596668541431427,-0.02633480913937092,0.6791722774505615,0.6049458384513855,-0.05289269611239433,0.6890160441398621,0.6295761466026306,-0.0655427798628807,0.6248726844787598,0.6618383526802063,-0.0010893596336245537,0.6327448487281799,0.5747513771057129,-0.01722501963376999,0.636717677116394,0.5178499221801758,-0.03589510917663574,0.6387647986412048,0.46939563751220703,-0.04916306585073471,0.5995863080024719,0.6680874824523926,-0.011676827445626259,0.606763482093811,0.5857971906661987,-0.026054244488477707,0.6133115887641907,0.5306997299194336,-0.03703935444355011,0.6207424998283386,0.48424118757247925,-0.043813422322273254,0.5716888904571533,0.686481773853302,-0.02511940337717533,0.5781465768814087,0.6206268668174744,-0.03418496623635292,0.5850429534912109,0.575494647026062,-0.035776276141405106,0.5939322113990784,0.534467339515686,-0.03625866025686264
0.6022645831108093,0.8565675020217896,2.456328331845725e-07,0.6498882174491882,0.8136745691299438,-0.01690458506345749,0.682529866695404,0.7551257610321045,-0.024402640759944916,0.695825457572937,0.6986741423606873,-0.033666063100099564,0.6922189593315125,0.64641273021698,-0.04132433980703354,0.6456322073936462,0.6678731441497803,0.0043143038637936115,0.6573516726493835,0.5914191007614136,-0.024111278355121613,0.6741960644721985,0.5949692726135254,-0.049859724938869476,0.6863594055175781,0.615605890750885,-0.06233911216259003,0.6208467483520508,0.658469557762146,-0.0002461600524839014,0.6290960907936096,0.5712273716926575,-0.01592734269797802,0.6336479187011719,0.5149966478347778,-0.0339629240334034,0.6366890668869019,0.46760809421539307,-0.046602796763181686,0.5964174866676331,0.6645710468292236,-0.01077959779649973,0.6033010482788086,0.5827368497848511,-0.024799833074212074,0.6099705100059509,0.5283042192459106,-0.035386983305215836,0.6178044676780701,0.483024001121521,-0.0417117103934288,0.5693170428276062,0.6828438639640808,-0.024112582206726074,0.5757243633270264,0.616633951663971,-0.03288542851805687,0.5831649303436279,0.5715742111206055,-0.03442436829209328,0.5929074883460999,0.5309143662452698,-0.034773021936416626
0.6020554900169373,0.854290246963501,1.9465851153199765e-07,0.6484577059745789,0.8139313459396362,-0.015114957466721535,0.6816672682762146,0.7560076713562012,-0.022214848548173904,0.6986972689628601,0.7021453380584717,-0.03137727454304695,0.6960082054138184,0.6508963108062744,-0.039056338369846344,0.6480190753936768,0.6675539612770081,0.003865150036290288,0.6618124842643738,0.592261016368866,-0.025784870609641075,0.6779865026473999,0.6023114323616028,-0.052268676459789276,0.6873865723609924,0.6280350685119629,-0.0646924376487732,0.62322998046875,0.6574602723121643,-0.001700300839729607,0.6306183934211731,0.5697112679481506,-0.017135607078671455,0.6338872313499451,0.5147408246994019,-0.03508104011416435,0.6342570185661316,0.46781545877456665,-0.04787536710500717,0.5978987216949463,0.6639277935028076,-0.01314477901905775,0.6046515703201294,0.5830149054527283,-0.026541797444224358,0.6111000776290894,0.5288604497909546,-0.03726589307188988,0.6177080273628235,0.482815146446228,-0.044070083647966385,0.5702546834945679,0.6824539303779602,-0.027233142405748367,0.5765611529350281,0.6156041026115417,-0.03535407409071922,0.5836684703826904,0.5706870555877686,-0.036537352949380875,0.5928325057029724,0.529982328414917,-0.036901041865348816
0.6020456552505493,0.8542026281356812,2.0031404801557073e-07,0.648892343044281,0.8131243586540222,-0.01570473052561283,0.682106614112854,0.7554750442504883,-0.02268453873693943,0.6983550190925598,0.7003356218338013,-0.03168049454689026,0.6939218640327454,0.6491897106170654,-0.03912128880620003,0.6462373733520508,0.6679796576499939,0.004099497105926275,0.6593425869941711,0.5927529335021973,-0.025587912648916245,0.6760040521621704,0.602483868598938,-0.0519213043153286,0.6870328187942505,0.6276524662971497,-0.06430087983608246,0.6216113567352295,0.6578981280326843,-0.001076017040759325,0.6291083097457886,0.5700663328170776,-0.016886824741959572,0.6334356665611267,0.5143169164657593,-0.035023678094148636,0.6356105208396912,0.46680188179016113,-0.047869011759757996,0.5966460108757019,0.664149284362793,-0.012198461219668388,0.6038182377815247,0.5828417539596558,-0.02616332471370697,0.6107537150382996,0.5287901163101196,-0.03699759021401405,0.6180599927902222,0.48299142718315125,-0.04367205500602722,0.569318950176239,0.682546079158783,-0.02600250579416752,0.5759328603744507,0.6163746118545532,-0.03449816629290581,0.5828219652175903,0.5720314979553223,-0.03581191971898079,0.5915616154670715,0.5321809649467468,-0.03611474111676216
0.5981249809265137,0.8524188995361328,2.3572594898269017e-07,0.6474352478981018,0.8096423745155334,-0.018032541498541832,0.6799406409263611,0.7479872107505798,-0.02441093884408474,0.6896587014198303,0.6872510313987732,-0.032378874719142914,0.6853118538856506,0.6342818737030029,-0.03880857303738594,0.6429697275161743,0.6654965281486511,0.006287634838372469,0.6531744599342346,0.5904220938682556,-0.020895805209875107,0.6688553094863892,0.5929406881332397,-0.04569413140416145,0.6807212829589844,0.613664984703064,-0.057796213775873184,0.6176216006278992,0.6554399728775024,0.0029077462386339903,0.6248670220375061,0.5684689879417419,-0.011927496641874313,0.6286333799362183,0.5126270055770874,-0.029438897967338562,0.6317523717880249,0.46598756313323975,-0.04179731011390686,0.5928603410720825,0.6607936024665833,-0.006675013806670904,0.5987218618392944,0.5789840817451477,-0.020746968686580658,0.604389488697052,0.5254268646240234,-0.03125065937638283,0.6117479205131531,0.48140302300453186,-0.037468329071998596,0.5649324655532837,0.6783455610275269,-0.01914532482624054,0.5719092488288879,0.6131443977355957,-0.028463272377848625,0.5789985060691833,0.5689162015914917,-0.030470333993434906,0.5883873701095581,0.5281939506530762,-0.031144719570875168
0.5980774164199829,0.8516011834144592,2.0317166615768656e-07,0.6465598940849304,0.8095787763595581,-0.017270250245928764,0.6804655194282532,0.7471810579299927,-0.023455971851944923,0.6930498480796814,0.6867443323135376,-0.0312948003411293,0.6859980821609497,0.6336377263069153,-0.037588197737932205,0.6456215381622314,0.6643010377883911,0.006316760554909706,0.6564652323722839,0.5878629088401794,-0.021645499393343925,0.6701083779335022,0.5924073457717896,-0.0464765727519989,0.6787405610084534,0.6160091161727905,-0.05791813135147095,0.6201533675193787,0.6544620394706726,0.0026080620009452105,0.6260221004486084,0.5663952231407166,-0.011736487038433552,0.6286605000495911,0.5115736126899719,-0.028239337727427483,0.6295630931854248,0.4661358594894409,-0.039623696357011795,0.594761073589325,0.6607041954994202,-0.007378658279776573,0.6001580953598022,0.5797973871231079,-0.020699840039014816,0.60570228099823,0.5258540511131287,-0.03017495572566986,0.6120132803916931,0.4812929034233093,-0.03566011041402817,0.5667195916175842,0.6785711050033569,-0.02026463858783245,0.5724730491638184,0.61276775598526,-0.02885429561138153,0.579102635383606,0.5688698291778564,-0.02994394302368164,0.5875279903411865,0.5289434790611267,-0.029886865988373756
0.5972407460212708,0.8519061803817749,2.066449695803385e-07,0.6462141275405884,0.8092585802078247,-0.017137650400400162,0.6794824004173279,0.7475091218948364,-0.022908523678779602,0.6918663382530212,0.6869111657142639,-0.03041008673608303,0.6874775886535645,0.6332612633705139,-0.03656044602394104,0.6432691216468811,0.6652222275733948,0.007233237382024527,0.6537082195281982,0.5893948674201965,-0.019281065091490746,0.6674421429634094,0.5905033349990845,-0.04341711848974228,0.6773742437362671,0.6108756065368652,-0.055109113454818726,0.6184163689613342,0.6553354859352112,0.0035669454373419285,0.6247029304504395,0.5681861639022827,-0.010584209114313126,0.6280020475387573,0.512991726398468,-0.027480335906147957,0.6303299069404602,0.4677368998527527,-0.039442818611860275,0.5938413739204407,0.6607229709625244,-0.006253646686673164,0.5996688604354858,0.5797125101089478,-0.019617680460214615,0.6053396463394165,0.5260902643203735,-0.029403332620859146,0.6121522188186646,0.48241978883743286,-0.03527803719043732,0.5666403770446777,0.6777238845825195,-0.018962359055876732,0.5733092427253723,0.6123959422111511,-0.027834689244627953,0.5797526836395264,0.5686240792274475,-0.0292868260294199,0.5878657102584839,0.5289996862411499,-0.029628556221723557
0.5960113406181335,0.8473134636878967,2.5316492724414275e-07,0.643634557723999,0.805347204208374,-0.01782281883060932,0.6753353476524353,0.7438934445381165,-0.024134233593940735,0.6900649070739746,0.6834058165550232,-0.03185625746846199,0.6880316734313965,0.6299076080322266,-0.038277655839920044,0.6401710510253906,0.6610705852508545,0.005120603833347559,0.6510846018791199,0.5876436233520508,-0.020715637132525444,0.6663686037063599,0.584509015083313,-0.04435860738158226,0.6783880591392517,0.5993450880050659,-0.05616205930709839,0.6148444414138794,0.650317907333374,0.001864457968622446,0.6216316223144531,0.5641197562217712,-0.012851836159825325,0.6252828240394592,0.5084577202796936,-0.030101774260401726,0.6280112266540527,0.46261799335479736,-0.042191389948129654,0.5898116827011108,0.6553118228912354,-0.0072420029900968075,0.5947613716125488,0.574174165725708,-0.021241087466478348,0.6001653671264648,0.5208864212036133,-0.031755924224853516,0.6073859333992004,0.47703900933265686,-0.03804060071706772,0.5622912645339966,0.6722621321678162,-0.019091319292783737,0.56777423620224,0.6082836985588074,-0.028512589633464813,0.5741324424743652,0.5648502707481384,-0.03075484000146389,0.5828886032104492,0.5253328084945679,-0.031637173146009445
0.5960710644721985,0.8465570211410522,2.0852817783634237e-07,0.6445778012275696,0.8039653897285461,-0.01678367331624031,0.6774976849555969,0.7426508069038391,-0.022724581882357597,0.6908609867095947,0.6810433268547058,-0.030588293448090553,0.6863640546798706,0.6255949139595032,-0.03718746080994606,0.6438132524490356,0.6601912975311279,0.008297925814986229,0.6562375426292419,0.5845040082931519,-0.01943323016166687,0.6709474325180054,0.586334764957428,-0.044623393565416336,0.6810746788978577,0.6094431281089783,-0.05643057823181152,0.6177297830581665,0.6491656303405762,0.004684933461248875,0.6237751841545105,0.5624462962150574,-0.008970714174211025,0.6257076859474182,0.5083412528038025,-0.025114743039011955,0.6262521743774414,0.46473002433776855,-0.03627796471118927,0.5919182896614075,0.6546968221664429,-0.005273783579468727,0.5980502963066101,0.5748575329780579,-0.017787793651223183,0.6038020253181458,0.5213851928710938,-0.0261885654181242,0.610317051410675,0.4777054190635681,-0.031048962846398354,0.5633874535560608,0.6726177930831909,-0.018185529857873917,0.568800687789917,0.6086155772209167,-0.026304442435503006,0.574500560760498,0.5656852722167969,-0.02651352621614933,0.5821352601051331,0.5264562368392944,-0.025717206299304962
0.5916979312896729,0.8417195081710815,2.4380850049965375e-07,0.6410034894943237,0.7992477416992188,-0.01788933575153351,0.673686683177948,0.7385757565498352,-0.024197185412049294,0.6859097480773926,0.6772801876068115,-0.03189397603273392,0.6854519248008728,0.6225736737251282,-0.03804413229227066,0.6380084753036499,0.6556011438369751,0.006078240927308798,0.648169219493866,0.5796581506729126,-0.01988847926259041,0.6637467741966248,0.5768996477127075,-0.04332556203007698,0.6762706637382507,0.5937474370002747,-0.054755665361881256,0.6120910048484802,0.6450017094612122,0.0032173641957342625,0.6189894676208496,0.5591225624084473,-0.01109570823609829,0.6225939989089966,0.5053259134292603,-0.02728736400604248,0.6252824664115906,0.46193450689315796,-0.03844839334487915,0.5868757963180542,0.649476170539856,-0.0056885164231061935,0.5925543308258057,0.5691747069358826,-0.0191961620002985,0.5981731414794922,0.5167291164398193,-0.02816268987953663,0.6056811213493347,0.47430530190467834,-0.03317967802286148,0.559137761592865,0.6659626960754395,-0.01746327616274357,0.5654082894325256,0.601381242275238,-0.0267610102891922,0.5719923973083496,0.5578599572181702,-0.028287457302212715,0.5807873606681824,0.5185911655426025,-0.028293313458561897
0.5931819677352905,0.8401395082473755,2.0155759727913392e-07,0.6412408351898193,0.7981199026107788,-0.01625777781009674,0.673690140247345,0.738753616809845,-0.02245575748383999,0.6851234436035156,0.6798051595687866,-0.030306179076433182,0.6823825240135193,0.6254103183746338,-0.036740999668836594,0.6414891481399536,0.6553572416305542,0.005078469403088093,0.6521814465522766,0.5800555944442749,-0.02213704213500023,0.6663784384727478,0.5816049575805664,-0.046027328819036484,0.6762207746505737,0.6025344133377075,-0.057125262916088104,0.6153304576873779,0.6441341638565063,0.0011905687861144543,0.6209889054298401,0.5572715401649475,-0.013038530945777893,0.6237505674362183,0.5045871734619141,-0.028710467740893364,0.6250821352005005,0.4618130326271057,-0.03944136202335358,0.5892976522445679,0.6491775512695312,-0.008596817031502724,0.5944487452507019,0.5693581104278564,-0.02166377753019333,0.6001351475715637,0.5167175531387329,-0.030310235917568207,0.6070496439933777,0.4735311269760132,-0.03521004319190979,0.5605266690254211,0.6667264103889465,-0.02110447734594345,0.5658800005912781,0.6015765070915222,-0.029718540608882904,0.5721365809440613,0.5581594109535217,-0.03054436296224594,0.5804603099822998,0.5187880992889404,-0.030120575800538063
0.5919297933578491,0.8397391438484192,1.941505018976386e-07,0.6409607529640198,0.797880232334137,-0.015444157645106316,0.673764169216156,0.7379471659660339,-0.020916296169161797,0.6852861642837524,0.6786516904830933,-0.028234921395778656,0.6826152205467224,0.6246204972267151,-0.034208253026008606,0.6412691473960876,0.6551672220230103,0.006659983191639185,0.6516762971878052,0.5797045230865479,-0.01990225724875927,0.6656551957130432,0.5804212093353271,-0.04343685880303383,0.675699770450592,0.6012108325958252,-0.05439801514148712,0.6151582598686218,0.6438794732093811,0.002528971992433071,0.6210238933563232,0.5575544238090515,-0.01129129622131586,0.6241878271102905,0.5048899054527283,-0.026901263743638992,0.626261830329895,0.46203839778900146,-0.03767288103699684,0.5892523527145386,0.6486729383468628,-0.007483711000531912,0.5942170023918152,0.5691347122192383,-0.02016519196331501,0.5999797582626343,0.5167582035064697,-0.02877919375896454,0.6071908473968506,0.4738531708717346,-0.03378216549754143,0.5605912208557129,0.6658498644828796,-0.020191026851534843,0.5657835006713867,0.6009334325790405,-0.02851811610162258,0.5719212889671326,0.5576136112213135,-0.029295165091753006,0.5802482962608337,0.5184909105300903,-0.028944004327058792
0.5831759572029114,0.8326069116592407,2.3807899651728803e-07,0.6353652477264404,0.7916295528411865,-0.0140462014824152,0.6674087047576904,0.7256327867507935,-0.015592285431921482,0.67741858959198,0.6644854545593262,-0.01824302040040493,0.6805402040481567,0.6155045628547668,-0.020053988322615623,0.6333456039428711,0.6465232968330383,0.00842540804296732,0.6416906118392944,0.5762042999267578,-0.00851101242005825,0.6537267565727234,0.5600959658622742,-0.02503633126616478,0.6650201082229614,0.5543476939201355,-0.034258969128131866,0.6069434881210327,0.636891782283783,0.005050252191722393,0.6124655604362488,0.5522605180740356,-0.0063135093078017235,0.6169683933258057,0.500809371471405,-0.020212652161717415,0.6219685077667236,0.4587024450302124,-0.029764028266072273,0.5814058780670166,0.6411268711090088,-0.0030829268507659435,0.5857651829719543,0.5604981184005737,-0.01572626270353794,0.591261625289917,0.5111149549484253,-0.025133781135082245,0.5990351438522339,0.4709590673446655,-0.030385717749595642,0.5532610416412354,0.6573172211647034,-0.013327737338840961,0.5589909553527832,0.5919396281242371,-0.023264845833182335,0.5657855272293091,0.5502671003341675,-0.026126252487301826,0.5745199918746948,0.5131503343582153,-0.027167081832885742
0.5856778621673584,0.8331325054168701,2.2213622230538022e-07,0.6370256543159485,0.789600670337677,-0.01350806187838316,0.6695418953895569,0.7234724760055542,-0.0157456174492836,0.6806321144104004,0.6632533073425293,-0.019430600106716156,0.6826745271682739,0.610907793045044,-0.021948572248220444,0.6344282627105713,0.6442269682884216,0.008281368762254715,0.6437279582023621,0.5716840028762817,-0.01180248986929655,0.6588681936264038,0.5640580058097839,-0.030634019523859024,0.671779453754425,0.5702610015869141,-0.04018360376358032,0.6087188124656677,0.635187029838562,0.004593331832438707,0.6134179830551147,0.5503206849098206,-0.006713206879794598,0.6176586151123047,0.4989233911037445,-0.021219201385974884,0.6208281517028809,0.4574804902076721,-0.03137579187750816,0.5828166007995605,0.6406996846199036,-0.004049717914313078,0.5862453579902649,0.5609922409057617,-0.015408685430884361,0.5925304889678955,0.5108062028884888,-0.024491658434271812,0.6002696752548218,0.46996748447418213,-0.029884211719036102,0.5548277497291565,0.6580295562744141,-0.014906492084264755,0.5587958097457886,0.5933271050453186,-0.023015081882476807,0.5647637844085693,0.551105260848999,-0.024626128375530243,0.5724440217018127,0.513343095779419,-0.02490711584687233
0.5841003060340881,0.8333587050437927,2.0145080270594917e-07,0.636192798614502,0.7896751761436462,-0.012787519954144955,0.6692198514938354,0.7232281565666199,-0.014514814130961895,0.6788206100463867,0.6623746156692505,-0.017903966829180717,0.6802219152450562,0.609806478023529,-0.020197199657559395,0.6358616352081299,0.6444298624992371,0.009504655376076698,0.6458064317703247,0.5715042948722839,-0.011235862039029598,0.6602771878242493,0.5644152164459229,-0.030668912455439568,0.6722705960273743,0.572559118270874,-0.040409691631793976,0.6092712879180908,0.6348259449005127,0.0054738870821893215,0.6142950654029846,0.5498871803283691,-0.006122445687651634,0.6183261871337891,0.4981166124343872,-0.02086852304637432,0.6216619610786438,0.45613721013069153,-0.03115721419453621,0.5831010341644287,0.6403027176856995,-0.003604964353144169,0.5867873430252075,0.5602856278419495,-0.015215963125228882,0.5930195450782776,0.5097348093986511,-0.02435276471078396,0.6010000705718994,0.4682159423828125,-0.02976679801940918,0.5547804236412048,0.6579991579055786,-0.014868542551994324,0.559363842010498,0.5933002233505249,-0.02308371104300022,0.5653380155563354,0.5512863397598267,-0.02460886351764202,0.5731731653213501,0.5134149193763733,-0.024828478693962097
0.5739284157752991,0.8211572170257568,2.4992931457745726e-07,0.6271071434020996,0.7781428694725037,-0.011883465573191643,0.6609045267105103,0.7121915817260742,-0.013671564869582653,0.6746102571487427,0.6520290970802307,-0.01760043390095234,0.6741725206375122,0.601062536239624,-0.020240820944309235,0.6291514039039612,0.6311560869216919,0.01340444665402174,0.6399147510528564,0.559783399105072,-0.006871775258332491,0.6550526022911072,0.5542610883712769,-0.02687293104827404,0.6672646999359131,0.5655532479286194,-0.0365782268345356,0.6006655097007751,0.6205636262893677,0.009352353401482105,0.606352686882019,0.5366837382316589,-0.00014085759175941348,0.6102502942085266,0.4866616725921631,-0.014183409512043,0.6137150526046753,0.4470270872116089,-0.023988107219338417,0.5726193785667419,0.6242227554321289,0.00010333534009987488,0.5775995254516602,0.5454566478729248,-0.009092147462069988,0.583200991153717,0.49713262915611267,-0.0162491574883461,0.5911124348640442,0.4591449499130249,-0.020403344184160233,0.5420209765434265,0.6398310661315918,-0.011518580839037895,0.5467543601989746,0.5767842531204224,-0.017089134082198143,0.552302360534668,0.536205530166626,-0.01649332419037819,0.5599752068519592,0.501035213470459,-0.015164947137236595
0.574762225151062,0.8207706809043884,2.1127254967723275e-07,0.6290614604949951,0.7741265296936035,-0.011038510128855705,0.6624894142150879,0.708611011505127,-0.01315955352038145,0.6756247878074646,0.6482998132705688,-0.017832063138484955,0.6730150580406189,0.5945273041725159,-0.021455107256770134,0.6303353309631348,0.6296789646148682,0.014189290814101696,0.6392048597335815,0.5561754703521729,-0.006919927429407835,0.6527870297431946,0.549530565738678,-0.02716049738228321,0.6643110513687134,0.5618165731430054,-0.03683295473456383,0.6021749377250671,0.6201938390731812,0.009469268843531609,0.6066917181015015,0.5355408787727356,-0.0004815496795345098,0.6102844476699829,0.4851677119731903,-0.014349634759128094,0.6135532855987549,0.4448377788066864,-0.02400887757539749,0.5739677548408508,0.6248864531517029,-0.0005608744686469436,0.5779421329498291,0.5460788011550903,-0.009947460144758224,0.5840957760810852,0.4963417053222656,-0.01696942001581192,0.592381477355957,0.45578625798225403,-0.021199773997068405,0.5432878732681274,0.642082691192627,-0.012914896942675114,0.5465618968009949,0.5798026919364929,-0.018622254952788353,0.552046537399292,0.538419246673584,-0.017888424918055534,0.5595272779464722,0.5015114545822144,-0.016602355986833572
0.57421875,0.820622980594635,2.0517505561201688e-07,0.6286430358886719,0.7746335864067078,-0.010942555032670498,0.6620805263519287,0.7089126110076904,-0.012971105054020882,0.6752152442932129,0.6484904289245605,-0.017523007467389107,0.6730121970176697,0.5950019359588623,-0.021114395931363106,0.6305109262466431,0.6297675967216492,0.013570024631917477,0.6395801305770874,0.5559498071670532,-0.007586332503706217,0.6530821919441223,0.5491454601287842,-0.027750317007303238,0.664577305316925,0.5615174770355225,-0.03740962967276573,0.6020689606666565,0.6201744079589844,0.008781461976468563,0.6065476536750793,0.5351210832595825,-0.0013461472699418664,0.6102055907249451,0.4844619035720825,-0.015265043824911118,0.613548755645752,0.4439857006072998,-0.024976249784231186,0.5736775398254395,0.6251146197319031,-0.0012470223009586334,0.5777053236961365,0.545689046382904,-0.010847865603864193,0.583939790725708,0.4956914186477661,-0.01804795116186142,0.5922404527664185,0.4549299478530884,-0.022415170446038246,0.5428586006164551,0.6426652073860168,-0.01354262512177229,0.5461550354957581,0.5800304412841797,-0.019515957683324814,0.5517771244049072,0.5384746789932251,-0.018981585279107094,0.5593256950378418,0.5014201402664185,-0.01784500479698181
0.562058687210083,0.802860677242279,2.5401055836482556e-07,0.6184910535812378,0.7584225535392761,-0.014318079687654972,0.6569135189056396,0.6908918023109436,-0.017420582473278046,0.6724443435668945,0.6276328563690186,-0.022257013246417046,0.6670693755149841,0.5729976296424866,-0.026028955355286598,0.624279260635376,0.6118684411048889,0.011564617976546288,0.6357243061065674,0.54267418384552,-0.007777791004627943,0.6469737887382507,0.5327942371368408,-0.026810770854353905,0.6552310585975647,0.5371923446655273,-0.036503128707408905,0.5947722792625427,0.6009330153465271,0.008043749257922173,0.6008293628692627,0.5166199207305908,-0.0024231993593275547,0.602875828742981,0.4648858904838562,-0.01676994003355503,0.6046316027641296,0.42232757806777954,-0.02660061977803707,0.5661839842796326,0.6041522026062012,-0.0007166221621446311,0.5725731253623962,0.5243479013442993,-0.011584848165512085,0.5772767663002014,0.4733605980873108,-0.019638260826468468,0.5835988521575928,0.43195754289627075,-0.024238036945462227,0.5348507761955261,0.6203647255897522,-0.011861474253237247,0.5405298471450806,0.5565188527107239,-0.01919272541999817,0.5465695858001709,0.5149521231651306,-0.01955544203519821,0.5544266104698181,0.47828423976898193,-0.018843699246644974
0.563395082950592,0.8025909662246704,1.9156659902819229e-07,0.6198473572731018,0.7551889419555664,-0.012570085935294628,0.6549326777458191,0.6859678030014038,-0.014633063226938248,0.6685266494750977,0.6229907274246216,-0.019082117825746536,0.6621145009994507,0.5692843198776245,-0.022622359916567802,0.6229721903800964,0.6118553876876831,0.013693002983927727,0.6322546601295471,0.5395916104316711,-0.007584583014249802,0.6424978375434875,0.5298097133636475,-0.028028832748532295,0.6504402160644531,0.536880612373352,-0.03829386085271835,0.5942140221595764,0.6009837985038757,0.009258528240025043,0.5989930629730225,0.5164936184883118,-0.002383108949288726,0.600715160369873,0.46429121494293213,-0.01748601719737053,0.6021645069122314,0.42183351516723633,-0.02776785008609295,0.566032350063324,0.6038498878479004,-0.0006311038741841912,0.5710387825965881,0.5239593982696533,-0.011922143399715424,0.5762984156608582,0.47315460443496704,-0.019809238612651825,0.5832772254943848,0.4315013289451599,-0.024284690618515015,0.5351885557174683,0.6193475127220154,-0.012916815467178822,0.5397306084632874,0.5558056831359863,-0.019928665831685066,0.545705258846283,0.5143976211547852,-0.019877567887306213,0.5535449981689453,0.47752976417541504,-0.019004948437213898
0.5633360147476196,0.803084135055542,2.0298206493407633e-07,0.6186414361000061,0.7576867341995239,-0.01364074181765318,0.6545556783676147,0.6899514198303223,-0.016326969489455223,0.6691585779190063,0.6266953349113464,-0.02112128585577011,0.6626535058021545,0.5722535252571106,-0.025131287053227425,0.6247620582580566,0.6131446361541748,0.013507145456969738,0.6362712383270264,0.5449761152267456,-0.00736145069822669,0.6448032259941101,0.5316590666770935,-0.0279555544257164,0.6495648622512817,0.534568727016449,-0.03849048539996147,0.5954481363296509,0.6016332507133484,0.009501958265900612,0.6006254553794861,0.5175691246986389,-0.0021390640176832676,0.602078378200531,0.46525922417640686,-0.017129838466644287,0.6027141809463501,0.42213964462280273,-0.027133138850331306,0.5667630434036255,0.6042766571044922,1.7624714018893428e-05,0.571740984916687,0.5245688557624817,-0.01162292342633009,0.5774760842323303,0.473524272441864,-0.019477279856801033,0.5843155384063721,0.43092453479766846,-0.023759959265589714,0.5357428193092346,0.6202557682991028,-0.011918631382286549,0.540665864944458,0.5575398206710815,-0.019402002915740013,0.546842098236084,0.5166292786598206,-0.019194433465600014,0.5547388792037964,0.4798722267150879,-0.018068531528115273
0.5553916096687317,0.7848138213157654,2.0158996960617515e-07,0.6102889776229858,0.7367333769798279,-0.011949091218411922,0.6477391123771667,0.6624727845191956,-0.014266902580857277,0.6588178873062134,0.6002348065376282,-0.019124964252114296,0.6476103067398071,0.5518503785133362,-0.022608915343880653,0.6172181963920593,0.5861053466796875,0.010663478635251522,0.6248682737350464,0.5113733410835266,-0.013436658307909966,0.6362609267234802,0.5123521685600281,-0.03522907942533493,0.6457927227020264,0.5311722755432129,-0.04535996913909912,0.5873607397079468,0.5773047804832458,0.0058010355569422245,0.5892128944396973,0.4931085705757141,-0.006458849646151066,0.588986337184906,0.440826952457428,-0.020962785929441452,0.5899340510368347,0.3994797468185425,-0.03048432432115078,0.5589828491210938,0.5827857255935669,-0.004519636742770672,0.5621837377548218,0.5013789534568787,-0.015937060117721558,0.5643859505653381,0.4499783217906952,-0.02289152331650257,0.5690866112709045,0.4085701107978821,-0.026436815038323402,0.5279385447502136,0.601246178150177,-0.01726337894797325,0.5313252806663513,0.5358675718307495,-0.024044830352067947,0.5342053174972534,0.49370673298835754,-0.023266959935426712,0.5397123694419861,0.4557684361934662,-0.02142198756337166
0.5539547204971313,0.7852962017059326,1.6526468016309082e-07,0.6092906594276428,0.7385397553443909,-0.014470446854829788,0.6493090391159058,0.6664378046989441,-0.018384849652647972,0.6654511094093323,0.6025939583778381,-0.02465936541557312,0.6527390480041504,0.5530148148536682,-0.02962728589773178,0.6149461269378662,0.5880222320556641,0.011370602063834667,0.6250107884407043,0.5149411559104919,-0.013658791780471802,0.6361148953437805,0.5114840269088745,-0.03663959726691246,0.644852876663208,0.5277490019798279,-0.0476401187479496,0.5855761766433716,0.5778868198394775,0.007027112413197756,0.5883767604827881,0.4921334981918335,-0.005839726887643337,0.5875722169876099,0.4383513331413269,-0.021457642316818237,0.5867630839347839,0.39307841658592224,-0.03200405836105347,0.5577524900436401,0.5827872157096863,-0.0031926752999424934,0.5615281462669373,0.5025085806846619,-0.014963267371058464,0.5651424527168274,0.45046865940093994,-0.022317131981253624,0.570134699344635,0.406772255897522,-0.02642112970352173,0.5275701880455017,0.6009134650230408,-0.01620057411491871,0.5306336879730225,0.5363495349884033,-0.022786501795053482,0.5342093706130981,0.4941391348838806,-0.021931607276201248,0.5393242835998535,0.45597153902053833,-0.020528584718704224
0.5541006922721863,0.7861446738243103,1.7182287592731882e-07,0.6101161241531372,0.7377044558525085,-0.013779724016785622,0.6488814353942871,0.6669877171516418,-0.017024656757712364,0.6659315824508667,0.6054172515869141,-0.02268197201192379,0.6554200649261475,0.555908739566803,-0.027089104056358337,0.6139897704124451,0.5875281095504761,0.012716619297862053,0.6239620447158813,0.5159739255905151,-0.01065496914088726,0.6345660090446472,0.5106226801872253,-0.03274565562605858,0.6430712938308716,0.5235816240310669,-0.04367037117481232,0.585000216960907,0.5773643851280212,0.008256185799837112,0.5885655879974365,0.49183282256126404,-0.004220101982355118,0.588520884513855,0.4385257363319397,-0.01991187036037445,0.5884212255477905,0.3947259783744812,-0.030586089938879013,0.5573487877845764,0.5821346044540405,-0.0019318419508635998,0.561555802822113,0.5014768242835999,-0.013552356511354446,0.5654881596565247,0.449910968542099,-0.021484162658452988,0.5707643628120422,0.40739569067955017,-0.026029309257864952,0.527524471282959,0.6002503633499146,-0.01478242501616478,0.5306244492530823,0.5363255143165588,-0.0214446559548378,0.5343679785728455,0.49420177936553955,-0.021134506911039352,0.539818286895752,0.45606809854507446,-0.02019699104130268
0.5456362962722778,0.7711184024810791,2.649836972068442e-07,0.5977784395217896,0.726224958896637,-0.020360659807920456,0.6352702379226685,0.6493173241615295,-0.026153801009058952,0.6470730304718018,0.5781394839286804,-0.03310440480709076,0.6347294449806213,0.522483229637146,-0.038466040045022964,0.599636971950531,0.5704661011695862,0.006265485659241676,0.6109009981155396,0.5000789761543274,-0.01968665048480034,0.6224730610847473,0.4952162802219391,-0.042034756392240524,0.6307660341262817,0.5105676054954529,-0.05218522995710373,0.5687648057937622,0.5593743920326233,0.004900139290839434,0.570223331451416,0.4740484654903412,-0.008176757954061031,0.570231556892395,0.4202694296836853,-0.022031957283616066,0.5724443197250366,0.37432539463043213,-0.030887281522154808,0.5404982566833496,0.5641948580741882,-0.002977007767185569,0.541944146156311,0.48351600766181946,-0.01645331084728241,0.545440137386322,0.4315890669822693,-0.023158442229032516,0.5516666173934937,0.3894633650779724,-0.026112301275134087,0.5098860859870911,0.5837742686271667,-0.01405306626111269,0.5131394863128662,0.5194312930107117,-0.023363132029771805,0.5173715353012085,0.4765724539756775,-0.02368892915546894,0.5242205262184143,0.4382721781730652,-0.022281579673290253
0.5472491979598999,0.7709763050079346,2.0949512702372886e-07,0.5978348851203918,0.7266329526901245,-0.020934566855430603,0.634715735912323,0.6506561040878296,-0.02704005315899849,0.6456566452980042,0.5807011723518372,-0.0341305173933506,0.6324265599250793,0.5261233448982239,-0.039529044181108475,0.5985474586486816,0.5708776116371155,0.006310694385319948,0.6113002896308899,0.5000529289245605,-0.019685206934809685,0.6227427124977112,0.49501460790634155,-0.04304688051342964,0.6304871439933777,0.5086023211479187,-0.05435218662023544,0.5686538219451904,0.5599189400672913,0.004750338848680258,0.5710386037826538,0.47396501898765564,-0.009421544149518013,0.5704185962677002,0.4190240204334259,-0.02554870769381523,0.5701684355735779,0.37303170561790466,-0.036434758454561234,0.5409462451934814,0.5650915503501892,-0.003286622930318117,0.5424500107765198,0.48379939794540405,-0.01730211451649666,0.5459488034248352,0.43174850940704346,-0.02620799094438553,0.5506625771522522,0.3891127109527588,-0.031181760132312775,0.5120636820793152,0.5844172835350037,-0.014524013735353947,0.5143241286277771,0.5198091864585876,-0.022983036935329437,0.5173386931419373,0.4781547486782074,-0.02362084947526455,0.5216774940490723,0.4411175847053528,-0.023293543606996536
0.5371390581130981,0.7666186094284058,2.766481372873386e-07,0.5894560813903809,0.7209746241569519,-0.02154081128537655,0.6218468546867371,0.6395174264907837,-0.026111645624041557,0.6306352615356445,0.5671343207359314,-0.03051791712641716,0.6196420788764954,0.5123618841171265,-0.03406384587287903,0.5830198526382446,0.5621091723442078,0.0008681972394697368,0.5869061350822449,0.4890702962875366,-0.018603051081299782,0.593825101852417,0.469613641500473,-0.03676685690879822,0.6010774374008179,0.46179503202438354,-0.04709235206246376,0.5526738166809082,0.5545877814292908,-0.00011899381206603721,0.553089439868927,0.46593379974365234,-0.013802648521959782,0.552148699760437,0.40817344188690186,-0.029673248529434204,0.5529667139053345,0.3608425259590149,-0.04066339135169983,0.5241125226020813,0.5619463920593262,-0.006402403581887484,0.5239378213882446,0.47666531801223755,-0.021569062024354935,0.5257426500320435,0.4219461679458618,-0.032700229436159134,0.5302760601043701,0.37764835357666016,-0.0391375869512558,0.4934370517730713,0.5824061036109924,-0.015321423299610615,0.4964580833911896,0.5124273896217346,-0.027811173349618912,0.5004054307937622,0.4661504030227661,-0.032426200807094574,0.5064604878425598,0.42572876811027527,-0.0346028208732605
0.5343446731567383,0.7691028118133545,2.52109771281539e-07,0.5863715410232544,0.7211565971374512,-0.022011561319231987,0.6209255456924438,0.6414344906806946,-0.027628151699900627,0.6324543952941895,0.5692380666732788,-0.033391255885362625,0.6161382794380188,0.5158556699752808,-0.037876032292842865,0.5819630026817322,0.5643168091773987,0.0016142138047143817,0.5899671316146851,0.4911826550960541,-0.020606357604265213,0.6010045409202576,0.4789937138557434,-0.041045576333999634,0.6111693382263184,0.47940707206726074,-0.05223091319203377,0.5522648692131042,0.5545359253883362,0.00012819764378946275,0.5536457300186157,0.4644376337528229,-0.014096146449446678,0.5535567998886108,0.4069199562072754,-0.030989021062850952,0.5542193651199341,0.3596038818359375,-0.04292050749063492,0.5237460732460022,0.5610800981521606,-0.007011068519204855,0.5243350267410278,0.47573259472846985,-0.02226598747074604,0.5275763273239136,0.4213324189186096,-0.033747099339962006,0.5322657823562622,0.3772890567779541,-0.040708206593990326,0.49372026324272156,0.5815497636795044,-0.016997970640659332,0.49641600251197815,0.5135043263435364,-0.028460273519158363,0.49997609853744507,0.46869349479675293,-0.03208140283823013,0.5050568580627441,0.4289202094078064,-0.033981356769800186
0.5345128774642944,0.7706286907196045,2.510484762296983e-07,0.5861013531684875,0.7206272482872009,-0.022260449826717377,0.6202126145362854,0.641716480255127,-0.028630249202251434,0.6326253414154053,0.5700499415397644,-0.035387758165597916,0.6164937019348145,0.5159181952476501,-0.04068965092301369,0.5813018679618835,0.5624028444290161,0.002402717247605324,0.587417721748352,0.4872360825538635,-0.02105589583516121,0.5994243621826172,0.47838863730430603,-0.04248007386922836,0.610914409160614,0.48366183042526245,-0.05387112498283386,0.5518693923950195,0.5535200238227844,0.0008726044325158,0.5521942973136902,0.46238434314727783,-0.013534007593989372,0.552509605884552,0.40513354539871216,-0.030799563974142075,0.5537738800048828,0.3578898012638092,-0.043011438101530075,0.5237157344818115,0.560764491558075,-0.006576777435839176,0.523509681224823,0.4752258360385895,-0.021647654473781586,0.5267844200134277,0.4209004044532776,-0.03279370442032814,0.531823456287384,0.3773702383041382,-0.03953981027007103,0.4939902424812317,0.5817157626152039,-0.01701897755265236,0.49588504433631897,0.5138069987297058,-0.02784295193850994,0.49918052554130554,0.46913471817970276,-0.03093552030622959,0.5041117072105408,0.4297483563423157,-0.03249470517039299
0.5202289819717407,0.7661767601966858,2.564089243151102e-07,0.5746109485626221,0.7195041179656982,-0.021333741024136543,0.6085605025291443,0.6366581320762634,-0.026759525761008263,0.6233056783676147,0.5592759251594543,-0.03309592977166176,0.6090711951255798,0.5023761987686157,-0.03807273134589195,0.5714890956878662,0.5583828091621399,0.00588791212067008,0.5816372632980347,0.4811432957649231,-0.01868247799575329,0.5922392010688782,0.47523465752601624,-0.04133487492799759,0.6000593900680542,0.4884357750415802,-0.05254847928881645,0.540255069732666,0.5477480292320251,0.004336775280535221,0.5437549352645874,0.4546852707862854,-0.008855853229761124,0.5438272356987,0.39585235714912415,-0.025213977321982384,0.5446248650550842,0.34740179777145386,-0.03647248074412346,0.5103462338447571,0.5531030893325806,-0.003655741922557354,0.5117968916893005,0.4632164239883423,-0.017852339893579483,0.5144121646881104,0.40546220541000366,-0.028249381110072136,0.5193174481391907,0.35917896032333374,-0.03426835685968399,0.4778602719306946,0.5725855231285095,-0.014670413918793201,0.4811055064201355,0.5011695027351379,-0.025094887241721153,0.4842146337032318,0.453715980052948,-0.02756529673933983,0.48958903551101685,0.4119899272918701,-0.028350641950964928
0.5206190943717957,0.7688099145889282,2.3493203116231598e-07,0.5732507705688477,0.7196151614189148,-0.021914508193731308,0.6108579039573669,0.638062059879303,-0.028676118701696396,0.6260356307029724,0.5606905221939087,-0.03617412969470024,0.6056027412414551,0.506029486656189,-0.04246571660041809,0.5742753744125366,0.5575287342071533,0.0044515496119856834,0.5852602124214172,0.4832213521003723,-0.020266778767108917,0.5933781266212463,0.4732837378978729,-0.04309208691120148,0.5986104011535645,0.47991976141929626,-0.05492238327860832,0.5420508980751038,0.5458028316497803,0.0024026466999202967,0.5446157455444336,0.4527989327907562,-0.011774607002735138,0.5437387824058533,0.393865168094635,-0.028803223744034767,0.5433312654495239,0.34329086542129517,-0.04068813845515251,0.5116552710533142,0.5510362386703491,-0.00582698592916131,0.5130155682563782,0.4616924822330475,-0.020698176696896553,0.516833484172821,0.40535062551498413,-0.03129775449633598,0.5216920971870422,0.3589760661125183,-0.0376783162355423,0.4798819422721863,0.5712347626686096,-0.01711212284862995,0.482157826423645,0.5001692175865173,-0.02749818004667759,0.4859238266944885,0.4533061981201172,-0.029742123559117317,0.4915426969528198,0.41120094060897827,-0.030702488496899605
0.520247757434845,0.7705677151679993,2.420538294245489e-07,0.5739845037460327,0.7183946371078491,-0.023225806653499603,0.6099686622619629,0.6364661455154419,-0.03058142215013504,0.6247747540473938,0.5570854544639587,-0.03875106945633888,0.6040942072868347,0.49983081221580505,-0.045503370463848114,0.570891261100769,0.5565001964569092,0.006236525252461433,0.5803804397583008,0.4792337417602539,-0.019255880266427994,0.5893386602401733,0.4720866084098816,-0.04300432279706001,0.5961294174194336,0.4821624457836151,-0.05539782717823982,0.5398110747337341,0.5456342697143555,0.004705176223069429,0.542064905166626,0.4514584541320801,-0.009632224217057228,0.542059600353241,0.3925902545452118,-0.027414219453930855,0.5429866909980774,0.34249889850616455,-0.04005734249949455,0.5104907155036926,0.5510990619659424,-0.0035119797103106976,0.5117802023887634,0.46112462878227234,-0.01890629157423973,0.5156406760215759,0.4042336642742157,-0.029873672872781754,0.520769476890564,0.3580594062805176,-0.03652464598417282,0.47934645414352417,0.571425199508667,-0.014971342869102955,0.48164767026901245,0.5005292296409607,-0.02582663856446743,0.48547685146331787,0.4538170099258423,-0.028379356488585472,0.49064376950263977,0.4120340347290039,-0.029635446146130562
0.5044375658035278,0.7575423717498779,2.8904446480737533e-07,0.5613191723823547,0.7092175483703613,-0.022416554391384125,0.5945353507995605,0.6255043745040894,-0.027033600956201553,0.6058924794197083,0.547257661819458,-0.03197662532329559,0.5944842100143433,0.48781657218933105,-0.03589224815368652,0.5526963472366333,0.5412501692771912,0.006783459335565567,0.5550562143325806,0.46366024017333984,-0.011914416216313839,0.5625185370445251,0.4432290196418762,-0.030828705057501793,0.571062445640564,0.43243134021759033,-0.04205196350812912,0.5227437019348145,0.5332998037338257,0.005970166064798832,0.5236137509346008,0.4404420852661133,-0.006647639907896519,0.5239979028701782,0.38263386487960815,-0.02266087755560875,0.5273275375366211,0.3333638906478882,-0.033810023218393326,0.49446794390678406,0.5401517152786255,-0.0007845932268537581,0.4950864613056183,0.4506402611732483,-0.015634119510650635,0.49763280153274536,0.3945290446281433,-0.02598300762474537,0.5035449862480164,0.3481875956058502,-0.03171006217598915,0.4638269543647766,0.561257541179657,-0.010550569742918015,0.46629437804222107,0.48829978704452515,-0.02276218682527542,0.46944695711135864,0.44097429513931274,-0.026225974783301353,0.4745608866214752,0.4002359211444855,-0.027376728132367134
0.504899263381958,0.7589418292045593,2.7415282488618686e-07,0.5585406422615051,0.7087875604629517,-0.02288329228758812,0.5939844846725464,0.6290650963783264,-0.02931179665029049,0.6070218682289124,0.5515428185462952,-0.03620157018303871,0.5943349003791809,0.49128371477127075,-0.04196681082248688,0.5524899363517761,0.5421586632728577,0.006798746529966593,0.5564954280853271,0.4660034775733948,-0.01298600435256958,0.5625779032707214,0.4452827572822571,-0.03272973373532295,0.5691871047019958,0.4341861605644226,-0.04438161477446556,0.5226758718490601,0.5347614288330078,0.005266840104013681,0.5226774215698242,0.44182541966438293,-0.00792264100164175,0.5228998064994812,0.38295602798461914,-0.02476261742413044,0.5250759720802307,0.3312142491340637,-0.03668980300426483,0.49434995651245117,0.5423704385757446,-0.0022495356388390064,0.49384596943855286,0.45362865924835205,-0.017707111313939095,0.49759310483932495,0.3971650004386902,-0.028888989239931107,0.5027881860733032,0.3502073884010315,-0.035393696278333664,0.4650331139564514,0.5638463497161865,-0.012776287272572517,0.46594110131263733,0.4923537075519562,-0.0252892654389143,0.46905550360679626,0.44556868076324463,-0.028982993215322495,0.4732132852077484,0.4047078490257263,-0.03054371476173401
0.5055010318756104,0.7593424916267395,2.7843319116982457e-07,0.5596538186073303,0.7083737850189209,-0.022566985338926315,0.5945324897766113,0.6281790137290955,-0.02866780385375023,0.6073731184005737,0.5513326525688171,-0.03531312942504883,0.5956777930259705,0.4918975830078125,-0.040898099541664124,0.5523339509963989,0.5420277714729309,0.007780864369124174,0.5555481314659119,0.4659501314163208,-0.01133947167545557,0.5605260133743286,0.4433777630329132,-0.0307132788002491,0.5660581588745117,0.43019798398017883,-0.04234080761671066,0.522709846496582,0.534870445728302,0.006195097230374813,0.5223518013954163,0.44204479455947876,-0.0069117555394768715,0.5225728750228882,0.38300034403800964,-0.023719675838947296,0.525038480758667,0.331016480922699,-0.03560160845518112,0.4946316182613373,0.5424558520317078,-0.001374196377582848,0.49393776059150696,0.45349499583244324,-0.016912365332245827,0.4975737929344177,0.396978497505188,-0.02827785350382328,0.5027822852134705,0.35018569231033325,-0.03487534448504448,0.465537965297699,0.5638570785522461,-0.011925799772143364,0.4659964442253113,0.49229899048805237,-0.02462880313396454,0.4690071940422058,0.4454629421234131,-0.028657473623752594,0.47323042154312134,0.4045768678188324,-0.03046710044145584
0.492266446352005,0.7493491768836975,3.4957679417857435e-07,0.5521121025085449,0.7024369239807129,-0.024239875376224518,0.589702308177948,0.6205556988716125,-0.03205101564526558,0.6058840155601501,0.5392172932624817,-0.040551163256168365,0.585470974445343,0.48226580023765564,-0.04761623963713646,0.545975387096405,0.5326681137084961,0.00354998791590333,0.5534260272979736,0.44596394896507263,-0.023412732407450676,0.5641635060310364,0.4403077960014343,-0.047764427959918976,0.572778582572937,0.4582853615283966,-0.05924507603049278,0.5122613310813904,0.5220168828964233,0.0031494093127548695,0.5158911943435669,0.4192853569984436,-0.010286052711308002,0.5160431861877441,0.3565625548362732,-0.02759440615773201,0.517301619052887,0.3047541677951813,-0.03954870253801346,0.4805629849433899,0.5281776189804077,-0.003927648067474365,0.4831284284591675,0.43162399530410767,-0.017961423844099045,0.4858458340167999,0.3701901435852051,-0.029324384406208992,0.49019819498062134,0.3216492533683777,-0.035986725240945816,0.4457377791404724,0.5492103695869446,-0.014220609329640865,0.4501972794532776,0.47162237763404846,-0.02436559833586216,0.45364174246788025,0.42096179723739624,-0.026992827653884888,0.4586610794067383,0.3775145709514618,-0.027716191485524178
0.49025461077690125,0.7510823011398315,2.7423882897892327e-07,0.5485382080078125,0.7016521096229553,-0.02375734969973564,0.5900808572769165,0.6224333047866821,-0.032975081354379654,0.6056250333786011,0.5407058596611023,-0.04329359531402588,0.5826625823974609,0.48313653469085693,-0.05235644057393074,0.5458795428276062,0.5306680798530579,0.0021037242840975523,0.5533687472343445,0.4424856901168823,-0.028031978756189346,0.5659284591674805,0.43650707602500916,-0.054207950830459595,0.5768542289733887,0.45863261818885803,-0.06644302606582642,0.5118502974510193,0.5203008651733398,0.00013992110325489193,0.5150644779205322,0.4160758852958679,-0.015301704406738281,0.5154186487197876,0.3539261221885681,-0.03324269503355026,0.5161648392677307,0.30288100242614746,-0.04582548886537552,0.4803725481033325,0.5272313952445984,-0.008669120259582996,0.4836124777793884,0.4296026825904846,-0.02402156963944435,0.4877815246582031,0.3686031699180603,-0.03516263887286186,0.4922850728034973,0.321138471364975,-0.041982971131801605,0.4459751546382904,0.5487332940101624,-0.02082069404423237,0.4502897560596466,0.4713002145290375,-0.03163674846291542,0.4542682468891144,0.42095911502838135,-0.03426755964756012,0.4587680399417877,0.37744826078414917,-0.03538603335618973
0.48783808946609497,0.7521693110466003,2.609052387470001e-07,0.5478832721710205,0.7016709446907043,-0.023690903559327126,0.590326189994812,0.6220202445983887,-0.03291086480021477,0.6062699556350708,0.5390849113464355,-0.04342440888285637,0.581947386264801,0.4813252389431,-0.05285302549600601,0.546123743057251,0.5311338901519775,0.003773903241381049,0.555128276348114,0.4438703656196594,-0.026151634752750397,0.5666512846946716,0.4372928738594055,-0.052427440881729126,0.57611483335495,0.4593120813369751,-0.06478916108608246,0.511716902256012,0.5201073288917542,0.0017404735554009676,0.5155143141746521,0.41574758291244507,-0.013199019245803356,0.5159711241722107,0.3533552289009094,-0.030868781730532646,0.5170196294784546,0.3019624650478363,-0.043422289192676544,0.48001161217689514,0.5267007350921631,-0.007326782215386629,0.4843645989894867,0.4283844828605652,-0.022565927356481552,0.48889920115470886,0.3667978048324585,-0.033573366701602936,0.4934287369251251,0.3191027343273163,-0.04043380916118622,0.44542166590690613,0.54851233959198,-0.01977224089205265,0.4499969184398651,0.47093111276626587,-0.030654337257146835,0.45365840196609497,0.42039117217063904,-0.03317006677389145,0.4574301242828369,0.37661319971084595,-0.03432023152709007
0.4833921194076538,0.7459420561790466,3.653169358130981e-07,0.5463339686393738,0.6915489435195923,-0.02467450127005577,0.5856159925460815,0.6141372323036194,-0.03363453969359398,0.6006919145584106,0.5325891375541687,-0.04344910755753517,0.5820328593254089,0.47116753458976746,-0.05249202623963356,0.5403996109962463,0.5234377384185791,0.0033101586159318686,0.5470011234283447,0.4380057752132416,-0.02327440120279789,0.5566964745521545,0.4235738515853882,-0.04781979322433472,0.5659070014953613,0.42945408821105957,-0.060707271099090576,0.5061742067337036,0.511751651763916,0.001458450686186552,0.5101561546325684,0.4045712649822235,-0.014187902212142944,0.5105807185173035,0.33794981241226196,-0.03345366194844246,0.5116130709648132,0.28231924772262573,-0.047066450119018555,0.47370436787605286,0.5180270075798035,-0.006997272372245789,0.4750364422798157,0.41823264956474304,-0.023629600182175636,0.4772585332393646,0.3546881675720215,-0.036353133618831635,0.4814934730529785,0.30384746193885803,-0.04400670528411865,0.4377315640449524,0.5395947694778442,-0.01865701749920845,0.44253236055374146,0.4608078598976135,-0.03129012882709503,0.44767242670059204,0.40878456830978394,-0.03536496311426163,0.454095721244812,0.36271315813064575,-0.03740726411342621
0.4844733476638794,0.7464670538902283,2.9041189009149093e-07,0.5440124869346619,0.6949519515037537,-0.02441377006471157,0.5861473083496094,0.6165899038314819,-0.03338112309575081,0.6008887887001038,0.5350826382637024,-0.043123919516801834,0.5809885859489441,0.4734606146812439,-0.05178898200392723,0.5430262088775635,0.5202037692070007,0.002006811322644353,0.5485496520996094,0.43230581283569336,-0.026322724297642708,0.5585092306137085,0.4231434762477875,-0.05156126990914345,0.5676359534263611,0.43659552931785583,-0.06416013836860657,0.5084182620048523,0.5088573694229126,-9.502429747954011e-06,0.5103227496147156,0.4010799527168274,-0.015904363244771957,0.5104994773864746,0.335408091545105,-0.03489532321691513,0.5110189914703369,0.2816082537174225,-0.048252545297145844,0.4756912887096405,0.5156416893005371,-0.008716604672372341,0.47625473141670227,0.4146735370159149,-0.025147972628474236,0.4796459376811981,0.35037171840667725,-0.03791991248726845,0.48424652218818665,0.2992134690284729,-0.045730285346508026,0.4399303197860718,0.5378947257995605,-0.020604100078344345,0.44290992617607117,0.45847392082214355,-0.032669227570295334,0.44716519117355347,0.4066471457481384,-0.0364065021276474,0.4523598849773407,0.3602374196052551,-0.03829371556639671
0.48463883996009827,0.7474079728126526,2.888104688736348e-07,0.5447791218757629,0.6942801475524902,-0.02529365010559559,0.5868680477142334,0.6158181428909302,-0.03524493798613548,0.6013100743293762,0.5320656895637512,-0.04631919786334038,0.5794942378997803,0.46872466802597046,-0.05640573799610138,0.54278564453125,0.5202726721763611,0.0035849488340318203,0.5486998558044434,0.43171799182891846,-0.025874178856611252,0.5583932995796204,0.42315763235092163,-0.051952529698610306,0.5673943161964417,0.4394151568412781,-0.06488016247749329,0.5078861117362976,0.5088505148887634,0.001515088719315827,0.5101185441017151,0.40095508098602295,-0.014590522274374962,0.5100753903388977,0.33550795912742615,-0.03372650966048241,0.5111080408096313,0.2808302342891693,-0.04729074239730835,0.4752821624279022,0.5156465768814087,-0.007718993350863457,0.47659605741500854,0.4140845537185669,-0.024512022733688354,0.47988036274909973,0.3488415479660034,-0.03714394196867943,0.48453742265701294,0.2969253659248352,-0.04496617987751961,0.4398006498813629,0.5381858348846436,-0.020340997725725174,0.44317367672920227,0.4583393633365631,-0.0326429046690464,0.44747865200042725,0.40553003549575806,-0.03636673837900162,0.4526987075805664,0.35825425386428833,-0.03836473822593689
0.4691407382488251,0.7411027550697327,3.2702050134503224e-07,0.536598801612854,0.6832607984542847,-0.023994609713554382,0.5806664228439331,0.6026054620742798,-0.031241634860634804,0.5948005318641663,0.5163918733596802,-0.03941965848207474,0.5748716592788696,0.4514084458351135,-0.046746790409088135,0.5341274738311768,0.5116389989852905,0.01006996538490057,0.5428518056869507,0.42901086807250977,-0.013570697046816349,0.550261378288269,0.41184207797050476,-0.03726980835199356,0.556735098361969,0.40941256284713745,-0.05066625028848648,0.4991247057914734,0.49794095754623413,0.007980506867170334,0.5038132071495056,0.3922286629676819,-0.006631105672568083,0.5036635994911194,0.3260226249694824,-0.026367152109742165,0.5041509866714478,0.2701801359653473,-0.040451060980558395,0.4659225642681122,0.5028834342956543,-0.0008635137928649783,0.46808871626853943,0.40254566073417664,-0.017526550218462944,0.4708293676376343,0.3393469452857971,-0.03039596788585186,0.4754899740219116,0.28753605484962463,-0.03802114352583885,0.42925703525543213,0.524634599685669,-0.012830366380512714,0.43422573804855347,0.4439604580402374,-0.025733862072229385,0.43909794092178345,0.3918991982936859,-0.0295046828687191,0.4451958239078522,0.34551358222961426,-0.031169287860393524
0.4744139313697815,0.7412769794464111,3.0669409056827135e-07,0.5384683012962341,0.6795071363449097,-0.02328416146337986,0.5821394920349121,0.599723756313324,-0.03202209994196892,0.5935347080230713,0.5158748626708984,-0.042300280183553696,0.5708651542663574,0.45220205187797546,-0.05150533467531204,0.534927248954773,0.5075289607048035,0.00966849084943533,0.5420739650726318,0.42360401153564453,-0.01696738600730896,0.5515875220298767,0.4103957414627075,-0.04239083454012871,0.5604223608970642,0.4163133203983307,-0.05602417513728142,0.4994575083255768,0.49513205885887146,0.0064045339822769165,0.5021560788154602,0.3890419602394104,-0.009130783379077911,0.5025528073310852,0.3228057026863098,-0.0290214866399765,0.504147469997406,0.26630669832229614,-0.0429554246366024,0.4668996036052704,0.5007337927818298,-0.0038007409311830997,0.466281533241272,0.40080294013023376,-0.020225632935762405,0.46908846497535706,0.33679914474487305,-0.03216595947742462,0.47435060143470764,0.2843485176563263,-0.03923933207988739,0.4318715035915375,0.5231178998947144,-0.01733541674911976,0.4338056743144989,0.4436374604701996,-0.028828857466578484,0.4373897612094879,0.3923223912715912,-0.031182771548628807,0.44277557730674744,0.34634631872177124,-0.032021500170230865
0.4738178849220276,0.7409080266952515,3.08412296590177e-07,0.5374944806098938,0.6802405714988708,-0.024055004119873047,0.5823153853416443,0.6001044511795044,-0.033650629222393036,0.5950401425361633,0.5154399871826172,-0.044695012271404266,0.570407509803772,0.45243531465530396,-0.05470263585448265,0.5340807437896729,0.505730152130127,0.008009555749595165,0.5408064126968384,0.41911882162094116,-0.019896183162927628,0.5508936643600464,0.407425194978714,-0.045915521681308746,0.560188353061676,0.41670119762420654,-0.05946208909153938,0.49882379174232483,0.4943639636039734,0.00504292780533433,0.5018280744552612,0.38746410608291626,-0.010465767234563828,0.5025388598442078,0.3215203881263733,-0.030028443783521652,0.5042316317558289,0.26559028029441833,-0.04383901134133339,0.4661296308040619,0.5010884404182434,-0.00503893755376339,0.46678057312965393,0.40103423595428467,-0.021303512156009674,0.47019162774086,0.3362225294113159,-0.03334967419505119,0.47558242082595825,0.28326839208602905,-0.04068472981452942,0.43089064955711365,0.524321436882019,-0.01851450279355049,0.433501660823822,0.4447972774505615,-0.030043330043554306,0.43752002716064453,0.39306047558784485,-0.03258275240659714,0.44289660453796387,0.3467029333114624,-0.03364311903715134
0.4664672613143921,0.7333301901817322,3.643858974555769e-07,0.5309284329414368,0.6757543683052063,-0.025729062035679817,0.5718196034431458,0.5938344597816467,-0.03469609469175339,0.5869229435920715,0.5076392292976379,-0.044434238225221634,0.5678369998931885,0.44284799695014954,-0.053149979561567307,0.5283552408218384,0.49843183159828186,0.004205702804028988,0.5373834371566772,0.4096747636795044,-0.022500522434711456,0.5452197194099426,0.39547836780548096,-0.04752011224627495,0.5511741638183594,0.39966994524002075,-0.06084693968296051,0.4931882321834564,0.4849425256252289,0.0023037248756736517,0.4977736473083496,0.3733888864517212,-0.013608437962830067,0.49690479040145874,0.3035348653793335,-0.03386984020471573,0.49545803666114807,0.24645602703094482,-0.04822444170713425,0.4588887691497803,0.4910128116607666,-0.006445261184126139,0.4596845805644989,0.3873816728591919,-0.023555951192975044,0.46093079447746277,0.3226306438446045,-0.03728572279214859,0.4638228118419647,0.2709079384803772,-0.0456506609916687,0.42023739218711853,0.5137395858764648,-0.01841365545988083,0.4242948889732361,0.4325892925262451,-0.03155343234539032,0.4292067885398865,0.37961438298225403,-0.035810694098472595,0.4353090524673462,0.3325958847999573,-0.03793303295969963
0.4708420932292938,0.7350505590438843,3.163934536587476e-07,0.5322917699813843,0.6749143600463867,-0.02536645345389843,0.575501561164856,0.5927491784095764,-0.03591623157262802,0.5879073143005371,0.5064869523048401,-0.04762902483344078,0.5645278692245483,0.441542387008667,-0.05824638158082962,0.5299036502838135,0.4927566349506378,0.003005614271387458,0.536472499370575,0.39902156591415405,-0.027673855423927307,0.5461434125900269,0.38990849256515503,-0.05478314682841301,0.5547938942909241,0.4045133590698242,-0.06835047900676727,0.493439644575119,0.4821127951145172,-3.190357892890461e-05,0.4962906837463379,0.36889392137527466,-0.017287759110331535,0.49624547362327576,0.3001224398612976,-0.03753335028886795,0.49659135937690735,0.24349841475486755,-0.05169833078980446,0.4588192105293274,0.49030837416648865,-0.010272042825818062,0.45953184366226196,0.3854171633720398,-0.027945952489972115,0.4630172848701477,0.318156361579895,-0.04133600741624832,0.46828532218933105,0.264294296503067,-0.049516454339027405,0.4205980896949768,0.5152236819267273,-0.02385704219341278,0.42330116033554077,0.43322432041168213,-0.03670775145292282,0.42762836813926697,0.37978696823120117,-0.04034442454576492,0.43293696641921997,0.331987202167511,-0.04210149869322777
0.4667304456233978,0.7351715564727783,3.008914291058318e-07,0.5310107469558716,0.6745624542236328,-0.02629457600414753,0.5750427842140198,0.591863751411438,-0.03624403849244118,0.5867896676063538,0.503031849861145,-0.04733999818563461,0.5626470446586609,0.43674007058143616,-0.05742630735039711,0.5288748741149902,0.4924870431423187,0.007386847864836454,0.5360400676727295,0.4029451608657837,-0.020726582035422325,0.5418383479118347,0.39079809188842773,-0.04688979685306549,0.5460285544395447,0.39895761013031006,-0.06062271073460579,0.49239006638526917,0.4810437262058258,0.005069503095000982,0.495991051197052,0.369512140750885,-0.01064306776970625,0.49567773938179016,0.30225712060928345,-0.03005840815603733,0.4958058297634125,0.24611347913742065,-0.0438334196805954,0.45786651968955994,0.48860642313957214,-0.004833420738577843,0.4602367877960205,0.3845275342464447,-0.022016679868102074,0.4639910161495209,0.31756484508514404,-0.03507527336478233,0.4690990447998047,0.2633885443210602,-0.04305135831236839,0.42000624537467957,0.5137162804603577,-0.01825825311243534,0.4238567650318146,0.4319884181022644,-0.031358614563941956,0.42865145206451416,0.3784208297729492,-0.03503192588686943,0.43397268652915955,0.3298991918563843,-0.036848556250333786
0.4609721302986145,0.7305927276611328,3.809079487382405e-07,0.526328980922699,0.6704620122909546,-0.02678755670785904,0.5695532560348511,0.5875638127326965,-0.0381275974214077,0.5849879384040833,0.5017680525779724,-0.05080762505531311,0.5632506608963013,0.4348466992378235,-0.06223409250378609,0.526994526386261,0.4849312901496887,0.005346916150301695,0.5335201621055603,0.3918152451515198,-0.025684041902422905,0.5419531464576721,0.3795480728149414,-0.05352312698960304,0.549579918384552,0.3912471532821655,-0.06726391613483429,0.48848778009414673,0.4739783704280853,0.0026896572671830654,0.49228206276893616,0.35977810621261597,-0.014712853357195854,0.4921710193157196,0.2884289026260376,-0.03499909117817879,0.4934941828250885,0.22717323899269104,-0.04882155358791351,0.4518139362335205,0.481790155172348,-0.0077072614803910255,0.45195770263671875,0.37654539942741394,-0.02556365542113781,0.4540499746799469,0.30612486600875854,-0.038671236485242844,0.4591500759124756,0.2488490641117096,-0.046374477446079254,0.4115028381347656,0.5058144330978394,-0.021781452000141144,0.4146093726158142,0.4234706461429596,-0.03418957069516182,0.4185904860496521,0.36861974000930786,-0.037292513996362686,0.42418235540390015,0.31959068775177,-0.03859894350171089
0.46132513880729675,0.7294554710388184,3.4736328302642505e-07,0.5258239507675171,0.6684315800666809,-0.025615768507122993,0.5713431239128113,0.5853317379951477,-0.03628235310316086,0.583873987197876,0.49911484122276306,-0.048284389078617096,0.5608118176460266,0.43198493123054504,-0.05921388417482376,0.5270848870277405,0.4817163050174713,0.0056374333798885345,0.5329651236534119,0.3858581781387329,-0.025220664218068123,0.541909396648407,0.37243905663490295,-0.052886366844177246,0.549829363822937,0.3835306763648987,-0.06650806218385696,0.4889587461948395,0.47131118178367615,0.0023195750545710325,0.4926564395427704,0.35569924116134644,-0.01531628891825676,0.4928015172481537,0.2842019200325012,-0.03594660013914108,0.49355608224868774,0.2245800793170929,-0.04991120845079422,0.4525989294052124,0.47957152128219604,-0.008556396700441837,0.4534820318222046,0.3730124235153198,-0.02675100602209568,0.4574512243270874,0.3014402985572815,-0.040660787373781204,0.4635489284992218,0.2431865930557251,-0.04887080937623978,0.4128206968307495,0.5043071508407593,-0.022880084812641144,0.4169042408466339,0.42010846734046936,-0.03574341535568237,0.42200326919555664,0.3643726706504822,-0.039218515157699585,0.42809197306632996,0.3137502670288086,-0.04073723405599594
0.46183085441589355,0.7301520109176636,3.3399700782865693e-07,0.5266374349594116,0.6686065196990967,-0.02653089165687561,0.5716152787208557,0.5847655534744263,-0.03841686248779297,0.5833965539932251,0.4978776276111603,-0.05208031088113785,0.5614234209060669,0.42898255586624146,-0.06428463011980057,0.5280025601387024,0.4796975255012512,0.007051825523376465,0.5334868431091309,0.38045698404312134,-0.026137836277484894,0.5424328446388245,0.372087299823761,-0.055376362055540085,0.5505356192588806,0.3923971951007843,-0.06914002448320389,0.48912450671195984,0.4700618088245392,0.00402753846719861,0.49306491017341614,0.3541836738586426,-0.013448220677673817,0.4923504889011383,0.28374266624450684,-0.033671583980321884,0.492818146944046,0.2242010235786438,-0.04735724627971649,0.45277804136276245,0.47892796993255615,-0.007182354107499123,0.4539320170879364,0.3724210858345032,-0.024548310786485672,0.4573171138763428,0.30118703842163086,-0.0371418334543705,0.4627833068370819,0.24314624071121216,-0.044597357511520386,0.41336894035339355,0.5042733550071716,-0.02222047746181488,0.416968435049057,0.4199641942977905,-0.03393234685063362,0.4213486313819885,0.36402636766433716,-0.03631593659520149,0.42671918869018555,0.3133013844490051,-0.037079934030771255
0.4493633806705475,0.7285941243171692,3.270599790994311e-07,0.5187239050865173,0.6647628545761108,-0.02293948270380497,0.5632923245429993,0.5796932578086853,-0.031399499624967575,0.5788966417312622,0.4922037422657013,-0.041937876492738724,0.5541478991508484,0.42814382910728455,-0.051553286612033844,0.5154561996459961,0.47693556547164917,0.010147823952138424,0.5213554501533508,0.3808717429637909,-0.0178262609988451,0.5322251319885254,0.368856281042099,-0.04448207467794418,0.5431161522865295,0.37863290309906006,-0.05864794924855232,0.4782908856868744,0.46522650122642517,0.005837270524352789,0.482187956571579,0.34979239106178284,-0.010069306939840317,0.48422011733055115,0.27877625823020935,-0.03054179437458515,0.4877359867095947,0.21864348649978638,-0.04508024826645851,0.44297581911087036,0.4719134271144867,-0.00574101647362113,0.44510412216186523,0.36378270387649536,-0.02261487767100334,0.44997531175613403,0.29401811957359314,-0.03546096384525299,0.45750874280929565,0.23759865760803223,-0.04326891899108887,0.403778076171875,0.4949440062046051,-0.020765556022524834,0.40778374671936035,0.40926116704940796,-0.03306349366903305,0.41350057721138,0.35229361057281494,-0.03605714440345764,0.4213358163833618,0.30162718892097473,-0.03741003945469856
0.4516742527484894,0.7287687063217163,2.932342226813489e-07,0.5183799266815186,0.6643729209899902,-0.022473091259598732,0.5649785995483398,0.5786505341529846,-0.03160981461405754,0.5797271132469177,0.4921688437461853,-0.042799293994903564,0.5546747446060181,0.42671966552734375,-0.05312592536211014,0.5178085565567017,0.47532299160957336,0.007480602245777845,0.5226746797561646,0.3756246566772461,-0.023901645094156265,0.5330145359039307,0.3666304349899292,-0.05256769061088562,0.5426551699638367,0.3819368779659271,-0.06712403893470764,0.48092690110206604,0.46440473198890686,0.002392077585682273,0.4840482771396637,0.34677472710609436,-0.015486839227378368,0.48542770743370056,0.2750604748725891,-0.03712768480181694,0.48719435930252075,0.216261088848114,-0.05231326445937157,0.4453759789466858,0.4719334542751312,-0.009989237412810326,0.44760361313819885,0.36248135566711426,-0.028141934424638748,0.452669233083725,0.29073643684387207,-0.04208983853459358,0.4597344398498535,0.23255404829978943,-0.05066899210214615,0.40617644786834717,0.49567973613739014,-0.02564425766468048,0.41020262241363525,0.4084618389606476,-0.03866216540336609,0.41547995805740356,0.3509635925292969,-0.04198825731873512,0.4223361611366272,0.29898446798324585,-0.043587155640125275
0.4398222863674164,0.7247188687324524,3.05656328691839e-07,0.5115200281143188,0.6609113216400146,-0.025396062061190605,0.5573736429214478,0.5704102516174316,-0.0330970324575901,0.5692821145057678,0.4775261878967285,-0.04266902059316635,0.5422476530075073,0.4125992953777313,-0.05093272402882576,0.5109527111053467,0.4708687663078308,0.014018517918884754,0.5183808207511902,0.37985801696777344,-0.015551533550024033,0.5263559222221375,0.3731626570224762,-0.04412602633237839,0.5333663821220398,0.3881795108318329,-0.059132568538188934,0.4719248414039612,0.4568849503993988,0.011081409640610218,0.4752684235572815,0.34230858087539673,-0.005551246460527182,0.4756416976451874,0.2690693140029907,-0.027182651683688164,0.47804293036460876,0.20601090788841248,-0.04236796870827675,0.43562552332878113,0.46312835812568665,-6.041337110218592e-05,0.43687137961387634,0.3542559742927551,-0.01897820457816124,0.43950167298316956,0.2827337384223938,-0.03331690654158592,0.4453822076320648,0.22386932373046875,-0.041742607951164246,0.39539384841918945,0.4883134365081787,-0.014840611256659031,0.3988342583179474,0.4041682481765747,-0.028542881831526756,0.4032531976699829,0.34814712405204773,-0.03209025040268898,0.4094896912574768,0.2966148257255554,-0.03378307819366455
0.43147650361061096,0.7184394598007202,3.1504896469414234e-07,0.501850962638855,0.6565321683883667,-0.02582547627389431,0.5459737181663513,0.5676168203353882,-0.03332139924168587,0.5593259334564209,0.4770616888999939,-0.04213069751858711,0.5383111834526062,0.4100467562675476,-0.049767859280109406,0.5014142990112305,0.4627201557159424,0.010918163694441319,0.507975161075592,0.37195342779159546,-0.015639057382941246,0.5147016644477844,0.36036837100982666,-0.04219778999686241,0.5206202864646912,0.36598867177963257,-0.05706300958991051,0.4637634754180908,0.4487391412258148,0.008608286269009113,0.4667951762676239,0.33303308486938477,-0.00772378034889698,0.4662500023841858,0.25928178429603577,-0.029692644253373146,0.4664272367954254,0.19677552580833435,-0.045323822647333145,0.42794913053512573,0.4552387595176697,-0.001292102038860321,0.4292415976524353,0.34477895498275757,-0.020209040492773056,0.4308956265449524,0.27171772718429565,-0.03633250296115875,0.43458402156829834,0.2120562493801117,-0.046091195195913315,0.3886134922504425,0.47958213090896606,-0.014576062560081482,0.3918302059173584,0.3929128646850586,-0.029324671253561974,0.3950757086277008,0.3353310823440552,-0.03497818484902382,0.39979633688926697,0.282497763633728,-0.038195595145225525
0.43318113684654236,0.7193111777305603,2.860663528281293e-07,0.5018194913864136,0.6551518440246582,-0.02609323523938656,0.5480717420578003,0.5666012763977051,-0.03509821742773056,0.5616661310195923,0.4767400026321411,-0.04565201327204704,0.5361500978469849,0.41031718254089355,-0.054970256984233856,0.4995373785495758,0.45935487747192383,0.010054908692836761,0.5053468346595764,0.3641824722290039,-0.019505523145198822,0.513674259185791,0.3553754687309265,-0.04801705852150917,0.5214686393737793,0.3677078187465668,-0.0634366050362587,0.46214762330055237,0.4477975070476532,0.0069696344435215,0.46343275904655457,0.3309774696826935,-0.010409533977508545,0.4631955623626709,0.2578633427619934,-0.03369421139359474,0.4632950723171234,0.19596219062805176,-0.050525933504104614,0.4269096255302429,0.45631691813468933,-0.003923486452549696,0.4265933930873871,0.34653425216674805,-0.023462167009711266,0.42928847670555115,0.2722674608230591,-0.04056956619024277,0.4329000413417816,0.21224284172058105,-0.05131532624363899,0.38874396681785583,0.4823468029499054,-0.018282337114214897,0.39062589406967163,0.39582350850105286,-0.033312760293483734,0.3929629325866699,0.3366645872592926,-0.039603374898433685,0.39573433995246887,0.2826802134513855,-0.043526679277420044
0.43346381187438965,0.7204524874687195,2.675128598639276e-07,0.5014393925666809,0.6569668054580688,-0.026168502867221832,0.547475278377533,0.5671746730804443,-0.03549353778362274,0.5626178979873657,0.47635114192962646,-0.04650041460990906,0.5367499589920044,0.40969526767730713,-0.05616828054189682,0.5006817579269409,0.4594356417655945,0.010229055769741535,0.5057170391082764,0.3623529076576233,-0.020062057301402092,0.5126222372055054,0.35628366470336914,-0.049091506749391556,0.5187287926673889,0.3728388547897339,-0.06441838294267654,0.46285566687583923,0.44763413071632385,0.007250272668898106,0.4639473259449005,0.33015623688697815,-0.009404666721820831,0.4632810354232788,0.2576342225074768,-0.03198641911149025,0.46306368708610535,0.19595736265182495,-0.04841350018978119,0.4274163246154785,0.4561949372291565,-0.0037337378598749638,0.4274199903011322,0.34649819135665894,-0.022178499028086662,0.43017685413360596,0.2722056210041046,-0.038351885974407196,0.43385761976242065,0.2115251123905182,-0.04872814565896988,0.38931509852409363,0.4822748005390167,-0.01833483949303627,0.3908827304840088,0.39540189504623413,-0.032263100147247314,0.39327970147132874,0.3365475535392761,-0.037609171122312546,0.396237850189209,0.28258460760116577,-0.041025228798389435
0.42598795890808105,0.709415853023529,2.905419762555539e-07,0.4958636164665222,0.6487318277359009,-0.025359902530908585,0.5396424531936646,0.5601562857627869,-0.03338436409831047,0.5549659729003906,0.4689392149448395,-0.04316171631217003,0.5354143381118774,0.3999881148338318,-0.051720090210437775,0.4948940873146057,0.45271191000938416,0.010658401995897293,0.5011684894561768,0.3586309552192688,-0.017715739086270332,0.5104779005050659,0.35090863704681396,-0.04509872943162918,0.5190264582633972,0.3648672103881836,-0.05978189408779144,0.45632824301719666,0.4389948844909668,0.007676754612475634,0.45764511823654175,0.321380078792572,-0.008722740225493908,0.4563409090042114,0.24813278019428253,-0.03098122403025627,0.4564444124698639,0.18527036905288696,-0.047098372131586075,0.4201986789703369,0.4459831416606903,-0.0030393297784030437,0.41990289092063904,0.33440160751342773,-0.021656710654497147,0.4212808907032013,0.26015758514404297,-0.03780914098024368,0.4251497685909271,0.19982215762138367,-0.048017457127571106,0.38139522075653076,0.47046732902526855,-0.01721445471048355,0.38309139013290405,0.3830098807811737,-0.031371016055345535,0.3857131004333496,0.3246726393699646,-0.036693256348371506,0.3899921476840973,0.2719895839691162,-0.03999583423137665
0.42959660291671753,0.7101269960403442,2.6343343506596284e-07,0.49688521027565,0.6466776132583618,-0.025586649775505066,0.541053295135498,0.5579450726509094,-0.03548581153154373,0.5542469620704651,0.46851834654808044,-0.04730852320790291,0.5336869955062866,0.3985952138900757,-0.05795168876647949,0.4924945533275604,0.45012298226356506,0.0077216364443302155,0.49784553050994873,0.35140448808670044,-0.025184331461787224,0.5069023370742798,0.34533676505088806,-0.055445440113544464,0.5148365497589111,0.36458197236061096,-0.07096947729587555,0.4544208347797394,0.43975141644477844,0.003794217249378562,0.45460668206214905,0.3205791413784027,-0.01509882416576147,0.4538021683692932,0.24637414515018463,-0.039023496210575104,0.4543154239654541,0.1835607886314392,-0.05620686709880829,0.41887494921684265,0.4494914412498474,-0.008073044940829277,0.4182646870613098,0.3368118405342102,-0.028115371242165565,0.4208371639251709,0.2606402635574341,-0.04535378888249397,0.425014466047287,0.19936320185661316,-0.05630817636847496,0.3808940649032593,0.47653937339782715,-0.02342674881219864,0.3812755346298218,0.3878105878829956,-0.038431376218795776,0.38248637318611145,0.32675403356552124,-0.04460528492927551,0.38427844643592834,0.27185729146003723,-0.04848053306341171
0.42930516600608826,0.7116621732711792,2.5990175345214084e-07,0.4963264763355255,0.6494829654693604,-0.02669983170926571,0.5422885417938232,0.5590944886207581,-0.03635343536734581,0.5557578206062317,0.467653751373291,-0.047639645636081696,0.5329765677452087,0.3979107439517975,-0.057678911834955215,0.4947241544723511,0.45182210206985474,0.008177151903510094,0.5010782480239868,0.3541489839553833,-0.024971190840005875,0.5091814994812012,0.3489827513694763,-0.055781345814466476,0.5153313875198364,0.36938852071762085,-0.07141592353582382,0.4557937979698181,0.4402879476547241,0.005112281069159508,0.4562705159187317,0.32128816843032837,-0.013178082183003426,0.45494335889816284,0.24759937822818756,-0.0368291474878788,0.4545287787914276,0.18540886044502258,-0.053839311003685,0.4194505214691162,0.44925656914711,-0.006112880539149046,0.419096976518631,0.3379025459289551,-0.025675276294350624,0.4215695559978485,0.26201295852661133,-0.042736899107694626,0.42554759979248047,0.2005927860736847,-0.053619202226400375,0.38071194291114807,0.4763113856315613,-0.020945781841874123,0.38218340277671814,0.3878025412559509,-0.03523019328713417,0.3840963840484619,0.32822632789611816,-0.04068843647837639,0.38651058077812195,0.27412188053131104,-0.04414103925228119
0.4209756553173065,0.7060567736625671,2.928754270214995e-07,0.49003687500953674,0.6444913148880005,-0.025852764025330544,0.534908652305603,0.5541050434112549,-0.0353039912879467,0.5496742129325867,0.46275943517684937,-0.04646533355116844,0.5292218327522278,0.39180633425712585,-0.05644861236214638,0.4900299310684204,0.4465486407279968,0.003922078758478165,0.4949469566345215,0.3439183533191681,-0.028703270480036736,0.5043370127677917,0.3401278257369995,-0.05755528435111046,0.5130205750465393,0.36146101355552673,-0.07187940925359726,0.44893690943717957,0.4348689615726471,0.0001577353832544759,0.45041903853416443,0.31338369846343994,-0.018740003928542137,0.44877997040748596,0.2383364737033844,-0.04130562022328377,0.44796061515808105,0.17398831248283386,-0.05731688812375069,0.41072067618370056,0.4439927339553833,-0.011345012113451958,0.410030722618103,0.3296054005622864,-0.031186137348413467,0.41195666790008545,0.2515328526496887,-0.047633882611989975,0.41591882705688477,0.187811940908432,-0.057928722351789474,0.37021827697753906,0.46942853927612305,-0.026308853179216385,0.372636616230011,0.3760972023010254,-0.041135095059871674,0.3759050965309143,0.3135659694671631,-0.046893227845430374,0.3806558847427368,0.2570837736129761,-0.05038869008421898
0.4207347333431244,0.706882894039154,2.692195550935139e-07,0.48975682258605957,0.6434266567230225,-0.027133772149682045,0.5369172692298889,0.5523446798324585,-0.03807336091995239,0.549161434173584,0.4580652713775635,-0.050726182758808136,0.5218346118927002,0.3889089822769165,-0.06245884671807289,0.4897457957267761,0.4472591280937195,0.004927195142954588,0.4961293935775757,0.3449137210845947,-0.030689561739563942,0.504136323928833,0.33993950486183167,-0.06268628686666489,0.5105164051055908,0.3623805642127991,-0.07876382023096085,0.449268102645874,0.43613460659980774,0.0012658520136028528,0.45103639364242554,0.31357306241989136,-0.019253551959991455,0.44826164841651917,0.23701195418834686,-0.04423728957772255,0.4455832242965698,0.17145612835884094,-0.062141064554452896,0.4120575487613678,0.4459136426448822,-0.010511022992432117,0.4118451178073883,0.3316965103149414,-0.03188758343458176,0.4133775234222412,0.2527841329574585,-0.05040879175066948,0.41570988297462463,0.18893525004386902,-0.06223022937774658,0.3724687695503235,0.47265419363975525,-0.025819960981607437,0.3746652603149414,0.38061365485191345,-0.04132971912622452,0.3772674798965454,0.3178236484527588,-0.04809483513236046,0.3800770938396454,0.2611161768436432,-0.05260388180613518
0.42108118534088135,0.7068674564361572,2.7210822395318246e-07,0.4901939034461975,0.6431623697280884,-0.02683761902153492,0.5362690091133118,0.551747739315033,-0.03753359615802765,0.5487600564956665,0.45761269330978394,-0.05005783587694168,0.5225433111190796,0.38815003633499146,-0.06154787167906761,0.48881882429122925,0.4460941553115845,0.0059364610351622105,0.4944291114807129,0.34314602613449097,-0.028926465660333633,0.5032475590705872,0.33801037073135376,-0.06039993464946747,0.5111457109451294,0.3603304922580719,-0.0763130858540535,0.4487344026565552,0.4355916976928711,0.0022656256332993507,0.4498695135116577,0.3136521279811859,-0.017623934894800186,0.4477038085460663,0.2375544160604477,-0.0421307347714901,0.4461462199687958,0.17225134372711182,-0.0597863607108593,0.4119057059288025,0.4456758499145508,-0.009548189118504524,0.4113237261772156,0.3312237560749054,-0.030405079945921898,0.4128144085407257,0.25229519605636597,-0.048379089683294296,0.41549554467201233,0.18814986944198608,-0.05991745740175247,0.37274426221847534,0.47257307171821594,-0.02494162879884243,0.37407606840133667,0.3809538185596466,-0.04025091230869293,0.37601643800735474,0.31829318404197693,-0.04683952033519745,0.37839293479919434,0.2616437077522278,-0.05122718960046768
0.4164835214614868,0.7022040486335754,2.958179265988292e-07,0.4862491488456726,0.6376582384109497,-0.025594284757971764,0.5306602716445923,0.5473974943161011,-0.03545302525162697,0.5449506044387817,0.45634162425994873,-0.04732094332575798,0.5208827257156372,0.38713377714157104,-0.05807371810078621,0.4816949963569641,0.44129177927970886,0.006047309376299381,0.48652181029319763,0.33873265981674194,-0.02751677855849266,0.4963197112083435,0.3342519998550415,-0.05788159370422363,0.5057496428489685,0.3569556474685669,-0.07324261218309402,0.4416520893573761,0.4300024211406708,0.0021361690014600754,0.44325360655784607,0.30883264541625977,-0.016973858699202538,0.44213584065437317,0.2333381474018097,-0.04093167930841446,0.44226476550102234,0.1688544750213623,-0.05825841799378395,0.40499067306518555,0.44003772735595703,-0.009636640548706055,0.40365955233573914,0.3260565996170044,-0.02947760559618473,0.40532663464546204,0.24776476621627808,-0.04684220999479294,0.409237802028656,0.18416601419448853,-0.0581960491836071,0.36635345220565796,0.4666323959827423,-0.02489127591252327,0.3674418032169342,0.3762770891189575,-0.03927202895283699,0.37008175253868103,0.31459736824035645,-0.04533373937010765,0.3743641972541809,0.25894540548324585,-0.04954160749912262
0.42058369517326355,0.7013885974884033,2.6427215971125406e-07,0.4868853688240051,0.6374207735061646,-0.02656053937971592,0.5326778888702393,0.5480012893676758,-0.03795269504189491,0.5447074174880981,0.45839351415634155,-0.051131851971149445,0.5212092995643616,0.38817405700683594,-0.0632520318031311,0.4862280488014221,0.4406132698059082,0.0029201654251664877,0.49073895812034607,0.3362364172935486,-0.03437303006649017,0.49861830472946167,0.33571305871009827,-0.06745213270187378,0.5059877634048462,0.3631760776042938,-0.08376827836036682,0.44585755467414856,0.43044954538345337,-0.001109226024709642,0.4463532865047455,0.30765384435653687,-0.022412193939089775,0.4433334171772003,0.23120133578777313,-0.04779461771249771,0.4409836530685425,0.16585394740104675,-0.0660589411854744,0.4080365002155304,0.4417842626571655,-0.013150608167052269,0.40788233280181885,0.32694756984710693,-0.03409469500184059,0.4095061123371124,0.2487008273601532,-0.05198381841182709,0.41241875290870667,0.1843259036540985,-0.0636703372001648,0.36801064014434814,0.4696650803089142,-0.02868877723813057,0.36912667751312256,0.37844493985176086,-0.043328166007995605,0.37141916155815125,0.316913366317749,-0.04911016672849655,0.3742952346801758,0.260553240776062,-0.05302797257900238
0.39573806524276733,0.6979337334632874,2.5900294531311374e-07,0.4603118300437927,0.6288361549377441,-0.026793882250785828,0.502811074256897,0.5375298857688904,-0.03825470060110092,0.5145601034164429,0.4452608823776245,-0.051705729216337204,0.49055102467536926,0.37194082140922546,-0.06403051316738129,0.45152586698532104,0.4300038516521454,0.005224747583270073,0.457520455121994,0.32881665229797363,-0.031176598742604256,0.464398056268692,0.33078259229660034,-0.06432043761014938,0.46981823444366455,0.35568538308143616,-0.08128774166107178,0.4132458567619324,0.41860145330429077,0.0007564930128864944,0.4133321940898895,0.2957979440689087,-0.019243009388446808,0.4115338921546936,0.2199050933122635,-0.04456646740436554,0.41021856665611267,0.15480858087539673,-0.06325419992208481,0.37751951813697815,0.43074342608451843,-0.011963091790676117,0.37376657128334045,0.31700900197029114,-0.03245164081454277,0.3743545711040497,0.23840488493442535,-0.05078456550836563,0.37631818652153015,0.17226865887641907,-0.06307856738567352,0.3407498896121979,0.46137934923171997,-0.028290683403611183,0.3394854664802551,0.3693115711212158,-0.04337335005402565,0.34137409925460815,0.3077153265476227,-0.04942928999662399,0.3436077833175659,0.2513234615325928,-0.053641460835933685
0.39098092913627625,0.6938607692718506,2.520270641070965e-07,0.456817090511322,0.6285316944122314,-0.02740314230322838,0.4999179244041443,0.537781834602356,-0.038883958011865616,0.5117490887641907,0.4452492296695709,-0.05201702564954758,0.48950037360191345,0.37054917216300964,-0.0640200674533844,0.4504075348377228,0.4288901686668396,0.0018901136936619878,0.4561729431152344,0.3242165148258209,-0.034620195627212524,0.4614781141281128,0.3279041051864624,-0.06720864027738571,0.46506601572036743,0.3527525067329407,-0.0838291123509407,0.4120059907436371,0.41677966713905334,-0.0023073141928762197,0.41261154413223267,0.2909547984600067,-0.02307584322988987,0.4106631278991699,0.21282826364040375,-0.04875501990318298,0.40878817439079285,0.14526507258415222,-0.06768850237131119,0.37553122639656067,0.42852529883384705,-0.014489905908703804,0.37175509333610535,0.31203511357307434,-0.03578624501824379,0.37278980016708374,0.23230116069316864,-0.05468964949250221,0.3750821352005005,0.16467136144638062,-0.06723055988550186,0.3378741145133972,0.4575214385986328,-0.030143743380904198,0.33754652738571167,0.363244891166687,-0.04591679573059082,0.3407711684703827,0.3007484972476959,-0.05244972184300423,0.3445298373699188,0.243626669049263,-0.05693789944052696
0.385826051235199,0.6937780976295471,2.755452328528918e-07,0.45325812697410583,0.627158522605896,-0.029524890705943108,0.4970704913139343,0.5369381904602051,-0.04161951690912247,0.5065284371376038,0.4438740015029907,-0.054965659976005554,0.48304349184036255,0.37012943625450134,-0.06715252995491028,0.44514819979667664,0.4278631806373596,0.0015312584582716227,0.4511922299861908,0.3263719081878662,-0.03344513475894928,0.4551663100719452,0.32422009110450745,-0.06523256003856659,0.4579596519470215,0.3398008346557617,-0.08238924294710159,0.407167911529541,0.41565051674842834,-0.0019281937275081873,0.4076175093650818,0.2916818857192993,-0.023322246968746185,0.4061092734336853,0.2134736031293869,-0.04958294704556465,0.40526410937309265,0.14554357528686523,-0.06896358728408813,0.3713395595550537,0.42719438672065735,-0.013461564667522907,0.3675200641155243,0.31247201561927795,-0.03636864572763443,0.3680698871612549,0.2337409108877182,-0.05644194781780243,0.36997437477111816,0.16739541292190552,-0.06957602500915527,0.3339517116546631,0.456969290971756,-0.02854435332119465,0.33376771211624146,0.36436277627944946,-0.046259038150310516,0.33696871995925903,0.30281132459640503,-0.05435176193714142,0.34010806679725647,0.24610282480716705,-0.05989827215671539
0.39014962315559387,0.6956465244293213,2.8052750167262275e-07,0.4547994136810303,0.6284070014953613,-0.028841130435466766,0.4973168671131134,0.5371876955032349,-0.04082030430436134,0.507897675037384,0.44425368309020996,-0.054188426584005356,0.4837435781955719,0.3714616298675537,-0.06644448637962341,0.44496405124664307,0.4288025200366974,0.003546777181327343,0.45194125175476074,0.3284444510936737,-0.03145517781376839,0.4565794765949249,0.32632753252983093,-0.06378686428070068,0.45936113595962524,0.3436746299266815,-0.0810205489397049,0.40724000334739685,0.4163901209831238,3.827626642305404e-05,0.4082549512386322,0.29324454069137573,-0.020235169678926468,0.4065145254135132,0.21546824276447296,-0.04596851021051407,0.40483778715133667,0.14771288633346558,-0.06505823135375977,0.37141087651252747,0.4272702634334564,-0.011621173471212387,0.3694007098674774,0.3125009536743164,-0.03303898498415947,0.3707771301269531,0.23389986157417297,-0.052146270871162415,0.37298262119293213,0.1676901876926422,-0.0648135170340538,0.33407843112945557,0.4561121463775635,-0.026915360242128372,0.33395862579345703,0.36418190598487854,-0.043226033449172974,0.33692824840545654,0.30269813537597656,-0.05017092451453209,0.34028345346450806,0.24626144766807556,-0.054944660514593124
0.3863902986049652,0.6966565251350403,2.7730288820748683e-07,0.45242786407470703,0.6293706893920898,-0.028113655745983124,0.4964176416397095,0.5383397340774536,-0.03998381271958351,0.5076571702957153,0.4450509548187256,-0.05361514911055565,0.48395872116088867,0.37134498357772827,-0.06598225235939026,0.4460473954677582,0.4290409982204437,0.005623035132884979,0.4525487720966339,0.32601773738861084,-0.03059668093919754,0.45861220359802246,0.32598528265953064,-0.06388258934020996,0.46272891759872437,0.3487246036529541,-0.08092888444662094,0.40785449743270874,0.4173423945903778,0.0018456168472766876,0.40847623348236084,0.2926134467124939,-0.018270816653966904,0.4065020680427551,0.21408027410507202,-0.0441480353474617,0.4048561155796051,0.14543163776397705,-0.06316351890563965,0.37169596552848816,0.4287671148777008,-0.010307837277650833,0.37033194303512573,0.31324654817581177,-0.031266819685697556,0.37191644310951233,0.23371854424476624,-0.050210513174533844,0.3744869530200958,0.16651317477226257,-0.06268958747386932,0.3337912857532501,0.45791807770729065,-0.026120459660887718,0.3334497809410095,0.36535513401031494,-0.04164803400635719,0.3369288146495819,0.3034796118736267,-0.04800143465399742,0.34090790152549744,0.2467370480298996,-0.05226313695311546
0.3852572739124298,0.6923816204071045,3.120831593150797e-07,0.4494314193725586,0.6270521283149719,-0.029818866401910782,0.4906270205974579,0.536770761013031,-0.04176158085465431,0.5020623207092285,0.4442913830280304,-0.054062314331531525,0.4804975390434265,0.3712392747402191,-0.0659731775522232,0.44072508811950684,0.42688634991645813,-0.004296386614441872,0.44380784034729004,0.32450029253959656,-0.03482828661799431,0.4417952299118042,0.3036651015281677,-0.06294266879558563,0.44036200642585754,0.29635339975357056,-0.07948987185955048,0.40349751710891724,0.4161320924758911,-0.007171413395553827,0.4030970335006714,0.29081130027770996,-0.027962366119027138,0.40082213282585144,0.21201291680335999,-0.052253395318984985,0.39946240186691284,0.14425867795944214,-0.07019879668951035,0.3685736358165741,0.4282945692539215,-0.017121590673923492,0.3651360273361206,0.3112000524997711,-0.0395902581512928,0.3661353588104248,0.23241397738456726,-0.058842603117227554,0.3684067726135254,0.16670328378677368,-0.07145632058382034,0.3318161368370056,0.45778319239616394,-0.030442798510193825,0.33084195852279663,0.36426666378974915,-0.049280986189842224,0.3332803547382355,0.3022053837776184,-0.058322273194789886,0.33561331033706665,0.24544554948806763,-0.06437554210424423
0.3855978846549988,0.6925525665283203,2.7906884270123555e-07,0.449664831161499,0.6278379559516907,-0.02901788428425789,0.4912979006767273,0.5369625687599182,-0.040863100439310074,0.5021756887435913,0.44411900639533997,-0.05353621765971184,0.47947877645492554,0.37088441848754883,-0.06568660587072372,0.4402155876159668,0.42799919843673706,-0.0012166447704657912,0.4466415345668793,0.3263986110687256,-0.03423941880464554,0.4470881521701813,0.31439822912216187,-0.06498342752456665,0.446167528629303,0.3199208378791809,-0.08226871490478516,0.40323445200920105,0.4162308871746063,-0.0044302623718976974,0.40395060181617737,0.2916940152645111,-0.024893226101994514,0.4013248085975647,0.213534414768219,-0.05035163462162018,0.3989435136318207,0.1462961733341217,-0.06944122910499573,0.3681729733943939,0.42811229825019836,-0.015089503489434719,0.36702850461006165,0.31251218914985657,-0.036889027804136276,0.3684645891189575,0.23377254605293274,-0.056639183312654495,0.37019702792167664,0.16770631074905396,-0.0699964389204979,0.33143532276153564,0.458008736371994,-0.029141776263713837,0.3310999870300293,0.3660828769207001,-0.04692471772432327,0.33340704441070557,0.3047787845134735,-0.055287785828113556,0.3352205157279968,0.24840284883975983,-0.06112990900874138
0.3851058781147003,0.6923396587371826,2.8390186912474746e-07,0.4494982063770294,0.6277813911437988,-0.029006995260715485,0.49123263359069824,0.5373122692108154,-0.04087607190012932,0.5022251009941101,0.4443680942058563,-0.053588416427373886,0.47941315174102783,0.3710569143295288,-0.06577382981777191,0.440056711435318,0.42819076776504517,-0.001141308224759996,0.44646701216697693,0.32628870010375977,-0.03378666564822197,0.44647377729415894,0.3133145570755005,-0.0641864687204361,0.4451855421066284,0.3174763321876526,-0.0813031941652298,0.4029293358325958,0.4163264334201813,-0.004345961846411228,0.4038728177547455,0.2917870283126831,-0.024562768638134003,0.4013296663761139,0.2139039933681488,-0.04960556700825691,0.39898473024368286,0.14673131704330444,-0.06835068017244339,0.36792871356010437,0.42789551615715027,-0.014987106435000896,0.366674542427063,0.31241559982299805,-0.036478981375694275,0.3680178225040436,0.23393407464027405,-0.055816005915403366,0.3696727156639099,0.16808530688285828,-0.06886308640241623,0.331495463848114,0.4572411775588989,-0.029061751440167427,0.3310348391532898,0.3648040294647217,-0.046618491411209106,0.33355122804641724,0.3033519983291626,-0.054784901440143585,0.33562347292900085,0.24699023365974426,-0.06045011430978775
0.3849846422672272,0.6922164559364319,2.4514815777365584e-07,0.4493390619754791,0.6275256872177124,-0.027614127844572067,0.49034491181373596,0.5386685132980347,-0.03992350772023201,0.5022163391113281,0.4482887387275696,-0.05394130200147629,0.4802675247192383,0.37434348464012146,-0.06688136607408524,0.44059786200523376,0.43011775612831116,0.0008215353009290993,0.44750910997390747,0.3287171423435211,-0.03574831411242485,0.45120519399642944,0.3311333656311035,-0.06881681084632874,0.4532654881477356,0.35553112626075745,-0.0860716849565506,0.4021449685096741,0.4173308312892914,-0.003316908609122038,0.4026099145412445,0.293304979801178,-0.02373448573052883,0.40020644664764404,0.21558918058872223,-0.049220237880945206,0.39854538440704346,0.14842644333839417,-0.06831072270870209,0.36646568775177,0.4294954240322113,-0.015331700444221497,0.3649420142173767,0.31511062383651733,-0.036035627126693726,0.36612528562545776,0.23682135343551636,-0.054675810039043427,0.36827731132507324,0.16985750198364258,-0.0675380676984787,0.33032459020614624,0.4602346122264862,-0.03088202327489853,0.3295610547065735,0.37043941020965576,-0.04660792648792267,0.33197349309921265,0.31021296977996826,-0.05299653857946396,0.3345613479614258,0.2542317807674408,-0.057622335851192474
0.38504087924957275,0.6925973296165466,2.597828085981746e-07,0.4495677947998047,0.6285421848297119,-0.02804950624704361,0.4905456006526947,0.5386704802513123,-0.04043988883495331,0.5020721554756165,0.4469870924949646,-0.05431826412677765,0.47944334149360657,0.3730557858943939,-0.06719419360160828,0.44146978855133057,0.4298655390739441,-5.735663580708206e-05,0.4481542110443115,0.3284849524497986,-0.03610089048743248,0.4514937996864319,0.32838478684425354,-0.06860380619764328,0.45332539081573486,0.34999290108680725,-0.08562276512384415,0.40253904461860657,0.417257159948349,-0.0038978084921836853,0.40301403403282166,0.2934340238571167,-0.023997453972697258,0.40048980712890625,0.2158903181552887,-0.04884381219744682,0.39869803190231323,0.14870715141296387,-0.06741970032453537,0.36657559871673584,0.4296364486217499,-0.015552351251244545,0.3646082282066345,0.3149045705795288,-0.036086395382881165,0.3658531606197357,0.23641270399093628,-0.054238419979810715,0.3682286739349365,0.16930249333381653,-0.0667104423046112,0.3301246762275696,0.46055546402931213,-0.030769381672143936,0.32927170395851135,0.370149701833725,-0.046699270606040955,0.331887423992157,0.30943602323532104,-0.053146228194236755,0.3347163498401642,0.2530983090400696,-0.057706091552972794
0.3858729600906372,0.6927165389060974,2.625189665650396e-07,0.4501800537109375,0.6280619502067566,-0.028187058866024017,0.4908185303211212,0.53792405128479,-0.04064538702368736,0.5018531084060669,0.4461629390716553,-0.054532554000616074,0.47910553216934204,0.37232059240341187,-0.06742524355649948,0.44172602891921997,0.42995449900627136,-0.0004916575271636248,0.44828444719314575,0.3283749520778656,-0.03664276748895645,0.4516885578632355,0.32815784215927124,-0.06909831613302231,0.45354557037353516,0.3495262563228607,-0.0860476866364479,0.40272775292396545,0.41758084297180176,-0.004299279768019915,0.4031233489513397,0.2934609055519104,-0.02455284260213375,0.40049293637275696,0.21590566635131836,-0.049354732036590576,0.3985186815261841,0.14882507920265198,-0.06782510876655579,0.36671510338783264,0.4300037622451782,-0.015913765877485275,0.36471983790397644,0.31508269906044006,-0.03660397604107857,0.3659381866455078,0.2365095615386963,-0.05473669245839119,0.3682864308357239,0.1694801151752472,-0.06710299849510193,0.3301250636577606,0.46086442470550537,-0.031086158007383347,0.32926997542381287,0.3702508211135864,-0.04710464924573898,0.3319450616836548,0.3093910813331604,-0.053530849516391754,0.3348487615585327,0.25309693813323975,-0.05801241844892502
0.38420459628105164,0.6936092972755432,2.630730193686759e-07,0.44956910610198975,0.6289432048797607,-0.028620408847928047,0.49195730686187744,0.5397274494171143,-0.0408841148018837,0.5028599500656128,0.4485919177532196,-0.05462474003434181,0.48038405179977417,0.3754493296146393,-0.06704104691743851,0.44226062297821045,0.43008631467819214,0.001704105525277555,0.449226051568985,0.3261316418647766,-0.03470935299992561,0.4553357660770416,0.3275708556175232,-0.06759774684906006,0.46006283164024353,0.3529397249221802,-0.08439533412456512,0.403450071811676,0.4183027744293213,-0.0016080558998510242,0.40373694896698,0.29334312677383423,-0.02177616022527218,0.40134918689727783,0.21597079932689667,-0.0476808063685894,0.39921659231185913,0.14946618676185608,-0.06700649112462997,0.3671581447124481,0.4305579960346222,-0.012977689504623413,0.36593034863471985,0.3162290155887604,-0.03354651480913162,0.3673292398452759,0.23782548308372498,-0.05313089117407799,0.36933666467666626,0.17200857400894165,-0.0664929673075676,0.3299112617969513,0.4606841802597046,-0.027909817174077034,0.3292083442211151,0.36986038088798523,-0.04343443736433983,0.33162087202072144,0.3088964819908142,-0.05052228644490242,0.334328293800354,0.2527952492237091,-0.05556180328130722
0.38501831889152527,0.6945376396179199,2.699149206364382e-07,0.4499477446079254,0.627764105796814,-0.028356723487377167,0.4915567636489868,0.5392841100692749,-0.040608204901218414,0.5023285150527954,0.4489190876483917,-0.054449740797281265,0.48063063621520996,0.37513473629951477,-0.06702515482902527,0.43973538279533386,0.4316571354866028,0.001977147301658988,0.44685330986976624,0.32812970876693726,-0.03427020087838173,0.4529908299446106,0.32917356491088867,-0.06707701086997986,0.45787209272384644,0.3522106111049652,-0.08415302634239197,0.40165552496910095,0.4195984899997711,-0.0017415826441720128,0.4025771915912628,0.29491710662841797,-0.022556398063898087,0.4007362425327301,0.21711507439613342,-0.04878143593668938,0.3994225263595581,0.1503974199295044,-0.06833354383707047,0.3656690716743469,0.4314485788345337,-0.013505693525075912,0.36505553126335144,0.3166359066963196,-0.03484746441245079,0.3670549690723419,0.23810407519340515,-0.05452258512377739,0.36986562609672546,0.17211219668388367,-0.06786958128213882,0.32859185338020325,0.46100643277168274,-0.02880834974348545,0.32873862981796265,0.3700147271156311,-0.044955845922231674,0.331644743680954,0.3089701533317566,-0.0521862767636776,0.3348017930984497,0.25288137793540955,-0.05731845647096634
0.3851127624511719,0.6944862008094788,2.7179765993423644e-07,0.4499957263469696,0.6294997930526733,-0.028666719794273376,0.4922441840171814,0.5397812724113464,-0.04106732830405235,0.5030094385147095,0.4484035074710846,-0.054932162165641785,0.4806978404521942,0.3753240704536438,-0.06737487763166428,0.4422571361064911,0.42985618114471436,0.0014839296927675605,0.4484029710292816,0.3244182765483856,-0.03509550541639328,0.4548313021659851,0.3252749741077423,-0.0677512139081955,0.46030446887016296,0.3508942723274231,-0.08421546965837479,0.40368860960006714,0.41877758502960205,-0.0018191025592386723,0.4034908413887024,0.29344430565834045,-0.021940218284726143,0.4009411036968231,0.2160242795944214,-0.04736587032675743,0.3988243043422699,0.14955124258995056,-0.06626780331134796,0.3675290048122406,0.4312157928943634,-0.013223527930676937,0.3661106824874878,0.3163241446018219,-0.03363026678562164,0.3674717843532562,0.23815147578716278,-0.05261143296957016,0.36965233087539673,0.1724490523338318,-0.06554092466831207,0.330213725566864,0.46122226119041443,-0.02823038212954998,0.329515278339386,0.3703261911869049,-0.043594781309366226,0.3322397470474243,0.30946478247642517,-0.05039115622639656,0.33536162972450256,0.25346657633781433,-0.05517710745334625
0.3833201825618744,0.6973882913589478,2.550109456933569e-07,0.44726574420928955,0.6335353851318359,-0.02814805507659912,0.4898463785648346,0.544396162033081,-0.04040302708745003,0.5030592679977417,0.453292578458786,-0.05418476462364197,0.48071831464767456,0.3778328001499176,-0.06701171398162842,0.4406634271144867,0.43494677543640137,0.001802111859433353,0.4491603672504425,0.33684542775154114,-0.034457024186849594,0.45328736305236816,0.33496907353401184,-0.06786414980888367,0.4545755088329315,0.35528531670570374,-0.08557219803333282,0.4024098217487335,0.42063188552856445,-0.0020704343914985657,0.403805673122406,0.29781007766723633,-0.022676100954413414,0.40175172686576843,0.21919554471969604,-0.04891107603907585,0.3997204005718231,0.15090328454971313,-0.06858223676681519,0.36652782559394836,0.4315522015094757,-0.013849982991814613,0.3655199408531189,0.31794553995132446,-0.03488866612315178,0.36722177267074585,0.23978064954280853,-0.054126378148794174,0.3693760633468628,0.17269665002822876,-0.06736604869365692,0.3300485908985138,0.4617373049259186,-0.029210519045591354,0.33030539751052856,0.37230536341667175,-0.04529307410120964,0.3328332304954529,0.3117845952510834,-0.05202533304691315,0.33524391055107117,0.25517886877059937,-0.056918419897556305
0.3838328421115875,0.6981432437896729,2.6395906616016873e-07,0.44792163372039795,0.633658766746521,-0.02787655219435692,0.4905667006969452,0.5443719625473022,-0.03994736075401306,0.5031395554542542,0.4539541006088257,-0.05353142321109772,0.48143327236175537,0.3793466091156006,-0.06590323150157928,0.441618412733078,0.434685617685318,0.002007409930229187,0.4498736560344696,0.33598265051841736,-0.03451026231050491,0.45552825927734375,0.3378545641899109,-0.06767192482948303,0.45847660303115845,0.36117881536483765,-0.08482573181390762,0.403219610452652,0.4206959009170532,-0.0019300515996292233,0.40453776717185974,0.29719626903533936,-0.022481298074126244,0.40237584710121155,0.21861380338668823,-0.04831625521183014,0.4000791609287262,0.15017658472061157,-0.06741517037153244,0.3672889173030853,0.43185773491859436,-0.013825057074427605,0.3654494285583496,0.3178199529647827,-0.0348954014480114,0.36655929684638977,0.23962047696113586,-0.05374041199684143,0.36857926845550537,0.1725713610649109,-0.0663442611694336,0.3307338058948517,0.4620274603366852,-0.029272086918354034,0.3309119939804077,0.3715744912624359,-0.044990118592977524,0.33335018157958984,0.311015784740448,-0.051193296909332275,0.3357972502708435,0.25463351607322693,-0.05547807738184929
0.38409823179244995,0.6986805200576782,2.592789485333924e-07,0.4480965733528137,0.6331104040145874,-0.02776138298213482,0.490462988615036,0.5434444546699524,-0.039879973977804184,0.5026120543479919,0.4531475603580475,-0.053611189126968384,0.4807562828063965,0.3784717619419098,-0.06616892665624619,0.44146081805229187,0.43428441882133484,0.0021625556983053684,0.44889554381370544,0.3353029191493988,-0.03445461764931679,0.45425570011138916,0.33741796016693115,-0.06766430288553238,0.45726415514945984,0.36083123087882996,-0.08494938164949417,0.40345263481140137,0.4207741916179657,-0.0020171566866338253,0.4044418931007385,0.29720887541770935,-0.022869329899549484,0.4020202159881592,0.2186049222946167,-0.04887605085968971,0.3996768891811371,0.15036344528198242,-0.06814873218536377,0.36771419644355774,0.4323198199272156,-0.014192103408277035,0.36597973108291626,0.3181707262992859,-0.03562954440712929,0.3667964041233063,0.23998621106147766,-0.05454017221927643,0.3685784339904785,0.17294570803642273,-0.06722418963909149,0.33100348711013794,0.462881475687027,-0.029913803562521935,0.33130502700805664,0.3726695775985718,-0.046011872589588165,0.3338198959827423,0.31203192472457886,-0.0524275042116642,0.33626997470855713,0.2554171681404114,-0.05690876021981239
0.383269339799881,0.695654034614563,2.4016989641495456e-07,0.4461272060871124,0.630962073802948,-0.028867458924651146,0.48709797859191895,0.5417734384536743,-0.0411662757396698,0.5005454421043396,0.45066356658935547,-0.055027421563863754,0.4781625270843506,0.37612709403038025,-0.06764192134141922,0.4377402365207672,0.43478846549987793,0.0008635586127638817,0.44440820813179016,0.33454394340515137,-0.03592517971992493,0.44950932264328003,0.3404603600502014,-0.06887955218553543,0.4531809389591217,0.3652228116989136,-0.08622641861438751,0.40064847469329834,0.42182695865631104,-0.00284120487049222,0.400715708732605,0.29769963026046753,-0.024554627016186714,0.39860472083091736,0.2199142873287201,-0.05107002705335617,0.3970548212528229,0.15200281143188477,-0.07092183083295822,0.3656911849975586,0.43382230401039124,-0.014643784612417221,0.3647531569004059,0.31981539726257324,-0.0371362566947937,0.3661032021045685,0.24165374040603638,-0.057183071970939636,0.3680298626422882,0.17506837844848633,-0.07076165825128555,0.32954347133636475,0.4644131660461426,-0.02998887374997139,0.3302972614765167,0.3746737837791443,-0.04704975709319115,0.33249038457870483,0.3142632246017456,-0.054671935737133026,0.3342379629611969,0.25822558999061584,-0.06021029129624367
0.3833597004413605,0.6964171528816223,2.610219667076308e-07,0.446979820728302,0.6311501264572144,-0.028267091140151024,0.48787975311279297,0.5421167016029358,-0.040076181292533875,0.5005393028259277,0.4506985545158386,-0.05320057272911072,0.4777785837650299,0.3766558766365051,-0.06552198529243469,0.4362054765224457,0.4360080063343048,0.00023664237232878804,0.44261860847473145,0.33714231848716736,-0.03405602648854256,0.4468613862991333,0.33592498302459717,-0.06574730575084686,0.44992169737815857,0.35145750641822815,-0.08330520987510681,0.3997339606285095,0.42238566279411316,-0.0036199784372001886,0.39993080496788025,0.2993255853652954,-0.024278610944747925,0.39810389280319214,0.2216777503490448,-0.05048850178718567,0.39704006910324097,0.15438228845596313,-0.07045459747314453,0.3651816248893738,0.43377068638801575,-0.015111048705875874,0.3639478087425232,0.3197391629219055,-0.036999303847551346,0.36555346846580505,0.24180778861045837,-0.05717496573925018,0.36785823106765747,0.17564645409584045,-0.07113032042980194,0.32940879464149475,0.4638940393924713,-0.0300071332603693,0.32924774289131165,0.37362125515937805,-0.04748530685901642,0.33154892921447754,0.3132616877555847,-0.055656686425209045,0.3337976336479187,0.257468581199646,-0.06168430671095848
0.38310718536376953,0.696617841720581,2.737268687269534e-07,0.4473581910133362,0.631591796875,-0.028445448726415634,0.488075315952301,0.5423269271850586,-0.040595024824142456,0.5007153153419495,0.45054489374160767,-0.054097943007946014,0.47771596908569336,0.3766202926635742,-0.06669648736715317,0.436581552028656,0.4360690712928772,0.0004011471464764327,0.44407087564468384,0.33608734607696533,-0.034873198717832565,0.44943517446517944,0.3354071080684662,-0.06734622269868851,0.45328742265701294,0.3532814681529999,-0.08492909371852875,0.39942798018455505,0.4228305220603943,-0.003208813024684787,0.3998265862464905,0.2994008958339691,-0.023842141032218933,0.39803454279899597,0.22164864838123322,-0.05011184141039848,0.3969222903251648,0.15359771251678467,-0.07000444829463959,0.36463063955307007,0.4344708025455475,-0.014525501988828182,0.36335358023643494,0.3203663229942322,-0.03598548471927643,0.3653438091278076,0.2420596480369568,-0.05572253093123436,0.3681136667728424,0.1751839518547058,-0.0692947655916214,0.32895851135253906,0.4642794728279114,-0.029330842196941376,0.3288014531135559,0.37361863255500793,-0.04603071138262749,0.3313550651073456,0.31302839517593384,-0.05351022258400917,0.33409789204597473,0.25712132453918457,-0.05895739793777466
0.3825870454311371,0.6981024146080017,2.669073921879317e-07,0.44659116864204407,0.6345689296722412,-0.027636686339974403,0.48757919669151306,0.5455989837646484,-0.04024805873632431,0.5001144409179688,0.45519134402275085,-0.05445335805416107,0.47928476333618164,0.3803023397922516,-0.06764089316129684,0.43960270285606384,0.4354484975337982,-0.0005640557501465082,0.4461982846260071,0.33259743452072144,-0.03736560419201851,0.45136401057243347,0.33236825466156006,-0.07038206607103348,0.4547879993915558,0.3539082705974579,-0.08751512318849564,0.4015021324157715,0.4225274920463562,-0.004852419253438711,0.4020276963710785,0.2978585958480835,-0.025671472772955894,0.3998214304447174,0.2200794667005539,-0.05139775201678276,0.39784005284309387,0.1518765389919281,-0.07057773321866989,0.3656539022922516,0.4345855116844177,-0.01684577390551567,0.36324411630630493,0.31921929121017456,-0.037703048437833786,0.364607036113739,0.24054741859436035,-0.05636926367878914,0.36690282821655273,0.17328789830207825,-0.06911014765501022,0.32942986488342285,0.4643813669681549,-0.03235751762986183,0.32886815071105957,0.37178581953048706,-0.04815933480858803,0.3315185606479645,0.3097010850906372,-0.05480969697237015,0.3345179855823517,0.25230538845062256,-0.05953459069132805
0.3825089633464813,0.6982054710388184,2.52263106403916e-07,0.44622093439102173,0.6329872012138367,-0.02717524766921997,0.4872968792915344,0.5447077751159668,-0.039340052753686905,0.4995822310447693,0.4550867974758148,-0.05317661538720131,0.4791649878025055,0.38022103905677795,-0.06603430956602097,0.43837013840675354,0.4348336160182953,0.0006029073847457767,0.4448825418949127,0.3319437801837921,-0.035587944090366364,0.44996771216392517,0.3323739767074585,-0.06840453296899796,0.45305293798446655,0.35451260209083557,-0.08560238033533096,0.4010407328605652,0.4222159683704376,-0.003815862350165844,0.4015734791755676,0.2974854111671448,-0.024477681145071983,0.39888766407966614,0.22007855772972107,-0.05048196762800217,0.3958929777145386,0.15353015065193176,-0.0699843168258667,0.36544665694236755,0.4342259466648102,-0.015921948477625847,0.3640308678150177,0.3192747235298157,-0.036668188869953156,0.36537909507751465,0.24124941229820251,-0.05545937269926071,0.36715611815452576,0.17504918575286865,-0.06837648153305054,0.3288077712059021,0.4640488028526306,-0.03151020407676697,0.32954806089401245,0.3720807731151581,-0.047241225838661194,0.33234745264053345,0.310660719871521,-0.05382438376545906,0.3349456787109375,0.25394371151924133,-0.0585685633122921
0.38261425495147705,0.6986539959907532,2.5211750198650407e-07,0.44598087668418884,0.6334226727485657,-0.02708980068564415,0.48692765831947327,0.5448411107063293,-0.03914819657802582,0.4996671974658966,0.4552442133426666,-0.052907656878232956,0.4794889986515045,0.3803269565105438,-0.06567101925611496,0.4383408725261688,0.434935986995697,0.0009226907859556377,0.44508951902389526,0.33261922001838684,-0.03534035012125969,0.4501195549964905,0.33348894119262695,-0.06830105930566788,0.45316267013549805,0.35576432943344116,-0.08558127284049988,0.4009431004524231,0.42216718196868896,-0.0035837655887007713,0.40150582790374756,0.29747819900512695,-0.02423233538866043,0.39900773763656616,0.2199518233537674,-0.05030929297208786,0.39631956815719604,0.15309080481529236,-0.0698656514286995,0.36527708172798157,0.4341205358505249,-0.015812713652849197,0.36383292078971863,0.31909245252609253,-0.03665774315595627,0.36506253480911255,0.24106399714946747,-0.055590175092220306,0.36679863929748535,0.17470741271972656,-0.068569116294384,0.32869192957878113,0.46408745646476746,-0.03151543810963631,0.3294174075126648,0.3719593286514282,-0.04731021076440811,0.3321726620197296,0.3104628324508667,-0.05392724648118019,0.33476123213768005,0.2535557746887207,-0.05868414789438248
0.3838338851928711,0.6987480521202087,2.576337863047229e-07,0.44721752405166626,0.6314455270767212,-0.027362115681171417,0.4870884418487549,0.5422425270080566,-0.03834960237145424,0.49898892641067505,0.45220640301704407,-0.05094417557120323,0.4777103364467621,0.3785557746887207,-0.06265588849782944,0.437196284532547,0.43732935190200806,0.0038383849896490574,0.4445836544036865,0.3390486240386963,-0.030449874699115753,0.4490107595920563,0.33581817150115967,-0.06261465698480606,0.45177656412124634,0.3519487679004669,-0.08017078042030334,0.4000551104545593,0.42398974299430847,-0.00020529641187749803,0.4009527862071991,0.3010353446006775,-0.020434420555830002,0.3988453149795532,0.22356145083904266,-0.04684176668524742,0.39711469411849976,0.1568765938282013,-0.06677409261465073,0.36483046412467957,0.43487846851348877,-0.01205564197152853,0.363832950592041,0.3218841552734375,-0.03338440880179405,0.36500734090805054,0.24422718584537506,-0.05335613340139389,0.36678165197372437,0.17830681800842285,-0.06699316203594208,0.32872265577316284,0.4643222987651825,-0.0273395124822855,0.3290584981441498,0.3745918869972229,-0.04379452019929886,0.33091670274734497,0.31444767117500305,-0.051162898540496826,0.3325362801551819,0.2585970163345337,-0.056550875306129456
0.3841327726840973,0.6988449096679688,2.744858420555829e-07,0.44758203625679016,0.632566511631012,-0.0277994554489851,0.48773568868637085,0.5426963567733765,-0.03918009251356125,0.499458909034729,0.4520401954650879,-0.05201214924454689,0.477668821811676,0.3786922097206116,-0.06385902315378189,0.4387558698654175,0.437514990568161,0.0026224986650049686,0.4468724727630615,0.3378378748893738,-0.0321120023727417,0.4515898525714874,0.334286630153656,-0.06432244926691055,0.4544432759284973,0.35093986988067627,-0.08162571489810944,0.40088197588920593,0.42433467507362366,-0.0012991270050406456,0.4013027846813202,0.3008260428905487,-0.021576687693595886,0.3989272117614746,0.22343803942203522,-0.047901805490255356,0.396818608045578,0.15646561980247498,-0.06762818992137909,0.3653050661087036,0.43541449308395386,-0.012995576485991478,0.3633856177330017,0.3217419385910034,-0.03426676243543625,0.3650365173816681,0.2434365153312683,-0.05433950945734978,0.3675086200237274,0.17698076367378235,-0.0679708793759346,0.32915401458740234,0.4646399915218353,-0.02813814766705036,0.32889291644096375,0.3740975558757782,-0.04457069933414459,0.3312462270259857,0.3131093978881836,-0.05212746560573578,0.33384212851524353,0.2567150592803955,-0.05756627768278122
0.38382488489151,0.6987671256065369,2.696680780900351e-07,0.4475305676460266,0.6323146820068359,-0.027531500905752182,0.4873672127723694,0.5425316691398621,-0.03871176764369011,0.4991985857486725,0.4521836042404175,-0.05143073946237564,0.47771716117858887,0.37882211804389954,-0.06318887323141098,0.43804100155830383,0.43767526745796204,0.002783916424959898,0.4458055794239044,0.33746352791786194,-0.03195615112781525,0.45054832100868225,0.3347608745098114,-0.06415560096502304,0.4535910487174988,0.3520943522453308,-0.08144295960664749,0.4004093110561371,0.4245010018348694,-0.0012374238576740026,0.4010622203350067,0.3007839322090149,-0.021526295691728592,0.39883124828338623,0.22327139973640442,-0.047849662601947784,0.396968275308609,0.15637433528900146,-0.06760437786579132,0.36497262120246887,0.43560534715652466,-0.013033528812229633,0.3634672164916992,0.3219633102416992,-0.034291014075279236,0.3653145730495453,0.2436635047197342,-0.05437245965003967,0.36798009276390076,0.17725464701652527,-0.06802047789096832,0.3288693428039551,0.4647715389728546,-0.02826734073460102,0.32882773876190186,0.37399137020111084,-0.04469623416662216,0.3312250077724457,0.3129695653915405,-0.05224482715129852,0.33382782340049744,0.2566560208797455,-0.05768972635269165
0.3843308985233307,0.6994216442108154,2.5568562023181585e-07,0.44773176312446594,0.6326196789741516,-0.027486227452754974,0.4889377951622009,0.5423225164413452,-0.03949419781565666,0.5005801916122437,0.45239847898483276,-0.053154341876506805,0.4797601103782654,0.37902265787124634,-0.0653635710477829,0.43951350450515747,0.433938205242157,0.002365241525694728,0.44532662630081177,0.331323504447937,-0.034125473350286484,0.4524928033351898,0.3356481194496155,-0.06713615357875824,0.4582807421684265,0.3626028001308441,-0.08404809236526489,0.4020594358444214,0.42244476079940796,-0.0015959342708811164,0.40146708488464355,0.29863274097442627,-0.02169121615588665,0.39899903535842896,0.22191980481147766,-0.047263722866773605,0.39663591980934143,0.1558406949043274,-0.06635699421167374,0.36677420139312744,0.4349128007888794,-0.013569174334406853,0.3647040128707886,0.3214723467826843,-0.033813122659921646,0.36581164598464966,0.2443298101425171,-0.052208561450242996,0.367707759141922,0.17890027165412903,-0.06476601213216782,0.3304603099822998,0.46552368998527527,-0.029142413288354874,0.3299979567527771,0.3756003975868225,-0.04411870241165161,0.33217567205429077,0.3149634599685669,-0.050266701728105545,0.3345041871070862,0.2585521936416626,-0.054661039263010025
0.3841472268104553,0.6998957395553589,2.415442850178806e-07,0.44764217734336853,0.6323814392089844,-0.02743072621524334,0.48912355303764343,0.5431517362594604,-0.03963301330804825,0.5004948973655701,0.45365580916404724,-0.053704921156167984,0.4797423481941223,0.3795616328716278,-0.06625272333621979,0.4389665126800537,0.4346405267715454,0.003016394330188632,0.4445492923259735,0.3321364223957062,-0.0337386354804039,0.45062515139579773,0.34025830030441284,-0.06716514378786087,0.4558221697807312,0.36883875727653503,-0.08448657393455505,0.40146198868751526,0.42269131541252136,-0.0012169481487944722,0.40120258927345276,0.2992887496948242,-0.021663911640644073,0.39904236793518066,0.222123920917511,-0.04779844358563423,0.39770111441612244,0.15524590015411377,-0.06740231812000275,0.36606934666633606,0.4349064826965332,-0.013545860536396503,0.3640681803226471,0.321522980928421,-0.034094978123903275,0.3655547797679901,0.24409335851669312,-0.0527549646794796,0.368243932723999,0.1781558394432068,-0.06553443521261215,0.3300268054008484,0.4649871587753296,-0.029490185901522636,0.3296939730644226,0.3749006986618042,-0.04435766860842705,0.3324781656265259,0.31465744972229004,-0.0502716526389122,0.33568501472473145,0.2586677670478821,-0.0545831024646759
0.38959866762161255,0.7163987755775452,2.5050749741239997e-07,0.4524264335632324,0.6525015234947205,-0.026014849543571472,0.49408960342407227,0.5643015503883362,-0.03733905777335167,0.5059171915054321,0.47467926144599915,-0.05048264190554619,0.48339128494262695,0.40196478366851807,-0.06260839104652405,0.44315430521965027,0.4551706612110138,0.0022623983677476645,0.44903841614723206,0.35373902320861816,-0.032689858227968216,0.45646387338638306,0.3520444929599762,-0.06413165479898453,0.4623812735080719,0.37203216552734375,-0.08053119480609894,0.40677720308303833,0.44334709644317627,-0.0026124289724975824,0.4067854583263397,0.3218761086463928,-0.022461814805865288,0.40543070435523987,0.24640659987926483,-0.047234900295734406,0.4042607247829437,0.18131008744239807,-0.06581766158342361,0.37191376090049744,0.4549378454685211,-0.015174705535173416,0.36932307481765747,0.3420485854148865,-0.035346418619155884,0.3709276020526886,0.265017569065094,-0.05335378274321556,0.37309330701828003,0.19923356175422668,-0.06578142940998077,0.33536723256111145,0.4841463267803192,-0.031174523755908012,0.3338487446308136,0.39369073510169983,-0.04668746516108513,0.3356267213821411,0.3330560028553009,-0.053180817514657974,0.3376947045326233,0.27691540122032166,-0.05786113813519478
0.43516629934310913,0.7121322154998779,2.457567802593985e-07,0.500566303730011,0.655299186706543,-0.017434952780604362,0.5429616570472717,0.5750542879104614,-0.021485542878508568,0.558120608329773,0.49667125940322876,-0.028291238471865654,0.5482927560806274,0.4301064610481262,-0.03399544581770897,0.49734485149383545,0.48108646273612976,0.01786259561777115,0.5110896825790405,0.3983481228351593,-0.010051102377474308,0.5234885811805725,0.39006274938583374,-0.03681308403611183,0.5321860313415527,0.40628427267074585,-0.04988901689648628,0.4633597135543823,0.46811628341674805,0.012645222246646881,0.4691373407840729,0.36344197392463684,-0.0015651385765522718,0.47174710035324097,0.29834067821502686,-0.020862586796283722,0.47437435388565063,0.24520596861839294,-0.03441368788480759,0.4305139482021332,0.4743644893169403,4.798945155926049e-05,0.435064435005188,0.37710410356521606,-0.015469384379684925,0.4418240785598755,0.31364184617996216,-0.02800484001636505,0.4500117301940918,0.26163339614868164,-0.03560109809041023,0.39505210518836975,0.4968140721321106,-0.015506826341152191,0.4000517725944519,0.4193449914455414,-0.026809435337781906,0.40608179569244385,0.36717700958251953,-0.029563983902335167,0.41394495964050293,0.31943371891975403,-0.030735377222299576
0.4363460838794708,0.7097406983375549,2.7404772140471323e-07,0.49982041120529175,0.6546441316604614,-0.02014431729912758,0.540564775466919,0.5790965557098389,-0.026935996487736702,0.5582796335220337,0.500535249710083,-0.03609298914670944,0.5487432479858398,0.43236395716667175,-0.044184360653162,0.4973757266998291,0.48079684376716614,0.013481360860168934,0.5100951790809631,0.3956127166748047,-0.01585286483168602,0.522467315196991,0.3892841041088104,-0.04369455203413963,0.5317867398262024,0.4063664674758911,-0.05754353851079941,0.46322667598724365,0.467340886592865,0.009213544428348541,0.469170480966568,0.36187130212783813,-0.0058945100754499435,0.4709780216217041,0.2972051501274109,-0.025801129639148712,0.47361570596694946,0.24272236227989197,-0.0399167537689209,0.4304807782173157,0.4737699329853058,-0.002473019063472748,0.43560275435447693,0.37583717703819275,-0.01840801164507866,0.4415780305862427,0.3120341897010803,-0.031171655282378197,0.4493734836578369,0.2594427466392517,-0.03901044651865959,0.3955785632133484,0.49665728211402893,-0.01731014810502529,0.4013306498527527,0.41914698481559753,-0.028439611196517944,0.40714550018310547,0.367412805557251,-0.03099752962589264,0.4145653247833252,0.3206195831298828,-0.03211823105812073
0.44187644124031067,0.7066853046417236,2.717315226163919e-07,0.5064035654067993,0.6483817100524902,-0.0168661680072546,0.5485652089118958,0.5732405781745911,-0.022254349663853645,0.5655452013015747,0.4981406331062317,-0.03081473335623741,0.5565161108970642,0.4318976104259491,-0.0382172055542469,0.5031116604804993,0.4802931845188141,0.017092671245336533,0.5162660479545593,0.3954584002494812,-0.011907894164323807,0.5319077372550964,0.39030563831329346,-0.0387631393969059,0.5443481206893921,0.41113030910491943,-0.051310859620571136,0.47022849321365356,0.46772950887680054,0.011461103335022926,0.47633376717567444,0.3631826639175415,-0.0025606988929212093,0.479594349861145,0.299121618270874,-0.02085247077047825,0.4831114709377289,0.24678125977516174,-0.033569857478141785,0.43817299604415894,0.4734427034854889,-0.0015713706379756331,0.4441123306751251,0.3771204352378845,-0.016248265281319618,0.4517974257469177,0.3143754303455353,-0.026975464075803757,0.46081051230430603,0.2636941373348236,-0.03327155113220215,0.4033147096633911,0.4942624270915985,-0.017685098573565483,0.4095306098461151,0.4177033305168152,-0.027914823964238167,0.41721227765083313,0.36629170179367065,-0.029227755963802338,0.42670920491218567,0.3198356628417969,-0.029167817905545235
0.43890804052352905,0.7069648504257202,2.895251896006812e-07,0.5050536394119263,0.6481090784072876,-0.018068719655275345,0.5464075803756714,0.5747827291488647,-0.024226771667599678,0.5641756653785706,0.49915388226509094,-0.03330975025892258,0.5564536452293396,0.4313112199306488,-0.041117262095212936,0.4992685616016388,0.47973310947418213,0.01664634421467781,0.5115423798561096,0.39212295413017273,-0.011276048608124256,0.527832567691803,0.38726598024368286,-0.03779248148202896,0.5413104891777039,0.40545690059661865,-0.050847072154283524,0.46761587262153625,0.46785247325897217,0.011586111038923264,0.474973201751709,0.3628922700881958,-0.0024378353264182806,0.4793281853199005,0.29925060272216797,-0.02180575579404831,0.4841354489326477,0.24706488847732544,-0.03561904653906822,0.43640759587287903,0.47342896461486816,-0.0008265496580861509,0.44274672865867615,0.3752260208129883,-0.015427687205374241,0.45028156042099,0.3115703761577606,-0.02733268029987812,0.4592447876930237,0.26036298274993896,-0.03470819070935249,0.4021967649459839,0.49382126331329346,-0.016321804374456406,0.4099368751049042,0.4163956940174103,-0.026635171845555305,0.4170171320438385,0.36450260877609253,-0.02888163924217224,0.4249168634414673,0.31839919090270996,-0.029720043763518333
0.43857306241989136,0.7069273591041565,2.842106709977088e-07,0.504764974117279,0.648152232170105,-0.017578765749931335,0.5463349223136902,0.5746132731437683,-0.023245468735694885,0.5643596053123474,0.49903810024261475,-0.03189903125166893,0.5565639138221741,0.4314764142036438,-0.03934405371546745,0.49913936853408813,0.4795116186141968,0.017384547740221024,0.5114140510559082,0.392506867647171,-0.010127642191946507,0.5275700092315674,0.387401819229126,-0.036479804664850235,0.5410491824150085,0.4047086834907532,-0.04957403242588043,0.46756693720817566,0.4675772190093994,0.012099345214664936,0.4747752547264099,0.36289075016975403,-0.0018241703510284424,0.4791770279407501,0.29929471015930176,-0.02126084640622139,0.48412761092185974,0.2470923662185669,-0.03518270328640938,0.4363233745098114,0.47322484850883484,-0.000504269904922694,0.44245651364326477,0.37515178322792053,-0.015171673148870468,0.4500090479850769,0.3115200400352478,-0.027234889566898346,0.45919153094291687,0.2601344883441925,-0.03475119173526764,0.40203195810317993,0.49376317858695984,-0.016143685206770897,0.4097634255886078,0.4163018763065338,-0.02658988907933235,0.4169134497642517,0.364280104637146,-0.02900032140314579,0.4250530004501343,0.3178987205028534,-0.030018089339137077
0.4406876266002655,0.7018574476242065,2.798841194362467e-07,0.5061251521110535,0.64726722240448,-0.01689940318465233,0.5481145977973938,0.5748367309570312,-0.02191178686916828,0.5670181512832642,0.4984326958656311,-0.030007122084498405,0.5603336095809937,0.43027985095977783,-0.037139374762773514,0.5066691637039185,0.48042166233062744,0.0185391902923584,0.5198423266410828,0.393745481967926,-0.010022301226854324,0.5346698760986328,0.38827013969421387,-0.037408631294965744,0.5462722778320312,0.40959638357162476,-0.050438132137060165,0.4741029441356659,0.4667196273803711,0.013288076967000961,0.4824576675891876,0.3620252311229706,-0.0005953209474682808,0.4864466190338135,0.2975941598415375,-0.019657660275697708,0.4905897080898285,0.2454805076122284,-0.03301037475466728,0.4420245885848999,0.47165077924728394,0.000560728891286999,0.448922723531723,0.37460944056510925,-0.013984167017042637,0.45683804154396057,0.3110117018222809,-0.025751648470759392,0.4663998782634735,0.26041239500045776,-0.03291330114006996,0.40693235397338867,0.49149391055107117,-0.01519828662276268,0.41464290022850037,0.4143926501274109,-0.02509043738245964,0.4228975176811218,0.3635362684726715,-0.026799459010362625,0.4333292841911316,0.3182414174079895,-0.027312999591231346
0.4393947720527649,0.7009238004684448,2.8000886231893674e-07,0.5061485171318054,0.6459908485412598,-0.017548667266964912,0.5474520325660706,0.5733098983764648,-0.023183535784482956,0.5667440295219421,0.49647456407546997,-0.032096054404973984,0.5588851571083069,0.42862364649772644,-0.03995577618479729,0.5039992332458496,0.47991514205932617,0.01890680007636547,0.5176159739494324,0.39329099655151367,-0.008860021829605103,0.5324214696884155,0.38809794187545776,-0.035004667937755585,0.5437712073326111,0.4091019034385681,-0.04753639176487923,0.47279465198516846,0.46711522340774536,0.013795693404972553,0.4818374514579773,0.36234408617019653,2.313619370397646e-05,0.4861079752445221,0.2989562153816223,-0.018513813614845276,0.49088335037231445,0.2477370798587799,-0.03149852529168129,0.44193315505981445,0.4716246724128723,0.0010514188325032592,0.44967153668403625,0.3735421895980835,-0.013745754957199097,0.45787036418914795,0.3090682625770569,-0.025361070409417152,0.4671110510826111,0.2580640912055969,-0.03246067836880684,0.4075492024421692,0.4905993938446045,-0.01479079108685255,0.4170958995819092,0.41380369663238525,-0.025464994832873344,0.4251369833946228,0.36166223883628845,-0.028015222400426865,0.43422284722328186,0.3151612877845764,-0.02916421741247177
0.4399294853210449,0.7012329697608948,2.9276395707711345e-07,0.5067158341407776,0.6457486748695374,-0.017489736899733543,0.5474044680595398,0.5736432671546936,-0.023717781528830528,0.5666559934616089,0.4975821375846863,-0.03327067941427231,0.5595004558563232,0.4298800528049469,-0.04172458127140999,0.5031173825263977,0.47939062118530273,0.018189668655395508,0.5155618786811829,0.39192265272140503,-0.00994142610579729,0.5306586027145386,0.3870174288749695,-0.03626885637640953,0.5427210330963135,0.4087417721748352,-0.048835575580596924,0.47160017490386963,0.46710723638534546,0.012868494726717472,0.4806045591831207,0.3620949387550354,-0.0010433885036036372,0.4853758215904236,0.29843342304229736,-0.019517773762345314,0.49115878343582153,0.24691244959831238,-0.03240259364247322,0.4406774640083313,0.4717808663845062,-5.160166620044038e-05,0.44786813855171204,0.3735567629337311,-0.014653251506388187,0.4560573697090149,0.30860257148742676,-0.02605571784079075,0.46589192748069763,0.25722214579582214,-0.03303426876664162,0.4066731631755829,0.4907239079475403,-0.016101252287626266,0.41590362787246704,0.4137123227119446,-0.02640925720334053,0.42421844601631165,0.3611515462398529,-0.028732430189847946,0.4338705241680145,0.31453919410705566,-0.029734207317233086
0.4429705739021301,0.6997240781784058,2.9095483000673994e-07,0.5069137811660767,0.6430892944335938,-0.01786278747022152,0.5457596182823181,0.5708634853363037,-0.02386811189353466,0.564677357673645,0.4950454831123352,-0.03294967859983444,0.5583398342132568,0.4274463355541229,-0.040902454406023026,0.5011568665504456,0.47739115357398987,0.018246814608573914,0.5127068161964417,0.39288195967674255,-0.008265837095677853,0.5268848538398743,0.3863156735897064,-0.03370441868901253,0.5384664535522461,0.4014473557472229,-0.04647710919380188,0.47050052881240845,0.4655211567878723,0.01306260097771883,0.47917643189430237,0.3630107641220093,-0.000566312693990767,0.48414090275764465,0.3007434606552124,-0.019062547013163567,0.48994171619415283,0.24847745895385742,-0.03219396993517876,0.4400618374347687,0.47008374333381653,0.00043107281089760363,0.44752201437950134,0.373904287815094,-0.014397754333913326,0.4549315571784973,0.31121397018432617,-0.025681138038635254,0.46380752325057983,0.26013264060020447,-0.032474249601364136,0.4067035913467407,0.4889834523200989,-0.015324083156883717,0.41614046692848206,0.41206637024879456,-0.026154756546020508,0.42420047521591187,0.359986275434494,-0.0285735335201025,0.4335406422615051,0.31298959255218506,-0.02955823764204979
0.44523385167121887,0.6986320614814758,3.067662817102246e-07,0.5067493915557861,0.6438601613044739,-0.01911073923110962,0.5467742681503296,0.5729630589485168,-0.026729436591267586,0.5661260485649109,0.4974279999732971,-0.03711424395442009,0.5588493347167969,0.42810380458831787,-0.0464789904654026,0.5033557415008545,0.47805777192115784,0.014027182012796402,0.5157071948051453,0.39218252897262573,-0.01588842086493969,0.5312985777854919,0.3862200975418091,-0.04355071112513542,0.5440341234207153,0.40505343675613403,-0.05693013221025467,0.47218796610832214,0.46533262729644775,0.009008169174194336,0.48141852021217346,0.3626546263694763,-0.006466567516326904,0.4855026602745056,0.2994859218597412,-0.025693774223327637,0.49017101526260376,0.24649572372436523,-0.03906279429793358,0.4412135183811188,0.47029024362564087,-0.003504947992041707,0.4487479031085968,0.37419718503952026,-0.019201351329684258,0.4560422897338867,0.3107757866382599,-0.03058154322206974,0.4650200307369232,0.2590814232826233,-0.03736294433474541,0.4072553813457489,0.4901033639907837,-0.01923528127372265,0.4159987270832062,0.41338539123535156,-0.030137699097394943,0.42399147152900696,0.3616926074028015,-0.03213581442832947,0.43379440903663635,0.3148950934410095,-0.0327225886285305
0.44606032967567444,0.6983292698860168,3.030737616427359e-07,0.5076740384101868,0.642775297164917,-0.018501583486795425,0.5468990802764893,0.5716514587402344,-0.025812488049268723,0.5661778450012207,0.497096985578537,-0.03609767556190491,0.5598459243774414,0.4282291531562805,-0.04535375535488129,0.5029951930046082,0.47745880484580994,0.015155821107327938,0.51503586769104,0.3920173645019531,-0.014408008195459843,0.5304262042045593,0.3862272799015045,-0.041899364441633224,0.5432249903678894,0.4054132401943207,-0.05522715300321579,0.47192463278770447,0.46490147709846497,0.009886781685054302,0.4808826446533203,0.3628090023994446,-0.005323836579918861,0.4851362705230713,0.29998695850372314,-0.02435886114835739,0.49038130044937134,0.24743133783340454,-0.0376226007938385,0.4410978853702545,0.4698323607444763,-0.002917521633207798,0.44828078150749207,0.3741321861743927,-0.018360085785388947,0.45562514662742615,0.3107476532459259,-0.02974005788564682,0.4650374948978424,0.25927668809890747,-0.03657311946153641,0.40742480754852295,0.4895975887775421,-0.018924390897154808,0.41595613956451416,0.4134899377822876,-0.029601531103253365,0.423819899559021,0.3614841103553772,-0.03166830912232399,0.43378451466560364,0.31457042694091797,-0.0323747880756855
0.4441791772842407,0.6960840821266174,2.9425336833810434e-07,0.506256639957428,0.6399624943733215,-0.018980884924530983,0.5451353788375854,0.5672387480735779,-0.026144515722990036,0.5633019208908081,0.4917152225971222,-0.03592643514275551,0.5549455881118774,0.4258574843406677,-0.04479977861046791,0.5014263987541199,0.47667568922042847,0.012925657443702221,0.5157026052474976,0.39434242248535156,-0.01594141311943531,0.5295878648757935,0.3870690166950226,-0.04270301014184952,0.5396344661712646,0.4034741520881653,-0.05586465075612068,0.46942439675331116,0.464140385389328,0.00841670110821724,0.47820690274238586,0.3629581928253174,-0.006730719469487667,0.48276814818382263,0.300814688205719,-0.025411950424313545,0.4874630868434906,0.24840301275253296,-0.03852798417210579,0.43857499957084656,0.46939659118652344,-0.0033186909276992083,0.44522780179977417,0.3735445737838745,-0.018978316336870193,0.45234817266464233,0.31101280450820923,-0.03030712902545929,0.46056994795799255,0.25997233390808105,-0.037180617451667786,0.40506893396377563,0.4900713860988617,-0.018129583448171616,0.4125066101551056,0.4153091311454773,-0.029148278757929802,0.4199110269546509,0.3649374842643738,-0.031341396272182465,0.4282238483428955,0.31981948018074036,-0.03218713030219078
0.44455328583717346,0.6947888731956482,3.094434930517309e-07,0.506351113319397,0.6402543783187866,-0.01938742958009243,0.546195387840271,0.5686687231063843,-0.027347588911652565,0.5640791058540344,0.4934479594230652,-0.037950240075588226,0.5539437532424927,0.4268234670162201,-0.04779075086116791,0.5041143298149109,0.4774349629878998,0.011935886926949024,0.5173560380935669,0.39350253343582153,-0.018990611657500267,0.5322653651237488,0.3861170709133148,-0.04720817133784294,0.5439366102218628,0.40566733479499817,-0.06069348007440567,0.47155940532684326,0.4644080698490143,0.00720944395288825,0.4796850085258484,0.3618822693824768,-0.008845455013215542,0.4832925498485565,0.29829874634742737,-0.0279658492654562,0.4871898293495178,0.24512502551078796,-0.04112331569194794,0.43996375799179077,0.46976080536842346,-0.004875464364886284,0.4473254084587097,0.37416714429855347,-0.021054640412330627,0.4550170600414276,0.31086885929107666,-0.03247084841132164,0.4637535512447357,0.2593638002872467,-0.039229635149240494,0.40541666746139526,0.4904273450374603,-0.020093824714422226,0.41304001212120056,0.4157748818397522,-0.0311441533267498,0.42103442549705505,0.3652780055999756,-0.03302190452814102,0.4304448068141937,0.31968456506729126,-0.03353378176689148
0.44190290570259094,0.694393515586853,2.9430367476379615e-07,0.5047240257263184,0.6387367844581604,-0.017745330929756165,0.5424579977989197,0.565450131893158,-0.023598728701472282,0.559216320514679,0.49054741859436035,-0.032359763979911804,0.5522971153259277,0.42522957921028137,-0.040246907621622086,0.4991656541824341,0.4764632284641266,0.016282936558127403,0.5136787295341492,0.39589065313339233,-0.011593004688620567,0.526925265789032,0.38746604323387146,-0.03754337877035141,0.5361666679382324,0.4031425714492798,-0.05010875687003136,0.4670566916465759,0.4635477066040039,0.011235583573579788,0.4755815267562866,0.3623572587966919,-0.0033250392880290747,0.4794830083847046,0.30004018545150757,-0.021295836195349693,0.4839803874492645,0.24783343076705933,-0.03364194184541702,0.4358505606651306,0.46793651580810547,-0.0011999510461464524,0.44311657547950745,0.372244268655777,-0.0169382281601429,0.45096707344055176,0.30973079800605774,-0.028049008920788765,0.46022137999534607,0.25913912057876587,-0.034433793276548386,0.40165096521377563,0.4877158999443054,-0.016655318439006805,0.4095790684223175,0.41225701570510864,-0.027933238074183464,0.4177064895629883,0.3610137104988098,-0.030205173417925835,0.4276069402694702,0.31487709283828735,-0.03094625100493431
0.4426534175872803,0.6933819651603699,3.005596056482318e-07,0.5033132433891296,0.6411503553390503,-0.018321989104151726,0.5418131947517395,0.5681986808776855,-0.02499312534928322,0.560088574886322,0.49261462688446045,-0.0343753844499588,0.5516547560691833,0.4266495108604431,-0.042981065809726715,0.5014991164207458,0.4770617187023163,0.013081876561045647,0.5157901048660278,0.39413008093833923,-0.01690094731748104,0.5305373668670654,0.3868212401866913,-0.0440998449921608,0.5413471460342407,0.4066040515899658,-0.05691094323992729,0.46903225779533386,0.46362847089767456,0.008013839833438396,0.477390319108963,0.36073848605155945,-0.0075090606696903706,0.4807998836040497,0.2976507544517517,-0.025827473029494286,0.4843331277370453,0.24548044800758362,-0.03828515112400055,0.4370938241481781,0.4685669541358948,-0.004366528242826462,0.44475269317626953,0.3727912902832031,-0.020512007176876068,0.45271188020706177,0.30976495146751404,-0.031805094331502914,0.46181097626686096,0.25898176431655884,-0.0383509136736393,0.40187934041023254,0.4883917570114136,-0.019760265946388245,0.41042062640190125,0.41339191794395447,-0.03108133189380169,0.4188816547393799,0.3623400926589966,-0.03317008540034294,0.42935895919799805,0.31636470556259155,-0.03376612812280655
0.44227537512779236,0.6933034062385559,2.9286951530593797e-07,0.5028863549232483,0.6403988599777222,-0.018454577773809433,0.5414549112319946,0.5671054124832153,-0.025371527299284935,0.5594216585159302,0.49074459075927734,-0.03510621562600136,0.5495660305023193,0.42442137002944946,-0.04405263811349869,0.5013828277587891,0.4763748347759247,0.014056426472961903,0.5154935717582703,0.39387622475624084,-0.015352163463830948,0.5288819074630737,0.3864125907421112,-0.042023539543151855,0.5385810136795044,0.4053945541381836,-0.05458759516477585,0.4689619839191437,0.46294185519218445,0.009113088250160217,0.4772569537162781,0.3601300120353699,-0.005747043062001467,0.48104333877563477,0.29802191257476807,-0.023264288902282715,0.48544371128082275,0.2465379238128662,-0.03516937419772148,0.43708163499832153,0.46748045086860657,-0.0032801933120936155,0.44491222500801086,0.37112364172935486,-0.019027113914489746,0.45349591970443726,0.30844682455062866,-0.029830919578671455,0.46324411034584045,0.25817281007766724,-0.03609408438205719,0.4019475281238556,0.4873775839805603,-0.018746744841337204,0.4101520776748657,0.4126428961753845,-0.029902378097176552,0.41834986209869385,0.361782044172287,-0.0319039560854435,0.4282819926738739,0.3159860372543335,-0.03248655050992966
0.43972939252853394,0.6931642293930054,2.905575797740312e-07,0.5018404126167297,0.6369714736938477,-0.017936764284968376,0.5401994585990906,0.5655040740966797,-0.024465681985020638,0.5578639507293701,0.4905044436454773,-0.034073710441589355,0.5491138696670532,0.4238235354423523,-0.04292605072259903,0.4984373152256012,0.4776787757873535,0.016588997095823288,0.513671875,0.39516523480415344,-0.012707698158919811,0.5285232067108154,0.3881358504295349,-0.04015391692519188,0.5395028591156006,0.40615200996398926,-0.05347174406051636,0.46687743067741394,0.4648801386356354,0.011431390419602394,0.4764091372489929,0.3631918132305145,-0.0036462415009737015,0.4797651767730713,0.3017677068710327,-0.022512486204504967,0.4836040437221527,0.2511288523674011,-0.035568494349718094,0.4356388449668884,0.46914005279541016,-0.001271077897399664,0.4439410865306854,0.37348899245262146,-0.01707708276808262,0.4517008066177368,0.3107815980911255,-0.0288917887955904,0.46075761318206787,0.26066988706588745,-0.035926103591918945,0.4008522629737854,0.4882452189922333,-0.017024902626872063,0.4095879793167114,0.41388368606567383,-0.027902115136384964,0.41720157861709595,0.3635903000831604,-0.030149582773447037,0.4264013469219208,0.3189272880554199,-0.031024202704429626
0.4396863579750061,0.6930359601974487,3.067327440930967e-07,0.5014638304710388,0.6386284828186035,-0.017956295982003212,0.5403148531913757,0.5671546459197998,-0.024719780310988426,0.5588335990905762,0.4924493730068207,-0.034433912485837936,0.5498631000518799,0.4260754883289337,-0.04331099987030029,0.49881747364997864,0.4774836599826813,0.015099459327757359,0.5140095353126526,0.3945240378379822,-0.015025883913040161,0.5299010872840881,0.3882162272930145,-0.04277568310499191,0.5419429540634155,0.408081978559494,-0.056006114929914474,0.46699559688568115,0.4644618034362793,0.009907961823046207,0.47594839334487915,0.36302852630615234,-0.005440956447273493,0.4796711206436157,0.3006874918937683,-0.024022812023758888,0.4835538864135742,0.24919849634170532,-0.0367395244538784,0.4355078637599945,0.469486266374588,-0.0027582827024161816,0.4435040056705475,0.3748743236064911,-0.018722765147686005,0.451786071062088,0.31215566396713257,-0.029909037053585052,0.46116873621940613,0.261360764503479,-0.036426521837711334,0.40037620067596436,0.4894587993621826,-0.018463844433426857,0.40862736105918884,0.4162488877773285,-0.029474938288331032,0.41690701246261597,0.36666709184646606,-0.03127752244472504,0.42689627408981323,0.3222169280052185,-0.031693246215581894
0.4395481050014496,0.6929711103439331,3.0896882208253373e-07,0.5014984011650085,0.6386449933052063,-0.018150629475712776,0.5401389002799988,0.567099392414093,-0.02500390075147152,0.5583655834197998,0.4924870431423187,-0.03477787226438522,0.5497496128082275,0.42614883184432983,-0.04368351399898529,0.49877384305000305,0.4776107668876648,0.014987334609031677,0.5141416788101196,0.39490461349487305,-0.015226796269416809,0.5299175977706909,0.3881596326828003,-0.04301052540540695,0.541813313961029,0.4077931046485901,-0.05624634400010109,0.4668164849281311,0.4645288288593292,0.00991690531373024,0.4758039116859436,0.3630487024784088,-0.005515819415450096,0.4795950651168823,0.30057623982429504,-0.02409229800105095,0.4836500883102417,0.24911324679851532,-0.03675917908549309,0.43529048562049866,0.469453901052475,-0.0026502213440835476,0.4432331621646881,0.37473252415657043,-0.018705066293478012,0.45153576135635376,0.31204476952552795,-0.029922695830464363,0.4609803557395935,0.26130354404449463,-0.03642601519823074,0.4002174735069275,0.48944684863090515,-0.018263665959239006,0.40847185254096985,0.41657862067222595,-0.02936474420130253,0.41671785712242126,0.3672112226486206,-0.031233109533786774,0.4266212582588196,0.32296234369277954,-0.0316641628742218
0.4383341670036316,0.6927052140235901,3.093235534379346e-07,0.5008411407470703,0.6376546621322632,-0.01853221468627453,0.5390920639038086,0.5649307370185852,-0.024976667016744614,0.555694043636322,0.4897785484790802,-0.03425154834985733,0.5473097562789917,0.4236947298049927,-0.04256588593125343,0.4966631531715393,0.47641998529434204,0.015653008595108986,0.5106216669082642,0.3935924172401428,-0.012828107923269272,0.5255570411682129,0.3862817883491516,-0.039217766374349594,0.5372107625007629,0.4037873148918152,-0.05192369967699051,0.4650358259677887,0.46405285596847534,0.01095989253371954,0.4737590551376343,0.3624306917190552,-0.003938703332096338,0.4779634177684784,0.30024462938308716,-0.02218291163444519,0.4831036329269409,0.24907174706459045,-0.034682027995586395,0.43388795852661133,0.4685191214084625,-0.0012229294516146183,0.44177669286727905,0.3730061650276184,-0.017246559262275696,0.4503304958343506,0.31089264154434204,-0.028444092720746994,0.4605427086353302,0.2615703344345093,-0.03479938581585884,0.3994883596897125,0.4875454008579254,-0.016474373638629913,0.4084881544113159,0.41228756308555603,-0.027742944657802582,0.4171522557735443,0.3619387745857239,-0.029928136616945267,0.4277835488319397,0.3173728883266449,-0.03056672215461731
0.43969976902008057,0.6925737857818604,3.066925557959621e-07,0.500838041305542,0.638965904712677,-0.018157970160245895,0.5392035841941833,0.5665543079376221,-0.02459803968667984,0.5568218231201172,0.49131354689598083,-0.03379599004983902,0.5482063889503479,0.424976110458374,-0.042178697884082794,0.49747511744499207,0.47761788964271545,0.014500303193926811,0.5119930505752563,0.39490842819213867,-0.014534835703670979,0.527407169342041,0.387431800365448,-0.04142293334007263,0.539330005645752,0.4054710865020752,-0.05436691641807556,0.465614914894104,0.4644176959991455,0.009445078670978546,0.47421786189079285,0.362246036529541,-0.005711877718567848,0.4783421456813812,0.3000427782535553,-0.024148259311914444,0.48301950097084045,0.2484690248966217,-0.03686709329485893,0.43432798981666565,0.46892768144607544,-0.0029435574542731047,0.4426974952220917,0.3737475872039795,-0.018985193222761154,0.45169153809547424,0.31186985969543457,-0.030302666127681732,0.46177685260772705,0.26249149441719055,-0.0368991494178772,0.40005695819854736,0.48790183663368225,-0.018352866172790527,0.4088195562362671,0.41265109181404114,-0.029446367174386978,0.4177083969116211,0.36204054951667786,-0.031448688358068466,0.42863544821739197,0.3170095682144165,-0.032111622393131256
0.4390067458152771,0.6924328804016113,3.048483847578609e-07,0.5002326369285583,0.6390019655227661,-0.018007559701800346,0.5389728546142578,0.5665646195411682,-0.02433353289961815,0.5562579035758972,0.49119216203689575,-0.03345264494419098,0.5476696491241455,0.42513307929039,-0.041745007038116455,0.49762293696403503,0.47696518898010254,0.014832956716418266,0.5114424824714661,0.39350858330726624,-0.014042933471500874,0.5267059206962585,0.38633444905281067,-0.04083041846752167,0.5389564037322998,0.40494394302368164,-0.05369202047586441,0.4656759798526764,0.4640943706035614,0.009874661453068256,0.4742478132247925,0.3619784712791443,-0.0050418442115187645,0.4786117672920227,0.2998546361923218,-0.023303912952542305,0.48381179571151733,0.24838787317276,-0.03586839511990547,0.4343217611312866,0.4687577486038208,-0.002416326431557536,0.4426514804363251,0.37322238087654114,-0.018224500119686127,0.4515121281147003,0.3112189471721649,-0.029410315677523613,0.46179062128067017,0.26165032386779785,-0.035889435559511185,0.3999057412147522,0.488023042678833,-0.017723601311445236,0.40884801745414734,0.4128081500530243,-0.02870623581111431,0.4175107777118683,0.3623696565628052,-0.03064662031829357,0.4282114505767822,0.3173356056213379,-0.031190428882837296
0.4393860101699829,0.6917438507080078,2.8586399025698483e-07,0.5003988146781921,0.6366739273071289,-0.01768122985959053,0.537847638130188,0.5634747743606567,-0.02387574128806591,0.5546780228614807,0.48861628770828247,-0.0330996960401535,0.5463391542434692,0.4238201379776001,-0.04147104546427727,0.4953233003616333,0.47652021050453186,0.015233651734888554,0.508284866809845,0.3916773200035095,-0.014020266942679882,0.525236964225769,0.38554662466049194,-0.04085564240813255,0.539385974407196,0.40646737813949585,-0.053674910217523575,0.4646225571632385,0.464660108089447,0.010241206735372543,0.4727202355861664,0.3632892072200775,-0.004819131921976805,0.47679123282432556,0.3020663857460022,-0.023201076313853264,0.48199254274368286,0.2522917091846466,-0.036000899970531464,0.43463847041130066,0.469806969165802,-0.0021884171292185783,0.44258224964141846,0.37449783086776733,-0.017838042229413986,0.45105618238449097,0.3122701048851013,-0.029236702248454094,0.4609929323196411,0.26351290941238403,-0.03609618917107582,0.40147170424461365,0.48890456557273865,-0.017690591514110565,0.4097094237804413,0.41414332389831543,-0.028799615800380707,0.4167765974998474,0.3632373809814453,-0.0313730351626873,0.42576339840888977,0.31812435388565063,-0.03252226859331131
0.4394363760948181,0.6917068958282471,2.9925567446298373e-07,0.5002361536026001,0.6367578506469727,-0.01786462962627411,0.5375339984893799,0.564099133014679,-0.02436537854373455,0.5548037886619568,0.490237295627594,-0.03390353173017502,0.5471190810203552,0.4258936643600464,-0.04253401234745979,0.4948957860469818,0.4769170582294464,0.014935203827917576,0.5075361132621765,0.39181235432624817,-0.014858918264508247,0.5248226523399353,0.3857197165489197,-0.04217350855469704,0.5393381118774414,0.4072003960609436,-0.055157002061605453,0.4641653597354889,0.46530526876449585,0.009924743324518204,0.47225284576416016,0.36419737339019775,-0.005576984025537968,0.47618886828422546,0.30248695611953735,-0.024184294044971466,0.4812968671321869,0.25232431292533875,-0.03699513152241707,0.43422219157218933,0.4705731272697449,-0.0025777623523026705,0.4420663118362427,0.37592291831970215,-0.01850481890141964,0.45033153891563416,0.3133324086666107,-0.029968546703457832,0.4602150022983551,0.2642470598220825,-0.03670596331357956,0.4010853171348572,0.48942551016807556,-0.018185574561357498,0.40961384773254395,0.4148319661617279,-0.029382195323705673,0.4171050786972046,0.36372697353363037,-0.03197213634848595,0.4267408847808838,0.31839072704315186,-0.03301863372325897
0.43744078278541565,0.6918228268623352,2.743288689543988e-07,0.49872487783432007,0.6360568404197693,-0.0167040154337883,0.5354790091514587,0.5640736818313599,-0.022031066939234734,0.5517419576644897,0.4900915324687958,-0.030467381700873375,0.5453063249588013,0.4254395067691803,-0.038281068205833435,0.49383142590522766,0.47863733768463135,0.017478100955486298,0.5070059895515442,0.3994531035423279,-0.00970880500972271,0.5202562212944031,0.3908465802669525,-0.03558095172047615,0.5303604006767273,0.40540337562561035,-0.04835063964128494,0.46261394023895264,0.4664633274078369,0.012241560965776443,0.47088468074798584,0.3676055669784546,-0.0018190286355093122,0.4742104709148407,0.30678755044937134,-0.019779890775680542,0.47816166281700134,0.2554352581501007,-0.03225109353661537,0.43218639492988586,0.4711044728755951,-0.00022770137002225965,0.439532071352005,0.3777475953102112,-0.015282809734344482,0.4469928443431854,0.31708741188049316,-0.02635202556848526,0.45577752590179443,0.2678263783454895,-0.03287820145487785,0.398759663105011,0.4904594421386719,-0.01564769446849823,0.4063872694969177,0.41689956188201904,-0.026270316913723946,0.41407591104507446,0.3678605258464813,-0.02828102372586727,0.42345526814460754,0.32382652163505554,-0.028946854174137115
0.4365134835243225,0.6904860138893127,2.77126190439958e-07,0.4978296160697937,0.6390017867088318,-0.016835622489452362,0.5358083248138428,0.5670590400695801,-0.021890118718147278,0.552782416343689,0.49344590306282043,-0.029723696410655975,0.546508252620697,0.4293060600757599,-0.03694818168878555,0.4964657723903656,0.480371356010437,0.015506209805607796,0.5099044442176819,0.3994138836860657,-0.012385707348585129,0.5231306552886963,0.39145439863204956,-0.03864910826086998,0.5325098037719727,0.4087655246257782,-0.05129355564713478,0.4647907316684723,0.4672430753707886,0.010450429283082485,0.4729175865650177,0.36699172854423523,-0.00407719099894166,0.475506067276001,0.3053321838378906,-0.022495534271001816,0.47793760895729065,0.253878116607666,-0.0352250337600708,0.43381643295288086,0.47170180082321167,-0.0016756657278165221,0.4419373571872711,0.37871497869491577,-0.016909543424844742,0.44961678981781006,0.31746530532836914,-0.02858194336295128,0.4580857753753662,0.26779061555862427,-0.035520292818546295,0.3994070589542389,0.4899035394191742,-0.016663992777466774,0.4082318842411041,0.41538339853286743,-0.027203140780329704,0.41672831773757935,0.3653610348701477,-0.029396336525678635,0.4272659718990326,0.3201090395450592,-0.03027631901204586
0.4362175166606903,0.6903037428855896,2.852507066108956e-07,0.4981682002544403,0.6385177969932556,-0.01719239540398121,0.5354827046394348,0.5658023357391357,-0.022306891158223152,0.5522242784500122,0.49135512113571167,-0.030247200280427933,0.5462384223937988,0.42692792415618896,-0.03740553930401802,0.4945965111255646,0.4796881377696991,0.015551240183413029,0.5072470903396606,0.39776644110679626,-0.012341930530965328,0.5220121741294861,0.389356791973114,-0.03809163719415665,0.5335640907287598,0.4070412516593933,-0.050323229283094406,0.463318794965744,0.4673723578453064,0.010882694274187088,0.4711512327194214,0.36749976873397827,-0.003572666086256504,0.4743286073207855,0.30582112073898315,-0.021303456276655197,0.47801473736763,0.25491011142730713,-0.03340724855661392,0.4328692853450775,0.4719496965408325,-0.000983151257969439,0.44053640961647034,0.3787494897842407,-0.01621323451399803,0.4481565058231354,0.31763148307800293,-0.026936544105410576,0.45693856477737427,0.26856160163879395,-0.03309119865298271,0.3990671634674072,0.49033528566360474,-0.015803111717104912,0.4077603220939636,0.41682279109954834,-0.02649104595184326,0.41626712679862976,0.3674507141113281,-0.0284649096429348,0.42654937505722046,0.32330530881881714,-0.029005125164985657
0.4361363649368286,0.6899982690811157,2.594607906303281e-07,0.4984496831893921,0.6372151374816895,-0.015911899507045746,0.5351298451423645,0.5658499002456665,-0.020429130643606186,0.5511694550514221,0.4927090108394623,-0.02797970175743103,0.543297529220581,0.43023115396499634,-0.034851785749197006,0.4939018487930298,0.48138758540153503,0.016512494534254074,0.5061341524124146,0.4006550908088684,-0.010260259732604027,0.5205681324005127,0.3918284773826599,-0.03546992316842079,0.5320417284965515,0.40771806240081787,-0.04772693291306496,0.4632699191570282,0.46856626868247986,0.011514405719935894,0.4708545207977295,0.3701145350933075,-0.0022746031172573566,0.47459080815315247,0.31022733449935913,-0.01985313557088375,0.4789844751358032,0.2614070773124695,-0.03210506960749626,0.43346232175827026,0.47253838181495667,-0.0004537809290923178,0.4406886100769043,0.3798396587371826,-0.014996255747973919,0.4485276937484741,0.32012319564819336,-0.025977855548262596,0.4575158953666687,0.272769570350647,-0.032533906400203705,0.4007437825202942,0.4904918968677521,-0.015250417403876781,0.4086172878742218,0.41687336564064026,-0.025550013408064842,0.41598328948020935,0.3679671287536621,-0.027792872861027718,0.42496833205223083,0.3246806263923645,-0.028695067390799522
0.43687477707862854,0.6891907453536987,2.7933637625210395e-07,0.49883511662483215,0.6378715634346008,-0.01651584915816784,0.5355172753334045,0.5665907859802246,-0.021540794521570206,0.5513715147972107,0.49333804845809937,-0.029468080028891563,0.5431761145591736,0.43069231510162354,-0.03662675991654396,0.4949481785297394,0.4807598888874054,0.01553343515843153,0.5062893033027649,0.39913421869277954,-0.011769212782382965,0.5210838913917542,0.3898002803325653,-0.03709936887025833,0.5331460237503052,0.4071442782878876,-0.04912731051445007,0.46386948227882385,0.4682500660419464,0.010808226652443409,0.47100627422332764,0.369491845369339,-0.0031994085293263197,0.4743528664112091,0.30912601947784424,-0.02056116610765457,0.47843030095100403,0.26046323776245117,-0.03243375942111015,0.4337334930896759,0.47253692150115967,-0.000954472750891,0.4406195878982544,0.38020363450050354,-0.01564769446849823,0.4479618966579437,0.32025325298309326,-0.026289761066436768,0.4566149115562439,0.27307045459747314,-0.03243730217218399,0.4005603492259979,0.4906425476074219,-0.015590152703225613,0.4088606834411621,0.4173490107059479,-0.026009730994701385,0.4162271022796631,0.3682160973548889,-0.028178168460726738,0.42532336711883545,0.3245287537574768,-0.028873467817902565
0.43669477105140686,0.691798746585846,2.5041819640136964e-07,0.49711719155311584,0.6388066411018372,-0.015815801918506622,0.5329012274742126,0.5681959986686707,-0.020666297525167465,0.5492218136787415,0.49579668045043945,-0.028547344729304314,0.5417364239692688,0.43307119607925415,-0.035938214510679245,0.49360984563827515,0.48560625314712524,0.016659345477819443,0.5071321725845337,0.4085846543312073,-0.009814709424972534,0.5201086401939392,0.4004676938056946,-0.03498430177569389,0.5296841859817505,0.4151233732700348,-0.0476205013692379,0.46393442153930664,0.4729355573654175,0.01124464813619852,0.472251296043396,0.3754398822784424,-0.002681032521650195,0.475892573595047,0.31586354970932007,-0.020543599501252174,0.4798518121242523,0.26627522706985474,-0.03315310552716255,0.4344923794269562,0.47688010334968567,-0.0010890100384131074,0.44175562262535095,0.38489341735839844,-0.016106300055980682,0.4498082101345062,0.3252860903739929,-0.027410611510276794,0.4588584303855896,0.2771095037460327,-0.034326449036598206,0.4016266465187073,0.49528974294662476,-0.016179874539375305,0.40903428196907043,0.4238288700580597,-0.026967626065015793,0.4168195426464081,0.37561357021331787,-0.029416196048259735,0.4261586368083954,0.332236111164093,-0.03063051588833332
0.4371681213378906,0.6918243169784546,2.773707308278972e-07,0.497605562210083,0.6386194229125977,-0.015259665437042713,0.5342220067977905,0.5682999491691589,-0.019978681579232216,0.5508526563644409,0.4974925220012665,-0.027732137590646744,0.5432937145233154,0.4357558786869049,-0.03487159311771393,0.4939641058444977,0.4858236610889435,0.015982091426849365,0.5073097348213196,0.40755024552345276,-0.010913972742855549,0.5213688015937805,0.3999294936656952,-0.036072324961423874,0.5320495367050171,0.4170452952384949,-0.04813685640692711,0.46336305141448975,0.47343742847442627,0.010598546825349331,0.47148409485816956,0.3757795989513397,-0.0031141499057412148,0.4754437804222107,0.316184937953949,-0.020349768921732903,0.47961002588272095,0.2671932578086853,-0.032157570123672485,0.4334697723388672,0.4778471887111664,-0.001603920478373766,0.44095292687416077,0.3862178921699524,-0.015959784388542175,0.4493054151535034,0.3261069655418396,-0.02650180645287037,0.4587022066116333,0.277976393699646,-0.03269238397479057,0.40051335096359253,0.4963037967681885,-0.016547255218029022,0.4089558720588684,0.4247789680957794,-0.02646002545952797,0.41699740290641785,0.3765140175819397,-0.028082000091671944,0.42653924226760864,0.3334867060184479,-0.02848495915532112
0.43681779503822327,0.6917441487312317,2.8415342967491597e-07,0.4973454475402832,0.6387685537338257,-0.01586456410586834,0.5338749885559082,0.5685288906097412,-0.02058008871972561,0.5498542785644531,0.49703994393348694,-0.028227470815181732,0.5433844327926636,0.43509671092033386,-0.03508191555738449,0.49262669682502747,0.48586854338645935,0.016348209232091904,0.5059108734130859,0.4065106213092804,-0.010399325750768185,0.5207301378250122,0.3988291919231415,-0.03537870571017265,0.5324789881706238,0.4157213270664215,-0.04732083901762962,0.4623802900314331,0.47382813692092896,0.011426339857280254,0.4707534909248352,0.3764687478542328,-0.0022813021205365658,0.4748843312263489,0.31661659479141235,-0.019520537927746773,0.4795001447200775,0.26756465435028076,-0.0313047394156456,0.43293297290802,0.4780432879924774,-0.0004437111201696098,0.44052577018737793,0.38645821809768677,-0.014905628748238087,0.4487192630767822,0.3264307379722595,-0.02544993907213211,0.4582482576370239,0.27857068181037903,-0.031525760889053345,0.4004729688167572,0.4960241913795471,-0.015122401528060436,0.409159779548645,0.4246060848236084,-0.02519575133919716,0.4172579348087311,0.37637099623680115,-0.027028104290366173,0.42700478434562683,0.3334261178970337,-0.027476957067847252
0.5891384482383728,0.9099363088607788,1.4690149896523508e-07,0.5282072424888611,0.8748685717582703,-0.021602030843496323,0.47379517555236816,0.8284311890602112,-0.04151694104075432,0.45364972949028015,0.7800498008728027,-0.06373582780361176,0.490155428647995,0.7531612515449524,-0.08304880559444427,0.518942654132843,0.7047868371009827,-0.006368628237396479,0.49681559205055237,0.6339112520217896,-0.045385848730802536,0.493615984916687,0.6696412563323975,-0.07646494358778,0.5014099478721619,0.7126278281211853,-0.09126224368810654,0.553410530090332,0.6866565346717834,-0.013072569854557514,0.5414179563522339,0.5834572911262512,-0.03395649418234825,0.533031702041626,0.5225421190261841,-0.05101495608687401,0.5270357131958008,0.467494398355484,-0.06229810789227486,0.5912403464317322,0.6890105605125427,-0.027156803756952286,0.5829343795776367,0.5878868699073792,-0.0454927422106266,0.5757370591163635,0.5269986987113953,-0.05696393921971321,0.5694534778594971,0.47410815954208374,-0.06290067732334137,0.63007652759552,0.7087334990501404,-0.044224813580513,0.6308901309967041,0.6265493631362915,-0.052016906440258026,0.6321348547935486,0.5770294070243835,-0.05115962028503418,0.6340463161468506,0.5320359468460083,-0.0497179813683033
0.5674026012420654,0.8976039886474609,1.4534055026160786e-07,0.5063967704772949,0.8630484342575073,-0.023568931967020035,0.4493553042411804,0.8166998624801636,-0.04382307082414627,0.42289742827415466,0.7684083580970764,-0.06609073281288147,0.46137189865112305,0.7422087788581848,-0.0851282849907875,0.4916791021823883,0.6914049386978149,-0.005684851203113794,0.46780818700790405,0.626582682132721,-0.0456877239048481,0.46398818492889404,0.6650024652481079,-0.07781381905078888,0.47049686312675476,0.7106875777244568,-0.09331222623586655,0.5254506468772888,0.6711198091506958,-0.011848225258290768,0.5105013251304626,0.570425271987915,-0.03241836652159691,0.4998056888580322,0.5093843936920166,-0.049809765070676804,0.4924038350582123,0.4557046890258789,-0.06172855198383331,0.5638267397880554,0.6737784743309021,-0.025918247178196907,0.5546714067459106,0.5748290419578552,-0.04600594565272331,0.5447656512260437,0.5152724981307983,-0.05936410650610924,0.5360181331634521,0.4657723903656006,-0.06676701456308365,0.6035784482955933,0.6972019076347351,-0.04306880384683609,0.6094710230827332,0.6169191598892212,-0.053551096469163895,0.6130256056785583,0.5664420127868652,-0.05529163405299187,0.6149346828460693,0.5207509398460388,-0.05590469390153885
0.5658029317855835,0.8955411911010742,1.7543693786592485e-07,0.5043345093727112,0.8607292771339417,-0.0234951414167881,0.4482054114341736,0.8145638704299927,-0.04361879080533981,0.4219132661819458,0.7645646333694458,-0.06554156541824341,0.46008697152137756,0.7370111346244812,-0.0840631052851677,0.4881592094898224,0.6900011301040649,-0.006247386336326599,0.4657213091850281,0.6244080066680908,-0.04569799080491066,0.4608328640460968,0.6612439155578613,-0.0767827257514,0.4661332964897156,0.7061433792114258,-0.0912943109869957,0.5220734477043152,0.6689133644104004,-0.0120457224547863,0.5074434876441956,0.5654778480529785,-0.03198714181780815,0.49653080105781555,0.5027703046798706,-0.04812619462609291,0.4893025755882263,0.4488680362701416,-0.05887693166732788,0.560990035533905,0.6716247797012329,-0.02561340294778347,0.5531781911849976,0.5707638263702393,-0.04531405121088028,0.5442520976066589,0.5105219483375549,-0.05784424766898155,0.5366734266281128,0.46184587478637695,-0.06434855610132217,0.6014527082443237,0.6948637366294861,-0.042223792523145676,0.6081607341766357,0.6134395599365234,-0.05310671031475067,0.6113917231559753,0.5613806247711182,-0.05501268059015274,0.613013505935669,0.5145885348320007,-0.05525350570678711
0.5666260123252869,0.8959420323371887,1.639253781604566e-07,0.5049700140953064,0.8601963520050049,-0.022625306621193886,0.4484584927558899,0.8138436675071716,-0.042283009737730026,0.42247849702835083,0.7652853727340698,-0.06410794705152512,0.4590666592121124,0.737934947013855,-0.08286293596029282,0.48895394802093506,0.6877375841140747,-0.00487417820841074,0.4657668471336365,0.6219894289970398,-0.04430904611945152,0.4610612690448761,0.6576924324035645,-0.07645725458860397,0.4669478237628937,0.7012591361999512,-0.09203075617551804,0.5225927233695984,0.6678214073181152,-0.011318909004330635,0.507745087146759,0.5670117735862732,-0.03133758157491684,0.4978252649307251,0.5044713020324707,-0.048396896570920944,0.49182209372520447,0.45006081461906433,-0.05995820462703705,0.5613919496536255,0.6710765361785889,-0.025509463623166084,0.5521346926689148,0.5720887184143066,-0.044961974024772644,0.5424289703369141,0.511519193649292,-0.05750882625579834,0.5343547463417053,0.4618319869041443,-0.06420814990997314,0.6019595861434937,0.6948163509368896,-0.04280436784029007,0.6076173782348633,0.614344596862793,-0.05341055244207382,0.610186755657196,0.5626476407051086,-0.05490227788686752,0.611403226852417,0.515927791595459,-0.05499032512307167
0.5665860772132874,0.8960168361663818,1.6533053326384106e-07,0.5046892762184143,0.8600346446037292,-0.022097976878285408,0.4485892057418823,0.8133204579353333,-0.04143781587481499,0.42207127809524536,0.7649790048599243,-0.06301169842481613,0.45807716250419617,0.7386429905891418,-0.08153365552425385,0.4897303879261017,0.6881374716758728,-0.004294801037758589,0.46574896574020386,0.6224497556686401,-0.04331383854150772,0.46074679493904114,0.6581485271453857,-0.0750618577003479,0.46677350997924805,0.7018473744392395,-0.09040165692567825,0.5231127738952637,0.6680325865745544,-0.010851467959582806,0.5080629587173462,0.567192554473877,-0.030683167278766632,0.49814099073410034,0.504348635673523,-0.047633249312639236,0.492179811000824,0.4497247636318207,-0.05911828204989433,0.5617368817329407,0.6711393594741821,-0.025078006088733673,0.5523410439491272,0.5722241401672363,-0.044381264597177505,0.542689859867096,0.5113745927810669,-0.056966256350278854,0.5348290205001831,0.4615708887577057,-0.0637097954750061,0.6020851135253906,0.6947045922279358,-0.04234794154763222,0.6079200506210327,0.6143860816955566,-0.052995845675468445,0.610633909702301,0.5623385906219482,-0.054681554436683655,0.612135648727417,0.5152103900909424,-0.054895009845495224
0.5640385746955872,0.8931623697280884,1.7161995913284045e-07,0.5022567510604858,0.8588091135025024,-0.02332526072859764,0.44612592458724976,0.8119382262229919,-0.043577104806900024,0.4202839732170105,0.7628574371337891,-0.06574336439371109,0.4568072557449341,0.7333207130432129,-0.08494897931814194,0.4884510934352875,0.6859650015830994,-0.007026259321719408,0.46528711915016174,0.6199193596839905,-0.046687494963407516,0.4600299298763275,0.6533945798873901,-0.07840177416801453,0.4655286967754364,0.6958033442497253,-0.09386981278657913,0.5217675566673279,0.6656374335289001,-0.013437260873615742,0.5064982771873474,0.5631018280982971,-0.03405755013227463,0.49516433477401733,0.5003613829612732,-0.05120830610394478,0.4874437153339386,0.44591906666755676,-0.06288806349039078,0.5604832768440247,0.6687563061714172,-0.027519166469573975,0.5502852201461792,0.5681273937225342,-0.04773731529712677,0.5400248169898987,0.5069437026977539,-0.060866713523864746,0.531301736831665,0.45621415972709656,-0.0681661069393158,0.6011565327644348,0.6921856999397278,-0.044641051441431046,0.6075321435928345,0.611510157585144,-0.056368060410022736,0.6106858849525452,0.5593199133872986,-0.05886518582701683,0.6123483180999756,0.5113519430160522,-0.05981280654668808
0.5637444257736206,0.8937066197395325,1.5198585856524005e-07,0.5015968084335327,0.8580477833747864,-0.023492800071835518,0.4452092945575714,0.8113178014755249,-0.044174376875162125,0.4197421669960022,0.7632541656494141,-0.06690794974565506,0.4554433226585388,0.7362902164459229,-0.08641032874584198,0.48749297857284546,0.684182345867157,-0.005747422110289335,0.4639904797077179,0.6204172372817993,-0.0458894707262516,0.4590744376182556,0.660271942615509,-0.07823702692985535,0.46460026502609253,0.7062729001045227,-0.09388627856969833,0.5208351016044617,0.6650888919830322,-0.011991741135716438,0.5057873129844666,0.5650390982627869,-0.03256050497293472,0.49546095728874207,0.5036105513572693,-0.04938406124711037,0.48852595686912537,0.4490557312965393,-0.06072472408413887,0.5595675706863403,0.6689846515655518,-0.026203731074929237,0.5481753349304199,0.5690502524375916,-0.046300262212753296,0.5375634431838989,0.5083792209625244,-0.05893426015973091,0.5287342071533203,0.45780569314956665,-0.06564275175333023,0.6007203459739685,0.6929804682731628,-0.04354894533753395,0.6061957478523254,0.6121102571487427,-0.05432192236185074,0.6089324951171875,0.5596815347671509,-0.055983033031225204,0.6102660894393921,0.5115236639976501,-0.05628436431288719
0.565581738948822,0.8899213671684265,1.6421481063844112e-07,0.5029109716415405,0.8559993505477905,-0.02355470508337021,0.4454829692840576,0.809919536113739,-0.04397033527493477,0.41719529032707214,0.7594412565231323,-0.0663662701845169,0.45469704270362854,0.7325488328933716,-0.08518267422914505,0.484491229057312,0.6855890154838562,-0.00532285962253809,0.4605333209037781,0.6184781789779663,-0.0455729216337204,0.45765262842178345,0.6573400497436523,-0.07729808986186981,0.46561431884765625,0.7036632299423218,-0.09220029413700104,0.517907977104187,0.6649952530860901,-0.011035173200070858,0.5021766424179077,0.5638167858123779,-0.03135310485959053,0.49169737100601196,0.5018661618232727,-0.047535646706819534,0.4842468202114105,0.4463742971420288,-0.05839468538761139,0.5570953488349915,0.6671223044395447,-0.024785252287983894,0.5446808338165283,0.5678986310958862,-0.04459112882614136,0.5339287519454956,0.5077981948852539,-0.056914884597063065,0.5251705050468445,0.457821786403656,-0.06333030015230179,0.5991129875183105,0.6885936260223389,-0.04167303815484047,0.603455662727356,0.6068453192710876,-0.052033793181180954,0.6058362126350403,0.5542059540748596,-0.05372839793562889,0.6074191927909851,0.5059175491333008,-0.05405990034341812
0.565079391002655,0.8898268342018127,1.7672090280029806e-07,0.5028309226036072,0.8565122485160828,-0.023822275921702385,0.4453716576099396,0.809722363948822,-0.04384840279817581,0.41721394658088684,0.7598468661308289,-0.06580083817243576,0.4553845524787903,0.7325727939605713,-0.08451679348945618,0.4842294752597809,0.6844607591629028,-0.006644273642450571,0.4590916037559509,0.6168408393859863,-0.04678475484251976,0.4570404589176178,0.6549214124679565,-0.07848561555147171,0.46556931734085083,0.7005056738853455,-0.09360199421644211,0.5181124806404114,0.662926435470581,-0.012417897582054138,0.5023327469825745,0.5618377923965454,-0.03310905024409294,0.49196088314056396,0.4989945888519287,-0.049952611327171326,0.4846409261226654,0.443706214427948,-0.06121733784675598,0.5577502250671387,0.6647073030471802,-0.026052061468362808,0.5450229048728943,0.5663956999778748,-0.04634200781583786,0.5332472920417786,0.5050835609436035,-0.05948517844080925,0.5234180092811584,0.45398029685020447,-0.0665464922785759,0.5999451875686646,0.6868053078651428,-0.04279058426618576,0.6049707531929016,0.60691237449646,-0.054080311208963394,0.6074052453041077,0.5551711320877075,-0.05642389878630638,0.6088541150093079,0.507919192314148,-0.05717034637928009
0.5654155611991882,0.8903717994689941,1.6374501399241126e-07,0.5026578903198242,0.8558542728424072,-0.022221293300390244,0.44537514448165894,0.8090866804122925,-0.041292767971754074,0.4171466827392578,0.7593958377838135,-0.06263403594493866,0.45292142033576965,0.7339556813240051,-0.08071572333574295,0.4853593409061432,0.6833691596984863,-0.0035944313276559114,0.46049901843070984,0.6159689426422119,-0.042671795934438705,0.45807957649230957,0.6538195013999939,-0.07403317093849182,0.46643656492233276,0.699202835559845,-0.08901085704565048,0.518471896648407,0.6630122065544128,-0.00989378523081541,0.5017073154449463,0.5622486472129822,-0.029329733923077583,0.4916782081127167,0.49959060549736023,-0.04534333199262619,0.485567182302475,0.44489043951034546,-0.056077990680933,0.5575801134109497,0.6653330326080322,-0.024099476635456085,0.5447023510932922,0.567549467086792,-0.04339458420872688,0.5331335067749023,0.5068194270133972,-0.05577836185693741,0.5239155888557434,0.4566173553466797,-0.06232374534010887,0.5997352600097656,0.6876245737075806,-0.04138343036174774,0.6048161387443542,0.6081535816192627,-0.05175269767642021,0.6074772477149963,0.556779146194458,-0.05337141081690788,0.6093607544898987,0.5097581148147583,-0.05363002419471741
0.5627317428588867,0.8865050673484802,2.0499459196798853e-07,0.49952295422554016,0.8511995077133179,-0.022842273116111755,0.44261595606803894,0.8059391379356384,-0.042908165603876114,0.4167228639125824,0.7549499273300171,-0.0651198998093605,0.45673686265945435,0.7292581796646118,-0.08409939706325531,0.4827403426170349,0.6829323172569275,-0.005487873684614897,0.459166020154953,0.6156272292137146,-0.044637661427259445,0.4563670754432678,0.6492099761962891,-0.07533395290374756,0.4640410542488098,0.6916465759277344,-0.08992413431406021,0.5156012177467346,0.6616179347038269,-0.011751350946724415,0.49941059947013855,0.5586748123168945,-0.03192311152815819,0.48861926794052124,0.4949997663497925,-0.0480639822781086,0.4812709391117096,0.4389617145061493,-0.0588897280395031,0.5548087358474731,0.6631833910942078,-0.025752905756235123,0.5425643920898438,0.5635265707969666,-0.04557820037007332,0.5318174362182617,0.5035641193389893,-0.05817509442567825,0.5232406854629517,0.45482271909713745,-0.06484036147594452,0.5972104668617249,0.6845405101776123,-0.042862989008426666,0.6034954786300659,0.6042847037315369,-0.053877897560596466,0.6070303916931152,0.5519242882728577,-0.056210558861494064,0.6097674369812012,0.5044817328453064,-0.05697239562869072
0.5635167360305786,0.8856826424598694,1.9019178409962478e-07,0.5005888938903809,0.8513765335083008,-0.022514555603265762,0.4426911771297455,0.8046783804893494,-0.041754428297281265,0.4165429174900055,0.7538689970970154,-0.06313418596982956,0.45597177743911743,0.7294110059738159,-0.08136671036481857,0.48279064893722534,0.680727481842041,-0.004746716935187578,0.4586014151573181,0.614363431930542,-0.04293334111571312,0.45614883303642273,0.6484411358833313,-0.07327956706285477,0.46419695019721985,0.6905391812324524,-0.08785666525363922,0.5159314870834351,0.660030722618103,-0.011030558496713638,0.49941885471343994,0.5592383742332458,-0.03060438111424446,0.48895901441574097,0.49611014127731323,-0.04666319862008095,0.4821770191192627,0.44040152430534363,-0.057439178228378296,0.5552685856819153,0.6620018482208252,-0.025005556643009186,0.5423446893692017,0.5638604164123535,-0.04454057291150093,0.5308477282524109,0.5036532878875732,-0.057309605181217194,0.52166748046875,0.4538244605064392,-0.06409913301467896,0.597586989402771,0.6838582754135132,-0.04204235225915909,0.6030820608139038,0.6043019890785217,-0.052935197949409485,0.6065033078193665,0.5525965094566345,-0.05514108017086983,0.6091846227645874,0.5055024027824402,-0.055835213512182236
0.5639702677726746,0.8855394124984741,1.9505938553265878e-07,0.5008724331855774,0.8517053723335266,-0.02292894385755062,0.4427613317966461,0.8051652908325195,-0.04232810065150261,0.4163564443588257,0.7541226744651794,-0.06373070925474167,0.4559442400932312,0.7298687696456909,-0.08192633092403412,0.4825311601161957,0.680793046951294,-0.005188371520489454,0.4580223560333252,0.6145133376121521,-0.043546587228775024,0.455790638923645,0.6484522819519043,-0.07386653870344162,0.46399959921836853,0.6903435587882996,-0.08836647868156433,0.5158326625823975,0.6596688032150269,-0.011252647265791893,0.49932193756103516,0.5588204860687256,-0.03092484176158905,0.4890369474887848,0.49553751945495605,-0.0469452366232872,0.4823742210865021,0.4395723342895508,-0.05765555426478386,0.5552690625190735,0.6615369319915771,-0.025041017681360245,0.5427306294441223,0.5636405348777771,-0.04469989240169525,0.531592607498169,0.5032786130905151,-0.05759894475340843,0.5226377844810486,0.4533373713493347,-0.06445010006427765,0.5976138710975647,0.6834906935691833,-0.041906632483005524,0.6032957434654236,0.6043457984924316,-0.05291588976979256,0.6065419316291809,0.5528304576873779,-0.05527842044830322,0.608936607837677,0.5059593915939331,-0.05605679005384445
0.5620090961456299,0.8842189311981201,1.770569895143126e-07,0.49871590733528137,0.8484250903129578,-0.021982021629810333,0.4424997568130493,0.803875744342804,-0.04216616228222847,0.41432899236679077,0.7551643252372742,-0.06469367444515228,0.45008498430252075,0.7294108271598816,-0.08394021540880203,0.4827941954135895,0.67971271276474,-0.005926498211920261,0.4578239619731903,0.6104132533073425,-0.045356385409832,0.4543069899082184,0.6477538347244263,-0.07611767202615738,0.46167051792144775,0.6921806335449219,-0.09071991592645645,0.5158353447914124,0.6591065526008606,-0.012638607062399387,0.49890992045402527,0.5569292306900024,-0.03336936980485916,0.48795872926712036,0.49477094411849976,-0.04976610839366913,0.4802940785884857,0.43942469358444214,-0.060753386467695236,0.5548419952392578,0.6607930660247803,-0.026947809383273125,0.5429569482803345,0.5615386366844177,-0.04684070870280266,0.5316511392593384,0.5023825168609619,-0.05890367925167084,0.5220131874084473,0.4533916115760803,-0.06516703218221664,0.5966950058937073,0.681058406829834,-0.04425765201449394,0.6026538610458374,0.5996514558792114,-0.055229440331459045,0.6052317023277283,0.5468381643295288,-0.05717749893665314,0.6064539551734924,0.49865642189979553,-0.05754093453288078
0.5616447925567627,0.8848963975906372,1.6078998044122272e-07,0.49858248233795166,0.849310576915741,-0.022099589928984642,0.442315936088562,0.8033921718597412,-0.042005132883787155,0.41551703214645386,0.7546747326850891,-0.06432615220546722,0.451612263917923,0.7294199466705322,-0.08329430967569351,0.48259395360946655,0.6788329482078552,-0.005474938079714775,0.4575859606266022,0.6090825200080872,-0.04448240250349045,0.45473453402519226,0.6480836272239685,-0.07508004456758499,0.4628480076789856,0.6934027671813965,-0.08958704024553299,0.5156574249267578,0.6585943102836609,-0.012016494758427143,0.4986523687839508,0.5574785470962524,-0.03221641108393669,0.48776775598526,0.49605244398117065,-0.04851726070046425,0.48030561208724976,0.44126462936401367,-0.059451643377542496,0.5548333525657654,0.660529375076294,-0.026218842715024948,0.5428808331489563,0.5613945722579956,-0.04597371816635132,0.5313418507575989,0.5026865005493164,-0.05826331302523613,0.5212321281433105,0.4540799856185913,-0.06460800021886826,0.5969720482826233,0.6810663938522339,-0.04341745376586914,0.6029434204101562,0.5993053913116455,-0.05424124747514725,0.6054385304450989,0.5467922687530518,-0.056207068264484406,0.6063770651817322,0.49911218881607056,-0.0565604530274868
0.561840295791626,0.8846659064292908,1.6196234753351746e-07,0.4986356198787689,0.8492463827133179,-0.022012455388903618,0.4421783685684204,0.8031439185142517,-0.04190487414598465,0.41498085856437683,0.7540368437767029,-0.06417214125394821,0.45076197385787964,0.7295129895210266,-0.08308395743370056,0.4823237657546997,0.6785775423049927,-0.005163190420717001,0.45737236738204956,0.6099066734313965,-0.044380445033311844,0.4540793299674988,0.6489282250404358,-0.07523689419031143,0.46165066957473755,0.6945775747299194,-0.08988889306783676,0.515399694442749,0.6580430865287781,-0.011786040849983692,0.49866706132888794,0.5572353601455688,-0.03220851719379425,0.4877840280532837,0.4956604540348053,-0.0487484373152256,0.48018738627433777,0.44043952226638794,-0.05984429270029068,0.5546264052391052,0.6599903702735901,-0.02606610395014286,0.5429312586784363,0.5612655282020569,-0.0458320789039135,0.5316043496131897,0.5023828744888306,-0.0580945648252964,0.521827220916748,0.45336973667144775,-0.06444840133190155,0.5968270301818848,0.6807255148887634,-0.04335317015647888,0.6029471158981323,0.598984956741333,-0.054013025015592575,0.605768084526062,0.5462722778320312,-0.05580214783549309,0.6071006655693054,0.4981636106967926,-0.056069180369377136
0.5596746206283569,0.8834810256958008,1.6087815879473055e-07,0.49580928683280945,0.8456414341926575,-0.020371366292238235,0.44021692872047424,0.8003801703453064,-0.03971231356263161,0.4136420488357544,0.7519745826721191,-0.061852820217609406,0.44906485080718994,0.7284514307975769,-0.08073398470878601,0.48206615447998047,0.677371621131897,-0.003995863720774651,0.4566187858581543,0.6060479283332825,-0.043041933327913284,0.45295363664627075,0.6454880237579346,-0.07359259575605392,0.4605564475059509,0.6923401355743408,-0.08803420513868332,0.5144141912460327,0.6584001779556274,-0.01117581408470869,0.4968588352203369,0.5561575889587402,-0.03131260722875595,0.48557835817337036,0.49475306272506714,-0.047326039522886276,0.4777880311012268,0.4402432441711426,-0.05811972916126251,0.5529670119285583,0.6608070731163025,-0.02587348222732544,0.5391310453414917,0.5614514350891113,-0.04487062618136406,0.527330219745636,0.5032827854156494,-0.05624767020344734,0.5179598927497864,0.45477738976478577,-0.06216201186180115,0.5948159098625183,0.6815177202224731,-0.04354199022054672,0.5998741388320923,0.6006239056587219,-0.05327655002474785,0.6027819514274597,0.54896080493927,-0.05432087928056717,0.6052290797233582,0.5013850927352905,-0.05419115722179413
0.5604588389396667,0.8834031820297241,1.622570380277466e-07,0.49675095081329346,0.8471016883850098,-0.022186733782291412,0.43995553255081177,0.8016049265861511,-0.04218348488211632,0.4123421013355255,0.7525766491889954,-0.06460236757993698,0.4487569332122803,0.7276990413665771,-0.08353299647569656,0.4800274968147278,0.6769609451293945,-0.005255380645394325,0.454286128282547,0.6061151027679443,-0.04445745423436165,0.4520345628261566,0.6464242935180664,-0.07513504475355148,0.4609493315219879,0.6933363676071167,-0.08974483609199524,0.5132892727851868,0.6572652459144592,-0.011655183508992195,0.49548983573913574,0.5561659336090088,-0.03213712200522423,0.48474588990211487,0.4949305057525635,-0.04863293096423149,0.4776061475276947,0.4402044713497162,-0.05978965386748314,0.552864670753479,0.6597055196762085,-0.025750335305929184,0.5391066670417786,0.5610973238945007,-0.04555079713463783,0.5272640585899353,0.5029304027557373,-0.05783567577600479,0.5176292061805725,0.45423540472984314,-0.06430269777774811,0.5956587791442871,0.6808697581291199,-0.04286957532167435,0.6005812287330627,0.6005861163139343,-0.05348970368504524,0.60308438539505,0.5490484237670898,-0.05537302792072296,0.6048589944839478,0.5016845464706421,-0.05581892281770706
0.5597601532936096,0.8828626871109009,1.6720528606128937e-07,0.4965239465236664,0.846598744392395,-0.02229580283164978,0.44027426838874817,0.8015115857124329,-0.042372509837150574,0.41206496953964233,0.7534412741661072,-0.06496535241603851,0.4483906328678131,0.7282118797302246,-0.08418556302785873,0.48083624243736267,0.6767159700393677,-0.004914846736937761,0.4554595351219177,0.6064751744270325,-0.04442543536424637,0.452534556388855,0.6468660831451416,-0.07558190822601318,0.460968941450119,0.6940968632698059,-0.09040234982967377,0.5139976143836975,0.6571410298347473,-0.011232765391469002,0.49695366621017456,0.5556623935699463,-0.031529441475868225,0.48559460043907166,0.4939982295036316,-0.047889795154333115,0.477845698595047,0.4398747980594635,-0.05890291556715965,0.553405225276947,0.6594820022583008,-0.025342073291540146,0.5404655337333679,0.5612807273864746,-0.04480360075831413,0.5283254981040955,0.5028078556060791,-0.056642528623342514,0.5183221697807312,0.4543048143386841,-0.06274101883172989,0.5956164598464966,0.680601954460144,-0.04255548119544983,0.6007018089294434,0.6001440286636353,-0.05280689150094986,0.6029560565948486,0.5486645698547363,-0.054186634719371796,0.6044321060180664,0.5017421245574951,-0.054198697209358215
0.5604233741760254,0.8806252479553223,1.6920854761792725e-07,0.4952693283557892,0.8468912839889526,-0.02078651450574398,0.43610289692878723,0.8004013299942017,-0.039252232760190964,0.4088720381259918,0.7494933605194092,-0.060164980590343475,0.44710755348205566,0.727081298828125,-0.07755376398563385,0.476309597492218,0.6779853701591492,-0.003562272060662508,0.45155468583106995,0.6043134927749634,-0.040991201996803284,0.4503690302371979,0.6400725245475769,-0.06992034614086151,0.45907357335090637,0.684490978717804,-0.08344985544681549,0.509899914264679,0.6565137505531311,-0.00992035586386919,0.49204355478286743,0.5544391870498657,-0.02868708409368992,0.4819139540195465,0.4937171936035156,-0.043632637709379196,0.47481590509414673,0.4394839107990265,-0.05377216637134552,0.5495029091835022,0.6572512984275818,-0.023802483454346657,0.5346429347991943,0.5583988428115845,-0.04218420386314392,0.5236606597900391,0.5003378987312317,-0.05380517989397049,0.5146243572235107,0.45182937383651733,-0.05999042093753815,0.5929535031318665,0.6761839985847473,-0.040626250207424164,0.5978679656982422,0.5966165065765381,-0.05041034147143364,0.6006307601928711,0.5456781983375549,-0.05226410925388336,0.6028218269348145,0.49891379475593567,-0.052809812128543854
0.5585305094718933,0.8812268972396851,1.7747716185567697e-07,0.49537110328674316,0.8477905988693237,-0.021992232650518417,0.43783482909202576,0.8016700744628906,-0.041148532181978226,0.4092916250228882,0.7523148655891418,-0.06283345818519592,0.4466460347175598,0.7276169657707214,-0.08119881898164749,0.47670865058898926,0.6763794422149658,-0.0036472138017416,0.4513007700443268,0.6067409515380859,-0.0425884984433651,0.4493436813354492,0.6440984010696411,-0.07346035540103912,0.4585775136947632,0.6895308494567871,-0.08811505883932114,0.5102516412734985,0.6556128263473511,-0.010000897571444511,0.492374062538147,0.5547535419464111,-0.029484514147043228,0.4814431965351105,0.4925019145011902,-0.045404884964227676,0.4742981493473053,0.4378577470779419,-0.056148577481508255,0.5499843955039978,0.65688556432724,-0.024188319221138954,0.5368905067443848,0.5597940683364868,-0.04294601082801819,0.5255782604217529,0.5012315511703491,-0.05463860556483269,0.5160395503044128,0.45245376229286194,-0.06079665943980217,0.5927558541297913,0.676861047744751,-0.041526976972818375,0.5976502895355225,0.5978249311447144,-0.05138988792896271,0.6001585125923157,0.5474578142166138,-0.05259153991937637,0.6018447875976562,0.5017328858375549,-0.05257262662053108
0.5596141815185547,0.8802282810211182,1.7511646888124233e-07,0.49563294649124146,0.8473203778266907,-0.022188372910022736,0.4373130798339844,0.801689863204956,-0.04122636467218399,0.4092823565006256,0.7520012259483337,-0.06270535290241241,0.446499764919281,0.7268790602684021,-0.0807594433426857,0.4763234257698059,0.677073061466217,-0.003525604261085391,0.4510646164417267,0.6069338917732239,-0.042184557765722275,0.4496972858905792,0.6448385119438171,-0.07274884730577469,0.4593232274055481,0.6904628276824951,-0.08719576895236969,0.510127604007721,0.6557862162590027,-0.009714096784591675,0.49247753620147705,0.5544850826263428,-0.029036127030849457,0.4816530644893646,0.49266713857650757,-0.0449577271938324,0.4746641516685486,0.43818044662475586,-0.05570780485868454,0.5500880479812622,0.6567630171775818,-0.023784872144460678,0.537108838558197,0.559885561466217,-0.04288209229707718,0.5259786248207092,0.501385509967804,-0.05511507764458656,0.5167022347450256,0.4528276324272156,-0.061537984758615494,0.5932232737541199,0.6763114929199219,-0.04095055162906647,0.5983694195747375,0.5972160696983337,-0.05106625333428383,0.600966215133667,0.5471211075782776,-0.0526154525578022,0.602735161781311,0.501742422580719,-0.05283203348517418
0.5588845014572144,0.8793898224830627,1.6535373958959099e-07,0.4937553405761719,0.8463504314422607,-0.021332792937755585,0.43474850058555603,0.799567699432373,-0.03936805948615074,0.4059131145477295,0.7471746802330017,-0.05966607481241226,0.44299089908599854,0.7240096926689148,-0.07615704834461212,0.47451111674308777,0.6763854622840881,-0.0037653069011867046,0.44853371381759644,0.6030628681182861,-0.040615566074848175,0.4472871422767639,0.6432721018791199,-0.06913280487060547,0.456402987241745,0.6900042295455933,-0.08239962160587311,0.5089446306228638,0.6548957228660583,-0.009755597449839115,0.49038976430892944,0.553292989730835,-0.028517281636595726,0.48014548420906067,0.4922877550125122,-0.04331829398870468,0.47303202748298645,0.43753281235694885,-0.05337423458695412,0.5491011142730713,0.6559218168258667,-0.023249885067343712,0.536275327205658,0.5594460964202881,-0.04125657677650452,0.5261057019233704,0.5030288100242615,-0.05181479454040527,0.5168892741203308,0.455402135848999,-0.05718328431248665,0.5927162170410156,0.6747816801071167,-0.039765387773513794,0.5971062779426575,0.5949633121490479,-0.04887573793530464,0.5992962718009949,0.5444588661193848,-0.049468547105789185,0.6002922058105469,0.49852854013442993,-0.049029722809791565
0.5586978197097778,0.8796947598457336,1.598095309418568e-07,0.49373573064804077,0.8454363346099854,-0.020660117268562317,0.43510526418685913,0.7987534999847412,-0.0384025052189827,0.4067634046077728,0.7483377456665039,-0.05869114398956299,0.44274812936782837,0.7267162203788757,-0.07546398043632507,0.4751546382904053,0.6754084825515747,-0.002596583217382431,0.449465274810791,0.603712260723114,-0.03928503766655922,0.44757527112960815,0.6447231769561768,-0.06822694092988968,0.4560178518295288,0.6915290355682373,-0.08195287734270096,0.5091973543167114,0.6545684933662415,-0.009146668016910553,0.49045678973197937,0.5534549951553345,-0.02744658850133419,0.4796656668186188,0.49204906821250916,-0.04265359044075012,0.47235119342803955,0.43718037009239197,-0.05317127704620361,0.549246072769165,0.6560046076774597,-0.023216083645820618,0.5362675786018372,0.5598425269126892,-0.0409763865172863,0.5253968834877014,0.5026220679283142,-0.05226689949631691,0.5156780481338501,0.4546535611152649,-0.05832528695464134,0.5927879214286804,0.6756190657615662,-0.040262091904878616,0.5969710946083069,0.5965083837509155,-0.049210771918296814,0.5987427830696106,0.546417772769928,-0.049934372305870056,0.5993859171867371,0.5010221600532532,-0.049750059843063354
0.5584781169891357,0.8798911571502686,1.5944030451464641e-07,0.4934399425983429,0.8457415699958801,-0.020895138382911682,0.43477973341941833,0.7989797592163086,-0.03878406062722206,0.4065638482570648,0.7481746077537537,-0.05915960296988487,0.4427751302719116,0.7265915274620056,-0.07594121992588043,0.47496941685676575,0.6755909323692322,-0.0027279481291770935,0.4494940936565399,0.6038324236869812,-0.039302609860897064,0.44771498441696167,0.6450741291046143,-0.06810916215181351,0.4562649428844452,0.6919007301330566,-0.08176359534263611,0.5091041326522827,0.6544060111045837,-0.00912357959896326,0.49064531922340393,0.5535262227058411,-0.027368169277906418,0.4800153374671936,0.492343008518219,-0.04246716946363449,0.4727250933647156,0.43741193413734436,-0.052933212369680405,0.5492100119590759,0.6555956602096558,-0.023047013208270073,0.53631991147995,0.5595176219940186,-0.04077978804707527,0.5255042314529419,0.5026425719261169,-0.051954180002212524,0.5157686471939087,0.45490700006484985,-0.05793816223740578,0.5928066968917847,0.6749802231788635,-0.039967697113752365,0.5970824360847473,0.5957576632499695,-0.04891886189579964,0.5989276170730591,0.5455912947654724,-0.04964173585176468,0.5996388792991638,0.5001226663589478,-0.04944391921162605
0.5561371445655823,0.8757779598236084,1.7932626406036434e-07,0.4911800026893616,0.8408221006393433,-0.022174572572112083,0.43315207958221436,0.7956976890563965,-0.04124839976429939,0.4048987329006195,0.7438735961914062,-0.06258192658424377,0.4433249533176422,0.7191502451896667,-0.0799260139465332,0.4735894203186035,0.6740632653236389,-0.003905525431036949,0.44794222712516785,0.6007176637649536,-0.04177550971508026,0.44632193446159363,0.6403202414512634,-0.07112568616867065,0.4547922611236572,0.6865227818489075,-0.08492033928632736,0.5070487260818481,0.6529166102409363,-0.009571213275194168,0.4885852634906769,0.5514681339263916,-0.029652854427695274,0.478134423494339,0.490481972694397,-0.04539858177304268,0.47016727924346924,0.43478211760520935,-0.05604841932654381,0.5462679266929626,0.6535113453865051,-0.02287447825074196,0.5330942869186401,0.5560582876205444,-0.041551318019628525,0.5227756500244141,0.4992218613624573,-0.05225633084774017,0.5133523344993591,0.45112723112106323,-0.05763775110244751,0.5891121625900269,0.6715888381004333,-0.039330482482910156,0.5938701033592224,0.5923156142234802,-0.04841150343418121,0.5963292121887207,0.5414925217628479,-0.04914674535393715,0.5975953340530396,0.4955766201019287,-0.04884929955005646
0.5560157895088196,0.8720760345458984,1.8714105465278408e-07,0.4919409453868866,0.8363323211669922,-0.02133185602724552,0.4362531006336212,0.7920346260070801,-0.04059545323252678,0.4092565178871155,0.7422506213188171,-0.06253207474946976,0.44490671157836914,0.715150773525238,-0.08090070635080338,0.4754554331302643,0.6696118116378784,-0.0035070981830358505,0.44883984327316284,0.5978977084159851,-0.04200385883450508,0.44718366861343384,0.6345423460006714,-0.07206475734710693,0.456750750541687,0.6785459518432617,-0.08623145520687103,0.5084768533706665,0.6485815644264221,-0.00984536949545145,0.4898309111595154,0.5468772053718567,-0.030247939750552177,0.4788613021373749,0.48566752672195435,-0.045975908637046814,0.47171252965927124,0.4317697286605835,-0.05640244111418724,0.5481715202331543,0.6489969491958618,-0.02383676916360855,0.5350391268730164,0.5520614385604858,-0.04272074997425079,0.5237248539924622,0.49457699060440063,-0.05312233045697212,0.5142473578453064,0.4473016560077667,-0.058158162981271744,0.5915118455886841,0.6669400334358215,-0.04096519574522972,0.5961600542068481,0.5865519642829895,-0.04997797682881355,0.5978690385818481,0.535964846611023,-0.05022888630628586,0.5985150337219238,0.49123597145080566,-0.04947486147284508
0.5565564632415771,0.8730824589729309,1.5505465000842378e-07,0.4931088089942932,0.8362041115760803,-0.020520783960819244,0.4364171624183655,0.7912956476211548,-0.03867413476109505,0.4084925353527069,0.7411220073699951,-0.059696901589632034,0.4438386857509613,0.7157648205757141,-0.07697297632694244,0.47504371404647827,0.6690621972084045,-0.0012782647972926497,0.44790104031562805,0.5963590741157532,-0.038420796394348145,0.44624510407447815,0.6355667114257812,-0.06746450811624527,0.45528656244277954,0.6805163621902466,-0.08111206442117691,0.5075863003730774,0.6485143303871155,-0.007819358259439468,0.48736822605133057,0.5487265586853027,-0.026973236352205276,0.47707071900367737,0.48884278535842896,-0.042155906558036804,0.4706548750400543,0.4342725872993469,-0.05243424326181412,0.5470134615898132,0.6489481925964355,-0.022099122405052185,0.5324361324310303,0.5520148873329163,-0.040912382304668427,0.5213195085525513,0.4959699511528015,-0.051892731338739395,0.5120273232460022,0.4495171308517456,-0.05734555050730705,0.5912154316902161,0.6665235757827759,-0.03941133990883827,0.5968196392059326,0.5862983465194702,-0.04894152283668518,0.6002905964851379,0.5354941487312317,-0.050053540617227554,0.6023628115653992,0.489926815032959,-0.04995906725525856
0.5618839859962463,0.8634786605834961,1.813142773698928e-07,0.4967767596244812,0.8294620513916016,-0.020069969817996025,0.4405826926231384,0.78428715467453,-0.038368478417396545,0.41506853699684143,0.7330738306045532,-0.05940640717744827,0.4517029821872711,0.7042168378829956,-0.07749560475349426,0.4838508367538452,0.6638679504394531,-0.0031074867583811283,0.4564553499221802,0.5921365022659302,-0.04082580655813217,0.4537154734134674,0.622835099697113,-0.07047631591558456,0.46282297372817993,0.6631419658660889,-0.0847998857498169,0.5160034894943237,0.6418843865394592,-0.010113341733813286,0.4970627427101135,0.5377500057220459,-0.030548742040991783,0.48392340540885925,0.4758698344230652,-0.04733112454414368,0.47483429312705994,0.422420859336853,-0.05852596089243889,0.5550596117973328,0.6415875554084778,-0.024344846606254578,0.5399924516677856,0.5436081290245056,-0.043749380856752396,0.5283501744270325,0.4848073124885559,-0.055832747370004654,0.5189560055732727,0.4367702901363373,-0.0622030533850193,0.5980660319328308,0.6594820022583008,-0.04145519807934761,0.6030661463737488,0.5793024301528931,-0.05144920572638512,0.6045037508010864,0.5287240743637085,-0.05289379134774208,0.6046932339668274,0.4833133816719055,-0.053205590695142746
0.5619280934333801,0.8669095039367676,1.4627690347879252e-07,0.4978410303592682,0.828911542892456,-0.018743518739938736,0.44158780574798584,0.7824023962020874,-0.03606946021318436,0.41482773423194885,0.7321547865867615,-0.056497007608413696,0.44932979345321655,0.7084840536117554,-0.07383502274751663,0.48229292035102844,0.659747838973999,0.0004769995284732431,0.4564107656478882,0.5885282754898071,-0.03722144290804863,0.4529515504837036,0.6215726137161255,-0.06705905497074127,0.4605181813240051,0.6643162965774536,-0.08112972974777222,0.5144691467285156,0.6400981545448303,-0.007145917043089867,0.49503645300865173,0.5388185381889343,-0.02651112899184227,0.48239976167678833,0.47762632369995117,-0.04254446178674698,0.47399038076400757,0.4236697554588318,-0.053225211799144745,0.553561270236969,0.6412243843078613,-0.022316474467515945,0.5377584099769592,0.5423830151557922,-0.04131537303328514,0.5258491039276123,0.4844803512096405,-0.05309278145432472,0.5166111588478088,0.43747878074645996,-0.05908569321036339,0.5971559286117554,0.6606903076171875,-0.0403437502682209,0.601331889629364,0.580167829990387,-0.04995041713118553,0.6039413809776306,0.5292327404022217,-0.051182035356760025,0.6061370372772217,0.4832586646080017,-0.05118883028626442
0.5626562833786011,0.8670726418495178,1.5500731365136744e-07,0.4977477490901947,0.8295351266860962,-0.019095629453659058,0.4415557086467743,0.7833492755889893,-0.036714911460876465,0.41454195976257324,0.7328093647956848,-0.05745144933462143,0.4493233561515808,0.7086851000785828,-0.07501230388879776,0.4819508492946625,0.6596749424934387,0.00039495143573731184,0.45549070835113525,0.5881587266921997,-0.0377044714987278,0.4518718719482422,0.6219944357872009,-0.0679013580083847,0.45988667011260986,0.6658949255943298,-0.0820697695016861,0.5143221020698547,0.6402934789657593,-0.00705700134858489,0.4953100085258484,0.5384422540664673,-0.026535654440522194,0.4829574525356293,0.4767620861530304,-0.042458128184080124,0.47475674748420715,0.4227856695652008,-0.053004052489995956,0.553620457649231,0.6416411995887756,-0.022169895470142365,0.5383906364440918,0.5428721308708191,-0.04104906693100929,0.5264062881469727,0.48492273688316345,-0.05240855738520622,0.5169599056243896,0.4379275143146515,-0.05807352438569069,0.5973625779151917,0.661090612411499,-0.04023342207074165,0.6019707918167114,0.5802271962165833,-0.04964682459831238,0.6044855117797852,0.5289270281791687,-0.050519347190856934,0.606407880783081,0.48244649171829224,-0.05021375045180321
0.5663623213768005,0.867918848991394,1.849624311489606e-07,0.5020506978034973,0.833345353603363,-0.024198677390813828,0.4445383548736572,0.7847312688827515,-0.04455866664648056,0.4142669439315796,0.7321359515190125,-0.06706897914409637,0.4529670476913452,0.706999659538269,-0.08600444346666336,0.48635178804397583,0.6577791571617126,-0.006044500041753054,0.45956289768218994,0.5859232544898987,-0.045824214816093445,0.45724326372146606,0.6229879856109619,-0.0768812820315361,0.4668876528739929,0.6683745384216309,-0.09202162176370621,0.5202452540397644,0.6356731653213501,-0.011851709336042404,0.5033354163169861,0.5326575636863708,-0.033844444900751114,0.4914016127586365,0.46844759583473206,-0.05140350013971329,0.48262783885002136,0.41187989711761475,-0.06328592449426651,0.5598940253257751,0.6379094123840332,-0.025466835126280785,0.5480961799621582,0.5371968746185303,-0.046100061386823654,0.5381083488464355,0.47660279273986816,-0.05826614424586296,0.5291460156440735,0.4257938265800476,-0.06467566639184952,0.6020684242248535,0.6603279709815979,-0.042344700545072556,0.6078125238418579,0.578870415687561,-0.05345918610692024,0.6102713346481323,0.5278674960136414,-0.05517619848251343,0.611451268196106,0.4819703996181488,-0.055515315383672714
0.5665318965911865,0.8699699640274048,1.6827104332151066e-07,0.5018324851989746,0.8332028985023499,-0.024929428473114967,0.4436379671096802,0.7835550308227539,-0.045539941638708115,0.4136555790901184,0.7302283048629761,-0.06835364550352097,0.4529927968978882,0.7071627378463745,-0.08746679127216339,0.48500022292137146,0.6560758948326111,-0.003966816700994968,0.45947304368019104,0.5853575468063354,-0.04459381476044655,0.45751604437828064,0.6250225901603699,-0.07718615233898163,0.46755480766296387,0.6716272234916687,-0.09323475509881973,0.5189889073371887,0.6353460550308228,-0.009511640295386314,0.5017911195755005,0.5352104306221008,-0.031211934983730316,0.49104270339012146,0.47173207998275757,-0.04918498545885086,0.4841308891773224,0.41439568996429443,-0.06157037988305092,0.5587960481643677,0.6384664177894592,-0.0233334768563509,0.5479995608329773,0.5379260778427124,-0.044132646173238754,0.5382354855537415,0.47777944803237915,-0.05675305798649788,0.5297123789787292,0.42685431241989136,-0.06341879069805145,0.6015807390213013,0.6615806221961975,-0.04055926948785782,0.6077643632888794,0.5797616839408875,-0.051591817289590836,0.6107083559036255,0.5277567505836487,-0.05346840247511864,0.612206220626831,0.4804952144622803,-0.053988728672266006
0.5656383037567139,0.8698398470878601,1.772506976749355e-07,0.5011014342308044,0.8333319425582886,-0.024899616837501526,0.44426965713500977,0.7836560606956482,-0.04576169699430466,0.41396525502204895,0.7308423519134521,-0.06884298473596573,0.45270055532455444,0.7063303589820862,-0.08813153207302094,0.48523828387260437,0.6561829447746277,-0.004120766185224056,0.45990505814552307,0.5859416127204895,-0.045097336173057556,0.457491010427475,0.6245675683021545,-0.07769517600536346,0.4670542776584625,0.6710175275802612,-0.0936221331357956,0.5191183090209961,0.635316014289856,-0.009779143147170544,0.5020949840545654,0.534348726272583,-0.031879447400569916,0.4905896782875061,0.47033441066741943,-0.04989776760339737,0.48289909958839417,0.41306763887405396,-0.06217823177576065,0.5589489936828613,0.6383637189865112,-0.02370070107281208,0.5488168597221375,0.5370507836341858,-0.044506363570690155,0.5392037034034729,0.4766042232513428,-0.056485097855329514,0.5306077003479004,0.42552733421325684,-0.0626550167798996,0.6016464233398438,0.6612855792045593,-0.041068971157073975,0.6081893444061279,0.5795696377754211,-0.0521659180521965,0.6111142635345459,0.5272868275642395,-0.05381065979599953,0.6124064922332764,0.47957170009613037,-0.05404519662261009
0.5652571320533752,0.8727696537971497,1.5856271318170911e-07,0.5001192092895508,0.8365288972854614,-0.021338364109396935,0.4417337477207184,0.7878268361091614,-0.04051574692130089,0.412695974111557,0.7356671094894409,-0.062306832522153854,0.4488704800605774,0.7136571407318115,-0.08072816580533981,0.48438745737075806,0.6597409248352051,-0.003356616711243987,0.45803558826446533,0.5860627293586731,-0.043053966015577316,0.4542078375816345,0.6226478815078735,-0.07438836246728897,0.4624793827533722,0.6686181426048279,-0.08935108035802841,0.5188949704170227,0.6385177373886108,-0.010228089056909084,0.5015166997909546,0.5351392030715942,-0.031101638451218605,0.49036434292793274,0.471343457698822,-0.04800781235098839,0.4827343821525574,0.41463813185691833,-0.05949435383081436,0.5592089295387268,0.6406062245368958,-0.02483558841049671,0.5483686923980713,0.5394746661186218,-0.044059254229068756,0.5388031005859375,0.47897869348526,-0.05560264363884926,0.5305190086364746,0.4283944368362427,-0.06170226261019707,0.6022354364395142,0.6621851921081543,-0.042548924684524536,0.6078609228134155,0.5800842046737671,-0.05208346247673035,0.6104536056518555,0.5283927321434021,-0.052814602851867676,0.6120030283927917,0.4813363254070282,-0.052563175559043884
0.5628147721290588,0.8770188093185425,1.66142825719362e-07,0.49729809165000916,0.8423551321029663,-0.022072944790124893,0.43707194924354553,0.7931275963783264,-0.041895586997270584,0.40840932726860046,0.7394992113113403,-0.06418155133724213,0.4468385577201843,0.718771755695343,-0.08262646943330765,0.47788459062576294,0.6620259881019592,-0.0051478915847837925,0.45061689615249634,0.587665855884552,-0.04548218473792076,0.45055675506591797,0.6291891932487488,-0.07669274508953094,0.46172672510147095,0.6762574911117554,-0.09142549335956573,0.5142602324485779,0.6386539936065674,-0.01201933529227972,0.4960394501686096,0.534282922744751,-0.03354071453213692,0.4855595827102661,0.4701760411262512,-0.050095800310373306,0.47788283228874207,0.4116152226924896,-0.06117270886898041,0.5560062527656555,0.6401346921920776,-0.026717228814959526,0.5441007018089294,0.5372496247291565,-0.04696314036846161,0.5353902578353882,0.47657346725463867,-0.058634866029024124,0.527404248714447,0.42526447772979736,-0.06444156914949417,0.6006690859794617,0.6615004539489746,-0.04447019100189209,0.60615074634552,0.5776752233505249,-0.05476488545536995,0.6087307929992676,0.5245682597160339,-0.05593367666006088,0.6099827289581299,0.4761051833629608,-0.055741507560014725
0.5640145540237427,0.8789264559745789,1.6445882522475586e-07,0.4975931942462921,0.8432984352111816,-0.023439958691596985,0.4376603662967682,0.7931437492370605,-0.043833568692207336,0.40783029794692993,0.7398932576179504,-0.06677083671092987,0.44679298996925354,0.7179837822914124,-0.08605833351612091,0.4777824282646179,0.6620962619781494,-0.004532752558588982,0.45164766907691956,0.5880343317985535,-0.04591088369488716,0.45115771889686584,0.6301379203796387,-0.07878267765045166,0.46173128485679626,0.6783761978149414,-0.09476421028375626,0.5141668915748596,0.6392520070075989,-0.01125347800552845,0.49687427282333374,0.534787118434906,-0.033643368631601334,0.48586219549179077,0.47023147344589233,-0.052132029086351395,0.4777403175830841,0.411365807056427,-0.06470643728971481,0.5562360286712646,0.6412147283554077,-0.026068400591611862,0.5458017587661743,0.5384172201156616,-0.04719654470682144,0.5366631150245667,0.47702139616012573,-0.060357388108968735,0.5277106761932373,0.42446330189704895,-0.0672551617026329,0.6009304523468018,0.6636233329772949,-0.04406200349330902,0.6072322130203247,0.5797341465950012,-0.0547671802341938,0.6099538207054138,0.526442289352417,-0.05637577548623085,0.6108882427215576,0.47771894931793213,-0.056692853569984436
0.5621000528335571,0.8770473003387451,1.7464242318965262e-07,0.4960811734199524,0.8431313633918762,-0.024985797703266144,0.43667688965797424,0.7930105924606323,-0.04636663943529129,0.4055214822292328,0.7425668239593506,-0.06971178203821182,0.4414201080799103,0.7203461527824402,-0.08928985148668289,0.47770142555236816,0.660652756690979,-0.009252801537513733,0.4511558711528778,0.5843735933303833,-0.05093587189912796,0.44812625646591187,0.6289038062095642,-0.0828905925154686,0.45550405979156494,0.6785008311271667,-0.09796532243490219,0.5143349766731262,0.637694239616394,-0.015195758081972599,0.49785563349723816,0.5308712124824524,-0.03759288787841797,0.4863612949848175,0.46584516763687134,-0.05457718297839165,0.47665685415267944,0.40601208806037903,-0.06592489778995514,0.5560275912284851,0.6403380632400513,-0.029122883453965187,0.5470411777496338,0.5362027287483215,-0.049955204129219055,0.5390879511833191,0.47372472286224365,-0.061557479202747345,0.5307068824768066,0.4193033277988434,-0.06736833602190018,0.5993891954421997,0.6631849408149719,-0.046321552246809006,0.6056656837463379,0.5788702964782715,-0.057356465607881546,0.6091759204864502,0.5250130891799927,-0.05829663947224617,0.610912561416626,0.47525501251220703,-0.05786381661891937
0.5633909702301025,0.877186119556427,1.61603153969736e-07,0.4971047341823578,0.8447173833847046,-0.02570738084614277,0.4360639750957489,0.7929707169532776,-0.04686516523361206,0.4045428931713104,0.7406466603279114,-0.07002785801887512,0.441478967666626,0.7203056812286377,-0.08949968218803406,0.4761173725128174,0.6601071953773499,-0.007967780344188213,0.4489307999610901,0.5855756402015686,-0.04953790828585625,0.4476448893547058,0.6308347582817078,-0.08218729496002197,0.4574984610080719,0.6804762482643127,-0.0980469211935997,0.513034999370575,0.6365439295768738,-0.013701338320970535,0.49606069922447205,0.5316499471664429,-0.0356588214635849,0.4850008487701416,0.46684154868125916,-0.05328116938471794,0.4763733744621277,0.407484233379364,-0.06538330763578415,0.5552398562431335,0.6391797661781311,-0.027666417881846428,0.5454844236373901,0.5358914136886597,-0.048484187573194504,0.536446750164032,0.4738478660583496,-0.06100765988230705,0.5272960662841797,0.41974735260009766,-0.06766118854284286,0.5993038415908813,0.6626128554344177,-0.045010510832071304,0.6054787635803223,0.5788817405700684,-0.056250907480716705,0.6084201335906982,0.5254676342010498,-0.057881131768226624,0.6094689965248108,0.47592854499816895,-0.058163754642009735
0.5627425909042358,0.8759810924530029,1.7865959023311007e-07,0.4965713620185852,0.8440603613853455,-0.026229970157146454,0.435910701751709,0.7933787703514099,-0.04774554818868637,0.40415647625923157,0.7423902153968811,-0.07113060355186462,0.440806120634079,0.7214892506599426,-0.09077915549278259,0.47611239552497864,0.6600832343101501,-0.009001468308269978,0.44883596897125244,0.5847524404525757,-0.05024576932191849,0.44740012288093567,0.6304747462272644,-0.08246845006942749,0.45691561698913574,0.6806665658950806,-0.09810084104537964,0.5127978920936584,0.6362899541854858,-0.014470481313765049,0.49609166383743286,0.5305558443069458,-0.0364023856818676,0.48523378372192383,0.46511614322662354,-0.05382775142788887,0.4767945110797882,0.4049151539802551,-0.06574947386980057,0.5549534559249878,0.6388643980026245,-0.028094949200749397,0.5450807809829712,0.5359151363372803,-0.04863043129444122,0.5361506342887878,0.47334301471710205,-0.06073913723230362,0.527346670627594,0.4186805188655853,-0.06718653440475464,0.5990523099899292,0.662360668182373,-0.04517066851258278,0.605003297328949,0.5791682600975037,-0.056240059435367584,0.6077444553375244,0.525982141494751,-0.05742272734642029,0.6086921691894531,0.47676753997802734,-0.057383984327316284
0.5625402927398682,0.8785171508789062,1.6658482593356894e-07,0.49613842368125916,0.8456141948699951,-0.02372203953564167,0.4356290400028229,0.7946233749389648,-0.04368838295340538,0.404748797416687,0.7408703565597534,-0.06610196828842163,0.44286346435546875,0.7201309204101562,-0.08471783250570297,0.47686469554901123,0.659091055393219,-0.0046227602288126945,0.44818931818008423,0.5823670625686646,-0.04546406865119934,0.4465908408164978,0.627106785774231,-0.07821924984455109,0.456926554441452,0.6780990362167358,-0.09419744461774826,0.5127289295196533,0.63462895154953,-0.010783735662698746,0.4946601092815399,0.5288076996803284,-0.03180629760026932,0.4832823872566223,0.46383392810821533,-0.04943506419658661,0.47470778226852417,0.40560445189476013,-0.06177202984690666,0.5546952486038208,0.6354193091392517,-0.025112871080636978,0.5449058413505554,0.533240556716919,-0.0443483367562294,0.5360593199729919,0.4696497619152069,-0.056929294019937515,0.5277557373046875,0.4154629707336426,-0.06413856148719788,0.5990443825721741,0.6570450663566589,-0.0428217351436615,0.6082963943481445,0.5736547112464905,-0.05214662849903107,0.6147556304931641,0.5210824608802795,-0.053118996322155,0.6198292374610901,0.4736286997795105,-0.05337568745017052
0.5632891058921814,0.8790897130966187,1.7134799179530091e-07,0.4960695803165436,0.8455493450164795,-0.023999568074941635,0.4347585141658783,0.7947174310684204,-0.04388668015599251,0.4041203260421753,0.739639401435852,-0.06620316952466965,0.44303831458091736,0.7185131311416626,-0.08464232087135315,0.4758387506008148,0.6598159670829773,-0.003736932296305895,0.4478802978992462,0.5825242400169373,-0.04458105191588402,0.4463106393814087,0.6255024671554565,-0.07731465995311737,0.45669329166412354,0.6759631037712097,-0.09316626191139221,0.5119557976722717,0.635152280330658,-0.009622067213058472,0.4941156804561615,0.5291907787322998,-0.030431466177105904,0.4827887713909149,0.46467190980911255,-0.0479845367372036,0.4744277000427246,0.4073845148086548,-0.06026842072606087,0.5540997385978699,0.6356631517410278,-0.02381739392876625,0.5435583591461182,0.5332008004188538,-0.04324667528271675,0.5342931151390076,0.46995866298675537,-0.05616035312414169,0.5257316827774048,0.41672253608703613,-0.06348354369401932,0.5989717245101929,0.6568540334701538,-0.04139169305562973,0.6081215143203735,0.5730085968971252,-0.05080220848321915,0.6147045493125916,0.5204173922538757,-0.052049387246370316,0.619970440864563,0.47339707612991333,-0.052452847361564636
0.5539177060127258,0.8808833360671997,1.990348437175271e-07,0.4844045042991638,0.8473675847053528,-0.026567326858639717,0.41772913932800293,0.7994824647903442,-0.04827779158949852,0.38329118490219116,0.7409648895263672,-0.07207225263118744,0.42387551069259644,0.7072136402130127,-0.0915498435497284,0.46055808663368225,0.6593936085700989,-0.008618033491075039,0.4273199737071991,0.5752460360527039,-0.052908044308423996,0.42125463485717773,0.618972659111023,-0.08634363114833832,0.4286482036113739,0.673071026802063,-0.10123840719461441,0.4989972412586212,0.632542073726654,-0.013136408291757107,0.4796178340911865,0.5194392204284668,-0.034877050668001175,0.46546471118927,0.452842116355896,-0.05092647671699524,0.45350706577301025,0.3936862349510193,-0.06136615201830864,0.5443344712257385,0.630466103553772,-0.026301926001906395,0.5290746092796326,0.5233781933784485,-0.047528818249702454,0.5172936320304871,0.4598506987094879,-0.05982363969087601,0.5071130394935608,0.4073345959186554,-0.06586550176143646,0.5928438901901245,0.6497288942337036,-0.04294847324490547,0.6036120653152466,0.5653961896896362,-0.054658595472574234,0.6106032729148865,0.5114353895187378,-0.056438520550727844,0.6163857579231262,0.46290457248687744,-0.05617080628871918
0.5426552295684814,0.8944109678268433,2.6893195581578766e-07,0.4623793959617615,0.8620139956474304,-0.03599518537521362,0.38108909130096436,0.8102509379386902,-0.06649743765592575,0.3318595290184021,0.7543599605560303,-0.09826339036226273,0.3770138621330261,0.7100169658660889,-0.12469944357872009,0.4281916320323944,0.6321820020675659,-0.020795347169041634,0.38547778129577637,0.5430129766464233,-0.07556204497814178,0.3786002993583679,0.6004368662834167,-0.11572308838367462,0.3874282240867615,0.6641739010810852,-0.13362231850624084,0.47388923168182373,0.5993791222572327,-0.025440404191613197,0.44748854637145996,0.4666057229042053,-0.05500933155417442,0.4293835759162903,0.38787105679512024,-0.07338809221982956,0.413156658411026,0.3160872161388397,-0.0838048979640007,0.5285201072692871,0.5984287261962891,-0.04031016677618027,0.5067916512489319,0.47147607803344727,-0.06959344446659088,0.4888887405395508,0.3929044008255005,-0.08385930955410004,0.47203218936920166,0.3254821300506592,-0.08911389857530594,0.5854722261428833,0.6251986026763916,-0.05924201011657715,0.5939023494720459,0.5218895673751831,-0.07663010060787201,0.5972181558609009,0.45444318652153015,-0.07921936362981796,0.5983156561851501,0.3932652473449707,-0.07792165875434875
0.5467498302459717,0.8953893780708313,2.212027112591386e-07,0.4642821252346039,0.8660123944282532,-0.03524196147918701,0.38211143016815186,0.8151134252548218,-0.06460320204496384,0.33338525891304016,0.7589900493621826,-0.09575589001178741,0.37560996413230896,0.7158979177474976,-0.12191010266542435,0.42705097794532776,0.6343024969100952,-0.018914585933089256,0.38426673412323,0.5414903163909912,-0.07492011040449142,0.3814546465873718,0.5986733436584473,-0.11674165725708008,0.39419084787368774,0.6626691222190857,-0.1356753557920456,0.4730152487754822,0.599979043006897,-0.024222392588853836,0.44573983550071716,0.4669041633605957,-0.05406384542584419,0.42820024490356445,0.3883804976940155,-0.07388317584991455,0.4132586419582367,0.31797921657562256,-0.08583687990903854,0.5280492305755615,0.5977437496185303,-0.04007333517074585,0.5078726410865784,0.4712558686733246,-0.06953888386487961,0.48984912037849426,0.39380109310150146,-0.08458834141492844,0.4729180634021759,0.3264208436012268,-0.09079132974147797,0.5857421159744263,0.6228841543197632,-0.06010320410132408,0.5932207107543945,0.5182163715362549,-0.0774553120136261,0.5971060991287231,0.4514440894126892,-0.07996124774217606,0.5989429950714111,0.38990703225135803,-0.07907699793577194
0.5472668409347534,0.907394528388977,2.7353686959941115e-07,0.4648096263408661,0.8751705884933472,-0.03857417404651642,0.38079696893692017,0.8220735788345337,-0.07201611250638962,0.32666176557540894,0.7727685570716858,-0.1065959557890892,0.37032246589660645,0.7326185703277588,-0.13638898730278015,0.42762014269828796,0.6322287917137146,-0.027356430888175964,0.3814188838005066,0.544212281703949,-0.08799001574516296,0.37862667441368103,0.6076269149780273,-0.13324086368083954,0.3911842703819275,0.6733219027519226,-0.1541815996170044,0.47540411353111267,0.5990457534790039,-0.032903265208005905,0.44520869851112366,0.4617641270160675,-0.06691624969244003,0.4265192151069641,0.3773779571056366,-0.08928977698087692,0.4094790518283844,0.2988082468509674,-0.10248999297618866,0.5324355363845825,0.6003668308258057,-0.04888013377785683,0.5096818804740906,0.4681743383407593,-0.08167468011379242,0.49120786786079407,0.3846781849861145,-0.09886971116065979,0.47304508090019226,0.30997300148010254,-0.10613051801919937,0.5912615060806274,0.6316351294517517,-0.0689968466758728,0.5998135805130005,0.5234233140945435,-0.08811398595571518,0.6021530628204346,0.45314013957977295,-0.09122239798307419,0.6017250418663025,0.3876594305038452,-0.0905405804514885
0.5498026609420776,0.9081292152404785,2.1568932595528167e-07,0.46641406416893005,0.8780180811882019,-0.035740531980991364,0.3814041316509247,0.8220087289810181,-0.06589022278785706,0.3285737633705139,0.7692708969116211,-0.09775909781455994,0.37395137548446655,0.7342515587806702,-0.12515200674533844,0.4270562529563904,0.632781445980072,-0.020737741142511368,0.3828238248825073,0.542414665222168,-0.07812581956386566,0.3773197829723358,0.6037640571594238,-0.12189119309186935,0.38876616954803467,0.6710108518600464,-0.14240676164627075,0.47409787774086,0.598097026348114,-0.026898330077528954,0.44531381130218506,0.4617730975151062,-0.05747503787279129,0.425296425819397,0.3782612085342407,-0.07853806018829346,0.40839239954948425,0.30346229672431946,-0.09154084324836731,0.5310540199279785,0.5982860326766968,-0.04352743923664093,0.5103263854980469,0.46661680936813354,-0.07372059673070908,0.49091270565986633,0.3827177882194519,-0.09057363867759705,0.4724809229373932,0.3083708882331848,-0.09828236699104309,0.5898116230964661,0.6287212371826172,-0.06427919119596481,0.5982403755187988,0.5210984349250793,-0.08210153877735138,0.6013717651367188,0.45098957419395447,-0.08497229963541031,0.6024593114852905,0.3854301869869232,-0.08462224155664444
0.5498020648956299,0.9087703824043274,2.3968763684933947e-07,0.46602997183799744,0.8771628737449646,-0.03644103929400444,0.38127046823501587,0.8212558627128601,-0.06774218380451202,0.32647037506103516,0.7688186764717102,-0.10077010840177536,0.37231677770614624,0.7353779673576355,-0.1292143613100052,0.42711198329925537,0.6337637901306152,-0.021626362577080727,0.3826825022697449,0.5436573624610901,-0.07939278334379196,0.37851375341415405,0.6061619520187378,-0.12333102524280548,0.3910798728466034,0.6739521622657776,-0.14404720067977905,0.47387269139289856,0.5990085005760193,-0.027659114450216293,0.44461044669151306,0.463003545999527,-0.05869966372847557,0.42522749304771423,0.3788551688194275,-0.08014772087335587,0.4091130495071411,0.30286869406700134,-0.09360140562057495,0.5306199193000793,0.5989423394203186,-0.04416780173778534,0.5097079277038574,0.46730661392211914,-0.07444404065608978,0.4902391731739044,0.3830595910549164,-0.09122982621192932,0.4717099070549011,0.3079630434513092,-0.09910179674625397,0.5895231366157532,0.6288895010948181,-0.06487679481506348,0.5986168384552002,0.5210096836090088,-0.082244873046875,0.602108895778656,0.45042335987091064,-0.08485644310712814,0.6032681465148926,0.3843655288219452,-0.0845993235707283
0.5496388077735901,0.9171122908592224,2.5840486728156975e-07,0.46438196301460266,0.8884097337722778,-0.03852962329983711,0.3745891749858856,0.8306531310081482,-0.07030149549245834,0.3217647075653076,0.7748705744743347,-0.10320380330085754,0.3727964460849762,0.7406660914421082,-0.1318589746952057,0.4242545962333679,0.63724285364151,-0.02634541131556034,0.37908029556274414,0.5503769516944885,-0.08562925457954407,0.3735727071762085,0.6157706379890442,-0.13072653114795685,0.3849759101867676,0.6828067302703857,-0.15243083238601685,0.4739281237125397,0.6019050478935242,-0.03282046690583229,0.4448145627975464,0.4627957344055176,-0.06536539644002914,0.42473104596138,0.3755384683609009,-0.08773130923509598,0.4073745906352997,0.2944752275943756,-0.101666659116745,0.5324045419692993,0.6032711863517761,-0.04980596527457237,0.5109163522720337,0.46970605850219727,-0.08279819786548615,0.4920635223388672,0.3828084170818329,-0.10174483805894852,0.47388318181037903,0.30376002192497253,-0.11072774976491928,0.5926703214645386,0.6356770992279053,-0.07091614603996277,0.6020455360412598,0.5269614458084106,-0.09147283434867859,0.6066697239875793,0.4557496905326843,-0.09560075402259827,0.6087979674339294,0.38855430483818054,-0.09605267643928528
0.551361620426178,0.9169801473617554,2.781762589165737e-07,0.46633291244506836,0.8885948061943054,-0.04045068472623825,0.37733161449432373,0.8319852948188782,-0.07368951290845871,0.32210275530815125,0.7761219143867493,-0.10782643407583237,0.37326985597610474,0.7439122200012207,-0.1375230997800827,0.42475640773773193,0.6375780701637268,-0.027122601866722107,0.37958037853240967,0.5496801137924194,-0.08664318919181824,0.3740736246109009,0.6149930357933044,-0.1321067363023758,0.386250764131546,0.6837208271026611,-0.15418405830860138,0.4739600419998169,0.6019216775894165,-0.032640594989061356,0.44586142897605896,0.4625577926635742,-0.0657411515712738,0.4254738390445709,0.37482723593711853,-0.08917897194623947,0.4085536003112793,0.29428136348724365,-0.1040874794125557,0.5320336818695068,0.6034919619560242,-0.04875529184937477,0.5108380913734436,0.46969741582870483,-0.08163659274578094,0.4915827810764313,0.3817587196826935,-0.1006903275847435,0.4737611413002014,0.3017139732837677,-0.1100650355219841,0.5922530889511108,0.6361120343208313,-0.06921026855707169,0.6013341546058655,0.5278642773628235,-0.08894354850053787,0.6058330535888672,0.4560066759586334,-0.09271649271249771,0.6081826686859131,0.38803499937057495,-0.0932701900601387
0.5521562099456787,0.9160950779914856,2.861713426227652e-07,0.466238409280777,0.8886874914169312,-0.0399298295378685,0.3773672580718994,0.8323278427124023,-0.07301737368106842,0.3219205141067505,0.7771018147468567,-0.10714857280254364,0.37223637104034424,0.7444381713867188,-0.13686732947826385,0.42465922236442566,0.638331949710846,-0.027169400826096535,0.3793240785598755,0.5505214333534241,-0.08677320182323456,0.37508946657180786,0.615402102470398,-0.1321887969970703,0.3880085349082947,0.683955729007721,-0.15428395569324493,0.4740336537361145,0.6021720170974731,-0.03304624184966087,0.4457698464393616,0.462789922952652,-0.06667567044496536,0.4253580570220947,0.37499886751174927,-0.09084353595972061,0.4079824984073639,0.29453185200691223,-0.10633768141269684,0.5320097208023071,0.6034029722213745,-0.04938481003046036,0.510489821434021,0.4697675108909607,-0.08245780318975449,0.4910668730735779,0.3821246325969696,-0.10174529999494553,0.47252893447875977,0.30204811692237854,-0.11142512410879135,0.5922818183898926,0.6354884505271912,-0.06999053061008453,0.6019803285598755,0.5269631147384644,-0.0896122083067894,0.606674313545227,0.4550670385360718,-0.09348931908607483,0.6087748408317566,0.38703614473342896,-0.09430506825447083
0.5454487800598145,0.9178466796875,3.081775616919913e-07,0.4606153666973114,0.8890892863273621,-0.041317813098430634,0.3727194666862488,0.8349077701568604,-0.07540164887905121,0.3156033158302307,0.7812232971191406,-0.11018919199705124,0.36148202419281006,0.7500060796737671,-0.1403830498456955,0.4158225655555725,0.6408800482749939,-0.028257058933377266,0.3716100752353668,0.5521317720413208,-0.0897803083062172,0.3718222677707672,0.6186770796775818,-0.1365894377231598,0.3868318200111389,0.6875717639923096,-0.15884852409362793,0.4678634703159332,0.6038059592247009,-0.033603306859731674,0.4406147003173828,0.4616202712059021,-0.06693705171346664,0.42281317710876465,0.37384334206581116,-0.09058260172605515,0.40633150935173035,0.29211708903312683,-0.10563509166240692,0.5275353193283081,0.6041661500930786,-0.049868255853652954,0.5076547265052795,0.4691234230995178,-0.08379511535167694,0.4895944893360138,0.38129299879074097,-0.10418316721916199,0.4714340567588806,0.3013130724430084,-0.11425354331731796,0.5885398387908936,0.6366235613822937,-0.07037436962127686,0.5991439819335938,0.5281537771224976,-0.0908438190817833,0.60441654920578,0.45696014165878296,-0.09530465304851532,0.6063331961631775,0.389371782541275,-0.09625249356031418
0.5502718687057495,0.9177579283714294,2.948694373117178e-07,0.4639839231967926,0.8912490010261536,-0.04058865085244179,0.37414681911468506,0.8341262340545654,-0.07365336269140244,0.3192298710346222,0.7771341800689697,-0.1076282188296318,0.36872291564941406,0.7469724416732788,-0.13686619699001312,0.416787326335907,0.6408143639564514,-0.027673156931996346,0.3707573413848877,0.5520642995834351,-0.08852878957986832,0.3719089925289154,0.6194019913673401,-0.1344906985759735,0.3873954713344574,0.6870083808898926,-0.15648618340492249,0.4678824841976166,0.6031345725059509,-0.03319518268108368,0.43926623463630676,0.46259447932243347,-0.06708010286092758,0.4213111400604248,0.3744175136089325,-0.09061075747013092,0.40418270230293274,0.2918921113014221,-0.10541248321533203,0.5272179245948792,0.6032043695449829,-0.04950413107872009,0.505851686000824,0.46846774220466614,-0.08375769853591919,0.48709121346473694,0.3816061317920685,-0.1035810187458992,0.4675760269165039,0.30221882462501526,-0.11304792761802673,0.5889834761619568,0.6343730688095093,-0.07003763318061829,0.5997231006622314,0.5244671106338501,-0.09023920446634293,0.6043269038200378,0.4524461328983307,-0.09458506852388382,0.6053134799003601,0.38468363881111145,-0.09549073129892349
0.5471727848052979,0.9196810126304626,3.066498379666882e-07,0.4618608057498932,0.8911951780319214,-0.040063437074422836,0.3739210367202759,0.8355892300605774,-0.07344958186149597,0.3155064880847931,0.7821810245513916,-0.10799110680818558,0.3612375259399414,0.7510766983032227,-0.13783271610736847,0.4186649024486542,0.6402108073234558,-0.026224929839372635,0.3726258873939514,0.5522052049636841,-0.08753402531147003,0.37233322858810425,0.61912602186203,-0.13411547243595123,0.38766443729400635,0.6884123086929321,-0.1562139242887497,0.46861836314201355,0.6031166911125183,-0.031927336007356644,0.4403512179851532,0.4624705910682678,-0.06548399478197098,0.4216935634613037,0.3740924000740051,-0.088808074593544,0.40450799465179443,0.2925962209701538,-0.10339533537626266,0.5269913077354431,0.6031096577644348,-0.0485268197953701,0.5065816640853882,0.46950048208236694,-0.08207695931196213,0.48722779750823975,0.3819122314453125,-0.10125626623630524,0.46754375100135803,0.3022703528404236,-0.11033748090267181,0.587630569934845,0.6346604228019714,-0.06942225992679596,0.5996434688568115,0.5249402523040771,-0.08886006474494934,0.6046406030654907,0.452481746673584,-0.09245097637176514,0.6059874892234802,0.3841093182563782,-0.09279832988977432
0.549250602722168,0.9181244969367981,3.0299273134914984e-07,0.46332642436027527,0.8903002142906189,-0.041004329919815063,0.3744025230407715,0.8341682553291321,-0.07466956228017807,0.3183191120624542,0.7799060940742493,-0.1092192679643631,0.36635398864746094,0.7490687370300293,-0.13908493518829346,0.41736069321632385,0.6408358812332153,-0.02812100201845169,0.3712118864059448,0.5530247688293457,-0.08947186172008514,0.3717179298400879,0.6200733780860901,-0.13590948283672333,0.3869587779045105,0.6879411935806274,-0.15808334946632385,0.46804681420326233,0.6036336421966553,-0.03351356461644173,0.43931034207344055,0.4631964862346649,-0.06767719984054565,0.4210953116416931,0.3749060034751892,-0.0915684923529625,0.4041067361831665,0.2921510636806488,-0.10660886764526367,0.5272159576416016,0.6038287878036499,-0.0497189424932003,0.5056964159011841,0.4692050814628601,-0.08398567140102386,0.4865773320198059,0.38175442814826965,-0.10388943552970886,0.46720221638679504,0.301685631275177,-0.11344178766012192,0.5887055397033691,0.6349954009056091,-0.07020815461874008,0.5994762778282166,0.5252594351768494,-0.09027069061994553,0.6042267680168152,0.45267176628112793,-0.09449315816164017,0.6056431531906128,0.38415244221687317,-0.0953262522816658
0.5438137054443359,0.9148218631744385,3.3027447443600977e-07,0.4589645266532898,0.8855649828910828,-0.042119674384593964,0.3717399835586548,0.8310930132865906,-0.07775157690048218,0.3114987015724182,0.7786868810653687,-0.11406732350587845,0.3571229577064514,0.745656430721283,-0.14556445181369781,0.4164574444293976,0.6354169845581055,-0.029675209894776344,0.37092873454093933,0.5477390289306641,-0.0909438505768776,0.36653080582618713,0.6137895584106445,-0.13659358024597168,0.3788074254989624,0.68483567237854,-0.15804429352283478,0.4667077362537384,0.5984527468681335,-0.034596849232912064,0.438220351934433,0.4575440287590027,-0.06883257627487183,0.41812220215797424,0.36887627840042114,-0.09208924323320389,0.400018572807312,0.28596627712249756,-0.10651147365570068,0.5257548093795776,0.5989041328430176,-0.0502329096198082,0.5047742128372192,0.46380963921546936,-0.08462989330291748,0.48524683713912964,0.3763986825942993,-0.1035335585474968,0.4656561017036438,0.2964065670967102,-0.11230939626693726,0.5869235396385193,0.6313256025314331,-0.07020562142133713,0.5979918241500854,0.5215939283370972,-0.09066236764192581,0.6028863191604614,0.4491138756275177,-0.09426478296518326,0.6043057441711426,0.3800548315048218,-0.09435347467660904
0.5471768975257874,0.9135525226593018,2.8415678343662876e-07,0.4616192877292633,0.8862509727478027,-0.041115909814834595,0.3722948431968689,0.830199122428894,-0.07510972023010254,0.3167569637298584,0.7770604491233826,-0.10988080501556396,0.3649422824382782,0.7441328167915344,-0.1401820331811905,0.4168599545955658,0.6352401971817017,-0.030368560925126076,0.36939775943756104,0.5468528270721436,-0.091719850897789,0.3669452667236328,0.6143466234207153,-0.1378554254770279,0.3805861473083496,0.6833417415618896,-0.1599612534046173,0.4678189158439636,0.598548412322998,-0.03608114272356033,0.4376482367515564,0.4574018120765686,-0.07077977061271667,0.4175732731819153,0.36847826838493347,-0.09523296356201172,0.3990447521209717,0.28539374470710754,-0.1107131615281105,0.5275338888168335,0.5993778705596924,-0.05234497785568237,0.5048366785049438,0.46377044916152954,-0.0873623862862587,0.4848863482475281,0.3756522238254547,-0.10820098966360092,0.46471118927001953,0.2946763038635254,-0.11846255511045456,0.5894099473953247,0.6317101716995239,-0.07273710519075394,0.5992754101753235,0.521150529384613,-0.09381160885095596,0.6032934784889221,0.4485311210155487,-0.09859626740217209,0.6038055419921875,0.3797483444213867,-0.0997825413942337
0.5455788373947144,0.9106351137161255,3.224278941615921e-07,0.4594188928604126,0.8806523084640503,-0.04130963608622551,0.3702116012573242,0.825671911239624,-0.0760464146733284,0.31291061639785767,0.7724698781967163,-0.11146818101406097,0.3609437942504883,0.7369995713233948,-0.1422637701034546,0.4152170419692993,0.6295422315597534,-0.02984190359711647,0.3688592314720154,0.542547345161438,-0.09172534197568893,0.36703938245773315,0.6086729168891907,-0.1379266232252121,0.3812556266784668,0.6783166527748108,-0.1596044898033142,0.4667007327079773,0.5920311212539673,-0.035426948219537735,0.4375561475753784,0.44889989495277405,-0.07065383344888687,0.4180847704410553,0.3589218258857727,-0.0950157418847084,0.4006025493144989,0.27484720945358276,-0.10993192344903946,0.5269728302955627,0.5929208993911743,-0.051585324108600616,0.5056740641593933,0.4563726782798767,-0.08726292103528976,0.4862748980522156,0.3682655096054077,-0.10741198062896729,0.46707797050476074,0.2872193455696106,-0.11660213768482208,0.58909010887146,0.6260794997215271,-0.07184915989637375,0.5995713472366333,0.5152163505554199,-0.09341936558485031,0.6041632294654846,0.4416668713092804,-0.0977083072066307,0.6056301593780518,0.3715837597846985,-0.09794890880584717
0.5464814305305481,0.9122111797332764,2.8869357038274757e-07,0.4609426259994507,0.8824751973152161,-0.041145067662000656,0.37151092290878296,0.8240918517112732,-0.07485828548669815,0.315216600894928,0.7702590227127075,-0.10950776189565659,0.36403483152389526,0.7375935316085815,-0.13967806100845337,0.41625574231147766,0.6266090273857117,-0.027614401653409004,0.37108004093170166,0.5396329760551453,-0.08915577828884125,0.36822816729545593,0.6089496612548828,-0.13612022995948792,0.381119966506958,0.6805459856987,-0.1587521731853485,0.46721088886260986,0.5900247693061829,-0.033403895795345306,0.43877333402633667,0.44825536012649536,-0.06805682182312012,0.4186280369758606,0.35820212960243225,-0.09285128116607666,0.4001821279525757,0.27447450160980225,-0.10847734659910202,0.5268094539642334,0.5916646122932434,-0.05005989968776703,0.5053876638412476,0.4551439583301544,-0.08550822734832764,0.48542022705078125,0.36593082547187805,-0.10683076828718185,0.4653654992580414,0.2837996184825897,-0.11724428832530975,0.5883883237838745,0.6254073977470398,-0.07087281346321106,0.5994033813476562,0.5145742893218994,-0.09259942919015884,0.6039735674858093,0.44127732515335083,-0.09767521917819977,0.6051671504974365,0.3714689016342163,-0.09891755133867264
0.5457632541656494,0.911637544631958,2.908128067247162e-07,0.45996543765068054,0.8815174102783203,-0.04110095277428627,0.37100279331207275,0.8236537575721741,-0.07507897168397903,0.3141154646873474,0.7708430886268616,-0.11007270961999893,0.3622111678123474,0.7376521825790405,-0.1407630741596222,0.41696423292160034,0.6268454194068909,-0.027514120563864708,0.3719302713871002,0.5390126705169678,-0.08917699754238129,0.3668421804904938,0.6070570945739746,-0.13646546006202698,0.37835314869880676,0.6791880130767822,-0.15929710865020752,0.4674246609210968,0.5902603268623352,-0.033329885452985764,0.43954282999038696,0.44803231954574585,-0.06750375777482986,0.41889509558677673,0.3580746054649353,-0.09212169051170349,0.4004781246185303,0.2746799886226654,-0.10777374356985092,0.526700496673584,0.5918852090835571,-0.05004648491740227,0.5063124895095825,0.45560264587402344,-0.08494158834218979,0.486222505569458,0.36584341526031494,-0.105955570936203,0.4664272964000702,0.28312569856643677,-0.1163836121559143,0.5876928567886353,0.6259720921516418,-0.0709843784570694,0.5993924140930176,0.5157650709152222,-0.09251661598682404,0.6044563055038452,0.44240158796310425,-0.0973312109708786,0.6062187552452087,0.37176260352134705,-0.09846686571836472
0.5482648015022278,0.9112315773963928,3.074586061302398e-07,0.4623890519142151,0.8827375173568726,-0.04227297008037567,0.3713301420211792,0.8231405019760132,-0.07658494263887405,0.3151434659957886,0.7682424783706665,-0.11147291958332062,0.36549118161201477,0.7393591403961182,-0.14181609451770782,0.4161481261253357,0.6249421238899231,-0.03012475185096264,0.37026044726371765,0.538888692855835,-0.0917152389883995,0.36867427825927734,0.6093797087669373,-0.1385946124792099,0.3829314410686493,0.6802389025688171,-0.16136066615581512,0.46795257925987244,0.5876986384391785,-0.03556796908378601,0.43941500782966614,0.4464164674282074,-0.07083967328071594,0.4197896122932434,0.354153573513031,-0.0962933748960495,0.40217897295951843,0.2674429416656494,-0.11252766847610474,0.5283685922622681,0.5895746350288391,-0.05174262449145317,0.5067634582519531,0.4530254900455475,-0.08746486157178879,0.4871465563774109,0.3629993796348572,-0.10943862050771713,0.4677281975746155,0.27974167466163635,-0.12041492015123367,0.5908880233764648,0.6236310601234436,-0.07209683954715729,0.6011863946914673,0.5125293135643005,-0.09353069961071014,0.6059156060218811,0.4386414587497711,-0.09874221682548523,0.6074280142784119,0.3683650493621826,-0.10029228031635284
0.5461871027946472,0.9120778441429138,3.004309689913498e-07,0.46118003129959106,0.8833615779876709,-0.0421941801905632,0.37139183282852173,0.8242461681365967,-0.07629382610321045,0.3148770034313202,0.7704828977584839,-0.11110840737819672,0.36447572708129883,0.7390891313552856,-0.14146099984645844,0.41563767194747925,0.624543309211731,-0.02893555536866188,0.3706481158733368,0.5381730794906616,-0.09092915803194046,0.3683852255344391,0.6086161732673645,-0.13840742409229279,0.38212788105010986,0.6806339025497437,-0.16136270761489868,0.4673275351524353,0.587308406829834,-0.03438655287027359,0.43917185068130493,0.4458070993423462,-0.06890646368265152,0.4195541441440582,0.35405898094177246,-0.09376651793718338,0.4018382430076599,0.26812344789505005,-0.10964135080575943,0.5276282429695129,0.5892088413238525,-0.050845932215452194,0.5067749619483948,0.4523664116859436,-0.08635315299034119,0.4870031476020813,0.3617102801799774,-0.10829613357782364,0.46725061535835266,0.27801254391670227,-0.11931407451629639,0.5898305177688599,0.6239418387413025,-0.07152850925922394,0.6012617945671082,0.5128185153007507,-0.09350290149450302,0.6066666841506958,0.4388880431652069,-0.09893497824668884,0.608596920967102,0.368195116519928,-0.1005496084690094
0.5477465987205505,0.9115477204322815,2.9053407502033224e-07,0.4621324837207794,0.8829533457756042,-0.042199209332466125,0.37168774008750916,0.8228394985198975,-0.0760667696595192,0.3144671320915222,0.7689226865768433,-0.11064896732568741,0.363672137260437,0.7395846843719482,-0.1407867819070816,0.4158799946308136,0.6240319609642029,-0.028642214834690094,0.37106946110725403,0.5378860235214233,-0.09053832292556763,0.36881327629089355,0.6092085242271423,-0.1380462348461151,0.3823111057281494,0.6812936663627625,-0.16116377711296082,0.4676632285118103,0.5867935419082642,-0.034186121076345444,0.4392346441745758,0.4456736445426941,-0.06870733946561813,0.41934651136398315,0.35390353202819824,-0.09384987503290176,0.40153273940086365,0.2679719030857086,-0.11006227880716324,0.5280190110206604,0.5889407396316528,-0.050759557634592056,0.5073879957199097,0.4525766372680664,-0.08622303605079651,0.48774880170822144,0.3618987500667572,-0.10842213779687881,0.46800336241722107,0.27793219685554504,-0.11975100636482239,0.5902426242828369,0.623848021030426,-0.07156571000814438,0.6016497611999512,0.513091504573822,-0.09333611279726028,0.606940507888794,0.4394516348838806,-0.09882010519504547,0.60850590467453,0.3689795434474945,-0.10065557807683945
0.5521031022071838,0.9125263094902039,2.9264120371408353e-07,0.46682631969451904,0.8850476741790771,-0.04165072739124298,0.37559497356414795,0.826674222946167,-0.07573173940181732,0.31736552715301514,0.7739077806472778,-0.11073252558708191,0.3652914762496948,0.7425504922866821,-0.14135098457336426,0.41639193892478943,0.6267130374908447,-0.028780600056052208,0.3719456195831299,0.5418797135353088,-0.09189073741436005,0.3735327124595642,0.6141974329948425,-0.14045295119285583,0.389247864484787,0.6852558255195618,-0.16401098668575287,0.468615859746933,0.5892703533172607,-0.03487391769886017,0.440472811460495,0.4481303095817566,-0.0705053061246872,0.4211609959602356,0.3558363616466522,-0.09669135510921478,0.40299805998802185,0.26862698793411255,-0.11346274614334106,0.5290378332138062,0.5909322500228882,-0.05196940153837204,0.5082159638404846,0.4541718661785126,-0.08817030489444733,0.4894315302371979,0.3637118637561798,-0.11090405285358429,0.47035303711891174,0.27948155999183655,-0.1223813071846962,0.5911462903022766,0.6246556043624878,-0.07319854944944382,0.6018973588943481,0.5134186744689941,-0.09496881067752838,0.6073648929595947,0.4401562511920929,-0.10027628391981125,0.6097654700279236,0.37053608894348145,-0.1018938422203064
0.5508862733840942,0.915115237236023,3.008757687439356e-07,0.46551990509033203,0.8857870101928711,-0.041982606053352356,0.3747961223125458,0.8268994688987732,-0.07623858004808426,0.3187260627746582,0.7718068361282349,-0.11126068979501724,0.3702739179134369,0.738389790058136,-0.14167380332946777,0.42067959904670715,0.6289088129997253,-0.030497334897518158,0.3746091425418854,0.5400047898292542,-0.09289278090000153,0.37374261021614075,0.6096075773239136,-0.1405317187309265,0.38851070404052734,0.6808106899261475,-0.16384847462177277,0.4720785319805145,0.5912054181098938,-0.03599785640835762,0.4445471167564392,0.4507492184638977,-0.07268724590539932,0.4252563416957855,0.35889163613319397,-0.09972736239433289,0.40786847472190857,0.2728569805622101,-0.11705324798822403,0.5317913293838501,0.5922033786773682,-0.05199703574180603,0.5121263861656189,0.4546288847923279,-0.08733472973108292,0.49398601055145264,0.3651917278766632,-0.10798586905002594,0.4755411446094513,0.281691312789917,-0.11822499334812164,0.5933436155319214,0.6251885890960693,-0.07232222706079483,0.6038987636566162,0.5150295495986938,-0.09357772022485733,0.6090868711471558,0.44200778007507324,-0.09776769578456879,0.6115226745605469,0.37200385332107544,-0.09842421859502792
0.5501845479011536,0.9132142066955566,3.001074446729035e-07,0.4646693170070648,0.8849624395370483,-0.041096899658441544,0.37360841035842896,0.824956476688385,-0.07444416731595993,0.3191448450088501,0.7690718770027161,-0.10850989073514938,0.3705863952636719,0.7386294603347778,-0.13813446462154388,0.4193184971809387,0.6281824111938477,-0.029216622933745384,0.3751150965690613,0.5404858589172363,-0.08985605090856552,0.37414807081222534,0.6087974309921265,-0.1358509212732315,0.38848546147346497,0.6793715357780457,-0.15796315670013428,0.47096824645996094,0.5903319716453552,-0.034817393869161606,0.4437965154647827,0.4491996765136719,-0.06868686527013779,0.4245699346065521,0.358608216047287,-0.09306921809911728,0.40714913606643677,0.2736481726169586,-0.10861127078533173,0.5308430194854736,0.5917781591415405,-0.05102934315800667,0.5109074711799622,0.45506179332733154,-0.08554543554782867,0.49275416135787964,0.3651737570762634,-0.10654827952384949,0.4747580885887146,0.28181973099708557,-0.11698496341705322,0.5925073027610779,0.6255847811698914,-0.07138659805059433,0.6035298109054565,0.515034556388855,-0.09261267632246017,0.6097826957702637,0.4418703317642212,-0.09736286103725433,0.6132955551147461,0.3720559775829315,-0.09844394773244858
0.5483289361000061,0.9122893810272217,3.0021647035027854e-07,0.4635658860206604,0.8833937048912048,-0.04240850359201431,0.37439805269241333,0.8269691467285156,-0.0773654356598854,0.31843268871307373,0.7730118036270142,-0.11319467425346375,0.3684188723564148,0.7385641932487488,-0.14461441338062286,0.4201015830039978,0.6272761821746826,-0.02944205328822136,0.37645092606544495,0.5400192737579346,-0.0925910472869873,0.3742280602455139,0.6099907755851746,-0.14102484285831451,0.3879386782646179,0.6813747882843018,-0.16457726061344147,0.47127607464790344,0.5904066562652588,-0.035112399607896805,0.44493892788887024,0.4492464065551758,-0.07074276357889175,0.424886018037796,0.3583035171031952,-0.09651216864585876,0.4067344665527344,0.2730481028556824,-0.11302686482667923,0.5305396318435669,0.5920683145523071,-0.05180462449789047,0.5112525224685669,0.4563382863998413,-0.08749004453420639,0.4917152225971222,0.36613592505455017,-0.1089271828532219,0.47251951694488525,0.28269046545028687,-0.11964960396289825,0.5912740230560303,0.625899076461792,-0.07284553349018097,0.6028168201446533,0.515500545501709,-0.09455111622810364,0.6087442636489868,0.4421800374984741,-0.09937886893749237,0.6117229461669922,0.3721412122249603,-0.10056837648153305
0.5503626465797424,0.911422848701477,2.893129078529455e-07,0.4656132161617279,0.8828126788139343,-0.041346099227666855,0.37582510709762573,0.8267812728881836,-0.07562869042158127,0.3197673261165619,0.772815465927124,-0.11082030087709427,0.3690250515937805,0.739359974861145,-0.14175720512866974,0.42026036977767944,0.6277349591255188,-0.028836209326982498,0.37552034854888916,0.541634738445282,-0.09136652201414108,0.3741025924682617,0.6097686886787415,-0.13924095034599304,0.3885296583175659,0.6794909238815308,-0.16243714094161987,0.4713497757911682,0.5905113220214844,-0.034899841994047165,0.4444325268268585,0.4492511451244354,-0.07008864730596542,0.42446523904800415,0.35900354385375977,-0.0952989012002945,0.4063913822174072,0.2743896543979645,-0.11127045005559921,0.5308005213737488,0.5920259356498718,-0.05185531824827194,0.510747492313385,0.45578768849372864,-0.08755981177091599,0.4914082884788513,0.3656519651412964,-0.10909928381443024,0.47270384430885315,0.2823719084262848,-0.11975831538438797,0.5916849374771118,0.6260052919387817,-0.07301989942789078,0.6025384068489075,0.5155175924301147,-0.09501867741346359,0.6080114841461182,0.44234326481819153,-0.10008640587329865,0.6107407808303833,0.37243497371673584,-0.101337730884552
0.5488856434822083,0.911759078502655,2.9565717341029085e-07,0.4646090567111969,0.8831548690795898,-0.041501760482788086,0.37511277198791504,0.8266456127166748,-0.07575126737356186,0.31938326358795166,0.7728484869003296,-0.11090047657489777,0.3688151240348816,0.7392941117286682,-0.14170892536640167,0.41934412717819214,0.6272075772285461,-0.02899378165602684,0.3758135735988617,0.5397985577583313,-0.09136482328176498,0.3747330904006958,0.6096765398979187,-0.13918617367744446,0.388985276222229,0.6807100772857666,-0.16241830587387085,0.47080498933792114,0.5902642607688904,-0.0349290706217289,0.4445517063140869,0.44895076751708984,-0.07007721811532974,0.4246547818183899,0.3583945035934448,-0.0955871120095253,0.4063607454299927,0.27352699637413025,-0.11194830387830734,0.5303739309310913,0.5920389890670776,-0.051716506481170654,0.5111928582191467,0.4559444785118103,-0.0871117115020752,0.4916456937789917,0.366284042596817,-0.10860773921012878,0.4722941517829895,0.2834167778491974,-0.11942210793495178,0.5914177894592285,0.6261131763458252,-0.07272869348526001,0.6029038429260254,0.5154622793197632,-0.09449280798435211,0.608436107635498,0.4423333406448364,-0.09947135299444199,0.6109682321548462,0.3724702298641205,-0.10077619552612305
0.5497674345970154,0.9143689870834351,2.9390358236014436e-07,0.46538031101226807,0.886735200881958,-0.04317886382341385,0.3753105401992798,0.8289442658424377,-0.07791171222925186,0.3185809254646301,0.7737358808517456,-0.11318451166152954,0.36908626556396484,0.7387979030609131,-0.14412237703800201,0.4198257327079773,0.6305705308914185,-0.02949558012187481,0.3755428194999695,0.5458025932312012,-0.09192542731761932,0.3724883198738098,0.6133998036384583,-0.14003878831863403,0.38542547821998596,0.6829637289047241,-0.16349604725837708,0.47087162733078003,0.5923031568527222,-0.034512247890233994,0.44342803955078125,0.4524132013320923,-0.0687827467918396,0.42351529002189636,0.36162588000297546,-0.09342049807310104,0.4057600796222687,0.2770698070526123,-0.10917027294635773,0.5303858518600464,0.5932132005691528,-0.050669632852077484,0.5101086497306824,0.4583353102207184,-0.08567208796739578,0.4909689724445343,0.36820200085639954,-0.10690733045339584,0.4722103476524353,0.2849176824092865,-0.11753500998020172,0.5913522839546204,0.6270201206207275,-0.07123935967683792,0.6023359298706055,0.5176416635513306,-0.09286075830459595,0.6080281734466553,0.4455377459526062,-0.09765825420618057,0.6105741262435913,0.37674087285995483,-0.09881112724542618
0.5476349592208862,0.9097098708152771,3.199587865765352e-07,0.46116212010383606,0.8803920149803162,-0.04295391961932182,0.3720368444919586,0.8247851729393005,-0.07806861400604248,0.315467894077301,0.7716636657714844,-0.11368394643068314,0.36448317766189575,0.7427666783332825,-0.1446084827184677,0.41854995489120483,0.6314447522163391,-0.030394423753023148,0.3739933669567108,0.54554682970047,-0.09217306226491928,0.3726491630077362,0.613693118095398,-0.1386716365814209,0.3863397538661957,0.6827889084815979,-0.1611034870147705,0.4688858985900879,0.5951676964759827,-0.035307932645082474,0.4413604736328125,0.45679378509521484,-0.07083968818187714,0.42164039611816406,0.3681015968322754,-0.09566211700439453,0.4031859338283539,0.2845892310142517,-0.11132792383432388,0.5272131562232971,0.596748411655426,-0.051035456359386444,0.5065796375274658,0.4638051986694336,-0.08671879768371582,0.48753607273101807,0.3763418197631836,-0.10702703148126602,0.468227744102478,0.29550278186798096,-0.11672884970903397,0.5875158309936523,0.6296117901802063,-0.07111245393753052,0.5988386869430542,0.5205689668655396,-0.09228023141622543,0.6038751602172852,0.4490545988082886,-0.09650851786136627,0.6050988435745239,0.3810584843158722,-0.09723794460296631
0.5429964065551758,0.8885692358016968,2.6089153948305466e-07,0.4613511860370636,0.8589471578598022,-0.04049334302544594,0.3776484727859497,0.8093186616897583,-0.07578328251838684,0.3268910348415375,0.7579072117805481,-0.11136751621961594,0.375177264213562,0.7259998321533203,-0.1428232192993164,0.4219220280647278,0.6287744045257568,-0.03280019760131836,0.38111764192581177,0.5432955026626587,-0.09177245944738388,0.3786211311817169,0.6050029993057251,-0.13629701733589172,0.39032405614852905,0.6687411069869995,-0.1583603173494339,0.4698444902896881,0.5964180827140808,-0.03811850771307945,0.44445353746414185,0.46237078309059143,-0.07158540189266205,0.4271550476551056,0.38138824701309204,-0.09550755470991135,0.4124492108821869,0.30744242668151855,-0.11118899285793304,0.5254122614860535,0.5993925333023071,-0.05325550585985184,0.5038545727729797,0.47138452529907227,-0.0853283479809761,0.4862770438194275,0.3915700614452362,-0.10381477326154709,0.4692469835281372,0.3183584213256836,-0.11357946693897247,0.5837622880935669,0.631438136100769,-0.07254213094711304,0.5865069627761841,0.5304206609725952,-0.0921034887433052,0.5842478275299072,0.46534252166748047,-0.09599312394857407,0.5787681341171265,0.4032084345817566,-0.09705380350351334
0.5403469800949097,0.8744008541107178,2.2544364242094161e-07,0.46077069640159607,0.8388837575912476,-0.03466108441352844,0.38441184163093567,0.7893039584159851,-0.06648590415716171,0.33646994829177856,0.7406802177429199,-0.09969871491193771,0.37591883540153503,0.7155228853225708,-0.12936009466648102,0.42816776037216187,0.621626079082489,-0.02447347901761532,0.3924197852611542,0.5383637547492981,-0.0771242305636406,0.38550865650177,0.5916156768798828,-0.11754269897937775,0.3931981325149536,0.6532915830612183,-0.1377376914024353,0.47448503971099854,0.5955759882926941,-0.031089285388588905,0.4549736976623535,0.4689064025878906,-0.05954664945602417,0.4416014552116394,0.3922654092311859,-0.08088725060224533,0.4316571056842804,0.3242030739784241,-0.0961085706949234,0.5259711742401123,0.6010394096374512,-0.04699273779988289,0.5139033198356628,0.47966906428337097,-0.07324160635471344,0.5037781596183777,0.4022350311279297,-0.088258296251297,0.4923095107078552,0.33294251561164856,-0.09709399938583374,0.5793790221214294,0.6322219967842102,-0.06702177226543427,0.5841148495674133,0.5352990031242371,-0.08233778923749924,0.5829910635948181,0.4726499021053314,-0.0839514434337616,0.5776633620262146,0.4135836362838745,-0.08446153253316879
0.5418030619621277,0.870821475982666,2.3949195337991114e-07,0.4647170305252075,0.8391366600990295,-0.03498990461230278,0.3868504762649536,0.7920132279396057,-0.06700582057237625,0.3384534418582916,0.7430810332298279,-0.10001704096794128,0.38143283128738403,0.7171258926391602,-0.12929105758666992,0.4298604726791382,0.6230142712593079,-0.02688649110496044,0.3917543292045593,0.540742039680481,-0.081664077937603,0.38629060983657837,0.5932016968727112,-0.12322305142879486,0.39639607071876526,0.6539692282676697,-0.14336736500263214,0.47557154297828674,0.5955502986907959,-0.03262714669108391,0.45655789971351624,0.4698216915130615,-0.06284526735544205,0.4434235394001007,0.39471957087516785,-0.08402945101261139,0.43346694111824036,0.3282967805862427,-0.09776445478200912,0.5274512767791748,0.6001847982406616,-0.04750310629606247,0.5132080316543579,0.47878551483154297,-0.07483217865228653,0.50124192237854,0.4027531147003174,-0.08910045772790909,0.4891286790370941,0.3340784013271332,-0.096247598528862,0.5811649560928345,0.6312772631645203,-0.0663621723651886,0.583519458770752,0.534430980682373,-0.08213746547698975,0.5806047916412354,0.4731983542442322,-0.08320996910333633,0.5747359991073608,0.415338397026062,-0.08219034224748611
0.5412874817848206,0.852544367313385,1.9815644236587104e-07,0.4689825475215912,0.8158196806907654,-0.02930208295583725,0.4017966091632843,0.765265166759491,-0.056835584342479706,0.35828906297683716,0.7186494469642639,-0.08640630543231964,0.3904077112674713,0.6909337043762207,-0.11284061521291733,0.4392598867416382,0.6158454418182373,-0.02052905410528183,0.4027729034423828,0.5370782613754272,-0.0701381042599678,0.39287838339805603,0.5898011326789856,-0.10863076895475388,0.39828479290008545,0.6481207013130188,-0.12766240537166595,0.480495423078537,0.5924667716026306,-0.02709818445146084,0.4618135094642639,0.47346803545951843,-0.053761888295412064,0.4513401985168457,0.3993278741836548,-0.07294602692127228,0.444751113653183,0.3311253488063812,-0.08615458011627197,0.5277442932128906,0.5978315472602844,-0.04198400303721428,0.5132723450660706,0.48404645919799805,-0.06558132916688919,0.5032238960266113,0.41100096702575684,-0.07727793604135513,0.49279022216796875,0.34444817900657654,-0.0835874080657959,0.5783642530441284,0.6260772943496704,-0.06059127300977707,0.5806359648704529,0.5353230834007263,-0.07362724840641022,0.579321563243866,0.4748249351978302,-0.07323583960533142,0.5750541090965271,0.4169148802757263,-0.07189928740262985
0.5415456295013428,0.8498038053512573,2.2730056059572235e-07,0.470858633518219,0.8165580630302429,-0.029115617275238037,0.40351998805999756,0.767207145690918,-0.0561688207089901,0.3593944013118744,0.7216810584068298,-0.08473965525627136,0.3875030279159546,0.7012397050857544,-0.11028071492910385,0.4372750520706177,0.6157198548316956,-0.01996530406177044,0.4011521339416504,0.5423039197921753,-0.06883930414915085,0.39390701055526733,0.5917577743530273,-0.1064097061753273,0.4011458158493042,0.6473321318626404,-0.12430217862129211,0.4793894290924072,0.589435875415802,-0.026604754850268364,0.4613461196422577,0.4721294045448303,-0.05279259383678436,0.44947946071624756,0.4002167582511902,-0.07145112007856369,0.4405920207500458,0.3361332416534424,-0.08343719691038132,0.5271326303482056,0.5937885046005249,-0.0415632501244545,0.5138979554176331,0.4800639748573303,-0.06662589311599731,0.5028153657913208,0.40831148624420166,-0.08065537363290787,0.49178066849708557,0.34322330355644226,-0.087504081428051,0.576876163482666,0.6226089596748352,-0.0597735270857811,0.580376148223877,0.531211256980896,-0.07421253621578217,0.5797419548034668,0.47251567244529724,-0.07545866072177887,0.5763782262802124,0.41688665747642517,-0.07462549954652786
0.5421748757362366,0.8499634265899658,2.2694224810493324e-07,0.4714275002479553,0.8175910711288452,-0.028570495545864105,0.40319523215293884,0.7677776217460632,-0.05502662435173988,0.3588159680366516,0.7215608358383179,-0.08300057053565979,0.387107789516449,0.6999644637107849,-0.1078350841999054,0.43774524331092834,0.6152166128158569,-0.019274549558758736,0.40150415897369385,0.5409475564956665,-0.06715519726276398,0.39507246017456055,0.5904480814933777,-0.10393806546926498,0.4031686782836914,0.6461317539215088,-0.12145582586526871,0.4798752963542938,0.5889325737953186,-0.02600969187915325,0.4616281986236572,0.4714057445526123,-0.0516810268163681,0.4500367343425751,0.3993561267852783,-0.0700613334774971,0.441494345664978,0.3352636694908142,-0.08191273361444473,0.5276012420654297,0.5934434533119202,-0.04095696285367012,0.5142567753791809,0.4795337915420532,-0.06562618911266327,0.5029885172843933,0.407734215259552,-0.07953592389822006,0.4917117953300476,0.34269964694976807,-0.08640434592962265,0.5773725509643555,0.6224094033241272,-0.05908916890621185,0.5807768106460571,0.5309671759605408,-0.07352490723133087,0.5798366665840149,0.4722718596458435,-0.07486971467733383,0.5762397050857544,0.41657692193984985,-0.07414061576128006
0.5353201627731323,0.8322607278823853,2.2928104215225176e-07,0.46587422490119934,0.7979135513305664,-0.028803626075387,0.4025639295578003,0.7481042146682739,-0.05418359488248825,0.3598761558532715,0.7009267807006836,-0.08117303252220154,0.3917342722415924,0.6787932515144348,-0.10470128059387207,0.4372488856315613,0.6097500324249268,-0.015477473847568035,0.4078747034072876,0.5334856510162354,-0.06251419335603714,0.3994583189487457,0.5771710276603699,-0.09858278930187225,0.4052714705467224,0.6313480138778687,-0.115788035094738,0.4764479398727417,0.5856016874313354,-0.020440248772501945,0.46034759283065796,0.47236737608909607,-0.04516177624464035,0.4475361704826355,0.40353482961654663,-0.06306120753288269,0.43820539116859436,0.343649685382843,-0.07510259747505188,0.5210343599319458,0.5891543626785278,-0.033802181482315063,0.5069668292999268,0.47927582263946533,-0.05633843317627907,0.49430978298187256,0.41134634613990784,-0.06806329637765884,0.4821052551269531,0.35063424706459045,-0.0740947499871254,0.5685489773750305,0.6142331957817078,-0.05073055624961853,0.5722882151603699,0.5273268818855286,-0.06324099749326706,0.5727168321609497,0.4703594148159027,-0.06422799080610275,0.5706470608711243,0.41590481996536255,-0.06373978406190872
0.5360896587371826,0.8286947011947632,2.1246233927740832e-07,0.4669222831726074,0.7973175644874573,-0.02593587338924408,0.401361346244812,0.7509260177612305,-0.04969636723399162,0.3616274297237396,0.7039440274238586,-0.07508381456136703,0.3938213586807251,0.6805745959281921,-0.09716220200061798,0.4377603232860565,0.6093087196350098,-0.01580442488193512,0.4058467149734497,0.5343543291091919,-0.06064942106604576,0.3999912142753601,0.5792901515960693,-0.09456565976142883,0.40810397267341614,0.6327184438705444,-0.11030115187168121,0.47691237926483154,0.5844043493270874,-0.021926265209913254,0.46011191606521606,0.4718051254749298,-0.04543251916766167,0.44861873984336853,0.4041493535041809,-0.06164327263832092,0.44008347392082214,0.3447718322277069,-0.07189340889453888,0.5217500329017639,0.587096631526947,-0.035868749022483826,0.5074207782745361,0.4790429472923279,-0.05848817154765129,0.4950433671474457,0.41200897097587585,-0.0703578069806099,0.48346757888793945,0.35237985849380493,-0.07591061294078827,0.5691108703613281,0.6121310591697693,-0.05285553261637688,0.5726586580276489,0.5263744592666626,-0.06608743965625763,0.5725622177124023,0.4710448086261749,-0.06692922860383987,0.5708224177360535,0.4182623028755188,-0.06573669612407684
0.535993754863739,0.8293148279190063,2.1041962838808104e-07,0.46678683161735535,0.798343300819397,-0.02574416808784008,0.40137341618537903,0.7513379454612732,-0.04938731715083122,0.3616994619369507,0.7038083672523499,-0.07474008202552795,0.39360517263412476,0.6806309819221497,-0.09679029136896133,0.437590628862381,0.6089448928833008,-0.014707457274198532,0.40564656257629395,0.5346572995185852,-0.05965666100382805,0.4002656936645508,0.5796130299568176,-0.09396638721227646,0.40874895453453064,0.6330444812774658,-0.10992828011512756,0.4767135977745056,0.5837841629981995,-0.02099892683327198,0.45984312891960144,0.47187861800193787,-0.044375501573085785,0.44834402203559875,0.40422648191452026,-0.06066540256142616,0.4398358464241028,0.3450116515159607,-0.07092437148094177,0.5213966369628906,0.5863205194473267,-0.03520699217915535,0.5073343515396118,0.47843778133392334,-0.05764089897274971,0.4949275553226471,0.4115038514137268,-0.06947733461856842,0.48323333263397217,0.35195985436439514,-0.07500448077917099,0.5684888362884521,0.6115500926971436,-0.05248546227812767,0.5723344683647156,0.5258719325065613,-0.0654972717165947,0.5724122524261475,0.47071874141693115,-0.06623940914869308,0.5708194971084595,0.41812485456466675,-0.0649840384721756
0.5303440690040588,0.8205220103263855,1.8917469901680306e-07,0.4652957022190094,0.7914053797721863,-0.028863053768873215,0.40395814180374146,0.7452847361564636,-0.053642913699150085,0.3639149069786072,0.6982465386390686,-0.07963231950998306,0.3957909941673279,0.6754432320594788,-0.1019364520907402,0.4374212324619293,0.6089563965797424,-0.016552966088056564,0.4069967567920685,0.5350945591926575,-0.06130131706595421,0.4023255705833435,0.5790178775787354,-0.09540541470050812,0.4113401174545288,0.6316009759902954,-0.11159070581197739,0.4750535488128662,0.5836036801338196,-0.020589543506503105,0.45716893672943115,0.47762203216552734,-0.04390892758965492,0.44489046931266785,0.4133131504058838,-0.06069697439670563,0.4356937110424042,0.3576088845729828,-0.07205235958099365,0.5179905295372009,0.5847082734107971,-0.0327252633869648,0.5037209391593933,0.4827727675437927,-0.05450299382209778,0.49141600728034973,0.4190998077392578,-0.0660749226808548,0.4792480170726776,0.3633575439453125,-0.07206656038761139,0.5638836026191711,0.6067709922790527,-0.048343561589717865,0.5678722858428955,0.5252719521522522,-0.060327477753162384,0.5678752064704895,0.47288572788238525,-0.061532218009233475,0.5650902390480042,0.4245816469192505,-0.06125845015048981
0.5321831703186035,0.8140208721160889,1.596605301301679e-07,0.46748077869415283,0.7869117856025696,-0.02453760802745819,0.406055212020874,0.7396719455718994,-0.04552474245429039,0.3706885576248169,0.6918874979019165,-0.06804778426885605,0.4021383225917816,0.6730641722679138,-0.0873853787779808,0.43922942876815796,0.6092392802238464,-0.013395644724369049,0.41045528650283813,0.5372567176818848,-0.054304175078868866,0.4079219102859497,0.5810294151306152,-0.0855841338634491,0.4173031449317932,0.6321332454681396,-0.10031095892190933,0.4761207401752472,0.5849522352218628,-0.018612099811434746,0.4593335688114166,0.48109984397888184,-0.039575181901454926,0.4479047954082489,0.4197677969932556,-0.0551886260509491,0.4391939342021942,0.3674663305282593,-0.06566167622804642,0.517825186252594,0.5863009095191956,-0.031210318207740784,0.5040783882141113,0.486833393573761,-0.0513078048825264,0.4923354983329773,0.42562490701675415,-0.06269103288650513,0.4806894361972809,0.37168794870376587,-0.0685814619064331,0.5622744560241699,0.6076173782348633,-0.046769581735134125,0.5647568702697754,0.5268111228942871,-0.05760214477777481,0.5654662847518921,0.4756421744823456,-0.058258943259716034,0.5644847750663757,0.42796963453292847,-0.05768263712525368
0.5311815142631531,0.8140147924423218,1.7771419891232654e-07,0.46760159730911255,0.7882838249206543,-0.023110009729862213,0.4060042202472687,0.7412402629852295,-0.04333075135946274,0.3706323504447937,0.6917867064476013,-0.06517165899276733,0.4029671549797058,0.6714292764663696,-0.0838455781340599,0.4402831792831421,0.6090633273124695,-0.012709985487163067,0.41098320484161377,0.5379078984260559,-0.05316884070634842,0.40668946504592896,0.5793125033378601,-0.08330093324184418,0.41507065296173096,0.6286208629608154,-0.09692216664552689,0.4768143892288208,0.5849844217300415,-0.018484294414520264,0.46001100540161133,0.48063069581985474,-0.03930940479040146,0.4484745264053345,0.4188961386680603,-0.05307300388813019,0.43936315178871155,0.36529263854026794,-0.06153939291834831,0.5182338356971741,0.5864262580871582,-0.03153190389275551,0.5038537383079529,0.48667019605636597,-0.05191030353307724,0.4921180307865143,0.4255596995353699,-0.06214112043380737,0.48073610663414,0.371599942445755,-0.06661605089902878,0.561989426612854,0.6082253456115723,-0.04738403856754303,0.5641592741012573,0.5271512866020203,-0.058845404535532,0.565363883972168,0.4761168360710144,-0.05928923934698105,0.5653706789016724,0.42828884720802307,-0.05795992165803909
0.5313057899475098,0.8094562292098999,1.7646441108354338e-07,0.46971315145492554,0.7813436985015869,-0.02578827552497387,0.41137027740478516,0.7378057837486267,-0.04845475032925606,0.37698060274124146,0.6921758651733398,-0.07245172560214996,0.4080508351325989,0.6705586910247803,-0.09352194517850876,0.443953275680542,0.6108284592628479,-0.01612541452050209,0.4154614508152008,0.5398831367492676,-0.058525677770376205,0.4125927984714508,0.5798324942588806,-0.09084061533212662,0.42226845026016235,0.6273478269577026,-0.10628797113895416,0.478616863489151,0.5872158408164978,-0.020792344585061073,0.462300568819046,0.4856504201889038,-0.04337510094046593,0.4520024359226227,0.4257790446281433,-0.05935275927186012,0.4444790482521057,0.3735538423061371,-0.06987044215202332,0.5190651416778564,0.5880399942398071,-0.032824255526065826,0.5053996443748474,0.49041563272476196,-0.054041385650634766,0.49456995725631714,0.43046149611473083,-0.06490518152713776,0.4843250513076782,0.37721195816993713,-0.07024011015892029,0.5626307725906372,0.6084556579589844,-0.0479530394077301,0.5657501220703125,0.5292404294013977,-0.05944783613085747,0.5665976405143738,0.47878479957580566,-0.06001398712396622,0.5660368800163269,0.4320477545261383,-0.05923556536436081
0.5318173170089722,0.808597981929779,1.9522389038684196e-07,0.47031277418136597,0.7830650806427002,-0.02562653459608555,0.41038650274276733,0.7398542165756226,-0.0475834496319294,0.3769284188747406,0.6910507678985596,-0.07065305858850479,0.4108550250530243,0.6668533086776733,-0.09053589403629303,0.44381842017173767,0.6134584546089172,-0.016080105677247047,0.41368210315704346,0.5408932566642761,-0.0577661357820034,0.4125436842441559,0.5774114727973938,-0.08837311714887619,0.42354142665863037,0.6220986247062683,-0.10225319117307663,0.4792309105396271,0.5889697670936584,-0.020354337990283966,0.46255308389663696,0.48649176955223083,-0.04266596585512161,0.45190009474754333,0.42680466175079346,-0.057236503809690475,0.44300776720046997,0.37377625703811646,-0.06615414470434189,0.5198889970779419,0.5887896418571472,-0.03198293223977089,0.5058953166007996,0.4909778833389282,-0.053561072796583176,0.4947185516357422,0.43164634704589844,-0.06426828354597092,0.48413506150245667,0.3792484998703003,-0.06884965300559998,0.5627123713493347,0.6082522869110107,-0.046582579612731934,0.5651528239250183,0.5295661687850952,-0.058635927736759186,0.5661562085151672,0.48014524579048157,-0.05965319648385048,0.5663025975227356,0.4343552887439728,-0.0586983822286129
0.5316888689994812,0.8087880611419678,1.93469873011054e-07,0.4703878164291382,0.7832124829292297,-0.024857329204678535,0.41062232851982117,0.7393664121627808,-0.046393994241952896,0.3768618404865265,0.6907165050506592,-0.06920900195837021,0.41026806831359863,0.667076826095581,-0.0888257771730423,0.44390836358070374,0.6125547289848328,-0.01520310528576374,0.4140862226486206,0.5398259162902832,-0.0567626990377903,0.41274529695510864,0.57671058177948,-0.08718394488096237,0.42367687821388245,0.621825098991394,-0.10088685154914856,0.479069322347641,0.5885074138641357,-0.01984458602964878,0.46244990825653076,0.4860733151435852,-0.042045958340168,0.4517943859100342,0.4264477789402008,-0.05618981644511223,0.4429592192173004,0.3734651803970337,-0.06470540910959244,0.5196624994277954,0.5886584520339966,-0.03184162452816963,0.505314290523529,0.49032628536224365,-0.053218692541122437,0.4941025376319885,0.43091529607772827,-0.06346558034420013,0.4835469126701355,0.3783624768257141,-0.06770499050617218,0.5625,0.6083975434303284,-0.046786222606897354,0.5650261640548706,0.529413640499115,-0.05875898525118828,0.5659751296043396,0.4796307384967804,-0.0596696138381958,0.5660112500190735,0.4334881901741028,-0.05857211723923683
0.5335531234741211,0.8052136301994324,1.9134893136651954e-07,0.4718960225582123,0.7786848545074463,-0.024897322058677673,0.41420650482177734,0.7354720830917358,-0.046585701406002045,0.3806859850883484,0.6874118447303772,-0.06972009688615799,0.4112512469291687,0.6592525243759155,-0.08967387676239014,0.44736412167549133,0.6097560524940491,-0.013751812279224396,0.41738659143447876,0.5386036038398743,-0.05551234260201454,0.41503459215164185,0.5762431621551514,-0.08688735216856003,0.42590808868408203,0.621965765953064,-0.10136819630861282,0.4810779094696045,0.586356520652771,-0.01815621741116047,0.465302050113678,0.4854532778263092,-0.04055244103074074,0.45488783717155457,0.4265972375869751,-0.05554268881678581,0.44708123803138733,0.37433838844299316,-0.06481439620256424,0.5204995274543762,0.5870506763458252,-0.029980387538671494,0.5064971446990967,0.48988649249076843,-0.05090317130088806,0.49573782086372375,0.4306909441947937,-0.060386672616004944,0.4863608479499817,0.37770789861679077,-0.064346544444561,0.5623643398284912,0.6069470643997192,-0.04488663375377655,0.5652613043785095,0.529523491859436,-0.05648035556077957,0.5668230652809143,0.48002737760543823,-0.056678954511880875,0.5680981278419495,0.43349993228912354,-0.05513397604227066
0.5343061685562134,0.805056095123291,1.8982737515216286e-07,0.4726482629776001,0.7791582345962524,-0.024836547672748566,0.4143579602241516,0.7354060411453247,-0.04591793194413185,0.380281925201416,0.686194121837616,-0.06829125434160233,0.41057243943214417,0.6583671569824219,-0.08726330101490021,0.4463437497615814,0.6111859083175659,-0.013202005997300148,0.4166406989097595,0.5384243726730347,-0.054722610861063004,0.41567668318748474,0.5750517249107361,-0.08554009348154068,0.4266001880168915,0.6198185682296753,-0.0994381457567215,0.4809403717517853,0.5874798893928528,-0.01734067127108574,0.46481195092201233,0.4863915741443634,-0.03957340121269226,0.45501822233200073,0.42786863446235657,-0.05426764860749245,0.4469696581363678,0.375369668006897,-0.06318511068820953,0.5207762718200684,0.5873149633407593,-0.028936902061104774,0.5072190761566162,0.4902995228767395,-0.05003143846988678,0.49708086252212524,0.4318203926086426,-0.059962447732686996,0.48753392696380615,0.3795101046562195,-0.06399630755186081,0.5627076625823975,0.6060917377471924,-0.043536074459552765,0.5657667517662048,0.5284028053283691,-0.05504376441240311,0.5674919486045837,0.4792822003364563,-0.05556050315499306,0.5686155557632446,0.4330586791038513,-0.0541904978454113
0.5341711044311523,0.8047878742218018,1.9378809668069152e-07,0.4726274609565735,0.7786694169044495,-0.024529658257961273,0.41445642709732056,0.7350324392318726,-0.04536641389131546,0.38006994128227234,0.6860353350639343,-0.06753569841384888,0.41090402007102966,0.6574010848999023,-0.08631584793329239,0.44676831364631653,0.6111130714416504,-0.013103402219712734,0.4169882535934448,0.5383315086364746,-0.05454349145293236,0.4155459702014923,0.5744449496269226,-0.08517930656671524,0.4261813461780548,0.6193215847015381,-0.09890946745872498,0.48124322295188904,0.5875089764595032,-0.017254816368222237,0.46519654989242554,0.4860082268714905,-0.03945101797580719,0.45514363050460815,0.42737656831741333,-0.05395160987973213,0.44681522250175476,0.375155508518219,-0.06265083700418472,0.5209643840789795,0.5873225927352905,-0.028792615979909897,0.5069155097007751,0.490374356508255,-0.04970157891511917,0.4964616596698761,0.43179088830947876,-0.059244293719530106,0.48668715357780457,0.379574179649353,-0.06298711150884628,0.5627424120903015,0.6060978770256042,-0.04332445189356804,0.5656638145446777,0.5286296010017395,-0.05479638651013374,0.5672129988670349,0.4794495105743408,-0.05515424534678459,0.5682145357131958,0.43323856592178345,-0.05359713360667229
0.5321940779685974,0.7942445278167725,2.146097415334225e-07,0.47194749116897583,0.767060399055481,-0.0241896603256464,0.41644611954689026,0.7268833518028259,-0.04631778597831726,0.3837651014328003,0.6801297664642334,-0.07003864645957947,0.41473105549812317,0.6461459994316101,-0.09072698652744293,0.4498043358325958,0.6090308427810669,-0.015102158300578594,0.42067593336105347,0.5363913774490356,-0.057551201432943344,0.41692987084388733,0.5649107694625854,-0.08850220590829849,0.4270203411579132,0.6052610874176025,-0.10247825086116791,0.48213574290275574,0.5850340127944946,-0.019573796540498734,0.4664344787597656,0.48316043615341187,-0.042393799871206284,0.4569207727909088,0.4248673915863037,-0.05630301684141159,0.4501250088214874,0.37353235483169556,-0.06458564102649689,0.5203107595443726,0.5838756561279297,-0.031273629516363144,0.5056259036064148,0.48549968004226685,-0.05203501507639885,0.4957904517650604,0.4278907775878906,-0.05948387831449509,0.4869253635406494,0.3772338628768921,-0.061993587762117386,0.5616323351860046,0.6011444330215454,-0.0461089201271534,0.5644540786743164,0.5246049761772156,-0.057969775050878525,0.5658081769943237,0.4755973517894745,-0.05777157098054886,0.5664305090904236,0.4303054213523865,-0.05573589354753494
0.5325139760971069,0.78748619556427,1.859705065498929e-07,0.47288206219673157,0.7610157132148743,-0.02230270765721798,0.41810908913612366,0.7201942205429077,-0.04258700832724571,0.3876795172691345,0.6719909310340881,-0.06458049267530441,0.4176490008831024,0.6345224380493164,-0.0833069309592247,0.4510764479637146,0.6035240888595581,-0.01230283547192812,0.42017659544944763,0.5314793586730957,-0.05286174267530441,0.4173467755317688,0.5597226023674011,-0.08186741173267365,0.4280332028865814,0.5982396006584167,-0.09437524527311325,0.4829249083995819,0.5797249674797058,-0.017014412209391594,0.46592116355895996,0.4800693988800049,-0.039017271250486374,0.45548537373542786,0.4238642752170563,-0.051672983914613724,0.4468878507614136,0.37367671728134155,-0.05855086073279381,0.5208967924118042,0.5779371857643127,-0.02881963737308979,0.5057245492935181,0.48255226016044617,-0.04915555566549301,0.49523288011550903,0.4259321093559265,-0.056229058653116226,0.4858052432537079,0.37578701972961426,-0.05796933174133301,0.5617707371711731,0.5940713882446289,-0.04353661462664604,0.5641743540763855,0.5181001424789429,-0.05463865026831627,0.5653284788131714,0.4697267413139343,-0.054067302495241165,0.5664390921592712,0.42504435777664185,-0.05144302546977997
0.532136857509613,0.7871525287628174,1.7400869012362818e-07,0.47205981612205505,0.761430025100708,-0.023227330297231674,0.41611331701278687,0.7203484177589417,-0.04327191039919853,0.3873673975467682,0.6706910133361816,-0.0647716373205185,0.41869598627090454,0.6337849497795105,-0.08296136558055878,0.4514007866382599,0.6022416353225708,-0.013068522326648235,0.4215860068798065,0.5289964079856873,-0.05263015255331993,0.41861993074417114,0.5591658353805542,-0.08147765696048737,0.4288908839225769,0.5990508198738098,-0.09430239349603653,0.48372721672058105,0.5795725584030151,-0.017271867021918297,0.466263085603714,0.48124468326568604,-0.03863687813282013,0.4554579257965088,0.4250641465187073,-0.052257001399993896,0.44693806767463684,0.37461113929748535,-0.060388002544641495,0.5213016271591187,0.5781622529029846,-0.02849731594324112,0.5063624978065491,0.48362088203430176,-0.04852481558918953,0.49501293897628784,0.42761555314064026,-0.05723953992128372,0.48488616943359375,0.3786846995353699,-0.060530196875333786,0.5614442229270935,0.5939822793006897,-0.042622774839401245,0.5642014741897583,0.5178458094596863,-0.053791239857673645,0.5652912855148315,0.4700530171394348,-0.054267656058073044,0.5662025809288025,0.42605656385421753,-0.052782315760850906
0.5292136073112488,0.7813985347747803,1.886292864128336e-07,0.4692649245262146,0.7544796466827393,-0.02079562470316887,0.41575878858566284,0.7133119702339172,-0.04017540067434311,0.38946160674095154,0.6623943448066711,-0.06147827208042145,0.4219398498535156,0.6243745684623718,-0.07956800609827042,0.4495921730995178,0.598899781703949,-0.010162413120269775,0.42128849029541016,0.5258182883262634,-0.04894835129380226,0.4188973903656006,0.5522518754005432,-0.07692735642194748,0.42902588844299316,0.5898036360740662,-0.08902885019779205,0.4809654653072357,0.5760341286659241,-0.015222325921058655,0.4646722078323364,0.4765404462814331,-0.03518068045377731,0.454219788312912,0.4214664101600647,-0.047264449298381805,0.44513869285583496,0.372993528842926,-0.054161012172698975,0.5179998278617859,0.5746147632598877,-0.027207648381590843,0.5028576850891113,0.480360746383667,-0.045957308262586594,0.49211055040359497,0.42589786648750305,-0.05344027280807495,0.4823938310146332,0.3786325752735138,-0.05599045753479004,0.5580902695655823,0.5902882218360901,-0.04197727143764496,0.5620461106300354,0.5159235000610352,-0.05238428711891174,0.563747227191925,0.46937453746795654,-0.05237782374024391,0.5651530027389526,0.42656826972961426,-0.05052962899208069
0.5303599238395691,0.7799153923988342,1.6282494641473022e-07,0.4706568419933319,0.7547600269317627,-0.021285636350512505,0.41610124707221985,0.7136795520782471,-0.040222182869911194,0.3899625539779663,0.6627745628356934,-0.06095216050744057,0.42313504219055176,0.6248060464859009,-0.07849671691656113,0.4503258466720581,0.5976278781890869,-0.010664465837180614,0.4218759536743164,0.524429440498352,-0.04924692586064339,0.4197545051574707,0.5539939403533936,-0.0777818039059639,0.4301028847694397,0.5936231017112732,-0.09053028374910355,0.4820413887500763,0.5746879577636719,-0.015539205633103848,0.46542373299598694,0.476290225982666,-0.035355351865291595,0.45438283681869507,0.42105787992477417,-0.04871399328112602,0.44509273767471313,0.3734970688819885,-0.05697416886687279,0.5187510848045349,0.5733349919319153,-0.027302831411361694,0.5045439004898071,0.4805907905101776,-0.0459151528775692,0.49370574951171875,0.4269943833351135,-0.05458248406648636,0.483716756105423,0.3809812664985657,-0.05832294002175331,0.5582818984985352,0.5891498923301697,-0.04183745011687279,0.56220942735672,0.5146116018295288,-0.052144937217235565,0.5638394355773926,0.46870458126068115,-0.05249148979783058,0.5649778246879578,0.4266654849052429,-0.05123913288116455
0.5299469232559204,0.7796729803085327,1.6637335420455202e-07,0.4705888330936432,0.7542356252670288,-0.02089996077120304,0.4163270592689514,0.7133026123046875,-0.03965172916650772,0.39055511355400085,0.6627159118652344,-0.06026972830295563,0.4237827658653259,0.6242915391921997,-0.07774993032217026,0.4500759243965149,0.5986594557762146,-0.010428600944578648,0.42148125171661377,0.5255134105682373,-0.04867353290319443,0.41991204023361206,0.5540740489959717,-0.07686181366443634,0.43061771988868713,0.592775821685791,-0.08943506330251694,0.48164528608322144,0.5752875804901123,-0.015519090928137302,0.46476632356643677,0.47673505544662476,-0.03517025709152222,0.45396241545677185,0.4212788939476013,-0.04850400611758232,0.4450235366821289,0.37360453605651855,-0.05679704248905182,0.5182838439941406,0.573510468006134,-0.027442172169685364,0.5040379762649536,0.48074957728385925,-0.0459984615445137,0.4934188425540924,0.42730188369750977,-0.05484277382493019,0.48372262716293335,0.3815155625343323,-0.05878569558262825,0.5578437447547913,0.5889047980308533,-0.04208601638674736,0.5620535016059875,0.514357328414917,-0.05243925750255585,0.5640414953231812,0.46853482723236084,-0.052946921437978745,0.5654840469360352,0.42666661739349365,-0.051885586231946945
0.5305513739585876,0.7785877585411072,1.602152366331211e-07,0.47090375423431396,0.753683865070343,-0.021180996671319008,0.4166475534439087,0.7134602069854736,-0.039610959589481354,0.3896733820438385,0.6621682643890381,-0.05967018008232117,0.4222370982170105,0.6247298717498779,-0.07656151801347733,0.450801283121109,0.6008331775665283,-0.011401423253118992,0.4208402633666992,0.5267118811607361,-0.04829191789031029,0.42011409997940063,0.5525098443031311,-0.07484626024961472,0.43149667978286743,0.5885000228881836,-0.08665283024311066,0.4826297461986542,0.5775109529495239,-0.016215261071920395,0.4641324579715729,0.4788495898246765,-0.035965949296951294,0.45330116152763367,0.4232763946056366,-0.04948586970567703,0.44476261734962463,0.3752116560935974,-0.05808664858341217,0.519271969795227,0.5749365091323853,-0.027623340487480164,0.5036923289299011,0.48255205154418945,-0.0465356819331646,0.49278524518013,0.4293718934059143,-0.05612190440297127,0.48307183384895325,0.38399451971054077,-0.06070324778556824,0.5591771602630615,0.5892260074615479,-0.041654445230960846,0.5624270439147949,0.5150092244148254,-0.052263692021369934,0.5635828375816345,0.46967846155166626,-0.053467683494091034,0.5640133619308472,0.4287314713001251,-0.053118083626031876
0.5349229574203491,0.7887940406799316,1.4939588766083034e-07,0.47572997212409973,0.7619757652282715,-0.018402092158794403,0.42311805486679077,0.7206820845603943,-0.0353388637304306,0.3977871537208557,0.6707463264465332,-0.05428392067551613,0.4271669387817383,0.6322239637374878,-0.07057486474514008,0.4579204320907593,0.6103534698486328,-0.008549226447939873,0.42963671684265137,0.5401608347892761,-0.0438026525080204,0.4247630536556244,0.5622140169143677,-0.07009869813919067,0.4325035512447357,0.5952563285827637,-0.08221430331468582,0.48876306414604187,0.587207019329071,-0.014696482568979263,0.4706180989742279,0.49095818400382996,-0.03350874409079552,0.45843783020973206,0.4346058964729309,-0.046943437308073044,0.4491892158985138,0.386738121509552,-0.05556109920144081,0.5250506401062012,0.5853063464164734,-0.02704160287976265,0.5107643008232117,0.4936898946762085,-0.04495112970471382,0.5006301999092102,0.4402787983417511,-0.05375058576464653,0.4917674958705902,0.394540399312973,-0.057986319065093994,0.564452052116394,0.6008881330490112,-0.04181035980582237,0.5684448480606079,0.527457594871521,-0.05228704959154129,0.5705240964889526,0.4820716977119446,-0.05283767729997635,0.5724253058433533,0.4402619004249573,-0.05194096639752388
0.5345647931098938,0.7892541289329529,1.441986370309678e-07,0.4785531759262085,0.7612704634666443,-0.022164152935147285,0.42869803309440613,0.7187130451202393,-0.04127398505806923,0.40455278754234314,0.6670823097229004,-0.0619235560297966,0.43453818559646606,0.6298879384994507,-0.07942592352628708,0.46266409754753113,0.6079168319702148,-0.00862274318933487,0.43999284505844116,0.5353637337684631,-0.04543974623084068,0.4382655620574951,0.5615856647491455,-0.0740363597869873,0.44733113050460815,0.5985511541366577,-0.08763396739959717,0.49369990825653076,0.5893255472183228,-0.012853007763624191,0.48154711723327637,0.49595069885253906,-0.03269292786717415,0.4736621379852295,0.44131946563720703,-0.04834165424108505,0.46841487288475037,0.39311298727989197,-0.05907420441508293,0.5276597142219543,0.5905542969703674,-0.023887787014245987,0.5213651061058044,0.501218318939209,-0.04089133441448212,0.5150836706161499,0.4478011727333069,-0.049904290586709976,0.5085514783859253,0.401464581489563,-0.054842256009578705,0.5623786449432373,0.6077647805213928,-0.037933509796857834,0.5644318461418152,0.5363873243331909,-0.046073202043771744,0.5645478367805481,0.4925932288169861,-0.04573379456996918,0.5639352798461914,0.45327022671699524,-0.04495960474014282
0.5342144966125488,0.7886998653411865,1.5856087998145085e-07,0.4780152440071106,0.7632073163986206,-0.022308867424726486,0.4280257821083069,0.7183972597122192,-0.04120123013854027,0.4039261043071747,0.6651958227157593,-0.061465468257665634,0.43605750799179077,0.6305200457572937,-0.07828281819820404,0.4617461860179901,0.6067895293235779,-0.00846738088876009,0.43906161189079285,0.5344045758247375,-0.045200787484645844,0.4378700256347656,0.5614199638366699,-0.07312794774770737,0.4465476870536804,0.5983752608299255,-0.08607910573482513,0.4935375154018402,0.5869754552841187,-0.012258036993443966,0.4820040464401245,0.494284987449646,-0.03199751302599907,0.4741859436035156,0.44026124477386475,-0.04625866934657097,0.46782028675079346,0.3919084668159485,-0.0555751658976078,0.5280896425247192,0.5881138443946838,-0.022935209795832634,0.5209362506866455,0.49892914295196533,-0.03966108337044716,0.5150920152664185,0.44587936997413635,-0.04706358164548874,0.5088937878608704,0.39917755126953125,-0.05049223080277443,0.5629932284355164,0.6052003502845764,-0.0366797111928463,0.5640944242477417,0.5339164137840271,-0.04454696923494339,0.56427401304245,0.4902154803276062,-0.04365108162164688,0.5640662312507629,0.4507952928543091,-0.04213191196322441
0.5338103771209717,0.7858656644821167,1.3617142258226522e-07,0.4780578315258026,0.7599004507064819,-0.02235281653702259,0.4287145435810089,0.7151719331741333,-0.040744293481111526,0.40553587675094604,0.661641001701355,-0.060288794338703156,0.4387270212173462,0.6284862756729126,-0.0769689530134201,0.4619683027267456,0.6079568862915039,-0.0074273692443966866,0.4398316740989685,0.5385985374450684,-0.0425468385219574,0.4364224374294281,0.56285560131073,-0.07007439434528351,0.4434807598590851,0.5957930684089661,-0.08341453969478607,0.4926253855228424,0.589133083820343,-0.011366482824087143,0.48035386204719543,0.49682319164276123,-0.029138240963220596,0.4728964865207672,0.4428081512451172,-0.04348769783973694,0.46804696321487427,0.3926529288291931,-0.05366973578929901,0.5253778696060181,0.5911216139793396,-0.02220984362065792,0.514403223991394,0.5062488913536072,-0.03793898969888687,0.5071767568588257,0.45293450355529785,-0.04768724367022514,0.5006000399589539,0.40515750646591187,-0.05348629131913185,0.5592940449714661,0.6083921790122986,-0.03608265891671181,0.5524716973304749,0.5397775173187256,-0.043815191835165024,0.5471009612083435,0.49844568967819214,-0.044349100440740585,0.5415080785751343,0.46073609590530396,-0.044633518904447556
0.5342750549316406,0.784474790096283,1.2587037190314732e-07,0.4786375164985657,0.7589625120162964,-0.020090550184249878,0.42923909425735474,0.7148582935333252,-0.03804969787597656,0.40646225214004517,0.6631931066513062,-0.0574197992682457,0.43930551409721375,0.629432737827301,-0.07413062453269958,0.4631049931049347,0.6082888841629028,-0.009433446452021599,0.4401654005050659,0.5361577868461609,-0.045048363506793976,0.4353385865688324,0.5623358488082886,-0.07254436612129211,0.441181480884552,0.5990859270095825,-0.08548832684755325,0.493876576423645,0.5901349186897278,-0.013972891494631767,0.48286837339401245,0.4957974851131439,-0.032154347747564316,0.4752383530139923,0.441791296005249,-0.04595330357551575,0.4698932468891144,0.3939158618450165,-0.055277932435274124,0.5266685485839844,0.5925353765487671,-0.024801257997751236,0.5164412260055542,0.5066484808921814,-0.039317186921834946,0.5090699195861816,0.4524371027946472,-0.04674605652689934,0.5022311806678772,0.4040564298629761,-0.050793036818504333,0.5603562593460083,0.6098477244377136,-0.038489993661642075,0.5533131957054138,0.5405336618423462,-0.04498007893562317,0.5475663542747498,0.4991757869720459,-0.04343092441558838,0.5417355298995972,0.4621557593345642,-0.041822999715805054
0.5342127680778503,0.7848833799362183,1.2625159229173732e-07,0.4787125289440155,0.7589789032936096,-0.019839858636260033,0.4293053448200226,0.7148665189743042,-0.03767837956547737,0.4067186117172241,0.6633801460266113,-0.05700457841157913,0.43948879837989807,0.629156768321991,-0.07368821650743484,0.4634794294834137,0.6078883409500122,-0.008621268905699253,0.44092145562171936,0.5370166897773743,-0.04409453645348549,0.4354816973209381,0.5625917315483093,-0.07157204300165176,0.4406391680240631,0.5987300276756287,-0.0845046192407608,0.494037389755249,0.5898621678352356,-0.013377437368035316,0.4832397401332855,0.49601542949676514,-0.03141167387366295,0.47525423765182495,0.44181111454963684,-0.045059699565172195,0.4696149528026581,0.3940335810184479,-0.05421924218535423,0.5266299247741699,0.5924055576324463,-0.02448957972228527,0.5161254405975342,0.5067517757415771,-0.03907259553670883,0.5085810422897339,0.45260855555534363,-0.046578675508499146,0.5016347169876099,0.40443122386932373,-0.05062725394964218,0.5600915551185608,0.6100026369094849,-0.03845158964395523,0.5530259609222412,0.5409472584724426,-0.045105647295713425,0.5473604202270508,0.4997023940086365,-0.04371296614408493,0.5417276620864868,0.46274811029434204,-0.04217056557536125
0.5341085195541382,0.7849389910697937,1.2595353382494068e-07,0.4785327911376953,0.759088933467865,-0.02001190185546875,0.4291747808456421,0.7148644328117371,-0.03790360316634178,0.4067193269729614,0.6632856726646423,-0.057256657630205154,0.43940335512161255,0.6291105151176453,-0.07394740730524063,0.46324852108955383,0.6078975200653076,-0.00871159229427576,0.44082728028297424,0.5368428826332092,-0.04430557042360306,0.43564537167549133,0.5626121759414673,-0.0718645453453064,0.44093823432922363,0.5988309979438782,-0.08483384549617767,0.49392127990722656,0.589823842048645,-0.013391797430813313,0.4831998646259308,0.4959878921508789,-0.031449995934963226,0.47514253854751587,0.44191670417785645,-0.04514895752072334,0.4693506360054016,0.39421701431274414,-0.054347556084394455,0.5266169905662537,0.5924353003501892,-0.024453943595290184,0.5161892771720886,0.5066661834716797,-0.039061080664396286,0.5086175203323364,0.45269471406936646,-0.046579401940107346,0.5016160607337952,0.40461841225624084,-0.05063590407371521,0.5601918697357178,0.6101141571998596,-0.038382235914468765,0.5531198382377625,0.5412303805351257,-0.04506012797355652,0.5474035739898682,0.5000359416007996,-0.043707702308893204,0.5417689681053162,0.46302318572998047,-0.04218544438481331
0.5349658131599426,0.7789027094841003,1.2850124164742738e-07,0.4786064028739929,0.753673255443573,-0.019054658710956573,0.430059015750885,0.7091825008392334,-0.03630395233631134,0.4083629250526428,0.6568968296051025,-0.05516277253627777,0.4413033723831177,0.6236138343811035,-0.0713546946644783,0.46297022700309753,0.6044385433197021,-0.007578037213534117,0.4407367408275604,0.5332432389259338,-0.04205794259905815,0.43713128566741943,0.5583673119544983,-0.0690232664346695,0.443991482257843,0.5938707590103149,-0.08185631036758423,0.4939112365245819,0.5859853029251099,-0.012445269152522087,0.48311012983322144,0.49207937717437744,-0.029432853683829308,0.475525826215744,0.438357412815094,-0.04287894815206528,0.47048214077949524,0.3910098075866699,-0.052241187542676926,0.5265185832977295,0.5882750153541565,-0.023545552045106888,0.5165410041809082,0.5029696822166443,-0.03720799461007118,0.5096060037612915,0.450020968914032,-0.04484887048602104,0.503044068813324,0.40293633937835693,-0.04938431456685066,0.560184895992279,0.6052040457725525,-0.03744867071509361,0.5532350540161133,0.5373794436454773,-0.04373904690146446,0.5467485785484314,0.4970676898956299,-0.04260426014661789,0.5398752093315125,0.46094417572021484,-0.04150068387389183
0.5355210900306702,0.7807445526123047,1.2087220113699004e-07,0.47991204261779785,0.7557418942451477,-0.02066027745604515,0.4295458197593689,0.7113512754440308,-0.038250088691711426,0.4070145785808563,0.6582990288734436,-0.05722178518772125,0.4411654770374298,0.6237015128135681,-0.07349908351898193,0.4639870524406433,0.6047967076301575,-0.007238020654767752,0.44164568185806274,0.5351583361625671,-0.041938576847314835,0.43746110796928406,0.5604679584503174,-0.06947552412748337,0.4441043734550476,0.595607578754425,-0.08282589912414551,0.4946821331977844,0.5858315825462341,-0.01157273631542921,0.48364442586898804,0.493383526802063,-0.028556592762470245,0.4754082262516022,0.4397125244140625,-0.042371053248643875,0.4702163338661194,0.3919318914413452,-0.052067216485738754,0.5271485447883606,0.5876979231834412,-0.022471869364380836,0.516645610332489,0.5023938417434692,-0.03672727569937706,0.509274959564209,0.44920751452445984,-0.04492425173521042,0.5029035210609436,0.401776522397995,-0.04976402968168259,0.5604578256607056,0.6048632860183716,-0.0363231860101223,0.5527576804161072,0.5373527407646179,-0.043549418449401855,0.5460163354873657,0.49720102548599243,-0.04307093843817711,0.5392410159111023,0.46134114265441895,-0.04234267771244049
0.5355215072631836,0.7801748514175415,1.229779940103981e-07,0.4794924557209015,0.7550951838493347,-0.019976411014795303,0.429957777261734,0.7109657526016235,-0.03732201084494591,0.4079362154006958,0.6579280495643616,-0.056206803768873215,0.4409535527229309,0.6229429841041565,-0.0723709762096405,0.463081419467926,0.6051118969917297,-0.006767870392650366,0.4407702088356018,0.5337884426116943,-0.04149197041988373,0.4376107156276703,0.5598993897438049,-0.06906841695308685,0.44494423270225525,0.5956305861473083,-0.08234149217605591,0.49404075741767883,0.5862951278686523,-0.011234661564230919,0.48341116309165955,0.49306273460388184,-0.02801330015063286,0.4757559597492218,0.4394713342189789,-0.04185599461197853,0.47069883346557617,0.39140912890434265,-0.05161675065755844,0.526702880859375,0.5880993604660034,-0.0221998430788517,0.5169081091880798,0.5029326677322388,-0.03593219444155693,0.5096423029899597,0.44974571466445923,-0.044032007455825806,0.5030616521835327,0.40209507942199707,-0.048927679657936096,0.5602604150772095,0.604766845703125,-0.03607863932847977,0.5528228878974915,0.5374444723129272,-0.0427023209631443,0.5460193157196045,0.49752822518348694,-0.041935794055461884,0.539106011390686,0.46160513162612915,-0.04108940437436104
0.5354239344596863,0.7756070494651794,1.333114596491214e-07,0.47882553935050964,0.7506307363510132,-0.017181668430566788,0.430239200592041,0.7053922414779663,-0.03312832862138748,0.4093722701072693,0.6515419483184814,-0.05106543377041817,0.4425814747810364,0.6225701570510864,-0.0663488507270813,0.4648180902004242,0.6004300713539124,-0.005784554872661829,0.4435475468635559,0.5286591649055481,-0.037853024899959564,0.44201481342315674,0.5548033118247986,-0.06255750358104706,0.4497135877609253,0.5905699133872986,-0.07421495020389557,0.4954879879951477,0.5820098519325256,-0.011367274448275566,0.48389872908592224,0.4890833795070648,-0.028018184006214142,0.47765955328941345,0.43580883741378784,-0.04101913049817085,0.4734950661659241,0.38887643814086914,-0.04999038949608803,0.5280198454856873,0.5833269357681274,-0.02283584512770176,0.517629861831665,0.49670886993408203,-0.03681251406669617,0.5095703601837158,0.44432878494262695,-0.044833652675151825,0.5015078783035278,0.39849531650543213,-0.049439527094364166,0.5617976784706116,0.5986950993537903,-0.03682483360171318,0.5572880506515503,0.528123676776886,-0.04329673945903778,0.5532475709915161,0.4855934977531433,-0.04281109943985939,0.548927366733551,0.4473422169685364,-0.04219335317611694
0.5360864400863647,0.7773368954658508,1.3579781921180256e-07,0.48019397258758545,0.7527207136154175,-0.019587410613894463,0.4295622408390045,0.7066501975059509,-0.03578859940171242,0.4070781171321869,0.651909351348877,-0.053556375205516815,0.4413760304450989,0.6208862662315369,-0.06853364408016205,0.46475422382354736,0.6008780598640442,-0.005271392874419689,0.44341158866882324,0.532045304775238,-0.03769610449671745,0.44108644127845764,0.5546844005584717,-0.06257803738117218,0.4488816261291504,0.5870777368545532,-0.07430750131607056,0.4952012598514557,0.5805456638336182,-0.00976201705634594,0.4832985997200012,0.4895205497741699,-0.026220956817269325,0.47601500153541565,0.43637585639953613,-0.038329578936100006,0.4716411530971527,0.3899763226509094,-0.04640177637338638,0.5278372764587402,0.5811081528663635,-0.02072898857295513,0.5167900919914246,0.4956190586090088,-0.035433441400527954,0.5089007616043091,0.4430941939353943,-0.04298323020339012,0.5017667412757874,0.3972943425178528,-0.04680588096380234,0.5618264675140381,0.5969014763832092,-0.03449872508645058,0.5573781132698059,0.5266609191894531,-0.041954439133405685,0.5536817312240601,0.48439979553222656,-0.04180433601140976,0.5499137043952942,0.4463807940483093,-0.04103679955005646
0.5366765260696411,0.777176022529602,1.2673858407197258e-07,0.48026174306869507,0.7522622346878052,-0.019228382036089897,0.43001413345336914,0.7067337036132812,-0.035354483872652054,0.4077416956424713,0.6526558995246887,-0.05311873182654381,0.44095584750175476,0.6219860911369324,-0.06810127943754196,0.46464666724205017,0.6008341908454895,-0.005335620604455471,0.4432911276817322,0.5306932926177979,-0.038251083344221115,0.44139859080314636,0.5555049777030945,-0.06360730528831482,0.4494774341583252,0.5903502106666565,-0.07547856122255325,0.4954463541507721,0.5811072587966919,-0.009917807765305042,0.4841563403606415,0.48923859000205994,-0.026466157287359238,0.4771430790424347,0.43618687987327576,-0.03898617625236511,0.4726705253124237,0.3896234333515167,-0.04742639139294624,0.5282793641090393,0.5818240642547607,-0.020930228754878044,0.5175473690032959,0.4965353012084961,-0.03528716415166855,0.509416401386261,0.4437870979309082,-0.0430302619934082,0.5018454790115356,0.3974466919898987,-0.0471380241215229,0.5623568296432495,0.5975157022476196,-0.0347277969121933,0.5576417446136475,0.5273705720901489,-0.04161033779382706,0.553563117980957,0.48520299792289734,-0.04113983362913132,0.5494982004165649,0.4469376802444458,-0.040255285799503326
0.5376662015914917,0.7730185985565186,1.3363103334995685e-07,0.4797024726867676,0.748358964920044,-0.020069589838385582,0.42935872077941895,0.7037547826766968,-0.03671610355377197,0.407497763633728,0.6491291522979736,-0.05474291741847992,0.44252824783325195,0.620388925075531,-0.06986911594867706,0.4651571214199066,0.5977341532707214,-0.005943676456809044,0.4432608485221863,0.5265629887580872,-0.03943386673927307,0.44110363721847534,0.5550200939178467,-0.06550619006156921,0.44913721084594727,0.5927571654319763,-0.07763493806123734,0.4958774447441101,0.5799842476844788,-0.009766367264091969,0.4850435256958008,0.4869364798069,-0.025901222601532936,0.47875624895095825,0.43438225984573364,-0.03851921856403351,0.47517141699790955,0.38747507333755493,-0.0471399687230587,0.5281960964202881,0.5821852684020996,-0.020119132474064827,0.5164660215377808,0.49765869975090027,-0.03380725905299187,0.5073429942131042,0.44563618302345276,-0.04169091209769249,0.49919837713241577,0.3994232416152954,-0.04598619416356087,0.5619839429855347,0.5986541509628296,-0.03334830328822136,0.5547630190849304,0.5293029546737671,-0.03946147486567497,0.5484809875488281,0.4889069199562073,-0.03858034312725067,0.5422860383987427,0.4523473083972931,-0.037494439631700516
0.5387257933616638,0.7727547883987427,1.3353670169635734e-07,0.4810570776462555,0.7489120364189148,-0.01946854591369629,0.4297164976596832,0.7041131258010864,-0.03568894416093826,0.4079248607158661,0.649061381816864,-0.05337754637002945,0.44327759742736816,0.6191543936729431,-0.06825847923755646,0.46555420756340027,0.5987508893013,-0.0064199273474514484,0.4428929388523102,0.5274892449378967,-0.03909982368350029,0.4404442608356476,0.5558592081069946,-0.06448393315076828,0.4484438896179199,0.5934101939201355,-0.07637416571378708,0.4959462881088257,0.5805648565292358,-0.010566643439233303,0.48451748490333557,0.48749852180480957,-0.026683131232857704,0.47856613993644714,0.4341202974319458,-0.03924287483096123,0.4757194519042969,0.3867065906524658,-0.047794755548238754,0.527997612953186,0.5821540951728821,-0.021018629893660545,0.5153237581253052,0.49765563011169434,-0.03479795530438423,0.5061135292053223,0.44523248076438904,-0.04284537956118584,0.4982788860797882,0.39868807792663574,-0.04725748300552368,0.5616165995597839,0.5978868007659912,-0.034251172095537186,0.5545108318328857,0.5286366939544678,-0.04067577049136162,0.5488077998161316,0.4880605936050415,-0.04003920406103134,0.5435812473297119,0.4517151117324829,-0.03911585733294487
0.5353625416755676,0.7692984342575073,1.3959608224922704e-07,0.4769180119037628,0.7426559329032898,-0.01750197634100914,0.4288240671157837,0.6978136897087097,-0.03338628634810448,0.4070567488670349,0.6463381052017212,-0.05141513794660568,0.44003695249557495,0.6175838708877563,-0.06693056225776672,0.4650796055793762,0.5918899178504944,-0.0021777148358523846,0.4420742690563202,0.5237720608711243,-0.03532477468252182,0.43802040815353394,0.5518077611923218,-0.062058016657829285,0.4448150098323822,0.5887603163719177,-0.07464311271905899,0.49521613121032715,0.5748085975646973,-0.007194500416517258,0.4847179055213928,0.48232102394104004,-0.02279149927198887,0.4784277379512787,0.42932188510894775,-0.03550887107849121,0.47502487897872925,0.38229939341545105,-0.04410814866423607,0.5272250175476074,0.5772157311439514,-0.018685679882764816,0.5145794153213501,0.493442177772522,-0.031846631318330765,0.5048613548278809,0.442099928855896,-0.039865970611572266,0.49625036120414734,0.3967832028865814,-0.04420176520943642,0.5607998967170715,0.5940403342247009,-0.03289017453789711,0.5526624917984009,0.5255686640739441,-0.03848991170525551,0.545018196105957,0.4856702387332916,-0.037383537739515305,0.5371872782707214,0.4494691491127014,-0.036093082278966904
0.5356252193450928,0.7702609896659851,1.1072300765135878e-07,0.4789581894874573,0.7430895566940308,-0.01750907115638256,0.4291022717952728,0.6987928152084351,-0.03307383134961128,0.40847480297088623,0.6470487117767334,-0.050624847412109375,0.44121477007865906,0.6165790557861328,-0.06571679562330246,0.46491849422454834,0.5936683416366577,-0.0037925473880022764,0.442230224609375,0.5247739553451538,-0.03625212982296944,0.43862277269363403,0.5502383708953857,-0.061796776950359344,0.44595345854759216,0.5857656002044678,-0.07385475933551788,0.49535346031188965,0.5758864283561707,-0.00899035669863224,0.4841448962688446,0.4832579791545868,-0.02472902275621891,0.47780007123947144,0.4307110607624054,-0.03739140182733536,0.47534599900245667,0.38429540395736694,-0.04606719687581062,0.5277397036552429,0.5776039361953735,-0.02045576088130474,0.5150467753410339,0.4939556121826172,-0.03386085107922554,0.5054507851600647,0.44229936599731445,-0.04225005954504013,0.4976794719696045,0.39647600054740906,-0.047136444598436356,0.562001645565033,0.5941299200057983,-0.03458930552005768,0.5536689758300781,0.5268933176994324,-0.04093695804476738,0.5456488132476807,0.4876265525817871,-0.04050882160663605,0.5376908779144287,0.4519110918045044,-0.039823222905397415
0.5354205965995789,0.7701622247695923,1.1265828447903914e-07,0.47847455739974976,0.7429273128509521,-0.017229987308382988,0.42931777238845825,0.6983751058578491,-0.032755158841609955,0.40836024284362793,0.6471812725067139,-0.050385814160108566,0.43981945514678955,0.6163803935050964,-0.06560003012418747,0.464962363243103,0.5925654768943787,-0.002751198597252369,0.4426666796207428,0.5244095921516418,-0.0353512279689312,0.4387822449207306,0.5501220226287842,-0.061352379620075226,0.4458804726600647,0.5855801105499268,-0.07368578016757965,0.49537649750709534,0.5751249194145203,-0.008111686445772648,0.48442646861076355,0.48291605710983276,-0.023526828736066818,0.47791412472724915,0.4305415749549866,-0.0361868180334568,0.47513529658317566,0.3842332065105438,-0.04496931657195091,0.5277416110038757,0.5772975087165833,-0.019839759916067123,0.515106201171875,0.49341070652008057,-0.03286726400256157,0.5053305625915527,0.4420508146286011,-0.04115409776568413,0.4972479045391083,0.39661186933517456,-0.04608619585633278,0.5619620680809021,0.5943987965583801,-0.03425513580441475,0.5533857345581055,0.5269173383712769,-0.04025820270180702,0.545212984085083,0.48772022128105164,-0.03970153257250786,0.5370166897773743,0.4519772529602051,-0.03900815546512604
0.5381555557250977,0.7632405757904053,1.1436445390700101e-07,0.47943031787872314,0.7375808954238892,-0.01660768873989582,0.4295942187309265,0.6913542151451111,-0.03147142007946968,0.41058874130249023,0.6372386813163757,-0.048401810228824615,0.44465357065200806,0.6081839203834534,-0.06278418749570847,0.4642168879508972,0.5892961025238037,-0.003593841101974249,0.4420051574707031,0.518385648727417,-0.035812027752399445,0.43915241956710815,0.5468108057975769,-0.061099573969841,0.44586625695228577,0.5838200449943542,-0.0728757455945015,0.4946056008338928,0.5714311003684998,-0.009138227440416813,0.4835147559642792,0.47558483481407166,-0.0244145430624485,0.4776601493358612,0.42235618829727173,-0.03709368407726288,0.47436320781707764,0.3743499517440796,-0.045923780649900436,0.5262871980667114,0.5728874802589417,-0.020785005763173103,0.5140587687492371,0.48618483543395996,-0.03351883962750435,0.505191445350647,0.4341898560523987,-0.04189014062285423,0.49709469079971313,0.38776928186416626,-0.046849798411130905,0.559683084487915,0.5882714986801147,-0.03498712182044983,0.5488683581352234,0.5185285806655884,-0.040472473949193954,0.5404016375541687,0.47786182165145874,-0.03969201073050499,0.5320664048194885,0.44076064229011536,-0.03893503546714783
0.538686990737915,0.7638117074966431,1.0571906017275978e-07,0.48119762539863586,0.7399351596832275,-0.01877010613679886,0.4299347400665283,0.6913092136383057,-0.033738311380147934,0.4102252423763275,0.6345674395561218,-0.05047588050365448,0.4469163417816162,0.603727400302887,-0.06456887722015381,0.4655973017215729,0.5861268639564514,-0.0029402889776974916,0.4438888430595398,0.5167406797409058,-0.03608778864145279,0.4435858130455017,0.5465835928916931,-0.06275478005409241,0.4521397054195404,0.5841619372367859,-0.07535724341869354,0.49653327465057373,0.5685154795646667,-0.00735349440947175,0.4863568842411041,0.4750830829143524,-0.022942638024687767,0.48152250051498413,0.4222717881202698,-0.03626943752169609,0.47914832830429077,0.37397879362106323,-0.045643292367458344,0.5284697413444519,0.5700046420097351,-0.018411369994282722,0.5172911286354065,0.48449409008026123,-0.031743671745061874,0.5089116096496582,0.43186402320861816,-0.040574122220277786,0.5015091896057129,0.3848065733909607,-0.04559306055307388,0.56120365858078,0.584976851940155,-0.03231890872120857,0.5498538017272949,0.513822078704834,-0.038322728127241135,0.5412483811378479,0.4722212553024292,-0.038043294101953506,0.5327576994895935,0.43439003825187683,-0.03757614642381668
0.5387226343154907,0.76462322473526,1.1012903655682749e-07,0.4812830984592438,0.7403790354728699,-0.019361203536391258,0.4304642081260681,0.692097544670105,-0.034831009805202484,0.4103911519050598,0.6360278129577637,-0.05195542797446251,0.44675344228744507,0.6057001948356628,-0.06644640117883682,0.4665181636810303,0.5878645777702332,-0.004185003694146872,0.4435165524482727,0.5183001160621643,-0.03744656965136528,0.44221097230911255,0.5472067594528198,-0.06366188079118729,0.4510534405708313,0.5842971205711365,-0.07587242126464844,0.49756431579589844,0.5697845220565796,-0.008486626669764519,0.48696190118789673,0.4755800664424896,-0.02439580112695694,0.481954425573349,0.42254745960235596,-0.037601497024297714,0.4796202480792999,0.37334272265434265,-0.04679643735289574,0.5292835831642151,0.5708784461021423,-0.019410686567425728,0.517356812953949,0.484701007604599,-0.03318190574645996,0.5086525082588196,0.4311146140098572,-0.04223022237420082,0.5011056661605835,0.3827284574508667,-0.04732300713658333,0.5614529252052307,0.5857037901878357,-0.033146344125270844,0.5493477582931519,0.5140564441680908,-0.03933094069361687,0.5406423211097717,0.472253680229187,-0.039124563336372375,0.5323005318641663,0.4342955946922302,-0.03867768868803978
0.5386160612106323,0.7645742893218994,1.0829844399040667e-07,0.48079073429107666,0.739725649356842,-0.01877332665026188,0.43031156063079834,0.6918999552726746,-0.03423300012946129,0.41064512729644775,0.6361316442489624,-0.05147207900881767,0.4466763734817505,0.6056758761405945,-0.06611493229866028,0.46631503105163574,0.587803065776825,-0.003696857951581478,0.44384765625,0.5183590054512024,-0.03689855709671974,0.4423038065433502,0.5470889806747437,-0.063133604824543,0.45081862807273865,0.5840727090835571,-0.07537999749183655,0.4974648356437683,0.5697198510169983,-0.00831451267004013,0.486936092376709,0.47534358501434326,-0.024162983521819115,0.481947660446167,0.422347754240036,-0.03734953701496124,0.47973814606666565,0.37332814931869507,-0.0465584471821785,0.5293294191360474,0.5709187984466553,-0.019515180960297585,0.5175845623016357,0.48440709710121155,-0.03315401077270508,0.5088855028152466,0.4308606684207916,-0.04213953763246536,0.5013207793235779,0.38271307945251465,-0.04725231975317001,0.5619011521339417,0.5859392881393433,-0.033486854285001755,0.5499811172485352,0.5139672160148621,-0.03964243456721306,0.5409737825393677,0.471908301115036,-0.039430659264326096,0.5322117805480957,0.43370550870895386,-0.038989707827568054
0.5379338264465332,0.7659156322479248,1.2141445893121272e-07,0.48108258843421936,0.741096019744873,-0.020946191623806953,0.43067991733551025,0.6952974796295166,-0.038233496248722076,0.4097316265106201,0.640805184841156,-0.05683167651295662,0.4449337124824524,0.6068803071975708,-0.07253386080265045,0.4652947187423706,0.588558554649353,-0.00709898304194212,0.44483402371406555,0.5174932479858398,-0.04180830717086792,0.44440534710884094,0.5469340085983276,-0.06865067780017853,0.452519953250885,0.583533763885498,-0.08114475756883621,0.4969525635242462,0.5701199769973755,-0.011107250116765499,0.48719140887260437,0.4755587577819824,-0.02811863087117672,0.48210594058036804,0.42217445373535156,-0.041378483176231384,0.47890546917915344,0.3725389540195465,-0.05048336088657379,0.5296768546104431,0.5718092322349548,-0.021880969405174255,0.5189650058746338,0.4863665699958801,-0.03649231418967247,0.5103402733802795,0.43334251642227173,-0.04508330672979355,0.5024892091751099,0.38505303859710693,-0.04969364032149315,0.5633257627487183,0.5876733660697937,-0.03558237850666046,0.5522743463516235,0.5161077976226807,-0.04244586452841759,0.5436528921127319,0.4749755263328552,-0.041944388300180435,0.5351458191871643,0.4377145767211914,-0.04107175022363663
0.5378701090812683,0.7661021947860718,1.1762021046024529e-07,0.4808370769023895,0.7409559488296509,-0.02046833001077175,0.43085217475891113,0.6950883865356445,-0.03758759796619415,0.40998658537864685,0.6406601667404175,-0.05617419630289078,0.4448821544647217,0.6069713234901428,-0.07190749049186707,0.4660221040248871,0.5884422659873962,-0.006363577209413052,0.4452809989452362,0.5178699493408203,-0.040965933352708817,0.44407689571380615,0.5477156043052673,-0.06775394827127457,0.4518815577030182,0.5844426155090332,-0.08020491898059845,0.4975207448005676,0.5702522397041321,-0.010663991793990135,0.48737120628356934,0.47555747628211975,-0.027553757652640343,0.48213666677474976,0.42186662554740906,-0.04068315774202347,0.47906020283699036,0.3719404339790344,-0.04970182105898857,0.5301440954208374,0.5720138549804688,-0.021740203723311424,0.5190231800079346,0.48633575439453125,-0.03624310716986656,0.5102011561393738,0.4331723749637604,-0.04475804790854454,0.5022424459457397,0.3848852217197418,-0.04934261739253998,0.5638195872306824,0.5878922343254089,-0.035728443413972855,0.5525627732276917,0.5162455439567566,-0.04245125874876976,0.543773353099823,0.4749872386455536,-0.04186083748936653,0.5350985527038574,0.4376768171787262,-0.0409449003636837
0.538916826248169,0.7656886577606201,1.080389679941618e-07,0.4824393093585968,0.7434441447257996,-0.019503677263855934,0.43125995993614197,0.6958930492401123,-0.035471152514219284,0.4097309112548828,0.641631543636322,-0.05297892913222313,0.44320380687713623,0.609926700592041,-0.06761953234672546,0.46468687057495117,0.5875247120857239,-0.005925893783569336,0.4415401816368103,0.5152122378349304,-0.039235346019268036,0.43999046087265015,0.5459043979644775,-0.06520669907331467,0.44864892959594727,0.5837648510932922,-0.07726995646953583,0.4964788258075714,0.5691506266593933,-0.010321165435016155,0.4858444631099701,0.47453242540359497,-0.025908134877681732,0.48072969913482666,0.42124760150909424,-0.0385420024394989,0.47846487164497375,0.37180906534194946,-0.04748401790857315,0.5291278958320618,0.5715243816375732,-0.021310091018676758,0.5190994739532471,0.485659658908844,-0.03454531356692314,0.511069655418396,0.4326045513153076,-0.042816583067178726,0.5041537284851074,0.38437899947166443,-0.047665104269981384,0.5625053644180298,0.5878962278366089,-0.03513721749186516,0.5520752668380737,0.5167908072471619,-0.04155895859003067,0.5436830520629883,0.4747081696987152,-0.04133690148591995,0.5358024835586548,0.43590444326400757,-0.04084772616624832
0.539115309715271,0.7669755220413208,1.007570560318527e-07,0.4822984039783478,0.7439384460449219,-0.019518358632922173,0.4309193789958954,0.6957411766052246,-0.035349685698747635,0.4097058176994324,0.6411263346672058,-0.05268213525414467,0.44385984539985657,0.6095505952835083,-0.06717946380376816,0.46551230549812317,0.5877137184143066,-0.0060850172303617,0.44254183769226074,0.5161047577857971,-0.039401691406965256,0.44024384021759033,0.5477718114852905,-0.06549941003322601,0.4478047490119934,0.5862827897071838,-0.07766018807888031,0.4973403215408325,0.5694647431373596,-0.010575087741017342,0.48610153794288635,0.47569239139556885,-0.02623460814356804,0.48135337233543396,0.42209291458129883,-0.038922153413295746,0.47971951961517334,0.3725956082344055,-0.04796631634235382,0.5300598740577698,0.57186359167099,-0.02163727395236492,0.5202955007553101,0.48692283034324646,-0.034965552389621735,0.5128720998764038,0.4338923692703247,-0.04312874376773834,0.506260871887207,0.3857787847518921,-0.047843776643276215,0.5632778406143188,0.5882138013839722,-0.03555256873369217,0.5527694225311279,0.5167680978775024,-0.041820939630270004,0.5448740720748901,0.4749744236469269,-0.041153088212013245,0.5372380018234253,0.4372369050979614,-0.04035615548491478
0.5388924479484558,0.7662373185157776,1.0857132792807533e-07,0.48195555806159973,0.7435662746429443,-0.019500073045492172,0.4309495687484741,0.6958614587783813,-0.03563205152750015,0.409598171710968,0.6414600610733032,-0.05334855243563652,0.4432320296764374,0.6096631288528442,-0.06826119869947433,0.4651277959346771,0.5877552628517151,-0.005994981154799461,0.4423149526119232,0.5156976580619812,-0.03936721384525299,0.4402550160884857,0.5465494990348816,-0.06545805931091309,0.44835007190704346,0.5845889449119568,-0.07762489467859268,0.4968312680721283,0.5696725845336914,-0.010553204454481602,0.48603129386901855,0.4751160144805908,-0.02600191719830036,0.4808020293712616,0.42164933681488037,-0.0385461263358593,0.4785490334033966,0.37218135595321655,-0.04750926047563553,0.5294386148452759,0.5720585584640503,-0.02172280102968216,0.5191836953163147,0.4863259494304657,-0.03485524281859398,0.5111653804779053,0.4330492615699768,-0.04297536984086037,0.5042378902435303,0.3847008943557739,-0.04778226464986801,0.5627709031105042,0.5882533192634583,-0.03576495870947838,0.552124559879303,0.517135739326477,-0.04208919778466225,0.5439225435256958,0.474933922290802,-0.041686560958623886,0.5361839532852173,0.4362607002258301,-0.04112748056650162
0.5391924977302551,0.7666476368904114,1.031955818575625e-07,0.48210036754608154,0.7437069416046143,-0.019598549231886864,0.43081745505332947,0.6957641839981079,-0.035624969750642776,0.4095342457294464,0.6412769556045532,-0.05315205827355385,0.44346553087234497,0.609528660774231,-0.06783856451511383,0.4654150903224945,0.587834894657135,-0.006201902870088816,0.4424733817577362,0.5160608887672424,-0.039562344551086426,0.44023627042770386,0.5473576188087463,-0.06561808288097382,0.4478967785835266,0.5855567455291748,-0.07773731648921967,0.49724167585372925,0.5696182250976562,-0.010653838515281677,0.4860549867153168,0.4756240248680115,-0.02627260610461235,0.4809865355491638,0.42216789722442627,-0.03887849301099777,0.478988915681839,0.37271320819854736,-0.047855064272880554,0.5299270153045654,0.5719473958015442,-0.021690789610147476,0.5199504494667053,0.4866989850997925,-0.03497685119509697,0.5122396349906921,0.43346989154815674,-0.04309309273958206,0.5054530501365662,0.38523826003074646,-0.04778888821601868,0.5631624460220337,0.5881035923957825,-0.03559032082557678,0.5525180101394653,0.5165877938270569,-0.04190472140908241,0.5444290041923523,0.474481999874115,-0.0413394458591938,0.5366891622543335,0.4362983703613281,-0.040606651455163956
0.5343939065933228,0.7661656737327576,1.4700441397508257e-07,0.47672292590141296,0.7403988242149353,-0.02000432088971138,0.4277079403400421,0.6945332288742065,-0.03708304837346077,0.4059349298477173,0.6411047577857971,-0.05599286034703255,0.4396939277648926,0.6101042032241821,-0.07207439839839935,0.4631960391998291,0.5863752365112305,-0.003580621909350157,0.4404268264770508,0.5152440667152405,-0.03784932196140289,0.43671709299087524,0.5439971089363098,-0.06504195183515549,0.4442499876022339,0.5820170044898987,-0.07775455713272095,0.49380671977996826,0.5675927400588989,-0.00779298972338438,0.48434537649154663,0.4726870656013489,-0.023763129487633705,0.47828611731529236,0.4193256199359894,-0.03656768798828125,0.47500643134117126,0.3701029419898987,-0.04544243961572647,0.5254755020141602,0.5689945816993713,-0.018955396488308907,0.5158007740974426,0.481864869594574,-0.03213362768292427,0.5077285170555115,0.42771220207214355,-0.039638254791498184,0.5009214282035828,0.37957435846328735,-0.043741025030612946,0.5576937198638916,0.5842968821525574,-0.033215273171663284,0.5480638146400452,0.5122321248054504,-0.03915492817759514,0.5398901700973511,0.46892523765563965,-0.03832171857357025,0.5322078466415405,0.429343044757843,-0.037288300693035126
0.5352649688720703,0.7662937641143799,1.0528861338343631e-07,0.47852393984794617,0.7411279678344727,-0.020210187882184982,0.4281543493270874,0.6951356530189514,-0.03701396286487579,0.40817129611968994,0.6405562162399292,-0.055386338382959366,0.4425424337387085,0.6055272817611694,-0.070815809071064,0.46258512139320374,0.5876330733299255,-0.0051713851280510426,0.44099292159080505,0.5159691572189331,-0.0392083115875721,0.43910112977027893,0.545009195804596,-0.06578893959522247,0.44713759422302246,0.5821094512939453,-0.07818352431058884,0.4942045509815216,0.5684673190116882,-0.009385086596012115,0.4838976562023163,0.47440844774246216,-0.025603685528039932,0.4785519540309906,0.42119139432907104,-0.038662053644657135,0.4760676324367523,0.37223806977272034,-0.047935836017131805,0.5266202688217163,0.5694314241409302,-0.02044246904551983,0.5178196430206299,0.4834230840206146,-0.03421994298696518,0.5103542804718018,0.4295893907546997,-0.0424518845975399,0.5035907626152039,0.3814326524734497,-0.04715646058320999,0.5595523118972778,0.5840553641319275,-0.034470975399017334,0.5499958992004395,0.5115976929664612,-0.041094109416007996,0.5419731736183167,0.4689554274082184,-0.040645577013492584,0.5340260863304138,0.43066859245300293,-0.03993825986981392
0.5352484583854675,0.7666005492210388,1.209205890972953e-07,0.47835099697113037,0.7415838241577148,-0.019378894940018654,0.4280663728713989,0.6951449513435364,-0.03557373210787773,0.40768954157829285,0.6408117413520813,-0.05354733392596245,0.4421941041946411,0.6077892780303955,-0.06875567883253098,0.4626103639602661,0.5883224010467529,-0.004363426938652992,0.4398728609085083,0.5164805054664612,-0.03853114694356918,0.4378474950790405,0.5446571707725525,-0.06532403826713562,0.4466678500175476,0.5815634727478027,-0.07779216766357422,0.493846595287323,0.5691198706626892,-0.008914089761674404,0.48369672894477844,0.4741571247577667,-0.025214308872818947,0.47818899154663086,0.4202362298965454,-0.03841489553451538,0.47577595710754395,0.37072062492370605,-0.04766285419464111,0.526116132736206,0.5699513554573059,-0.02023248001933098,0.5163989663124084,0.4830581247806549,-0.03379087895154953,0.5085352659225464,0.42909520864486694,-0.04206770285964012,0.5019477605819702,0.38070979714393616,-0.046809375286102295,0.5589774250984192,0.5846685171127319,-0.03448375314474106,0.5489907264709473,0.5125131607055664,-0.040585726499557495,0.5409599542617798,0.47000086307525635,-0.04001786932349205,0.5334963798522949,0.43157440423965454,-0.039313819259405136
0.5335054993629456,0.7636008262634277,1.3851827418420726e-07,0.4766034185886383,0.7398198246955872,-0.020505838096141815,0.4267566502094269,0.6943235993385315,-0.037735920399427414,0.40429019927978516,0.6406986713409424,-0.05638613924384117,0.43785080313682556,0.6084940433502197,-0.0723252221941948,0.46123722195625305,0.5861181616783142,-0.007091432809829712,0.43793874979019165,0.5154827833175659,-0.042077478021383286,0.43440911173820496,0.5421014428138733,-0.06924012303352356,0.44208192825317383,0.577715277671814,-0.08180797845125198,0.4928664267063141,0.5662181973457336,-0.011240372434258461,0.483004093170166,0.4718378186225891,-0.02809004858136177,0.47736290097236633,0.41797149181365967,-0.04067642614245415,0.47440385818481445,0.3694634735584259,-0.049237679690122604,0.5252640843391418,0.5678572654724121,-0.022187452763319016,0.5177916884422302,0.48270612955093384,-0.03652222827076912,0.5116217136383057,0.4291706085205078,-0.04402109980583191,0.505845844745636,0.38202598690986633,-0.04780970886349678,0.5577923059463501,0.5841804146766663,-0.036089248955249786,0.5503363013267517,0.5115718245506287,-0.04297434538602829,0.5438162088394165,0.46859222650527954,-0.042124293744564056,0.5369098782539368,0.43047431111335754,-0.040798433125019073
0.5324837565422058,0.7635868191719055,1.1941483535338193e-07,0.4767894148826599,0.740156352519989,-0.020592421293258667,0.4260105788707733,0.694159209728241,-0.037262000143527985,0.4046158790588379,0.6398566961288452,-0.055264055728912354,0.439075767993927,0.6067183017730713,-0.0705314427614212,0.46010473370552063,0.5861712694168091,-0.00692017050459981,0.4372312128543854,0.5155967473983765,-0.04124831780791283,0.4352947175502777,0.5423240065574646,-0.06798230856657028,0.44423016905784607,0.5775375962257385,-0.0805118978023529,0.49187207221984863,0.5656802654266357,-0.010953197255730629,0.48193037509918213,0.4723220467567444,-0.02761637233197689,0.47666987776756287,0.41878795623779297,-0.040696870535612106,0.47429707646369934,0.3701106607913971,-0.04986486956477165,0.524395763874054,0.5667607188224792,-0.021720299497246742,0.5173947811126709,0.4823022186756134,-0.03615942224860191,0.5117101669311523,0.4293537139892578,-0.0444890521466732,0.5063234567642212,0.38226789236068726,-0.049061842262744904,0.5570311546325684,0.5824540257453918,-0.03539949655532837,0.5496460795402527,0.5102140307426453,-0.042660146951675415,0.5433263778686523,0.4675928056240082,-0.04248682036995888,0.5366038084030151,0.42946845293045044,-0.04183396324515343
0.5323414206504822,0.7633268237113953,1.1993252257980203e-07,0.4767722189426422,0.7399846315383911,-0.020528346300125122,0.4259815812110901,0.6941602826118469,-0.03717688471078873,0.4047902226448059,0.6399556398391724,-0.05514977127313614,0.4392005205154419,0.6064170598983765,-0.0704062357544899,0.46005016565322876,0.5862725377082825,-0.0071673160418868065,0.43711021542549133,0.5156208872795105,-0.041588686406612396,0.43544211983680725,0.542264461517334,-0.06836838275194168,0.4445958733558655,0.577309250831604,-0.08091918379068375,0.4919193387031555,0.5657596588134766,-0.011238953098654747,0.48198139667510986,0.47229278087615967,-0.02807474322617054,0.4767933487892151,0.4186978042125702,-0.041290365159511566,0.47445470094680786,0.3699686527252197,-0.05052773281931877,0.5244842767715454,0.5668724775314331,-0.022007370367646217,0.5175716280937195,0.4824107885360718,-0.03657941892743111,0.5119779109954834,0.429584264755249,-0.04498394578695297,0.506660521030426,0.3825502097606659,-0.049578938633203506,0.5571616888046265,0.5825902223587036,-0.035660915076732635,0.5499051213264465,0.5103979706764221,-0.04297209531068802,0.5436589121818542,0.46794962882995605,-0.04278917610645294,0.5370157361030579,0.43002134561538696,-0.042112085968256
0.5323721766471863,0.7637815475463867,1.5454412505278015e-07,0.4766710698604584,0.7410848140716553,-0.022146159783005714,0.42552730441093445,0.6953176856040955,-0.04010274261236191,0.4027159810066223,0.6406604051589966,-0.05914169177412987,0.436393141746521,0.604965090751648,-0.07505335658788681,0.4581192433834076,0.5846363306045532,-0.008661300875246525,0.43622174859046936,0.5118737816810608,-0.04460180178284645,0.43548765778541565,0.5374292731285095,-0.0719468966126442,0.44421038031578064,0.5728783011436462,-0.08443957567214966,0.4910397529602051,0.5639517903327942,-0.012260251678526402,0.48181334137916565,0.46934592723846436,-0.030387191101908684,0.4763948917388916,0.4148784279823303,-0.04363960027694702,0.47289031744003296,0.36611491441726685,-0.05246609449386597,0.5244343876838684,0.5658156871795654,-0.02280443161725998,0.5191548466682434,0.48228323459625244,-0.03820883482694626,0.5142801403999329,0.42945408821105957,-0.04575849696993828,0.5089543461799622,0.38252997398376465,-0.04924101382493973,0.5574465394020081,0.5822427272796631,-0.03643028065562248,0.5508641004562378,0.5098414421081543,-0.043805692344903946,0.5451467037200928,0.46715420484542847,-0.043003689497709274,0.5390558838844299,0.4288578927516937,-0.041576042771339417
0.5330610275268555,0.7645796537399292,1.4265177128436335e-07,0.47704261541366577,0.7405790686607361,-0.022317243739962578,0.42526963353157043,0.6951886415481567,-0.04037010297179222,0.40349993109703064,0.6402006149291992,-0.059515852481126785,0.4382137954235077,0.6032211780548096,-0.07546404749155045,0.45745038986206055,0.5844767093658447,-0.00867218617349863,0.4360789358615875,0.5107738971710205,-0.04423992335796356,0.43540158867836,0.5381307005882263,-0.07141721248626709,0.4442654848098755,0.5751470327377319,-0.08391108363866806,0.4903794229030609,0.564221978187561,-0.012307183817029,0.48092585802078247,0.4696080684661865,-0.02969302609562874,0.47605299949645996,0.41553688049316406,-0.042950794100761414,0.47363606095314026,0.3669268488883972,-0.05215590447187424,0.5240246057510376,0.5661855340003967,-0.022928498685359955,0.5186105966567993,0.48225224018096924,-0.03778264671564102,0.5138024687767029,0.4299212098121643,-0.0454871729016304,0.5087706446647644,0.3831433057785034,-0.04946615546941757,0.5574894547462463,0.5824687480926514,-0.03667442873120308,0.5506007671356201,0.509973406791687,-0.04404289275407791,0.5449516177177429,0.46710634231567383,-0.04338942840695381,0.5391358137130737,0.42821913957595825,-0.042265474796295166
0.5340483784675598,0.765338122844696,1.295400124945445e-07,0.4777880012989044,0.7416605353355408,-0.022140568122267723,0.42596182227134705,0.6961833834648132,-0.039382848888635635,0.4040026068687439,0.6418434977531433,-0.05777459219098091,0.43907901644706726,0.6079846024513245,-0.07297293841838837,0.45832645893096924,0.5877126455307007,-0.008370841853320599,0.43569710850715637,0.5139037370681763,-0.04336780682206154,0.43491971492767334,0.5421686172485352,-0.07034396380186081,0.4443695843219757,0.578997015953064,-0.08290299773216248,0.491057813167572,0.5669748187065125,-0.012037982232868671,0.4807571470737457,0.4737488925457001,-0.029429402202367783,0.47554340958595276,0.4187670052051544,-0.043257493525743484,0.4735666513442993,0.36883920431137085,-0.05298479273915291,0.5246875882148743,0.5682732462882996,-0.02255754917860031,0.5206400156021118,0.4851943850517273,-0.03750161454081535,0.5175714492797852,0.43427565693855286,-0.045599862933158875,0.5142498016357422,0.3884132504463196,-0.0497807115316391,0.5579349398612976,0.5841900110244751,-0.0362030453979969,0.5529012680053711,0.5127601027488708,-0.04357197880744934,0.5481493473052979,0.47038137912750244,-0.04302248731255531,0.5432774424552917,0.43201661109924316,-0.04197779670357704
0.5326399803161621,0.7643250226974487,1.56637952386518e-07,0.4764164984226227,0.7411366105079651,-0.02228810265660286,0.4256117343902588,0.6953728199005127,-0.04033539816737175,0.40271228551864624,0.6413427591323853,-0.05953052639961243,0.4377395212650299,0.6090884804725647,-0.07563643902540207,0.45875218510627747,0.5865752100944519,-0.009684974327683449,0.4359142780303955,0.5126930475234985,-0.04554922506213188,0.4341048002243042,0.5397194623947144,-0.07289239019155502,0.4426949620246887,0.5763612985610962,-0.08545269817113876,0.4912470579147339,0.566197395324707,-0.013227456249296665,0.48169997334480286,0.47214046120643616,-0.030893385410308838,0.4762168228626251,0.41708922386169434,-0.04391370713710785,0.47337281703948975,0.36754852533340454,-0.052750714123249054,0.524663507938385,0.5680972337722778,-0.02363584376871586,0.5209002494812012,0.4849892556667328,-0.038496680557727814,0.5177302956581116,0.43363580107688904,-0.045395802706480026,0.514116644859314,0.38816404342651367,-0.04849899560213089,0.557468056678772,0.5847802758216858,-0.0372333861887455,0.5526266098022461,0.5131233930587769,-0.04445553943514824,0.548321008682251,0.4705530107021332,-0.04325682297348976,0.5437241792678833,0.43244144320487976,-0.0415181964635849
0.5334633588790894,0.764766275882721,1.4453041785600362e-07,0.4770389199256897,0.741331934928894,-0.021554218605160713,0.42599523067474365,0.6954768896102905,-0.038921888917684555,0.4038146436214447,0.6416580080986023,-0.05754760652780533,0.4385303258895874,0.6092551946640015,-0.0730704665184021,0.458380788564682,0.587209939956665,-0.008531378582119942,0.4359736144542694,0.513885498046875,-0.04393695294857025,0.4348721206188202,0.540787935256958,-0.07102891057729721,0.44394102692604065,0.5770930051803589,-0.08347143977880478,0.4911079704761505,0.5666621327400208,-0.01242086011916399,0.48180627822875977,0.4728240370750427,-0.029919112101197243,0.4765990078449249,0.41764214634895325,-0.04324273020029068,0.47422853112220764,0.36788371205329895,-0.05235452950000763,0.5246860384941101,0.5682421326637268,-0.023107819259166718,0.5207881927490234,0.48488539457321167,-0.03786472603678703,0.5174129009246826,0.4335886240005493,-0.04531837999820709,0.5137176513671875,0.38786762952804565,-0.048904526978731155,0.5577778816223145,0.5846997499465942,-0.03689570352435112,0.5528873801231384,0.513047456741333,-0.044027652591466904,0.5481846928596497,0.47060978412628174,-0.04310137778520584,0.543424129486084,0.4323783218860626,-0.041630201041698456
0.5312376022338867,0.766566812992096,1.697588061233546e-07,0.47613435983657837,0.7429052591323853,-0.02243875339627266,0.42559224367141724,0.6962468028068542,-0.04048380255699158,0.4001791477203369,0.6429479718208313,-0.05958718806505203,0.43342649936676025,0.6107639074325562,-0.0754537582397461,0.4587021768093109,0.5849356651306152,-0.008853983134031296,0.43685317039489746,0.5129819512367249,-0.044793080538511276,0.43454134464263916,0.5398482084274292,-0.07228982448577881,0.44268301129341125,0.5772016644477844,-0.08498907834291458,0.4911828935146332,0.5647724866867065,-0.012524784542620182,0.4812820255756378,0.47151631116867065,-0.03088131546974182,0.475807785987854,0.41526979207992554,-0.04442262649536133,0.4731719195842743,0.3653259575366974,-0.053619448095560074,0.5246886610984802,0.5679494142532349,-0.023179519921541214,0.5247425436973572,0.48567619919776917,-0.03887106105685234,0.5247557163238525,0.4340803623199463,-0.04613340646028519,0.5235859155654907,0.3893124461174011,-0.04939786344766617,0.5569976568222046,0.5870459079742432,-0.03701313957571983,0.5559554100036621,0.5154927372932434,-0.04466860368847847,0.55455082654953,0.4728907346725464,-0.043646059930324554,0.5523665547370911,0.4346272945404053,-0.042095135897397995
0.5302641987800598,0.7633469104766846,1.582470190442109e-07,0.4755055010318756,0.7402784824371338,-0.02149577997624874,0.42449212074279785,0.6957693099975586,-0.03899111971259117,0.4003811478614807,0.6420377492904663,-0.05775545537471771,0.4315832257270813,0.6061311960220337,-0.07340255379676819,0.4570431709289551,0.5853331685066223,-0.008087294176220894,0.43480950593948364,0.5126993656158447,-0.043749984353780746,0.43366163969039917,0.5383342504501343,-0.07055050134658813,0.4429756999015808,0.5743223428726196,-0.08250217884778976,0.489577054977417,0.5650888085365295,-0.011702102608978748,0.48084142804145813,0.47101131081581116,-0.029352925717830658,0.47680702805519104,0.4174632430076599,-0.04198598116636276,0.47485679388046265,0.36920487880706787,-0.0505073107779026,0.5232387185096741,0.5674021244049072,-0.022297611460089684,0.5238093137741089,0.4870993494987488,-0.03787803277373314,0.5244100093841553,0.43897655606269836,-0.044660527259111404,0.5232865810394287,0.3965529203414917,-0.04739630967378616,0.5564466714859009,0.5844709873199463,-0.03593390807509422,0.5559735298156738,0.5126186609268188,-0.043455325067043304,0.5550175905227661,0.4712837338447571,-0.042165376245975494,0.5528450608253479,0.433845579624176,-0.040249526500701904
0.5298014283180237,0.7626698017120361,1.6827975457545108e-07,0.4753406047821045,0.7396054863929749,-0.023396221920847893,0.42444008588790894,0.6950194835662842,-0.041838549077510834,0.40058597922325134,0.6410696506500244,-0.06123882532119751,0.4329718053340912,0.6050860285758972,-0.0772213563323021,0.45659083127975464,0.5843844413757324,-0.009222409687936306,0.43458831310272217,0.5118131637573242,-0.04506811872124672,0.43427690863609314,0.53886878490448,-0.07184725999832153,0.4439132511615753,0.5755449533462524,-0.08376680314540863,0.4890635311603546,0.564099133014679,-0.012022512033581734,0.4807002544403076,0.470793753862381,-0.030066562816500664,0.47640886902809143,0.41752004623413086,-0.04308658093214035,0.4742460548877716,0.3689020276069641,-0.051880814135074615,0.5223144292831421,0.5664856433868408,-0.021972859278321266,0.5234057307243347,0.4861309826374054,-0.037919674068689346,0.5240388512611389,0.43816179037094116,-0.04516633227467537,0.5230910778045654,0.3959040343761444,-0.04820047318935394,0.5548960566520691,0.5833166241645813,-0.035099904984235764,0.5549178123474121,0.5118762254714966,-0.04275694862008095,0.5538568496704102,0.4708380103111267,-0.041819799691438675,0.551706850528717,0.43397730588912964,-0.0401795320212841
0.5295384526252747,0.7633649110794067,1.7212936143096158e-07,0.4747329354286194,0.7399709224700928,-0.022101091220974922,0.42458462715148926,0.6933543086051941,-0.039474427700042725,0.39955735206604004,0.6388381123542786,-0.05825306102633476,0.4311472177505493,0.6049957871437073,-0.07361159473657608,0.4576493799686432,0.5833044648170471,-0.004880788270384073,0.4376579821109772,0.5099365711212158,-0.040238212794065475,0.43630847334861755,0.5364866256713867,-0.06752095371484756,0.4448391795158386,0.5744398832321167,-0.07972759008407593,0.4889816641807556,0.5649808645248413,-0.00753310089930892,0.4807926416397095,0.4728820323944092,-0.024094076827168465,0.47714436054229736,0.41967177391052246,-0.036297477781772614,0.47597622871398926,0.3730539083480835,-0.04456935450434685,0.5218461751937866,0.5678749084472656,-0.01759975776076317,0.5186951160430908,0.4894777834415436,-0.03192310035228729,0.517079770565033,0.4419684410095215,-0.03833313286304474,0.5147157907485962,0.40066471695899963,-0.04094892367720604,0.5551207661628723,0.5844172239303589,-0.03095497190952301,0.5532590746879578,0.5135229825973511,-0.037192992866039276,0.551638662815094,0.4737475514411926,-0.03545815870165825,0.5493820309638977,0.4382258653640747,-0.033433977514505386
0.5296355485916138,0.7629196047782898,1.728386251897973e-07,0.47450506687164307,0.7398062944412231,-0.02192898653447628,0.4246963560581207,0.6937081813812256,-0.039830584079027176,0.399681031703949,0.6398994326591492,-0.059271398931741714,0.43052589893341064,0.6049220561981201,-0.07538951933383942,0.45771104097366333,0.5845927596092224,-0.005905976053327322,0.4372386932373047,0.5103673338890076,-0.04208744317293167,0.4355965554714203,0.5358597636222839,-0.07011526823043823,0.44410884380340576,0.5736324787139893,-0.08282553404569626,0.4892561435699463,0.5660325884819031,-0.008751551620662212,0.4806307256221771,0.47367483377456665,-0.026128601282835007,0.4766324758529663,0.4202490448951721,-0.03913075849413872,0.4750869870185852,0.3737488389015198,-0.048001423478126526,0.5223134756088257,0.5683992505073547,-0.01885877177119255,0.5186670422554016,0.4886709451675415,-0.033240169286727905,0.5168866515159607,0.44136086106300354,-0.03949018940329552,0.5141003131866455,0.4004865288734436,-0.04209423437714577,0.5558896660804749,0.5840850472450256,-0.03224828094244003,0.5537897348403931,0.5124989151954651,-0.03844624385237694,0.5521138906478882,0.4721270799636841,-0.03671863675117493,0.5496931076049805,0.4362655282020569,-0.03472736477851868
0.5301826000213623,0.7629936933517456,1.7091061010887643e-07,0.47475191950798035,0.7410619258880615,-0.02177206613123417,0.4238799214363098,0.6950237154960632,-0.03882348909974098,0.3993808627128601,0.6397000551223755,-0.057505808770656586,0.4318482577800751,0.6036757826805115,-0.0729273185133934,0.45644134283065796,0.5897064805030823,-0.004741037730127573,0.4363057613372803,0.5169432163238525,-0.040835630148649216,0.43615132570266724,0.539781391620636,-0.06822826713323593,0.445877343416214,0.5742931365966797,-0.08033766597509384,0.4883671700954437,0.5683461427688599,-0.007499172817915678,0.4793579578399658,0.47565147280693054,-0.02468755654990673,0.4748653769493103,0.4216242730617523,-0.03667563945055008,0.47261670231819153,0.37378382682800293,-0.04462993144989014,0.5215800404548645,0.567685604095459,-0.01769293285906315,0.517419695854187,0.48773565888404846,-0.032155703753232956,0.5156078934669495,0.4412385821342468,-0.03786950185894966,0.5127312541007996,0.40149402618408203,-0.039801135659217834,0.5552681088447571,0.580403745174408,-0.031213637441396713,0.5522534251213074,0.5086278319358826,-0.03699718043208122,0.5499988794326782,0.46926167607307434,-0.034845396876335144,0.5469355583190918,0.435274600982666,-0.03247101604938507
0.5289545655250549,0.7620342969894409,1.7817926334373624e-07,0.4742261469364166,0.742186427116394,-0.02254018746316433,0.4242512285709381,0.6958352327346802,-0.04029354453086853,0.4000544548034668,0.6400696635246277,-0.05955318734049797,0.4327196776866913,0.6043756604194641,-0.0754200741648674,0.4568408727645874,0.5890279412269592,-0.006689869798719883,0.43612098693847656,0.5149930715560913,-0.04310925677418709,0.43510672450065613,0.538834810256958,-0.0703280046582222,0.4440056085586548,0.574065625667572,-0.08219181001186371,0.4886516034603119,0.5678967237472534,-0.009164832532405853,0.47949281334877014,0.47459572553634644,-0.02638579159975052,0.47464558482170105,0.4204772114753723,-0.037646662443876266,0.4713291525840759,0.3721316456794739,-0.044942937791347504,0.5216785073280334,0.5674334764480591,-0.019080551341176033,0.517950713634491,0.4881862998008728,-0.033386580646038055,0.5161376595497131,0.4418172836303711,-0.03809230774641037,0.5124932527542114,0.40216755867004395,-0.039215054363012314,0.5551263093948364,0.5798133611679077,-0.03243085369467735,0.5520880818367004,0.507831871509552,-0.03822094947099686,0.5497709512710571,0.46864017844200134,-0.03557808697223663,0.5461238622665405,0.43518924713134766,-0.03266846388578415
0.5303471684455872,0.762244701385498,1.693288993465103e-07,0.4750376343727112,0.7413907647132874,-0.02089693769812584,0.4241536259651184,0.6948282122612,-0.03737170249223709,0.3996387720108032,0.6396302580833435,-0.05559874698519707,0.4319312572479248,0.603744626045227,-0.07057646661996841,0.4566607177257538,0.5899352431297302,-0.004372680094093084,0.43600594997406006,0.5168858766555786,-0.03998919576406479,0.4357878565788269,0.5393608212471008,-0.06689876317977905,0.4453635811805725,0.5734264850616455,-0.07872587442398071,0.4886581599712372,0.5679625272750854,-0.00740473810583353,0.47933924198150635,0.47513991594314575,-0.02437443844974041,0.4747392237186432,0.42072993516921997,-0.03601185232400894,0.47213008999824524,0.3727414608001709,-0.04368096590042114,0.5217462182044983,0.5669271349906921,-0.017747148871421814,0.517961323261261,0.4877294600009918,-0.031828995794057846,0.516340434551239,0.4414237439632416,-0.037127573043107986,0.5132684707641602,0.40194424986839294,-0.03879523277282715,0.5552418828010559,0.579153299331665,-0.03135639801621437,0.5523910522460938,0.5074852108955383,-0.036870114505290985,0.5501915216445923,0.4685114622116089,-0.03448079526424408,0.5468888878822327,0.4351133704185486,-0.03192755579948425
0.5297490358352661,0.7620307207107544,1.7907638039105223e-07,0.4747374355792999,0.7422338128089905,-0.022468803450465202,0.42416566610336304,0.6954737901687622,-0.03983640298247337,0.39958664774894714,0.639612078666687,-0.05867239460349083,0.43251103162765503,0.6046894192695618,-0.07415281981229782,0.4567575752735138,0.5895959138870239,-0.006468211300671101,0.43573206663131714,0.5151796936988831,-0.0425703302025795,0.4352133274078369,0.5384113788604736,-0.06953208148479462,0.4445073902606964,0.5731858015060425,-0.08129152655601501,0.4887675344944,0.5682334899902344,-0.00884412694722414,0.47941532731056213,0.4750250577926636,-0.026050053536891937,0.4747130870819092,0.4208787679672241,-0.037396810948848724,0.47162389755249023,0.37274110317230225,-0.04474206641316414,0.5218429565429688,0.567577064037323,-0.018631990998983383,0.5179867148399353,0.4886673092842102,-0.033043328672647476,0.5161653757095337,0.44223034381866455,-0.038039546459913254,0.512695848941803,0.40251749753952026,-0.03933429345488548,0.5551949143409729,0.5797922015190125,-0.03181272745132446,0.552185595035553,0.508105456829071,-0.037693411111831665,0.5500283241271973,0.46892422437667847,-0.035252008587121964,0.5466563701629639,0.43528878688812256,-0.03250841796398163
0.5410034656524658,0.7686424255371094,1.5386534357730852e-07,0.4834662973880768,0.7427352070808411,-0.018496185541152954,0.43261483311653137,0.6966871023178101,-0.03532901033759117,0.407169908285141,0.6397584080696106,-0.05404113978147507,0.43460139632225037,0.6011356115341187,-0.0697522908449173,0.46323394775390625,0.5904173851013184,-0.006765387952327728,0.43976616859436035,0.5117620229721069,-0.042402010411024094,0.43904969096183777,0.5320349335670471,-0.06938118487596512,0.44823065400123596,0.5652913451194763,-0.08182932436466217,0.49364134669303894,0.5730593800544739,-0.012159681878983974,0.47827842831611633,0.4766419231891632,-0.029932409524917603,0.4695563018321991,0.4225820302963257,-0.042955946177244186,0.4628238379955292,0.37474173307418823,-0.05161465331912041,0.5286754369735718,0.5751086473464966,-0.024041729047894478,0.5171616077423096,0.4836342930793762,-0.04061669483780861,0.5086387991905212,0.4319721460342407,-0.049098700284957886,0.4998718798160553,0.3857737183570862,-0.053758326917886734,0.5670607089996338,0.5920522809028625,-0.03846529498696327,0.5705037117004395,0.5214359760284424,-0.04807575047016144,0.5708803534507751,0.47751206159591675,-0.0491362139582634,0.5697693824768066,0.43548834323883057,-0.04916277155280113
0.5403414368629456,0.7698925733566284,1.2820802908208861e-07,0.4838326573371887,0.7436601519584656,-0.019511334598064423,0.43338340520858765,0.694843053817749,-0.0362059623003006,0.41224485635757446,0.6362563371658325,-0.054513514041900635,0.44486069679260254,0.6005522608757019,-0.0700167790055275,0.46456673741340637,0.5879488587379456,-0.006927540060132742,0.444080650806427,0.5093919634819031,-0.04240144416689873,0.4438490569591522,0.5316173434257507,-0.06930837780237198,0.45293551683425903,0.5678557753562927,-0.08156565576791763,0.4959549903869629,0.5714098215103149,-0.011507448740303516,0.48371613025665283,0.474748432636261,-0.02877521887421608,0.47648170590400696,0.42155778408050537,-0.04135345295071602,0.4709361791610718,0.37541091442108154,-0.04950012266635895,0.5305508375167847,0.5740002989768982,-0.02267117239534855,0.5197755098342896,0.48325228691101074,-0.037992123514413834,0.5115495920181274,0.4298538565635681,-0.04569103196263313,0.5029654502868652,0.38264527916908264,-0.049597714096307755,0.5671674013137817,0.5913578867912292,-0.03658493608236313,0.5637782216072083,0.520214319229126,-0.04450627788901329,0.5601951479911804,0.477430522441864,-0.04409375041723251,0.5561876893043518,0.43765729665756226,-0.04301993548870087
0.5442853569984436,0.7682369351387024,1.2654899705921707e-07,0.48704811930656433,0.7429785132408142,-0.021261116489768028,0.43500033020973206,0.694752037525177,-0.03837914764881134,0.41484764218330383,0.6351699829101562,-0.05678735673427582,0.45063135027885437,0.6003626585006714,-0.07227267324924469,0.46723413467407227,0.5867395401000977,-0.00810245331376791,0.4473381042480469,0.510775089263916,-0.04378262907266617,0.4494335651397705,0.537091851234436,-0.07086881250143051,0.4602969288825989,0.5743424892425537,-0.08332297950983047,0.4983808398246765,0.569679856300354,-0.012172511778771877,0.4859297573566437,0.4744998812675476,-0.029937472194433212,0.47876691818237305,0.4212340712547302,-0.043522704392671585,0.4738949239253998,0.37396496534347534,-0.0525822639465332,0.5325331687927246,0.5723657011985779,-0.022971386089920998,0.5203838348388672,0.4836040139198303,-0.039247166365385056,0.5105383396148682,0.4303809404373169,-0.048464931547641754,0.5011744499206543,0.38288986682891846,-0.05329432338476181,0.5688034296035767,0.5894485712051392,-0.03661464527249336,0.563180685043335,0.5161988139152527,-0.045169081538915634,0.5588117837905884,0.4724118411540985,-0.045619282871484756,0.5545415282249451,0.43155616521835327,-0.04526723921298981
0.5431667566299438,0.7683731913566589,1.4135909509604971e-07,0.4861665666103363,0.742579996585846,-0.021810341626405716,0.4343993067741394,0.6953834891319275,-0.03953942283987999,0.4138011038303375,0.6363539099693298,-0.058354396373033524,0.44930821657180786,0.6002045273780823,-0.07420003414154053,0.46718931198120117,0.5874252915382385,-0.009437080472707748,0.4472212791442871,0.5108101963996887,-0.045182447880506516,0.4482479393482208,0.5365649461746216,-0.07218646258115768,0.45808660984039307,0.5739692449569702,-0.08455747365951538,0.49818432331085205,0.5706683993339539,-0.013217844069004059,0.4861144423484802,0.4748111963272095,-0.031024793162941933,0.4790157079696655,0.42114585638046265,-0.044392187148332596,0.474292516708374,0.37400737404823303,-0.05327316373586655,0.5320922136306763,0.5734642148017883,-0.023686716333031654,0.5202792286872864,0.4845030903816223,-0.039951879531145096,0.510596513748169,0.43103575706481934,-0.04893600568175316,0.5014156103134155,0.38358408212661743,-0.05362400785088539,0.5681418180465698,0.5904431343078613,-0.0370025597512722,0.5630363821983337,0.517393946647644,-0.04550733417272568,0.5589827299118042,0.4735805094242096,-0.04573903605341911,0.5548255443572998,0.4327823519706726,-0.045224908739328384
0.5439110994338989,0.7679901719093323,1.3998000270021294e-07,0.48666661977767944,0.7425751686096191,-0.021832363680005074,0.4348142147064209,0.6951316595077515,-0.039526913315057755,0.4139442443847656,0.63603675365448,-0.05837197229266167,0.4494475722312927,0.6005027294158936,-0.07420236617326736,0.4672955870628357,0.5865840315818787,-0.008842306211590767,0.4473077058792114,0.510381281375885,-0.04478374496102333,0.4487914741039276,0.5364831686019897,-0.07195694744586945,0.45902591943740845,0.5741912722587585,-0.08437101542949677,0.4984285831451416,0.5696068406105042,-0.012627607211470604,0.4862770140171051,0.47420328855514526,-0.03058600425720215,0.4791991412639618,0.4208105802536011,-0.04401648789644241,0.4742942452430725,0.3737183213233948,-0.05284031108021736,0.5324375033378601,0.572398841381073,-0.023181496188044548,0.5204753875732422,0.4837261438369751,-0.039594460278749466,0.5106930732727051,0.430450439453125,-0.048544395714998245,0.5012782216072083,0.3830367922782898,-0.05308225378394127,0.5684078931808472,0.5896039009094238,-0.03659745305776596,0.5631614327430725,0.5166158676147461,-0.04523807764053345,0.5590434074401855,0.4729084074497223,-0.04550381004810333,0.5548458695411682,0.43219083547592163,-0.04490293934941292
0.5489271879196167,0.7673137187957764,1.1551085066230371e-07,0.48937422037124634,0.7419980764389038,-0.01892159879207611,0.4373256266117096,0.6912331581115723,-0.03435596078634262,0.4181038737297058,0.629611611366272,-0.05152161046862602,0.4555160701274872,0.5985833406448364,-0.06577567011117935,0.474261075258255,0.5859881639480591,-0.005243543069809675,0.453936368227005,0.5083338022232056,-0.03954922780394554,0.4551796317100525,0.5363928079605103,-0.06587468832731247,0.4642850160598755,0.5750262141227722,-0.07790735363960266,0.5058937668800354,0.5698550939559937,-0.009945292957127094,0.49397897720336914,0.4733631908893585,-0.02769315056502819,0.4874635338783264,0.41819867491722107,-0.041686031967401505,0.48239603638648987,0.3693717420101166,-0.05105575546622276,0.5390676259994507,0.5720126032829285,-0.0210729967802763,0.5269915461540222,0.4833487272262573,-0.03650454431772232,0.5166468620300293,0.4292519688606262,-0.04591015353798866,0.5060680508613586,0.38212722539901733,-0.05092470720410347,0.5738291144371033,0.5876271724700928,-0.03486163914203644,0.5669076442718506,0.5144481658935547,-0.04182532802224159,0.560976505279541,0.4718335270881653,-0.041593242436647415,0.5546289682388306,0.4341338276863098,-0.04102487862110138
0.548482358455658,0.7678409814834595,1.2273810057195078e-07,0.48940494656562805,0.7424582242965698,-0.019810650497674942,0.4369811415672302,0.6917595267295837,-0.035429906100034714,0.417239785194397,0.6306345462799072,-0.05240173637866974,0.4544108510017395,0.6010732650756836,-0.06650388985872269,0.47240355610847473,0.5866317749023438,-0.005955114495009184,0.4512791037559509,0.5099809765815735,-0.03988581523299217,0.4518369734287262,0.5358397960662842,-0.06571681797504425,0.4606112837791443,0.5720848441123962,-0.07751414179801941,0.5039429068565369,0.5695756673812866,-0.010119135491549969,0.4919378459453583,0.47356367111206055,-0.026965506374835968,0.48480236530303955,0.41986948251724243,-0.039969395846128464,0.4788912534713745,0.3716251254081726,-0.04861719161272049,0.5374833941459656,0.5713515877723694,-0.020814385265111923,0.5249233841896057,0.48287078738212585,-0.0360933318734169,0.5150650143623352,0.4294266402721405,-0.04533076658844948,0.5050122737884521,0.3823125958442688,-0.05020228028297424,0.5727313756942749,0.5871471762657166,-0.03420396149158478,0.5658143162727356,0.5143183469772339,-0.04120921343564987,0.5604996085166931,0.4719560742378235,-0.041095148772001266,0.5549003481864929,0.4339924156665802,-0.040586840361356735
0.5481895804405212,0.7673794627189636,1.2678303562552173e-07,0.48896709084510803,0.7417986392974854,-0.01955549418926239,0.4368123412132263,0.6914817690849304,-0.035233575850725174,0.4172019064426422,0.6307113170623779,-0.05242021381855011,0.4540405869483948,0.6007055044174194,-0.06675656139850616,0.4725334048271179,0.5850979685783386,-0.005597574636340141,0.45223161578178406,0.5089895129203796,-0.03954401984810829,0.4528491795063019,0.5355757474899292,-0.06554862856864929,0.46137574315071106,0.5728163719177246,-0.07745109498500824,0.5041450262069702,0.5685912370681763,-0.010053196921944618,0.4925282895565033,0.47259408235549927,-0.027127128094434738,0.4853821098804474,0.41824549436569214,-0.040410615503787994,0.47960445284843445,0.3695228099822998,-0.049218613654375076,0.537617564201355,0.5708433389663696,-0.021020397543907166,0.525390625,0.48290014266967773,-0.0363309383392334,0.5152717232704163,0.42943185567855835,-0.04550774022936821,0.5049787163734436,0.382159948348999,-0.0502869077026844,0.5726482272148132,0.5870518088340759,-0.03469064459204674,0.5655630826950073,0.5143119096755981,-0.04160521924495697,0.5601133704185486,0.4717911183834076,-0.04123814404010773,0.5544504523277283,0.4333915710449219,-0.04051261022686958
0.5492863655090332,0.7694047093391418,1.245059166876672e-07,0.4907147288322449,0.7442162036895752,-0.02030608244240284,0.43879979848861694,0.6940984725952148,-0.036752354353666306,0.42096683382987976,0.6344262957572937,-0.05477529391646385,0.45833688974380493,0.6031348705291748,-0.06987063586711884,0.474407821893692,0.5860621929168701,-0.007668255362659693,0.45334506034851074,0.5090408325195312,-0.04255837947130203,0.4559093117713928,0.5373825430870056,-0.06912904977798462,0.4663986563682556,0.5764725208282471,-0.0814591646194458,0.5068207383155823,0.5681197047233582,-0.012420384213328362,0.4954869747161865,0.47173622250556946,-0.03057778626680374,0.48879528045654297,0.41736355423927307,-0.04500143602490425,0.48385950922966003,0.3689112663269043,-0.054704707115888596,0.5406786799430847,0.5702031254768372,-0.023621845990419388,0.5291720628738403,0.4811723232269287,-0.039507314562797546,0.5191971063613892,0.42724454402923584,-0.04890818148851395,0.509357750415802,0.3786883056163788,-0.054046981036663055,0.5758043527603149,0.5868132710456848,-0.03762119263410568,0.5697610974311829,0.5144523978233337,-0.04529872536659241,0.5646014213562012,0.4708239734172821,-0.04539306461811066,0.5596728324890137,0.43043065071105957,-0.045011457055807114
0.5487247705459595,0.7713022232055664,1.0951524131996848e-07,0.49056485295295715,0.7437882423400879,-0.020128611475229263,0.4392702281475067,0.6924846768379211,-0.036069050431251526,0.4216594398021698,0.633884608745575,-0.05365621671080589,0.45855680108070374,0.6048778891563416,-0.06853444129228592,0.47495150566101074,0.586147129535675,-0.005908560007810593,0.45326024293899536,0.5121864080429077,-0.040366627275943756,0.45400571823120117,0.5402471423149109,-0.06699041277170181,0.46377241611480713,0.5777584314346313,-0.0794423297047615,0.506615400314331,0.5682408213615417,-0.010691755451261997,0.494527131319046,0.4739379286766052,-0.027645636349916458,0.48696133494377136,0.4204275608062744,-0.04135521501302719,0.4818175435066223,0.3718874454498291,-0.05067712441086769,0.5406891107559204,0.5705175399780273,-0.02212986722588539,0.5290012359619141,0.4823185205459595,-0.03759969398379326,0.5192907452583313,0.42865055799484253,-0.046982865780591965,0.51033616065979,0.38030189275741577,-0.05211279168725014,0.5762613415718079,0.5877595543861389,-0.03641895949840546,0.5702914595603943,0.5159292817115784,-0.043988339602947235,0.5655230283737183,0.472459614276886,-0.04409944638609886,0.5610915422439575,0.432295560836792,-0.04372270777821541
0.549393892288208,0.7705922722816467,1.1572054603448123e-07,0.49060285091400146,0.7443265914916992,-0.020082533359527588,0.4392099976539612,0.6927935481071472,-0.03597729280591011,0.42143118381500244,0.6339970231056213,-0.05349600687623024,0.4585645794868469,0.605486273765564,-0.0682811513543129,0.4745725691318512,0.5867028832435608,-0.006286670919507742,0.4529426693916321,0.511734664440155,-0.040429919958114624,0.4531656801700592,0.5392667651176453,-0.06651613116264343,0.4624144434928894,0.576468288898468,-0.07865595072507858,0.5064523816108704,0.5679153800010681,-0.010920630767941475,0.494800865650177,0.47304534912109375,-0.027927527204155922,0.4872538447380066,0.4191367030143738,-0.04130753129720688,0.4815640449523926,0.3701930642127991,-0.05032748356461525,0.5407233238220215,0.5696820020675659,-0.022128837183117867,0.5289471745491028,0.48101547360420227,-0.03741905838251114,0.5194478631019592,0.42724505066871643,-0.04651936888694763,0.5103726387023926,0.37871307134628296,-0.05144983157515526,0.5766140818595886,0.5862264633178711,-0.03616506978869438,0.570655107498169,0.514228105545044,-0.04377175122499466,0.5657788515090942,0.470318078994751,-0.04395876079797745,0.5612513422966003,0.4295537769794464,-0.0435696542263031
0.5499722361564636,0.7700192928314209,1.1179830750052133e-07,0.4913688004016876,0.7421553134918213,-0.01879037544131279,0.4401330053806305,0.6923763155937195,-0.0346219539642334,0.42227891087532043,0.6337410807609558,-0.05235360562801361,0.4593241512775421,0.6034786105155945,-0.06716347485780716,0.47670143842697144,0.5865564942359924,-0.00514695979654789,0.4545290172100067,0.5101894736289978,-0.040249016135931015,0.4546412229537964,0.5376827716827393,-0.06727568060159683,0.46380147337913513,0.5758026242256165,-0.0797991156578064,0.508552610874176,0.5693621635437012,-0.010287679731845856,0.49513235688209534,0.47469156980514526,-0.027851808816194534,0.48728084564208984,0.4207252860069275,-0.04159855097532272,0.4813750684261322,0.37332820892333984,-0.05083392560482025,0.5435510277748108,0.571948766708374,-0.022003764286637306,0.5329517722129822,0.48325300216674805,-0.037761177867650986,0.5243046283721924,0.43002980947494507,-0.046320777386426926,0.5148611068725586,0.3835008144378662,-0.050800662487745285,0.5808006525039673,0.589042603969574,-0.03640611469745636,0.5784610509872437,0.5180473327636719,-0.04375341907143593,0.5750765204429626,0.47632548213005066,-0.04297342896461487,0.5702629685401917,0.43945685029029846,-0.04189445450901985
0.5488766431808472,0.7704779505729675,1.305368044768329e-07,0.4911065697669983,0.7416471838951111,-0.020054778084158897,0.4406684339046478,0.6910532712936401,-0.03643585741519928,0.42288103699684143,0.631436824798584,-0.054506074637174606,0.4599318504333496,0.5977790951728821,-0.06975866854190826,0.4755791425704956,0.5882887840270996,-0.005518555641174316,0.45432737469673157,0.5113433003425598,-0.04200408235192299,0.45486176013946533,0.536063015460968,-0.07030463218688965,0.4647652208805084,0.5713051557540894,-0.08347677439451218,0.5065860152244568,0.5708804726600647,-0.00990550871938467,0.4940330684185028,0.47559797763824463,-0.02774069271981716,0.48657748103141785,0.4209437370300293,-0.04152260348200798,0.48081573843955994,0.372125506401062,-0.050780732184648514,0.5412818789482117,0.5731086134910583,-0.02121022902429104,0.531056821346283,0.4829399585723877,-0.03721350058913231,0.5224918723106384,0.4301240146160126,-0.04628586396574974,0.513742208480835,0.3837709426879883,-0.051045771688222885,0.5786739587783813,0.5897030830383301,-0.03535422310233116,0.5763442516326904,0.5175786018371582,-0.04312491789460182,0.5726169943809509,0.4751403331756592,-0.043134164065122604,0.5680043697357178,0.4372330904006958,-0.042574215680360794
0.5486128926277161,0.7699915170669556,1.3194879500133538e-07,0.4910125136375427,0.741377055644989,-0.019882358610630035,0.4407728910446167,0.6905876994132996,-0.03626403957605362,0.42336130142211914,0.6309978365898132,-0.05432664975523949,0.4609154760837555,0.5982982516288757,-0.0696440115571022,0.47658008337020874,0.5878331065177917,-0.006061826832592487,0.4552120864391327,0.5110018253326416,-0.04264538362622261,0.4547346830368042,0.5357683897018433,-0.07102252542972565,0.46394631266593933,0.5716948509216309,-0.08427576720714569,0.5073786377906799,0.5706391930580139,-0.010472378693521023,0.4950667917728424,0.47507649660110474,-0.028582299128174782,0.48704949021339417,0.420157790184021,-0.04248519986867905,0.48065662384033203,0.37168729305267334,-0.051766760647296906,0.5417793393135071,0.5730741024017334,-0.021677467972040176,0.531667172908783,0.48270368576049805,-0.037650950253009796,0.523124635219574,0.4294709265232086,-0.046488404273986816,0.5142923593521118,0.3829640746116638,-0.05107167363166809,0.5786260962486267,0.5900118947029114,-0.03570856526494026,0.5766104459762573,0.5181611180305481,-0.04343472048640251,0.5729349851608276,0.4757035970687866,-0.043276142328977585,0.568312406539917,0.4379121959209442,-0.04256662726402283
0.5506972074508667,0.7719200253486633,1.3505027141036408e-07,0.49215924739837646,0.7445875406265259,-0.020379943773150444,0.4398469030857086,0.693834125995636,-0.03695402666926384,0.42180967330932617,0.6333824992179871,-0.05512309446930885,0.45854711532592773,0.6007917523384094,-0.07055378705263138,0.4760512113571167,0.5907385349273682,-0.008076189085841179,0.45446234941482544,0.5142550468444824,-0.04377073422074318,0.45499488711357117,0.5357404947280884,-0.07084433734416962,0.46445992588996887,0.5674886107444763,-0.08372984826564789,0.5080134868621826,0.5717748999595642,-0.012829119339585304,0.49438658356666565,0.4766443967819214,-0.030941447243094444,0.4862445890903473,0.42190974950790405,-0.04441037401556969,0.48007845878601074,0.3729585111141205,-0.05354498699307442,0.5438634157180786,0.5733998417854309,-0.024228228256106377,0.5335732698440552,0.48368507623672485,-0.04142788425087929,0.5252989530563354,0.4313778579235077,-0.05111395940184593,0.5165390372276306,0.38486433029174805,-0.05636313930153847,0.5827099084854126,0.5904815196990967,-0.038376934826374054,0.58391273021698,0.5193470120429993,-0.04821225255727768,0.5818101763725281,0.47623637318611145,-0.049888402223587036,0.5780525803565979,0.4365481734275818,-0.05046381056308746
0.5504346489906311,0.7722749710083008,1.4286754890235898e-07,0.49206891655921936,0.7437300682067871,-0.020087817683815956,0.440322607755661,0.6924336552619934,-0.03651696443557739,0.4208945035934448,0.6328021883964539,-0.05462464317679405,0.45727142691612244,0.6013253331184387,-0.07003159075975418,0.4776679575443268,0.5902222990989685,-0.007377320434898138,0.45580965280532837,0.5136440992355347,-0.042819246649742126,0.4551469385623932,0.5354015231132507,-0.06977785378694534,0.46381568908691406,0.5674900412559509,-0.08258632570505142,0.5090691447257996,0.5720371007919312,-0.012026509270071983,0.4955662786960602,0.4763897955417633,-0.02997519075870514,0.4868345260620117,0.4220053553581238,-0.04317636042833328,0.4800002872943878,0.3734660744667053,-0.05202218517661095,0.5445665121078491,0.5739033818244934,-0.02332652360200882,0.5338528752326965,0.48336830735206604,-0.04046882316470146,0.5252119898796082,0.4306034445762634,-0.04995332285761833,0.5162942409515381,0.38375747203826904,-0.054906900972127914,0.5832160115242004,0.5907152891159058,-0.03734442591667175,0.5840031504631042,0.5189088582992554,-0.04711367189884186,0.5815977454185486,0.4750916361808777,-0.048690181225538254,0.5776140093803406,0.43457701802253723,-0.04910871013998985
0.5504916906356812,0.7721970081329346,1.4033129502877273e-07,0.4917447566986084,0.7436716556549072,-0.020194415003061295,0.4397057890892029,0.6926355361938477,-0.036654993891716,0.4208011031150818,0.6329970955848694,-0.05477369204163551,0.4577843248844147,0.6015087962150574,-0.07015208154916763,0.47685715556144714,0.5903794169425964,-0.007244344335049391,0.45491909980773926,0.5134891271591187,-0.042473308742046356,0.4546739459037781,0.5351916551589966,-0.06926509737968445,0.4639138877391815,0.5674545168876648,-0.08199706673622131,0.5083616971969604,0.5717759132385254,-0.011746427975594997,0.49477124214172363,0.47619718313217163,-0.029396235942840576,0.48633256554603577,0.4223827123641968,-0.04237845167517662,0.4798458516597748,0.3744300305843353,-0.05112798884510994,0.5439708828926086,0.573483407497406,-0.022933440282940865,0.5332244038581848,0.4825444519519806,-0.039839524775743484,0.5247113704681396,0.43008947372436523,-0.04925190284848213,0.516158401966095,0.38355404138565063,-0.05422019585967064,0.5828242897987366,0.5902746319770813,-0.03685583919286728,0.5838814973831177,0.5184377431869507,-0.04659296199679375,0.5815961956977844,0.4743691384792328,-0.048277124762535095,0.5779470801353455,0.4334110915660858,-0.0487821102142334
0.5500397086143494,0.7727731466293335,1.371078894862876e-07,0.4906668961048126,0.7438868284225464,-0.019246144220232964,0.43797823786735535,0.691664457321167,-0.03463362157344818,0.41948357224464417,0.6309551000595093,-0.051892492920160294,0.4573785066604614,0.6003542542457581,-0.06608788669109344,0.47525453567504883,0.5909829139709473,-0.005851079244166613,0.45404860377311707,0.5121873617172241,-0.04039601609110832,0.4551643431186676,0.5374324321746826,-0.06627082079648972,0.4639900326728821,0.5722107291221619,-0.07828935235738754,0.5072284936904907,0.572259783744812,-0.010588198900222778,0.4930965304374695,0.47663629055023193,-0.027583502233028412,0.48501965403556824,0.4228214919567108,-0.040134966373443604,0.4780835509300232,0.3741375803947449,-0.04861174896359444,0.543664276599884,0.5736290812492371,-0.021966297179460526,0.5324640870094299,0.483604371547699,-0.03860429301857948,0.5239744782447815,0.4336041808128357,-0.04752432927489281,0.5145850777626038,0.3891248106956482,-0.052042990922927856,0.5836434364318848,0.5897517204284668,-0.03602060675621033,0.5862443447113037,0.5184139013290405,-0.045616552233695984,0.5856825113296509,0.4745326638221741,-0.04710245504975319,0.5837404131889343,0.43358874320983887,-0.047404851764440536
0.5505865812301636,0.7729448676109314,1.357014696168335e-07,0.4910266697406769,0.7437987327575684,-0.018744783475995064,0.43834877014160156,0.6912346482276917,-0.03380868211388588,0.41940951347351074,0.6308600306510925,-0.05080575868487358,0.4566389322280884,0.6006553173065186,-0.0647481232881546,0.4757295846939087,0.5911188721656799,-0.0055654761381447315,0.45455610752105713,0.5120585560798645,-0.039747122675180435,0.4553665816783905,0.5373620390892029,-0.06530642509460449,0.463769793510437,0.5722634792327881,-0.07710752636194229,0.5075559020042419,0.5728331208229065,-0.010511926375329494,0.4932955801486969,0.47706398367881775,-0.02724873647093773,0.48516085743904114,0.42294082045555115,-0.03960253670811653,0.4782380163669586,0.3741922080516815,-0.04797086492180824,0.5438252687454224,0.5743945837020874,-0.022033238783478737,0.5326667428016663,0.4845598638057709,-0.03844865784049034,0.5243858098983765,0.4342907667160034,-0.047377511858940125,0.5151399970054626,0.3898059129714966,-0.051967158913612366,0.5836639404296875,0.5905604362487793,-0.036178506910800934,0.5863410830497742,0.5191416144371033,-0.045573148876428604,0.5858210921287537,0.47513800859451294,-0.046989355236291885,0.5838406085968018,0.434244304895401,-0.04731358587741852
0.550457239151001,0.7725864052772522,1.396675628484445e-07,0.49067309498786926,0.7430328130722046,-0.018560849130153656,0.4383368194103241,0.6909624338150024,-0.03366145119071007,0.41970688104629517,0.6310593485832214,-0.050741489976644516,0.45686009526252747,0.6005353331565857,-0.06475791335105896,0.4756864309310913,0.5911608338356018,-0.005302189849317074,0.4544943869113922,0.5121822357177734,-0.03939569741487503,0.45545315742492676,0.5374317765235901,-0.06491044163703918,0.4639700651168823,0.5723346471786499,-0.07668524235486984,0.5074520111083984,0.572885274887085,-0.010316488333046436,0.4932548999786377,0.4769713282585144,-0.026954587548971176,0.4852263033390045,0.4230259656906128,-0.0392964705824852,0.47834885120391846,0.37445783615112305,-0.04767980799078941,0.5436786413192749,0.5743143558502197,-0.02188747748732567,0.5324907302856445,0.48421329259872437,-0.038095973432064056,0.5242213010787964,0.43389520049095154,-0.046907052397727966,0.5149648189544678,0.38937753438949585,-0.051474329084157944,0.5834800004959106,0.5902795195579529,-0.036078207194805145,0.586171567440033,0.5188868641853333,-0.04525762423872948,0.5856910347938538,0.47488850355148315,-0.046521902084350586,0.5837534666061401,0.43397438526153564,-0.04677116498351097
0.5472878217697144,0.7687646746635437,1.7495561621672095e-07,0.4880041480064392,0.7402650117874146,-0.019598936662077904,0.43685364723205566,0.6907107830047607,-0.03551353141665459,0.41844141483306885,0.6311958432197571,-0.053257014602422714,0.4552578032016754,0.597859263420105,-0.06792552769184113,0.4731637239456177,0.5892461538314819,-0.006071705371141434,0.4507790207862854,0.5109273195266724,-0.04078331217169762,0.45337459444999695,0.5350118279457092,-0.06690013408660889,0.4641736149787903,0.5687064528465271,-0.07896379381418228,0.504576563835144,0.5706334114074707,-0.010814237408339977,0.49075353145599365,0.4746171534061432,-0.027756698429584503,0.4829561412334442,0.42154207825660706,-0.04046022891998291,0.47615939378738403,0.3735600709915161,-0.049039922654628754,0.5408454537391663,0.571877658367157,-0.022264758124947548,0.5300548076629639,0.48016032576560974,-0.03958159685134888,0.5220462083816528,0.4301622807979584,-0.04903525859117508,0.5137126445770264,0.38627925515174866,-0.05386621132493019,0.5807642340660095,0.5882742404937744,-0.036326564848423004,0.5874350070953369,0.5162815451622009,-0.0463932566344738,0.5917363166809082,0.47217845916748047,-0.04803081974387169,0.5946689248085022,0.4317176043987274,-0.0484284870326519
0.5473294854164124,0.768569827079773,1.7503597860013542e-07,0.489321231842041,0.740101158618927,-0.020244929939508438,0.43809568881988525,0.6902137994766235,-0.03621335327625275,0.4189864993095398,0.6304553151130676,-0.053941454738378525,0.4555201530456543,0.5970199704170227,-0.06862488389015198,0.47355201840400696,0.5888206362724304,-0.006195971742272377,0.4510745406150818,0.510974109172821,-0.04118280112743378,0.4537689983844757,0.533551037311554,-0.06759682297706604,0.4651156961917877,0.5663190484046936,-0.07990314066410065,0.5046733617782593,0.5702462792396545,-0.010699616745114326,0.49001994729042053,0.4749563932418823,-0.028187796473503113,0.4821974039077759,0.42150306701660156,-0.04127108305692673,0.47594916820526123,0.3733998239040375,-0.05002240836620331,0.5407570600509644,0.5713526606559753,-0.02197844535112381,0.5297296643257141,0.4795672595500946,-0.03992093726992607,0.5216848254203796,0.4298468232154846,-0.04955190047621727,0.5136113166809082,0.38633307814598083,-0.05434199422597885,0.5805769562721252,0.5878188610076904,-0.0359233021736145,0.5872710943222046,0.5158607363700867,-0.04644480720162392,0.5915022492408752,0.47191381454467773,-0.04830951988697052,0.5945415496826172,0.43161818385124207,-0.04879191890358925
0.5473333597183228,0.7684494256973267,1.7342976832424029e-07,0.48940280079841614,0.739999532699585,-0.020157532766461372,0.4380025565624237,0.6899940967559814,-0.03599288687109947,0.41911768913269043,0.6302768588066101,-0.05358879640698433,0.4556601345539093,0.5969225168228149,-0.06813281029462814,0.47347432374954224,0.5888164043426514,-0.006087117362767458,0.4509989023208618,0.5112580060958862,-0.040951281785964966,0.4537293314933777,0.5340340733528137,-0.06725117564201355,0.46505746245384216,0.5668160915374756,-0.07948194444179535,0.5046338438987732,0.5701781511306763,-0.010614100843667984,0.4900590777397156,0.4751017391681671,-0.02807142771780491,0.4822392165660858,0.42170920968055725,-0.04115913063287735,0.4759769141674042,0.37361085414886475,-0.049922019243240356,0.540683388710022,0.5712549686431885,-0.021912863478064537,0.5298688411712646,0.4796281158924103,-0.03985094651579857,0.5219653248786926,0.43001729249954224,-0.0495474748313427,0.5139567255973816,0.3866444230079651,-0.05437827482819557,0.5803676843643188,0.5876665115356445,-0.03586271032691002,0.5871844291687012,0.5157750844955444,-0.04639632627367973,0.5914720892906189,0.4717896580696106,-0.04834248498082161,0.5945119857788086,0.4315093159675598,-0.04888725280761719
0.5473070740699768,0.7646031379699707,1.878477888794805e-07,0.4897400736808777,0.7390162348747253,-0.018546540290117264,0.4374626576900482,0.6879696846008301,-0.03299402445554733,0.4196869432926178,0.6290121674537659,-0.04915110021829605,0.45542848110198975,0.5976386666297913,-0.06254882365465164,0.47315335273742676,0.5851566791534424,-0.007482226472347975,0.45128917694091797,0.5074129700660706,-0.04061489924788475,0.45253705978393555,0.5280513763427734,-0.06517311930656433,0.46233075857162476,0.5603788495063782,-0.0764457955956459,0.5050033926963806,0.565619707107544,-0.01264660432934761,0.4905654191970825,0.4702579081058502,-0.02815648354589939,0.4831216037273407,0.416562020778656,-0.03994704410433769,0.47739359736442566,0.3699696958065033,-0.047846801578998566,0.5420027375221252,0.5675602555274963,-0.02409220300614834,0.5330643653869629,0.4756486117839813,-0.04117846488952637,0.5270184278488159,0.4248135983943939,-0.050901398062705994,0.5205642580986023,0.38061538338661194,-0.056138355284929276,0.582034170627594,0.5871626138687134,-0.03788531571626663,0.5942182540893555,0.5197449326515198,-0.04957674443721771,0.6032722592353821,0.4787900447845459,-0.052033185958862305,0.6111858487129211,0.4411226809024811,-0.05271333456039429
0.5481614470481873,0.7642688155174255,1.8182394967425353e-07,0.4913194477558136,0.7387725710868835,-0.0199307668954134,0.43772172927856445,0.6886469125747681,-0.03512776270508766,0.4184635877609253,0.628398060798645,-0.051696814596652985,0.4549669623374939,0.5935543775558472,-0.06528741866350174,0.473528653383255,0.5853769779205322,-0.00900478195399046,0.4526120722293854,0.5069579482078552,-0.04238831251859665,0.45411238074302673,0.5254596471786499,-0.0668049082159996,0.46408820152282715,0.5572732090950012,-0.07796627283096313,0.5052863955497742,0.5655491948127747,-0.013483386486768723,0.48955315351486206,0.4705187678337097,-0.029617924243211746,0.4818921387195587,0.4172789454460144,-0.0416729710996151,0.47632837295532227,0.3716438412666321,-0.04982011020183563,0.5424763560295105,0.5666905641555786,-0.024313384667038918,0.5319201350212097,0.4749234914779663,-0.04179641231894493,0.5262095928192139,0.4240550100803375,-0.05179090425372124,0.5204153656959534,0.3804319500923157,-0.05735453963279724,0.583010196685791,0.5852304100990295,-0.03758693486452103,0.5944297313690186,0.5170579552650452,-0.04935957491397858,0.6037866473197937,0.4759226143360138,-0.052059005945920944,0.6123522520065308,0.43822383880615234,-0.05307576805353165
0.5482510328292847,0.764019250869751,1.8185762939992856e-07,0.4914773106575012,0.738514244556427,-0.020002515986561775,0.43787330389022827,0.688749372959137,-0.03524969145655632,0.41859227418899536,0.6287007927894592,-0.051858220249414444,0.4547958970069885,0.5935314893722534,-0.06551945209503174,0.4734327793121338,0.5854887962341309,-0.009125537239015102,0.4524424076080322,0.5070929527282715,-0.0424739271402359,0.4541739523410797,0.5257263779640198,-0.06685341149568558,0.464252233505249,0.5574866533279419,-0.07803178578615189,0.5052993893623352,0.5655517578125,-0.013669727370142937,0.48945116996765137,0.47033825516700745,-0.029814336448907852,0.48179399967193604,0.41724658012390137,-0.041999708861112595,0.476291298866272,0.3714962899684906,-0.05026603117585182,0.542610228061676,0.5666684508323669,-0.024551091715693474,0.5321857929229736,0.47469574213027954,-0.042101867496967316,0.5265214443206787,0.4238717555999756,-0.052247054874897,0.5207792520523071,0.38005122542381287,-0.05795565992593765,0.5833258628845215,0.5852470397949219,-0.037864718586206436,0.5946636199951172,0.5173971652984619,-0.049798473715782166,0.6039637327194214,0.4764605164527893,-0.05257457122206688,0.6124305129051208,0.4388481378555298,-0.05365290492773056
0.5489139556884766,0.7626533508300781,2.089535513505325e-07,0.49172598123550415,0.7396496534347534,-0.020987093448638916,0.43725740909576416,0.6887203454971313,-0.03596074879169464,0.4185982346534729,0.6261871457099915,-0.0521451011300087,0.45685234665870667,0.5933457016944885,-0.06533526629209518,0.4725378155708313,0.5853117108345032,-0.008564178831875324,0.451617032289505,0.5065312385559082,-0.042029235512018204,0.45397886633872986,0.5244773626327515,-0.06665824353694916,0.4645073115825653,0.5560380816459656,-0.07792297005653381,0.50412517786026,0.5646125078201294,-0.012322826310992241,0.4901406764984131,0.46858617663383484,-0.028128504753112793,0.48321354389190674,0.41432493925094604,-0.03991108387708664,0.47778642177581787,0.3674120306968689,-0.047882091253995895,0.5405993461608887,0.5651172399520874,-0.02267250046133995,0.5321571230888367,0.47397375106811523,-0.040071628987789154,0.5269551277160645,0.4225271940231323,-0.05029755085706711,0.5211830735206604,0.378307044506073,-0.05597689747810364,0.5803006887435913,0.5828274488449097,-0.03563777357339859,0.5933588743209839,0.5169429779052734,-0.04749076068401337,0.6031339168548584,0.47570571303367615,-0.050690073519945145,0.6118776798248291,0.437844455242157,-0.052101440727710724
0.5496822595596313,0.7638474106788635,2.0343388484889147e-07,0.49263718724250793,0.7399424910545349,-0.02096129022538662,0.4379326105117798,0.6888328790664673,-0.03583775833249092,0.4187028408050537,0.6266002655029297,-0.05190933495759964,0.4568794369697571,0.593593180179596,-0.06525397300720215,0.4738467335700989,0.5854747891426086,-0.009019844233989716,0.45269614458084106,0.5077491998672485,-0.04282683879137039,0.45423266291618347,0.5258046388626099,-0.06789236515760422,0.46422457695007324,0.5571748614311218,-0.07949186861515045,0.505608856678009,0.5651099681854248,-0.013006577268242836,0.49102428555488586,0.4693494439125061,-0.029232287779450417,0.48333603143692017,0.4145265221595764,-0.041482191532850266,0.4774405062198639,0.3676156997680664,-0.049668021500110626,0.5420989990234375,0.5661404132843018,-0.023511942476034164,0.5331044793128967,0.4751759171485901,-0.041463740170001984,0.5272313952445984,0.42314109206199646,-0.05224233120679855,0.5208945274353027,0.37830787897109985,-0.05816267803311348,0.5816873908042908,0.5846765041351318,-0.03654417023062706,0.5939441919326782,0.5192753076553345,-0.04884418845176697,0.6032785177230835,0.4784284830093384,-0.05211026966571808,0.6116840839385986,0.441061794757843,-0.05347112938761711
0.5488905906677246,0.7633026838302612,2.0413759216353355e-07,0.49198848009109497,0.7399604320526123,-0.021069087088108063,0.43751204013824463,0.6887537240982056,-0.03601803630590439,0.41875991225242615,0.626543402671814,-0.05218689888715744,0.45712965726852417,0.5938308835029602,-0.06548511981964111,0.4732891917228699,0.5855368971824646,-0.009077844209969044,0.45217910408973694,0.5069054365158081,-0.04299847409129143,0.4541366696357727,0.5259973406791687,-0.06800109148025513,0.4643518924713135,0.5579633116722107,-0.07947017252445221,0.5047307014465332,0.5649858117103577,-0.01288191694766283,0.49051594734191895,0.4689009189605713,-0.028992565348744392,0.4832786023616791,0.41457274556159973,-0.04096545651555061,0.47745296359062195,0.367484986782074,-0.04897548630833626,0.5410680770874023,0.5656563639640808,-0.023257838562130928,0.5323737859725952,0.47455209493637085,-0.040990281850099564,0.5269269347190857,0.42305105924606323,-0.05137351527810097,0.5207822918891907,0.3784700036048889,-0.05702604353427887,0.5806480050086975,0.583544909954071,-0.036223363131284714,0.5933719277381897,0.5178377032279968,-0.04822767525911331,0.6030198931694031,0.4768536686897278,-0.05131873860955238,0.6116122007369995,0.43930381536483765,-0.052570875734090805
0.5469821095466614,0.7660359144210815,2.03849808144696e-07,0.49011921882629395,0.7391005754470825,-0.020578769966959953,0.43786078691482544,0.6884981393814087,-0.03645510971546173,0.4172224998474121,0.6287320256233215,-0.053809113800525665,0.4534130096435547,0.5949966907501221,-0.06803759932518005,0.472281813621521,0.5851157903671265,-0.00892578437924385,0.450908899307251,0.5056201219558716,-0.04474952816963196,0.45439013838768005,0.5272409915924072,-0.07117083668708801,0.46638253331184387,0.5610468983650208,-0.08318644762039185,0.5040878057479858,0.566822350025177,-0.01357569731771946,0.4893658459186554,0.4705944061279297,-0.031223559752106667,0.48267489671707153,0.4156755208969116,-0.04443236067891121,0.47731971740722656,0.36762070655822754,-0.05319888889789581,0.5408623218536377,0.5686923861503601,-0.024875154718756676,0.5318767428398132,0.4766663908958435,-0.04337485879659653,0.5270853042602539,0.4254379868507385,-0.05379360541701317,0.5215096473693848,0.3805374503135681,-0.05934656783938408,0.5806372165679932,0.5876679420471191,-0.038721758872270584,0.593106210231781,0.5201637744903564,-0.05044621229171753,0.6029605865478516,0.4780934453010559,-0.05296580120921135,0.6116855144500732,0.43936312198638916,-0.05381214618682861
0.5471646785736084,0.7669758796691895,2.0204848283356114e-07,0.48969152569770813,0.7404738068580627,-0.020935039967298508,0.4377668499946594,0.6891212463378906,-0.03679550439119339,0.4171464443206787,0.629501223564148,-0.05419214442372322,0.45307233929634094,0.5962780117988586,-0.06843344122171402,0.4717050790786743,0.5855253338813782,-0.007802555803209543,0.4507116377353668,0.5067062377929688,-0.04364825040102005,0.45380890369415283,0.5282500386238098,-0.07017789781093597,0.4652840793132782,0.5620249509811401,-0.08219479024410248,0.5036739706993103,0.5662224888801575,-0.012221414595842361,0.4896710515022278,0.4703361392021179,-0.029576299712061882,0.4829389750957489,0.41574564576148987,-0.04250366985797882,0.47751855850219727,0.36779430508613586,-0.050991468131542206,0.5406094193458557,0.5677124261856079,-0.023474231362342834,0.5321677327156067,0.47614791989326477,-0.041780613362789154,0.5273215770721436,0.42517638206481934,-0.05185738205909729,0.5216973423957825,0.3804628252983093,-0.05705916881561279,0.5803404450416565,0.5865785479545593,-0.037379682064056396,0.5927204489707947,0.5192001461982727,-0.048975080251693726,0.6025075316429138,0.47759678959846497,-0.05128474906086922,0.6112840175628662,0.4393475651741028,-0.05186093971133232
0.5468394756317139,0.7667307257652283,2.0387356869377982e-07,0.48948797583580017,0.7404379844665527,-0.021563434973359108,0.4378524422645569,0.689237654209137,-0.03780699148774147,0.4166724383831024,0.6297833323478699,-0.05551266297698021,0.45248153805732727,0.5965762138366699,-0.07001946121454239,0.4715280830860138,0.5854085087776184,-0.008241517469286919,0.45067229866981506,0.5065450072288513,-0.04459645599126816,0.45361045002937317,0.5289778709411621,-0.07151459157466888,0.46487078070640564,0.5632339715957642,-0.08372505009174347,0.503354549407959,0.566009521484375,-0.012412786483764648,0.4896249771118164,0.4700568914413452,-0.030037743970751762,0.4828660190105438,0.41546598076820374,-0.04312477260828018,0.4772389233112335,0.3672882318496704,-0.05170959606766701,0.5402902364730835,0.5675690174102783,-0.023506056517362595,0.5319106578826904,0.4760398268699646,-0.04205672815442085,0.5271757245063782,0.42509108781814575,-0.05213785544037819,0.5215615034103394,0.38014668226242065,-0.05727844312787056,0.5800520181655884,0.586484432220459,-0.03730660676956177,0.5925048589706421,0.5189031362533569,-0.049004826694726944,0.6024091839790344,0.47714537382125854,-0.05124923959374428,0.6112388968467712,0.43872153759002686,-0.051740072667598724
0.546110987663269,0.7659240961074829,1.9516807014952064e-07,0.4889377951622009,0.7401590347290039,-0.02095995843410492,0.4370447099208832,0.690312922000885,-0.037011247128248215,0.41683322191238403,0.6308872103691101,-0.05449359863996506,0.45175275206565857,0.5947496891021729,-0.06904677301645279,0.47145068645477295,0.5865702033042908,-0.009135025553405285,0.450266033411026,0.5087020397186279,-0.04487879201769829,0.45270437002182007,0.529028058052063,-0.07155393064022064,0.46348869800567627,0.56114262342453,-0.0838579535484314,0.503741443157196,0.5668321251869202,-0.013739322312176228,0.4896933436393738,0.4712706208229065,-0.031139064580202103,0.48260122537612915,0.41700059175491333,-0.04447200149297714,0.47687575221061707,0.3690129518508911,-0.053398195654153824,0.5405364632606506,0.5682615637779236,-0.02499164082109928,0.5323207378387451,0.4765230417251587,-0.043514400720596313,0.5270759463310242,0.4248565137386322,-0.0539977103471756,0.5209700465202332,0.3790987730026245,-0.05969495698809624,0.5798555016517639,0.5872715711593628,-0.038799818605184555,0.5928246378898621,0.5204527974128723,-0.05076238140463829,0.6030817627906799,0.47946351766586304,-0.053132206201553345,0.6119716763496399,0.4418085813522339,-0.05381816253066063
0.5466476082801819,0.7653074264526367,1.9064925993461657e-07,0.49002230167388916,0.7408930063247681,-0.020528944209218025,0.4370589852333069,0.690877377986908,-0.036075059324502945,0.41698747873306274,0.6307179927825928,-0.052988793700933456,0.4517957866191864,0.5935895442962646,-0.06693942844867706,0.47148698568344116,0.5871168375015259,-0.009146267548203468,0.44994714856147766,0.5087982416152954,-0.04398572817444801,0.4524609446525574,0.5282955169677734,-0.0697908103466034,0.46335864067077637,0.5600242018699646,-0.08161912113428116,0.5038149952888489,0.566977858543396,-0.013711116276681423,0.48928532004356384,0.4713176190853119,-0.03059426136314869,0.4822831451892853,0.4171175956726074,-0.04350344091653824,0.4768265187740326,0.36969488859176636,-0.05219849944114685,0.5405132174491882,0.5680212378501892,-0.02480674348771572,0.5318600535392761,0.4761245846748352,-0.04293150454759598,0.5265287160873413,0.42451733350753784,-0.053408462554216385,0.5204877257347107,0.37922871112823486,-0.05925317853689194,0.5797743201255798,0.586523175239563,-0.0383768267929554,0.5924260020256042,0.5196850895881653,-0.050352055579423904,0.602796733379364,0.47907406091690063,-0.05300113186240196,0.6118732690811157,0.44200098514556885,-0.053943898528814316
0.5467889308929443,0.764877438545227,1.98266519646495e-07,0.48972371220588684,0.7430047988891602,-0.021196216344833374,0.4359501898288727,0.6922683715820312,-0.036389000713825226,0.41701263189315796,0.6307087540626526,-0.052728842943906784,0.4534551501274109,0.5958775281906128,-0.06610770523548126,0.4711039364337921,0.5865269899368286,-0.009427058510482311,0.45002567768096924,0.5090250968933105,-0.04315130412578583,0.45305323600769043,0.5284814238548279,-0.06805752217769623,0.46457383036613464,0.560094952583313,-0.0795057862997055,0.5033141374588013,0.5654105544090271,-0.01342245377600193,0.4893122911453247,0.4704127311706543,-0.02927142195403576,0.4825812578201294,0.4162573218345642,-0.04134729877114296,0.4774564504623413,0.369169682264328,-0.049577824771404266,0.5399081707000732,0.5661077499389648,-0.02396765537559986,0.532198429107666,0.475429892539978,-0.04156339168548584,0.5271449685096741,0.42383861541748047,-0.05193363502621651,0.5212226510047913,0.37913644313812256,-0.05783551558852196,0.5791248679161072,0.5846052765846252,-0.0370856337249279,0.5932801961898804,0.5197283625602722,-0.04948853701353073,0.6041613221168518,0.47956913709640503,-0.05275646597146988,0.6135494709014893,0.44304341077804565,-0.054115522652864456
0.5472589731216431,0.765271782875061,1.9604537726536364e-07,0.4904368817806244,0.7429189682006836,-0.0211363285779953,0.4364435076713562,0.6923101544380188,-0.03630877658724785,0.4170239567756653,0.630937933921814,-0.0526064857840538,0.45321449637413025,0.5956271290779114,-0.06597325950860977,0.47157004475593567,0.5864621996879578,-0.009674434550106525,0.45031076669692993,0.5091490745544434,-0.04342151805758476,0.4530324339866638,0.5278316736221313,-0.06834635138511658,0.46455997228622437,0.5589040517807007,-0.07983335107564926,0.5037316083908081,0.5655147433280945,-0.013740700669586658,0.4892825782299042,0.4707189202308655,-0.029692694544792175,0.4823978841304779,0.4162871837615967,-0.04182086139917374,0.4774361550807953,0.36911165714263916,-0.0500667504966259,0.5403287410736084,0.5663701295852661,-0.024306586012244225,0.5325114130973816,0.4757957458496094,-0.04198889434337616,0.527597963809967,0.42409563064575195,-0.0522744357585907,0.5219355821609497,0.3793489933013916,-0.058090679347515106,0.5795408487319946,0.5850082039833069,-0.03743447735905647,0.5934286117553711,0.5203195810317993,-0.050001051276922226,0.604178249835968,0.480087012052536,-0.05324277654290199,0.6135414242744446,0.4434226155281067,-0.05453016236424446
0.5470272898674011,0.765468955039978,1.966215421589368e-07,0.4899470806121826,0.743010401725769,-0.020951813086867332,0.43617549538612366,0.6921100616455078,-0.03601362928748131,0.4171934425830841,0.6304936408996582,-0.05226808786392212,0.4535723328590393,0.5956202149391174,-0.0655837282538414,0.471503883600235,0.5863771438598633,-0.009201759472489357,0.4502021074295044,0.5088174939155579,-0.04292910173535347,0.45306020975112915,0.5280117988586426,-0.06787380576133728,0.4646461606025696,0.5594983100891113,-0.07933072745800018,0.5036088824272156,0.5655760765075684,-0.01329893060028553,0.48931586742401123,0.47054120898246765,-0.029131876304745674,0.48250579833984375,0.41625577211380005,-0.04121224209666252,0.4774770438671112,0.3691467046737671,-0.04943171888589859,0.5401630401611328,0.5664615631103516,-0.02392486110329628,0.5324146151542664,0.4758071303367615,-0.04151514172554016,0.5275075435638428,0.4240911602973938,-0.05183888226747513,0.5217933058738708,0.37930533289909363,-0.05767609179019928,0.5793504118919373,0.5850465297698975,-0.03710377961397171,0.5933302640914917,0.5199886560440063,-0.04948199540376663,0.6042313575744629,0.4797273874282837,-0.05266042798757553,0.6137177348136902,0.44307461380958557,-0.05393160879611969
0.5479592084884644,0.7672303915023804,1.8835103787750995e-07,0.4903871715068817,0.7413620948791504,-0.019576581194996834,0.4372596740722656,0.6913647651672363,-0.03461042791604996,0.41878846287727356,0.6318727731704712,-0.05120595172047615,0.4549716114997864,0.5962496399879456,-0.06521105021238327,0.47282296419143677,0.5879319906234741,-0.00865224190056324,0.45101264119148254,0.5108819603919983,-0.043280091136693954,0.4534822702407837,0.5301223993301392,-0.06939686089754105,0.46469804644584656,0.5610251426696777,-0.08179791271686554,0.5049231052398682,0.5684358477592468,-0.013925455510616302,0.4896756410598755,0.47296833992004395,-0.030958695337176323,0.48210608959198,0.4179818332195282,-0.04480179771780968,0.4764549732208252,0.36971011757850647,-0.05432954803109169,0.5417916774749756,0.5701541304588318,-0.025530096143484116,0.533146321773529,0.4790669083595276,-0.043843209743499756,0.5280187726020813,0.4277075529098511,-0.05552459880709648,0.5224523544311523,0.3825001120567322,-0.062360979616642,0.5813364386558533,0.5895838141441345,-0.03951343148946762,0.5942980647087097,0.5253603458404541,-0.05217074230313301,0.6051992774009705,0.4862225651741028,-0.05565442889928818,0.6153407692909241,0.45026421546936035,-0.05727306753396988
0.5467323660850525,0.7662060260772705,1.9803934492301778e-07,0.489504337310791,0.7409344911575317,-0.020192386582493782,0.43685758113861084,0.6910110712051392,-0.0355922169983387,0.41904720664024353,0.6312059760093689,-0.05244823917746544,0.455852210521698,0.5959723591804504,-0.06657165288925171,0.47236159443855286,0.5874036550521851,-0.009389044716954231,0.450981467962265,0.5089943408966064,-0.04419737309217453,0.4527965784072876,0.528964638710022,-0.0701727345585823,0.46321794390678406,0.5614948272705078,-0.08223646134138107,0.5043128132820129,0.5680801868438721,-0.014162291772663593,0.48980647325515747,0.47215789556503296,-0.030936704948544502,0.4823995530605316,0.41767701506614685,-0.04420735314488411,0.4763655364513397,0.3701055943965912,-0.053287409245967865,0.5410606861114502,0.5698865652084351,-0.025364680215716362,0.5328247547149658,0.47906169295310974,-0.0434960275888443,0.5279033184051514,0.4277969002723694,-0.05482231825590134,0.5222002267837524,0.383091539144516,-0.06136983260512352,0.5806057453155518,0.5890334844589233,-0.039004355669021606,0.5942362546920776,0.5236665606498718,-0.05141916871070862,0.6057737469673157,0.4846024215221405,-0.05464170500636101,0.6161077618598938,0.4492868483066559,-0.056048087775707245
0.5473650097846985,0.7664097547531128,1.8901781118074723e-07,0.4899546205997467,0.7411898374557495,-0.019961057230830193,0.4368608295917511,0.6912820339202881,-0.03522716462612152,0.4187971353530884,0.6314782500267029,-0.05192151665687561,0.4554591178894043,0.5956530570983887,-0.06590618938207626,0.472677081823349,0.5877591967582703,-0.00935279205441475,0.4511847496032715,0.5099366903305054,-0.04420243576169014,0.4532178044319153,0.5298706889152527,-0.07034341245889664,0.4638284742832184,0.5622308850288391,-0.08256205171346664,0.5046827793121338,0.5681848526000977,-0.014203175902366638,0.4899349808692932,0.4723798632621765,-0.031062791123986244,0.482376366853714,0.41786524653434753,-0.04461296647787094,0.47637251019477844,0.37044358253479004,-0.053918298333883286,0.5414845943450928,0.5698323249816895,-0.025424044579267502,0.5329598784446716,0.4790811538696289,-0.04359262436628342,0.5280193090438843,0.4278298616409302,-0.05514170974493027,0.5224897861480713,0.3832496106624603,-0.06186795234680176,0.5810624361038208,0.5890050530433655,-0.039037153124809265,0.5943364500999451,0.5236346125602722,-0.051459550857543945,0.6057740449905396,0.48470282554626465,-0.054747093468904495,0.6161723732948303,0.44944673776626587,-0.056214530020952225
0.5502126812934875,0.7694181203842163,1.804693852136552e-07,0.49269241094589233,0.7441706657409668,-0.019704269245266914,0.4385523200035095,0.6925358176231384,-0.0343526266515255,0.4190148711204529,0.6324406862258911,-0.0504254549741745,0.4547981321811676,0.5975769758224487,-0.0636201947927475,0.47463473677635193,0.5884568691253662,-0.009087725542485714,0.4528031647205353,0.5093559622764587,-0.043693359941244125,0.45533519983291626,0.5293433666229248,-0.0692080706357956,0.46621859073638916,0.5623263120651245,-0.08084553480148315,0.5073081851005554,0.5690853595733643,-0.013902041129767895,0.4916175305843353,0.4727396070957184,-0.030819479376077652,0.48392385244369507,0.41767996549606323,-0.043976083397865295,0.47809386253356934,0.3703942596912384,-0.05277182534337044,0.5448518991470337,0.5709515810012817,-0.025077423080801964,0.5353198647499084,0.4780789017677307,-0.043290115892887115,0.5294876098632812,0.42605477571487427,-0.0544581338763237,0.523069441318512,0.38086503744125366,-0.06073424220085144,0.5852280855178833,0.5904694199562073,-0.03858504444360733,0.5974875092506409,0.5235146284103394,-0.05090133100748062,0.6074260473251343,0.48265203833580017,-0.05411716550588608,0.6163018941879272,0.4451533555984497,-0.055421069264411926
0.5505442023277283,0.7700333595275879,1.863181751105003e-07,0.49202805757522583,0.7431394457817078,-0.019848786294460297,0.4378460645675659,0.6915310025215149,-0.03471153974533081,0.4188893437385559,0.630993127822876,-0.05108642578125,0.456402063369751,0.598914384841919,-0.06451966613531113,0.4741711914539337,0.5883046984672546,-0.00826849602162838,0.45295658707618713,0.5083609819412231,-0.043045565485954285,0.45490553975105286,0.5296288728713989,-0.06886570900678635,0.4653586149215698,0.5638753175735474,-0.08065436035394669,0.5067800283432007,0.5694652795791626,-0.012981785461306572,0.4914107322692871,0.4731924533843994,-0.02981904149055481,0.4835507571697235,0.4188929796218872,-0.043149687349796295,0.47751858830451965,0.3720891773700714,-0.05221705511212349,0.5444754362106323,0.5713948011398315,-0.024170778691768646,0.5352200865745544,0.47900477051734924,-0.04227876663208008,0.5299205780029297,0.42727044224739075,-0.05366037040948868,0.5241120457649231,0.38268351554870605,-0.06012442708015442,0.585003674030304,0.5907739996910095,-0.0377294197678566,0.5970717668533325,0.5228106379508972,-0.0495198629796505,0.6073985695838928,0.4817129373550415,-0.05248348414897919,0.616767406463623,0.44442248344421387,-0.053770776838064194
0.5500627160072327,0.770129919052124,1.8873788576456718e-07,0.4917067885398865,0.7432118654251099,-0.019731005653738976,0.4376842677593231,0.6914293766021729,-0.03457324206829071,0.4193832278251648,0.6307619214057922,-0.050961051136255264,0.45710939168930054,0.5990070104598999,-0.0644804835319519,0.4739131033420563,0.5885499119758606,-0.008580847643315792,0.4527433216571808,0.5084072947502136,-0.04339297115802765,0.4547245502471924,0.5298842787742615,-0.06920265406370163,0.46510493755340576,0.564214825630188,-0.08100120723247528,0.5065562129020691,0.5698176622390747,-0.013483448885381222,0.4913179874420166,0.47326382994651794,-0.030405603349208832,0.48357221484184265,0.41876688599586487,-0.04378771036863327,0.4775865077972412,0.3717707395553589,-0.05289556086063385,0.5442246198654175,0.5718810558319092,-0.024820031598210335,0.5351617932319641,0.479195237159729,-0.04309345409274101,0.529960036277771,0.42734259366989136,-0.05452499911189079,0.5241199135780334,0.3825961649417877,-0.06101418659090996,0.584699273109436,0.5913256406784058,-0.038494814187288284,0.5968495607376099,0.5233498215675354,-0.05043596401810646,0.6072073578834534,0.4820632040500641,-0.05338962376117706,0.6164546608924866,0.44475850462913513,-0.054671742022037506
0.5501130819320679,0.772106945514679,1.950421051333251e-07,0.49252480268478394,0.7438709735870361,-0.019836977124214172,0.43979036808013916,0.693143367767334,-0.03505921736359596,0.42000555992126465,0.6334632635116577,-0.051906488835811615,0.45615699887275696,0.5997931957244873,-0.06590274721384048,0.47550347447395325,0.5909954905509949,-0.007718484383076429,0.45477721095085144,0.5133975744247437,-0.04249942675232887,0.4577348530292511,0.5325921773910522,-0.06847698241472244,0.4684365391731262,0.5631804466247559,-0.08065836131572723,0.5081313848495483,0.5720750689506531,-0.01287590991705656,0.4924106299877167,0.4767770767211914,-0.030298277735710144,0.48498231172561646,0.42168867588043213,-0.04393478482961655,0.4792923033237457,0.3732713460922241,-0.05319523438811302,0.5459065437316895,0.5737999081611633,-0.024550551548600197,0.5353080034255981,0.4821120500564575,-0.043407563120126724,0.5295007228851318,0.43022483587265015,-0.054660409688949585,0.5233707427978516,0.3847351670265198,-0.06086074933409691,0.5868698954582214,0.5927921533584595,-0.03862234950065613,0.5988592505455017,0.5249385237693787,-0.050731152296066284,0.6087630391120911,0.4832334518432617,-0.0536896288394928,0.6175463199615479,0.4450443685054779,-0.054982561618089676
0.5492730736732483,0.7708485126495361,2.0045473547725123e-07,0.4914707839488983,0.7437493801116943,-0.020133603364229202,0.43880197405815125,0.6931155920028687,-0.035410184413194656,0.4204087257385254,0.6330556869506836,-0.05227959528565407,0.45796871185302734,0.6003109812736511,-0.06619494408369064,0.4748227000236511,0.5916973948478699,-0.007862236350774765,0.4539307653903961,0.5144612789154053,-0.0427076555788517,0.45673850178718567,0.5356553792953491,-0.06853730976581573,0.467624694108963,0.5677067041397095,-0.08047965168952942,0.5072339773178101,0.5718613862991333,-0.012630343437194824,0.4925556778907776,0.47651585936546326,-0.02978331595659256,0.4853891134262085,0.42192593216896057,-0.04299047589302063,0.47976332902908325,0.37382107973098755,-0.051929328590631485,0.5449923872947693,0.573001503944397,-0.024000409990549088,0.5353090763092041,0.48236480355262756,-0.04267626628279686,0.5299196243286133,0.43111634254455566,-0.05373304337263107,0.5241849422454834,0.3864898085594177,-0.059720590710639954,0.5858706831932068,0.5912984013557434,-0.037814028561115265,0.5985181927680969,0.5232904553413391,-0.04979534074664116,0.6089992523193359,0.48152220249176025,-0.05275687947869301,0.618508517742157,0.44358229637145996,-0.05398547649383545
0.5494561791419983,0.7707077264785767,2.018047524643407e-07,0.4923429787158966,0.7439823150634766,-0.020409900695085526,0.4393361508846283,0.6936485767364502,-0.03587545081973076,0.41976648569107056,0.6338576674461365,-0.052850328385829926,0.4569159746170044,0.6006759405136108,-0.06687591969966888,0.4746621549129486,0.5920954942703247,-0.008466582745313644,0.4539426565170288,0.5151723623275757,-0.04348185658454895,0.4566705822944641,0.5356496572494507,-0.06935986876487732,0.46741196513175964,0.5671194195747375,-0.0813387781381607,0.507215142250061,0.5719612240791321,-0.013168116100132465,0.49263378977775574,0.47690558433532715,-0.0305035263299942,0.4855343997478485,0.42229944467544556,-0.04369165375828743,0.47989165782928467,0.37401553988456726,-0.05255895480513573,0.5451034307479858,0.5729617476463318,-0.024465877562761307,0.5354903340339661,0.48260608315467834,-0.04340319335460663,0.5301589965820312,0.4313756227493286,-0.05448471009731293,0.5243528485298157,0.38654786348342896,-0.060417335480451584,0.5860551595687866,0.5912652015686035,-0.03820237144827843,0.5988015532493591,0.5234822630882263,-0.050493452697992325,0.6093106269836426,0.48189055919647217,-0.053574636578559875,0.6187437772750854,0.44386982917785645,-0.05481845885515213
0.5499024987220764,0.7717709541320801,1.9008145102361595e-07,0.4932745695114136,0.7462515234947205,-0.019508996978402138,0.44087323546409607,0.6948888301849365,-0.03429784998297691,0.4197271168231964,0.635437548160553,-0.05071690306067467,0.45555999875068665,0.603561282157898,-0.0640157014131546,0.475678414106369,0.5898128151893616,-0.006391824688762426,0.45506590604782104,0.513477623462677,-0.040842827409505844,0.456695020198822,0.5348783135414124,-0.0664248839020729,0.4662434458732605,0.5678482055664062,-0.07801930606365204,0.5080697536468506,0.5701535940170288,-0.01136863511055708,0.4932798147201538,0.4753381311893463,-0.027826907113194466,0.48574817180633545,0.42038971185684204,-0.040162693709135056,0.47979679703712463,0.37220561504364014,-0.048290103673934937,0.5456258654594421,0.5718794465065002,-0.023024164140224457,0.5364087820053101,0.48133930563926697,-0.040666695684194565,0.5307824611663818,0.4295344054698944,-0.050719767808914185,0.5244237780570984,0.38447386026382446,-0.056025970727205276,0.5861538052558899,0.5908107757568359,-0.037197794765233994,0.5988950729370117,0.5231239795684814,-0.048437248915433884,0.6087647676467896,0.4815623164176941,-0.050829023122787476,0.617378830909729,0.4435085952281952,-0.05153985694050789
0.5509923696517944,0.7723250985145569,1.9338986589900742e-07,0.49376553297042847,0.7462164759635925,-0.020281637087464333,0.4411500096321106,0.6954253911972046,-0.035848911851644516,0.4199197590351105,0.6354856491088867,-0.05300270766019821,0.45581910014152527,0.6019431948661804,-0.06705410778522491,0.47563081979751587,0.5902960300445557,-0.006843103561550379,0.4546622931957245,0.5141713619232178,-0.041908834129571915,0.45638465881347656,0.5339887142181396,-0.06817479431629181,0.4666038453578949,0.5657187104225159,-0.08025923371315002,0.5079928040504456,0.5702290534973145,-0.011645390652120113,0.4928733706474304,0.4757204055786133,-0.02853553369641304,0.485243022441864,0.4209684729576111,-0.041340481489896774,0.4796624183654785,0.3729343116283417,-0.04989180341362953,0.5457184910774231,0.5716420412063599,-0.0232203658670187,0.5361146926879883,0.480874240398407,-0.04129847139120102,0.5305487513542175,0.4293517470359802,-0.05140440911054611,0.5247138142585754,0.38445645570755005,-0.056766752153635025,0.5864900350570679,0.5903596878051758,-0.037388455122709274,0.598860502243042,0.521793782711029,-0.04895038157701492,0.6088657975196838,0.4799189567565918,-0.051333799958229065,0.6178295016288757,0.4413818120956421,-0.05203975737094879
0.5525527596473694,0.7716156244277954,1.8823476466423017e-07,0.49492326378822327,0.7439061403274536,-0.01877308450639248,0.44296157360076904,0.6923280358314514,-0.03327935189008713,0.42260921001434326,0.6333647966384888,-0.0496959462761879,0.45810142159461975,0.6025853753089905,-0.06327863782644272,0.47847411036491394,0.5892292261123657,-0.0045514702796936035,0.4572821855545044,0.5128411650657654,-0.03826436772942543,0.457925945520401,0.531558096408844,-0.06407420337200165,0.4675324559211731,0.5630359649658203,-0.07612471282482147,0.5099529027938843,0.5695202946662903,-0.009619425982236862,0.49542325735092163,0.4740578532218933,-0.025636402890086174,0.487263560295105,0.41922029852867126,-0.038212474435567856,0.4814229905605316,0.37177377939224243,-0.046685267239809036,0.5469961166381836,0.5703422427177429,-0.02129259891808033,0.5372220873832703,0.47809550166130066,-0.03857699781656265,0.531337320804596,0.4260801076889038,-0.04852966591715813,0.5257347226142883,0.38159263134002686,-0.05378401651978493,0.5872214436531067,0.5886759161949158,-0.035471200942993164,0.5980785489082336,0.5186172127723694,-0.04619481787085533,0.6067031025886536,0.47598880529403687,-0.04820731654763222,0.6145721673965454,0.4372718036174774,-0.0487879253923893
0.5523757934570312,0.7714152932167053,1.9317413091357594e-07,0.4951188862323761,0.744081974029541,-0.019522424787282944,0.4425402879714966,0.6928005218505859,-0.03457126393914223,0.42192530632019043,0.6333760023117065,-0.051372233778238297,0.45803117752075195,0.6010480523109436,-0.06532033532857895,0.47799527645111084,0.5905646681785583,-0.005673092324286699,0.4574452042579651,0.5141492486000061,-0.03961724787950516,0.4583742022514343,0.5320594906806946,-0.06548874825239182,0.46820154786109924,0.5628669261932373,-0.07758727669715881,0.5094674229621887,0.570313036441803,-0.01048597227782011,0.49500957131385803,0.4748343825340271,-0.026724301278591156,0.4869188964366913,0.41991764307022095,-0.039338767528533936,0.481160432100296,0.37230753898620605,-0.04787150397896767,0.5465273261070251,0.5707240700721741,-0.02193341962993145,0.536469042301178,0.4786078631877899,-0.03935784846544266,0.5308829545974731,0.4264155626296997,-0.04935649782419205,0.5256944298744202,0.38174664974212646,-0.054705068469047546,0.5868004560470581,0.5886807441711426,-0.035938821732997894,0.5974605083465576,0.5184260010719299,-0.04679425060749054,0.6064538955688477,0.4754066467285156,-0.04890047758817673,0.6148499250411987,0.4363976716995239,-0.049595434218645096
0.552138090133667,0.7712082862854004,1.9319226396419253e-07,0.49508240818977356,0.7439979314804077,-0.019472535699605942,0.442693829536438,0.6925437450408936,-0.034409865736961365,0.4220324754714966,0.633202075958252,-0.05108001083135605,0.45838576555252075,0.601779043674469,-0.06491978466510773,0.47838112711906433,0.5900015234947205,-0.005760418716818094,0.4575606882572174,0.5139766931533813,-0.03957951068878174,0.4582493007183075,0.5323368906974792,-0.06526969373226166,0.46779313683509827,0.5632364749908447,-0.07725970447063446,0.5098382830619812,0.569890022277832,-0.010545667260885239,0.4953572452068329,0.4745315611362457,-0.026648344472050667,0.48719322681427,0.4197048544883728,-0.039000194519758224,0.4813278019428253,0.3721466064453125,-0.04731416702270508,0.546848714351654,0.5705034732818604,-0.0219514649361372,0.5370410084724426,0.4782891571521759,-0.03936850279569626,0.5311921238899231,0.4261062741279602,-0.049249809235334396,0.5256115198135376,0.3815130293369293,-0.054457806050777435,0.5869590640068054,0.5886844992637634,-0.03590412065386772,0.597736656665802,0.5185348987579346,-0.04685550183057785,0.6065433025360107,0.4756324291229248,-0.04900514334440231,0.6146241426467896,0.43677830696105957,-0.04967531934380531
0.5558919310569763,0.7678163051605225,1.8018046432644041e-07,0.4982878267765045,0.7426574230194092,-0.020833641290664673,0.44562506675720215,0.6916865706443787,-0.03658732771873474,0.4235210120677948,0.6306726932525635,-0.05396387353539467,0.46068075299263,0.5983691215515137,-0.06808003783226013,0.4816974401473999,0.5851266980171204,-0.00567729352042079,0.45909836888313293,0.5079771280288696,-0.04163026809692383,0.4593289792537689,0.5296511650085449,-0.06865481287240982,0.46925392746925354,0.5623953342437744,-0.08121002465486526,0.5124533772468567,0.565612256526947,-0.009709288366138935,0.49822133779525757,0.4705813229084015,-0.02767994813621044,0.49040162563323975,0.41517430543899536,-0.040304962545633316,0.4843752682209015,0.3662704825401306,-0.04850734770298004,0.548241138458252,0.5672024488449097,-0.02081882208585739,0.5389495491981506,0.4767357110977173,-0.038903649896383286,0.5327085852622986,0.4252616763114929,-0.04780168458819389,0.5260521769523621,0.38032448291778564,-0.05194508284330368,0.5873250365257263,0.5849273204803467,-0.0347784049808979,0.595582127571106,0.5148133039474487,-0.04580050706863403,0.6007474660873413,0.47108206152915955,-0.04793263226747513,0.6047644019126892,0.43030956387519836,-0.04837644100189209
0.5570477247238159,0.768858790397644,1.777867026930835e-07,0.49898529052734375,0.7426435947418213,-0.02092440240085125,0.4459259808063507,0.6916488409042358,-0.036874182522296906,0.4237308204174042,0.6308573484420776,-0.05441153421998024,0.4603361487388611,0.5978434681892395,-0.06879577785730362,0.4819812774658203,0.5858284831047058,-0.006285544019192457,0.4593682885169983,0.5084038972854614,-0.04235020652413368,0.45999979972839355,0.5301128029823303,-0.06969338655471802,0.47026532888412476,0.56296706199646,-0.08257987350225449,0.5127885341644287,0.5667605400085449,-0.010558228008449078,0.4980335831642151,0.4717850387096405,-0.028847847133874893,0.4901576638221741,0.4159267246723175,-0.042359646409749985,0.484411358833313,0.36625272035598755,-0.05132699012756348,0.5485702157020569,0.568591296672821,-0.02179550752043724,0.5391327738761902,0.47778746485710144,-0.04030725359916687,0.5329382419586182,0.4255099296569824,-0.050081271678209305,0.5263805389404297,0.3792939782142639,-0.05497884750366211,0.5876595973968506,0.586826503276825,-0.0357934907078743,0.5958725810050964,0.5163723826408386,-0.04697383940219879,0.6009483933448792,0.4721815884113312,-0.04922953620553017,0.6049855947494507,0.4305151700973511,-0.04994587600231171
0.5557563900947571,0.7692798376083374,1.80882850031594e-07,0.4982108473777771,0.7424560189247131,-0.020597128197550774,0.44588837027549744,0.6911481022834778,-0.036515012383461,0.42403772473335266,0.6303601264953613,-0.05414581298828125,0.46118685603141785,0.5974608063697815,-0.06865865737199783,0.4820317327976227,0.5855245590209961,-0.0057679456658661366,0.4598570168018341,0.5084822773933411,-0.042138777673244476,0.4599077105522156,0.5303250551223755,-0.06975939869880676,0.4696385860443115,0.5632455945014954,-0.08274545520544052,0.5127201080322266,0.5668363571166992,-0.010182193480432034,0.49838313460350037,0.4717761278152466,-0.028574565425515175,0.490379273891449,0.41574567556381226,-0.041970204561948776,0.48427814245224,0.3660854995250702,-0.05079175531864166,0.5484935641288757,0.5688053965568542,-0.02160363271832466,0.5393441915512085,0.4776616096496582,-0.040038660168647766,0.5330989360809326,0.4250953793525696,-0.04950894042849541,0.5263431072235107,0.37878555059432983,-0.05413265898823738,0.5874603986740112,0.5869483947753906,-0.03579975292086601,0.5957146883010864,0.516145646572113,-0.046848464757204056,0.600816011428833,0.47162556648254395,-0.04892241582274437,0.6048420667648315,0.42989641427993774,-0.0494597852230072
0.5544910430908203,0.7712312340736389,1.6932888513565558e-07,0.49576491117477417,0.7425816059112549,-0.02017246186733246,0.4435652494430542,0.6914286613464355,-0.03637213632464409,0.42390960454940796,0.6314237117767334,-0.05436212569475174,0.46079427003860474,0.5994222164154053,-0.06929890811443329,0.4809987545013428,0.5850439071655273,-0.00605139322578907,0.45888590812683105,0.5075773596763611,-0.04179505631327629,0.45922261476516724,0.5324448347091675,-0.06895013898611069,0.4685652554035187,0.5675594210624695,-0.08176008611917496,0.5126866102218628,0.5671936273574829,-0.011101990006864071,0.49859970808029175,0.4703967869281769,-0.029093025252223015,0.4908278286457062,0.4145877957344055,-0.04263890162110329,0.48492419719696045,0.36447256803512573,-0.05174649879336357,0.5489299893379211,0.5705447196960449,-0.02305096574127674,0.5389823317527771,0.47864198684692383,-0.04115806147456169,0.532072901725769,0.42650336027145386,-0.051169030368328094,0.5248324275016785,0.3804178833961487,-0.0564018115401268,0.5883036851882935,0.5900171995162964,-0.03769421949982643,0.593913733959198,0.5187438726425171,-0.04867647960782051,0.5963027477264404,0.4742100238800049,-0.05087517201900482,0.5974041819572449,0.43238312005996704,-0.051664434373378754
0.5535528659820557,0.7724307775497437,1.6829770288495638e-07,0.4954494535923004,0.7435205578804016,-0.021746663376688957,0.4435834288597107,0.6932342052459717,-0.039039887487888336,0.4231727123260498,0.6335424780845642,-0.057942088693380356,0.4601658582687378,0.6009517908096313,-0.07366807758808136,0.48035791516304016,0.5853263735771179,-0.00722722290083766,0.4584193229675293,0.507714033126831,-0.043660007417201996,0.4586469829082489,0.5325385928153992,-0.07123028486967087,0.46824219822883606,0.5676450133323669,-0.08436053991317749,0.5120176076889038,0.5667229294776917,-0.011791408061981201,0.49796923995018005,0.4701818823814392,-0.03036627359688282,0.4902520477771759,0.4144117832183838,-0.044179998338222504,0.48476529121398926,0.3640332818031311,-0.053504828363657,0.548500120639801,0.5698723196983337,-0.023432957008481026,0.5386608839035034,0.4779210388660431,-0.04212117940187454,0.5315929651260376,0.42602068185806274,-0.052048444747924805,0.5244328379631042,0.37975889444351196,-0.0572182796895504,0.588335394859314,0.5895934104919434,-0.03792809695005417,0.5939934849739075,0.5185419917106628,-0.049391187727451324,0.5962579250335693,0.47422778606414795,-0.05161699652671814,0.5972790718078613,0.4321410357952118,-0.05238954722881317
0.5532101392745972,0.7723709940910339,1.7227243631623423e-07,0.4949489235877991,0.7427654266357422,-0.0224477406591177,0.4431310296058655,0.6933447122573853,-0.04023889824748039,0.4227009415626526,0.6339774131774902,-0.059511035680770874,0.46002623438835144,0.6002156138420105,-0.07553380727767944,0.4796290099620819,0.5857356786727905,-0.00773727847263217,0.45808839797973633,0.5080362558364868,-0.04430059716105461,0.4588847756385803,0.532570481300354,-0.07197052985429764,0.4688892066478729,0.5673779249191284,-0.08521298319101334,0.5116037130355835,0.5668805241584778,-0.012062769383192062,0.49780935049057007,0.4700685143470764,-0.030879659578204155,0.4902154803276062,0.41445469856262207,-0.04504111781716347,0.4849293828010559,0.36401283740997314,-0.0546695739030838,0.5483542680740356,0.5699470639228821,-0.02349857985973358,0.5387226343154907,0.47816571593284607,-0.04247589781880379,0.5316479206085205,0.42645400762557983,-0.052670639008283615,0.5245763063430786,0.38025397062301636,-0.05803168565034866,0.5885617733001709,0.5896647572517395,-0.03782210126519203,0.5942803621292114,0.5185462236404419,-0.04936758801341057,0.5965084433555603,0.47435644268989563,-0.051612403243780136,0.5974993705749512,0.4322662055492401,-0.05244602635502815
0.5560013055801392,0.7750939726829529,1.526613857549819e-07,0.49862566590309143,0.7462271451950073,-0.02243724651634693,0.44573870301246643,0.69530189037323,-0.04053822532296181,0.4253005087375641,0.6348642110824585,-0.06001550331711769,0.4630032479763031,0.5986509323120117,-0.0764893963932991,0.4796038866043091,0.5886530876159668,-0.009956412948668003,0.4583687484264374,0.5097403526306152,-0.04730292037129402,0.45996925234794617,0.5314304828643799,-0.07536371797323227,0.4703080356121063,0.5637482404708862,-0.08887453377246857,0.5127938389778137,0.5694853663444519,-0.014582722447812557,0.49995794892311096,0.47257179021835327,-0.034309517592191696,0.49226614832878113,0.4168989062309265,-0.0490754097700119,0.4861927032470703,0.36636805534362793,-0.05914696678519249,0.5497602224349976,0.5723488926887512,-0.026144908741116524,0.5418615341186523,0.4800649881362915,-0.045410387217998505,0.5351451635360718,0.42731544375419617,-0.055990830063819885,0.5271899700164795,0.3795692026615143,-0.0617462582886219,0.5894016623497009,0.5918044447898865,-0.04051217436790466,0.593553900718689,0.5195415019989014,-0.05210753530263901,0.5935935974121094,0.47552216053009033,-0.054535359144210815,0.5913015604019165,0.4340429902076721,-0.0556279793381691
0.5558200478553772,0.7752998471260071,1.5714539358668844e-07,0.4975115656852722,0.7450510263442993,-0.021076500415802002,0.44514113664627075,0.6940817832946777,-0.038762208074331284,0.42556053400039673,0.6342611908912659,-0.058091022074222565,0.4630979299545288,0.598842442035675,-0.07455303519964218,0.48086580634117126,0.5876054167747498,-0.00873536616563797,0.4598974287509918,0.5091642141342163,-0.045739416033029556,0.4602786898612976,0.532383382320404,-0.07371509075164795,0.46949058771133423,0.5660372972488403,-0.0871279165148735,0.5138306617736816,0.5695115923881531,-0.013944165781140327,0.5012940764427185,0.4720208942890167,-0.03308102861046791,0.4930461049079895,0.4164263606071472,-0.047516629099845886,0.48603111505508423,0.36601316928863525,-0.05736271291971207,0.5507408380508423,0.5729226469993591,-0.025986719876527786,0.5419394969940186,0.47979605197906494,-0.044608939439058304,0.5344437956809998,0.4262452721595764,-0.0549955852329731,0.5258081555366516,0.3778790235519409,-0.06070610508322716,0.5901567935943604,0.5925583839416504,-0.04073847830295563,0.5937649011611938,0.5199894309043884,-0.05195353925228119,0.593506932258606,0.4755498766899109,-0.05415499955415726,0.5911875367164612,0.4336756467819214,-0.05507767200469971
0.5553275942802429,0.775118887424469,1.631350983188895e-07,0.4972105920314789,0.7446924448013306,-0.021861707791686058,0.44524556398391724,0.694141685962677,-0.03994091600179672,0.4252505898475647,0.6344825029373169,-0.059544555842876434,0.4625450372695923,0.598670482635498,-0.07619030773639679,0.4804747998714447,0.5878157615661621,-0.009150288067758083,0.45950600504875183,0.5087066292762756,-0.04629233106970787,0.460184782743454,0.5313549637794495,-0.07432956248521805,0.4697693884372711,0.5645925998687744,-0.08781268447637558,0.5134690403938293,0.5696207880973816,-0.014009582810103893,0.5011293888092041,0.47208255529403687,-0.033389151096343994,0.4933522045612335,0.4166090190410614,-0.04804451763629913,0.48683443665504456,0.3659965395927429,-0.05808461830019951,0.5502685904502869,0.5732200741767883,-0.02579190395772457,0.5421595573425293,0.48015764355659485,-0.04466341435909271,0.5352755188941956,0.4268341362476349,-0.055194590240716934,0.5272360444068909,0.37853020429611206,-0.060983337461948395,0.5895959734916687,0.5929833054542542,-0.04034676402807236,0.5935948491096497,0.5203800201416016,-0.05177365988492966,0.5936412811279297,0.47593453526496887,-0.05414865165948868,0.5915525555610657,0.4339364767074585,-0.055202849209308624
0.5599434971809387,0.7727268934249878,1.4922966329322662e-07,0.5016616582870483,0.7439533472061157,-0.02160985954105854,0.44932273030281067,0.6924355030059814,-0.03937390819191933,0.4280502200126648,0.6322687864303589,-0.058701809495687485,0.46532079577445984,0.5983310341835022,-0.07500240206718445,0.4847366213798523,0.5833920240402222,-0.00894949585199356,0.46266046166419983,0.5036307573318481,-0.04692935571074486,0.46304160356521606,0.5277923345565796,-0.07549797743558884,0.4723048806190491,0.5641036033630371,-0.08897154033184052,0.5170059204101562,0.5642997026443481,-0.013732542283833027,0.5042254328727722,0.4655901789665222,-0.03319878503680229,0.4959687888622284,0.41024354100227356,-0.04751213639974594,0.4889580011367798,0.36099523305892944,-0.056856561452150345,0.5536588430404663,0.5676780939102173,-0.025464169681072235,0.5443704128265381,0.4727720022201538,-0.04414481297135353,0.5369699597358704,0.419019877910614,-0.05419498309493065,0.5287702679634094,0.37089890241622925,-0.05941834673285484,0.592676043510437,0.5885611176490784,-0.04001876711845398,0.5969237089157104,0.5172083377838135,-0.05158648639917374,0.596595823764801,0.47244054079055786,-0.05395052582025528,0.5945073962211609,0.42986059188842773,-0.05462174117565155
0.5588570237159729,0.7744535207748413,1.4822857963281422e-07,0.501581072807312,0.7436058521270752,-0.02224309928715229,0.4491554796695709,0.6921187043190002,-0.04033196344971657,0.4283183217048645,0.6315810084342957,-0.05999782681465149,0.4658084213733673,0.595293402671814,-0.07673348486423492,0.48441174626350403,0.585303544998169,-0.008728817105293274,0.46327081322669983,0.50721675157547,-0.04627605155110359,0.46311327815055847,0.5297136902809143,-0.07488485425710678,0.4720887541770935,0.5639687776565552,-0.08872091770172119,0.5169603824615479,0.5657951235771179,-0.01350115705281496,0.5040383338928223,0.46795737743377686,-0.03284446522593498,0.49568310379981995,0.41180408000946045,-0.04748409241437912,0.4894464612007141,0.36200517416000366,-0.05748216062784195,0.5536462664604187,0.5690737962722778,-0.025352656841278076,0.5444908738136292,0.4747808277606964,-0.044466931372880936,0.5368486642837524,0.4220731854438782,-0.055023107677698135,0.5282857418060303,0.375184029340744,-0.06080147996544838,0.5934774875640869,0.5896020531654358,-0.040050290524959564,0.597108006477356,0.5177332162857056,-0.0520273856818676,0.5961383581161499,0.4738098978996277,-0.05461883544921875,0.5927125215530396,0.4327421188354492,-0.05573410540819168
0.5593135356903076,0.7744004726409912,1.5137395337205817e-07,0.5017744898796082,0.7445608973503113,-0.022789837792515755,0.4492713212966919,0.6924340724945068,-0.04098959267139435,0.428522527217865,0.63129061460495,-0.06057116389274597,0.46623170375823975,0.5946978330612183,-0.07701784372329712,0.4845913350582123,0.5855879783630371,-0.009419050067663193,0.46307113766670227,0.506596565246582,-0.047031283378601074,0.46387559175491333,0.5301769375801086,-0.07532747834920883,0.4737890362739563,0.5648266673088074,-0.0888587161898613,0.5169984698295593,0.5660490989685059,-0.013725308701395988,0.5041893720626831,0.4675341248512268,-0.033051200211048126,0.49606165289878845,0.4116026759147644,-0.04732823371887207,0.4896272122859955,0.3614247739315033,-0.0569847971200943,0.5534471273422241,0.5693309307098389,-0.025138873606920242,0.5441648364067078,0.4743140935897827,-0.04420570284128189,0.5367656946182251,0.4212983250617981,-0.054576583206653595,0.5284872055053711,0.37360793352127075,-0.06017858162522316,0.5929858684539795,0.5897398591041565,-0.039430417120456696,0.5967680215835571,0.5180929899215698,-0.05143217369914055,0.5958560705184937,0.4740328788757324,-0.05410141497850418,0.5925952792167664,0.43244582414627075,-0.0552007220685482
0.5641865134239197,0.7697317004203796,1.3805293974655797e-07,0.5049123764038086,0.7395566701889038,-0.019603118300437927,0.451982706785202,0.6882646679878235,-0.03658638894557953,0.43286728858947754,0.6271064281463623,-0.05552738159894943,0.4708734154701233,0.5945354700088501,-0.07197091728448868,0.4927630126476288,0.5784286856651306,-0.007346829399466515,0.47158560156822205,0.5012387633323669,-0.04414195567369461,0.4660100042819977,0.5229897499084473,-0.0725330337882042,0.469772070646286,0.5583289265632629,-0.08617086708545685,0.5249875783920288,0.5602245330810547,-0.013216336257755756,0.5118757486343384,0.46088558435440063,-0.03190154209733009,0.5024623870849609,0.403577595949173,-0.04608577489852905,0.4958447813987732,0.35450905561447144,-0.055547114461660385,0.5615869164466858,0.5640490055084229,-0.025743523612618446,0.5512319207191467,0.47047412395477295,-0.043534014374017715,0.5425829887390137,0.41523146629333496,-0.05344938114285469,0.533926248550415,0.3671402037143707,-0.058828894048929214,0.6008633375167847,0.5849871039390564,-0.04096538946032524,0.6028730869293213,0.5122567415237427,-0.05142958462238312,0.6017957925796509,0.46708986163139343,-0.052883829921483994,0.599183976650238,0.4250832200050354,-0.05317293852567673
0.5635074973106384,0.7709673047065735,1.5603288261445414e-07,0.5055878162384033,0.7390965223312378,-0.020722409710288048,0.45260900259017944,0.6885769367218018,-0.038017094135284424,0.4339842200279236,0.6275593042373657,-0.05714632198214531,0.472088098526001,0.590462327003479,-0.07374446094036102,0.4910435676574707,0.582503080368042,-0.006596742197871208,0.4704989194869995,0.5062897205352783,-0.041794802993535995,0.46739551424980164,0.5231730937957764,-0.06937262415885925,0.47396716475486755,0.5533413887023926,-0.08304066956043243,0.5233615636825562,0.5626041293144226,-0.012199141085147858,0.5105175971984863,0.4637678265571594,-0.03041212633252144,0.5009580254554749,0.40654611587524414,-0.04520850256085396,0.49483340978622437,0.3576241433620453,-0.055519603192806244,0.5595621466636658,0.5651828050613403,-0.02456887997686863,0.5500283241271973,0.4713568091392517,-0.04248502850532532,0.5417789220809937,0.41745221614837646,-0.05332965776324272,0.5343191027641296,0.3706982731819153,-0.05958694592118263,0.5990250110626221,0.5845593214035034,-0.039684463292360306,0.601698100566864,0.5112242102622986,-0.05061423406004906,0.601260244846344,0.46570149064064026,-0.05299226567149162,0.5991346836090088,0.4236292541027069,-0.05421663448214531
0.5628801584243774,0.7701191902160645,1.659562371969514e-07,0.5052459239959717,0.7387762665748596,-0.021165581420063972,0.4527308940887451,0.6877856254577637,-0.038788702338933945,0.43458157777786255,0.6263183951377869,-0.058089397847652435,0.47321364283561707,0.5889763832092285,-0.0748399868607521,0.4909714460372925,0.5827732086181641,-0.007761889602988958,0.46959996223449707,0.5064355134963989,-0.043643560260534286,0.4668015241622925,0.524578332901001,-0.07150159031152725,0.47359034419059753,0.5551554560661316,-0.08512073010206223,0.5233303308486938,0.5628379583358765,-0.013167007826268673,0.5108105540275574,0.46316754817962646,-0.03159881383180618,0.5012651085853577,0.4059697985649109,-0.04620247706770897,0.494579017162323,0.3569394052028656,-0.056249137967824936,0.5594987273216248,0.5655933022499084,-0.02538476511836052,0.5500373244285583,0.4708828330039978,-0.04354202374815941,0.5418248176574707,0.41608190536499023,-0.054476190358400345,0.5341964364051819,0.36857253313064575,-0.06067943945527077,0.5987026691436768,0.5850038528442383,-0.040336597710847855,0.6017665863037109,0.5114012956619263,-0.05145024135708809,0.6015670299530029,0.46521157026290894,-0.05398634448647499,0.5995938777923584,0.42286205291748047,-0.05524912849068642
0.5671561360359192,0.7685482501983643,1.7722044276524684e-07,0.5085453391075134,0.7397174835205078,-0.023075183853507042,0.4560657739639282,0.6886836290359497,-0.04196462407708168,0.4363429546356201,0.6288882493972778,-0.06225104629993439,0.4742549657821655,0.5954893827438354,-0.07957816123962402,0.49196597933769226,0.5778722167015076,-0.01029352005571127,0.47094491124153137,0.49724245071411133,-0.049290731549263,0.471319317817688,0.5213892459869385,-0.07894729822874069,0.480663537979126,0.557754397392273,-0.09287019073963165,0.5256059169769287,0.5590370893478394,-0.014670083299279213,0.5145716071128845,0.4588644802570343,-0.03456834703683853,0.5064601898193359,0.40190809965133667,-0.049513354897499084,0.49962952733039856,0.3510873019695282,-0.059299569576978683,0.5630186200141907,0.5623080134391785,-0.02618284896016121,0.5553939342498779,0.4661511778831482,-0.04510176181793213,0.5477767586708069,0.41122448444366455,-0.055509939789772034,0.5398892164230347,0.36253440380096436,-0.060840073972940445,0.6020135283470154,0.5827925205230713,-0.04065767303109169,0.6063448786735535,0.5095663666725159,-0.05206243321299553,0.6075180172920227,0.4634340703487396,-0.05414668843150139,0.6075830459594727,0.42006129026412964,-0.05454127490520477
0.566051721572876,0.7705475091934204,1.7328696344520722e-07,0.5084229707717896,0.7393990159034729,-0.021976333111524582,0.4560201168060303,0.6880532503128052,-0.04047678783535957,0.4377482533454895,0.6272428631782532,-0.06053479388356209,0.4764231741428375,0.5910692811012268,-0.07790625840425491,0.49300050735473633,0.5787373781204224,-0.01000206544995308,0.47244077920913696,0.499602735042572,-0.0473574697971344,0.4715172052383423,0.5221849083900452,-0.0761585533618927,0.47970905900001526,0.5565341114997864,-0.09021130949258804,0.526136577129364,0.5604182481765747,-0.015512803569436073,0.5138446688652039,0.46026498079299927,-0.03514881804585457,0.5049397349357605,0.40237873792648315,-0.05092475563287735,0.4983070492744446,0.35143914818763733,-0.061831776052713394,0.5628658533096313,0.5644355416297913,-0.027866384014487267,0.5550525784492493,0.468366801738739,-0.047012314200401306,0.5471190214157104,0.4135529696941376,-0.05854596197605133,0.5389777421951294,0.3652507960796356,-0.0651753842830658,0.6018909215927124,0.5851996541023254,-0.04296981543302536,0.6056691408157349,0.5113682746887207,-0.054699257016181946,0.6066992282867432,0.46510523557662964,-0.05732230842113495,0.6061972975730896,0.4219067096710205,-0.05864651873707771
0.5671520233154297,0.7703193426132202,1.7160211029931816e-07,0.5084944367408752,0.7393697500228882,-0.021808117628097534,0.45586472749710083,0.6883367300033569,-0.040104303508996964,0.4373294413089752,0.627700924873352,-0.06004158779978752,0.4758377969264984,0.5914051532745361,-0.0771748274564743,0.4931503236293793,0.578709065914154,-0.008883176371455193,0.47241151332855225,0.4989982545375824,-0.04639308899641037,0.47145500779151917,0.521503210067749,-0.07535064965486526,0.47968533635139465,0.5559596419334412,-0.08932571113109589,0.52620929479599,0.5603018403053284,-0.014122688211500645,0.5142062902450562,0.4598162770271301,-0.03352716192603111,0.5054305195808411,0.4024538993835449,-0.048916541039943695,0.49870991706848145,0.35203981399536133,-0.059422124177217484,0.5629948973655701,0.564068615436554,-0.026317520067095757,0.5548558235168457,0.46818965673446655,-0.04508313164114952,0.5469531416893005,0.41347166895866394,-0.05612022057175636,0.5391020774841309,0.36534178256988525,-0.062271203845739365,0.6023150086402893,0.5844413042068481,-0.04131150618195534,0.6060920357704163,0.5106197595596313,-0.05255449563264847,0.6069996953010559,0.4644321799278259,-0.054826341569423676,0.6065404415130615,0.42120441794395447,-0.05577060952782631
0.5710293054580688,0.7717204093933105,1.775325415565021e-07,0.5127237439155579,0.7426550984382629,-0.022526253014802933,0.4601283669471741,0.6906248927116394,-0.041480232030153275,0.43946439027786255,0.6322798728942871,-0.06210169941186905,0.47699329257011414,0.5989551544189453,-0.07970274239778519,0.4962594509124756,0.5756140351295471,-0.010369676165282726,0.4745018780231476,0.4956701397895813,-0.050099652260541916,0.4743664860725403,0.5205668807029724,-0.08022107928991318,0.483705997467041,0.5581187605857849,-0.09435002505779266,0.5305800437927246,0.5569149851799011,-0.015516920015215874,0.5192317366600037,0.456501841545105,-0.03591998666524887,0.511568546295166,0.3980709910392761,-0.05061810463666916,0.5058866143226624,0.3464892506599426,-0.060062021017074585,0.5679977536201477,0.5613060593605042,-0.02785000391304493,0.5603427290916443,0.46554529666900635,-0.04665239900350571,0.5523916482925415,0.4093519449234009,-0.055900778621435165,0.5439950227737427,0.3592248558998108,-0.0604257807135582,0.6069735288619995,0.5833694338798523,-0.043244775384664536,0.610810399055481,0.5095908045768738,-0.05424667149782181,0.6111149787902832,0.4632609486579895,-0.0552932508289814,0.610161542892456,0.4196544885635376,-0.05486758425831795
0.5706203579902649,0.7720209956169128,1.7792511641800957e-07,0.5126898884773254,0.7409347891807556,-0.021751806139945984,0.46020835638046265,0.6909353137016296,-0.04056906700134277,0.4398561716079712,0.6334860324859619,-0.061120204627513885,0.47648927569389343,0.5985944271087646,-0.07889343798160553,0.49654698371887207,0.5775308609008789,-0.010373872704803944,0.4757513105869293,0.4975297152996063,-0.04890010878443718,0.4749405086040497,0.5198745131492615,-0.07839261740446091,0.4836350977420807,0.5547139048576355,-0.09257695078849792,0.529944121837616,0.5590837001800537,-0.016065282747149467,0.5183832049369812,0.4571133255958557,-0.036191221326589584,0.5104873180389404,0.39827293157577515,-0.05173766613006592,0.5049557089805603,0.34624189138412476,-0.06227746233344078,0.566519021987915,0.563599169254303,-0.028658894822001457,0.5593177080154419,0.4678731858730316,-0.04755033552646637,0.5524277091026306,0.41222435235977173,-0.05842415988445282,0.5453729629516602,0.3629203140735626,-0.06446658819913864,0.6053311824798584,0.5852912664413452,-0.04411182180047035,0.6092393398284912,0.5109397172927856,-0.05509316176176071,0.6097530126571655,0.46518149971961975,-0.05687446519732475,0.6087478995323181,0.42215538024902344,-0.057450685650110245
0.5700134038925171,0.7716767191886902,1.765097721317943e-07,0.5121204257011414,0.7411453723907471,-0.021398471668362617,0.45986324548721313,0.6907600164413452,-0.03994986414909363,0.4397076964378357,0.633772075176239,-0.06033918634057045,0.47619515657424927,0.599690854549408,-0.07798492908477783,0.49598002433776855,0.5767887830734253,-0.009818153455853462,0.4755823314189911,0.4971778392791748,-0.048501212149858475,0.47470879554748535,0.5205917358398438,-0.07825224101543427,0.48319143056869507,0.5563027262687683,-0.09249221533536911,0.5293894410133362,0.5584812760353088,-0.01569896936416626,0.5182117819786072,0.4567835330963135,-0.035514362156391144,0.510302722454071,0.3980575203895569,-0.05080381780862808,0.504521369934082,0.34635064005851746,-0.06111699715256691,0.5660290122032166,0.5631791353225708,-0.028547298163175583,0.5591926574707031,0.46742624044418335,-0.04725010693073273,0.5522915124893188,0.41160112619400024,-0.057953931391239166,0.5450653433799744,0.3622128367424011,-0.06382155418395996,0.6046783328056335,0.5851234793663025,-0.04425167664885521,0.6091299653053284,0.5105627179145813,-0.05524018034338951,0.6101391911506653,0.46442413330078125,-0.05695370212197304,0.6096432209014893,0.4209429919719696,-0.05739143490791321
0.5716480016708374,0.774682343006134,1.764548898108842e-07,0.5144224166870117,0.7440400123596191,-0.02278057113289833,0.46132704615592957,0.6932450532913208,-0.04201187938451767,0.44065773487091064,0.6354461908340454,-0.0627095177769661,0.4770367443561554,0.5982118844985962,-0.08061914145946503,0.49780842661857605,0.5784417390823364,-0.01071120984852314,0.4762793183326721,0.5025518536567688,-0.04898519814014435,0.4756285548210144,0.5279808640480042,-0.07871034741401672,0.48516619205474854,0.5646219253540039,-0.09314235299825668,0.532260000705719,0.5582795739173889,-0.01621730998158455,0.5203675031661987,0.45735964179039,-0.0366271510720253,0.512048065662384,0.39777421951293945,-0.05290879309177399,0.506899893283844,0.34551799297332764,-0.06388576328754425,0.5701183080673218,0.561847984790802,-0.028654547408223152,0.5627385377883911,0.46468591690063477,-0.04829290881752968,0.554570198059082,0.4062058627605438,-0.06008389964699745,0.5467389822006226,0.35476234555244446,-0.06661983579397202,0.6098390221595764,0.5837211608886719,-0.043885957449674606,0.6143502593040466,0.5076436400413513,-0.05537394806742668,0.6155089735984802,0.4602041244506836,-0.05730393901467323,0.6151432394981384,0.41675516963005066,-0.05789649486541748
0.5694687366485596,0.7748531699180603,1.887209890583108e-07,0.5125877857208252,0.7427713871002197,-0.022684337571263313,0.46004822850227356,0.6922087669372559,-0.042379025369882584,0.43958577513694763,0.6342663764953613,-0.06359890103340149,0.47665390372276306,0.5964169502258301,-0.08204631507396698,0.4970504939556122,0.5784528851509094,-0.011262929067015648,0.4764922261238098,0.5005348920822144,-0.04940994828939438,0.47552356123924255,0.5229867100715637,-0.07903868705034256,0.4846920967102051,0.557240903377533,-0.09356588125228882,0.5313400030136108,0.5590320229530334,-0.016896342858672142,0.5197436809539795,0.4562329649925232,-0.0369417779147625,0.5119121074676514,0.3967428207397461,-0.052992723882198334,0.5073834657669067,0.34504592418670654,-0.06406891345977783,0.5689362287521362,0.5633063316345215,-0.029430141672492027,0.561274528503418,0.4651843011379242,-0.048628661781549454,0.5539019107818604,0.4071660041809082,-0.06047219783067703,0.5473347902297974,0.3565557599067688,-0.06734545528888702,0.608993649482727,0.5850604772567749,-0.044775187969207764,0.613647997379303,0.5088156461715698,-0.056368451565504074,0.6147692203521729,0.4608524441719055,-0.05894554406404495,0.6143180131912231,0.41656213998794556,-0.06017789989709854
0.5711094737052917,0.7752236127853394,1.7928942952494253e-07,0.5135132074356079,0.7434014081954956,-0.02203749492764473,0.46024325489997864,0.692812979221344,-0.041012562811374664,0.44068053364753723,0.6341027021408081,-0.061594776809215546,0.4777960479259491,0.5959903001785278,-0.07960301637649536,0.4976933002471924,0.5806389451026917,-0.010225897654891014,0.4768373668193817,0.5036474466323853,-0.04710788279771805,0.4757882058620453,0.5243760347366333,-0.07608972489833832,0.4852788746356964,0.5569261908531189,-0.09056270122528076,0.5318042039871216,0.5600839853286743,-0.016034118831157684,0.5197564363479614,0.45725876092910767,-0.03543101251125336,0.5117339491844177,0.3975359797477722,-0.05150463804602623,0.5076500773429871,0.3459993600845337,-0.0627707690000534,0.5692892074584961,0.563461184501648,-0.02858223393559456,0.5613515377044678,0.4650813937187195,-0.047538064420223236,0.5536093711853027,0.4069376289844513,-0.05972207710146904,0.5470194816589355,0.3564368188381195,-0.06696458905935287,0.609535813331604,0.5846831202507019,-0.04385554417967796,0.6140425801277161,0.5082862377166748,-0.05548468604683876,0.614777147769928,0.4603955149650574,-0.05830477923154831,0.6139398813247681,0.41634029150009155,-0.05983438342809677
0.5726704597473145,0.7748057842254639,1.7971844101793977e-07,0.5135793685913086,0.7446396350860596,-0.02355647273361683,0.45959192514419556,0.694002628326416,-0.04343875125050545,0.4414932429790497,0.6350641250610352,-0.06466332077980042,0.47902604937553406,0.5951523184776306,-0.08298490196466446,0.4983901381492615,0.5779509544372559,-0.013039152137935162,0.47648885846138,0.4986141622066498,-0.053427789360284805,0.47614437341690063,0.5245281457901001,-0.08410697430372238,0.48611563444137573,0.5610380172729492,-0.09863288700580597,0.5330016016960144,0.5588440895080566,-0.018359936773777008,0.5210754871368408,0.4546911120414734,-0.040263157337903976,0.5126152634620667,0.3947429060935974,-0.056784000247716904,0.5068145394325256,0.3412337303161621,-0.06754732131958008,0.5712134838104248,0.5633574724197388,-0.030743300914764404,0.5638214945793152,0.46402305364608765,-0.051432378590106964,0.5559093952178955,0.40573734045028687,-0.06300952285528183,0.5485435724258423,0.35360288619995117,-0.06893551349639893,0.6116064190864563,0.5851395726203918,-0.0460008829832077,0.6158987879753113,0.506836473941803,-0.05822217836976051,0.617088258266449,0.45794373750686646,-0.06026555225253105,0.6173198223114014,0.41220295429229736,-0.060537323355674744
0.5721381306648254,0.7752878665924072,1.7004700225697889e-07,0.5135472416877747,0.7443146705627441,-0.02327156998217106,0.4592761695384979,0.6937764286994934,-0.04283081740140915,0.4415724575519562,0.6346311569213867,-0.06378989666700363,0.4782358705997467,0.5939934849739075,-0.08188540488481522,0.4985484182834625,0.5775980353355408,-0.012331081554293633,0.47696059942245483,0.49819207191467285,-0.051069460809230804,0.4761078953742981,0.5231664776802063,-0.08073262125253677,0.48580998182296753,0.5594320893287659,-0.09504500776529312,0.533108651638031,0.5586884021759033,-0.017773674800992012,0.5210479497909546,0.4543781876564026,-0.03873937577009201,0.5130755305290222,0.39508500695228577,-0.055346764624118805,0.5084772109985352,0.3428311049938202,-0.06664767861366272,0.5710570812225342,0.563399612903595,-0.030156655237078667,0.5641393661499023,0.46480628848075867,-0.050255246460437775,0.5563110113143921,0.407390832901001,-0.062383610755205154,0.5491727590560913,0.35648077726364136,-0.06917034834623337,0.6115766167640686,0.5851626992225647,-0.045351967215538025,0.6159533858299255,0.5062952637672424,-0.05733109638094902,0.6172534823417664,0.4577007293701172,-0.05973193049430847,0.6173883080482483,0.4121481478214264,-0.060678619891405106
0.570507824420929,0.7791963815689087,1.7528347484585538e-07,0.5121235251426697,0.7454715967178345,-0.022546598687767982,0.4583113193511963,0.6939242482185364,-0.0417039692401886,0.43929919600486755,0.6347811818122864,-0.06257424503564835,0.4768970012664795,0.5990152955055237,-0.08058282732963562,0.4984746277332306,0.5794596076011658,-0.010282446630299091,0.4776594340801239,0.4994453489780426,-0.04893534258008003,0.4763147234916687,0.5227620601654053,-0.07880626618862152,0.4853980839252472,0.5580938458442688,-0.09318450838327408,0.5329721570014954,0.5612195134162903,-0.015933237969875336,0.5204769968986511,0.45790717005729675,-0.03695954009890556,0.5119686722755432,0.39707136154174805,-0.0536406971514225,0.5070741176605225,0.34333810210227966,-0.06490180641412735,0.570833146572113,0.5653664469718933,-0.028589271008968353,0.5634638667106628,0.4675824046134949,-0.048435840755701065,0.5564077496528625,0.40962815284729004,-0.060368701815605164,0.5501749515533447,0.3593195676803589,-0.0668112263083458,0.6109715104103088,0.5864951610565186,-0.044109996408224106,0.6151956915855408,0.5073809623718262,-0.055197227746248245,0.6167175769805908,0.4583154320716858,-0.057123053818941116,0.6171457767486572,0.4130980968475342,-0.05773844197392464
0.569570779800415,0.7776566743850708,1.8207822449767264e-07,0.5107665061950684,0.7464169263839722,-0.023415952920913696,0.4578661322593689,0.6945679783821106,-0.04292578995227814,0.4393685460090637,0.6357032656669617,-0.06400153785943985,0.47684937715530396,0.6003676056861877,-0.0821339562535286,0.4979149103164673,0.5788611769676208,-0.010928940959274769,0.47700950503349304,0.49798938632011414,-0.050018999725580215,0.47565901279449463,0.5217676758766174,-0.08003120124340057,0.48472729325294495,0.557406485080719,-0.09440299868583679,0.5324004292488098,0.5598748326301575,-0.016099467873573303,0.5206568241119385,0.4562287926673889,-0.03716221824288368,0.5125581622123718,0.3959500789642334,-0.05342362821102142,0.5075807571411133,0.3425002694129944,-0.06427095085382462,0.5702219605445862,0.5640458464622498,-0.02839997597038746,0.5635273456573486,0.4656814634799957,-0.04799513518810272,0.5565489530563354,0.4079665541648865,-0.05917281657457352,0.5502737164497375,0.35735371708869934,-0.06506728380918503,0.6102077960968018,0.5855630040168762,-0.04371795058250427,0.6146365404129028,0.5073592066764832,-0.05466344952583313,0.6162958741188049,0.45885390043258667,-0.05633806064724922,0.6170988082885742,0.4138886332511902,-0.05665178596973419
0.5710222721099854,0.7781006097793579,1.7334512847355654e-07,0.5121252536773682,0.7463269233703613,-0.022490372881293297,0.4584207534790039,0.6951745748519897,-0.04158330708742142,0.4399617910385132,0.636223316192627,-0.0623675100505352,0.47648385167121887,0.5996097326278687,-0.08038173615932465,0.49874234199523926,0.5801294445991516,-0.010744906961917877,0.47752755880355835,0.49882107973098755,-0.04896960034966469,0.47595036029815674,0.5209935903549194,-0.0785018652677536,0.48498594760894775,0.5553486347198486,-0.09282593429088593,0.53319251537323,0.5610899925231934,-0.016398167237639427,0.5206791162490845,0.45739614963531494,-0.03726976737380028,0.5123102068901062,0.39682427048683167,-0.05383976176381111,0.5075555443763733,0.34345629811286926,-0.06506907939910889,0.5708742737770081,0.5649439096450806,-0.028945226222276688,0.5637771487236023,0.4666116237640381,-0.048463962972164154,0.5564634799957275,0.4086102247238159,-0.060122180730104446,0.5501261949539185,0.3578982353210449,-0.06655345112085342,0.6108400225639343,0.5860098004341125,-0.04436350613832474,0.6149612069129944,0.5076072812080383,-0.05546415597200394,0.616622269153595,0.4589332342147827,-0.05743825063109398,0.6174994707107544,0.41385799646377563,-0.058121610432863235
0.5672498941421509,0.781807541847229,1.9302866860471113e-07,0.5075969099998474,0.7487601041793823,-0.02306133322417736,0.45458734035491943,0.6986171007156372,-0.043000269681215286,0.4372932016849518,0.6410621404647827,-0.06462585926055908,0.47358056902885437,0.603553831577301,-0.08359343558549881,0.4954560399055481,0.5840567350387573,-0.01097640860825777,0.47461074590682983,0.5040595531463623,-0.05000469833612442,0.4730338454246521,0.5259932279586792,-0.08047168701887131,0.48228955268859863,0.5602283477783203,-0.09541844576597214,0.5297480225563049,0.5645295977592468,-0.01674017123878002,0.5177356004714966,0.4608973264694214,-0.03755258768796921,0.5096020102500916,0.40103524923324585,-0.05433197319507599,0.5053014755249023,0.34873247146606445,-0.06581878662109375,0.5675120949745178,0.5680638551712036,-0.02957014925777912,0.5603689551353455,0.4677528142929077,-0.04928194358944893,0.5531140565872192,0.4096100330352783,-0.061086591333150864,0.5471451878547668,0.35885074734687805,-0.06775778532028198,0.6079651117324829,0.5891133546829224,-0.04531935229897499,0.6130899786949158,0.5111178159713745,-0.05694814398884773,0.615186333656311,0.46227264404296875,-0.059106599539518356,0.6162808537483215,0.4168122410774231,-0.05990716069936752
0.5599492192268372,0.7822047472000122,1.8158294778913842e-07,0.49985161423683167,0.7479795217514038,-0.021677693352103233,0.44658029079437256,0.696444571018219,-0.0401855893433094,0.42777591943740845,0.6350516080856323,-0.06058896332979202,0.46555447578430176,0.5963550806045532,-0.07790594547986984,0.4854915142059326,0.584041178226471,-0.007846054621040821,0.4637364149093628,0.5026471018791199,-0.04607513174414635,0.46275365352630615,0.5250024199485779,-0.07540084421634674,0.4716787040233612,0.5598398447036743,-0.08940869569778442,0.5188051462173462,0.5649767518043518,-0.013408073224127293,0.505949854850769,0.4610810875892639,-0.03295112028717995,0.4978688359260559,0.40198814868927,-0.048066020011901855,0.4918549656867981,0.3496919572353363,-0.05835014581680298,0.5565630793571472,0.5687101483345032,-0.02614906243979931,0.5466599464416504,0.4687122106552124,-0.04521302878856659,0.5395590662956238,0.41268765926361084,-0.056135717779397964,0.5325456857681274,0.3642379343509674,-0.06219770759344101,0.5979197025299072,0.5895368456840515,-0.04175105318427086,0.6045389771461487,0.5135657787322998,-0.05322595313191414,0.6067206859588623,0.465617299079895,-0.05560608208179474,0.6070734262466431,0.42113661766052246,-0.056577518582344055
0.5009657740592957,0.8212318420410156,1.840017347376488e-07,0.44279220700263977,0.8037774562835693,-0.008530034683644772,0.39330437779426575,0.7576645016670227,-0.01562522165477276,0.3686451315879822,0.7207287549972534,-0.02574598230421543,0.3546386957168579,0.6906414031982422,-0.03580258786678314,0.4041268825531006,0.6338710784912109,0.0047921049408614635,0.37221020460128784,0.5806770324707031,-0.01995033584535122,0.3527182936668396,0.588244616985321,-0.04481968656182289,0.34019017219543457,0.6069337725639343,-0.058489181101322174,0.4324469566345215,0.608099102973938,-0.0055525777861475945,0.4129503667354584,0.5183380842208862,-0.017363086342811584,0.40139541029930115,0.46117064356803894,-0.03125196322798729,0.39413875341415405,0.41731756925582886,-0.04149681702256203,0.46658074855804443,0.6040608286857605,-0.021072883158922195,0.45211368799209595,0.5120854377746582,-0.0341772623360157,0.4416998624801636,0.4534068703651428,-0.04662599787116051,0.433307021856308,0.40784770250320435,-0.05524047464132309,0.5060480237007141,0.6190088391304016,-0.03828531131148338,0.5100331902503967,0.5444112420082092,-0.04866942763328552,0.509697437286377,0.49641531705856323,-0.051734402775764465,0.5065591335296631,0.45892608165740967,-0.053629983216524124
0.49366968870162964,0.8268842697143555,1.5679053433359513e-07,0.435768723487854,0.8051043748855591,-0.007448505610227585,0.38298365473747253,0.762464702129364,-0.01591525413095951,0.35647451877593994,0.7320597767829895,-0.02788889966905117,0.34837275743484497,0.7076604962348938,-0.040147822350263596,0.3972800076007843,0.6361377239227295,0.0010293443920090795,0.36188098788261414,0.5836382508277893,-0.02448570355772972,0.34501978754997253,0.6060578227043152,-0.050131287425756454,0.3371787667274475,0.6354261040687561,-0.06423988938331604,0.4265275001525879,0.6100460886955261,-0.010248769074678421,0.407927542924881,0.5192285776138306,-0.02130756340920925,0.3972960114479065,0.46602481603622437,-0.035434070974588394,0.39173248410224915,0.422961950302124,-0.04628441855311394,0.4609215259552002,0.6072512865066528,-0.026211686432361603,0.44805023074150085,0.513255774974823,-0.03912096470594406,0.4387148916721344,0.45443078875541687,-0.05191701278090477,0.4320096969604492,0.4066622257232666,-0.061076998710632324,0.49936649203300476,0.6239341497421265,-0.04342103749513626,0.5050612688064575,0.5492581129074097,-0.05290984362363815,0.5078369379043579,0.5008290410041809,-0.05435813218355179,0.5079985857009888,0.46173107624053955,-0.055330678820610046
0.4966147840023041,0.825534462928772,1.3083746353004244e-07,0.4396424889564514,0.8046107292175293,-0.008307850919663906,0.38686010241508484,0.7633360028266907,-0.01783795841038227,0.35791003704071045,0.7342154383659363,-0.031189672648906708,0.3516869843006134,0.7084589600563049,-0.04449182003736496,0.4010374844074249,0.6373246312141418,0.0025917638558894396,0.36615294218063354,0.5833379030227661,-0.025642631575465202,0.3467870056629181,0.6070557236671448,-0.05404050648212433,0.33954912424087524,0.6408867835998535,-0.06951991468667984,0.4289248287677765,0.6104016304016113,-0.008143645711243153,0.410267174243927,0.5194538831710815,-0.019214220345020294,0.3990940451622009,0.46467915177345276,-0.033084262162446976,0.3939454257488251,0.42148512601852417,-0.0439993180334568,0.4630398154258728,0.6064231991767883,-0.024117253720760345,0.44989481568336487,0.5110352635383606,-0.035787615925073624,0.4403185546398163,0.4527997374534607,-0.046380285173654556,0.4335961937904358,0.40601253509521484,-0.054185573011636734,0.5014064908027649,0.6231119632720947,-0.041828304529190063,0.5068584680557251,0.5462091565132141,-0.049872711300849915,0.5090611577033997,0.4956374764442444,-0.049647096544504166,0.5089266896247864,0.45387178659439087,-0.049453821033239365
0.46824124455451965,0.839884877204895,2.409394426194922e-07,0.4039263129234314,0.8231342434883118,-0.011657952331006527,0.34355539083480835,0.7850614786148071,-0.02343553863465786,0.31510430574417114,0.7527594566345215,-0.03771188110113144,0.3156227469444275,0.725461483001709,-0.051852770149707794,0.3724275231361389,0.64886873960495,-0.007709943689405918,0.33663949370384216,0.583828866481781,-0.034555163234472275,0.3192954957485199,0.5992754697799683,-0.05835159495472908,0.30930227041244507,0.6281065940856934,-0.0703471377491951,0.4030703902244568,0.6223024725914001,-0.017771461978554726,0.3757774233818054,0.5181153416633606,-0.030896833166480064,0.35523903369903564,0.4574280381202698,-0.04510171338915825,0.33950531482696533,0.40894776582717896,-0.05498800426721573,0.4398377537727356,0.6182613372802734,-0.032253459095954895,0.4161281883716583,0.5193513631820679,-0.04545699059963226,0.39816293120384216,0.4572625756263733,-0.05958299711346626,0.3841336667537689,0.4075110852718353,-0.06902182102203369,0.4800872206687927,0.6320339441299438,-0.048318393528461456,0.47743362188339233,0.5516692996025085,-0.058276429772377014,0.47443079948425293,0.4997406303882599,-0.06164613366127014,0.47185394167900085,0.4550899267196655,-0.06345091760158539
0.4724317193031311,0.844733476638794,1.3142928878551174e-07,0.4039692282676697,0.8267620801925659,-0.012449185363948345,0.3407621383666992,0.7865990400314331,-0.0238309558480978,0.3063426613807678,0.7514236569404602,-0.037991538643836975,0.2955963611602783,0.7158632874488831,-0.05134546756744385,0.3735508918762207,0.6498686075210571,-0.0038489673752337694,0.3367489278316498,0.5836577415466309,-0.036553818732500076,0.3183167576789856,0.5969153642654419,-0.0656074658036232,0.3102054297924042,0.6243429780006409,-0.08009130507707596,0.4017719328403473,0.6224014759063721,-0.013600112870335579,0.3731234669685364,0.518075704574585,-0.029524201527237892,0.35363903641700745,0.45700153708457947,-0.04491722211241722,0.33931785821914673,0.4089641869068146,-0.055320270359516144,0.4371294677257538,0.6175535321235657,-0.02905234694480896,0.41424402594566345,0.5181983709335327,-0.04425395652651787,0.3976949155330658,0.4572700560092926,-0.057375989854335785,0.3844744563102722,0.4066096246242523,-0.06576777249574661,0.4767279624938965,0.6316016912460327,-0.04651567339897156,0.47666025161743164,0.551927387714386,-0.05733222886919975,0.4748165011405945,0.5000960826873779,-0.06035400182008743,0.47303831577301025,0.45438987016677856,-0.06169607862830162
0.47336214780807495,0.8455386161804199,1.4515660495817428e-07,0.40518420934677124,0.8277173638343811,-0.012546269223093987,0.3428397476673126,0.7895069718360901,-0.024825938045978546,0.31013405323028564,0.756011962890625,-0.04010353237390518,0.3041212558746338,0.7255680561065674,-0.05517636612057686,0.3758339285850525,0.650627613067627,-0.0034601790830492973,0.33909091353416443,0.5873432159423828,-0.03603044152259827,0.31840789318084717,0.5966551303863525,-0.06560199707746506,0.30751365423202515,0.6190608143806458,-0.0809539332985878,0.40296670794487,0.6225401759147644,-0.013847898691892624,0.3738701343536377,0.5172668695449829,-0.030071226879954338,0.353145033121109,0.4567844271659851,-0.04607769846916199,0.3378712832927704,0.40915992856025696,-0.05699629709124565,0.4382326602935791,0.616789698600769,-0.02989000640809536,0.4152775704860687,0.5165454149246216,-0.04542924091219902,0.39865902066230774,0.4553532004356384,-0.05871092900633812,0.3854658603668213,0.4043942987918854,-0.06721881777048111,0.47790178656578064,0.6301049590110779,-0.04803479462862015,0.47685325145721436,0.5497319102287292,-0.05868634581565857,0.47508299350738525,0.497949481010437,-0.061316050589084625,0.47325968742370605,0.45249128341674805,-0.06257818639278412
0.46228116750717163,0.8597211241722107,1.439383794377136e-07,0.3972899317741394,0.8402722477912903,-0.016304729506373405,0.33153653144836426,0.7964479923248291,-0.03403233736753464,0.2954235076904297,0.7515342831611633,-0.05440250039100647,0.31336483359336853,0.7042478322982788,-0.07271536439657211,0.36321765184402466,0.6534997820854187,-0.010208627209067345,0.32294872403144836,0.5789047479629517,-0.04939291998744011,0.3092869520187378,0.603573203086853,-0.08035912364721298,0.3103391230106354,0.6430793404579163,-0.09501679241657257,0.39600491523742676,0.6266591548919678,-0.0200465340167284,0.36434847116470337,0.5146026015281677,-0.04041242599487305,0.3454831838607788,0.4497217535972595,-0.05567728355526924,0.331765741109848,0.39758026599884033,-0.06544417887926102,0.43610042333602905,0.6239051818847656,-0.03628924489021301,0.410797655582428,0.5152269005775452,-0.055257175117731094,0.3936769664287567,0.44969481229782104,-0.06721898913383484,0.37893229722976685,0.3940168023109436,-0.07402847707271576,0.4792141020298004,0.641758382320404,-0.05473886802792549,0.47452297806739807,0.5559273362159729,-0.06737878918647766,0.46993428468704224,0.4996793568134308,-0.07002098858356476,0.46492719650268555,0.4483273923397064,-0.07067275047302246
0.46405500173568726,0.8657570481300354,9.405876966184223e-08,0.3965054154396057,0.8406331539154053,-0.019740115851163864,0.33202365040779114,0.7969051003456116,-0.03938133642077446,0.2960040271282196,0.7496969699859619,-0.06168661639094353,0.3147997558116913,0.7012279629707336,-0.08152646571397781,0.3631197214126587,0.6520615220069885,-0.010200931690633297,0.32169172167778015,0.5786716341972351,-0.05077745392918587,0.3104632496833801,0.6159290075302124,-0.08369909971952438,0.31607791781425476,0.6612454652786255,-0.09991723299026489,0.3948967754840851,0.625184178352356,-0.018712831661105156,0.36469587683677673,0.5141803026199341,-0.0389055497944355,0.34540387988090515,0.4522453248500824,-0.05496678873896599,0.33187955617904663,0.4003089964389801,-0.06596789509057999,0.4353393614292145,0.6229827404022217,-0.034299831837415695,0.41044777631759644,0.5148811936378479,-0.05361950397491455,0.39177438616752625,0.4507395029067993,-0.06582604348659515,0.37660202383995056,0.3953813314437866,-0.073064886033535,0.47941339015960693,0.642032265663147,-0.0525820255279541,0.4746602475643158,0.554741621017456,-0.0655737891793251,0.4699702858924866,0.49873214960098267,-0.06799877434968948,0.4651697278022766,0.44763755798339844,-0.06860815733671188
0.46504780650138855,0.8661699295043945,9.778436549368053e-08,0.3964952230453491,0.841803789138794,-0.01994347758591175,0.33106565475463867,0.7989210486412048,-0.04001273959875107,0.29348722100257874,0.7516673803329468,-0.06281473487615585,0.31331348419189453,0.7022154331207275,-0.08299525082111359,0.36284345388412476,0.6531319618225098,-0.009887391701340675,0.3221511244773865,0.5772451162338257,-0.050591420382261276,0.3122507333755493,0.6162395477294922,-0.08382753282785416,0.3189634680747986,0.663202702999115,-0.1003774031996727,0.3951616883277893,0.62631756067276,-0.01849842444062233,0.3655441105365753,0.5133910775184631,-0.03856101259589195,0.346329003572464,0.45117247104644775,-0.055327408015728,0.3325798213481903,0.3986801207065582,-0.06724830716848373,0.4357224404811859,0.6242470741271973,-0.03423828259110451,0.4115225374698639,0.5155162215232849,-0.05305700749158859,0.39306020736694336,0.4511995315551758,-0.06564677506685257,0.37779513001441956,0.39488548040390015,-0.07360818237066269,0.4799666404724121,0.643132209777832,-0.05271805450320244,0.4751330316066742,0.5555845499038696,-0.06487518548965454,0.47045794129371643,0.49941837787628174,-0.06706005334854126,0.46552008390426636,0.44744348526000977,-0.06791777908802032
0.4738388955593109,0.8749752044677734,1.1343495742721643e-07,0.4029872715473175,0.851360023021698,-0.020327351987361908,0.3347437381744385,0.8051451444625854,-0.04088657349348068,0.2953478693962097,0.7564905881881714,-0.06424149125814438,0.32007426023483276,0.7084261178970337,-0.08458274602890015,0.36689743399620056,0.6543618440628052,-0.010799048468470573,0.3220705986022949,0.5760369896888733,-0.05407217890024185,0.3145388960838318,0.6162149310112,-0.08819887787103653,0.3238218128681183,0.6652836203575134,-0.10452578216791153,0.3996029496192932,0.6253252029418945,-0.019388889893889427,0.36889421939849854,0.5099829435348511,-0.041558943688869476,0.3486495614051819,0.44490718841552734,-0.058052483946084976,0.3327949643135071,0.3888368606567383,-0.06866678595542908,0.441321462392807,0.6220115423202515,-0.03532939404249191,0.41670218110084534,0.5096911191940308,-0.05499562248587608,0.39863231778144836,0.4431636333465576,-0.06629966199398041,0.38311365246772766,0.3848493695259094,-0.07256454229354858,0.4860137403011322,0.6418333053588867,-0.05418828874826431,0.48286792635917664,0.5543590188026428,-0.06627868860960007,0.47902601957321167,0.49872249364852905,-0.06754185259342194,0.47543036937713623,0.4474049210548401,-0.06702066957950592
0.47408297657966614,0.8773560523986816,1.1907697938795536e-07,0.40298086404800415,0.8513799905776978,-0.020115753635764122,0.33521485328674316,0.8073000311851501,-0.04114266112446785,0.294624000787735,0.7625207901000977,-0.06533878296613693,0.31744152307510376,0.714881420135498,-0.08649283647537231,0.3673838973045349,0.6530636548995972,-0.009326236322522163,0.3240508735179901,0.5738104581832886,-0.05271628126502037,0.3152068257331848,0.6142622828483582,-0.08738674223423004,0.3226882815361023,0.6649606227874756,-0.10405366122722626,0.40041759610176086,0.626047670841217,-0.018524695187807083,0.36941954493522644,0.5097429156303406,-0.03973924741148949,0.3495329022407532,0.44424986839294434,-0.05631542578339577,0.33443841338157654,0.3898743987083435,-0.06753062456846237,0.44213226437568665,0.6246638298034668,-0.03531038388609886,0.4171200692653656,0.5135539174079895,-0.0542425774037838,0.398650586605072,0.4466908872127533,-0.06551696360111237,0.3825913965702057,0.38861072063446045,-0.07221987098455429,0.48740318417549133,0.6456857323646545,-0.055115703493356705,0.4838840663433075,0.5567309856414795,-0.06636404991149902,0.47947028279304504,0.49989205598831177,-0.06697151064872742,0.47458958625793457,0.44764506816864014,-0.06639564037322998
0.47450655698776245,0.8772222399711609,1.1943123467972327e-07,0.4035281240940094,0.851630687713623,-0.020554564893245697,0.33598464727401733,0.8085079193115234,-0.04177842661738396,0.2951619625091553,0.7633330821990967,-0.06614499539136887,0.31798580288887024,0.7157419919967651,-0.08755939453840256,0.36651191115379333,0.653465747833252,-0.009167463518679142,0.3236449360847473,0.5745009779930115,-0.05295156314969063,0.314742773771286,0.6143933534622192,-0.08820374310016632,0.32242175936698914,0.6648419499397278,-0.105256587266922,0.3996325731277466,0.6260766983032227,-0.01817360520362854,0.36913853883743286,0.509762167930603,-0.039489082992076874,0.34946128726005554,0.44452789425849915,-0.056389015167951584,0.3347395062446594,0.39035946130752563,-0.06788703054189682,0.4416823387145996,0.6244628429412842,-0.03484850749373436,0.4172250032424927,0.5137532353401184,-0.05387971177697182,0.3987644910812378,0.44697052240371704,-0.06543762236833572,0.3827968239784241,0.38885220885276794,-0.07235141098499298,0.4873577058315277,0.6452507972717285,-0.05460621416568756,0.4837699234485626,0.5564245581626892,-0.06587520241737366,0.47945284843444824,0.4995487332344055,-0.06656626611948013,0.4747558534145355,0.4471689462661743,-0.06608450412750244
0.4837002158164978,0.8875235319137573,1.1057780824330621e-07,0.4098144471645355,0.8650969862937927,-0.02128572203218937,0.3372883200645447,0.8158100843429565,-0.042310722172260284,0.2993329167366028,0.7640137076377869,-0.06619465351104736,0.32709062099456787,0.7127970457077026,-0.08726482093334198,0.3724062144756317,0.6541205048561096,-0.010954413563013077,0.32751962542533875,0.5764583945274353,-0.05632312595844269,0.3204784393310547,0.6222376227378845,-0.09279777109622955,0.33035507798194885,0.6736199259757996,-0.1106996163725853,0.40791764855384827,0.6249842047691345,-0.020892532542347908,0.3777661919593811,0.5041985511779785,-0.04320155084133148,0.35658666491508484,0.436842679977417,-0.0608891136944294,0.3406634032726288,0.3787855803966522,-0.07277922332286835,0.45222601294517517,0.6244363188743591,-0.038634043186903,0.4269940257072449,0.5100229382514954,-0.0592653825879097,0.4083574414253235,0.4396367371082306,-0.07261326909065247,0.39277738332748413,0.375786155462265,-0.08085846155881882,0.49999845027923584,0.6481808423995972,-0.059350766241550446,0.49789732694625854,0.5575529336929321,-0.07268748432397842,0.49579766392707825,0.49936020374298096,-0.07465220242738724,0.49373936653137207,0.4437258839607239,-0.07500869780778885
0.4850613474845886,0.8928014636039734,1.1187078996499622e-07,0.4109073579311371,0.8657535910606384,-0.02215845137834549,0.3386538028717041,0.8183092474937439,-0.0437038317322731,0.29719600081443787,0.7699376344680786,-0.06835532188415527,0.3237167000770569,0.721041738986969,-0.09009222686290741,0.3721494972705841,0.656738817691803,-0.00917757023125887,0.32791632413864136,0.5754696130752563,-0.054993294179439545,0.32111385464668274,0.6178317666053772,-0.09235333651304245,0.3319694995880127,0.6691239476203918,-0.11070676892995834,0.4078063368797302,0.6271518468856812,-0.018473193049430847,0.3772585690021515,0.5071451663970947,-0.040373459458351135,0.3566330075263977,0.4401341676712036,-0.05858872830867767,0.3415815532207489,0.3839380145072937,-0.07132092118263245,0.4522362947463989,0.625880777835846,-0.03595689684152603,0.4275285005569458,0.5105724334716797,-0.05601903423666954,0.4085880517959595,0.44129201769828796,-0.06924168765544891,0.39257538318634033,0.3800055980682373,-0.07753007113933563,0.5003489851951599,0.6486929655075073,-0.05666330084204674,0.49816301465034485,0.5565182566642761,-0.06892532110214233,0.4953172206878662,0.4985817074775696,-0.07041718810796738,0.4918350577354431,0.44453004002571106,-0.07068059593439102
0.48491019010543823,0.8923672437667847,1.2143084404669935e-07,0.411232590675354,0.8640978336334229,-0.021105526015162468,0.34025058150291443,0.8163450360298157,-0.04236944019794464,0.29865339398384094,0.7701073288917542,-0.06697560101747513,0.32124418020248413,0.7216448187828064,-0.0890088602900505,0.3728017807006836,0.6556597948074341,-0.008863366208970547,0.32831376791000366,0.5763974785804749,-0.05476369336247444,0.31870368123054504,0.6183720231056213,-0.09214098006486893,0.32723939418792725,0.6702439785003662,-0.11037681996822357,0.40809857845306396,0.626580536365509,-0.01859970949590206,0.37823423743247986,0.5059484243392944,-0.04056478291749954,0.3573641777038574,0.4386931359767914,-0.05843860283493996,0.3418160378932953,0.3822808265686035,-0.0707641988992691,0.45227646827697754,0.6258963942527771,-0.03638619929552078,0.4286516606807709,0.5109772682189941,-0.05608696490526199,0.4100307524204254,0.4410976767539978,-0.06870269775390625,0.39383843541145325,0.3787986934185028,-0.07658198475837708,0.4999527931213379,0.6494189500808716,-0.057329654693603516,0.49859198927879333,0.5576930046081543,-0.06899244338274002,0.4960719048976898,0.4992196559906006,-0.06972572207450867,0.4926365315914154,0.4443962574005127,-0.06944011896848679
0.4883010685443878,0.9034741520881653,1.2901519141905737e-07,0.41307809948921204,0.8756827116012573,-0.02586340345442295,0.3389245271682739,0.8280960917472839,-0.05045425891876221,0.29391297698020935,0.780097246170044,-0.07744289189577103,0.32156938314437866,0.7323662638664246,-0.10135001689195633,0.37362509965896606,0.6629320979118347,-0.016282476484775543,0.3292325437068939,0.580690324306488,-0.06608404219150543,0.3228243887424469,0.6306675672531128,-0.10574395954608917,0.3334367871284485,0.6863438487052917,-0.12529639899730682,0.4116629362106323,0.6349292993545532,-0.025459377095103264,0.37995508313179016,0.5115507245063782,-0.051693446934223175,0.3597795367240906,0.44099321961402893,-0.07246019691228867,0.34503373503685,0.3787814676761627,-0.08648417145013809,0.45859962701797485,0.6356323957443237,-0.04299665614962578,0.4333629012107849,0.5172483325004578,-0.0679173544049263,0.41469669342041016,0.4431906044483185,-0.08405356854200363,0.39832228422164917,0.3752911686897278,-0.09354624152183533,0.5089142322540283,0.6610649824142456,-0.06363587081432343,0.5068480968475342,0.5655750632286072,-0.07920071482658386,0.5050394535064697,0.5046300292015076,-0.08185984194278717,0.5023825764656067,0.44674423336982727,-0.08257786929607391
0.48916366696357727,0.9036126136779785,1.4124505298696022e-07,0.4143528938293457,0.8756674528121948,-0.02592971734702587,0.3405933082103729,0.8285388350486755,-0.05026036128401756,0.29403990507125854,0.7817150354385376,-0.07712236046791077,0.3203301429748535,0.7346820831298828,-0.1010308638215065,0.37376314401626587,0.6631051898002625,-0.013855861499905586,0.3295861482620239,0.5825477242469788,-0.0625290721654892,0.31985893845558167,0.6313775181770325,-0.10182653367519379,0.3282562792301178,0.6876694560050964,-0.12133480608463287,0.4113409221172333,0.633204460144043,-0.022406673058867455,0.380971223115921,0.5102067589759827,-0.04723522812128067,0.3602660298347473,0.44052937626838684,-0.0670335665345192,0.3450279235839844,0.3800574243068695,-0.08053921908140182,0.4578598141670227,0.6331756711006165,-0.03945920243859291,0.4338049590587616,0.5153470635414124,-0.06302373111248016,0.4149473011493683,0.4422970414161682,-0.07809268683195114,0.39831364154815674,0.3758876919746399,-0.08694957196712494,0.5080084204673767,0.6582076549530029,-0.05977527052164078,0.5065896511077881,0.5634063482284546,-0.07422339916229248,0.5044642686843872,0.5027788877487183,-0.07625530660152435,0.5011847615242004,0.4452604651451111,-0.07657906413078308
0.4892626404762268,0.9040133953094482,1.3947773425115884e-07,0.41429367661476135,0.8756727576255798,-0.025546196848154068,0.34057316184043884,0.8280054330825806,-0.04962478578090668,0.2939058542251587,0.7811200618743896,-0.07632279396057129,0.32045480608940125,0.734548807144165,-0.1001029834151268,0.3738856017589569,0.6625580787658691,-0.01333589106798172,0.32960471510887146,0.5822387337684631,-0.06204449012875557,0.3200233578681946,0.6310180425643921,-0.10135519504547119,0.32885271310806274,0.6873430013656616,-0.1208219975233078,0.4114154577255249,0.6330832839012146,-0.022002672776579857,0.3810180425643921,0.5101561546325684,-0.04677017033100128,0.36040759086608887,0.4403921961784363,-0.0664588063955307,0.34539270401000977,0.3798952102661133,-0.07988385111093521,0.45792096853256226,0.6332399249076843,-0.03917235508561134,0.43390944600105286,0.5156543254852295,-0.06255946308374405,0.41504964232444763,0.4427397549152374,-0.07744195312261581,0.398399293422699,0.3765076994895935,-0.0861830934882164,0.5080376267433167,0.6583837866783142,-0.05960727483034134,0.5065577626228333,0.563444972038269,-0.07378649711608887,0.5042641162872314,0.5027753710746765,-0.07565879076719284,0.5008127689361572,0.4451557397842407,-0.07590747624635696
0.48429200053215027,0.912452220916748,1.1717065717675723e-07,0.4094541668891907,0.8840609192848206,-0.02384214848279953,0.33363690972328186,0.8351408243179321,-0.04676835238933563,0.28732600808143616,0.7865622043609619,-0.07256459444761276,0.3169325292110443,0.7377398014068604,-0.09528353810310364,0.36968764662742615,0.6725148558616638,-0.012490987777709961,0.3247672915458679,0.5891987085342407,-0.06020287051796913,0.3198683261871338,0.6388353705406189,-0.09852559864521027,0.3327615261077881,0.6945115327835083,-0.11745218187570572,0.40795454382896423,0.6432362198829651,-0.022019442170858383,0.376409113407135,0.5191315412521362,-0.04585490748286247,0.3554225265979767,0.44809702038764954,-0.06562688946723938,0.33965325355529785,0.38667717576026917,-0.07959185540676117,0.45453476905822754,0.642929196357727,-0.039897676557302475,0.4281197488307953,0.5246930122375488,-0.06275734305381775,0.4080565571784973,0.4502670466899872,-0.07865853607654572,0.3909948468208313,0.38294315338134766,-0.08869631588459015,0.5045873522758484,0.667070746421814,-0.060820404440164566,0.5029527544975281,0.5723530054092407,-0.07551988214254379,0.5007733106613159,0.5104758143424988,-0.07866434752941132,0.49763745069503784,0.45215123891830444,-0.08020421117544174
0.4858844578266144,0.9098418951034546,1.3733622949985147e-07,0.41155171394348145,0.8838645219802856,-0.026023542508482933,0.3364942669868469,0.8375561237335205,-0.050873056054115295,0.2881122827529907,0.7921643853187561,-0.07824206352233887,0.3153415024280548,0.7435070276260376,-0.1026310995221138,0.3694766163825989,0.6706773638725281,-0.014539717696607113,0.3246852457523346,0.5907474756240845,-0.06440002471208572,0.31605613231658936,0.6391963958740234,-0.10411644726991653,0.32649821043014526,0.6956693530082703,-0.12351272255182266,0.4072028398513794,0.6400998830795288,-0.02307698503136635,0.3760327100753784,0.5162315368652344,-0.048561081290245056,0.3542499840259552,0.4463644027709961,-0.06819974631071091,0.3383590877056122,0.38596469163894653,-0.08123095333576202,0.454743891954422,0.6394277811050415,-0.040194638073444366,0.4301682710647583,0.5204382538795471,-0.06416454911231995,0.4100285768508911,0.44646671414375305,-0.07914571464061737,0.39274945855140686,0.3792780339717865,-0.08772685378789902,0.5055809617042542,0.6648238301277161,-0.06058309227228165,0.5043214559555054,0.5704215168952942,-0.07549334317445755,0.501750111579895,0.5096678733825684,-0.07779255509376526,0.49835872650146484,0.45165351033210754,-0.0780508816242218
0.485687255859375,0.9111274480819702,1.3584940461441875e-07,0.41100239753723145,0.8844459652900696,-0.02530505508184433,0.33602020144462585,0.8373600244522095,-0.04967227205634117,0.28804391622543335,0.7911927103996277,-0.07672048360109329,0.31518226861953735,0.7434474229812622,-0.10087752342224121,0.36997026205062866,0.670282781124115,-0.01399454940110445,0.3247467577457428,0.5899518132209778,-0.06342346221208572,0.316797137260437,0.6388166546821594,-0.10313164442777634,0.3278621435165405,0.6950109004974365,-0.12276808172464371,0.4077643156051636,0.640325665473938,-0.023079752922058105,0.3761497735977173,0.5165309309959412,-0.04851927608251572,0.35456234216690063,0.4462002217769623,-0.0686018094420433,0.33904510736465454,0.38541632890701294,-0.08216889947652817,0.4549781382083893,0.6400620937347412,-0.040652886033058167,0.43048110604286194,0.5215190052986145,-0.0647413358092308,0.41077935695648193,0.4475139379501343,-0.0801592469215393,0.3937208652496338,0.3802768290042877,-0.08917267620563507,0.5056278109550476,0.6655611991882324,-0.061422914266586304,0.5044048428535461,0.5705173015594482,-0.07641015946865082,0.5020247101783752,0.5094507336616516,-0.07888010889291763,0.49850305914878845,0.45148181915283203,-0.07946948707103729
0.48387548327445984,0.9107627272605896,1.1943016886561963e-07,0.4106478691101074,0.8839240670204163,-0.02529117651283741,0.3370354175567627,0.8374552726745605,-0.04979489743709564,0.28699085116386414,0.7971828579902649,-0.07708100229501724,0.3076087534427643,0.7510610818862915,-0.10130414366722107,0.37148723006248474,0.6686185002326965,-0.014644567854702473,0.3250691294670105,0.5867589116096497,-0.06267370283603668,0.3170454502105713,0.6389591693878174,-0.10128170251846313,0.327644407749176,0.6971881985664368,-0.1205807775259018,0.40742865204811096,0.6407462358474731,-0.023699447512626648,0.3740253150463104,0.5181041955947876,-0.048066046088933945,0.3518970012664795,0.4482465088367462,-0.06798461824655533,0.33577030897140503,0.38725578784942627,-0.08191947638988495,0.45312461256980896,0.6417047381401062,-0.04111519455909729,0.42560267448425293,0.5242061614990234,-0.0636894702911377,0.404445081949234,0.4497442841529846,-0.07895412296056747,0.3866267502307892,0.38155901432037354,-0.08861105889081955,0.5025985836982727,0.6677138805389404,-0.06182665377855301,0.4999801516532898,0.5737529993057251,-0.07605355232954025,0.49661219120025635,0.5119377374649048,-0.07863317430019379,0.4923829138278961,0.45290741324424744,-0.07972411066293716
0.48392072319984436,0.9025986194610596,1.2903696244848106e-07,0.41054192185401917,0.8774955868721008,-0.02689777873456478,0.33651071786880493,0.8327971696853638,-0.05193249508738518,0.2868443727493286,0.7906436324119568,-0.07923751324415207,0.30782783031463623,0.7434285879135132,-0.10338131338357925,0.3689693212509155,0.6640105247497559,-0.016696982085704803,0.32267433404922485,0.5811557173728943,-0.06513403356075287,0.3131929636001587,0.632629930973053,-0.10358868539333344,0.32218021154403687,0.6906349062919617,-0.12258990854024887,0.40591493248939514,0.6342963576316833,-0.024840235710144043,0.37345045804977417,0.5112782716751099,-0.050279032438993454,0.3503679633140564,0.4423074424266815,-0.07040649652481079,0.332715779542923,0.38184094429016113,-0.08408982306718826,0.4523577094078064,0.6343467235565186,-0.04131186753511429,0.4268765151500702,0.5164352059364319,-0.06526114046573639,0.40607979893684387,0.44239160418510437,-0.08068631589412689,0.38807716965675354,0.3747875690460205,-0.08988498151302338,0.5022411346435547,0.6599074602127075,-0.061037179082632065,0.5001981854438782,0.5655918717384338,-0.0760623887181282,0.4972318410873413,0.5040799975395203,-0.07858972996473312,0.4934777021408081,0.44528982043266296,-0.07925364375114441
0.4940730333328247,0.8570335507392883,3.9819860830903053e-07,0.4057044982910156,0.8280267715454102,-0.018741285428404808,0.32993173599243164,0.7694588899612427,-0.036471810191869736,0.290342777967453,0.7108739614486694,-0.056699205189943314,0.29006558656692505,0.652241587638855,-0.07549168914556503,0.3627808690071106,0.5893850922584534,-0.008183415047824383,0.3240356743335724,0.4973503649234772,-0.04349587857723236,0.30105435848236084,0.4916614294052124,-0.07425464689731598,0.2846832871437073,0.5039788484573364,-0.09073019027709961,0.4040585458278656,0.5594891309738159,-0.02212727814912796,0.36698877811431885,0.41539743542671204,-0.0433528833091259,0.3429025411605835,0.33328714966773987,-0.0644397959113121,0.3244723081588745,0.27002620697021484,-0.07797573506832123,0.456046462059021,0.560684323310852,-0.042458679527044296,0.4247967004776001,0.4196333885192871,-0.06624024361371994,0.40271326899528503,0.33683502674102783,-0.08660458773374557,0.38348469138145447,0.26623886823654175,-0.09937489777803421,0.5164007544517517,0.5862839221954346,-0.06481379270553589,0.518636167049408,0.47460317611694336,-0.08390479534864426,0.5164939165115356,0.4039846658706665,-0.09129313379526138,0.5125537514686584,0.33953943848609924,-0.0951654314994812
0.49268093705177307,0.8603936433792114,3.231313883134135e-07,0.40435296297073364,0.8275490999221802,-0.017947111278772354,0.32668712735176086,0.772497832775116,-0.03621634095907211,0.28403523564338684,0.7219783067703247,-0.05815944820642471,0.28355422616004944,0.6695875525474548,-0.07919690012931824,0.36764267086982727,0.5845701694488525,-0.001961042871698737,0.329908549785614,0.4917025864124298,-0.03608299419283867,0.30252015590667725,0.478531152009964,-0.0681159496307373,0.2846067249774933,0.48558753728866577,-0.08675625175237656,0.4069710969924927,0.556731641292572,-0.017319979146122932,0.3700478971004486,0.4170486330986023,-0.03829926252365112,0.3436684012413025,0.3370084762573242,-0.06028277054429054,0.3250211477279663,0.27502262592315674,-0.0756087377667427,0.45761948823928833,0.5577678680419922,-0.03965286165475845,0.42588406801223755,0.41913533210754395,-0.06282013654708862,0.4047839343547821,0.34100523591041565,-0.0815592110157013,0.3882632255554199,0.27493125200271606,-0.09405215829610825,0.5156905651092529,0.5823330879211426,-0.06448109447956085,0.5166221857070923,0.47281575202941895,-0.08288582414388657,0.5152390003204346,0.4039531350135803,-0.08937686681747437,0.5130606293678284,0.34069645404815674,-0.09352932870388031
0.49438342452049255,0.8274834156036377,2.7490150955600257e-07,0.40006399154663086,0.7931352853775024,-0.02110961638391018,0.3202834725379944,0.7241055369377136,-0.045057300478219986,0.2706739902496338,0.6548185348510742,-0.07309339195489883,0.2832985520362854,0.5809222459793091,-0.09808429330587387,0.36158499121665955,0.5414400100708008,-0.006852250080555677,0.3092365264892578,0.4385453164577484,-0.06111735478043556,0.29058173298835754,0.4695362448692322,-0.10399340093135834,0.2910458743572235,0.5240495800971985,-0.12325012683868408,0.40590453147888184,0.5095194578170776,-0.01996927708387375,0.3659944534301758,0.3555549681186676,-0.04747328162193298,0.33936214447021484,0.2697317600250244,-0.06936736404895782,0.3176402449607849,0.20029520988464355,-0.08244837075471878,0.46001607179641724,0.5092582106590271,-0.04205320030450821,0.4271707534790039,0.36027437448501587,-0.06867953389883041,0.40337806940078735,0.27362778782844543,-0.08571631461381912,0.3807252049446106,0.19901171326637268,-0.0947786495089531,0.519000768661499,0.5357702374458313,-0.06684771925210953,0.5190015435218811,0.41489899158477783,-0.08430709689855576,0.5164383053779602,0.338083952665329,-0.08738835155963898,0.5121498107910156,0.2672285735607147,-0.08716494590044022
0.4914127290248871,0.8156660795211792,2.879280884826585e-07,0.39863768219947815,0.7816708087921143,-0.03167615830898285,0.313337504863739,0.7132850885391235,-0.0627344474196434,0.26254212856292725,0.6376503705978394,-0.09707169979810715,0.2963275909423828,0.5589483380317688,-0.12725864350795746,0.3568495213985443,0.523455023765564,-0.012468833476305008,0.3077978491783142,0.4112691283226013,-0.07517724484205246,0.2892470359802246,0.4456866383552551,-0.12328480929136276,0.29121047258377075,0.5046740174293518,-0.14478838443756104,0.4022284150123596,0.4897366762161255,-0.02162049524486065,0.3655824065208435,0.32843178510665894,-0.05328083038330078,0.3383113443851471,0.23533675074577332,-0.07585600763559341,0.3167472183704376,0.15495064854621887,-0.0890650823712349,0.46044430136680603,0.48867204785346985,-0.041724301874637604,0.42615020275115967,0.3352990746498108,-0.07140060514211655,0.4007570445537567,0.24527624249458313,-0.08650583028793335,0.37938302755355835,0.16634586453437805,-0.09329168498516083,0.5250817537307739,0.5149435997009277,-0.06597816199064255,0.5208805799484253,0.3944234848022461,-0.08427104353904724,0.5160179138183594,0.31627893447875977,-0.08629235625267029,0.5111754536628723,0.2415359616279602,-0.08484701812267303
0.49580860137939453,0.8177549839019775,2.0197545325117972e-07,0.4032055735588074,0.7818783521652222,-0.03201150521636009,0.3181978166103363,0.7148491144180298,-0.06222417205572128,0.2694443464279175,0.6391111612319946,-0.09602784365415573,0.2957945466041565,0.5591939091682434,-0.1258484423160553,0.3597366511821747,0.5232072472572327,-0.010493340902030468,0.3125903010368347,0.41066980361938477,-0.06941363215446472,0.29241544008255005,0.4433254301548004,-0.11677426099777222,0.29260239005088806,0.4990660548210144,-0.13994209468364716,0.40373724699020386,0.4883989095687866,-0.020176567137241364,0.3671225607395172,0.3307377099990845,-0.05033506825566292,0.33838847279548645,0.2393629252910614,-0.07468100637197495,0.3160943388938904,0.16274040937423706,-0.09086320549249649,0.46007052063941956,0.4863978326320648,-0.0407252162694931,0.42681261897087097,0.3374607563018799,-0.06948550045490265,0.4029887318611145,0.24764034152030945,-0.08707812428474426,0.38253942131996155,0.17068815231323242,-0.0973188728094101,0.5242617130279541,0.5113412141799927,-0.06553789973258972,0.521310567855835,0.3919147849082947,-0.08460541069507599,0.5166222453117371,0.31477710604667664,-0.08868253976106644,0.5104697942733765,0.24275124073028564,-0.09004364907741547
0.49478182196617126,0.8177007436752319,2.1626803459184885e-07,0.4024023115634918,0.7828885316848755,-0.03252733498811722,0.3170872628688812,0.7158578634262085,-0.06269869953393936,0.267215758562088,0.63887619972229,-0.09620629251003265,0.29636871814727783,0.558491587638855,-0.12562406063079834,0.3587772250175476,0.523476779460907,-0.01027115248143673,0.3108423948287964,0.4108264446258545,-0.06910700350999832,0.29331493377685547,0.44231000542640686,-0.11631499975919724,0.2964761257171631,0.4965725243091583,-0.13959673047065735,0.4033586382865906,0.4882815182209015,-0.019987307488918304,0.3655397295951843,0.3301817774772644,-0.05085432156920433,0.3372926712036133,0.2384655475616455,-0.0761718600988388,0.31579315662384033,0.16093242168426514,-0.09317890554666519,0.46007052063941956,0.4861104190349579,-0.04062492772936821,0.4266910254955292,0.33585265278816223,-0.07042504101991653,0.40300145745277405,0.24612855911254883,-0.08923514932394028,0.3827037811279297,0.1681654155254364,-0.10037212073802948,0.5245376825332642,0.5106073617935181,-0.06545446813106537,0.5213216543197632,0.391319215297699,-0.08525223284959793,0.5173402428627014,0.3138812184333801,-0.09027143567800522,0.5117959380149841,0.2399347424507141,-0.09251086413860321
0.4977949559688568,0.8118242025375366,2.327589072592673e-07,0.40365657210350037,0.7760406732559204,-0.030891187489032745,0.31750252842903137,0.7058417201042175,-0.06027292087674141,0.2682579755783081,0.6285947561264038,-0.09344727545976639,0.3005576729774475,0.551317036151886,-0.12247316539287567,0.36137834191322327,0.5128498673439026,-0.008622841909527779,0.3151240944862366,0.403517484664917,-0.06947313249111176,0.29662835597991943,0.43703657388687134,-0.11667382717132568,0.29867368936538696,0.4938352406024933,-0.1385108083486557,0.4061012268066406,0.477020800113678,-0.018827950581908226,0.371273398399353,0.3181520104408264,-0.04921678826212883,0.3430367708206177,0.226766437292099,-0.07031063735485077,0.32004478573799133,0.15008285641670227,-0.08293420076370239,0.4636673331260681,0.4760158061981201,-0.04028645157814026,0.43248823285102844,0.3250788450241089,-0.06963833421468735,0.4079146087169647,0.23378798365592957,-0.08401574939489365,0.38589373230934143,0.15535905957221985,-0.09083826094865799,0.5285156965255737,0.5032409429550171,-0.06608766317367554,0.5286011695861816,0.38379383087158203,-0.08518055081367493,0.5244240164756775,0.30562394857406616,-0.0875621885061264,0.5180560350418091,0.23217710852622986,-0.08676290512084961
0.498689740896225,0.8143084645271301,1.903499793343144e-07,0.40573376417160034,0.7763417959213257,-0.030257033184170723,0.3186083734035492,0.7068051695823669,-0.05932591110467911,0.27044737339019775,0.6271872520446777,-0.09211213886737823,0.3038948178291321,0.5486260652542114,-0.12095985561609268,0.362570196390152,0.5173025727272034,-0.010433006100356579,0.31515219807624817,0.4019399881362915,-0.06918488442897797,0.2972555160522461,0.4375944137573242,-0.11605671048164368,0.29997870326042175,0.4949774146080017,-0.13897058367729187,0.4078785479068756,0.4821597933769226,-0.020871663466095924,0.3721504211425781,0.32247546315193176,-0.05084310472011566,0.3450189530849457,0.2299741506576538,-0.07490630447864532,0.32432106137275696,0.15313073992729187,-0.09119439125061035,0.46491485834121704,0.4807547330856323,-0.04194386303424835,0.4324630796909332,0.3303273618221283,-0.07078681886196136,0.4087091088294983,0.23974370956420898,-0.08852819353342056,0.3884103000164032,0.16207543015480042,-0.09906627982854843,0.5299113392829895,0.5061156749725342,-0.06705856323242188,0.5279415249824524,0.3860251307487488,-0.08637845516204834,0.5239332318305969,0.30771008133888245,-0.0908825471997261,0.5184856057167053,0.233871728181839,-0.09275806695222855
0.4987715780735016,0.8128355741500854,2.0954252022420405e-07,0.4053409993648529,0.7759637236595154,-0.030737044289708138,0.3179757297039032,0.7088572382926941,-0.05976429954171181,0.2678245007991791,0.6350017189979553,-0.09248523414134979,0.2995060682296753,0.5601108074188232,-0.1211821660399437,0.3617374300956726,0.5164515376091003,-0.010748635977506638,0.3146750032901764,0.40051817893981934,-0.07040252536535263,0.29642361402511597,0.436994343996048,-0.11791630834341049,0.2982795238494873,0.49608543515205383,-0.14086981117725372,0.4070335924625397,0.4817643463611603,-0.020771542564034462,0.3713703751564026,0.3218647837638855,-0.05167422816157341,0.3442208766937256,0.2290663719177246,-0.07632263749837875,0.32328492403030396,0.15163201093673706,-0.09254533052444458,0.4645620882511139,0.48068273067474365,-0.041491955518722534,0.4316633641719818,0.32920366525650024,-0.07122495770454407,0.40829092264175415,0.2387407422065735,-0.08952875435352325,0.3882509768009186,0.1611296832561493,-0.09984508901834488,0.5298727750778198,0.506155788898468,-0.06622183322906494,0.5287112593650818,0.38591402769088745,-0.08611408621072769,0.5249658226966858,0.30729150772094727,-0.09089856594800949,0.5198416709899902,0.2323572337627411,-0.09247960895299911
0.5036255121231079,0.8043383359909058,1.951212027506699e-07,0.4097576439380646,0.7695711851119995,-0.032768718898296356,0.3229858875274658,0.6985099911689758,-0.06263861060142517,0.2708588242530823,0.6192717552185059,-0.09588741511106491,0.30584967136383057,0.5414920449256897,-0.12451039254665375,0.3667604625225067,0.5047821998596191,-0.009885394014418125,0.31906938552856445,0.3927966356277466,-0.0708286315202713,0.30280056595802307,0.4327446520328522,-0.11757492274045944,0.3076759874820709,0.49414345622062683,-0.1391974836587906,0.4125498831272125,0.4694127142429352,-0.01879279688000679,0.3773267865180969,0.3121948540210724,-0.04846102371811867,0.34964367747306824,0.22360217571258545,-0.06867548078298569,0.32656311988830566,0.14737972617149353,-0.08111640810966492,0.4708876609802246,0.46877428889274597,-0.039197247475385666,0.4403213858604431,0.31976234912872314,-0.06799972057342529,0.4151979088783264,0.22892364859580994,-0.0818261206150055,0.39166417717933655,0.1487402319908142,-0.08884647488594055,0.5362926721572876,0.4965713918209076,-0.06413180381059647,0.5377048850059509,0.3794667720794678,-0.0826229378581047,0.5347506999969482,0.30367356538772583,-0.08475446701049805,0.5291531085968018,0.23120763897895813,-0.08424592018127441
0.5066699981689453,0.8078776001930237,1.896844707971468e-07,0.4123670160770416,0.7713488340377808,-0.03459916263818741,0.32209864258766174,0.7037948369979858,-0.06537259370088577,0.2670999765396118,0.6262388825416565,-0.09906761348247528,0.3018066883087158,0.5453397631645203,-0.12802943587303162,0.36820748448371887,0.5110526084899902,-0.011947104707360268,0.32082754373550415,0.39386188983917236,-0.07196880131959915,0.3039325773715973,0.43407025933265686,-0.11965343356132507,0.30755579471588135,0.49410226941108704,-0.14307129383087158,0.4146791994571686,0.47529858350753784,-0.020156558603048325,0.3798082172870636,0.3182399272918701,-0.05086741968989372,0.35267746448516846,0.22701463103294373,-0.0750599279999733,0.3316860496997833,0.15011903643608093,-0.091499462723732,0.47231316566467285,0.4741549789905548,-0.03963015601038933,0.441058874130249,0.3268333077430725,-0.06906039267778397,0.41744527220726013,0.23676714301109314,-0.0861455425620079,0.3968731462955475,0.15848636627197266,-0.09606606513261795,0.5374633073806763,0.5002954602241516,-0.06357699632644653,0.535494863986969,0.3818695545196533,-0.08298753947019577,0.532014012336731,0.3052108883857727,-0.08710391819477081,0.5271681547164917,0.23232382535934448,-0.08856693655252457
0.5043637752532959,0.8066662549972534,2.049171570206454e-07,0.40956827998161316,0.7704628705978394,-0.03200657665729523,0.32127177715301514,0.7004084587097168,-0.06125394254922867,0.26694440841674805,0.6225699186325073,-0.09390803426504135,0.30228492617607117,0.5452817678451538,-0.12191207706928253,0.36764225363731384,0.5080283284187317,-0.009043450467288494,0.3210321366786957,0.39322543144226074,-0.06946627050638199,0.30318766832351685,0.43130916357040405,-0.11648446321487427,0.3059515357017517,0.490894079208374,-0.1385723054409027,0.4137413799762726,0.4727807939052582,-0.01812678389251232,0.3790093660354614,0.31548237800598145,-0.04813273996114731,0.35105061531066895,0.22445186972618103,-0.06944168359041214,0.32836753129959106,0.1479673981666565,-0.08280286192893982,0.4718566834926605,0.47196444869041443,-0.03851514309644699,0.4400865435600281,0.32285821437835693,-0.06750357151031494,0.41513770818710327,0.23275935649871826,-0.08173473179340363,0.3929138481616974,0.1546071171760559,-0.08885623514652252,0.537079930305481,0.498979389667511,-0.06332192569971085,0.536885142326355,0.38114458322525024,-0.08211268484592438,0.5334797501564026,0.30493342876434326,-0.08452814817428589,0.5284296274185181,0.23280850052833557,-0.08407261222600937
