0.4377206265926361,0.82354736328125,2.65440775137904e-07,0.42751750349998474,0.7550560235977173,-0.034322090446949005,0.38202521204948425,0.6939060688018799,-0.043482705950737,0.3252793848514557,0.6921161413192749,-0.048943303525447845,0.2822791337966919,0.7164150476455688,-0.05276966840028763,0.33049821853637695,0.6610627770423889,-0.021072542294859886,0.2621755301952362,0.6424903273582458,-0.041800737380981445,0.21818780899047852,0.6419610381126404,-0.05468117818236351,0.17863664031028748,0.6416714191436768,-0.06087269261479378,0.3114257752895355,0.7001949548721313,-0.015978524461388588,0.24184754490852356,0.6782885789871216,-0.04030153527855873,0.19372448325157166,0.6672785878181458,-0.05447735637426376,0.15289969742298126,0.6589474081993103,-0.058398518711328506,0.30587470531463623,0.7436443567276001,-0.014930838719010353,0.27835312485694885,0.7539574503898621,-0.055736202746629715,0.3236013948917389,0.7722247242927551,-0.06448741257190704,0.360332190990448,0.7840092778205872,-0.05565949156880379,0.30916139483451843,0.7867307662963867,-0.015886317938566208,0.29206645488739014,0.7831088304519653,-0.04912818223237991,0.3278611898422241,0.7958583831787109,-0.05017415061593056,0.3587205708026886,0.806178629398346,-0.0408361442387104
0.4387262463569641,0.8049246072769165,3.139876412205922e-07,0.4391568899154663,0.7330178022384644,-0.03676939010620117,0.3967542052268982,0.6672622561454773,-0.04865044355392456,0.33753252029418945,0.6593163013458252,-0.057148855179548264,0.28822118043899536,0.6724033355712891,-0.0638483315706253,0.343675822019577,0.6245301961898804,-0.026334283873438835,0.27206385135650635,0.5924413800239563,-0.051635630428791046,0.22559316456317902,0.5831078886985779,-0.06632433831691742,0.18396024405956268,0.5769920349121094,-0.07289571315050125,0.32013455033302307,0.6617604494094849,-0.022328265011310577,0.2437397539615631,0.6250870227813721,-0.051743678748607635,0.19182929396629333,0.6052486896514893,-0.06741365790367126,0.14875689148902893,0.5902115106582642,-0.07095548510551453,0.31139013171195984,0.7056559920310974,-0.02250916138291359,0.28284433484077454,0.7060542702674866,-0.06942074745893478,0.3299163579940796,0.7315039038658142,-0.0777537003159523,0.36728039383888245,0.74983811378479,-0.0666653960943222,0.31223246455192566,0.7496495246887207,-0.024692539125680923,0.2958950400352478,0.7380947470664978,-0.06258714199066162,0.3353450298309326,0.7567615509033203,-0.06238532066345215,0.36904796957969666,0.7730964422225952,-0.05063853785395622
0.43915724754333496,0.8013569116592407,2.916056871526962e-07,0.4399755597114563,0.7284008264541626,-0.03390168026089668,0.3960469365119934,0.6616569757461548,-0.04537265747785568,0.33460676670074463,0.6587650775909424,-0.053781908005476,0.28538966178894043,0.6817587614059448,-0.06090223044157028,0.343651682138443,0.6235283613204956,-0.025784075260162354,0.2700468897819519,0.5914298295974731,-0.04967734217643738,0.22243854403495789,0.5823007822036743,-0.063820019364357,0.1805291473865509,0.5758990049362183,-0.0709160566329956,0.32052627205848694,0.6619242429733276,-0.023337364196777344,0.2428814172744751,0.625923752784729,-0.051579300314188004,0.1931380182504654,0.6066911220550537,-0.0676359012722969,0.15066927671432495,0.591203510761261,-0.07240167260169983,0.3126409947872162,0.7074615955352783,-0.024418678134679794,0.2826773226261139,0.7086457014083862,-0.07061894983053207,0.32743194699287415,0.7337130308151245,-0.07990304380655289,0.3626736104488373,0.7524288296699524,-0.07051316648721695,0.3152630031108856,0.7527267336845398,-0.02711428888142109,0.2981114387512207,0.7405827045440674,-0.06601022183895111,0.3391757011413574,0.7574279308319092,-0.06680773943662643,0.3749573826789856,0.7739434838294983,-0.056170810014009476
0.4435466229915619,0.7917355298995972,2.8422948616935173e-07,0.44100648164749146,0.7193434834480286,-0.03420943394303322,0.39581799507141113,0.6551209688186646,-0.044201646000146866,0.33688247203826904,0.6501397490501404,-0.05107869580388069,0.28863197565078735,0.6647433042526245,-0.05638221278786659,0.3448702096939087,0.6136606931686401,-0.02177327312529087,0.2744658887386322,0.5827538371086121,-0.04437856376171112,0.22872793674468994,0.5741802453994751,-0.05799419805407524,0.18791526556015015,0.5686942338943481,-0.06436741352081299,0.32228079438209534,0.6511391401290894,-0.01864524558186531,0.24533313512802124,0.6161320209503174,-0.04486104100942612,0.194597065448761,0.5979674458503723,-0.05983859300613403,0.15241655707359314,0.584393322467804,-0.06370021402835846,0.3145856261253357,0.6960222721099854,-0.019617129117250443,0.28542935848236084,0.6969194412231445,-0.06378170102834702,0.331083208322525,0.7201331257820129,-0.07291372865438461,0.36737337708473206,0.736498236656189,-0.06350801140069962,0.316643625497818,0.7406145930290222,-0.02242433652281761,0.29917189478874207,0.7294716238975525,-0.05848667770624161,0.33801138401031494,0.7458249926567078,-0.05867308750748634,0.3716960847377777,0.7605602145195007,-0.048105522990226746
0.44227296113967896,0.7912013530731201,2.9756790809187805e-07,0.4400666058063507,0.7174885272979736,-0.03446269407868385,0.39567771553993225,0.6525573134422302,-0.04564621299505234,0.33541014790534973,0.6480652689933777,-0.05367637798190117,0.28669431805610657,0.6709242463111877,-0.06020113825798035,0.3462580144405365,0.6141993999481201,-0.024726279079914093,0.2745186388492584,0.5814187526702881,-0.04812796786427498,0.22877907752990723,0.5728750824928284,-0.06186870113015175,0.18803814053535461,0.5672669410705566,-0.06851170212030411,0.3235209286212921,0.652166485786438,-0.021842794492840767,0.24477452039718628,0.6158508658409119,-0.049020834267139435,0.19485855102539062,0.5963590145111084,-0.06465321779251099,0.15263532102108002,0.5810985565185547,-0.06907472759485245,0.3163817226886749,0.6974354386329651,-0.02266002632677555,0.28613078594207764,0.6987395882606506,-0.0678693950176239,0.3304642140865326,0.7234959006309509,-0.07692055404186249,0.3651720881462097,0.741551399230957,-0.06740443408489227,0.3200567662715912,0.7427394986152649,-0.025185486301779747,0.3023969829082489,0.7319055199623108,-0.06267645955085754,0.3422386050224304,0.7481070160865784,-0.06286661326885223,0.3769182860851288,0.7637367248535156,-0.0520106665790081
0.4418226480484009,0.7930765151977539,2.989463041558338e-07,0.4402972459793091,0.7208663821220398,-0.03480612859129906,0.3960164785385132,0.6555313467979431,-0.04598888382315636,0.33519577980041504,0.6490166187286377,-0.053850773721933365,0.28604674339294434,0.6709060668945312,-0.06021145358681679,0.34754616022109985,0.6142958402633667,-0.02531331218779087,0.2750028073787689,0.5813686847686768,-0.048917900770902634,0.22882600128650665,0.572149395942688,-0.06272730976343155,0.1878284066915512,0.5658296346664429,-0.06939228624105453,0.32430627942085266,0.6522847414016724,-0.022076314315199852,0.24590042233467102,0.6150894165039062,-0.04970964416861534,0.19576938450336456,0.5953834056854248,-0.06551456451416016,0.15309898555278778,0.5799494385719299,-0.06987211108207703,0.3164422810077667,0.6975952982902527,-0.022493839263916016,0.2866624593734741,0.6989120244979858,-0.06805380433797836,0.3311380445957184,0.7238195538520813,-0.0772821232676506,0.3660847842693329,0.7419315576553345,-0.06768053770065308,0.3194471299648285,0.7427949905395508,-0.024598047137260437,0.30312538146972656,0.7328214645385742,-0.06260361522436142,0.34312984347343445,0.7495387196540833,-0.06304769217967987,0.37782585620880127,0.7653502225875854,-0.05212615057826042
0.44367846846580505,0.7800958156585693,2.7926674306399946e-07,0.439760684967041,0.7087951302528381,-0.033687129616737366,0.3931716978549957,0.6442228555679321,-0.0429844930768013,0.33489155769348145,0.6375522613525391,-0.04916965216398239,0.28796544671058655,0.651447594165802,-0.0537983663380146,0.3447522521018982,0.6028732061386108,-0.021510504186153412,0.27307045459747314,0.5719403624534607,-0.04402974992990494,0.22766917943954468,0.5632129907608032,-0.05754093453288078,0.1876002848148346,0.558183491230011,-0.0635588988661766,0.32287099957466125,0.6416477560997009,-0.018327901139855385,0.24510328471660614,0.6064348220825195,-0.04458183795213699,0.19481196999549866,0.588006317615509,-0.059549249708652496,0.15370312333106995,0.5752894282341003,-0.06320042908191681,0.3152709901332855,0.6868682503700256,-0.019208788871765137,0.2865449786186218,0.6881309151649475,-0.06277346611022949,0.33191221952438354,0.7104772925376892,-0.07201610505580902,0.3679518401622772,0.726079523563385,-0.06261967867612839,0.3166239857673645,0.731179416179657,-0.02183532901108265,0.29821839928627014,0.7191373109817505,-0.05624321475625038,0.3352327346801758,0.7357193827629089,-0.05564175918698311,0.36674878001213074,0.7511201500892639,-0.04479030892252922
0.4415339231491089,0.7842729091644287,3.091652160946978e-07,0.4399056136608124,0.709734320640564,-0.035948678851127625,0.3959929049015045,0.6442381739616394,-0.046773798763751984,0.3359765112400055,0.6383986473083496,-0.05419839173555374,0.2876771092414856,0.656372606754303,-0.059780579060316086,0.3462473154067993,0.6056657433509827,-0.024331046268343925,0.274139404296875,0.571487545967102,-0.04842250421643257,0.22825999557971954,0.5625775456428528,-0.06238913536071777,0.18799519538879395,0.5570462346076965,-0.06857936084270477,0.3233991861343384,0.6438648700714111,-0.020438404753804207,0.24616646766662598,0.6056221127510071,-0.04856746271252632,0.1954503357410431,0.5852234363555908,-0.0642249584197998,0.15393361449241638,0.5705277919769287,-0.06797808408737183,0.31579917669296265,0.6883069276809692,-0.02073058858513832,0.2868748903274536,0.6901851296424866,-0.06663525849580765,0.33208391070365906,0.7146801948547363,-0.07572255283594131,0.3680971562862396,0.7321147322654724,-0.06542395800352097,0.31841200590133667,0.7325276136398315,-0.022879065945744514,0.29954794049263,0.7214100956916809,-0.05941689386963844,0.3375544548034668,0.7375974655151367,-0.0589178167283535,0.37044817209243774,0.7527292370796204,-0.04737793281674385
0.44206416606903076,0.7820767164230347,2.9405640589175164e-07,0.4404236674308777,0.7082781195640564,-0.035763464868068695,0.39532458782196045,0.6432414650917053,-0.04582122340798378,0.33541303873062134,0.6381826996803284,-0.05246298760175705,0.28725355863571167,0.657296359539032,-0.05737566575407982,0.34541788697242737,0.6048839092254639,-0.023321477696299553,0.27277955412864685,0.5714093446731567,-0.045967474579811096,0.22665242850780487,0.5617097020149231,-0.05920473113656044,0.18646399676799774,0.555325448513031,-0.06537274271249771,0.32360196113586426,0.6431897282600403,-0.01958022639155388,0.2452332079410553,0.606083333492279,-0.04640389233827591,0.19520580768585205,0.5863344073295593,-0.06166325882077217,0.15396510064601898,0.572241485118866,-0.06558152288198471,0.3171873986721039,0.688511073589325,-0.020026687532663345,0.2862783670425415,0.6884791254997253,-0.06547077745199203,0.33157655596733093,0.7123470902442932,-0.07495637983083725,0.36699649691581726,0.7294468283653259,-0.06532221287488937,0.3207515776157379,0.7336364388465881,-0.02228447236120701,0.30018797516822815,0.7199414372444153,-0.05932661145925522,0.3379839062690735,0.7350054383277893,-0.059613458812236786,0.3705964982509613,0.7499166131019592,-0.04891524836421013
0.44210952520370483,0.7717750668525696,3.0735665745851293e-07,0.43994075059890747,0.6974784731864929,-0.0343368761241436,0.39360615611076355,0.630578875541687,-0.043526265770196915,0.33267849683761597,0.6275149583816528,-0.04956156760454178,0.2850140929222107,0.643661379814148,-0.053947001695632935,0.3431464433670044,0.5974904298782349,-0.02141443081200123,0.2726922333240509,0.5647404193878174,-0.04400857537984848,0.22726385295391083,0.5552782416343689,-0.057033903896808624,0.18688303232192993,0.5495489239692688,-0.06305915117263794,0.3211238384246826,0.6368081569671631,-0.018587592989206314,0.24281640350818634,0.5995456576347351,-0.045759908854961395,0.19273635745048523,0.580061674118042,-0.06090634688735008,0.15151408314704895,0.5661839246749878,-0.06476177275180817,0.3139214515686035,0.6825358867645264,-0.02000049501657486,0.28283706307411194,0.6786258220672607,-0.0660887137055397,0.3298211395740509,0.7009754180908203,-0.075340136885643,0.3668501079082489,0.717028796672821,-0.06546115130186081,0.31569063663482666,0.7284796237945557,-0.023096805438399315,0.29666993021965027,0.7121531963348389,-0.06038087233901024,0.33434659242630005,0.7274917364120483,-0.06084181368350983,0.3660341203212738,0.7422155141830444,-0.050417933613061905
0.4412546455860138,0.7737475633621216,3.534395318638417e-07,0.44022858142852783,0.6981775164604187,-0.040337808430194855,0.39645689725875854,0.6292843818664551,-0.05254143849015236,0.3351050019264221,0.6230714321136475,-0.06048662215471268,0.2856287956237793,0.6420257091522217,-0.06652741879224777,0.34273332357406616,0.5964707732200623,-0.02809409610927105,0.27128517627716064,0.5625308156013489,-0.05283305048942566,0.22540229558944702,0.5520216822624207,-0.06697841733694077,0.18482621014118195,0.5437893271446228,-0.0735837072134018,0.3204994797706604,0.6367007493972778,-0.022717496380209923,0.24421420693397522,0.5981501340866089,-0.05214783921837807,0.1937258094549179,0.5773051977157593,-0.06810711324214935,0.15250664949417114,0.5619611144065857,-0.07213345915079117,0.3130967915058136,0.6832744479179382,-0.022022968158125877,0.28340959548950195,0.679955244064331,-0.0704839900135994,0.33155885338783264,0.702154815196991,-0.0799565538764,0.3699875473976135,0.7182453870773315,-0.06937484443187714,0.314515084028244,0.7297664880752563,-0.023518551141023636,0.29583895206451416,0.7163581252098083,-0.06295496225357056,0.3336644172668457,0.7291663885116577,-0.06432517617940903,0.3664524555206299,0.7417244911193848,-0.0538133941590786
0.44179630279541016,0.7730480432510376,3.467998226369673e-07,0.439621239900589,0.6973710656166077,-0.03983205556869507,0.3958698809146881,0.6293320655822754,-0.05175648629665375,0.33493301272392273,0.6236435174942017,-0.059542957693338394,0.2858450412750244,0.6421058773994446,-0.06542786210775375,0.3428475260734558,0.5964033603668213,-0.027227314189076424,0.27204012870788574,0.5624639391899109,-0.05176740139722824,0.22638589143753052,0.5520275235176086,-0.0659303367137909,0.18605415523052216,0.5440856218338013,-0.07254663109779358,0.3207271099090576,0.6366148591041565,-0.022000420838594437,0.24457088112831116,0.5983260869979858,-0.05108741298317909,0.19380035996437073,0.5772665143013,-0.06701768934726715,0.15236090123653412,0.5616753697395325,-0.07111766934394836,0.3135770857334137,0.6831085085868835,-0.021460410207509995,0.28364676237106323,0.680444061756134,-0.06936299800872803,0.3314187824726105,0.7022762894630432,-0.07893841713666916,0.36971408128738403,0.7179689407348633,-0.06860481202602386,0.31542837619781494,0.7295132875442505,-0.023106345906853676,0.296360582113266,0.7165390253067017,-0.062015365809202194,0.33368900418281555,0.7292231321334839,-0.06340982764959335,0.36617299914360046,0.7415148019790649,-0.05307445675134659
0.44264981150627136,0.7720590829849243,3.076695236359228e-07,0.44229456782341003,0.6969952583312988,-0.03718166798353195,0.4001975655555725,0.628883957862854,-0.047686222940683365,0.3417227864265442,0.621312141418457,-0.05458858609199524,0.29370683431625366,0.6379050612449646,-0.05959365889430046,0.34516119956970215,0.5927619934082031,-0.02277613990008831,0.27384281158447266,0.5605931878089905,-0.045019980520009995,0.2276136875152588,0.549927294254303,-0.058136168867349625,0.18752245604991913,0.5413615107536316,-0.06431894749403,0.3230440318584442,0.630168080329895,-0.018574893474578857,0.24446547031402588,0.5947240591049194,-0.04507181793451309,0.1946302354335785,0.575172483921051,-0.05998178943991661,0.15497970581054688,0.5607826113700867,-0.06381578743457794,0.31569579243659973,0.6749402284622192,-0.018932245671749115,0.28452590107917786,0.6701166033744812,-0.06472960859537125,0.3302534520626068,0.6957683563232422,-0.07375574111938477,0.36627763509750366,0.7151006460189819,-0.06378942728042603,0.31739991903305054,0.7203209400177002,-0.021332908421754837,0.2964336574077606,0.7031588554382324,-0.058847058564424515,0.33466869592666626,0.7183191180229187,-0.05951925739645958,0.3677246570587158,0.73386549949646,-0.04909902438521385
0.44197532534599304,0.773285448551178,2.9431274128910445e-07,0.44243404269218445,0.6979522109031677,-0.03641132637858391,0.39930522441864014,0.6291376948356628,-0.04642089456319809,0.3405138850212097,0.6212096214294434,-0.0529424287378788,0.2926662266254425,0.6411145925521851,-0.05775834992527962,0.3461359441280365,0.5925182700157166,-0.023255042731761932,0.27332785725593567,0.5598831176757812,-0.045373350381851196,0.22596395015716553,0.5493543148040771,-0.058590035885572433,0.18520992994308472,0.5412668585777283,-0.06513474881649017,0.32401663064956665,0.6301164627075195,-0.019385728985071182,0.24589519202709198,0.5930859446525574,-0.04633459448814392,0.19641250371932983,0.5732079744338989,-0.062093526124954224,0.15542832016944885,0.558071494102478,-0.06664277613162994,0.3167916536331177,0.6749042272567749,-0.01971796154975891,0.28278404474258423,0.6724002361297607,-0.06611278653144836,0.3281010091304779,0.6990933418273926,-0.07567550241947174,0.3630925416946411,0.7193134427070618,-0.06609143316745758,0.3195189833641052,0.7199469208717346,-0.021912287920713425,0.2967514991760254,0.7027077078819275,-0.06050758436322212,0.3360893428325653,0.7179216742515564,-0.06137356907129288,0.3704432249069214,0.7337659597396851,-0.050899434834718704
0.44186922907829285,0.7716948986053467,2.872282891530631e-07,0.44203656911849976,0.6964629292488098,-0.03572623059153557,0.39855921268463135,0.6275871992111206,-0.04581405967473984,0.3395768105983734,0.6209075450897217,-0.05257606506347656,0.29196247458457947,0.6413499116897583,-0.057741679251194,0.3458329737186432,0.5925338864326477,-0.023549135774374008,0.2726532518863678,0.5593360662460327,-0.045978330075740814,0.22494645416736603,0.5490847229957581,-0.05947698652744293,0.18413056433200836,0.5412198305130005,-0.0662689283490181,0.32426026463508606,0.6306745409965515,-0.020278261974453926,0.24594762921333313,0.5933954119682312,-0.04769013449549675,0.19611108303070068,0.5738766193389893,-0.0639595165848732,0.15462589263916016,0.558993935585022,-0.0689118281006813,0.31747549772262573,0.675609827041626,-0.02104688063263893,0.28337234258651733,0.6731500625610352,-0.06748736649751663,0.3283439576625824,0.699202299118042,-0.07696618139743805,0.3631639778614044,0.7188894748687744,-0.06746858358383179,0.3205782473087311,0.7207367420196533,-0.02362314611673355,0.29732874035835266,0.7036400437355042,-0.06203136965632439,0.33640769124031067,0.7187443971633911,-0.062477849423885345,0.3706783652305603,0.7347030639648438,-0.05180573835968971
0.4401983916759491,0.772875964641571,2.9307486215657264e-07,0.43895912170410156,0.6967151165008545,-0.036339301615953445,0.3948341906070709,0.6294137239456177,-0.04648027569055557,0.3335646092891693,0.622249960899353,-0.05331726744771004,0.2850398123264313,0.6410689353942871,-0.0585535429418087,0.345676064491272,0.5964395999908447,-0.02353639155626297,0.27351114153862,0.5611840486526489,-0.046171486377716064,0.2278333306312561,0.5514259338378906,-0.05954204499721527,0.18771395087242126,0.5434810519218445,-0.06622081249952316,0.3238316774368286,0.6353998780250549,-0.01933426596224308,0.24727681279182434,0.5981369018554688,-0.04682726413011551,0.198104590177536,0.5777267813682556,-0.0630575641989708,0.1571369469165802,0.5616151094436646,-0.0682179257273674,0.3170064091682434,0.6805843710899353,-0.01926778256893158,0.28304755687713623,0.6774876117706299,-0.06498740613460541,0.3289925754070282,0.7012003064155579,-0.0743507370352745,0.3656313717365265,0.7191599011421204,-0.06506083160638809,0.31969085335731506,0.7253667116165161,-0.021121958270668983,0.29868343472480774,0.7107709646224976,-0.05913064628839493,0.335800439119339,0.7253745198249817,-0.06052711606025696,0.36826735734939575,0.7398367524147034,-0.050765641033649445
0.4384363889694214,0.7736123204231262,3.295197643637948e-07,0.4373645782470703,0.6982924938201904,-0.0376458503305912,0.3921714425086975,0.6308995485305786,-0.047186229377985,0.3311251401901245,0.6254333853721619,-0.052785858511924744,0.28403180837631226,0.645756185054779,-0.056677088141441345,0.3443409502506256,0.5990855693817139,-0.023940496146678925,0.2715967297554016,0.5655258297920227,-0.04593229666352272,0.22538647055625916,0.5548102855682373,-0.058587610721588135,0.1857876032590866,0.5465483069419861,-0.06454088538885117,0.3233584761619568,0.6368082761764526,-0.018674908205866814,0.24854932725429535,0.5982301235198975,-0.045802973210811615,0.1992834210395813,0.5775839686393738,-0.06156854331493378,0.15847232937812805,0.562126100063324,-0.0659417062997818,0.316789448261261,0.6813245415687561,-0.017763903364539146,0.28448566794395447,0.6811289191246033,-0.06417389214038849,0.3302032947540283,0.704916775226593,-0.07469230145215988,0.36700499057769775,0.7220532298088074,-0.0655280277132988,0.3188644051551819,0.725762128829956,-0.018733307719230652,0.2984086871147156,0.7140077948570251,-0.05712646245956421,0.33460667729377747,0.727779746055603,-0.05916691571474075,0.3664512038230896,0.740821897983551,-0.04961466044187546
0.43948644399642944,0.7732186913490295,3.202976586180739e-07,0.43751055002212524,0.6978051662445068,-0.036870021373033524,0.3919559121131897,0.6310132741928101,-0.045935340225696564,0.3321205973625183,0.6258723735809326,-0.05125769227743149,0.2855510413646698,0.6451656818389893,-0.05486325919628143,0.3447953760623932,0.5986258387565613,-0.02258129045367241,0.27359452843666077,0.5652257204055786,-0.04457554221153259,0.22813135385513306,0.5549308657646179,-0.05724768340587616,0.18912430107593536,0.5476893782615662,-0.06308235973119736,0.323520302772522,0.6364770531654358,-0.017747659236192703,0.24810674786567688,0.599035382270813,-0.04442652314901352,0.19852004945278168,0.5786335468292236,-0.05993872508406639,0.1578628569841385,0.56325364112854,-0.06412249803543091,0.31677940487861633,0.6815992593765259,-0.017361799255013466,0.2853494882583618,0.6808605194091797,-0.06322117894887924,0.3307032585144043,0.70371413230896,-0.0737687200307846,0.36725661158561707,0.7204416990280151,-0.06469333171844482,0.31859269738197327,0.7269613742828369,-0.018830331042408943,0.2990510165691376,0.7146743535995483,-0.05639674887061119,0.33464279770851135,0.7272643446922302,-0.05836459621787071,0.36564895510673523,0.739864706993103,-0.048951346427202225
0.43950265645980835,0.773306667804718,3.1787308785169444e-07,0.4376351535320282,0.697953999042511,-0.037058234214782715,0.3924899101257324,0.630905032157898,-0.046210143715143204,0.3325059413909912,0.6257801055908203,-0.051564548164606094,0.2857615649700165,0.6449874639511108,-0.05515033006668091,0.3447006940841675,0.598312258720398,-0.02244855836033821,0.2733144164085388,0.5647801160812378,-0.044378627091646194,0.22786840796470642,0.5543420910835266,-0.05696573108434677,0.18888378143310547,0.5470331907272339,-0.06268071383237839,0.32347673177719116,0.6356947422027588,-0.01748504675924778,0.24764016270637512,0.5986989140510559,-0.0440787747502327,0.19813303649425507,0.5785658359527588,-0.05953706428408623,0.1576538234949112,0.5634831190109253,-0.06362368166446686,0.31671974062919617,0.6802940964698792,-0.017010129988193512,0.2857615351676941,0.6799604892730713,-0.06278566271066666,0.330668181180954,0.7032034993171692,-0.07333942502737045,0.3667736053466797,0.7202132940292358,-0.06423252820968628,0.3184642791748047,0.7251436710357666,-0.01840336248278618,0.29846903681755066,0.7126650214195251,-0.055620353668928146,0.33404436707496643,0.7255266308784485,-0.05734721198678017,0.36511605978012085,0.7385092377662659,-0.047772783786058426
0.4395349621772766,0.7766503691673279,3.1750778362038545e-07,0.4373248815536499,0.6999098658561707,-0.036759328097105026,0.3922573924064636,0.6335639357566833,-0.046576522290706635,0.3321545720100403,0.6293546557426453,-0.05288420245051384,0.2850101888179779,0.6502074599266052,-0.05751635506749153,0.34388267993927,0.6007639169692993,-0.022040558978915215,0.2736010253429413,0.567071795463562,-0.04402242973446846,0.2274843156337738,0.5567694902420044,-0.05742821469902992,0.18804877996444702,0.5484409928321838,-0.06416581571102142,0.32301557064056396,0.6411545276641846,-0.01782248169183731,0.2487645447254181,0.6031457185745239,-0.04465707764029503,0.20001234114170074,0.5819185972213745,-0.06085143983364105,0.1598159223794937,0.5648450255393982,-0.06589792668819427,0.3171757161617279,0.6879348158836365,-0.017946915701031685,0.28392383456230164,0.6819126605987549,-0.06425996869802475,0.33100181818008423,0.7052533030509949,-0.07402778416872025,0.36816567182540894,0.7224777340888977,-0.06462644785642624,0.32077857851982117,0.7349711656570435,-0.019932636991143227,0.29822978377342224,0.7178441286087036,-0.05829302594065666,0.3348550498485565,0.7310644388198853,-0.05948150157928467,0.36658424139022827,0.7444038987159729,-0.049500901252031326
0.4399683475494385,0.7740234732627869,3.297955970538169e-07,0.43727046251296997,0.6978415250778198,-0.036711253225803375,0.39241477847099304,0.6329026818275452,-0.0465644970536232,0.33346250653266907,0.6284499764442444,-0.05295358598232269,0.2867927551269531,0.6475250720977783,-0.0577055849134922,0.3430399000644684,0.6012919545173645,-0.022457078099250793,0.2728855311870575,0.5679681301116943,-0.045060817152261734,0.2276322841644287,0.558018147945404,-0.05843318626284599,0.18884487450122833,0.5503682494163513,-0.06479628384113312,0.3219212591648102,0.6417111754417419,-0.018212271854281425,0.24755609035491943,0.6042690277099609,-0.04552081227302551,0.1987682282924652,0.5837281942367554,-0.06121133640408516,0.15946121513843536,0.5678024291992188,-0.06551128625869751,0.31588077545166016,0.6886225342750549,-0.01846201904118061,0.2856535017490387,0.6831530332565308,-0.06464603543281555,0.33202624320983887,0.7050539255142212,-0.07421649247407913,0.369169682264328,0.7209147810935974,-0.06445151567459106,0.31891921162605286,0.7355923056602478,-0.020604006946086884,0.29804593324661255,0.719592273235321,-0.058001890778541565,0.3332807421684265,0.7325924038887024,-0.05891551449894905,0.36367344856262207,0.7457095384597778,-0.04879022762179375
0.4392843246459961,0.7781217694282532,3.4405593396513723e-07,0.43595167994499207,0.7013553380966187,-0.03639973700046539,0.3914393484592438,0.6339333057403564,-0.04604314640164375,0.33099621534347534,0.6303806304931641,-0.05221984162926674,0.2838819622993469,0.6499401330947876,-0.056550417095422745,0.34368979930877686,0.6040513515472412,-0.022666534408926964,0.2733679413795471,0.571473240852356,-0.04549307003617287,0.22758975625038147,0.5622298121452332,-0.05886388570070267,0.18775218725204468,0.554224967956543,-0.06543532013893127,0.3218299448490143,0.6451969146728516,-0.018359478563070297,0.24916909635066986,0.606785774230957,-0.046034201979637146,0.19937393069267273,0.5855183601379395,-0.06157086417078972,0.15880858898162842,0.5687386393547058,-0.0659460499882698,0.31479698419570923,0.6922876834869385,-0.018500279635190964,0.28172826766967773,0.6872791051864624,-0.06531769037246704,0.33055412769317627,0.7105057835578918,-0.07426130771636963,0.36997389793395996,0.7273288369178772,-0.0640052855014801,0.31731128692626953,0.7400352954864502,-0.0205818023532629,0.2986876368522644,0.7271986603736877,-0.05979488417506218,0.335896760225296,0.7394405603408813,-0.06203727051615715,0.3675672113895416,0.750073254108429,-0.05253487080335617
0.43913787603378296,0.7783610820770264,3.271023274464824e-07,0.43571150302886963,0.7008432745933533,-0.0351351723074913,0.3918798267841339,0.6339958310127258,-0.043727997690439224,0.3327355682849884,0.6313672065734863,-0.04904764145612717,0.286194771528244,0.6494168639183044,-0.052661262452602386,0.3435274660587311,0.6028954386711121,-0.020138563588261604,0.27413079142570496,0.5719147324562073,-0.04253631457686424,0.22832271456718445,0.5626980066299438,-0.0560620054602623,0.18826766312122345,0.5556164383888245,-0.06256266683340073,0.32136934995651245,0.6436750292778015,-0.016431888565421104,0.2490575611591339,0.6061936020851135,-0.043613363057374954,0.19884255528450012,0.5863093137741089,-0.05953974276781082,0.15770043432712555,0.5709754228591919,-0.06401196122169495,0.3141344487667084,0.6907268762588501,-0.017211537808179855,0.28281790018081665,0.6891123056411743,-0.06360448151826859,0.330590158700943,0.7115551829338074,-0.0735052302479744,0.36921414732933044,0.7269161343574524,-0.06373854726552963,0.31655362248420715,0.7382158041000366,-0.01975710317492485,0.2958315312862396,0.7256091237068176,-0.05746828764677048,0.3323444128036499,0.7377138137817383,-0.05885535106062889,0.3643372058868408,0.7482678294181824,-0.048860225826501846
0.4414358139038086,0.7815690636634827,3.014988010363595e-07,0.43940892815589905,0.7075738906860352,-0.0342891700565815,0.39230144023895264,0.6402368545532227,-0.04201174154877663,0.33260732889175415,0.6360992789268494,-0.04619433358311653,0.28598710894584656,0.6571139693260193,-0.04883299395442009,0.34544795751571655,0.6093501448631287,-0.0200350359082222,0.27475082874298096,0.5780879259109497,-0.039850495755672455,0.22980335354804993,0.5685316324234009,-0.05164722353219986,0.1911025494337082,0.5607765913009644,-0.05756349116563797,0.3252357542514801,0.648248016834259,-0.016142450273036957,0.2497628927230835,0.6114698648452759,-0.04085652157664299,0.20160694420337677,0.5915744304656982,-0.05573883280158043,0.16115041077136993,0.5761580467224121,-0.06016265228390694,0.31957337260246277,0.6936001181602478,-0.01633446291089058,0.28533586859703064,0.6884108185768127,-0.0614008791744709,0.33369168639183044,0.7116687893867493,-0.07117515802383423,0.3712192475795746,0.7285430431365967,-0.06217314675450325,0.3232685625553131,0.7392029166221619,-0.01809786632657051,0.3023511469364166,0.7241083383560181,-0.05664649233222008,0.3400222659111023,0.7379373908042908,-0.058727700263261795,0.3720054626464844,0.7511072754859924,-0.04957743361592293
0.45778435468673706,0.7480443120002747,2.838566501850437e-07,0.44790899753570557,0.6718951463699341,-0.03196701779961586,0.40233856439590454,0.6104400157928467,-0.040389470756053925,0.34544166922569275,0.607605516910553,-0.04649098590016365,0.30065861344337463,0.6263660788536072,-0.05093662813305855,0.35111236572265625,0.5804362297058105,-0.01721855066716671,0.2815100848674774,0.5547295808792114,-0.039281249046325684,0.23618608713150024,0.5501306056976318,-0.05273214355111122,0.19553904235363007,0.5487675666809082,-0.05887638404965401,0.3303294777870178,0.6192850470542908,-0.015125329606235027,0.25297868251800537,0.5906156301498413,-0.04133390262722969,0.20113126933574677,0.5775508880615234,-0.0563461072742939,0.159494087100029,0.5691783428192139,-0.060057032853364944,0.3236221373081207,0.6639800667762756,-0.01723458245396614,0.2942100167274475,0.6610411405563354,-0.06100735813379288,0.3398776054382324,0.6802538633346558,-0.06950664520263672,0.37659120559692383,0.6950153112411499,-0.059378962963819504,0.32651805877685547,0.707743763923645,-0.021128658205270767,0.3080737292766571,0.6907125115394592,-0.055849339812994,0.34606486558914185,0.7023999691009521,-0.05532492324709892,0.37890470027923584,0.7159347534179688,-0.04418829083442688
0.458222895860672,0.7479974627494812,2.851732290309883e-07,0.44788068532943726,0.6739332675933838,-0.03509450703859329,0.40078672766685486,0.6134872436523438,-0.044583626091480255,0.34229159355163574,0.6100438237190247,-0.05098384991288185,0.2962992787361145,0.629630982875824,-0.05552254244685173,0.3516479730606079,0.5815243124961853,-0.020726507529616356,0.2811369001865387,0.5551367402076721,-0.044287268072366714,0.23525729775428772,0.5507214069366455,-0.058405760675668716,0.194489985704422,0.5491640567779541,-0.065279021859169,0.33064964413642883,0.6215038299560547,-0.01724829152226448,0.25411635637283325,0.5912473201751709,-0.04507303237915039,0.20353324711322784,0.5768877267837524,-0.06066089868545532,0.16159260272979736,0.5668874979019165,-0.06477893143892288,0.3253871500492096,0.6671421527862549,-0.018167363479733467,0.2916465699672699,0.6687445640563965,-0.06369300931692123,0.33964046835899353,0.685602068901062,-0.07205788046121597,0.3784584403038025,0.6970914602279663,-0.06174489110708237,0.3311521112918854,0.711794912815094,-0.02112538181245327,0.311747670173645,0.7014445662498474,-0.058048661798238754,0.34871798753738403,0.7121899724006653,-0.058579035103321075,0.3805113434791565,0.7224045395851135,-0.04812777787446976
0.4681842029094696,0.7426865100860596,2.9160153758311935e-07,0.4593397378921509,0.6673358082771301,-0.03453020751476288,0.41097474098205566,0.6043500304222107,-0.043492816388607025,0.3529101610183716,0.5966987013816833,-0.04935820400714874,0.30694764852523804,0.6111003160476685,-0.05312870815396309,0.3597506284713745,0.5674352645874023,-0.021702643483877182,0.28935086727142334,0.5389745235443115,-0.04581335559487343,0.2428290843963623,0.5360636711120605,-0.060604825615882874,0.20078065991401672,0.5353929996490479,-0.06757663935422897,0.3379836678504944,0.6100205779075623,-0.017929932102560997,0.26444581151008606,0.579879879951477,-0.046679116785526276,0.2093171626329422,0.5645288825035095,-0.06328494846820831,0.16377033293247223,0.5530235767364502,-0.06806857883930206,0.3298623263835907,0.6575497984886169,-0.018435634672641754,0.30248409509658813,0.6565508246421814,-0.06342159956693649,0.351483017206192,0.6736994981765747,-0.07254272699356079,0.3920951187610626,0.6863791942596436,-0.06253909319639206,0.33193716406822205,0.702812671661377,-0.021006017923355103,0.31947165727615356,0.6927810311317444,-0.056790560483932495,0.3572951853275299,0.7028764486312866,-0.05808202177286148,0.3895340859889984,0.7120232582092285,-0.04801652207970619
0.47360682487487793,0.7353012561798096,4.1103660919361573e-07,0.4673122763633728,0.6562572717666626,-0.03740078583359718,0.41586434841156006,0.5907037854194641,-0.04749524965882301,0.35423940420150757,0.583214521408081,-0.05501636117696762,0.30508294701576233,0.5949618220329285,-0.060315296053886414,0.3599937856197357,0.5538957118988037,-0.01957668550312519,0.2896287739276886,0.5212824940681458,-0.046523626893758774,0.2413405478000641,0.5151134133338928,-0.06246648728847504,0.1982247680425644,0.5113246440887451,-0.07017151266336441,0.3372257351875305,0.6000123620033264,-0.016935361549258232,0.2599068284034729,0.5673092007637024,-0.05057254806160927,0.20391716063022614,0.5481966733932495,-0.06902745366096497,0.15771466493606567,0.5314546823501587,-0.07396472990512848,0.33086496591567993,0.6524003744125366,-0.01947692781686783,0.30294787883758545,0.6522670388221741,-0.07232616096735,0.35794076323509216,0.6725913882255554,-0.0814448744058609,0.4019896984100342,0.686252772808075,-0.06902236491441727,0.33527374267578125,0.7048401832580566,-0.024177422747015953,0.32161757349967957,0.699166476726532,-0.06634900718927383,0.36091503500938416,0.7114357948303223,-0.06814417988061905,0.39256465435028076,0.7194458842277527,-0.05708002671599388
0.4745512008666992,0.7377115488052368,3.899965292930574e-07,0.46768495440483093,0.6527126431465149,-0.040018677711486816,0.4179227352142334,0.5885742902755737,-0.050897277891635895,0.3569568693637848,0.5858649015426636,-0.05868742987513542,0.30754145979881287,0.5971925854682922,-0.06396404653787613,0.3587287664413452,0.5517376661300659,-0.01979050412774086,0.2873861491680145,0.5213713049888611,-0.04607676714658737,0.24041202664375305,0.5156741738319397,-0.06188075989484787,0.19729731976985931,0.5120710134506226,-0.06963153183460236,0.3372225761413574,0.5989595055580139,-0.015899185091257095,0.257099449634552,0.5664476752281189,-0.04823495075106621,0.2020421028137207,0.5486360192298889,-0.0661158487200737,0.15630899369716644,0.533750057220459,-0.07077907770872116,0.332369863986969,0.652100145816803,-0.01761048100888729,0.300968736410141,0.6501869559288025,-0.06972023099660873,0.35665738582611084,0.6685625910758972,-0.07903607189655304,0.40072494745254517,0.6815502643585205,-0.0669921264052391,0.3378366529941559,0.7045120596885681,-0.021773913875222206,0.32227206230163574,0.6966745257377625,-0.06388137489557266,0.3624812364578247,0.7082116603851318,-0.0659666657447815,0.3947458267211914,0.7169789671897888,-0.05523116514086723
0.47122764587402344,0.74509596824646,4.784604357155331e-07,0.47045648097991943,0.6573746800422668,-0.043778371065855026,0.42150408029556274,0.583504319190979,-0.057525426149368286,0.35947442054748535,0.574276864528656,-0.06770996004343033,0.3074432909488678,0.5875408053398132,-0.07532431930303574,0.3607335388660431,0.546208918094635,-0.02897658944129944,0.28468042612075806,0.5104328393936157,-0.05949978902935982,0.23251572251319885,0.5021865367889404,-0.07714834064245224,0.1866714209318161,0.4966176152229309,-0.08552359789609909,0.33497154712677,0.5962504744529724,-0.02497885748744011,0.2502976059913635,0.5566281676292419,-0.061628308147192,0.1917097419500351,0.5348950624465942,-0.08019978553056717,0.14537857472896576,0.5163352489471436,-0.08451840281486511,0.3261813521385193,0.6528905034065247,-0.026627052575349808,0.2930445373058319,0.6432203054428101,-0.08379218727350235,0.351399302482605,0.6682037115097046,-0.09193990379571915,0.39756375551223755,0.6859427690505981,-0.07735957950353622,0.328544944524765,0.7103457450866699,-0.030872950330376625,0.3106767237186432,0.6934816837310791,-0.07639500498771667,0.35418468713760376,0.7052628993988037,-0.07698608189821243,0.38882410526275635,0.7153645753860474,-0.06396467238664627
0.47354230284690857,0.7477643489837646,4.167935685472912e-07,0.46994686126708984,0.657628059387207,-0.0402725525200367,0.4192587435245514,0.5838236212730408,-0.052432507276535034,0.35486891865730286,0.5779287815093994,-0.061794888228178024,0.3029825687408447,0.5920150279998779,-0.06872880458831787,0.35643815994262695,0.5475383996963501,-0.022982219234108925,0.282200425863266,0.5111092329025269,-0.05192377418279648,0.2318129539489746,0.5022525787353516,-0.0693662092089653,0.18727822601795197,0.4962710738182068,-0.07787906378507614,0.33202826976776123,0.5980967283248901,-0.020311279222369194,0.24964743852615356,0.5572471618652344,-0.05449846014380455,0.1930677443742752,0.5353273153305054,-0.07288041710853577,0.14724545180797577,0.5173858404159546,-0.07765494287014008,0.3254210352897644,0.654626190662384,-0.023167481645941734,0.29356634616851807,0.6445373296737671,-0.07690998911857605,0.3505147099494934,0.666633129119873,-0.08520104736089706,0.39610493183135986,0.682807207107544,-0.07200770825147629,0.33043548464775085,0.7112733721733093,-0.028570765629410744,0.31494736671447754,0.6961630582809448,-0.0717935636639595,0.3578057587146759,0.7071725726127625,-0.07282400876283646,0.3925020694732666,0.716463565826416,-0.060902588069438934
0.47359487414360046,0.749567449092865,4.149109429363307e-07,0.4711451828479767,0.6577335596084595,-0.04176488146185875,0.421604722738266,0.5833988785743713,-0.05405127629637718,0.35834237933158875,0.5766690969467163,-0.06321217864751816,0.3066180348396301,0.5902610421180725,-0.06981821358203888,0.35617634654045105,0.5462623238563538,-0.02394116297364235,0.28168272972106934,0.510819137096405,-0.05230829119682312,0.23098035156726837,0.5020835399627686,-0.06927505880594254,0.1860661506652832,0.49600839614868164,-0.07753691077232361,0.3314746916294098,0.596541166305542,-0.02046842873096466,0.2482638657093048,0.5574250817298889,-0.0540568009018898,0.19258750975131989,0.5360149145126343,-0.07186178863048553,0.14795087277889252,0.518534243106842,-0.07628755271434784,0.3244173526763916,0.6527393460273743,-0.022705726325511932,0.2930009067058563,0.642022430896759,-0.07649751752614975,0.35010606050491333,0.6649957895278931,-0.08498366922140121,0.3952062427997589,0.6823735237121582,-0.07182738184928894,0.328873872756958,0.708737313747406,-0.027636738494038582,0.31326109170913696,0.6926771998405457,-0.07114320248365402,0.3563196659088135,0.7040610909461975,-0.07256998121738434,0.39104753732681274,0.7146273255348206,-0.060847461223602295
0.4694952666759491,0.7560409903526306,4.972858960172744e-07,0.4707057774066925,0.6662856936454773,-0.04584629461169243,0.4188297986984253,0.5831941962242126,-0.05926703289151192,0.3499942719936371,0.571107029914856,-0.068999744951725,0.29393377900123596,0.5852301716804504,-0.07619493454694748,0.35696712136268616,0.5409285426139832,-0.029038554057478905,0.2744276225566864,0.49917730689048767,-0.061021216213703156,0.21884466707706451,0.48779305815696716,-0.07887055724859238,0.17032763361930847,0.48054763674736023,-0.0868409126996994,0.3286164402961731,0.5933550000190735,-0.024750472977757454,0.23868979513645172,0.5478991270065308,-0.06425664573907852,0.17529992759227753,0.5235671401023865,-0.0846332237124443,0.12383212149143219,0.5041408538818359,-0.08916312456130981,0.31803324818611145,0.6527245044708252,-0.02637147530913353,0.28140103816986084,0.6460103392601013,-0.0882454663515091,0.34237703680992126,0.6753559708595276,-0.09813541918992996,0.3909751772880554,0.696220338344574,-0.082778200507164,0.3180820047855377,0.7131994366645813,-0.030548496171832085,0.2992129921913147,0.6991561055183411,-0.07976069301366806,0.3439869284629822,0.7136146426200867,-0.08153096586465836,0.3794267475605011,0.7257904410362244,-0.06817486882209778
0.47262874245643616,0.7620702981948853,4.166212477230147e-07,0.4722985625267029,0.6702775955200195,-0.04618426412343979,0.4191114902496338,0.586205244064331,-0.058766692876815796,0.35000133514404297,0.5730619430541992,-0.06720633059740067,0.2933511734008789,0.5828052163124084,-0.0729341059923172,0.35476410388946533,0.5416924953460693,-0.027630694210529327,0.27460435032844543,0.5024696588516235,-0.058826521039009094,0.22080335021018982,0.49162882566452026,-0.07672737538814545,0.17264042794704437,0.4837683439254761,-0.08508849143981934,0.3272557854652405,0.5929694771766663,-0.023017682135105133,0.23790422081947327,0.5489122867584229,-0.06079128757119179,0.17647288739681244,0.5240700244903564,-0.08075518161058426,0.12614990770816803,0.5031403303146362,-0.08540800213813782,0.3177872598171234,0.6513925194740295,-0.02447683736681938,0.2862972021102905,0.6469489336013794,-0.08422109484672546,0.34673047065734863,0.6731118559837341,-0.09467065334320068,0.39425820112228394,0.6908405423164368,-0.08066771179437637,0.3193330764770508,0.7096051573753357,-0.028706474229693413,0.3057323694229126,0.6993364095687866,-0.07709447294473648,0.3522140681743622,0.7172036170959473,-0.07943931967020035,0.3882477879524231,0.7300834655761719,-0.06696804612874985
0.4740452170372009,0.7631263732910156,4.1098053316090954e-07,0.4728586673736572,0.6693531274795532,-0.04407201334834099,0.4202190637588501,0.5854701995849609,-0.05581452697515488,0.3504936099052429,0.5731542110443115,-0.0642695277929306,0.2940727472305298,0.585065484046936,-0.06998538970947266,0.352024108171463,0.5419309139251709,-0.023152003064751625,0.27159494161605835,0.5016137361526489,-0.05308796837925911,0.21823056042194366,0.4901531934738159,-0.07062456011772156,0.17098410427570343,0.48189735412597656,-0.07893483340740204,0.3255293071269989,0.594137966632843,-0.019686885178089142,0.23638397455215454,0.5497473478317261,-0.056464310735464096,0.1759238988161087,0.5251697897911072,-0.07678765058517456,0.12591172754764557,0.5046895146369934,-0.08206259459257126,0.31741422414779663,0.6530501246452332,-0.022311655804514885,0.2848404049873352,0.646074652671814,-0.08103681355714798,0.34441980719566345,0.6712435483932495,-0.0918290838599205,0.39138540625572205,0.6890282034873962,-0.07846924662590027,0.3200181722640991,0.711682915687561,-0.027600428089499474,0.3032885193824768,0.6982828974723816,-0.07480145990848541,0.3485853672027588,0.7133017182350159,-0.07708411663770676,0.3846578001976013,0.7254023551940918,-0.06495841592550278
0.47446054220199585,0.7639530301094055,4.073143884397723e-07,0.4728630781173706,0.6693388819694519,-0.04411061480641365,0.4203360676765442,0.5857438445091248,-0.055951353162527084,0.35040777921676636,0.5730893611907959,-0.06462398171424866,0.2940114140510559,0.5847550630569458,-0.07057512551546097,0.35187727212905884,0.5421856641769409,-0.02342662215232849,0.2718008756637573,0.5019097328186035,-0.05362052842974663,0.21810847520828247,0.490690141916275,-0.07125750184059143,0.1705954372882843,0.4823829233646393,-0.07961651682853699,0.32559120655059814,0.5949384570121765,-0.02015323005616665,0.23588967323303223,0.5503293871879578,-0.057058680802583694,0.175455704331398,0.5259736180305481,-0.07711572200059891,0.12586764991283417,0.5053502917289734,-0.08226200193166733,0.3175643980503082,0.6539803147315979,-0.02301737852394581,0.28441768884658813,0.6460466384887695,-0.08177968114614487,0.34367477893829346,0.6715148687362671,-0.09206917136907578,0.3905816078186035,0.6895367503166199,-0.078395314514637,0.3198971748352051,0.7131406664848328,-0.02859712392091751,0.3017347455024719,0.6993368864059448,-0.07548955082893372,0.34667307138442993,0.7141531705856323,-0.07732544839382172,0.3827514350414276,0.7260511517524719,-0.06495849788188934
0.5044143199920654,0.7757829427719116,5.21184517765505e-07,0.4996538758277893,0.6743261814117432,-0.05877400189638138,0.43598058819770813,0.5923755168914795,-0.07856538891792297,0.35210010409355164,0.5918879508972168,-0.09287621080875397,0.283689022064209,0.6087347865104675,-0.10397044569253922,0.3502260744571686,0.5390573740005493,-0.044565148651599884,0.24620845913887024,0.5035858154296875,-0.08531400561332703,0.18087339401245117,0.49663475155830383,-0.10733179748058319,0.12232483923435211,0.4917086064815521,-0.11721815913915634,0.32225269079208374,0.6014299988746643,-0.038534268736839294,0.20914557576179504,0.5633065700531006,-0.0874219536781311,0.13378949463367462,0.5405073761940002,-0.1117088794708252,0.07174542546272278,0.5221043825149536,-0.11658500134944916,0.3165512979030609,0.6709324717521667,-0.039723679423332214,0.2835221588611603,0.6792259216308594,-0.11497662961483002,0.3571285903453827,0.702372670173645,-0.12985755503177643,0.4135887026786804,0.7159099578857422,-0.11362211406230927,0.3241030275821686,0.7368319034576416,-0.0441916286945343,0.311065137386322,0.734572172164917,-0.10475137084722519,0.3667179346084595,0.7502004504203796,-0.1094745397567749,0.40979763865470886,0.7619685530662537,-0.09534230828285217
0.4970499277114868,0.8268688917160034,6.082008781049808e-07,0.4944714605808258,0.7222306728363037,-0.06148283928632736,0.4305613040924072,0.6402609944343567,-0.08375873416662216,0.34725818037986755,0.640110969543457,-0.10051151365041733,0.2783678472042084,0.6622393727302551,-0.11393333226442337,0.3350593149662018,0.5906609892845154,-0.055276449769735336,0.22773998975753784,0.5504329204559326,-0.10089506208896637,0.15929609537124634,0.5422281622886658,-0.12441606819629669,0.09746037423610687,0.5370787382125854,-0.13421784341335297,0.3056982159614563,0.6568147540092468,-0.04971707984805107,0.1888904720544815,0.6152239441871643,-0.10399430245161057,0.10692711174488068,0.5907573699951172,-0.12945282459259033,0.042233824729919434,0.5698841214179993,-0.13393287360668182,0.3002244830131531,0.729404628276825,-0.051039960235357285,0.27529042959213257,0.7368940114974976,-0.13066120445728302,0.35205328464508057,0.7623075246810913,-0.14452408254146576,0.412168025970459,0.7776463627815247,-0.12580639123916626,0.30902543663978577,0.7983474731445312,-0.05588272958993912,0.2978096306324005,0.7989442348480225,-0.1181354895234108,0.355861097574234,0.8151957988739014,-0.12133296579122543,0.4030405879020691,0.8253859281539917,-0.10492726415395737
0.5137967467308044,0.8343085050582886,5.265691811473516e-07,0.5105537176132202,0.7298165559768677,-0.05990218743681908,0.4466037452220917,0.6445488333702087,-0.08029597252607346,0.3623269200325012,0.6433995366096497,-0.09558083117008209,0.293583482503891,0.6615111827850342,-0.10729369521141052,0.35179662704467773,0.5936264395713806,-0.05058145523071289,0.2463773787021637,0.552457332611084,-0.09517423063516617,0.17823749780654907,0.5433992147445679,-0.11857067793607712,0.11684070527553558,0.5374667048454285,-0.12870925664901733,0.3227403163909912,0.6605406999588013,-0.04564650356769562,0.2060849964618683,0.6201595067977905,-0.09958156943321228,0.12576720118522644,0.5969333648681641,-0.12584993243217468,0.06098371744155884,0.5765694379806519,-0.13147418200969696,0.3178080916404724,0.732439398765564,-0.047449469566345215,0.29093798995018005,0.7389147281646729,-0.12567920982837677,0.36599141359329224,0.7621639966964722,-0.13948528468608856,0.42400625348091125,0.775314211845398,-0.12165883928537369,0.32743629813194275,0.800960123538971,-0.05290081724524498,0.3184884190559387,0.8026748299598694,-0.11457911878824234,0.3773140609264374,0.8177316188812256,-0.11882198601961136,0.4237891435623169,0.8255290389060974,-0.1036439761519432
0.5151889324188232,0.8349193334579468,5.225918471296609e-07,0.5133211016654968,0.7321606278419495,-0.05962824821472168,0.4542877674102783,0.6458603739738464,-0.08139420300722122,0.3705271780490875,0.6452741026878357,-0.09797472506761551,0.3016965389251709,0.6656996011734009,-0.11117999255657196,0.3567797839641571,0.6005913615226746,-0.051680028438568115,0.2510698139667511,0.5583356618881226,-0.09623797982931137,0.1846034824848175,0.5506376028060913,-0.11902593821287155,0.12436129152774811,0.5466919541358948,-0.12854737043380737,0.32838380336761475,0.6654329299926758,-0.046532247215509415,0.2123347967863083,0.6249635219573975,-0.09819775074720383,0.13616912066936493,0.6042946577072144,-0.12194351851940155,0.0763060450553894,0.5875093340873718,-0.12592364847660065,0.3250247538089752,0.7345163226127625,-0.048211924731731415,0.29985886812210083,0.7459409236907959,-0.12323431670665741,0.3758993148803711,0.7695973515510559,-0.13560637831687927,0.434789776802063,0.7814308404922485,-0.11773790419101715,0.3361329734325409,0.8001471757888794,-0.05367463082075119,0.33083441853523254,0.8093967437744141,-0.11216593533754349,0.3886335790157318,0.82545405626297,-0.11569449305534363,0.4330841302871704,0.8324000835418701,-0.10085199773311615
0.5133358836174011,0.8323628306388855,5.756588166150323e-07,0.5115530490875244,0.7304561734199524,-0.06009472906589508,0.4530197083950043,0.6452502608299255,-0.08296568691730499,0.3695813715457916,0.6470751762390137,-0.10032792389392853,0.3022172749042511,0.6675765514373779,-0.11421933770179749,0.35690516233444214,0.6015069484710693,-0.05287809669971466,0.250174343585968,0.5622842311859131,-0.0974445790052414,0.18482770025730133,0.5535230040550232,-0.12015987932682037,0.12593631446361542,0.5478461384773254,-0.1297428160905838,0.3290368616580963,0.6653859615325928,-0.047869373112916946,0.21351757645606995,0.6229660511016846,-0.10005626082420349,0.137224480509758,0.6016620993614197,-0.12369096279144287,0.0771837830543518,0.5849252343177795,-0.1271592378616333,0.3262668251991272,0.7341744899749756,-0.0497237928211689,0.2971847653388977,0.7444975972175598,-0.12662248313426971,0.37411582469940186,0.7699733376502991,-0.13870090246200562,0.4342759847640991,0.7826077342033386,-0.11984745413064957,0.33809319138526917,0.7993786931037903,-0.05509026721119881,0.32943254709243774,0.8071184754371643,-0.11527995765209198,0.3869878649711609,0.8231345415115356,-0.11815237998962402,0.43121063709259033,0.8297345042228699,-0.10227904468774796
0.5121103525161743,0.8318336009979248,5.783678034276818e-07,0.5115622282028198,0.730709969997406,-0.060906700789928436,0.4532731771469116,0.644162654876709,-0.08404462784528732,0.3692600727081299,0.6457915902137756,-0.10140116512775421,0.3012818396091461,0.6682450771331787,-0.1153682991862297,0.35682281851768494,0.6013233065605164,-0.054000113159418106,0.25074416399002075,0.5622718930244446,-0.09941816329956055,0.18547330796718597,0.5537497401237488,-0.12277644127607346,0.12637248635292053,0.548905611038208,-0.1326310783624649,0.32863977551460266,0.6648926138877869,-0.04857349395751953,0.21383947134017944,0.6223185062408447,-0.10152377188205719,0.1377265453338623,0.6007552742958069,-0.1254345178604126,0.07772010564804077,0.5843077898025513,-0.1288405954837799,0.32540959119796753,0.7333794236183167,-0.05007205531001091,0.2984568476676941,0.7456240653991699,-0.12757927179336548,0.37531545758247375,0.7703533172607422,-0.1398332417011261,0.43517521023750305,0.7824572920799255,-0.12087243050336838,0.33676227927207947,0.7981033325195312,-0.05512591823935509,0.32950809597969055,0.8068099617958069,-0.11551734060049057,0.3876168131828308,0.8236644864082336,-0.11825386434793472,0.4318069517612457,0.8308188319206238,-0.10216950625181198
0.5234683752059937,0.8383322358131409,5.085100838186918e-07,0.5236001014709473,0.7385714054107666,-0.058017123490571976,0.4638814926147461,0.6533656716346741,-0.07915624231100082,0.3798364996910095,0.6532204151153564,-0.09545658528804779,0.31048935651779175,0.673159658908844,-0.10846602916717529,0.36509600281715393,0.608151912689209,-0.047489799559116364,0.25967177748680115,0.5683695673942566,-0.0894269272685051,0.19459977746009827,0.5607029795646667,-0.11157884448766708,0.13571402430534363,0.5559101104736328,-0.1214074045419693,0.339529812335968,0.6730753183364868,-0.043735504150390625,0.22322747111320496,0.632407546043396,-0.09256945550441742,0.1482786387205124,0.6113184094429016,-0.11660420149564743,0.08723187446594238,0.5939725637435913,-0.12180934101343155,0.3383440375328064,0.742692768573761,-0.04666576161980629,0.3078426122665405,0.7443068027496338,-0.12056492269039154,0.3834047317504883,0.7669851779937744,-0.1326039880514145,0.4401307702064514,0.7796615362167358,-0.1153588518500328,0.3507765829563141,0.8096756935119629,-0.05305376648902893,0.3378159701824188,0.8077840805053711,-0.1119551807641983,0.395851194858551,0.8225449323654175,-0.11413142085075378,0.4405076801776886,0.8312559127807617,-0.09859983623027802
0.5246559977531433,0.8359940052032471,5.5709637081236e-07,0.5242328643798828,0.7353799343109131,-0.06035567447543144,0.46487075090408325,0.6515411138534546,-0.08221934735774994,0.3818705976009369,0.6524283289909363,-0.09838589280843735,0.3138183057308197,0.6719689965248108,-0.11102245002985,0.3706866502761841,0.6047415733337402,-0.05204647779464722,0.26652827858924866,0.5645013451576233,-0.0940806195139885,0.20187920331954956,0.5562582612037659,-0.11589940637350082,0.14326579868793488,0.552557647228241,-0.12548308074474335,0.3442721962928772,0.6702805757522583,-0.046336580067873,0.23085981607437134,0.6270347237586975,-0.09549163281917572,0.15575161576271057,0.6063094139099121,-0.11805518716573715,0.09654229879379272,0.5902456641197205,-0.12207673490047455,0.3426976203918457,0.7399561405181885,-0.04750020056962967,0.31156569719314575,0.7417965531349182,-0.12133347988128662,0.38583606481552124,0.7674908638000488,-0.13274343311786652,0.4432179629802704,0.781733512878418,-0.11487337946891785,0.35493534803390503,0.8059422969818115,-0.052311062812805176,0.34182000160217285,0.8046454787254333,-0.11095844209194183,0.39741918444633484,0.8195975422859192,-0.11386273801326752,0.4407888352870941,0.8264109492301941,-0.09891729801893234
0.5233673453330994,0.8355411291122437,5.504780915543961e-07,0.5236265063285828,0.7355421781539917,-0.060669027268886566,0.46509814262390137,0.6509562730789185,-0.08287331461906433,0.3822992444038391,0.6532216668128967,-0.09909365326166153,0.3144414722919464,0.6744626760482788,-0.11193745583295822,0.36838778853416443,0.6061495542526245,-0.051981084048748016,0.2639094293117523,0.5670890212059021,-0.0933629646897316,0.20012393593788147,0.5587239861488342,-0.11466816067695618,0.1434897631406784,0.5531641244888306,-0.12381142377853394,0.3431316614151001,0.6715832352638245,-0.045894213020801544,0.22935587167739868,0.6307845711708069,-0.09420068562030792,0.15662840008735657,0.609727680683136,-0.11661111563444138,0.10003215074539185,0.5927929878234863,-0.12049578130245209,0.3422328531742096,0.7409639358520508,-0.0467306412756443,0.3125612437725067,0.7426058053970337,-0.12053778767585754,0.387521892786026,0.7671264410018921,-0.13271142542362213,0.44492945075035095,0.7806795239448547,-0.11537027359008789,0.354547917842865,0.8061624765396118,-0.051071129739284515,0.3411692976951599,0.80352783203125,-0.10981763154268265,0.3968692123889923,0.818749725818634,-0.11281406879425049,0.43978917598724365,0.8273648023605347,-0.09799979627132416
0.5239599347114563,0.8339359760284424,5.613511007140914e-07,0.5240041613578796,0.7339246869087219,-0.060284197330474854,0.4649004638195038,0.6501607298851013,-0.08238121122121811,0.3822231590747833,0.6517730355262756,-0.09846889972686768,0.3147997260093689,0.6732991933822632,-0.11126202344894409,0.3688810467720032,0.606181263923645,-0.05270855128765106,0.2644385099411011,0.5672036409378052,-0.09418386965990067,0.20064185559749603,0.5587277412414551,-0.11542937904596329,0.14388976991176605,0.5533873438835144,-0.12448663264513016,0.3432901203632355,0.6714088320732117,-0.04665709286928177,0.2296452820301056,0.6304148435592651,-0.0949920043349266,0.15660583972930908,0.609343945980072,-0.11715417355298996,0.09993964433670044,0.5924974679946899,-0.12075372040271759,0.3420390188694,0.7408170104026794,-0.04739556834101677,0.3129822015762329,0.7434149980545044,-0.12076958268880844,0.386858731508255,0.7675089836120605,-0.13276924192905426,0.44402098655700684,0.7808391451835632,-0.11533726751804352,0.35420355200767517,0.8060104846954346,-0.051618605852127075,0.3420194387435913,0.8047634363174438,-0.11007203161716461,0.3977276384830475,0.8199433088302612,-0.11301138997077942,0.44109076261520386,0.8283067941665649,-0.09807831048965454
0.518888533115387,0.8266748189926147,5.895668095945439e-07,0.520094633102417,0.7272456288337708,-0.062284041196107864,0.4638361930847168,0.6438671350479126,-0.08530735224485397,0.38323861360549927,0.6486706137657166,-0.10222142189741135,0.3154531717300415,0.6673575639724731,-0.11534737050533295,0.36624497175216675,0.5972435474395752,-0.05124742537736893,0.2655830383300781,0.5585117340087891,-0.09276209771633148,0.20184871554374695,0.5496823191642761,-0.11449110507965088,0.14499033987522125,0.5453415513038635,-0.12404964864253998,0.34126633405685425,0.6620981693267822,-0.04506992921233177,0.2285163551568985,0.6201226115226746,-0.09371522814035416,0.1555882841348648,0.598289430141449,-0.11611432582139969,0.09879645705223083,0.5814647674560547,-0.11983338743448257,0.3407129645347595,0.7311629056930542,-0.04625842347741127,0.31105679273605347,0.733646810054779,-0.12097562849521637,0.3856052756309509,0.7574419379234314,-0.13302993774414062,0.4416564106941223,0.770081639289856,-0.11531607806682587,0.35295605659484863,0.797260582447052,-0.05112740769982338,0.33844780921936035,0.794063150882721,-0.11004288494586945,0.3940558433532715,0.8092148303985596,-0.11274877190589905,0.4358813166618347,0.8173419237136841,-0.09774962812662125
0.5170785784721375,0.8234396576881409,5.719228397538245e-07,0.5195228457450867,0.7240405678749084,-0.06091982126235962,0.4633942246437073,0.6369475722312927,-0.0840567946434021,0.38067641854286194,0.6412404775619507,-0.10119670629501343,0.313984215259552,0.6626749038696289,-0.11498396098613739,0.3679141104221344,0.5958214998245239,-0.0535559356212616,0.26582470536231995,0.5570555329322815,-0.0962289571762085,0.20252425968647003,0.5482451915740967,-0.118592768907547,0.14618077874183655,0.5422018766403198,-0.12857584655284882,0.34251850843429565,0.6610096096992493,-0.047871850430965424,0.23080815374851227,0.6161372661590576,-0.09815873950719833,0.15858644247055054,0.5941270589828491,-0.12143128365278244,0.10174921154975891,0.5765896439552307,-0.1257612556219101,0.34080770611763,0.7295087575912476,-0.04902098327875137,0.3110123574733734,0.7279658913612366,-0.12426251173019409,0.38518279790878296,0.7534856796264648,-0.13559041917324066,0.44179415702819824,0.7675783634185791,-0.11756378412246704,0.3521813452243805,0.7946867942810059,-0.05367007851600647,0.3385315239429474,0.7895270586013794,-0.11281272023916245,0.3941709101200104,0.8051885366439819,-0.11474290490150452,0.43629100918769836,0.8140626549720764,-0.09920869767665863
0.5174479484558105,0.8215105533599854,5.715301085729152e-07,0.5179811120033264,0.722558856010437,-0.05989164486527443,0.4616039991378784,0.6370785236358643,-0.08325280249118805,0.3794092535972595,0.6398364901542664,-0.10093794763088226,0.3125363290309906,0.6626628041267395,-0.1152413934469223,0.3659921884536743,0.5958011150360107,-0.05182511359453201,0.2635015845298767,0.556698739528656,-0.0937679186463356,0.2004239708185196,0.5485114455223083,-0.11580932885408401,0.14521056413650513,0.541868269443512,-0.12563538551330566,0.34141165018081665,0.660956084728241,-0.04676807299256325,0.23038166761398315,0.6192758083343506,-0.09607335180044174,0.15798446536064148,0.5979048609733582,-0.1191595047712326,0.10160183906555176,0.579839825630188,-0.123677559196949,0.3405344486236572,0.7292194962501526,-0.048530213534832,0.31162843108177185,0.7275732755661011,-0.12239734083414078,0.385026216506958,0.7530966997146606,-0.13367365300655365,0.4414084255695343,0.7673138380050659,-0.11621956527233124,0.35294169187545776,0.7935261130332947,-0.053832266479730606,0.34046658873558044,0.7897487878799438,-0.11211740225553513,0.39521777629852295,0.8048281669616699,-0.1142282634973526,0.43724068999290466,0.8131201863288879,-0.09912171959877014
0.5138483643531799,0.8259845972061157,5.575427621806739e-07,0.516432523727417,0.7282459735870361,-0.06117197498679161,0.4606350362300873,0.6392138600349426,-0.08357973396778107,0.3786887526512146,0.6387546062469482,-0.09955960512161255,0.31211352348327637,0.6627547740936279,-0.11214611679315567,0.3658161461353302,0.5977644920349121,-0.05169804394245148,0.2644607424736023,0.5578639507293701,-0.09284878522157669,0.20180712640285492,0.5493085980415344,-0.11424092203378677,0.1471644788980484,0.5428987741470337,-0.12342145293951035,0.34044429659843445,0.6612642407417297,-0.044862717390060425,0.22867804765701294,0.6187451481819153,-0.09269051253795624,0.157365083694458,0.5970937609672546,-0.11500392854213715,0.1024903655052185,0.5792771577835083,-0.11888564378023148,0.3391261398792267,0.727874755859375,-0.044928062707185745,0.30962246656417847,0.7292085289955139,-0.11777671426534653,0.3818452060222626,0.7532205581665039,-0.12941677868366241,0.43772274255752563,0.7661537528038025,-0.11209453642368317,0.350803017616272,0.7912464737892151,-0.048507850617170334,0.33651214838027954,0.7879414558410645,-0.10613039135932922,0.3919300138950348,0.8029834032058716,-0.10815245658159256,0.4343964457511902,0.8113345503807068,-0.09291184693574905
0.5128241181373596,0.8235301375389099,5.564706384575402e-07,0.5150748491287231,0.7268952131271362,-0.06197790428996086,0.45971572399139404,0.6402038931846619,-0.08471112698316574,0.3776690661907196,0.641002893447876,-0.10080619901418686,0.3103265166282654,0.66295325756073,-0.11340182274580002,0.36589547991752625,0.5977270007133484,-0.052009232342243195,0.2636110186576843,0.5588372945785522,-0.09303034842014313,0.20048387348651886,0.5504024028778076,-0.11437011510133743,0.14538255333900452,0.5439047813415527,-0.12371920794248581,0.3410945534706116,0.6606603860855103,-0.04483025148510933,0.22924895584583282,0.6189752817153931,-0.09273137152194977,0.15834356844425201,0.5970910787582397,-0.11526928097009659,0.10342475771903992,0.5793489217758179,-0.11941557377576828,0.3399333655834198,0.7270649671554565,-0.04465297609567642,0.31072232127189636,0.7312605977058411,-0.11773909628391266,0.38256287574768066,0.7545615434646606,-0.1299430876970291,0.43756651878356934,0.7662856578826904,-0.11316464841365814,0.3511870801448822,0.7904569506645203,-0.04803471639752388,0.3371906876564026,0.7891631126403809,-0.10621726512908936,0.3922012448310852,0.8049473166465759,-0.10880899429321289,0.43387678265571594,0.8135179281234741,-0.09408777207136154
0.5115642547607422,0.8191100358963013,5.677267154169385e-07,0.512395441532135,0.7246267199516296,-0.06265871971845627,0.45740318298339844,0.6408519148826599,-0.08645079284906387,0.37752223014831543,0.6395777463912964,-0.10366974025964737,0.3118627965450287,0.6585404276847839,-0.11737069487571716,0.3642416000366211,0.5929744839668274,-0.052776627242565155,0.26515793800354004,0.5555405020713806,-0.09434672445058823,0.20339806377887726,0.5467901229858398,-0.11641614884138107,0.14937655627727509,0.5401164293289185,-0.126224085688591,0.33886364102363586,0.6561965942382812,-0.04559246823191643,0.22861865162849426,0.6142686009407043,-0.09444066882133484,0.15767733752727509,0.593227207660675,-0.11739279329776764,0.10306572914123535,0.5759136080741882,-0.1215587928891182,0.3373474180698395,0.7237840294837952,-0.04549124091863632,0.30449578166007996,0.7271426916122437,-0.11990945786237717,0.37621307373046875,0.7534521818161011,-0.13213090598583221,0.4323429763317108,0.7668469548225403,-0.11477607488632202,0.3485989272594452,0.7873572111129761,-0.048926424235105515,0.3307408094406128,0.786369264125824,-0.10805267095565796,0.3843759596347809,0.8025553822517395,-0.11076737195253372,0.42617520689964294,0.8103170990943909,-0.0956931859254837
0.5111314058303833,0.8176495432853699,5.5016204214553e-07,0.511826753616333,0.7232074737548828,-0.06257569789886475,0.4567532241344452,0.6407573819160461,-0.08620013296604156,0.3769683539867401,0.6403418183326721,-0.10318171977996826,0.3117665648460388,0.6602246165275574,-0.11651229113340378,0.365090548992157,0.5933710932731628,-0.05322309210896492,0.26604485511779785,0.5548094511032104,-0.09597465395927429,0.20430144667625427,0.5462740659713745,-0.11855118721723557,0.14959773421287537,0.5414276123046875,-0.12856918573379517,0.33855754137039185,0.6548864841461182,-0.046018894761800766,0.22862108051776886,0.6130419969558716,-0.09580827504396439,0.15784475207328796,0.592437207698822,-0.11865802109241486,0.10284698009490967,0.5765051245689392,-0.12249091267585754,0.33635279536247253,0.7214456796646118,-0.0460047610104084,0.3048402965068817,0.7275885343551636,-0.12069213390350342,0.37766361236572266,0.7530335783958435,-0.13292905688285828,0.4340667426586151,0.765642523765564,-0.11550126224756241,0.34741392731666565,0.7839702367782593,-0.04958975315093994,0.3328596353530884,0.7866832613945007,-0.1087629422545433,0.38658130168914795,0.8032040596008301,-0.11203152686357498,0.4276250898838043,0.8103457093238831,-0.09739407151937485
0.5113884806632996,0.8175736665725708,5.475174020830309e-07,0.512190043926239,0.7226037979125977,-0.06236724555492401,0.45673054456710815,0.6400026679039001,-0.08570428937673569,0.3767426908016205,0.63934725522995,-0.10232605040073395,0.31160250306129456,0.6589075326919556,-0.115370012819767,0.3660571873188019,0.5937103033065796,-0.05369657278060913,0.26705649495124817,0.5551878213882446,-0.09646595269441605,0.20529234409332275,0.5466831922531128,-0.11898234486579895,0.1501583307981491,0.5419211387634277,-0.1290062963962555,0.3390522301197052,0.6549397706985474,-0.046416621655225754,0.22942091524600983,0.6127275824546814,-0.09622882306575775,0.15874356031417847,0.5921357870101929,-0.11891607940196991,0.10382340848445892,0.5764280557632446,-0.12261542677879333,0.3363247215747833,0.7212436199188232,-0.04622906446456909,0.3054995834827423,0.7276917695999146,-0.12063120305538177,0.3780086040496826,0.753335177898407,-0.13270242512226105,0.43425700068473816,0.7659971714019775,-0.11526284366846085,0.3470850884914398,0.7835429310798645,-0.04965829849243164,0.33403539657592773,0.787158727645874,-0.10888644307851791,0.3880099058151245,0.8041284084320068,-0.1123289167881012,0.4292498826980591,0.8113101124763489,-0.09778731316328049
0.5070708394050598,0.8195415735244751,5.618838940790738e-07,0.508238673210144,0.7235502600669861,-0.059777650982141495,0.4522748589515686,0.6393752098083496,-0.08178935945034027,0.3719561696052551,0.6401889324188232,-0.0977453961968422,0.3072895109653473,0.657614529132843,-0.11019565165042877,0.3597387671470642,0.5947737693786621,-0.049909621477127075,0.2605067491531372,0.556747317314148,-0.09077055007219315,0.19839508831501007,0.5489070415496826,-0.11181085556745529,0.14435303211212158,0.5427109599113464,-0.12082625925540924,0.33304837346076965,0.6573308110237122,-0.04349017143249512,0.22516563534736633,0.614596426486969,-0.0918857529759407,0.15460683405399323,0.5933647155761719,-0.11411966383457184,0.10027673840522766,0.5756182074546814,-0.11761624366044998,0.32967609167099,0.7233918905258179,-0.04400690272450447,0.3001405596733093,0.7279160022735596,-0.11702124774456024,0.3722686171531677,0.7527265548706055,-0.12883524596691132,0.42919039726257324,0.7654470801353455,-0.11147903650999069,0.3391709327697754,0.7858544588088989,-0.047971211373806,0.3264447748661041,0.7877376079559326,-0.10574965178966522,0.3809410333633423,0.8036582469940186,-0.10859282314777374,0.4228024184703827,0.8111030459403992,-0.09377539157867432
0.5014773607254028,0.8138834238052368,5.837379148943e-07,0.500952959060669,0.7163456082344055,-0.05910923331975937,0.4445260763168335,0.6373286843299866,-0.08114029467105865,0.365859717130661,0.6437607407569885,-0.09779251366853714,0.30082279443740845,0.6588991284370422,-0.11071226000785828,0.3503704071044922,0.5906736254692078,-0.04519638419151306,0.2533322870731354,0.5556859374046326,-0.08606958389282227,0.19243797659873962,0.5477855205535889,-0.10800826549530029,0.13879376649856567,0.5424136519432068,-0.11805002391338348,0.3252882957458496,0.6524677872657776,-0.04020949825644493,0.21735544502735138,0.6122564077377319,-0.08864547312259674,0.1474127620458603,0.5919835567474365,-0.11202605813741684,0.09203508496284485,0.5751156806945801,-0.11648091673851013,0.32416248321533203,0.7191216945648193,-0.042579278349876404,0.29377520084381104,0.7246355414390564,-0.11663756519556046,0.3657880127429962,0.7480918169021606,-0.12950749695301056,0.42091020941734314,0.7592716217041016,-0.11285898089408875,0.33647868037223816,0.7829433679580688,-0.04842506721615791,0.32447874546051025,0.7857170104980469,-0.107864148914814,0.37868502736091614,0.7989417314529419,-0.11204032599925995,0.41990572214126587,0.8036528825759888,-0.0981120839715004
0.49909067153930664,0.8152052164077759,5.461728846967162e-07,0.49926048517227173,0.7188424468040466,-0.058386966586112976,0.4432634711265564,0.6393914222717285,-0.08059721440076828,0.3621290624141693,0.6410032510757446,-0.09727112203836441,0.29675236344337463,0.6591735482215881,-0.11070168763399124,0.3567400872707367,0.5932610034942627,-0.051226332783699036,0.25961363315582275,0.5556942224502563,-0.09472981095314026,0.19780299067497253,0.5488986968994141,-0.11803513020277023,0.1418479084968567,0.5456496477127075,-0.1287156492471695,0.329081267118454,0.6541442275047302,-0.04597187414765358,0.2220381200313568,0.6084524989128113,-0.09647554904222488,0.15189798176288605,0.5868512392044067,-0.11984715610742569,0.09620976448059082,0.569951057434082,-0.12432436645030975,0.32458242774009705,0.7196577191352844,-0.047373849898576736,0.29616856575012207,0.7243022322654724,-0.12056756019592285,0.3670557141304016,0.7488797903060913,-0.13145281374454498,0.4220857322216034,0.7620186805725098,-0.11394517868757248,0.3341236710548401,0.7828605771064758,-0.052349332720041275,0.3240385353565216,0.7845723628997803,-0.11011765152215958,0.3776138722896576,0.7998579740524292,-0.11244862526655197,0.41906261444091797,0.8072233200073242,-0.09748318046331406
0.4986150860786438,0.8160580396652222,5.477677404996939e-07,0.4994158148765564,0.7208774089813232,-0.0583827830851078,0.4428214728832245,0.640850305557251,-0.07987270504236221,0.3619808256626129,0.6419625878334045,-0.09561857581138611,0.29657620191574097,0.659061074256897,-0.10802796483039856,0.355952650308609,0.5933972001075745,-0.04939357191324234,0.2580519914627075,0.5569927096366882,-0.09171886742115021,0.19656451046466827,0.5493077635765076,-0.11400388181209564,0.14136165380477905,0.5451178550720215,-0.12382359802722931,0.3280373215675354,0.6528367400169373,-0.04361163452267647,0.2207137644290924,0.6083420515060425,-0.09313143789768219,0.1507108211517334,0.5867698788642883,-0.11598672717809677,0.09536115825176239,0.570033609867096,-0.11968708783388138,0.32321542501449585,0.7177336812019348,-0.04460928216576576,0.29456010460853577,0.7250405550003052,-0.11777377128601074,0.36587783694267273,0.7503350973129272,-0.12945586442947388,0.4212401807308197,0.7634215354919434,-0.11197292059659958,0.3320203125476837,0.7803700566291809,-0.0490335114300251,0.3215806782245636,0.7837251424789429,-0.1069805696606636,0.3757486343383789,0.8002277612686157,-0.10986333340406418,0.4173087477684021,0.8079908490180969,-0.09495843946933746
0.4974362254142761,0.8195852041244507,5.331605734681943e-07,0.4967345595359802,0.7221606969833374,-0.05819801241159439,0.4400469958782196,0.6419737339019775,-0.08001300692558289,0.3583402931690216,0.6445997953414917,-0.09624908864498138,0.29296573996543884,0.6596041917800903,-0.10904940217733383,0.3538629710674286,0.5930906534194946,-0.04814205318689346,0.25646355748176575,0.5575860738754272,-0.08975501358509064,0.19422754645347595,0.5503953099250793,-0.11199535429477692,0.13878148794174194,0.5460047721862793,-0.12198252975940704,0.3259919583797455,0.6541101932525635,-0.04261178523302078,0.21954895555973053,0.6109955906867981,-0.09135798364877701,0.1481228768825531,0.5898944139480591,-0.11443137377500534,0.09133657813072205,0.5727463960647583,-0.1187358871102333,0.3209812045097351,0.7204277515411377,-0.04388615861535072,0.28885674476623535,0.7238422632217407,-0.11671169102191925,0.3605133295059204,0.7516880035400391,-0.128348246216774,0.41631370782852173,0.7670952677726746,-0.11100471019744873,0.32961028814315796,0.7839335799217224,-0.048543963581323624,0.3168306350708008,0.7834795117378235,-0.1061592549085617,0.3701314628124237,0.7990649342536926,-0.10893253982067108,0.4112263023853302,0.8070592880249023,-0.09405871480703354
0.4966393709182739,0.823199450969696,5.197899213271739e-07,0.4969024062156677,0.7260993719100952,-0.059795595705509186,0.4401273727416992,0.6444921493530273,-0.08101755380630493,0.35828065872192383,0.6450295448303223,-0.09617216885089874,0.2925841212272644,0.6576072573661804,-0.10780245810747147,0.3555739223957062,0.5934769511222839,-0.047744978219270706,0.25839030742645264,0.5575405359268188,-0.08936052769422531,0.19557470083236694,0.5501708984375,-0.11162746697664261,0.13952703773975372,0.5463792085647583,-0.12150560319423676,0.32671740651130676,0.653119683265686,-0.040862832218408585,0.22060835361480713,0.6098748445510864,-0.08940707892179489,0.14934702217578888,0.588768482208252,-0.11224353313446045,0.09305940568447113,0.5721128582954407,-0.11616712808609009,0.32085299491882324,0.7183088660240173,-0.041088275611400604,0.28884461522102356,0.7232578992843628,-0.11384673416614532,0.35935068130493164,0.7521990537643433,-0.12602542340755463,0.41436314582824707,0.7682706117630005,-0.10886330157518387,0.3285311460494995,0.780798077583313,-0.04483182728290558,0.3167897164821625,0.7829392552375793,-0.1026662290096283,0.3696281313896179,0.8005384802818298,-0.10623636841773987,0.41026633977890015,0.8092687726020813,-0.09178204834461212
0.49716490507125854,0.8250788450241089,5.079167522126227e-07,0.49534499645233154,0.7303716540336609,-0.06001247465610504,0.4385656416416168,0.6531633734703064,-0.08213132619857788,0.3592498302459717,0.6507930159568787,-0.09844022244215012,0.29378652572631836,0.6657335758209229,-0.1112665981054306,0.35158422589302063,0.6002306938171387,-0.04761340841650963,0.2531667947769165,0.5637570023536682,-0.08835180848836899,0.19129297137260437,0.5558589100837708,-0.11049877852201462,0.1371629238128662,0.54975825548172,-0.12043191492557526,0.3253759741783142,0.6598334908485413,-0.04069113731384277,0.21792715787887573,0.6212212443351746,-0.08807211369276047,0.1467297524213791,0.5995654463768005,-0.11136437952518463,0.0914987325668335,0.5815596580505371,-0.1162855476140976,0.32172396779060364,0.7254074215888977,-0.04087698087096214,0.29003092646598816,0.7278594970703125,-0.1128944382071495,0.35953623056411743,0.75528883934021,-0.12612232565879822,0.41414642333984375,0.7711678743362427,-0.11017943918704987,0.3310220539569855,0.7874109148979187,-0.04459948465228081,0.31584587693214417,0.7852012515068054,-0.10215447098016739,0.36707985401153564,0.8011610507965088,-0.10626820474863052,0.4078933894634247,0.8114022016525269,-0.09260912984609604
0.4962606430053711,0.8249334096908569,5.287661792863219e-07,0.49600642919540405,0.7318480610847473,-0.06137041002511978,0.43955767154693604,0.6529083251953125,-0.08342506736516953,0.3596503436565399,0.6511994004249573,-0.0989324226975441,0.29470956325531006,0.665306806564331,-0.1108645424246788,0.35378533601760864,0.5996918678283691,-0.050381701439619064,0.2552928328514099,0.5632913708686829,-0.09206043928861618,0.19260169565677643,0.5544705986976624,-0.11414600908756256,0.13702651858329773,0.5490204095840454,-0.12373670190572739,0.3256700336933136,0.6580840349197388,-0.042482033371925354,0.21631091833114624,0.6175885796546936,-0.0905861184000969,0.14559900760650635,0.5962641835212708,-0.11289891600608826,0.09072916209697723,0.5795662999153137,-0.11638950556516647,0.32053691148757935,0.7223034501075745,-0.04170257970690727,0.2899616062641144,0.7302780747413635,-0.11411329358816147,0.35866785049438477,0.757087230682373,-0.12662525475025177,0.41271060705184937,0.7719842195510864,-0.10963830351829529,0.32862040400505066,0.7831148505210876,-0.044537607580423355,0.3140344023704529,0.7856047749519348,-0.10200962424278259,0.366679847240448,0.8034490346908569,-0.1053672581911087,0.40834397077560425,0.8135702610015869,-0.0907697007060051
0.4959009885787964,0.8272973299026489,5.067921051704616e-07,0.4945650100708008,0.7330357432365417,-0.060110144317150116,0.43869853019714355,0.6537165641784668,-0.08167961984872818,0.3589114844799042,0.6512330174446106,-0.09712900221347809,0.29407772421836853,0.6658313870429993,-0.10911940038204193,0.3542768061161041,0.5999667644500732,-0.04866059124469757,0.2569747567176819,0.5635820627212524,-0.09046395123004913,0.19443126022815704,0.5550832748413086,-0.11302140355110168,0.1385001391172409,0.5498896241188049,-0.12299991399049759,0.32551586627960205,0.6580018401145935,-0.041245996952056885,0.21859624981880188,0.6168630123138428,-0.08946669846773148,0.14759327471256256,0.5952486395835876,-0.1122535988688469,0.09193013608455658,0.5783493518829346,-0.1162765696644783,0.3194406032562256,0.7221152186393738,-0.04087197408080101,0.28999292850494385,0.730143666267395,-0.11270923912525177,0.358426570892334,0.7574717402458191,-0.12525425851345062,0.4123905897140503,0.7733741998672485,-0.10856401920318604,0.32683080434799194,0.7833362817764282,-0.04414355754852295,0.3139345645904541,0.7865637540817261,-0.1009276732802391,0.3659874498844147,0.8045472502708435,-0.10435165464878082,0.4075711965560913,0.8152358531951904,-0.08999587595462799
0.4943418502807617,0.8321483135223389,5.251770289760316e-07,0.4904493987560272,0.7374036908149719,-0.05962352082133293,0.4329221844673157,0.6594676971435547,-0.08204641193151474,0.3524792194366455,0.661566972732544,-0.09840385615825653,0.2864920496940613,0.6833494305610657,-0.1115984320640564,0.34898510575294495,0.6084861755371094,-0.0507158599793911,0.24866265058517456,0.5750234127044678,-0.09144982695579529,0.18582144379615784,0.568214476108551,-0.11321182548999786,0.13049449026584625,0.5638939142227173,-0.12283221632242203,0.321330189704895,0.6680964827537537,-0.0435296967625618,0.2136780023574829,0.6301140189170837,-0.0907244086265564,0.14388859272003174,0.6088096499443054,-0.11315172910690308,0.08867985010147095,0.5924723148345947,-0.1172846332192421,0.3156804144382477,0.7341537475585938,-0.043095607310533524,0.2845301628112793,0.742773711681366,-0.11452222615480423,0.35461246967315674,0.768426775932312,-0.12744654715061188,0.4091218411922455,0.783694863319397,-0.11135216802358627,0.32296401262283325,0.7966669797897339,-0.04617425426840782,0.3095090985298157,0.7954258918762207,-0.10333151370286942,0.3618217408657074,0.8095817565917969,-0.10726398229598999,0.4030258357524872,0.8193613886833191,-0.0934545174241066
0.4945986270904541,0.8335700035095215,5.371883844418335e-07,0.4921070337295532,0.7407253384590149,-0.0595497228205204,0.43460530042648315,0.664726734161377,-0.08155303448438644,0.3556729257106781,0.6632000803947449,-0.09756900370121002,0.28949251770973206,0.6804516911506653,-0.11014938354492188,0.34977132081985474,0.6099043488502502,-0.04913286119699478,0.25111520290374756,0.5739318132400513,-0.09023697674274445,0.18830272555351257,0.5665891170501709,-0.11232791841030121,0.13253313302993774,0.5628066658973694,-0.12203552573919296,0.3211558759212494,0.6684062480926514,-0.04232313856482506,0.21423213183879852,0.6270127296447754,-0.08971930295228958,0.14406877756118774,0.6066763401031494,-0.11193019896745682,0.08898875117301941,0.5910519957542419,-0.11563035100698471,0.315127968788147,0.7337004542350769,-0.04246828332543373,0.28496700525283813,0.7423311471939087,-0.11313684284687042,0.3537631332874298,0.7682802081108093,-0.12514804303646088,0.40739116072654724,0.7830950021743774,-0.10848411172628403,0.32243016362190247,0.7957966327667236,-0.04629626125097275,0.3096960186958313,0.7988072633743286,-0.10212388634681702,0.36119937896728516,0.8146270513534546,-0.10510899871587753,0.40155425667762756,0.8238087296485901,-0.0906846895813942
0.4950792193412781,0.8339146375656128,5.325523488863837e-07,0.492864191532135,0.7401768565177917,-0.060212813317775726,0.4358648657798767,0.6647410988807678,-0.08229436725378036,0.3575774133205414,0.6625630855560303,-0.09845300763845444,0.29195600748062134,0.6782314777374268,-0.1112469807267189,0.3502902090549469,0.6100888252258301,-0.050016794353723526,0.2520275413990021,0.5740272402763367,-0.09224572777748108,0.18884116411209106,0.5662229657173157,-0.11505540460348129,0.13247983157634735,0.5617493987083435,-0.12528470158576965,0.32072511315345764,0.6682087182998657,-0.043137773871421814,0.2137390375137329,0.6280060410499573,-0.0920005515217781,0.14298836886882782,0.6074986457824707,-0.11518414318561554,0.0874641090631485,0.5908809304237366,-0.1193988174200058,0.31459906697273254,0.733616828918457,-0.04323088005185127,0.28513550758361816,0.743434488773346,-0.11521772295236588,0.353717178106308,0.7706118822097778,-0.12765350937843323,0.4073563814163208,0.7858060002326965,-0.11095089465379715,0.32254329323768616,0.7961350083351135,-0.047040533274412155,0.30970877408981323,0.8019107580184937,-0.10389795154333115,0.3611038029193878,0.8182170391082764,-0.10731896013021469,0.40205803513526917,0.8271145820617676,-0.09293889254331589
0.49044182896614075,0.8366276621818542,4.888096327704261e-07,0.4882665276527405,0.7425858974456787,-0.057863861322402954,0.43172919750213623,0.6639450192451477,-0.079100601375103,0.3508895933628082,0.6650007963180542,-0.094312384724617,0.28538742661476135,0.6886704564094543,-0.10663917660713196,0.3461809754371643,0.6166349649429321,-0.0510798916220665,0.25020521879196167,0.5799804329872131,-0.09158655256032944,0.18953894078731537,0.5735660791397095,-0.11313891410827637,0.13500414788722992,0.5702412128448486,-0.12266892194747925,0.3178299367427826,0.6756237745285034,-0.044365257024765015,0.21249891817569733,0.6362923383712769,-0.09055899828672409,0.14520423114299774,0.6152759790420532,-0.11241617053747177,0.09153321385383606,0.598734974861145,-0.11663630604743958,0.31216979026794434,0.7401136159896851,-0.04396692290902138,0.2848784923553467,0.7477006912231445,-0.11282306909561157,0.35203906893730164,0.7715968489646912,-0.12508738040924072,0.40384501218795776,0.7867727279663086,-0.10962635278701782,0.32005366683006287,0.801127552986145,-0.04709196835756302,0.30918723344802856,0.8022398352622986,-0.10243920981884003,0.3610960841178894,0.8168203234672546,-0.10605791956186295,0.402319073677063,0.827555239200592,-0.0925121009349823
0.49054235219955444,0.835383415222168,5.035815888732031e-07,0.4884660243988037,0.7421640157699585,-0.057514071464538574,0.43136751651763916,0.6647624969482422,-0.07859109342098236,0.35108593106269836,0.6671175360679626,-0.09381716698408127,0.28618505597114563,0.6889281868934631,-0.10597313195466995,0.346390962600708,0.6168667674064636,-0.048872727900743484,0.2494770884513855,0.5805785059928894,-0.088996522128582,0.1878301203250885,0.5740299224853516,-0.11037463694810867,0.13342918455600739,0.5699645280838013,-0.11977627873420715,0.318955659866333,0.6764098405838013,-0.04245179891586304,0.21279911696910858,0.6381919384002686,-0.08857816457748413,0.14460323750972748,0.618033766746521,-0.1104251965880394,0.09116062521934509,0.6011307239532471,-0.11449984461069107,0.31392255425453186,0.7410349249839783,-0.0424969457089901,0.2838294506072998,0.746890127658844,-0.11176953464746475,0.3510347008705139,0.7718735933303833,-0.12362976372241974,0.40363866090774536,0.7878161668777466,-0.10762166231870651,0.3218824863433838,0.802221953868866,-0.045986298471689224,0.30890631675720215,0.8027603030204773,-0.10165250301361084,0.36065471172332764,0.8176023960113525,-0.1049470379948616,0.4020898938179016,0.8280864357948303,-0.09097829461097717
0.48794305324554443,0.8406878709793091,4.824953521165298e-07,0.4829402565956116,0.7459765672683716,-0.05785495415329933,0.42582035064697266,0.6697744727134705,-0.07822419703006744,0.34677770733833313,0.6688675880432129,-0.09265034645795822,0.2829633951187134,0.6911787390708923,-0.10407314449548721,0.3441322147846222,0.6242052912712097,-0.04683499038219452,0.2487838864326477,0.5876659750938416,-0.08556699752807617,0.18973380327224731,0.5807524919509888,-0.10645885020494461,0.1369027942419052,0.5769072771072388,-0.11565402150154114,0.3180735409259796,0.6819863319396973,-0.039001476019620895,0.21379831433296204,0.6470180749893188,-0.08355869352817535,0.14648304879665375,0.6277627348899841,-0.10541289299726486,0.09298679232597351,0.6127780079841614,-0.10992899537086487,0.31403252482414246,0.7451677322387695,-0.037838004529476166,0.28533098101615906,0.7558743357658386,-0.10549226403236389,0.3514487147331238,0.7782736420631409,-0.11888661235570908,0.40306487679481506,0.7914606928825378,-0.10440848767757416,0.32260504364967346,0.804114818572998,-0.04018549248576164,0.3109718859195709,0.8049333095550537,-0.09455326944589615,0.3606812059879303,0.8181474208831787,-0.09937674552202225,0.4003147482872009,0.8273334503173828,-0.08708038181066513
0.4889793395996094,0.8384987711906433,5.108529990138777e-07,0.48656684160232544,0.7471185922622681,-0.058655135333538055,0.42963048815727234,0.6718127131462097,-0.07964308559894562,0.3518924117088318,0.6718884706497192,-0.09435193985700607,0.28855767846107483,0.6910820007324219,-0.10590684413909912,0.34575003385543823,0.6237077713012695,-0.04833688959479332,0.2500948905944824,0.5901519060134888,-0.08774682879447937,0.189827561378479,0.5836167335510254,-0.10896746069192886,0.13658764958381653,0.5797832608222961,-0.11831942200660706,0.3191266357898712,0.6812137365341187,-0.04053647816181183,0.21466971933841705,0.6447316408157349,-0.0859982818365097,0.14660067856311798,0.6258512735366821,-0.10770004242658615,0.09332925081253052,0.6105964779853821,-0.11165546625852585,0.3145560026168823,0.7443206310272217,-0.03946193680167198,0.283926784992218,0.7538773417472839,-0.10809137672185898,0.34933194518089294,0.7780664563179016,-0.12081516534090042,0.4011928141117096,0.7923310399055481,-0.10547363758087158,0.3226328194141388,0.8033678531646729,-0.04189479351043701,0.30927586555480957,0.8048290610313416,-0.09722165018320084,0.36004507541656494,0.8194240927696228,-0.10148113965988159,0.40064337849617004,0.8284851312637329,-0.08833497017621994
0.48925018310546875,0.839545726776123,5.022255322728597e-07,0.4863899350166321,0.7480467557907104,-0.058224596083164215,0.4294920265674591,0.6729519963264465,-0.07901878654956818,0.3516411781311035,0.6718438267707825,-0.09362298995256424,0.2883085012435913,0.6908284425735474,-0.10506708920001984,0.34661364555358887,0.6240749955177307,-0.048257697373628616,0.250679612159729,0.5896545648574829,-0.08750531077384949,0.19005493819713593,0.5830963850021362,-0.1085505336523056,0.13642752170562744,0.5792081356048584,-0.11780650168657303,0.31974583864212036,0.6813814640045166,-0.040567804127931595,0.21533924341201782,0.6448594331741333,-0.0857878029346466,0.1469694823026657,0.6261153817176819,-0.10730163007974625,0.09361645579338074,0.6107454895973206,-0.11123233288526535,0.3149906396865845,0.7443581819534302,-0.03952551633119583,0.2846164107322693,0.7536652684211731,-0.10760289430618286,0.3497302830219269,0.7781635522842407,-0.12007426470518112,0.4016258418560028,0.7928075194358826,-0.10472684353590012,0.32310181856155396,0.8032739758491516,-0.042005397379398346,0.3098539710044861,0.8053085207939148,-0.09675030410289764,0.3600066304206848,0.8197485208511353,-0.10088178515434265,0.40051689743995667,0.8286335468292236,-0.08776784688234329
0.48801082372665405,0.8436847925186157,4.304508252062078e-07,0.48087796568870544,0.7517855167388916,-0.0515611357986927,0.423947274684906,0.6797147989273071,-0.06907077878713608,0.34727081656455994,0.680608868598938,-0.08181310445070267,0.2863699793815613,0.7007896900177002,-0.0918644517660141,0.3484066426753998,0.6332623362541199,-0.04018222168087959,0.2572585940361023,0.5983824133872986,-0.07630402594804764,0.19969454407691956,0.5929189324378967,-0.09581682831048965,0.14724352955818176,0.5911298394203186,-0.10441332310438156,0.32209593057632446,0.6875448226928711,-0.034804776310920715,0.21965861320495605,0.6511811017990112,-0.07597377896308899,0.15327642858028412,0.6329006552696228,-0.09662119299173355,0.09903781116008759,0.6182377338409424,-0.10092721879482269,0.3179425597190857,0.7477151155471802,-0.035401005297899246,0.28780004382133484,0.7589061260223389,-0.09887240082025528,0.35093551874160767,0.7819327116012573,-0.11116394400596619,0.40005624294281006,0.7941631078720093,-0.09723322093486786,0.32698947191238403,0.805419921875,-0.03903431445360184,0.31387782096862793,0.8078998327255249,-0.09009609371423721,0.3627806603908539,0.821862518787384,-0.09311559796333313,0.4028526246547699,0.8303748965263367,-0.08025692403316498
0.4882562756538391,0.8441462516784668,4.532083721642266e-07,0.482954740524292,0.7557061910629272,-0.052635885775089264,0.42554858326911926,0.6845628619194031,-0.07103271037340164,0.3495667278766632,0.6834198236465454,-0.08416170626878738,0.28896844387054443,0.7019258737564087,-0.09454096108675003,0.35144492983818054,0.6333209276199341,-0.04304277524352074,0.2608878016471863,0.5990927815437317,-0.08121457695960999,0.20246948301792145,0.5945176482200623,-0.10202992707490921,0.14946818351745605,0.5943126678466797,-0.11109475046396255,0.32317808270454407,0.6874889135360718,-0.03727364540100098,0.22132942080497742,0.6501137018203735,-0.08049256354570389,0.15432128310203552,0.6319131255149841,-0.10139261931180954,0.09974052011966705,0.6169525384902954,-0.10514895617961884,0.3171742856502533,0.7481828927993774,-0.0375179648399353,0.28740885853767395,0.7612959146499634,-0.10229720920324326,0.35089579224586487,0.7863369584083557,-0.11370743066072464,0.4011226296424866,0.8001312017440796,-0.098538838326931,0.3251500427722931,0.8058580160140991,-0.04086737707257271,0.3134388029575348,0.811661958694458,-0.09206683188676834,0.3620453476905823,0.8271344304084778,-0.09390618652105331,0.4016267955303192,0.8359306454658508,-0.07979782670736313
0.48897647857666016,0.8446639776229858,4.455918656276481e-07,0.48376521468162537,0.7564983367919922,-0.05231226235628128,0.4250118136405945,0.6866088509559631,-0.06995844841003418,0.34952759742736816,0.6844217777252197,-0.08242014050483704,0.28906628489494324,0.7003744840621948,-0.09204240888357162,0.3520648777484894,0.6345294117927551,-0.04218727722764015,0.261070191860199,0.6000307202339172,-0.07962887734174728,0.20204398036003113,0.5946913957595825,-0.09982476383447647,0.14865612983703613,0.5937486886978149,-0.10858962684869766,0.3239178955554962,0.6885385513305664,-0.03644717112183571,0.22201570868492126,0.6506046056747437,-0.07926461100578308,0.15443427860736847,0.6326257586479187,-0.09984472393989563,0.09961904585361481,0.6179925203323364,-0.10342226922512054,0.3176139295101166,0.7490536570549011,-0.03675559535622597,0.28628548979759216,0.7602565288543701,-0.10143570601940155,0.34925463795661926,0.7855842709541321,-0.11278438568115234,0.39940306544303894,0.7994979619979858,-0.09754852205514908,0.3249870240688324,0.8064364194869995,-0.04015497490763664,0.31104207038879395,0.8106350302696228,-0.0914243683218956,0.35939180850982666,0.8265846371650696,-0.09334145486354828,0.39944568276405334,0.835868239402771,-0.07929997891187668
0.49138978123664856,0.8607974052429199,3.3683014066809847e-07,0.48230475187301636,0.7697561979293823,-0.04341498762369156,0.4225761592388153,0.7010181546211243,-0.05637320131063461,0.3491272032260895,0.7008489966392517,-0.06614318490028381,0.2919904589653015,0.7153100967407227,-0.07361196726560593,0.3532741665840149,0.655723512172699,-0.030374160036444664,0.2637796103954315,0.6205391883850098,-0.06164116412401199,0.20918479561805725,0.6144046783447266,-0.07916415482759476,0.15757359564304352,0.6129817366600037,-0.08710850030183792,0.3293113708496094,0.7073410749435425,-0.02733711525797844,0.2302745282649994,0.6726701259613037,-0.06380391120910645,0.16647231578826904,0.6583873629570007,-0.08458027988672256,0.11062070727348328,0.6485434770584106,-0.09016638994216919,0.3251188099384308,0.7641653418540955,-0.029279721900820732,0.2947523891925812,0.7735673189163208,-0.08565089851617813,0.34912487864494324,0.7952949404716492,-0.09779327362775803,0.3907136619091034,0.8093541264533997,-0.08601254969835281,0.332994282245636,0.8174383640289307,-0.0337517149746418,0.3174671530723572,0.8123922348022461,-0.07810276001691818,0.36440494656562805,0.8264250159263611,-0.07882320135831833,0.4045383930206299,0.8385778069496155,-0.0656370222568512
0.48964494466781616,0.8580886721611023,3.9891466485642013e-07,0.48188599944114685,0.7693018913269043,-0.0469309464097023,0.42462435364723206,0.7020745277404785,-0.06246046721935272,0.3527212142944336,0.7017687559127808,-0.07344980537891388,0.2952023148536682,0.7186612486839294,-0.08198486268520355,0.3535618484020233,0.6560688614845276,-0.03541962057352066,0.2640897035598755,0.6219978928565979,-0.06838715821504593,0.20743578672409058,0.6168597936630249,-0.08672606945037842,0.15542231500148773,0.6160425543785095,-0.09476856142282486,0.3286936581134796,0.7071565985679626,-0.03050333447754383,0.22957828640937805,0.674374520778656,-0.06771577149629593,0.1654706448316574,0.6594305634498596,-0.0870974212884903,0.11160025000572205,0.6472216844558716,-0.09109675884246826,0.32404229044914246,0.7640537023544312,-0.030931297689676285,0.29328227043151855,0.7760146856307983,-0.08894769102334976,0.3502745032310486,0.7989727258682251,-0.1003686711192131,0.3949710726737976,0.812807559967041,-0.0873662456870079,0.3325325846672058,0.8170444369316101,-0.03402314335107803,0.3187931478023529,0.8195940852165222,-0.0803823471069336,0.36651572585105896,0.8340578079223633,-0.08151611685752869,0.4065089821815491,0.8441189527511597,-0.06803666055202484
0.49959954619407654,0.8767475485801697,2.6826924681699893e-07,0.48622363805770874,0.7921420335769653,-0.04170902073383331,0.4269699156284332,0.7280250191688538,-0.05443558469414711,0.35648617148399353,0.7236286997795105,-0.06420975923538208,0.3001587986946106,0.7397682666778564,-0.07157476991415024,0.3580310046672821,0.6796039938926697,-0.02398323267698288,0.2746203541755676,0.6492353081703186,-0.05352107435464859,0.2226123809814453,0.6452199220657349,-0.07125738263130188,0.17532488703727722,0.6448209881782532,-0.0799117162823677,0.33624568581581116,0.7281554341316223,-0.020596781745553017,0.24754314124584198,0.6984089016914368,-0.05629139393568039,0.1877802461385727,0.688912034034729,-0.07742869108915329,0.13505291938781738,0.6827852725982666,-0.08372848480939865,0.33367207646369934,0.7831397652626038,-0.022355906665325165,0.29914775490760803,0.79451984167099,-0.07776940613985062,0.35226207971572876,0.8167382478713989,-0.08920840173959732,0.3934754431247711,0.8299130201339722,-0.07766161859035492,0.3443310856819153,0.834831714630127,-0.026490263640880585,0.32109057903289795,0.8283486366271973,-0.07086586952209473,0.3654678463935852,0.8437070846557617,-0.07162824273109436,0.40454724431037903,0.8558999300003052,-0.05874713137745857
0.49705663323402405,0.870374321937561,3.5250926089247514e-07,0.4851628243923187,0.7876940965652466,-0.04150332137942314,0.42574989795684814,0.724968433380127,-0.05385715514421463,0.3579321801662445,0.7257623076438904,-0.06241202354431152,0.3028297424316406,0.7446312308311462,-0.0686236321926117,0.35827764868736267,0.6803196668624878,-0.025356153026223183,0.2757056653499603,0.6518462896347046,-0.05348760262131691,0.2238820195198059,0.6502947211265564,-0.06986363232135773,0.1766134351491928,0.6535797119140625,-0.07716445624828339,0.3357184827327728,0.7286385297775269,-0.02146843820810318,0.24323201179504395,0.6988688707351685,-0.05318758264183998,0.182361900806427,0.6886726021766663,-0.07053067535161972,0.1301838755607605,0.6804028749465942,-0.07430034130811691,0.3326340615749359,0.7830404043197632,-0.022763757035136223,0.30017736554145813,0.7939069271087646,-0.0743897408246994,0.3523252010345459,0.8163502216339111,-0.08472961187362671,0.3932373523712158,0.8293350338935852,-0.07330185920000076,0.3428407311439514,0.8344445824623108,-0.02648683823645115,0.3267659842967987,0.8364339470863342,-0.06885243207216263,0.3731013834476471,0.8509932160377502,-0.06954828649759293,0.4125228226184845,0.8594403266906738,-0.05710580572485924
0.4960998296737671,0.8718883991241455,3.5702080936061975e-07,0.4850212335586548,0.7889077067375183,-0.04111666977405548,0.42614302039146423,0.7245221138000488,-0.05290970206260681,0.35823938250541687,0.7254493832588196,-0.0609579011797905,0.3039047122001648,0.7460008859634399,-0.06660883128643036,0.3577841520309448,0.6814988851547241,-0.024248845875263214,0.2756986916065216,0.6518658399581909,-0.05148392170667648,0.22344106435775757,0.6495589017868042,-0.0672559067606926,0.17583885788917542,0.6518323421478271,-0.07427944988012314,0.3350130617618561,0.7294590473175049,-0.020392758771777153,0.2422543466091156,0.6997680068016052,-0.05138375982642174,0.1813110113143921,0.6881909370422363,-0.06839623302221298,0.129525825381279,0.6786984801292419,-0.07203906774520874,0.33197203278541565,0.7833214402198792,-0.021663613617420197,0.298963338136673,0.7916630506515503,-0.07285001128911972,0.35135331749916077,0.8142469525337219,-0.08296942710876465,0.39253416657447815,0.8286831378936768,-0.071384958922863,0.34231793880462646,0.8344167470932007,-0.025318177416920662,0.32589206099510193,0.8340467810630798,-0.0673903375864029,0.3723307251930237,0.8485117554664612,-0.06797538697719574,0.411919504404068,0.8579912781715393,-0.05545247346162796
0.505325436592102,0.8871581554412842,2.883275271869934e-07,0.4897099733352661,0.8046460747718811,-0.043183982372283936,0.4306764006614685,0.7455832958221436,-0.05593859776854515,0.3622317910194397,0.7460118532180786,-0.0649988129734993,0.30470016598701477,0.7662701606750488,-0.0712694302201271,0.3622783124446869,0.7018706798553467,-0.022285614162683487,0.28062114119529724,0.6756705641746521,-0.04804611951112747,0.2312939465045929,0.6727641820907593,-0.06376008689403534,0.18714174628257751,0.6711937189102173,-0.07170914858579636,0.344063937664032,0.7507834434509277,-0.017458779737353325,0.25377148389816284,0.729229748249054,-0.048392847180366516,0.19760547578334808,0.7188460826873779,-0.0671054869890213,0.15022005140781403,0.7114717960357666,-0.0732535719871521,0.34433743357658386,0.8057920932769775,-0.018144231289625168,0.3080538213253021,0.8099436163902283,-0.07086357474327087,0.36138129234313965,0.8274283409118652,-0.08239585161209106,0.4005906283855438,0.839263916015625,-0.07231460511684418,0.3558032214641571,0.857078492641449,-0.021318988874554634,0.33289623260498047,0.845853865146637,-0.06604643911123276,0.3762924075126648,0.8581976294517517,-0.06907422095537186,0.41247043013572693,0.8699133396148682,-0.058732252568006516
0.5044139623641968,0.8792859315872192,3.714285696787556e-07,0.4910854697227478,0.8009288907051086,-0.045040011405944824,0.4319373071193695,0.7433728575706482,-0.059822943061590195,0.3651014268398285,0.7498533129692078,-0.07008142024278641,0.3091249167919159,0.7711043953895569,-0.07761350274085999,0.3616369366645813,0.6987583637237549,-0.027476472780108452,0.28223878145217896,0.6771728992462158,-0.05630701780319214,0.23188486695289612,0.6768295168876648,-0.07388477027416229,0.18620535731315613,0.6794716119766235,-0.08276112377643585,0.34316736459732056,0.7491811513900757,-0.02287941798567772,0.2507306635379791,0.7245959043502808,-0.05639765411615372,0.19427435100078583,0.7160358428955078,-0.07428202033042908,0.1473870575428009,0.7101980447769165,-0.07864052057266235,0.34387293457984924,0.8046517372131348,-0.024018539115786552,0.3065699338912964,0.8074809312820435,-0.07936801761388779,0.36154013872146606,0.8267767429351807,-0.08941637724637985,0.4018332362174988,0.8388924598693848,-0.07735956460237503,0.35637813806533813,0.8564939498901367,-0.02773512341082096,0.33507436513900757,0.8473895788192749,-0.07426657527685165,0.3810991644859314,0.8597642779350281,-0.07629400491714478,0.41724634170532227,0.8679682612419128,-0.06463367491960526
0.5027371644973755,0.8835699558258057,3.606907910125301e-07,0.48920053243637085,0.8037924766540527,-0.04488496109843254,0.4322843551635742,0.7458066344261169,-0.05956156924366951,0.3659490942955017,0.7489789724349976,-0.06982919573783875,0.3102704584598541,0.7716009020805359,-0.07737047225236893,0.36216163635253906,0.6985998153686523,-0.026381656527519226,0.28239575028419495,0.6754781007766724,-0.0545501783490181,0.23171570897102356,0.6754100322723389,-0.07189349085092545,0.1860586702823639,0.6783530712127686,-0.08063306659460068,0.34328389167785645,0.7485661506652832,-0.02154853567481041,0.2515845000743866,0.7231364846229553,-0.053936656564474106,0.19523930549621582,0.714115560054779,-0.07170144468545914,0.14862355589866638,0.7073211073875427,-0.07621335238218307,0.34404227137565613,0.8034918308258057,-0.022418763488531113,0.3082680404186249,0.8055091500282288,-0.07625722885131836,0.3614967167377472,0.8251515626907349,-0.0862872526049614,0.4004670977592468,0.8377541899681091,-0.07462280243635178,0.357378751039505,0.8545687794685364,-0.025935854762792587,0.33656811714172363,0.8467767238616943,-0.07135755568742752,0.38152024149894714,0.858936071395874,-0.07319699972867966,0.41765356063842773,0.8669383525848389,-0.06155773624777794
0.5044191479682922,0.8921887874603271,3.222710347472457e-07,0.49519747495651245,0.8114323019981384,-0.0489143542945385,0.44038301706314087,0.7495754957199097,-0.06569240987300873,0.3713791072368622,0.7534406185150146,-0.07724622637033463,0.31385260820388794,0.7777868509292603,-0.08601555228233337,0.36914733052253723,0.7089596390724182,-0.03378882631659508,0.2898275554180145,0.6841874122619629,-0.06263955682516098,0.24176841974258423,0.6826872229576111,-0.07985075563192368,0.1980731338262558,0.6825039386749268,-0.08867122232913971,0.35038918256759644,0.7580715417861938,-0.026659425348043442,0.26039987802505493,0.7353739142417908,-0.05979044735431671,0.20644229650497437,0.7242816686630249,-0.0777270644903183,0.16237658262252808,0.7158123254776001,-0.0832737609744072,0.3505385220050812,0.8115993738174438,-0.025300581008195877,0.31464970111846924,0.8149937391281128,-0.08009906113147736,0.36971205472946167,0.8342710733413696,-0.09091153740882874,0.4106022119522095,0.847046434879303,-0.08027816563844681,0.3620562255382538,0.8610104918479919,-0.02685633860528469,0.33872830867767334,0.8509681224822998,-0.07371637970209122,0.3828006088733673,0.8617222905158997,-0.0775981992483139,0.41950249671936035,0.8703563809394836,-0.06784415990114212
0.5044068098068237,0.8873217105865479,3.6477470644058485e-07,0.49550962448120117,0.8067101836204529,-0.047601643949747086,0.4410247206687927,0.7466533780097961,-0.06486638635396957,0.37398743629455566,0.753793478012085,-0.07733320444822311,0.3180571496486664,0.7792351245880127,-0.08716341853141785,0.3693232536315918,0.7078140377998352,-0.03318337723612785,0.29026350378990173,0.6848917007446289,-0.06328566372394562,0.24024666845798492,0.6853152513504028,-0.08144290000200272,0.19621959328651428,0.686398446559906,-0.0907275378704071,0.3519706428050995,0.7587166428565979,-0.02760312333703041,0.2622077465057373,0.7366325259208679,-0.0625147819519043,0.20687292516231537,0.7264770865440369,-0.08147094398736954,0.16141599416732788,0.71798175573349,-0.0871649831533432,0.3526988923549652,0.8136130571365356,-0.027672285214066505,0.31732773780822754,0.8166548609733582,-0.08391613513231277,0.3741682171821594,0.8337050676345825,-0.0939600020647049,0.4165933430194855,0.8447165489196777,-0.08225197345018387,0.36408063769340515,0.864840030670166,-0.03056623414158821,0.3418404161930084,0.8542453646659851,-0.0776452049612999,0.3867316246032715,0.8643448948860168,-0.08014250546693802,0.4229637086391449,0.8729293942451477,-0.06915675103664398
0.5038191676139832,0.8874930143356323,3.752708721549425e-07,0.49586987495422363,0.8078120350837708,-0.04766001179814339,0.44017937779426575,0.746451735496521,-0.06408693641424179,0.3729775547981262,0.7536478042602539,-0.07547874748706818,0.3173646330833435,0.7795093059539795,-0.08423332870006561,0.3698486387729645,0.7081998586654663,-0.032386716455221176,0.2899416387081146,0.6851031184196472,-0.062168192118406296,0.23978257179260254,0.68555748462677,-0.07983424514532089,0.19588802754878998,0.6869232058525085,-0.088616281747818,0.35173240303993225,0.7585515975952148,-0.026410669088363647,0.26111486554145813,0.7366499304771423,-0.061180245131254196,0.20544633269309998,0.7266343832015991,-0.07985621690750122,0.15987850725650787,0.7182988524436951,-0.08496450632810593,0.3520633578300476,0.812861442565918,-0.026163913309574127,0.3158891201019287,0.8172085881233215,-0.08288483321666718,0.3729877769947052,0.834671139717102,-0.09319403767585754,0.41549360752105713,0.8459915518760681,-0.08121608197689056,0.3632071018218994,0.8635863661766052,-0.02863105945289135,0.34148454666137695,0.853386402130127,-0.07651037722826004,0.38725653290748596,0.8641983270645142,-0.07928186655044556,0.4235806465148926,0.873098611831665,-0.06813756376504898
0.5074633359909058,0.8892103433609009,3.6363238109515805e-07,0.4964357018470764,0.8131871223449707,-0.05003337562084198,0.44214966893196106,0.7568672895431519,-0.06696563959121704,0.37650758028030396,0.75433349609375,-0.07821981608867645,0.3209077715873718,0.7764117121696472,-0.08662715554237366,0.37542131543159485,0.7135475873947144,-0.0357641838490963,0.2995024025440216,0.6880995035171509,-0.06555953621864319,0.2527138590812683,0.6856504678726196,-0.08282413333654404,0.21005478501319885,0.6861709356307983,-0.09112368524074554,0.3570280969142914,0.7610482573509216,-0.02675752341747284,0.2731914520263672,0.7369779348373413,-0.06134530156850815,0.22025442123413086,0.7252828478813171,-0.07877912372350693,0.17624586820602417,0.7182265520095825,-0.08315718919038773,0.3568180203437805,0.813003420829773,-0.0236556064337492,0.323932945728302,0.8238736987113953,-0.07840336114168167,0.37979811429977417,0.8405045866966248,-0.08898454904556274,0.4224918782711029,0.850553035736084,-0.0776141881942749,0.3674558401107788,0.8607784509658813,-0.023579083383083344,0.34712809324264526,0.8555647730827332,-0.06915037333965302,0.3880554735660553,0.8666409850120544,-0.07319404184818268,0.4215134382247925,0.8746398687362671,-0.06350959837436676
0.5078858733177185,0.8832810521125793,4.0153091163119825e-07,0.49706870317459106,0.8111931085586548,-0.046602293848991394,0.4422095715999603,0.7594402432441711,-0.06239344924688339,0.3799317181110382,0.7603170871734619,-0.07303033024072647,0.32598644495010376,0.778701901435852,-0.08072007447481155,0.3748437464237213,0.7145185470581055,-0.03225849196314812,0.2974713444709778,0.69115149974823,-0.060968030244112015,0.2499622404575348,0.6891732811927795,-0.07790746539831161,0.20721888542175293,0.691176176071167,-0.08565976470708847,0.3574128746986389,0.7618385553359985,-0.024979978799819946,0.2730885148048401,0.7356418967247009,-0.05740747228264809,0.2194591611623764,0.7244058847427368,-0.07368814200162888,0.17626482248306274,0.7183830738067627,-0.07700006663799286,0.3578322231769562,0.8132202625274658,-0.023413918912410736,0.3265343904495239,0.8224827647209167,-0.07512658834457397,0.37951821088790894,0.8391270637512207,-0.08464102447032928,0.4195859730243683,0.8493391275405884,-0.07287746667861938,0.36858847737312317,0.8607809543609619,-0.02467571571469307,0.34820014238357544,0.8555557727813721,-0.06711948662996292,0.39011186361312866,0.8677355051040649,-0.06894519180059433,0.42364710569381714,0.8766674399375916,-0.05782172083854675
0.5071942210197449,0.8856436014175415,4.0377761933996226e-07,0.4963856637477875,0.8117360472679138,-0.04790457710623741,0.44222235679626465,0.7587679028511047,-0.0637204572558403,0.3790176808834076,0.7592006325721741,-0.07418444752693176,0.32485413551330566,0.7779365181922913,-0.08173888921737671,0.376358300447464,0.7135541439056396,-0.03202597424387932,0.3002110719680786,0.6892861127853394,-0.06038423627614975,0.25249138474464417,0.6873924732208252,-0.07718484103679657,0.20938026905059814,0.6886634230613708,-0.08508104830980301,0.3584514856338501,0.761603832244873,-0.023983079940080643,0.27422529458999634,0.7378727197647095,-0.056852273643016815,0.2199063003063202,0.7270052433013916,-0.0739363580942154,0.17614364624023438,0.7192333340644836,-0.0779242292046547,0.35850533843040466,0.8139974474906921,-0.021724194288253784,0.32776790857315063,0.8213308453559875,-0.0745040699839592,0.3810346722602844,0.8377386927604675,-0.08469706028699875,0.4211774170398712,0.8478346467018127,-0.07321755588054657,0.3687817454338074,0.8625231385231018,-0.022305235266685486,0.34929654002189636,0.8569806814193726,-0.06603723764419556,0.3910847306251526,0.8684909343719482,-0.06866297870874405,0.42465704679489136,0.8767628073692322,-0.057914067059755325
0.516833484172821,0.8951190710067749,3.4546479810160236e-07,0.508339524269104,0.8169990181922913,-0.04385598003864288,0.4584093987941742,0.7604234218597412,-0.059033311903476715,0.3961772322654724,0.759540855884552,-0.07006867229938507,0.3448144197463989,0.7770151495933533,-0.07846236228942871,0.39327335357666016,0.7193434834480286,-0.031954169273376465,0.3203364312648773,0.6895248889923096,-0.0615585520863533,0.2744332551956177,0.6864193081855774,-0.07865672558546066,0.2320566624403,0.6851341128349304,-0.08677639067173004,0.3716461658477783,0.7660931944847107,-0.026134567335247993,0.29202744364738464,0.7411515116691589,-0.06080034375190735,0.23789529502391815,0.7287647128105164,-0.07879281044006348,0.19369275867938995,0.71732497215271,-0.08365828543901443,0.36860159039497375,0.8177375793457031,-0.02541578933596611,0.34188923239707947,0.8237431049346924,-0.07780463993549347,0.39606696367263794,0.8452414870262146,-0.08710522949695587,0.43802088499069214,0.8586614727973938,-0.07534793019294739,0.37712711095809937,0.8673915266990662,-0.027358047664165497,0.36265721917152405,0.8671723008155823,-0.06995655596256256,0.40318983793258667,0.8796807527542114,-0.07241948693990707,0.4368620812892914,0.8880939483642578,-0.0617203414440155
0.5163464546203613,0.8904406428337097,4.049714164011675e-07,0.5103119611740112,0.8147068023681641,-0.04578869417309761,0.46212640404701233,0.7590358257293701,-0.06322262436151505,0.402552992105484,0.7590230703353882,-0.0758276954293251,0.3512035012245178,0.7735289931297302,-0.08602788299322128,0.3926813006401062,0.7174388766288757,-0.040144409984350204,0.32034924626350403,0.6929540038108826,-0.07204408198595047,0.2745196223258972,0.6896612048149109,-0.09035896509885788,0.2317952662706375,0.6898834109306335,-0.09899511188268661,0.37138304114341736,0.7658166289329529,-0.03458354249596596,0.2914785146713257,0.738598108291626,-0.07117675244808197,0.23836123943328857,0.7255733013153076,-0.08858185261487961,0.19466805458068848,0.716387927532196,-0.09229706227779388,0.36840590834617615,0.8185727596282959,-0.03404686972498894,0.34266477823257446,0.8251363039016724,-0.08773577213287354,0.39641109108924866,0.8460838794708252,-0.09606801718473434,0.4368929862976074,0.8595017790794373,-0.08336576819419861,0.3768236041069031,0.8682204484939575,-0.03636122867465019,0.36349189281463623,0.8649820685386658,-0.07910998910665512,0.40330779552459717,0.8778029680252075,-0.08076722919940948,0.43446606397628784,0.8860965371131897,-0.06953615695238113
0.5138007402420044,0.8912093639373779,4.128579575990443e-07,0.508784294128418,0.8158686757087708,-0.04722953960299492,0.460845410823822,0.759858250617981,-0.06499000638723373,0.399799108505249,0.7603051066398621,-0.07750380784273148,0.3480876386165619,0.7763568758964539,-0.08741867542266846,0.39251241087913513,0.718093752861023,-0.03977426141500473,0.3199285864830017,0.6921325922012329,-0.07170945405960083,0.2743571400642395,0.6888520121574402,-0.08997296541929245,0.23165830969810486,0.6893751621246338,-0.09862496703863144,0.37139827013015747,0.765579342842102,-0.033318616449832916,0.2904791235923767,0.7370786666870117,-0.06998887658119202,0.23803308606147766,0.7243107557296753,-0.08738771826028824,0.19446299970149994,0.7157649397850037,-0.09096306562423706,0.3689405620098114,0.8173471093177795,-0.03206751123070717,0.3428703546524048,0.8245737552642822,-0.08631095290184021,0.39663735032081604,0.8432196974754333,-0.09459958225488663,0.43711426854133606,0.8550167679786682,-0.08167237788438797,0.3776869773864746,0.8658695816993713,-0.03371579572558403,0.36405086517333984,0.8642085790634155,-0.0772911086678505,0.4049052596092224,0.8772222399711609,-0.07870305329561234,0.43693655729293823,0.8860499262809753,-0.0670580267906189
0.5146694183349609,0.8927972316741943,3.6681490200862754e-07,0.5064426064491272,0.8147584199905396,-0.04344940930604935,0.4599142074584961,0.7605319619178772,-0.05884990468621254,0.39990803599357605,0.7588200569152832,-0.07036110758781433,0.34878501296043396,0.7702722549438477,-0.0793529823422432,0.3978176414966583,0.7174838781356812,-0.03142586722970009,0.32671549916267395,0.6898115277290344,-0.06046830490231514,0.282252699136734,0.6838400959968567,-0.07744812220335007,0.2407170534133911,0.6800845265388489,-0.0856815055012703,0.377920001745224,0.763047993183136,-0.025844350457191467,0.3005964159965515,0.735748291015625,-0.06016078591346741,0.2481907159090042,0.7223034501075745,-0.07789397984743118,0.2048175036907196,0.7115670442581177,-0.08270977437496185,0.3756925165653229,0.8140303492546082,-0.025400571525096893,0.3483862578868866,0.8191031217575073,-0.077081099152565,0.39905083179473877,0.8392919301986694,-0.08596344292163849,0.4378841817378998,0.8518597483634949,-0.07444124668836594,0.38397708535194397,0.8635582327842712,-0.02766174077987671,0.36766746640205383,0.8597583770751953,-0.06908491253852844,0.40534597635269165,0.8718339204788208,-0.07100356370210648,0.43642014265060425,0.8797454237937927,-0.06051348149776459
0.5135418176651001,0.8870187997817993,3.9054521039361134e-07,0.5080196857452393,0.8118264079093933,-0.04483075439929962,0.45948904752731323,0.7547633647918701,-0.06108498573303223,0.39966198801994324,0.7559353709220886,-0.07255221903324127,0.34925007820129395,0.769843578338623,-0.0817515030503273,0.3963046371936798,0.7146463394165039,-0.036144137382507324,0.3256021738052368,0.6920642852783203,-0.06596626341342926,0.2811734974384308,0.6874085068702698,-0.08357982337474823,0.2401510775089264,0.6860775947570801,-0.09205952286720276,0.37669268250465393,0.7609145641326904,-0.030260875821113586,0.2996106445789337,0.7317622303962708,-0.06573616713285446,0.2476896345615387,0.7188153862953186,-0.08368784189224243,0.2043522149324417,0.711044192314148,-0.08794400095939636,0.3741137683391571,0.811988115310669,-0.029315685853362083,0.3463485538959503,0.8173446655273438,-0.08239379525184631,0.39930325746536255,0.8374541997909546,-0.09104441851377487,0.4393290877342224,0.8498234152793884,-0.07876568287611008,0.3819235861301422,0.8611308336257935,-0.031035298481583595,0.3657815456390381,0.8544011116027832,-0.0734541192650795,0.40486592054367065,0.8672117590904236,-0.07476945221424103,0.4357762634754181,0.8756545782089233,-0.06354229897260666
0.5107069611549377,0.8899728059768677,3.991917196799477e-07,0.5060213804244995,0.8147774934768677,-0.04594233259558678,0.4593353271484375,0.7586094737052917,-0.06295366585254669,0.39869412779808044,0.759402871131897,-0.07502951472997665,0.3478892743587494,0.7740433812141418,-0.08461758494377136,0.3965492844581604,0.7169443368911743,-0.03711644560098648,0.3247779309749603,0.6917977929115295,-0.06789632141590118,0.2802409529685974,0.6860411167144775,-0.08568305522203445,0.23921999335289001,0.6838584542274475,-0.09406007081270218,0.3766651749610901,0.7626490592956543,-0.03070511482656002,0.2977062165737152,0.7330431342124939,-0.06688987463712692,0.24611368775367737,0.7199901938438416,-0.08478175103664398,0.20335768163204193,0.7119182348251343,-0.08866839855909348,0.374163419008255,0.8129950165748596,-0.02940143644809723,0.34821924567222595,0.8198689818382263,-0.0830104723572731,0.4002600610256195,0.8383215069770813,-0.09188318252563477,0.43963462114334106,0.8494161367416382,-0.07944444566965103,0.38183268904685974,0.8610517382621765,-0.0308438278734684,0.36636847257614136,0.8565617203712463,-0.07331237196922302,0.40534234046936035,0.8684750199317932,-0.07459983229637146,0.43631213903427124,0.8763665556907654,-0.06314373761415482
0.5117517709732056,0.8823249340057373,3.6014679949403217e-07,0.5047744512557983,0.8098490834236145,-0.0434909462928772,0.45758628845214844,0.7541435360908508,-0.058929625898599625,0.39934423565864563,0.7563852667808533,-0.06996845453977585,0.35039666295051575,0.7705706357955933,-0.07858884334564209,0.395353764295578,0.7160258889198303,-0.03313983231782913,0.32506969571113586,0.6916053891181946,-0.06194460391998291,0.28056710958480835,0.6868616342544556,-0.078830286860466,0.24030378460884094,0.6837389469146729,-0.08703093230724335,0.3764447867870331,0.7616321444511414,-0.027525808662176132,0.30036336183547974,0.7342378497123718,-0.06150843948125839,0.25071045756340027,0.7219181060791016,-0.0786968544125557,0.21013200283050537,0.7127350568771362,-0.08293848484754562,0.37395262718200684,0.8106455206871033,-0.026941370218992233,0.34564733505249023,0.814995527267456,-0.07841543108224869,0.39723899960517883,0.8346195220947266,-0.08676376938819885,0.4368802607059479,0.8465654253959656,-0.07504112273454666,0.38145095109939575,0.8573063611984253,-0.02906383015215397,0.3645178973674774,0.8536676168441772,-0.07064082473516464,0.40258362889289856,0.8653246164321899,-0.07247870415449142,0.43327513337135315,0.8720958828926086,-0.06207200139760971
0.5091645121574402,0.8820806741714478,3.96065843233373e-07,0.5031158328056335,0.8085442185401917,-0.04465676099061966,0.45623981952667236,0.7519347667694092,-0.06064369156956673,0.39721596240997314,0.7557348012924194,-0.07174520939588547,0.3480701446533203,0.7721216082572937,-0.08064206689596176,0.3955501616001129,0.7142960429191589,-0.03572194278240204,0.3260784149169922,0.6903662085533142,-0.06473113596439362,0.28150415420532227,0.6860141754150391,-0.08163578063249588,0.24063774943351746,0.6836746335029602,-0.08968546241521835,0.37644585967063904,0.7602056860923767,-0.029361862689256668,0.3006479740142822,0.7318912744522095,-0.06389103829860687,0.2500144839286804,0.7190775871276855,-0.08100581914186478,0.20877501368522644,0.709921658039093,-0.08479660004377365,0.3734993636608124,0.8096361756324768,-0.027912737801671028,0.3475661873817444,0.815504789352417,-0.08044709265232086,0.3989015221595764,0.8343600034713745,-0.08899916708469391,0.43825018405914307,0.8463056683540344,-0.07680948823690414,0.3801400363445282,0.8569401502609253,-0.029074905440211296,0.3638671040534973,0.8522342443466187,-0.07146328687667847,0.403464674949646,0.8646469116210938,-0.0726923942565918,0.435471773147583,0.8731712698936462,-0.06135852262377739
0.5088877081871033,0.8830869197845459,3.90322583143643e-07,0.5017300844192505,0.8102928400039673,-0.04349452257156372,0.4551427364349365,0.7540703415870667,-0.05893431976437569,0.3965309262275696,0.7565131783485413,-0.0698743611574173,0.34770676493644714,0.7723138928413391,-0.07845498621463776,0.3959781229496002,0.7156492471694946,-0.03305067494511604,0.3257700502872467,0.6908363103866577,-0.06207761913537979,0.2810787260532379,0.685903012752533,-0.07894515246152878,0.24057221412658691,0.6831255555152893,-0.08698736131191254,0.3768213987350464,0.7617531418800354,-0.027376359328627586,0.3004462718963623,0.7323740124702454,-0.06164872273802757,0.2498672604560852,0.7197302579879761,-0.0785585269331932,0.20878759026527405,0.7108455896377563,-0.08225209265947342,0.37390950322151184,0.8113223910331726,-0.02677069418132305,0.346624493598938,0.8162455558776855,-0.07893925905227661,0.3985118865966797,0.8343724608421326,-0.08711433410644531,0.4385685920715332,0.8454761505126953,-0.07476972788572311,0.38067007064819336,0.8589102029800415,-0.028795622289180756,0.36404696106910706,0.8548537492752075,-0.0709252804517746,0.40345725417137146,0.8660510182380676,-0.0722622275352478,0.43504905700683594,0.8732396960258484,-0.06112486124038696
0.5117805004119873,0.880730926990509,3.450007284300227e-07,0.5033910274505615,0.8100883364677429,-0.040291305631399155,0.45903095602989197,0.7588250637054443,-0.054265785962343216,0.40223973989486694,0.7580525875091553,-0.06464802473783493,0.35371652245521545,0.7686512470245361,-0.0725681334733963,0.40024635195732117,0.717409610748291,-0.02728298120200634,0.33467888832092285,0.6901654005050659,-0.053376704454422,0.2922303378582001,0.6853780746459961,-0.06864749640226364,0.2532118856906891,0.6821297407150269,-0.07606764137744904,0.3818531334400177,0.7619161605834961,-0.022164959460496902,0.31088507175445557,0.7340278625488281,-0.053525473922491074,0.2620411813259125,0.7216017246246338,-0.06946050375699997,0.22161825001239777,0.7114666700363159,-0.07358670234680176,0.3788738548755646,0.8101743459701538,-0.0220048725605011,0.3513087332248688,0.8121466040611267,-0.0707564726471901,0.4016018807888031,0.8322960734367371,-0.07869570702314377,0.44042813777923584,0.8448777794837952,-0.06750720739364624,0.3854113817214966,0.8565225005149841,-0.02433324232697487,0.3699552118778229,0.8516901135444641,-0.06418149173259735,0.4072699546813965,0.8644325733184814,-0.06629990041255951,0.43774908781051636,0.872432291507721,-0.05651875212788582
0.5073322057723999,0.8776999115943909,3.875428546962212e-07,0.502678394317627,0.8093945980072021,-0.04196122661232948,0.4590170979499817,0.7554730772972107,-0.057090066373348236,0.4029160737991333,0.7536826133728027,-0.06793385744094849,0.35412222146987915,0.7623209357261658,-0.07655161619186401,0.39844992756843567,0.7169920206069946,-0.03291729465126991,0.3313092589378357,0.6922034621238708,-0.06032012403011322,0.288271963596344,0.6865781545639038,-0.0758482813835144,0.24851712584495544,0.6831496953964233,-0.08306921273469925,0.3800755739212036,0.760394275188446,-0.02738485112786293,0.308768630027771,0.7308467626571655,-0.06055939197540283,0.25937262177467346,0.718506932258606,-0.07638364285230637,0.21878978610038757,0.7097527384757996,-0.07953286170959473,0.37666836380958557,0.8081849813461304,-0.026636207476258278,0.3495476245880127,0.8132504224777222,-0.0777212455868721,0.4011237919330597,0.8333914279937744,-0.08534210920333862,0.44139641523361206,0.8451526165008545,-0.07285796105861664,0.3818751871585846,0.8544589281082153,-0.02828652784228325,0.36547496914863586,0.8504518866539001,-0.06992512941360474,0.4044581651687622,0.8632953763008118,-0.07143203914165497,0.4361414611339569,0.870750904083252,-0.0604393407702446
0.5072160363197327,0.8775292634963989,3.773635341985937e-07,0.5029139518737793,0.8097987771034241,-0.041900333017110825,0.45836395025253296,0.7568568587303162,-0.05655850097537041,0.40188854932785034,0.7560811042785645,-0.06677745282649994,0.3542889356613159,0.7655725479125977,-0.07471191883087158,0.4008748531341553,0.7176490426063538,-0.03289197012782097,0.3332166373729706,0.6918542385101318,-0.060049816966056824,0.28998178243637085,0.6859743595123291,-0.07535828649997711,0.25039345026016235,0.6823891401290894,-0.08252152055501938,0.38186025619506836,0.7606608867645264,-0.0270884670317173,0.3093881607055664,0.7302733063697815,-0.059910908341407776,0.2596316337585449,0.7181732058525085,-0.07557325810194016,0.2194233238697052,0.7096826434135437,-0.07857685536146164,0.3781939744949341,0.8079116940498352,-0.025997739285230637,0.34986820816993713,0.8122988939285278,-0.07660537213087082,0.39999380707740784,0.8327833414077759,-0.08428162336349487,0.43962904810905457,0.8451443314552307,-0.07194622606039047,0.3835758864879608,0.8535253405570984,-0.027293086051940918,0.3669155240058899,0.850629448890686,-0.0689990445971489,0.40560829639434814,0.8641818761825562,-0.07071801275014877,0.4374311566352844,0.8721266984939575,-0.05983515456318855
0.5141929388046265,0.8784290552139282,3.3205003546754597e-07,0.5084623098373413,0.8069429397583008,-0.03826640918850899,0.46338820457458496,0.7529078722000122,-0.05101994797587395,0.4073859453201294,0.7519457936286926,-0.06044793128967285,0.36082419753074646,0.7615439891815186,-0.0677168071269989,0.4061286151409149,0.7187801599502563,-0.026858806610107422,0.3407813310623169,0.6922727227210999,-0.052320484071969986,0.29727986454963684,0.6866198778152466,-0.06752185523509979,0.25818079710006714,0.6830650568008423,-0.07500862330198288,0.38856396079063416,0.7619298696517944,-0.02268367074429989,0.31970077753067017,0.7314780950546265,-0.052943114191293716,0.27005624771118164,0.7175535559654236,-0.06859630346298218,0.23020684719085693,0.7069843411445618,-0.07282813638448715,0.38637667894363403,0.809651255607605,-0.02307744137942791,0.3582913875579834,0.8034002184867859,-0.07005085796117783,0.4065236449241638,0.8249783515930176,-0.07703977823257446,0.44440993666648865,0.8401686549186707,-0.06566152721643448,0.3941522538661957,0.856505811214447,-0.025782395154237747,0.3773069381713867,0.8461959958076477,-0.0640949234366417,0.41294747591018677,0.8574783205986023,-0.06520965695381165,0.442619264125824,0.865949273109436,-0.05496915057301521
0.5134960412979126,0.8752344250679016,3.694701717904536e-07,0.5099878311157227,0.8052389025688171,-0.03669899329543114,0.464057981967926,0.7478422522544861,-0.04843123257160187,0.4087010622024536,0.7501335740089417,-0.05684890225529671,0.36318913102149963,0.7613644599914551,-0.06312602758407593,0.40373221039772034,0.7164598107337952,-0.025935739278793335,0.3390458822250366,0.6911160945892334,-0.05075667425990105,0.2964443862438202,0.685236930847168,-0.06502074003219604,0.25795674324035645,0.6828807592391968,-0.07179313898086548,0.38661307096481323,0.7611148953437805,-0.02323993481695652,0.31610608100891113,0.7288162112236023,-0.05316498875617981,0.26765263080596924,0.7153195142745972,-0.06786330789327621,0.22784548997879028,0.7064928412437439,-0.07090641558170319,0.38547077775001526,0.8097187280654907,-0.025070108473300934,0.3577606976032257,0.8055902123451233,-0.07253973931074142,0.4082057476043701,0.8237065672874451,-0.07860445231199265,0.4464009404182434,0.8355279564857483,-0.06622641533613205,0.3938301205635071,0.858047604560852,-0.028978651389479637,0.3764874339103699,0.8466484546661377,-0.06702178716659546,0.4141119718551636,0.8571954965591431,-0.06644286960363388,0.44323813915252686,0.8650363683700562,-0.05498334765434265
0.5117891430854797,0.8763677477836609,3.728380590928282e-07,0.5086394548416138,0.8052985072135925,-0.04002539440989494,0.46476805210113525,0.7493126392364502,-0.05372213199734688,0.40849483013153076,0.7525150775909424,-0.06345075368881226,0.3621164858341217,0.7632016539573669,-0.07074957340955734,0.4045020639896393,0.7165364623069763,-0.02945505455136299,0.3392922878265381,0.6915489435195923,-0.05553000047802925,0.2967770993709564,0.6855578422546387,-0.07032798230648041,0.2581443190574646,0.6821743249893188,-0.07745042443275452,0.38669171929359436,0.7603870630264282,-0.025411617010831833,0.3147580027580261,0.7289292812347412,-0.05659009888768196,0.2663012146949768,0.7156797647476196,-0.0714869424700737,0.226915180683136,0.7067649960517883,-0.0744861513376236,0.38477152585983276,0.8080077171325684,-0.026181364431977272,0.3571302592754364,0.8034899830818176,-0.07525097578763962,0.40725162625312805,0.8218416571617126,-0.08162734657526016,0.44527438282966614,0.8339207172393799,-0.06912257522344589,0.3923875093460083,0.8549991846084595,-0.02930796705186367,0.375253289937973,0.8431805968284607,-0.06906822323799133,0.41352176666259766,0.8535938262939453,-0.06923384964466095,0.44370320439338684,0.8614575862884521,-0.05797187611460686
0.5177651643753052,0.8732932806015015,3.281344618244475e-07,0.512420654296875,0.8031564354896545,-0.03655211254954338,0.46869680285453796,0.7508407235145569,-0.04908367246389389,0.413984477519989,0.749352753162384,-0.05890711396932602,0.367919385433197,0.7590763568878174,-0.0664413571357727,0.4099256694316864,0.7159304022789001,-0.02377900294959545,0.34665971994400024,0.6885648369789124,-0.04836343601346016,0.3051227927207947,0.6834636330604553,-0.06305398046970367,0.26802197098731995,0.6801247596740723,-0.07033971697092056,0.39372265338897705,0.7605469226837158,-0.02081625536084175,0.3248913884162903,0.7301650047302246,-0.050651099532842636,0.27777382731437683,0.716235876083374,-0.06583567708730698,0.23981167376041412,0.7050948739051819,-0.06984428316354752,0.3925514221191406,0.8088879585266113,-0.022478396072983742,0.36217042803764343,0.7976191639900208,-0.07003514468669891,0.4129951298236847,0.8175095319747925,-0.07637028396129608,0.4522678554058075,0.8321934938430786,-0.06456177681684494,0.4009259343147278,0.8558526635169983,-0.026312967762351036,0.38298362493515015,0.8421121835708618,-0.06521501392126083,0.41903844475746155,0.8515601754188538,-0.06621138006448746,0.44815006852149963,0.8594273924827576,-0.05601630359888077
0.5161980390548706,0.8726935386657715,3.7411157904898573e-07,0.5118204951286316,0.8015016317367554,-0.03639671951532364,0.4667944014072418,0.7477174401283264,-0.048049334436655045,0.4135798513889313,0.7484095692634583,-0.05671534687280655,0.36859187483787537,0.7580884099006653,-0.06323878467082977,0.4078230857849121,0.7150064706802368,-0.023543622344732285,0.34408682584762573,0.6895250678062439,-0.04682985693216324,0.3028078079223633,0.6824745535850525,-0.06064583361148834,0.26601240038871765,0.6779505014419556,-0.06736762076616287,0.39209985733032227,0.7593820095062256,-0.020548421889543533,0.324058473110199,0.7288004159927368,-0.0497911162674427,0.2767793834209442,0.7156120538711548,-0.06487248837947845,0.23847851157188416,0.7060521245002747,-0.06836148351430893,0.3916313946247101,0.8076575994491577,-0.022101808339357376,0.3627857565879822,0.7999233603477478,-0.06975202262401581,0.41295233368873596,0.8181232213973999,-0.07686278223991394,0.45164617896080017,0.8307231664657593,-0.0651080533862114,0.4000902771949768,0.8550705909729004,-0.025643592700362206,0.38140615820884705,0.8410170674324036,-0.06497589498758316,0.41894590854644775,0.8498703241348267,-0.06597566604614258,0.4492197632789612,0.8570045232772827,-0.055378470569849014
0.5155942440032959,0.8718989491462708,3.6649529988608265e-07,0.5112983584403992,0.8019376397132874,-0.03646649792790413,0.46643269062042236,0.748798668384552,-0.048178207129240036,0.4127732813358307,0.7498519420623779,-0.05688059702515602,0.3675364851951599,0.7600309252738953,-0.06335737556219101,0.40799692273139954,0.7155757546424866,-0.023622235283255577,0.3443387448787689,0.6893932819366455,-0.04745551571249962,0.3030455410480499,0.6829311847686768,-0.06150324270129204,0.2661311626434326,0.6792817711830139,-0.0683026909828186,0.39239412546157837,0.7596756219863892,-0.020694173872470856,0.3238835632801056,0.728207528591156,-0.05022655054926872,0.2767042815685272,0.7145799398422241,-0.06529538333415985,0.2383124828338623,0.7047414779663086,-0.06872744113206863,0.39195477962493896,0.8075631856918335,-0.022390691563487053,0.363937646150589,0.799462616443634,-0.07013550400733948,0.4143942594528198,0.8170534372329712,-0.07703834027051926,0.45278215408325195,0.8290523290634155,-0.06517557799816132,0.400303453207016,0.8546556830406189,-0.0261126346886158,0.382163941860199,0.8408489227294922,-0.0653219148516655,0.41991502046585083,0.8503081202507019,-0.0660615861415863,0.44974446296691895,0.8578100204467773,-0.05537881329655647
0.5720452070236206,0.8765361905097961,3.378636677098257e-07,0.5759254097938538,0.8068715333938599,-0.03184744715690613,0.5413092970848083,0.7483159303665161,-0.04297460988163948,0.4925059974193573,0.7412335276603699,-0.052062153816223145,0.45141899585723877,0.7487086057662964,-0.05905671790242195,0.4823647439479828,0.7118026614189148,-0.023422647267580032,0.4244053065776825,0.6789904832839966,-0.04738133028149605,0.3852270543575287,0.667277991771698,-0.061113640666007996,0.3503691554069519,0.6582497954368591,-0.06769108027219772,0.46453332901000977,0.754708468914032,-0.023008450865745544,0.3977455496788025,0.7184621095657349,-0.05181165412068367,0.3532752990722656,0.6970539093017578,-0.06631066650152206,0.317828506231308,0.6794158220291138,-0.0697687640786171,0.4609205424785614,0.8023551106452942,-0.0265624038875103,0.44219735264778137,0.7924596667289734,-0.07043629139661789,0.48832207918167114,0.8087778091430664,-0.07663051038980484,0.5222693681716919,0.8200662136077881,-0.06568041443824768,0.4662163257598877,0.8497804403305054,-0.031971998512744904,0.45640829205513,0.8362820148468018,-0.06578735262155533,0.4914866089820862,0.8469440340995789,-0.06513268500566483,0.5172243714332581,0.8550822138786316,-0.054758116602897644
0.5825302004814148,0.859724760055542,3.5098096873298346e-07,0.5881936550140381,0.7921653389930725,-0.03174358233809471,0.5557070970535278,0.731329083442688,-0.042070090770721436,0.5074145793914795,0.7209574580192566,-0.05045681074261665,0.46727123856544495,0.7277833223342896,-0.05688077583909035,0.49488314986228943,0.6990413069725037,-0.022261889651417732,0.43655145168304443,0.6621202230453491,-0.044289298355579376,0.39761748909950256,0.6494231224060059,-0.05634690821170807,0.3627259135246277,0.6398406028747559,-0.06186292693018913,0.47789618372917175,0.7402263879776001,-0.021492281928658485,0.41155579686164856,0.699255108833313,-0.0483938530087471,0.3675509989261627,0.6758629679679871,-0.06186249107122421,0.3321473002433777,0.6579245924949646,-0.06491940468549728,0.47488856315612793,0.7862794399261475,-0.024646025151014328,0.4534600079059601,0.7711833119392395,-0.06796003878116608,0.5006939768791199,0.7905434966087341,-0.0736159011721611,0.5356664061546326,0.806020200252533,-0.062242746353149414,0.47971445322036743,0.8333319425582886,-0.029628293588757515,0.46764448285102844,0.8155946731567383,-0.06401852518320084,0.5032095313072205,0.8273851871490479,-0.06344238668680191,0.5299486517906189,0.8392078876495361,-0.05296666920185089
0.5824705362319946,0.8587230443954468,3.600470677156409e-07,0.5882651805877686,0.7916818857192993,-0.03174325451254845,0.5562505125999451,0.7305726408958435,-0.04219825565814972,0.5083608031272888,0.7214182615280151,-0.0507422499358654,0.4685792624950409,0.728663980960846,-0.05733119323849678,0.4938371479511261,0.6984970569610596,-0.022321967408061028,0.43562495708465576,0.6625763773918152,-0.04419969022274017,0.39691758155822754,0.6499262452125549,-0.056155771017074585,0.36237406730651855,0.6403974294662476,-0.061563316732645035,0.47701793909072876,0.7397461533546448,-0.021657263860106468,0.41117990016937256,0.6994891166687012,-0.048529986292123795,0.3673638105392456,0.6759679317474365,-0.062121182680130005,0.3318753242492676,0.6577896475791931,-0.06524931639432907,0.4743349850177765,0.7857446670532227,-0.02489767223596573,0.45393669605255127,0.770636796951294,-0.06805282831192017,0.5012161135673523,0.7901285886764526,-0.07374371588230133,0.5359135866165161,0.8057098388671875,-0.06241365149617195,0.4795248508453369,0.8326985836029053,-0.02997138537466526,0.46729034185409546,0.8147232532501221,-0.06376083940267563,0.5024227499961853,0.8258672952651978,-0.06291315704584122,0.5287787318229675,0.8373305797576904,-0.05237914249300957
0.5830948948860168,0.8587601780891418,3.6280749782235944e-07,0.5886460542678833,0.7918957471847534,-0.032155200839042664,0.5563318133354187,0.7313419580459595,-0.043027445673942566,0.5081733465194702,0.7219104170799255,-0.05190987512469292,0.46808749437332153,0.7285923361778259,-0.05879928544163704,0.49444812536239624,0.698763370513916,-0.02336014248430729,0.43607717752456665,0.6626513004302979,-0.04565803334116936,0.39716649055480957,0.6499317288398743,-0.05784744769334793,0.36245572566986084,0.6403020024299622,-0.06339117884635925,0.4775850176811218,0.740081250667572,-0.022616948932409286,0.4117462635040283,0.6997337341308594,-0.050013646483421326,0.36762112379074097,0.676240086555481,-0.06380847841501236,0.33182406425476074,0.6578853726387024,-0.0670611560344696,0.47472891211509705,0.7860988974571228,-0.025761494413018227,0.45405808091163635,0.7704148292541504,-0.06933219730854034,0.5013853907585144,0.7902344465255737,-0.07488095760345459,0.5361638069152832,0.8060017824172974,-0.0633997917175293,0.47980594635009766,0.8328912258148193,-0.030769627541303635,0.4670976400375366,0.8143510818481445,-0.06485119462013245,0.5022076964378357,0.8254910707473755,-0.06391839683055878,0.5287883877754211,0.836912214756012,-0.053267527371644974
0.5850685834884644,0.861858069896698,3.5767180861512315e-07,0.5893604159355164,0.7964271903038025,-0.03196093812584877,0.5563734769821167,0.7356672883033752,-0.042622555047273636,0.5080123543739319,0.7241734862327576,-0.0511079877614975,0.466555655002594,0.7291547656059265,-0.05749610438942909,0.49860790371894836,0.7004682421684265,-0.023121196776628494,0.43973734974861145,0.6631488800048828,-0.045173920691013336,0.40055418014526367,0.6505799889564514,-0.057050932198762894,0.36516228318214417,0.6412262916564941,-0.062352001667022705,0.48141130805015564,0.7413288950920105,-0.022139405831694603,0.41522201895713806,0.6995260715484619,-0.04915867745876312,0.3700000047683716,0.6765949726104736,-0.06254255026578903,0.3336377739906311,0.6588129997253418,-0.06549213081598282,0.47783517837524414,0.7875210046768188,-0.0249936543405056,0.456976056098938,0.7719497680664062,-0.06836390495300293,0.5032919049263,0.7927473783493042,-0.07367821037769318,0.5374140739440918,0.8082127571105957,-0.06203274801373482,0.4818490743637085,0.8346412181854248,-0.029614035040140152,0.46948620676994324,0.8166962265968323,-0.06398450583219528,0.5051062703132629,0.8303306698799133,-0.06282191723585129,0.5319554209709167,0.8423796892166138,-0.05186643451452255
0.5833718776702881,0.8599069714546204,3.6746573073287436e-07,0.5888335704803467,0.7933720946311951,-0.03201858326792717,0.5561749339103699,0.7338709235191345,-0.04291800782084465,0.5087067484855652,0.7232944965362549,-0.05177683010697365,0.4679529368877411,0.7274624705314636,-0.05860595405101776,0.4959810674190521,0.6992031335830688,-0.022838696837425232,0.43717899918556213,0.6629788279533386,-0.045132093131542206,0.39865994453430176,0.6502593755722046,-0.05741431564092636,0.363826721906662,0.6412521600723267,-0.06294525414705276,0.4793115556240082,0.7404979467391968,-0.022029662504792213,0.4135376214981079,0.6992671489715576,-0.04871130734682083,0.3695136308670044,0.6761835813522339,-0.06189990043640137,0.33370906114578247,0.6584380269050598,-0.06474334001541138,0.4761565625667572,0.787137508392334,-0.025258980691432953,0.4570794999599457,0.7730461955070496,-0.06825832277536392,0.5030691027641296,0.7923535108566284,-0.07387609034776688,0.5365844964981079,0.8069764375686646,-0.06253719329833984,0.480586439371109,0.8346695303916931,-0.030335744842886925,0.469436913728714,0.8171201944351196,-0.0643438920378685,0.5053672194480896,0.8295759558677673,-0.06342517584562302,0.5322989821434021,0.8412174582481384,-0.05274258181452751
0.5839883685112,0.861756443977356,3.58154380819542e-07,0.5896665453910828,0.7954365611076355,-0.032065536826848984,0.5569906234741211,0.7347236275672913,-0.04273664951324463,0.5087279677391052,0.7239267230033875,-0.051204171031713486,0.4676787555217743,0.7282158136367798,-0.05757961422204971,0.4978165626525879,0.6999872922897339,-0.02317846566438675,0.43911585211753845,0.6630575656890869,-0.04536481574177742,0.3999844789505005,0.6506791114807129,-0.05740773305296898,0.3647083044052124,0.6418132781982422,-0.06281108409166336,0.480613648891449,0.7411125898361206,-0.0222316961735487,0.4144945740699768,0.698999285697937,-0.049241479486227036,0.3697255849838257,0.6759778261184692,-0.06258925795555115,0.33356332778930664,0.6582117676734924,-0.06547543406486511,0.4770883619785309,0.7874749898910522,-0.025181744247674942,0.4567955732345581,0.771681547164917,-0.0685887262225151,0.5030980706214905,0.7922496199607849,-0.07391876727342606,0.5370017290115356,0.807704508304596,-0.06225401163101196,0.48113465309143066,0.8348566293716431,-0.029906444251537323,0.46903371810913086,0.8163834810256958,-0.06422131508588791,0.5048308968544006,0.8300864696502686,-0.06301921606063843,0.5315614938735962,0.8423118591308594,-0.052039556205272675
0.5840275287628174,0.8620262742042542,3.550861720214016e-07,0.5891773700714111,0.7956715226173401,-0.03198503330349922,0.5560866594314575,0.7348021268844604,-0.042375802993774414,0.5077201724052429,0.7259157299995422,-0.05065888911485672,0.4672604501247406,0.7296751141548157,-0.05683739855885506,0.4965474605560303,0.703068196773529,-0.022146860137581825,0.4385559558868408,0.6658622026443481,-0.0443454310297966,0.40059661865234375,0.652789831161499,-0.05640750750899315,0.3661156892776489,0.6432058215141296,-0.06181085482239723,0.4798036515712738,0.7439514994621277,-0.021482549607753754,0.4144541621208191,0.7008638978004456,-0.0488969162106514,0.370618999004364,0.6776883602142334,-0.06260215491056442,0.33414381742477417,0.6605368852615356,-0.06557388603687286,0.47663378715515137,0.7894086241722107,-0.02483765408396721,0.4562058448791504,0.774086594581604,-0.06866540759801865,0.5040483474731445,0.7937097549438477,-0.07429275661706924,0.5383114814758301,0.8083629608154297,-0.06276559084653854,0.48106637597084045,0.8355787396430969,-0.03000282682478428,0.46887776255607605,0.8176337480545044,-0.06416782736778259,0.5043809413909912,0.8298233151435852,-0.06300044804811478,0.5300769805908203,0.8408917188644409,-0.05220780894160271
0.583950936794281,0.8619930744171143,3.575060247840156e-07,0.5891945362091064,0.7958640456199646,-0.03242043778300285,0.5563170313835144,0.7353820204734802,-0.043018803000450134,0.5082541108131409,0.7260244488716125,-0.051395680755376816,0.46778470277786255,0.7305825352668762,-0.05766567587852478,0.49675604701042175,0.7026875019073486,-0.022822117432951927,0.43889114260673523,0.6655964255332947,-0.04507583752274513,0.40053731203079224,0.6528951525688171,-0.057183053344488144,0.3658474385738373,0.6439175605773926,-0.06260059773921967,0.4800376892089844,0.7437424659729004,-0.02193000167608261,0.41421371698379517,0.7011445164680481,-0.049332864582538605,0.37018880248069763,0.6781588792800903,-0.06292770057916641,0.3339579701423645,0.6611486673355103,-0.06581977009773254,0.47696951031684875,0.7894294857978821,-0.025063009932637215,0.4560682773590088,0.7740376591682434,-0.06894423067569733,0.5037661790847778,0.7937933206558228,-0.07446886599063873,0.5380067825317383,0.8085287809371948,-0.06283233314752579,0.48134374618530273,0.8357111215591431,-0.030021173879504204,0.4684562385082245,0.8176059722900391,-0.06418763846158981,0.5036893486976624,0.8297854065895081,-0.06291566044092178,0.5292705297470093,0.840725839138031,-0.05204261839389801
0.5819028615951538,0.864627480506897,3.6615026033359754e-07,0.5873452425003052,0.7977349758148193,-0.03329169377684593,0.5566936135292053,0.7372198104858398,-0.04586927592754364,0.5079827308654785,0.7295099496841431,-0.056410953402519226,0.46717023849487305,0.7350789904594421,-0.06498090922832489,0.49380582571029663,0.7049196362495422,-0.02538895048201084,0.43588563799858093,0.6684215664863586,-0.049638956785202026,0.39697420597076416,0.6561292409896851,-0.06331049650907516,0.3622678518295288,0.6470292210578918,-0.06971230357885361,0.4775589108467102,0.7471591234207153,-0.024993540719151497,0.4135512411594391,0.7056912183761597,-0.05422147735953331,0.3691316246986389,0.6828809976577759,-0.06909447908401489,0.3320474624633789,0.6653476357460022,-0.07300005108118057,0.47493717074394226,0.7934668064117432,-0.028627630323171616,0.4546149969100952,0.7776508927345276,-0.07337845861911774,0.5024698376655579,0.7967349290847778,-0.07859247177839279,0.5374022126197815,0.811568021774292,-0.06692475825548172,0.48006513714790344,0.8406157493591309,-0.03425254300236702,0.46641236543655396,0.8223932981491089,-0.06860782206058502,0.5011261105537415,0.8338878750801086,-0.06678742915391922,0.5271707773208618,0.8455329537391663,-0.055611301213502884
0.5820953845977783,0.865180253982544,3.590826622712484e-07,0.5877062678337097,0.7988959550857544,-0.032946377992630005,0.5565840005874634,0.738899290561676,-0.0448283851146698,0.508479654788971,0.7303073406219482,-0.054640792310237885,0.4680515229701996,0.7347965836524963,-0.062347304075956345,0.49402886629104614,0.7057363986968994,-0.024528397247195244,0.43533241748809814,0.6688198447227478,-0.04865441843867302,0.3957657217979431,0.6568601131439209,-0.06219564005732536,0.36062490940093994,0.6487497091293335,-0.06850260496139526,0.47805842757225037,0.7474321126937866,-0.023891719058156013,0.4135898947715759,0.7062985301017761,-0.0529351569712162,0.3692200779914856,0.6838420033454895,-0.06754642724990845,0.33238542079925537,0.6664153933525085,-0.071248859167099,0.47579118609428406,0.7933531403541565,-0.027319693937897682,0.45505136251449585,0.7783332467079163,-0.07205206155776978,0.5025458931922913,0.797142505645752,-0.07745210081338882,0.53732830286026,0.8113777041435242,-0.0658540278673172,0.4813297390937805,0.8401069045066833,-0.03268807381391525,0.4682091772556305,0.8232207894325256,-0.06764839589595795,0.5034777522087097,0.8346344828605652,-0.06656414270401001,0.5295789241790771,0.8452520370483398,-0.05574079602956772
0.582167387008667,0.8653460741043091,3.5976006529381266e-07,0.5879263281822205,0.7988914847373962,-0.033117011189460754,0.5566317439079285,0.7386049032211304,-0.04494484141469002,0.5082725286483765,0.7300376296043396,-0.054673679172992706,0.46759703755378723,0.7346526384353638,-0.06229157745838165,0.49384909868240356,0.705808162689209,-0.02426656149327755,0.4352544844150543,0.6688778400421143,-0.04810259863734245,0.39597436785697937,0.6567171812057495,-0.06146613508462906,0.36098426580429077,0.6481542587280273,-0.06772657483816147,0.4778634309768677,0.7474908828735352,-0.023542463779449463,0.4134150743484497,0.7062625885009766,-0.052399057894945145,0.36918801069259644,0.6836846470832825,-0.0669824555516243,0.3323711156845093,0.6662516593933105,-0.07072880119085312,0.47559210658073425,0.7934682369232178,-0.026918789371848106,0.45472609996795654,0.7781425714492798,-0.07168268412351608,0.5025011897087097,0.7969056367874146,-0.07722492516040802,0.537328839302063,0.811185896396637,-0.0657413899898529,0.4810580909252167,0.8402416110038757,-0.03224346041679382,0.4680769741535187,0.8229851126670837,-0.0673317238688469,0.5034510493278503,0.8344262838363647,-0.06645353138446808,0.5294820070266724,0.8452416062355042,-0.05581339821219444
0.5844812989234924,0.87065190076828,3.552364091774507e-07,0.5892870426177979,0.8051431775093079,-0.03216865658760071,0.5565928220748901,0.7443070411682129,-0.04365970939397812,0.5071811676025391,0.7341905832290649,-0.053103577345609665,0.466157466173172,0.7411091923713684,-0.060499224811792374,0.49673762917518616,0.7115206122398376,-0.02515471912920475,0.43762853741645813,0.6740845441818237,-0.048313990235328674,0.3986743092536926,0.6612094044685364,-0.060914769768714905,0.3637440800666809,0.6507192850112915,-0.06695427000522614,0.4793594181537628,0.7526780366897583,-0.02478017471730709,0.4146478772163391,0.7111296653747559,-0.05362159386277199,0.3698885440826416,0.6883801221847534,-0.06808348745107651,0.33272784948349,0.6707640886306763,-0.07181260734796524,0.4756612479686737,0.7985718250274658,-0.028135202825069427,0.45450329780578613,0.7824145555496216,-0.07248108834028244,0.5023020505905151,0.801634669303894,-0.07747139036655426,0.5371869802474976,0.8164466023445129,-0.06581565737724304,0.48013365268707275,0.8450271487236023,-0.03340088576078415,0.4685828387737274,0.827143132686615,-0.06846625357866287,0.5041443109512329,0.838480532169342,-0.06742792576551437,0.5307156443595886,0.8495067954063416,-0.0566890612244606
0.5826680660247803,0.8685905933380127,3.506249299789488e-07,0.5887614488601685,0.8012499809265137,-0.03111974708735943,0.5557069182395935,0.7425614595413208,-0.041308119893074036,0.5074611306190491,0.7337392568588257,-0.04955948889255524,0.4672255218029022,0.7394172549247742,-0.05585752800107002,0.49511808156967163,0.7071875929832458,-0.022681323811411858,0.43660518527030945,0.6715866327285767,-0.04517361521720886,0.3975341320037842,0.660067081451416,-0.05754280835390091,0.3625844120979309,0.6524462699890137,-0.0631709024310112,0.477944016456604,0.7492707371711731,-0.022095398977398872,0.41231757402420044,0.7102466821670532,-0.04937857761979103,0.36842745542526245,0.6882571578025818,-0.06279284507036209,0.3323930501937866,0.671126663684845,-0.06573949009180069,0.4748842120170593,0.7962225675582886,-0.025425206869840622,0.45577800273895264,0.7846682071685791,-0.06852699816226959,0.5029451251029968,0.8014021515846252,-0.07413269579410553,0.5372968912124634,0.8144609332084656,-0.06285586208105087,0.47976982593536377,0.8436722159385681,-0.03051237016916275,0.4682375192642212,0.8271244764328003,-0.06408703327178955,0.5036011934280396,0.8373998999595642,-0.06313883513212204,0.5298346281051636,0.8472100496292114,-0.05261968448758125
0.5841035842895508,0.870796799659729,3.5126055308865034e-07,0.5895463228225708,0.8045398592948914,-0.031718768179416656,0.5562259554862976,0.7442072033882141,-0.04257867857813835,0.5073544979095459,0.7348104119300842,-0.051355648785829544,0.4663639962673187,0.7410268187522888,-0.05806629732251167,0.4969305396080017,0.7099820375442505,-0.024161482229828835,0.43802833557128906,0.6731273531913757,-0.04718971624970436,0.3988763093948364,0.6608802080154419,-0.059856850653886795,0.36365243792533875,0.6517700552940369,-0.06583205610513687,0.47946178913116455,0.7512251734733582,-0.023744042962789536,0.41396358609199524,0.7098848223686218,-0.051930543035268784,0.36898693442344666,0.6870269775390625,-0.06597919017076492,0.331646203994751,0.6694421768188477,-0.06944932043552399,0.4761403203010559,0.7977268695831299,-0.02712520956993103,0.45470738410949707,0.783158004283905,-0.07101491838693619,0.5023646354675293,0.8014852404594421,-0.07622495293617249,0.5371684432029724,0.8157371878623962,-0.06469973176717758,0.48106321692466736,0.8449882864952087,-0.03232201188802719,0.46900951862335205,0.8273913860321045,-0.06676698476076126,0.5041956901550293,0.8385281562805176,-0.06565465778112411,0.53011554479599,0.8491898775100708,-0.0549660287797451
0.5842136740684509,0.8710425496101379,3.567904229839769e-07,0.589544951915741,0.8042065501213074,-0.03221919387578964,0.5565283298492432,0.7434383034706116,-0.042989883571863174,0.5075028538703918,0.733054518699646,-0.05166700482368469,0.46668195724487305,0.7382163405418396,-0.05821436643600464,0.4967067241668701,0.7120651006698608,-0.022631434723734856,0.4378169775009155,0.6742810010910034,-0.045311614871025085,0.39910101890563965,0.661340594291687,-0.05768059194087982,0.36424851417541504,0.651889443397522,-0.06327162683010101,0.4801790416240692,0.7526177167892456,-0.021546591073274612,0.41422349214553833,0.7116416096687317,-0.049077827483415604,0.36988964676856995,0.688761293888092,-0.06275772303342819,0.33383193612098694,0.6712675094604492,-0.06584479659795761,0.4772856831550598,0.7980973720550537,-0.0244832094758749,0.45652443170547485,0.7825239896774292,-0.06801354885101318,0.5029845833778381,0.8008570075035095,-0.0737130343914032,0.537018358707428,0.8155617713928223,-0.062362607568502426,0.4821128845214844,0.8443000316619873,-0.029281487688422203,0.47138750553131104,0.8261699080467224,-0.06390615552663803,0.5072990655899048,0.8376477956771851,-0.06355707347393036,0.533781886100769,0.848992645740509,-0.05314350500702858
0.5843950510025024,0.8700559735298157,3.630173068813747e-07,0.5894582867622375,0.8037304282188416,-0.03227652609348297,0.5562393665313721,0.743451714515686,-0.04318816587328911,0.5075169801712036,0.7331997752189636,-0.051990631967782974,0.46658140420913696,0.7378491163253784,-0.05867103859782219,0.49639901518821716,0.7118645906448364,-0.022986236959695816,0.43731170892715454,0.6741116642951965,-0.04565413296222687,0.3988364338874817,0.661008358001709,-0.05798180773854256,0.364144504070282,0.6516868472099304,-0.06350009143352509,0.479983389377594,0.7524968385696411,-0.021953042596578598,0.4140916168689728,0.7111074924468994,-0.04937615990638733,0.3698239326477051,0.6883296370506287,-0.06292346119880676,0.33360418677330017,0.6710573434829712,-0.0659337192773819,0.47719117999076843,0.7981814742088318,-0.024940110743045807,0.4567026197910309,0.7820150256156921,-0.06832347810268402,0.5031200647354126,0.8006035089492798,-0.07383459061384201,0.5368990898132324,0.8154555559158325,-0.062394533306360245,0.48203736543655396,0.8446601033210754,-0.029792545363307,0.4709608852863312,0.825944721698761,-0.06418922543525696,0.5068591833114624,0.8370890617370605,-0.0635652020573616,0.5333127379417419,0.8483289480209351,-0.05300058424472809
0.587009847164154,0.8714248538017273,3.5235456152804545e-07,0.5933393239974976,0.8044315576553345,-0.032979466021060944,0.5607666373252869,0.7426134943962097,-0.04433204233646393,0.5107207894325256,0.7326860427856445,-0.0532747320830822,0.4689236581325531,0.738105833530426,-0.060115594416856766,0.502029299736023,0.7103310227394104,-0.025357013568282127,0.44371598958969116,0.672752857208252,-0.048861291259527206,0.4041585922241211,0.660822331905365,-0.06170221045613289,0.3686872720718384,0.6515809893608093,-0.06775747239589691,0.4843979477882385,0.7519451975822449,-0.024097492918372154,0.41863155364990234,0.7107999324798584,-0.05291134864091873,0.37414997816085815,0.6876643896102905,-0.06724167615175247,0.3380550742149353,0.6690947413444519,-0.07081034779548645,0.4806854724884033,0.7981562614440918,-0.02663060650229454,0.45981475710868835,0.7833460569381714,-0.07128074765205383,0.5065955519676208,0.8020429611206055,-0.07680891454219818,0.5410175323486328,0.8165724873542786,-0.0653488039970398,0.48509714007377625,0.8451810479164124,-0.03100470080971718,0.4751070439815521,0.8285472393035889,-0.06673607230186462,0.511427640914917,0.8419784307479858,-0.06633057445287704,0.5375259518623352,0.8541038036346436,-0.05582072585821152
0.5887346267700195,0.8681078553199768,3.485599506802828e-07,0.5943987369537354,0.8004547953605652,-0.03221655264496803,0.5615057349205017,0.741532027721405,-0.04331213980913162,0.5123769640922546,0.7335891723632812,-0.052316781133413315,0.4720630645751953,0.737186849117279,-0.05914070084691048,0.5023427605628967,0.7076576352119446,-0.023272128775715828,0.44502654671669006,0.6707216501235962,-0.04657527804374695,0.40680739283561707,0.6578706502914429,-0.059545427560806274,0.3724857568740845,0.648314893245697,-0.06560765206813812,0.485085129737854,0.7492931485176086,-0.02238325960934162,0.41951221227645874,0.709980309009552,-0.05045829340815544,0.37681394815444946,0.6870431303977966,-0.06435440480709076,0.34220850467681885,0.668940007686615,-0.06757815927267075,0.48165175318717957,0.795316219329834,-0.025528976693749428,0.46216270327568054,0.782059907913208,-0.06895942986011505,0.5083133578300476,0.7988461852073669,-0.07454009354114532,0.5420684814453125,0.8124887347221375,-0.06333451718091965,0.48618337512016296,0.8420816659927368,-0.030567754060029984,0.47549113631248474,0.8254905343055725,-0.06441532075405121,0.5103273391723633,0.8365806341171265,-0.06356813758611679,0.5357527136802673,0.8475041389465332,-0.053084809333086014
0.5884349346160889,0.8681252002716064,3.451493455486343e-07,0.5944769978523254,0.8011934757232666,-0.03176575154066086,0.5613032579421997,0.7410205602645874,-0.042288053780794144,0.5121376514434814,0.7322868704795837,-0.05071592703461647,0.4722437560558319,0.7364451289176941,-0.05709623172879219,0.5023843050003052,0.7081765532493591,-0.02338753454387188,0.44455766677856445,0.6708700656890869,-0.045944374054670334,0.40633445978164673,0.6577746272087097,-0.0582350455224514,0.3720701336860657,0.6478602886199951,-0.06385321170091629,0.48541945219039917,0.749610185623169,-0.022462816908955574,0.42000439763069153,0.7099171280860901,-0.0497848279774189,0.37683573365211487,0.6869962811470032,-0.06337695568799973,0.34190434217453003,0.668912410736084,-0.06655511260032654,0.4822815954685211,0.7951967716217041,-0.02539525367319584,0.462863564491272,0.7809423804283142,-0.0681915432214737,0.5086579322814941,0.7981667518615723,-0.07370614260435104,0.5423963069915771,0.8123447299003601,-0.06258758157491684,0.48701804876327515,0.8415994048118591,-0.030160116031765938,0.47626516222953796,0.8242083787918091,-0.06383920460939407,0.5111625790596008,0.8352916836738586,-0.06301990151405334,0.536977231502533,0.846694827079773,-0.052566710859537125
0.5886440277099609,0.8679664134979248,3.438989608639531e-07,0.5943976640701294,0.8015280961990356,-0.03150045871734619,0.5614548325538635,0.7416586875915527,-0.04209116846323013,0.5124517679214478,0.7323675751686096,-0.050710391253232956,0.4725342094898224,0.7363958358764648,-0.057269562035799026,0.5021916031837463,0.7086492776870728,-0.02308763563632965,0.44433510303497314,0.671383798122406,-0.045650873333215714,0.4063689112663269,0.6582698822021484,-0.05796531215310097,0.37227633595466614,0.648285448551178,-0.06361574679613113,0.4853922426700592,0.7499675750732422,-0.02243821509182453,0.4201090335845947,0.7101172804832458,-0.04983493685722351,0.3768549859523773,0.6871610879898071,-0.06357251852750778,0.34162262082099915,0.6692221164703369,-0.06687717139720917,0.4823148548603058,0.7955495119094849,-0.02562684752047062,0.46304845809936523,0.7807113528251648,-0.06837230175733566,0.5088489055633545,0.7976664304733276,-0.07385031133890152,0.542519748210907,0.8117722272872925,-0.06277351826429367,0.4871219992637634,0.8420266509056091,-0.03065248392522335,0.4764595627784729,0.8243646025657654,-0.06420542299747467,0.5112344622612,0.8351278305053711,-0.06330156326293945,0.536980926990509,0.8464908003807068,-0.052847910672426224
0.5897747874259949,0.8693175315856934,3.647297148745565e-07,0.5968623161315918,0.8023412227630615,-0.03339449316263199,0.5654348134994507,0.7403518557548523,-0.0444476343691349,0.5162270069122314,0.7316951751708984,-0.05304908752441406,0.4759519100189209,0.7367132902145386,-0.059297364205121994,0.5048041343688965,0.7079185843467712,-0.02326221391558647,0.446961373090744,0.6705239415168762,-0.045586854219436646,0.4079735279083252,0.6572712063789368,-0.05769646167755127,0.3734276592731476,0.6472698450088501,-0.0632517859339714,0.4876770079135895,0.7497550845146179,-0.021694863215088844,0.4215454161167145,0.7085623741149902,-0.04931829124689102,0.3782948851585388,0.6853132247924805,-0.0630640909075737,0.3440086245536804,0.666777491569519,-0.06610202044248581,0.48440977931022644,0.7958300709724426,-0.024180255830287933,0.463398814201355,0.779746413230896,-0.06823009997606277,0.5096449851989746,0.7985305190086365,-0.07402388006448746,0.5435181260108948,0.8127211332321167,-0.06258651614189148,0.48873016238212585,0.843015193939209,-0.028524722903966904,0.4764010012149811,0.8243246674537659,-0.06336062401533127,0.5118369460105896,0.8361326456069946,-0.06280297040939331,0.5376617908477783,0.8467307090759277,-0.05223897099494934
0.5910549759864807,0.8682160377502441,3.630275102750602e-07,0.5968635082244873,0.8013851046562195,-0.032481539994478226,0.56523597240448,0.7386000156402588,-0.043368421494960785,0.5157212615013123,0.7314541935920715,-0.05216957628726959,0.47529688477516174,0.7367972731590271,-0.05879494547843933,0.5041810274124146,0.7089407444000244,-0.02227272465825081,0.44613179564476013,0.670434832572937,-0.044598519802093506,0.40767747163772583,0.6563198566436768,-0.05680018663406372,0.3735894560813904,0.6457042098045349,-0.06233873590826988,0.4876212477684021,0.7511833906173706,-0.02135806530714035,0.42292529344558716,0.7095133662223816,-0.04909982159733772,0.37904828786849976,0.6865742206573486,-0.06322081387042999,0.34317028522491455,0.6686731576919556,-0.06659845262765884,0.48446032404899597,0.7971058487892151,-0.02446904219686985,0.4642912447452545,0.7798656821250916,-0.06829064339399338,0.5106117129325867,0.7987930178642273,-0.07395143806934357,0.5440704822540283,0.8132798075675964,-0.062541164457798,0.4886000454425812,0.8441051244735718,-0.029388636350631714,0.47585201263427734,0.8242241144180298,-0.06335344165563583,0.5109272599220276,0.835563063621521,-0.062088221311569214,0.5366665720939636,0.8465409278869629,-0.051206670701503754
0.5898782014846802,0.8680087924003601,3.6767988831343246e-07,0.5963508486747742,0.8009599447250366,-0.03265392780303955,0.5649961829185486,0.7390718460083008,-0.04341619461774826,0.5157337784767151,0.7321082949638367,-0.05200062692165375,0.4757072627544403,0.7369891405105591,-0.05836312100291252,0.5037540197372437,0.7078881859779358,-0.0223445575684309,0.4461684823036194,0.6704328656196594,-0.04437053203582764,0.4077856242656708,0.656780481338501,-0.056261830031871796,0.3735651671886444,0.6464443802833557,-0.061636582016944885,0.4873407781124115,0.7501132488250732,-0.021205823868513107,0.4220779538154602,0.7087169289588928,-0.04862751066684723,0.37902316451072693,0.685385525226593,-0.06223517283797264,0.344204306602478,0.6670504212379456,-0.06521689891815186,0.48442503809928894,0.7960264086723328,-0.02413707599043846,0.46466317772865295,0.7797113060951233,-0.06804882735013962,0.5109935402870178,0.7984386682510376,-0.07373062521219254,0.5444660186767578,0.8129382133483887,-0.062206972390413284,0.48876485228538513,0.8429118394851685,-0.028875524178147316,0.47625699639320374,0.8234071135520935,-0.06311565637588501,0.5114449262619019,0.8345527648925781,-0.06211405247449875,0.5371499061584473,0.8453928828239441,-0.05135545879602432
0.5921027660369873,0.8672711253166199,3.515944229093293e-07,0.5975837111473083,0.800127387046814,-0.032638657838106155,0.5655245184898376,0.7389019131660461,-0.04387041553854942,0.5163818597793579,0.7307767271995544,-0.05293598026037216,0.4760589003562927,0.7367540597915649,-0.05993921309709549,0.5065954923629761,0.7066429853439331,-0.024039210751652718,0.44912028312683105,0.6696450114250183,-0.04672664403915405,0.41076767444610596,0.6565921902656555,-0.05922897532582283,0.3761926293373108,0.6460759043693542,-0.06511405110359192,0.4894769489765167,0.7486838102340698,-0.023052310571074486,0.4249926805496216,0.7084505558013916,-0.05109342932701111,0.381687730550766,0.6860046982765198,-0.06515029072761536,0.34660470485687256,0.667872428894043,-0.06856299191713333,0.4859401285648346,0.7948167324066162,-0.02594761922955513,0.4659422039985657,0.7786779403686523,-0.06956693530082703,0.5121119618415833,0.7982358932495117,-0.0749669075012207,0.5459542274475098,0.8133389949798584,-0.06357650458812714,0.4899834394454956,0.841724157333374,-0.030735211446881294,0.4784397482872009,0.8230962157249451,-0.06480397284030914,0.5131659507751465,0.8351280093193054,-0.06377079337835312,0.5389176607131958,0.8463801145553589,-0.05309515446424484
0.5911288857460022,0.8666970133781433,3.6334455444375635e-07,0.5964452028274536,0.7997574806213379,-0.032438937574625015,0.5652622580528259,0.738882839679718,-0.04398462921380997,0.5172088146209717,0.7307133674621582,-0.053559135645627975,0.4772737920284271,0.7363469004631042,-0.06113777682185173,0.5056099891662598,0.7074427604675293,-0.024369733408093452,0.44763651490211487,0.6697849035263062,-0.047543421387672424,0.40944159030914307,0.6559046506881714,-0.06032179296016693,0.37506604194641113,0.6454582810401917,-0.06618846952915192,0.48869284987449646,0.7492362260818481,-0.02371601015329361,0.42487001419067383,0.7083324193954468,-0.05205480381846428,0.38140493631362915,0.6859004497528076,-0.06617556512355804,0.3457197844982147,0.6684501767158508,-0.0695250928401947,0.48522475361824036,0.7952350378036499,-0.02698565647006035,0.46606141328811646,0.7801722884178162,-0.07054729014635086,0.5120791792869568,0.7992011904716492,-0.07589332014322281,0.5456539988517761,0.8137726783752441,-0.06443038582801819,0.48930197954177856,0.8419444561004639,-0.03215017914772034,0.4770495593547821,0.8237593173980713,-0.06547363847494125,0.5113399624824524,0.8344647884368896,-0.06391272693872452,0.537004828453064,0.8448848724365234,-0.05296013131737709
0.5917909741401672,0.8666537404060364,3.584308387871715e-07,0.5971087217330933,0.7999950647354126,-0.03271616995334625,0.5655659437179565,0.7387688159942627,-0.044234417378902435,0.5168683528900146,0.7306753993034363,-0.05362316220998764,0.4766383171081543,0.7368096113204956,-0.06097494438290596,0.5063432455062866,0.7070167064666748,-0.02467832900583744,0.4485674500465393,0.669613242149353,-0.04766494780778885,0.41013216972351074,0.6561793088912964,-0.060294754803180695,0.3755888342857361,0.6458173394203186,-0.06614743918180466,0.489347904920578,0.7489578723907471,-0.023796172812581062,0.4251815974712372,0.7082398533821106,-0.05205356329679489,0.38174840807914734,0.6857902407646179,-0.06609642505645752,0.3465157449245453,0.6681323647499084,-0.0694340169429779,0.485931932926178,0.7950000762939453,-0.026798110455274582,0.46629226207733154,0.779407262802124,-0.07039063423871994,0.5122315883636475,0.7987111210823059,-0.07569295167922974,0.5459684729576111,0.8136475682258606,-0.06422168761491776,0.490061491727829,0.8417673707008362,-0.03170299157500267,0.4779014587402344,0.8233432769775391,-0.06534114480018616,0.5122374892234802,0.8348275423049927,-0.06396505236625671,0.5379310250282288,0.8457346558570862,-0.05310584232211113
0.5923532247543335,0.8685920834541321,3.5522404573384847e-07,0.597200870513916,0.8019760251045227,-0.03254512697458267,0.5647483468055725,0.7414705753326416,-0.043911200016736984,0.5159525275230408,0.7320402264595032,-0.0532781183719635,0.474836528301239,0.7364000082015991,-0.06055106967687607,0.5068851113319397,0.7089123129844666,-0.023211348801851273,0.44833675026893616,0.6710565090179443,-0.04611160233616829,0.4100266098976135,0.6574932336807251,-0.058563049882650375,0.37554410099983215,0.6471067070960999,-0.06425438821315765,0.4903137981891632,0.7503007054328918,-0.022458435967564583,0.4262591004371643,0.7086836099624634,-0.05107630416750908,0.38201606273651123,0.6867910623550415,-0.06543001532554626,0.3454786539077759,0.6696545481681824,-0.0688495859503746,0.4870227873325348,0.7962371110916138,-0.02568410336971283,0.46556591987609863,0.7812846302986145,-0.07027972489595413,0.5126678347587585,0.8018452525138855,-0.07564998418092728,0.5471625924110413,0.8163855671882629,-0.06388025730848312,0.4911542236804962,0.8430744409561157,-0.03071286529302597,0.4770675599575043,0.8262481093406677,-0.06535545736551285,0.5119472742080688,0.8386036157608032,-0.06396716833114624,0.53806471824646,0.8491203784942627,-0.0529015026986599
0.5912150740623474,0.8682183623313904,3.525622958022723e-07,0.5970097184181213,0.800457775592804,-0.03210999071598053,0.5647761225700378,0.7399389147758484,-0.04299229755997658,0.5159384608268738,0.7306889891624451,-0.05189575254917145,0.47538477182388306,0.7351709604263306,-0.058764878660440445,0.5051184296607971,0.7081156969070435,-0.02235236205160618,0.4469710886478424,0.6709943413734436,-0.0448029600083828,0.40912848711013794,0.6575173139572144,-0.057101789861917496,0.3750903010368347,0.647408127784729,-0.06267451494932175,0.4887814223766327,0.749355673789978,-0.02144518867135048,0.42495009303092957,0.7082342505455017,-0.04912537336349487,0.38140958547592163,0.6863184571266174,-0.06299345195293427,0.34596750140190125,0.6694306135177612,-0.06615950912237167,0.4857567250728607,0.7950788736343384,-0.024565108120441437,0.4657745063304901,0.7812989950180054,-0.0681706890463829,0.5119622349739075,0.8008631467819214,-0.07386995851993561,0.546147346496582,0.8150831460952759,-0.0625215619802475,0.4901377558708191,0.8417178392410278,-0.029483959078788757,0.4773995876312256,0.8252981901168823,-0.06361489742994308,0.5123931765556335,0.8376697897911072,-0.0626431405544281,0.5388726592063904,0.848479151725769,-0.05192411690950394
0.5922707915306091,0.8698055744171143,3.46427498243429e-07,0.5978168249130249,0.8025952577590942,-0.0324663482606411,0.5651517510414124,0.7417207956314087,-0.04362413287162781,0.5158319473266602,0.732049822807312,-0.05277327448129654,0.4748680889606476,0.7365210056304932,-0.05984879657626152,0.5071896314620972,0.7092820405960083,-0.023178018629550934,0.4485261142253876,0.6712895631790161,-0.04601388797163963,0.4099990129470825,0.6578401327133179,-0.05858641862869263,0.3753286302089691,0.6475123763084412,-0.06441545486450195,0.49058470129966736,0.7506610155105591,-0.02222331240773201,0.4271668791770935,0.7089778184890747,-0.05070776492357254,0.38300496339797974,0.6869202852249146,-0.0651012510061264,0.3467852771282196,0.6696447134017944,-0.06866825371980667,0.4870433807373047,0.7961379885673523,-0.025217123329639435,0.46628469228744507,0.7805570363998413,-0.06930004060268402,0.5124654769897461,0.8010294437408447,-0.07468962669372559,0.5465484261512756,0.8160662055015564,-0.06314633041620255,0.4909290075302124,0.8425170183181763,-0.03005443513393402,0.47765958309173584,0.8250706791877747,-0.0644473284482956,0.5124068856239319,0.8379306197166443,-0.06321202218532562,0.538627028465271,0.8491965532302856,-0.05231174826622009
0.5912225246429443,0.8695299029350281,3.3108102570622577e-07,0.5962986946105957,0.8016287088394165,-0.03114445134997368,0.5646615624427795,0.7407070994377136,-0.04181656241416931,0.515241801738739,0.7329513430595398,-0.050663355737924576,0.4744023382663727,0.737708568572998,-0.0575898140668869,0.5056720972061157,0.7097199559211731,-0.021782269701361656,0.4479287564754486,0.6727530360221863,-0.04370943084359169,0.40969139337539673,0.6603049039840698,-0.0559694878757,0.37551170587539673,0.6508011221885681,-0.061673618853092194,0.48926031589508057,0.751488208770752,-0.021265849471092224,0.42631205916404724,0.7107276916503906,-0.048086028546094894,0.3832358717918396,0.6886113286018372,-0.06194126978516579,0.34751179814338684,0.6708078384399414,-0.0656348243355751,0.4862719178199768,0.7970575094223022,-0.024581795558333397,0.4661429524421692,0.7803174257278442,-0.06682392954826355,0.5122559070587158,0.7997087240219116,-0.07177835702896118,0.5458232164382935,0.8143249154090881,-0.06059953570365906,0.4908064305782318,0.8435465693473816,-0.029688213020563126,0.4764675796031952,0.8239902853965759,-0.0623941645026207,0.5107441544532776,0.8353331685066223,-0.06050965189933777,0.5368232727050781,0.8463560342788696,-0.049632832407951355
0.5914304256439209,0.8688654899597168,3.3522283615639026e-07,0.596388041973114,0.8017024397850037,-0.03127280995249748,0.5641883611679077,0.7407413125038147,-0.04188835620880127,0.5149304866790771,0.7326892614364624,-0.05055755749344826,0.4741688072681427,0.7375122904777527,-0.057303935289382935,0.5061769485473633,0.709566593170166,-0.022437121719121933,0.4482520520687103,0.6720777750015259,-0.04443776607513428,0.4097277820110321,0.6594805121421814,-0.0565948411822319,0.3753325343132019,0.6501457095146179,-0.06214765086770058,0.4896671772003174,0.7511841654777527,-0.021768679842352867,0.4264863133430481,0.7104316353797913,-0.048687893897295,0.3830447196960449,0.6883796453475952,-0.0623646043241024,0.34694743156433105,0.6707355976104736,-0.0658331885933876,0.4866708219051361,0.7967003583908081,-0.024896761402487755,0.4661746621131897,0.780484139919281,-0.06722769141197205,0.512428343296051,0.8000108003616333,-0.07206893712282181,0.5461711883544922,0.8148204684257507,-0.06071524694561958,0.49121400713920593,0.8431412577629089,-0.02979522943496704,0.4766722023487091,0.8237991333007812,-0.06243305280804634,0.5107378363609314,0.8352173566818237,-0.0603899285197258,0.5365195870399475,0.8462131023406982,-0.049366164952516556
0.5915787816047668,0.868904173374176,3.3512105801492e-07,0.5964637398719788,0.801827609539032,-0.03125912696123123,0.5641058087348938,0.7407466173171997,-0.04183797538280487,0.5147524476051331,0.7326338887214661,-0.05045342445373535,0.47387614846229553,0.7375873923301697,-0.057138409465551376,0.5063755512237549,0.7095839977264404,-0.02245033159852028,0.448455810546875,0.6720625162124634,-0.044395264238119125,0.40991541743278503,0.6594734191894531,-0.056499481201171875,0.3754565417766571,0.6501121520996094,-0.06203506141901016,0.4897978901863098,0.7511855363845825,-0.021768705919384956,0.42661356925964355,0.7104252576828003,-0.04866103082895279,0.38316285610198975,0.6883226037025452,-0.062312811613082886,0.3470116853713989,0.6706289052963257,-0.06577907502651215,0.4867396056652069,0.796683132648468,-0.0248727910220623,0.4661432206630707,0.780505359172821,-0.06718210875988007,0.5124407410621643,0.8000245690345764,-0.07200203835964203,0.5461814999580383,0.8148348331451416,-0.06064711511135101,0.4912361204624176,0.8430804014205933,-0.02974572591483593,0.4767409563064575,0.8237088322639465,-0.06238143891096115,0.5108245015144348,0.8351429104804993,-0.06034599989652634,0.5365893840789795,0.8461157083511353,-0.04933811351656914
0.5912501811981201,0.8689003586769104,3.469462228622433e-07,0.5970366597175598,0.8024653792381287,-0.030950943008065224,0.5651292204856873,0.7418327927589417,-0.04127288609743118,0.5172532200813293,0.7331466674804688,-0.04985082522034645,0.47760167717933655,0.7388297915458679,-0.05657576024532318,0.5041818618774414,0.7123554348945618,-0.022249558940529823,0.446341335773468,0.6753084659576416,-0.04358593747019768,0.40855807065963745,0.6608645915985107,-0.055332932621240616,0.3747149705886841,0.6492494940757751,-0.06094355881214142,0.48819947242736816,0.7534873485565186,-0.02188720367848873,0.42570874094963074,0.7127930521965027,-0.04856434091925621,0.3825022280216217,0.6907727122306824,-0.06243583932518959,0.34659343957901,0.6737631559371948,-0.06621958315372467,0.4856779873371124,0.7988800406455994,-0.025232980027794838,0.465259313583374,0.7826456427574158,-0.06737729907035828,0.5113804936408997,0.8010919094085693,-0.0727737620472908,0.5449628829956055,0.8152338862419128,-0.062021367251873016,0.4907921254634857,0.8451955318450928,-0.030377494171261787,0.47773659229278564,0.8275039196014404,-0.06363742053508759,0.5123944282531738,0.8382769823074341,-0.06269571185112,0.538561224937439,0.8489019870758057,-0.05248622968792915
0.5904102325439453,0.868650496006012,3.5717886248676223e-07,0.5964136719703674,0.8019072413444519,-0.030999653041362762,0.5645855665206909,0.7416104674339294,-0.041142091155052185,0.516156017780304,0.7331698536872864,-0.04937561973929405,0.47630226612091064,0.7393181324005127,-0.05569658800959587,0.5050285458564758,0.7112832069396973,-0.022220103070139885,0.44735366106033325,0.6743982434272766,-0.043285071849823,0.4090483784675598,0.660606324672699,-0.05460591986775398,0.3750878870487213,0.6495062708854675,-0.05980010703206062,0.4888271987438202,0.7528329491615295,-0.021451499313116074,0.4250069856643677,0.7123537063598633,-0.0477895550429821,0.3816969096660614,0.6896750926971436,-0.06107163429260254,0.34665971994400024,0.6718831062316895,-0.06428764760494232,0.4861975908279419,0.7982819080352783,-0.02438104711472988,0.4661403298377991,0.7827501893043518,-0.06657975912094116,0.5117821097373962,0.8008905649185181,-0.07195865362882614,0.5453786849975586,0.8151640295982361,-0.060930848121643066,0.4911676049232483,0.8445844650268555,-0.029023105278611183,0.4782806932926178,0.8267446160316467,-0.0623040609061718,0.5129287838935852,0.838212251663208,-0.06127271056175232,0.5390429496765137,0.8493472933769226,-0.05082966759800911
0.5910178422927856,0.8684957027435303,3.522236227126996e-07,0.5968911051750183,0.8023668527603149,-0.030937334522604942,0.5648894309997559,0.7420093417167664,-0.04115276783704758,0.5169704556465149,0.7330293655395508,-0.0495457723736763,0.47716033458709717,0.7395186424255371,-0.05608625337481499,0.504798948764801,0.7116056084632874,-0.022143162786960602,0.44661933183670044,0.6748514175415039,-0.04324827715754509,0.40829741954803467,0.6605713963508606,-0.0547669343650341,0.37446141242980957,0.6490626931190491,-0.06013946980237961,0.4886690080165863,0.7527409791946411,-0.02150014229118824,0.42571157217025757,0.7126654982566833,-0.04793237894773483,0.38221022486686707,0.6906033754348755,-0.061516083776950836,0.34670552611351013,0.6734041571617126,-0.06498338282108307,0.48604056239128113,0.7981874346733093,-0.024539891630411148,0.4656292796134949,0.7827509045600891,-0.06658300757408142,0.5112712979316711,0.8015624284744263,-0.07199855893850327,0.5448697805404663,0.8159874081611633,-0.06112402677536011,0.49106621742248535,0.8446958065032959,-0.029326753690838814,0.47784072160720825,0.8273541331291199,-0.06252896785736084,0.5123874545097351,0.8386672735214233,-0.06152625381946564,0.5386744737625122,0.8494632840156555,-0.05115344002842903
0.5907225012779236,0.866563081741333,3.631730862707627e-07,0.5956843495368958,0.800816535949707,-0.031920209527015686,0.5620879530906677,0.7417727708816528,-0.042285334318876266,0.5142937302589417,0.7334281206130981,-0.05048166215419769,0.4743196368217468,0.7371656894683838,-0.0566253624856472,0.5031086206436157,0.7111085057258606,-0.02207471989095211,0.4443039000034332,0.6742632389068604,-0.043352074921131134,0.40699607133865356,0.6601375341415405,-0.054731037467718124,0.3735370635986328,0.6497664451599121,-0.05975664407014847,0.4875439405441284,0.7517244219779968,-0.02081303484737873,0.42306703329086304,0.7106778621673584,-0.046992506831884384,0.3807128071784973,0.6883918046951294,-0.05987190082669258,0.3460293412208557,0.6718628406524658,-0.06252922117710114,0.48522236943244934,0.7968405485153198,-0.02354470267891884,0.46485161781311035,0.7817834615707397,-0.06564407795667648,0.5103655457496643,0.799011766910553,-0.07116802781820297,0.5433614253997803,0.8123264312744141,-0.06014712154865265,0.49023160338401794,0.8428787589073181,-0.028061574324965477,0.47747892141342163,0.8255046010017395,-0.061450567096471786,0.5126018524169922,0.8368948698043823,-0.06054746359586716,0.5386562943458557,0.8478346467018127,-0.05011221393942833
0.590834379196167,0.8665141463279724,3.6669527503363497e-07,0.5958995819091797,0.8009436130523682,-0.03230859711766243,0.5622175931930542,0.742421567440033,-0.04275059327483177,0.5142434239387512,0.7338157296180725,-0.050912052392959595,0.4742702841758728,0.7371082901954651,-0.05691928789019585,0.5033637285232544,0.7114096879959106,-0.022199274972081184,0.4451550543308258,0.6744247674942017,-0.04358939081430435,0.40785494446754456,0.6604655981063843,-0.05498608946800232,0.37433382868766785,0.6498908400535583,-0.06003197655081749,0.48759520053863525,0.7516411542892456,-0.020672932267189026,0.4226362705230713,0.7107434868812561,-0.04703269526362419,0.38021141290664673,0.6880829334259033,-0.06001192703843117,0.3455847501754761,0.6707881689071655,-0.06269633024930954,0.48515570163726807,0.7964248657226562,-0.02315053716301918,0.46461760997772217,0.7813840508460999,-0.0656316801905632,0.5101600289344788,0.7989152073860168,-0.07117078453302383,0.5432761311531067,0.8126475214958191,-0.06001127511262894,0.4902220666408539,0.8421585559844971,-0.027430156245827675,0.47757676243782043,0.8244961500167847,-0.06121334061026573,0.5127959251403809,0.8364028930664062,-0.06037978455424309,0.5389891266822815,0.8478182554244995,-0.049860719591379166
0.591135561466217,0.8692689538002014,3.5319925473231706e-07,0.5971468687057495,0.8031572699546814,-0.03195677325129509,0.5646272301673889,0.7439063191413879,-0.04283788427710533,0.5151325464248657,0.7337430119514465,-0.05154533311724663,0.4742961823940277,0.7370110750198364,-0.05815168842673302,0.5070077776908875,0.711833119392395,-0.023650582879781723,0.4485907256603241,0.6739113330841064,-0.04583883658051491,0.41006654500961304,0.6602813005447388,-0.05770815536379814,0.3758571445941925,0.6492302417755127,-0.06314118951559067,0.4904923439025879,0.7529889941215515,-0.022424452006816864,0.42560461163520813,0.7120006680488586,-0.05000592768192291,0.38239312171936035,0.689061164855957,-0.06362834572792053,0.34744659066200256,0.6702901124954224,-0.06686369329690933,0.48711615800857544,0.7980117797851562,-0.024941613897681236,0.4657503664493561,0.7814030647277832,-0.06841001659631729,0.5118513703346252,0.7997766733169556,-0.07359111309051514,0.54591965675354,0.8137640953063965,-0.06216676905751228,0.4914654493331909,0.8440136909484863,-0.029222019016742706,0.4791850447654724,0.8253800868988037,-0.0640244334936142,0.5148119926452637,0.8376379013061523,-0.0632808730006218,0.5413942337036133,0.8489121198654175,-0.05266352742910385
0.5907445549964905,0.8682441115379333,3.5222657857048034e-07,0.5963708758354187,0.80213862657547,-0.03159501776099205,0.5639480352401733,0.7430122494697571,-0.04242852330207825,0.515480637550354,0.7335506081581116,-0.051226042211055756,0.47519710659980774,0.7368042469024658,-0.05803766846656799,0.5059928894042969,0.7116110324859619,-0.023388352245092392,0.447383314371109,0.6737499237060547,-0.045538682490587234,0.4094253182411194,0.6597121357917786,-0.05759761109948158,0.37560543417930603,0.6491202712059021,-0.06311287730932236,0.4898807108402252,0.7528973817825317,-0.022455215454101562,0.42618173360824585,0.711746335029602,-0.04981882497668266,0.38302168250083923,0.6894547343254089,-0.06334885954856873,0.34758052229881287,0.6717155575752258,-0.06656947731971741,0.4866257607936859,0.7982358336448669,-0.025347257032990456,0.46580880880355835,0.7813743948936462,-0.0683990940451622,0.5117732882499695,0.8000059127807617,-0.0736851617693901,0.5453415513038635,0.8141577839851379,-0.06246205046772957,0.4906643331050873,0.8445703387260437,-0.03000311367213726,0.47834041714668274,0.8255290985107422,-0.06437893956899643,0.5139488577842712,0.8372493982315063,-0.06361456215381622,0.540488600730896,0.8482890129089355,-0.05310538783669472
0.5908671617507935,0.8686083555221558,3.4970869933204085e-07,0.5967127084732056,0.8021035194396973,-0.03141695261001587,0.5639686584472656,0.7427673935890198,-0.04188696667551994,0.514829695224762,0.7334896922111511,-0.050342317670583725,0.47443535923957825,0.737151026725769,-0.056769613176584244,0.5060286521911621,0.7114978432655334,-0.022395411506295204,0.44713348150253296,0.6740151643753052,-0.04408155754208565,0.4089788496494293,0.6601008176803589,-0.05583159625530243,0.37502142786979675,0.6491859555244446,-0.06123208999633789,0.48993268609046936,0.7525975704193115,-0.0213254876434803,0.4258231520652771,0.7116680145263672,-0.048243746161460876,0.38279467821121216,0.6892375349998474,-0.061624251306056976,0.3478972017765045,0.6713352203369141,-0.06477083265781403,0.48677441477775574,0.7978254556655884,-0.02407672256231308,0.46538782119750977,0.7812343239784241,-0.0668879896402359,0.5112545490264893,0.7996575832366943,-0.07220720499753952,0.545129656791687,0.8136737942695618,-0.061028532683849335,0.49105191230773926,0.8441724181175232,-0.02857523038983345,0.47877222299575806,0.825675904750824,-0.0630820095539093,0.5145968794822693,0.8377299904823303,-0.06254162639379501,0.5414778590202332,0.8488755226135254,-0.05213756859302521
0.5911331176757812,0.8680863380432129,3.620644974944298e-07,0.5965811610221863,0.8003936409950256,-0.032853733748197556,0.5643267631530762,0.7392861843109131,-0.043905921280384064,0.5155120491981506,0.7311905026435852,-0.052762530744075775,0.4746246635913849,0.7368013262748718,-0.0596175491809845,0.5049313306808472,0.7103996276855469,-0.023074472323060036,0.44769489765167236,0.6739829778671265,-0.045236315578222275,0.4098987579345703,0.6599394679069519,-0.0575186051428318,0.37605762481689453,0.6484206914901733,-0.06329204887151718,0.4888061285018921,0.7516053915023804,-0.021640585735440254,0.4262310862541199,0.7111572623252869,-0.048986367881298065,0.383420467376709,0.6882227659225464,-0.06270978599786758,0.34870246052742004,0.6705263257026672,-0.06596359610557556,0.48557910323143005,0.7968500256538391,-0.024252649396657944,0.466228187084198,0.7806837558746338,-0.06772428750991821,0.511959433555603,0.7991032004356384,-0.07351313531398773,0.5454838871955872,0.8139113187789917,-0.062398746609687805,0.48978132009506226,0.8429983854293823,-0.028741611167788506,0.47962701320648193,0.824525773525238,-0.06344018876552582,0.5151823163032532,0.8377314805984497,-0.06309022754430771,0.5415184497833252,0.850712239742279,-0.05277223512530327
0.5919021368026733,0.867294430732727,3.656824674180825e-07,0.596798300743103,0.8001598119735718,-0.03243182972073555,0.5641661882400513,0.7388570308685303,-0.043102823197841644,0.5158789753913879,0.7302361726760864,-0.05162966623902321,0.4754255712032318,0.7364418506622314,-0.05825702100992203,0.5049116611480713,0.7109790444374084,-0.023019660264253616,0.44740185141563416,0.6741898059844971,-0.04472727328538895,0.40940189361572266,0.659764289855957,-0.056635353714227676,0.375555157661438,0.6481783986091614,-0.0621299222111702,0.48890072107315063,0.7520890831947327,-0.021685544401407242,0.4265976548194885,0.7114005088806152,-0.04861024394631386,0.38382992148399353,0.6882199048995972,-0.062033578753471375,0.34899792075157166,0.6703905463218689,-0.06513942033052444,0.48584046959877014,0.7972549796104431,-0.024314304813742638,0.4662647545337677,0.7804593443870544,-0.06721948087215424,0.5120477080345154,0.7993527054786682,-0.07270529121160507,0.5455461740493774,0.8143952488899231,-0.06149686500430107,0.49022915959358215,0.8434021472930908,-0.028795713558793068,0.47900861501693726,0.8241653442382812,-0.06271588802337646,0.514030933380127,0.8368382453918457,-0.061945874243974686,0.5401164293289185,0.8493776917457581,-0.05149415135383606
0.5915355682373047,0.8674967288970947,3.6958184068680566e-07,0.5965818166732788,0.7999982833862305,-0.03213716298341751,0.5639333724975586,0.7387199997901917,-0.042488232254981995,0.5154792070388794,0.7303510904312134,-0.05074377357959747,0.47525665163993835,0.7364733815193176,-0.05707943066954613,0.5049511194229126,0.7109447717666626,-0.022260617464780807,0.44764235615730286,0.6742796301841736,-0.04364742338657379,0.4097738265991211,0.6599360704421997,-0.05527588352560997,0.3760625720024109,0.6482179760932922,-0.06061812490224838,0.4890357553958893,0.752118706703186,-0.020946137607097626,0.4265008568763733,0.711482584476471,-0.047652676701545715,0.38388723134994507,0.688053548336029,-0.06101192906498909,0.34921950101852417,0.6696723103523254,-0.06411164999008179,0.4861176013946533,0.7972348928451538,-0.02357177995145321,0.46637800335884094,0.7805073261260986,-0.06641639024019241,0.5120255947113037,0.7991443872451782,-0.07192328572273254,0.5454205274581909,0.8140436410903931,-0.060726702213287354,0.4906772971153259,0.8433433771133423,-0.028012849390506744,0.479610800743103,0.8241628408432007,-0.06200545281171799,0.5147743821144104,0.8368329405784607,-0.0613272488117218,0.5408757925033569,0.8493734002113342,-0.05092296749353409
0.5927123427391052,0.8648386001586914,3.648516155863035e-07,0.5965520739555359,0.7989248037338257,-0.03159656375646591,0.562879204750061,0.7395193576812744,-0.042254410684108734,0.5150311589241028,0.7321669459342957,-0.050742149353027344,0.47469666600227356,0.7385456562042236,-0.05721171200275421,0.5053711533546448,0.7095913887023926,-0.023601477965712547,0.4473720192909241,0.6737128496170044,-0.04556428641080856,0.4088742733001709,0.6605850458145142,-0.0573473758995533,0.37456214427948,0.6501827239990234,-0.06275228410959244,0.4893614649772644,0.7508329749107361,-0.022660939022898674,0.4263923764228821,0.7110928297042847,-0.04985392838716507,0.38445788621902466,0.6880682706832886,-0.06316769123077393,0.35002219676971436,0.6695024967193604,-0.06617958843708038,0.4859635829925537,0.7964248061180115,-0.02552289143204689,0.46679142117500305,0.7808693051338196,-0.06866338849067688,0.5133317112922668,0.7982996702194214,-0.07404408603906631,0.5467624664306641,0.8119874000549316,-0.06284983456134796,0.489957720041275,0.842676043510437,-0.030125055462121964,0.4792068302631378,0.8236303329467773,-0.0642455443739891,0.5148415565490723,0.8354801535606384,-0.06334349513053894,0.5407743453979492,0.8471189141273499,-0.05284097045660019
0.592404842376709,0.8651717305183411,3.7215906445453584e-07,0.5964864492416382,0.7994310855865479,-0.03238562494516373,0.5632147789001465,0.7403813004493713,-0.04371662065386772,0.5149105787277222,0.7330054640769958,-0.052668169140815735,0.4736841022968292,0.7387300133705139,-0.05953244864940643,0.5059938430786133,0.7091736197471619,-0.02477872185409069,0.4483162462711334,0.6735628843307495,-0.046937406063079834,0.4095982015132904,0.6608035564422607,-0.058796729892492294,0.37511515617370605,0.6502912044525146,-0.06430058181285858,0.4896620512008667,0.7507175207138062,-0.02350243553519249,0.425971657037735,0.7112116813659668,-0.05093955993652344,0.38407617807388306,0.6878982782363892,-0.06419128179550171,0.3499492108821869,0.6687474846839905,-0.06718645244836807,0.48607105016708374,0.7965685129165649,-0.026026999577879906,0.4663175344467163,0.7810547947883606,-0.06956440210342407,0.5131758451461792,0.798337996006012,-0.0748138278722763,0.5468938946723938,0.8119759559631348,-0.06347909569740295,0.49005410075187683,0.8428303599357605,-0.03031456284224987,0.4790482819080353,0.8237566947937012,-0.06483206152915955,0.5150027871131897,0.8358225226402283,-0.06396225839853287,0.5410560965538025,0.8475341200828552,-0.053434163331985474
0.5927150249481201,0.86481773853302,3.7137226627237396e-07,0.5967060923576355,0.7991726994514465,-0.032195866107940674,0.5629410743713379,0.7399803400039673,-0.0432983860373497,0.5147314667701721,0.7329224944114685,-0.05207570642232895,0.47390615940093994,0.7388368844985962,-0.05878286436200142,0.5055754780769348,0.7095618844032288,-0.024311097338795662,0.44792798161506653,0.6737061738967896,-0.04648533836007118,0.40925925970077515,0.6604539752006531,-0.05842510610818863,0.37491869926452637,0.6498972177505493,-0.06395737826824188,0.48954734206199646,0.7510420083999634,-0.02312086708843708,0.42607206106185913,0.7114244699478149,-0.05059561878442764,0.3841729164123535,0.6881283521652222,-0.0639180839061737,0.34993863105773926,0.6691048741340637,-0.06693241745233536,0.486092209815979,0.796823263168335,-0.025761667639017105,0.46615368127822876,0.7806307673454285,-0.06927455961704254,0.5129792094230652,0.7980155944824219,-0.0745336189866066,0.5465452671051025,0.8118172287940979,-0.06320422887802124,0.49005597829818726,0.8431899547576904,-0.030158691108226776,0.4789261221885681,0.8235976696014404,-0.0645710751414299,0.5148015022277832,0.8356450796127319,-0.06366217136383057,0.5406433343887329,0.8474596738815308,-0.05312269553542137
0.5900319814682007,0.8642066121101379,3.612807688568864e-07,0.5941087007522583,0.7995498776435852,-0.0315503291785717,0.5626940131187439,0.7410745024681091,-0.042227089405059814,0.5154385566711426,0.7327117323875427,-0.050914864987134933,0.47616544365882874,0.7380469441413879,-0.05764303356409073,0.5035706162452698,0.7112835049629211,-0.02240709774196148,0.44615212082862854,0.6756085157394409,-0.0438554473221302,0.4078550338745117,0.662528932094574,-0.05548560991883278,0.3741290867328644,0.6524507999420166,-0.06071363016963005,0.48819470405578613,0.752281129360199,-0.021316582337021828,0.42470699548721313,0.7128410339355469,-0.04783269390463829,0.3818805515766144,0.6908486485481262,-0.06103532761335373,0.34706228971481323,0.6733946204185486,-0.06401585787534714,0.4857325553894043,0.7971076965332031,-0.024036673828959465,0.46483153104782104,0.7809873223304749,-0.06636989861726761,0.51030033826828,0.7989301681518555,-0.07152513414621353,0.5437789559364319,0.812696635723114,-0.06023257598280907,0.49051281809806824,0.842903196811676,-0.028538264334201813,0.47723257541656494,0.8236161470413208,-0.0619109570980072,0.5116560459136963,0.8344353437423706,-0.06079002469778061,0.537514328956604,0.8449792265892029,-0.05016900226473808
0.5519824028015137,0.7891917824745178,3.6375104173203e-07,0.5537337064743042,0.715848445892334,-0.02958166040480137,0.5148577690124512,0.6567893028259277,-0.038718532770872116,0.46378040313720703,0.6495862007141113,-0.04694180190563202,0.4233441948890686,0.6609621047973633,-0.053597480058670044,0.45403483510017395,0.6279058456420898,-0.015205278061330318,0.3964977562427521,0.5947149395942688,-0.036639973521232605,0.35605698823928833,0.5837326645851135,-0.050429873168468475,0.3209989070892334,0.5748586654663086,-0.05778922885656357,0.4384208917617798,0.670850932598114,-0.015154642052948475,0.3749588429927826,0.633764386177063,-0.04134095460176468,0.3317186236381531,0.6119707226753235,-0.055841583758592606,0.296762079000473,0.592980682849884,-0.06039944663643837,0.43673425912857056,0.718735933303833,-0.019196072593331337,0.4098994731903076,0.7006537914276123,-0.061226844787597656,0.45574161410331726,0.7160444259643555,-0.06607404351234436,0.49187636375427246,0.7294325828552246,-0.055120181292295456,0.4445647895336151,0.7684133648872375,-0.025044435635209084,0.42750728130340576,0.7489712238311768,-0.05863740295171738,0.4621017575263977,0.7563026547431946,-0.05723101273179054,0.4901384115219116,0.7653960585594177,-0.04661814123392105
0.5428879261016846,0.7731161117553711,4.516936087384238e-07,0.546066403388977,0.7067894339561462,-0.03168140724301338,0.5071525573730469,0.6464689373970032,-0.04226536303758621,0.4557921588420868,0.6339383721351624,-0.051488783210515976,0.4145455062389374,0.643972635269165,-0.058903247117996216,0.44266557693481445,0.6187106370925903,-0.021797100082039833,0.37927985191345215,0.5783021450042725,-0.04540906101465225,0.33702531456947327,0.5617901086807251,-0.05882078781723976,0.3001711964607239,0.5507765412330627,-0.06547567248344421,0.4258814752101898,0.6606053113937378,-0.021793730556964874,0.35730770230293274,0.6226357817649841,-0.05194762349128723,0.3098960518836975,0.602551281452179,-0.06745512783527374,0.27095556259155273,0.586723804473877,-0.07164667546749115,0.4234233796596527,0.7081415057182312,-0.025666004046797752,0.39854881167411804,0.6916505098342896,-0.0712255910038948,0.44639772176742554,0.7075046300888062,-0.07609260082244873,0.4824105501174927,0.7211006283760071,-0.06389342993497849,0.4299910068511963,0.7570087313652039,-0.03146519139409065,0.41561123728752136,0.7394227981567383,-0.06736978888511658,0.4505305290222168,0.7466755509376526,-0.0663042813539505,0.47740766406059265,0.755629301071167,-0.05507611110806465
0.5441651344299316,0.768549919128418,4.6862226099619875e-07,0.5458322763442993,0.6976799964904785,-0.036146532744169235,0.5016047358512878,0.6346333622932434,-0.046937182545661926,0.44724124670028687,0.6264159083366394,-0.05532568320631981,0.40271487832069397,0.6374311447143555,-0.06156522408127785,0.4367423355579376,0.604191243648529,-0.022680848836898804,0.36934855580329895,0.5689929127693176,-0.04640321061015129,0.32659199833869934,0.555282711982727,-0.05991554260253906,0.28915613889694214,0.5464763641357422,-0.06627986580133438,0.41860583424568176,0.6498976945877075,-0.02093765325844288,0.3437589108943939,0.615235447883606,-0.052001357078552246,0.29253339767456055,0.5956532955169678,-0.06849061697721481,0.2506004571914673,0.5799368619918823,-0.07262904942035675,0.41671502590179443,0.7020172476768494,-0.023721542209386826,0.38861340284347534,0.6866499781608582,-0.07351449877023697,0.44319599866867065,0.7056228518486023,-0.07995495200157166,0.4830067455768585,0.7193190455436707,-0.0668327733874321,0.42444202303886414,0.7550098896026611,-0.02846323512494564,0.40594595670700073,0.7363604307174683,-0.06818033009767532,0.4449899196624756,0.744442880153656,-0.06784743815660477,0.4741086959838867,0.7518777251243591,-0.05604676902294159
0.5461428165435791,0.7719841003417969,4.26517004825655e-07,0.5462329387664795,0.6988060474395752,-0.03640761971473694,0.5012105107307434,0.6367629766464233,-0.04745316132903099,0.44568005204200745,0.6299471855163574,-0.056237492710351944,0.39892280101776123,0.6402544379234314,-0.06280318647623062,0.4376789629459381,0.604945182800293,-0.021645158529281616,0.3708663582801819,0.569846510887146,-0.04500624164938927,0.3280676603317261,0.5570789575576782,-0.05849916860461235,0.2901080250740051,0.547589123249054,-0.06522726267576218,0.41960954666137695,0.6506413221359253,-0.020157599821686745,0.3452089726924896,0.6130239367485046,-0.051050782203674316,0.29493793845176697,0.5939902067184448,-0.06747663766145706,0.25270211696624756,0.5787637233734131,-0.0718386173248291,0.41765350103378296,0.7027561068534851,-0.023261025547981262,0.38858339190483093,0.6833057403564453,-0.07323780655860901,0.4443882703781128,0.7035610675811768,-0.07933592796325684,0.4842609763145447,0.718863308429718,-0.06624975055456161,0.4251170754432678,0.7554992437362671,-0.028400452807545662,0.4069928824901581,0.734283983707428,-0.06842159479856491,0.44654130935668945,0.7434951663017273,-0.06790295243263245,0.47581103444099426,0.7524722814559937,-0.056179992854595184
0.5458771586418152,0.7717056274414062,4.223608698339376e-07,0.5450759530067444,0.697117805480957,-0.03635445237159729,0.5002729892730713,0.6354636549949646,-0.0470651350915432,0.4449850618839264,0.628703236579895,-0.055760882794857025,0.39859193563461304,0.6380239129066467,-0.062259361147880554,0.43552684783935547,0.6034896969795227,-0.01996385119855404,0.36954304575920105,0.5685061812400818,-0.043309908360242844,0.32743918895721436,0.5553483366966248,-0.05721273273229599,0.28995221853256226,0.5460751056671143,-0.0643082782626152,0.41793206334114075,0.6496208906173706,-0.018548576161265373,0.3443153500556946,0.6126145720481873,-0.04964878037571907,0.2946263253688812,0.5941585898399353,-0.06648744642734528,0.253057062625885,0.5800116062164307,-0.07110118865966797,0.41655731201171875,0.7020726799964905,-0.021961454302072525,0.38773131370544434,0.684726357460022,-0.07204573601484299,0.4433324337005615,0.7037028670310974,-0.07903067022562027,0.48349258303642273,0.7181937098503113,-0.06653036922216415,0.42435792088508606,0.7552525997161865,-0.027492614462971687,0.4070326089859009,0.7355462312698364,-0.06788020581007004,0.44598618149757385,0.7432366609573364,-0.06857384741306305,0.47485625743865967,0.7508707642555237,-0.05773000046610832
0.5320977568626404,0.7758457660675049,4.222259804009809e-07,0.5281429886817932,0.6957412958145142,-0.04137055575847626,0.47984981536865234,0.6331965327262878,-0.05502796918153763,0.42011377215385437,0.63091641664505,-0.0657869353890419,0.37054529786109924,0.6415925621986389,-0.07404886931180954,0.4106372594833374,0.5965876579284668,-0.025996435433626175,0.3408922553062439,0.5661349892616272,-0.054947130382061005,0.2950071394443512,0.5581936836242676,-0.07235734164714813,0.25341248512268066,0.5536512732505798,-0.08096316456794739,0.39279937744140625,0.6465388536453247,-0.023530125617980957,0.3154548108577728,0.6120927333831787,-0.058873265981674194,0.2606527805328369,0.5953053832054138,-0.0776171013712883,0.21485982835292816,0.5819051861763,-0.08274710178375244,0.3923311233520508,0.7009562253952026,-0.026620499789714813,0.3655865490436554,0.6925303339958191,-0.08158759027719498,0.42241838574409485,0.7107389569282532,-0.09017544984817505,0.4648185670375824,0.7227922677993774,-0.0772465318441391,0.4019038677215576,0.7547881007194519,-0.03216083347797394,0.3845481872558594,0.7418959736824036,-0.07563317567110062,0.42560574412345886,0.7513821721076965,-0.07656455039978027,0.45711749792099,0.7577859163284302,-0.06489481031894684
0.5369770526885986,0.7251493334770203,4.384858129924396e-07,0.5354494452476501,0.6435146331787109,-0.03802094981074333,0.48926588892936707,0.5809117555618286,-0.05057832971215248,0.4334496259689331,0.5711970329284668,-0.061259619891643524,0.38449516892433167,0.577948808670044,-0.06963095813989639,0.41869404911994934,0.5470000505447388,-0.022882195189595222,0.3530336618423462,0.5098363757133484,-0.04989766329526901,0.309404194355011,0.49767887592315674,-0.06610400974750519,0.2697386145591736,0.48786455392837524,-0.07399285584688187,0.4004761874675751,0.5951677560806274,-0.021453039720654488,0.32438361644744873,0.5572717785835266,-0.05467577651143074,0.27186909317970276,0.5353553295135498,-0.07175026834011078,0.229362353682518,0.5162383317947388,-0.07611597329378128,0.39844682812690735,0.6482172608375549,-0.02524467185139656,0.3716144561767578,0.6272989511489868,-0.07718023657798767,0.4282744526863098,0.646913468837738,-0.08389786630868912,0.47128424048423767,0.6625301241874695,-0.07048274576663971,0.4067283272743225,0.7003273963928223,-0.031358055770397186,0.3918081820011139,0.6804722547531128,-0.07219455391168594,0.43297529220581055,0.6906894445419312,-0.07206497341394424,0.4649890065193176,0.700163722038269,-0.06010238453745842
0.5387793183326721,0.7269371747970581,4.3379847625146795e-07,0.5410207509994507,0.6479694247245789,-0.042528167366981506,0.49710315465927124,0.5811424255371094,-0.05711774155497551,0.43903374671936035,0.5686699748039246,-0.06838599592447281,0.38750407099723816,0.5785381197929382,-0.07740025967359543,0.4263373613357544,0.5417694449424744,-0.0304141566157341,0.3565637767314911,0.5048556923866272,-0.059071134775877,0.30994489789009094,0.4941910207271576,-0.07577948272228241,0.26849424839019775,0.4855981469154358,-0.08397110551595688,0.4068962633609772,0.5905349254608154,-0.02700156159698963,0.3270277976989746,0.5532355904579163,-0.062380172312259674,0.27321845293045044,0.5316771268844604,-0.08002425730228424,0.23039186000823975,0.5131729245185852,-0.08422069251537323,0.4048749804496765,0.6445367932319641,-0.028762277215719223,0.37581226229667664,0.6300838589668274,-0.08375668525695801,0.4342372417449951,0.6505327820777893,-0.09134496003389359,0.47843214869499207,0.6650685667991638,-0.07775221019983292,0.41326093673706055,0.6971995234489441,-0.03290336951613426,0.3983728587627411,0.6840392351150513,-0.0771949365735054,0.440266877412796,0.6965175867080688,-0.07833585888147354,0.47164201736450195,0.7053079605102539,-0.06667398661375046
0.5393954515457153,0.7252399921417236,4.2801235622391687e-07,0.5409567952156067,0.6465686559677124,-0.03909061849117279,0.49814194440841675,0.5804134607315063,-0.05186764523386955,0.4421326816082001,0.5688263177871704,-0.06270833313465118,0.39257416129112244,0.5758892893791199,-0.0713224932551384,0.421554297208786,0.54496169090271,-0.022649964317679405,0.3520205020904541,0.5064949989318848,-0.04949471354484558,0.3062591850757599,0.49363815784454346,-0.06565625965595245,0.2663809061050415,0.4834762215614319,-0.07340968400239944,0.40420663356781006,0.592688798904419,-0.020918535068631172,0.32768139243125916,0.5529739856719971,-0.05423218756914139,0.2742041051387787,0.5314882397651672,-0.07202129065990448,0.23174528777599335,0.5144758224487305,-0.07648013532161713,0.4037153422832489,0.6457303166389465,-0.02452993020415306,0.37689563632011414,0.6269112825393677,-0.0769626647233963,0.4330066740512848,0.6479806303977966,-0.08472514152526855,0.47579312324523926,0.6637197732925415,-0.07168058305978775,0.4129934310913086,0.6989831328392029,-0.03048076666891575,0.3969170153141022,0.6823108792304993,-0.07228465378284454,0.43752551078796387,0.693244457244873,-0.07292622327804565,0.4690163731575012,0.7022796273231506,-0.0612049363553524
0.5430871248245239,0.7267282009124756,4.359698664302414e-07,0.5431745648384094,0.6475979685783386,-0.04385075718164444,0.497470885515213,0.5822314023971558,-0.0585440918803215,0.4377928078174591,0.5731561779975891,-0.06992858648300171,0.38612908124923706,0.5772944688796997,-0.07864239811897278,0.42865651845932007,0.5431286096572876,-0.027605975046753883,0.3609515428543091,0.5047138333320618,-0.05763765424489975,0.3146221935749054,0.49285995960235596,-0.07532639056444168,0.27301955223083496,0.483279824256897,-0.08406488597393036,0.409012109041214,0.5903985500335693,-0.023865528404712677,0.3323018252849579,0.5500576496124268,-0.06052003055810928,0.280154287815094,0.5286270976066589,-0.07856588065624237,0.23890630900859833,0.5102292895317078,-0.08264470100402832,0.405823677778244,0.6427112221717834,-0.026004714891314507,0.37741073966026306,0.6266921162605286,-0.08245383948087692,0.4360819458961487,0.6502818465232849,-0.08996284008026123,0.4806799590587616,0.6657835841178894,-0.07587702572345734,0.41270652413368225,0.6949099898338318,-0.030800413340330124,0.39997202157974243,0.6831731796264648,-0.07681795209646225,0.44282305240631104,0.6974183320999146,-0.07877416908740997,0.47473230957984924,0.7060297727584839,-0.06722404807806015
0.5425525307655334,0.7240723371505737,4.4344966454445967e-07,0.5416557788848877,0.6454566717147827,-0.042655978351831436,0.49737778306007385,0.5817656517028809,-0.05754614993929863,0.4398232102394104,0.572299063205719,-0.06964818388223648,0.38880276679992676,0.5771642327308655,-0.07928711920976639,0.4260699152946472,0.5430088043212891,-0.026469415053725243,0.3598312437534332,0.5042848587036133,-0.05634474754333496,0.3149263560771942,0.4912690818309784,-0.07436197251081467,0.2744331359863281,0.48074233531951904,-0.0833587720990181,0.40724292397499084,0.5899491906166077,-0.02369840443134308,0.3318578898906708,0.5501097440719604,-0.06037948280572891,0.279915452003479,0.5289942622184753,-0.07899090647697449,0.23829498887062073,0.5115318298339844,-0.08351415395736694,0.40503591299057007,0.6423927545547485,-0.026752278208732605,0.37961986660957336,0.6266031265258789,-0.08264300227165222,0.43670618534088135,0.6495809555053711,-0.09049484878778458,0.47982922196388245,0.6654027700424194,-0.07681705802679062,0.41266387701034546,0.6946754455566406,-0.03243733197450638,0.39944928884506226,0.6825075149536133,-0.07737670093774796,0.4413571059703827,0.6955859661102295,-0.0789884477853775,0.4729531705379486,0.704355001449585,-0.0673968568444252
0.5430611371994019,0.7238218784332275,4.502713295551075e-07,0.5425788760185242,0.6450132131576538,-0.043727461248636246,0.498171865940094,0.581421434879303,-0.059110965579748154,0.4398482143878937,0.5725669860839844,-0.07129034399986267,0.3885989785194397,0.5771729350090027,-0.08091840147972107,0.42765337228775024,0.5419923663139343,-0.02832411229610443,0.36048170924186707,0.5038164854049683,-0.058460526168346405,0.31461596488952637,0.4915659725666046,-0.07638673484325409,0.2735912799835205,0.4812391400337219,-0.08525621891021729,0.40854349732398987,0.5893164277076721,-0.0248063076287508,0.33285507559776306,0.5502386093139648,-0.06159517541527748,0.28030550479888916,0.5296471118927002,-0.07980340719223022,0.23852330446243286,0.5121106505393982,-0.08399377763271332,0.4058757722377777,0.6419743299484253,-0.027117349207401276,0.38011598587036133,0.6269108653068542,-0.08336962014436722,0.4376940429210663,0.6498552560806274,-0.09102229028940201,0.481436550617218,0.6652346253395081,-0.07707234472036362,0.4130321443080902,0.6942827105522156,-0.03209604695439339,0.40042567253112793,0.6824287176132202,-0.0776260569691658,0.44298088550567627,0.695965051651001,-0.07931127399206161,0.47501882910728455,0.7046661972999573,-0.06757476180791855
0.542913019657135,0.7237332463264465,4.5355645283962076e-07,0.5454540252685547,0.6431278586387634,-0.04385886713862419,0.5037466883659363,0.5746712684631348,-0.05911451205611229,0.44520103931427,0.5654300451278687,-0.07081887871026993,0.3936225175857544,0.5758067965507507,-0.08017738908529282,0.432676762342453,0.5362932682037354,-0.03080722689628601,0.3652520477771759,0.4987386167049408,-0.05960055813193321,0.3190419673919678,0.48766496777534485,-0.07657161355018616,0.277179479598999,0.47853344678878784,-0.08520713448524475,0.4118492305278778,0.584866464138031,-0.027198510244488716,0.33483314514160156,0.5442618131637573,-0.06256575882434845,0.28242310881614685,0.5213609933853149,-0.08008164167404175,0.24062345921993256,0.5019550919532776,-0.0844280794262886,0.4085272252559662,0.6397370100021362,-0.02898772992193699,0.37979283928871155,0.6232455968856812,-0.08497459441423416,0.43892115354537964,0.646876335144043,-0.09241554141044617,0.4834182560443878,0.6638132929801941,-0.07865593582391739,0.41560012102127075,0.6944287419319153,-0.03333870321512222,0.4017144441604614,0.6800919771194458,-0.07924714684486389,0.444110631942749,0.693300187587738,-0.08099114894866943,0.4759467840194702,0.7028732299804688,-0.06962010264396667
0.5422456860542297,0.7229651212692261,4.416445733568253e-07,0.5438418388366699,0.6427568197250366,-0.03994828835129738,0.5007053017616272,0.5737295746803284,-0.052395109087228775,0.44247493147850037,0.5630099773406982,-0.06251637637615204,0.3925319015979767,0.5713876485824585,-0.07044421881437302,0.4274849593639374,0.5399714112281799,-0.02206839621067047,0.3607829809188843,0.5016399025917053,-0.048904068768024445,0.31568241119384766,0.48772963881492615,-0.06494101881980896,0.2756161689758301,0.476385235786438,-0.07276441901922226,0.40908172726631165,0.5869198441505432,-0.019829073920845985,0.3346812427043915,0.5436716675758362,-0.05371393635869026,0.2824465334415436,0.5202978253364563,-0.07128295302391052,0.24117407202720642,0.5020509362220764,-0.07521910220384598,0.4076360762119293,0.640038013458252,-0.023106781765818596,0.38090309500694275,0.6216827630996704,-0.07736934721469879,0.438090980052948,0.6461002230644226,-0.08528929948806763,0.4821533262729645,0.6637476682662964,-0.07163188606500626,0.4160194396972656,0.6941280364990234,-0.028680019080638885,0.4008772373199463,0.678318202495575,-0.07255766540765762,0.4424217939376831,0.6918836236000061,-0.07373297214508057,0.4746716618537903,0.7018371224403381,-0.06191419064998627
0.5423548221588135,0.7247210741043091,4.4816459876528825e-07,0.5448669195175171,0.64455646276474,-0.04112634062767029,0.502292275428772,0.5748468041419983,-0.05397659167647362,0.44423654675483704,0.5635254979133606,-0.06400178372859955,0.3936244249343872,0.572657585144043,-0.0717550665140152,0.4292394518852234,0.5403002500534058,-0.02383720688521862,0.3626435399055481,0.5008049011230469,-0.05039570853114128,0.31768131256103516,0.4869275689125061,-0.06601421535015106,0.2776697874069214,0.4754563868045807,-0.0734964907169342,0.4101463854312897,0.5872085094451904,-0.020757459104061127,0.33426058292388916,0.5445317029953003,-0.05387145280838013,0.28205394744873047,0.5205789804458618,-0.07055249810218811,0.24105249345302582,0.5010127425193787,-0.0740971788764,0.40804460644721985,0.6402559280395508,-0.023208012804389,0.3804936707019806,0.6204293370246887,-0.07700886577367783,0.4380543529987335,0.6449936628341675,-0.08434711396694183,0.48201245069503784,0.662915050983429,-0.07046160101890564,0.4157872498035431,0.6937462091445923,-0.02800942398607731,0.4004554748535156,0.6766617894172668,-0.0716191977262497,0.4425883889198303,0.6910801529884338,-0.07243809103965759,0.47491592168807983,0.7020711898803711,-0.06045641005039215
0.5365960597991943,0.7200381755828857,4.3614397782221204e-07,0.5395284295082092,0.6396887898445129,-0.04034799337387085,0.4976136088371277,0.5696722865104675,-0.05303559824824333,0.44217607378959656,0.5577509999275208,-0.06316129118204117,0.3936581313610077,0.5672745704650879,-0.07114885747432709,0.4248517155647278,0.5299112200737,-0.023444119840860367,0.3589943051338196,0.490879088640213,-0.050590597093105316,0.3144064247608185,0.47832417488098145,-0.06696247309446335,0.27463120222091675,0.4680681824684143,-0.07477223873138428,0.405192494392395,0.5771303772926331,-0.020510690286755562,0.32999923825263977,0.5380293130874634,-0.0542001947760582,0.2780797779560089,0.5153164267539978,-0.07131901383399963,0.23679183423519135,0.4963299632072449,-0.07517383992671967,0.401770681142807,0.6296475529670715,-0.023131810128688812,0.37454667687416077,0.6137933135032654,-0.07665828615427017,0.43121856451034546,0.6388227939605713,-0.08440251648426056,0.4747021794319153,0.6582080721855164,-0.07090254127979279,0.40760889649391174,0.6816933155059814,-0.028124671429395676,0.391682505607605,0.6670445203781128,-0.07101025432348251,0.43329477310180664,0.6824221014976501,-0.0719844326376915,0.4657089114189148,0.695233941078186,-0.06019289046525955
0.5366995930671692,0.7206004858016968,4.1171415432472713e-07,0.5396537184715271,0.6405236721038818,-0.04046276956796646,0.49785277247428894,0.5703558921813965,-0.05314716696739197,0.4398900866508484,0.5610811710357666,-0.06324096769094467,0.39065372943878174,0.5686452388763428,-0.07099272310733795,0.4263734221458435,0.5332158207893372,-0.02280598320066929,0.3595369756221771,0.49512702226638794,-0.050857674330472946,0.31454187631607056,0.48237472772598267,-0.06781279295682907,0.2741498351097107,0.4719499945640564,-0.07607480883598328,0.40686896443367004,0.5790972709655762,-0.019914697855710983,0.3321370780467987,0.536643922328949,-0.05477534234523773,0.28024929761886597,0.5130257606506348,-0.07283738255500793,0.23875512182712555,0.4940134286880493,-0.07695648074150085,0.4037320911884308,0.6302273273468018,-0.022635482251644135,0.37710878252983093,0.6129456162452698,-0.07702404260635376,0.433536171913147,0.6378362774848938,-0.08540382236242294,0.47682124376296997,0.6562482118606567,-0.0720832496881485,0.41036030650138855,0.6813490986824036,-0.027724729850888252,0.39720338582992554,0.6662343740463257,-0.07160934060811996,0.4388534128665924,0.681792140007019,-0.07330095767974854,0.47074055671691895,0.6934095621109009,-0.06181177496910095
0.5366172194480896,0.7193911075592041,4.258063484030572e-07,0.5399789810180664,0.6405803561210632,-0.0399787575006485,0.4974556267261505,0.5716902017593384,-0.052498262375593185,0.43989676237106323,0.5619974136352539,-0.06248319149017334,0.3909374475479126,0.569599449634552,-0.07024016231298447,0.425560861825943,0.5336686372756958,-0.022674033418297768,0.3589031994342804,0.49532198905944824,-0.04975838586688042,0.31424710154533386,0.48191219568252563,-0.06607171893119812,0.27457043528556824,0.4706515669822693,-0.0738849937915802,0.40619567036628723,0.5797805190086365,-0.019891096279025078,0.3322634994983673,0.5365283489227295,-0.05381375551223755,0.280430406332016,0.5129803419113159,-0.07150208950042725,0.23906494677066803,0.49465352296829224,-0.07545538991689682,0.402952641248703,0.6313029527664185,-0.02258574403822422,0.37737101316452026,0.6122748851776123,-0.07599892467260361,0.43306875228881836,0.6372119188308716,-0.08416784554719925,0.4756864905357361,0.6563190221786499,-0.0708826556801796,0.40900352597236633,0.6826164722442627,-0.0275828056037426,0.39505434036254883,0.6645610332489014,-0.0702599361538887,0.436031311750412,0.679762065410614,-0.07122363150119781,0.46764329075813293,0.6922264695167542,-0.05941537395119667
0.5318016409873962,0.7134549617767334,4.2589567783579696e-07,0.5354747176170349,0.6338834762573242,-0.04187658056616783,0.49418964982032776,0.5683434009552002,-0.05503995344042778,0.439147025346756,0.553821325302124,-0.06515160202980042,0.39061641693115234,0.5553103685379028,-0.07292091101408005,0.4252874255180359,0.52434241771698,-0.026131609454751015,0.35882559418678284,0.4831068813800812,-0.054359134286642075,0.31442737579345703,0.47039154171943665,-0.07164671272039413,0.27336686849594116,0.4622812271118164,-0.08008294552564621,0.40531253814697266,0.5692674517631531,-0.021760957315564156,0.33457714319229126,0.5256459712982178,-0.05532118305563927,0.2845063805580139,0.5027092099189758,-0.07210241258144379,0.24314343929290771,0.4851170480251312,-0.07615996897220612,0.40074658393859863,0.620774507522583,-0.023126520216464996,0.3749895691871643,0.6057825088500977,-0.07479419559240341,0.4287155270576477,0.6306638121604919,-0.08218999207019806,0.46993106603622437,0.6495838761329651,-0.06945759057998657,0.40537676215171814,0.6726652383804321,-0.027202993631362915,0.392662912607193,0.6591976881027222,-0.0693732276558876,0.43285009264945984,0.67454594373703,-0.0712694451212883,0.4640350639820099,0.6864340901374817,-0.06059904396533966
0.53290855884552,0.7104976773262024,4.0988913951878203e-07,0.5355775356292725,0.631938099861145,-0.04031072556972504,0.4944879412651062,0.5659692287445068,-0.05301294103264809,0.43875786662101746,0.5522748827934265,-0.06327515840530396,0.3893270194530487,0.5548269748687744,-0.07125262171030045,0.4239282011985779,0.525776207447052,-0.02243448980152607,0.35932350158691406,0.48483774065971375,-0.050007760524749756,0.315399169921875,0.47214648127555847,-0.06708332896232605,0.2755686044692993,0.46286675333976746,-0.07549106329679489,0.4048857092857361,0.5696637630462646,-0.019092928618192673,0.3355999290943146,0.5248029828071594,-0.05212992802262306,0.28537997603416443,0.5002817511558533,-0.06927041709423065,0.24474172294139862,0.48095017671585083,-0.07366395741701126,0.40108102560043335,0.6205695271492004,-0.021552078425884247,0.3750842809677124,0.6031206250190735,-0.07293149083852768,0.4287874698638916,0.6285598278045654,-0.08054861426353455,0.4708940088748932,0.6477748155593872,-0.06801877170801163,0.4068194031715393,0.6721945405006409,-0.0266311913728714,0.39377933740615845,0.65851891040802,-0.06838040798902512,0.43300512433052063,0.6733466982841492,-0.07030119746923447,0.46386656165122986,0.6846241354942322,-0.059788212180137634
0.5332767367362976,0.7109057903289795,4.1452474874859035e-07,0.5358253717422485,0.6324395537376404,-0.03963733837008476,0.4943373203277588,0.565735936164856,-0.05190273001790047,0.43866971135139465,0.5524738430976868,-0.06179577112197876,0.38994497060775757,0.555924117565155,-0.0694793164730072,0.4256528615951538,0.5261791348457336,-0.022348398342728615,0.3610098659992218,0.48440319299697876,-0.049892526119947433,0.31718650460243225,0.4712044298648834,-0.0667659193277359,0.2777581810951233,0.46165943145751953,-0.07482326030731201,0.40619656443595886,0.5704349875450134,-0.018993336707353592,0.3360833525657654,0.5266876816749573,-0.05196508392691612,0.284915030002594,0.5022766590118408,-0.06898916512727737,0.2433139532804489,0.4825003743171692,-0.07326799631118774,0.4019753634929657,0.6209468841552734,-0.021300218999385834,0.3765994608402252,0.6036771535873413,-0.07230173051357269,0.4293402135372162,0.6284433603286743,-0.07982858270406723,0.470758318901062,0.6479480862617493,-0.06719175726175308,0.4073396623134613,0.6718342900276184,-0.026140397414565086,0.39411085844039917,0.6567885875701904,-0.06701117008924484,0.4331187903881073,0.6715701222419739,-0.06831186264753342,0.46401020884513855,0.6841531991958618,-0.057343024760484695
0.5281665325164795,0.6978340148925781,4.321917685956578e-07,0.5323382019996643,0.6181510090827942,-0.03809510916471481,0.4924006760120392,0.5511205792427063,-0.050699349492788315,0.43654975295066833,0.5361232757568359,-0.061159610748291016,0.39035770297050476,0.5368601679801941,-0.06950400769710541,0.42442888021469116,0.5128780603408813,-0.023945294320583344,0.3621867299079895,0.4666980504989624,-0.05127713829278946,0.32098686695098877,0.44896596670150757,-0.06766675412654877,0.2824978828430176,0.4351842403411865,-0.07578444480895996,0.4038204848766327,0.555772066116333,-0.021235251799225807,0.335781991481781,0.5090343356132507,-0.05469455569982529,0.28668656945228577,0.4836425483226776,-0.07171352952718735,0.2463708370923996,0.4641822278499603,-0.07624461501836777,0.39803072810173035,0.6041727066040039,-0.023644018918275833,0.37188521027565,0.5904034376144409,-0.07385271787643433,0.422807902097702,0.6129456162452698,-0.0809440165758133,0.46339258551597595,0.6313756108283997,-0.06881780922412872,0.4020420014858246,0.6536566615104675,-0.02849362976849079,0.38869354128837585,0.6426246762275696,-0.06885343044996262,0.42758551239967346,0.6571997404098511,-0.0702643021941185,0.4593666195869446,0.6689198017120361,-0.05976077914237976
0.5261298418045044,0.6987042427062988,4.250267409133812e-07,0.5307888984680176,0.6202894449234009,-0.039023831486701965,0.4933907389640808,0.5554013848304749,-0.05212576687335968,0.43981581926345825,0.5403181314468384,-0.0630158856511116,0.3919792175292969,0.5391164422035217,-0.07166029512882233,0.4237108826637268,0.5128933787345886,-0.023496337234973907,0.36102747917175293,0.4697982966899872,-0.052475325763225555,0.31760621070861816,0.45566844940185547,-0.06991911679506302,0.27776288986206055,0.44625404477119446,-0.07805612683296204,0.40317368507385254,0.5540086030960083,-0.02045447565615177,0.3356110751628876,0.5051620602607727,-0.05397810414433479,0.28575968742370605,0.47954341769218445,-0.0704103410243988,0.24555779993534088,0.45982277393341064,-0.07389631867408752,0.3974360525608063,0.6022675633430481,-0.023005980998277664,0.37485188245773315,0.5884606838226318,-0.07296988368034363,0.42564666271209717,0.6141644716262817,-0.07935147732496262,0.46610018610954285,0.6327828168869019,-0.06617448478937149,0.4014662802219391,0.6520346403121948,-0.02822205424308777,0.3902892470359802,0.6413300633430481,-0.06750643998384476,0.42923256754875183,0.6572790145874023,-0.06771896779537201,0.46043631434440613,0.6685266494750977,-0.05607088282704353
0.5235021710395813,0.68547523021698,4.4041891555934853e-07,0.5316980481147766,0.608303964138031,-0.040786925703287125,0.49125927686691284,0.5388262867927551,-0.05360254645347595,0.4347837269306183,0.5219568610191345,-0.06334232538938522,0.38598981499671936,0.5258396863937378,-0.07095537334680557,0.4259606897830963,0.4934800863265991,-0.026735052466392517,0.3620453476905823,0.44609975814819336,-0.05417333170771599,0.31881383061408997,0.42887574434280396,-0.07065390795469284,0.2797161340713501,0.4160589575767517,-0.07881519943475723,0.40446802973747253,0.5382747054100037,-0.022857291623950005,0.3334592878818512,0.4914892911911011,-0.056841589510440826,0.28400564193725586,0.4647517800331116,-0.07418273389339447,0.24382448196411133,0.4432758688926697,-0.07877805083990097,0.39800840616226196,0.5886459350585938,-0.02426859922707081,0.37030962109565735,0.5723721385002136,-0.07671326398849487,0.4226422607898712,0.5986039042472839,-0.08433812856674194,0.4633106589317322,0.6190189123153687,-0.07190823554992676,0.400753378868103,0.6395976543426514,-0.028090981766581535,0.3856261670589447,0.6235580444335938,-0.07118556648492813,0.42549005150794983,0.6414868831634521,-0.07299420237541199,0.4569653868675232,0.6560462713241577,-0.06232108548283577
0.5235583782196045,0.686904788017273,4.310662973239232e-07,0.5301398038864136,0.6096357107162476,-0.04096505790948868,0.49350064992904663,0.54043048620224,-0.054344043135643005,0.4388750195503235,0.5237082242965698,-0.06486784666776657,0.3894538879394531,0.5235432386398315,-0.0731862336397171,0.42603015899658203,0.49356314539909363,-0.02525212988257408,0.36267808079719543,0.4516902267932892,-0.05386267974972725,0.3171732723712921,0.4380001723766327,-0.07138596475124359,0.2753704786300659,0.4274400770664215,-0.08012831956148148,0.40391331911087036,0.5354782938957214,-0.021721605211496353,0.33704671263694763,0.4832218885421753,-0.05559326708316803,0.2881968021392822,0.4548601508140564,-0.0725688636302948,0.24872684478759766,0.43250328302383423,-0.07653870433568954,0.39697694778442383,0.5860897302627563,-0.023765157908201218,0.3717525005340576,0.5670569539070129,-0.07579372823238373,0.42395544052124023,0.5973691940307617,-0.08254508674144745,0.465091735124588,0.6197502613067627,-0.06914712488651276,0.39996448159217834,0.6388350129127502,-0.028430813923478127,0.38781771063804626,0.6239824295043945,-0.07107582688331604,0.42782413959503174,0.6424965858459473,-0.07209446281194687,0.45948243141174316,0.6566619277000427,-0.06046565994620323
0.5230815410614014,0.6872811317443848,4.298394458146504e-07,0.5305217504501343,0.6111703515052795,-0.04090883582830429,0.4936542212963104,0.5412176847457886,-0.05388077720999718,0.4392892122268677,0.5236749649047852,-0.06392734497785568,0.39022767543792725,0.5227442383766174,-0.07173314690589905,0.42548835277557373,0.4925937056541443,-0.024101076647639275,0.36276036500930786,0.452421635389328,-0.05255918949842453,0.3174886107444763,0.4389575123786926,-0.07017895579338074,0.2759125828742981,0.428941011428833,-0.07888921350240707,0.40293461084365845,0.5338581800460815,-0.020389828830957413,0.3368138372898102,0.481239378452301,-0.05416399985551834,0.28844571113586426,0.4530181884765625,-0.07122700661420822,0.2493816614151001,0.4317607879638672,-0.0749867707490921,0.395573228597641,0.5841075778007507,-0.02233884483575821,0.37127912044525146,0.5662322044372559,-0.07417208701372147,0.42317843437194824,0.5969412922859192,-0.08116689324378967,0.4641339182853699,0.619681715965271,-0.06775446236133575,0.3981149196624756,0.6367266178131104,-0.02690943516790867,0.38626348972320557,0.6213105320930481,-0.06910128146409988,0.42623910307884216,0.6403613686561584,-0.0700167864561081,0.4579009711742401,0.654790997505188,-0.058268509805202484
0.5199719667434692,0.6822779774665833,4.1469826328466297e-07,0.5258644819259644,0.6023716330528259,-0.03671044856309891,0.48822855949401855,0.5309578776359558,-0.04859026148915291,0.43371152877807617,0.5131533145904541,-0.058517005294561386,0.38538140058517456,0.5155439972877502,-0.06645236909389496,0.4247329831123352,0.48312267661094666,-0.02100321650505066,0.361947625875473,0.43902072310447693,-0.047761689871549606,0.3181612491607666,0.42396751046180725,-0.06447792798280716,0.278117835521698,0.4115922152996063,-0.07281079888343811,0.4022088050842285,0.5273269414901733,-0.019391508772969246,0.33436891436576843,0.4782290756702423,-0.05239563062787056,0.2851797342300415,0.4505780339241028,-0.069755420088768,0.24503371119499207,0.42830711603164673,-0.07437251508235931,0.39448922872543335,0.578739583492279,-0.02291269786655903,0.36923134326934814,0.5613213777542114,-0.07397044450044632,0.4214474558830261,0.5907880067825317,-0.08104615658521652,0.46227025985717773,0.6139281392097473,-0.06824085116386414,0.3961670398712158,0.6315547227859497,-0.028671834617853165,0.38139525055885315,0.6146408915519714,-0.06966537982225418,0.4207480549812317,0.6334676146507263,-0.06990443170070648,0.4522435963153839,0.6488710045814514,-0.05818343162536621
0.5212303400039673,0.6817958354949951,4.018889114831836e-07,0.5272251963615417,0.6031481027603149,-0.03587036207318306,0.4887807071208954,0.5312241315841675,-0.04674100503325462,0.4342164695262909,0.5130290389060974,-0.05585837364196777,0.38604849576950073,0.5142129063606262,-0.06301213055849075,0.4252169728279114,0.4849594235420227,-0.01841888204216957,0.36254385113716125,0.44282060861587524,-0.04465209320187569,0.3181450366973877,0.42777031660079956,-0.06129181757569313,0.2779957354068756,0.41509050130844116,-0.06979875266551971,0.4029445946216583,0.5288494229316711,-0.01723092421889305,0.3359849750995636,0.4770927429199219,-0.049954794347286224,0.28748491406440735,0.4483145773410797,-0.06754929572343826,0.24824322760105133,0.42599886655807495,-0.07222160696983337,0.39550289511680603,0.5806332230567932,-0.021196534857153893,0.3698999583721161,0.5599165558815002,-0.07196260988712311,0.42159709334373474,0.589030385017395,-0.0790385752916336,0.4621284306049347,0.6121041774749756,-0.06623469293117523,0.3975106477737427,0.6344161629676819,-0.02736584283411503,0.38332027196884155,0.6150280237197876,-0.0684463307261467,0.42260634899139404,0.6334807276725769,-0.0687059834599495,0.45358383655548096,0.6489384174346924,-0.05699579417705536
0.5207893252372742,0.6813294887542725,4.072339834237937e-07,0.527553915977478,0.604063868522644,-0.03604096174240112,0.489576518535614,0.5319288969039917,-0.046881742775440216,0.43514129519462585,0.5136796236038208,-0.05582471564412117,0.3867743909358978,0.5153113007545471,-0.06274714320898056,0.42534056305885315,0.48449409008026123,-0.01837347447872162,0.3631724417209625,0.4410463571548462,-0.04415738210082054,0.3186771869659424,0.42647045850753784,-0.060384683310985565,0.2782350778579712,0.41497495770454407,-0.0684414654970169,0.40252986550331116,0.5278258919715881,-0.01669173501431942,0.3356603682041168,0.47647958993911743,-0.04880429804325104,0.28677815198898315,0.44787949323654175,-0.06600864231586456,0.24704775214195251,0.42570003867149353,-0.07041875272989273,0.3945344090461731,0.5787688493728638,-0.020158810541033745,0.36886632442474365,0.5594059824943542,-0.07054901868104935,0.42060714960098267,0.588249921798706,-0.07775402814149857,0.46120381355285645,0.6113449335098267,-0.06498481333255768,0.3958173990249634,0.631313145160675,-0.025762353092432022,0.38037002086639404,0.6116562485694885,-0.06630866229534149,0.41986364126205444,0.6302842497825623,-0.06626754999160767,0.45134738087654114,0.646136462688446,-0.054314494132995605
0.5139599442481995,0.6814311146736145,4.034783387396601e-07,0.5218378901481628,0.6075414419174194,-0.037742312997579575,0.4824349880218506,0.5328381657600403,-0.04910751059651375,0.42401793599128723,0.5115265846252441,-0.057799771428108215,0.37401244044303894,0.5133809447288513,-0.0645400732755661,0.4204303026199341,0.48484790325164795,-0.021870354190468788,0.35800275206565857,0.4405274987220764,-0.048277948051691055,0.3147062659263611,0.4247060716152191,-0.0642634853720665,0.2752890884876251,0.41198718547821045,-0.07193703204393387,0.39690324664115906,0.5269930958747864,-0.01890970580279827,0.33031272888183594,0.4747089445590973,-0.052399445325136185,0.28177163004875183,0.44772079586982727,-0.06957709044218063,0.24242259562015533,0.4277777075767517,-0.0733378455042839,0.3881354331970215,0.5765613913536072,-0.020963335409760475,0.36249953508377075,0.5576586723327637,-0.07321345061063766,0.41499754786491394,0.5896705389022827,-0.08045725524425507,0.4565085172653198,0.6144006848335266,-0.06694511324167252,0.38828110694885254,0.6282399892807007,-0.025090645998716354,0.37460529804229736,0.6094098091125488,-0.06765346229076385,0.41433244943618774,0.6300867795944214,-0.06833072751760483,0.44582921266555786,0.646618664264679,-0.05625219643115997
0.5151373147964478,0.6811197400093079,3.7835317812096037e-07,0.5213180780410767,0.6053623557090759,-0.03595472499728203,0.4807920455932617,0.5318707823753357,-0.046178385615348816,0.42392292618751526,0.5110576748847961,-0.05421462282538414,0.37536534667015076,0.5119755864143372,-0.0604422464966774,0.42025482654571533,0.48616790771484375,-0.020466625690460205,0.357189416885376,0.4416861832141876,-0.04668396711349487,0.3134676218032837,0.42581090331077576,-0.06271311640739441,0.27363646030426025,0.41281673312187195,-0.070761539041996,0.3975946307182312,0.5284366011619568,-0.01864403858780861,0.33109819889068604,0.47698330879211426,-0.05206208676099777,0.28201770782470703,0.44921475648880005,-0.06961153447628021,0.24194161593914032,0.42751920223236084,-0.07402554899454117,0.3897039592266083,0.5789477825164795,-0.021720347926020622,0.3643055856227875,0.5609318017959595,-0.07357729226350784,0.4163891673088074,0.5918490290641785,-0.08099713176488876,0.4575616121292114,0.6153274774551392,-0.06809716671705246,0.3911530077457428,0.6319899559020996,-0.026828426867723465,0.3778146505355835,0.6170768737792969,-0.0696517750620842,0.41729578375816345,0.6367108821868896,-0.0709477886557579,0.4485775828361511,0.6515607833862305,-0.0595884844660759
0.5133318305015564,0.6812927722930908,3.8024649029466673e-07,0.5201008915901184,0.6059938669204712,-0.03735479339957237,0.4803653061389923,0.5336325764656067,-0.04810144007205963,0.4236058294773102,0.5123038291931152,-0.05623858794569969,0.374836266040802,0.5131471753120422,-0.06259387731552124,0.42092272639274597,0.4858952760696411,-0.022144699469208717,0.3586377501487732,0.4418986737728119,-0.04868998005986214,0.3151317834854126,0.4264873266220093,-0.06485972553491592,0.2747499942779541,0.4140516519546509,-0.07302086800336838,0.3979508578777313,0.5271586775779724,-0.01954333856701851,0.33040887117385864,0.4764239490032196,-0.0530000738799572,0.2811390161514282,0.4488542675971985,-0.07033775746822357,0.24090972542762756,0.4269961714744568,-0.07459311187267303,0.38996264338493347,0.5770075917243958,-0.021937740966677666,0.3643167018890381,0.5617903470993042,-0.07448002696037292,0.4166303277015686,0.5927137136459351,-0.08228703588247299,0.45784637331962585,0.6155968904495239,-0.06943752616643906,0.39119309186935425,0.6291786432266235,-0.026393141597509384,0.37713733315467834,0.6163936853408813,-0.07025901228189468,0.4171695113182068,0.6368352174758911,-0.07198307663202286,0.4490274488925934,0.6517974138259888,-0.060713108628988266
0.511535108089447,0.6795024275779724,3.876079119891074e-07,0.5180686712265015,0.6037263870239258,-0.03470974043011665,0.47639450430870056,0.5323848724365234,-0.04471840709447861,0.41937917470932007,0.5123289227485657,-0.053163740783929825,0.3715721368789673,0.5139444470405579,-0.059763696044683456,0.41604265570640564,0.4871530532836914,-0.01773029938340187,0.3521232306957245,0.44239556789398193,-0.043949030339717865,0.30913203954696655,0.42572054266929626,-0.06042357161641121,0.27026671171188354,0.4125416576862335,-0.06883086264133453,0.39408639073371887,0.5299001932144165,-0.016843223944306374,0.32707929611206055,0.4777100384235382,-0.050462059676647186,0.27839499711990356,0.45062708854675293,-0.06869450956583023,0.23784834146499634,0.4299464523792267,-0.07368751615285873,0.3866180181503296,0.580026388168335,-0.020954785868525505,0.35911688208580017,0.5595968961715698,-0.07309232652187347,0.41083192825317383,0.5899210572242737,-0.08079177886247635,0.4511986970901489,0.6132570505142212,-0.06816944479942322,0.388236939907074,0.6317930817604065,-0.0270331259816885,0.37295520305633545,0.6127675175666809,-0.06989969313144684,0.4122399091720581,0.631605327129364,-0.07120532542467117,0.4435231387615204,0.6462323069572449,-0.05997711047530174
0.5104158520698547,0.6806132197380066,3.8841272953504813e-07,0.5180110931396484,0.6049131751060486,-0.037250373512506485,0.47509145736694336,0.534123420715332,-0.047809991985559464,0.41687560081481934,0.5128372311592102,-0.055841900408267975,0.3687534034252167,0.5109899044036865,-0.06197911873459816,0.41679346561431885,0.48669788241386414,-0.021813783794641495,0.35276857018470764,0.4430588483810425,-0.048408184200525284,0.3093549907207489,0.42688632011413574,-0.06465014070272446,0.2696071267127991,0.41395166516304016,-0.07294078171253204,0.3947201371192932,0.5302100777626038,-0.019554926082491875,0.32618576288223267,0.47832542657852173,-0.05316026508808136,0.2771375775337219,0.4507196843624115,-0.07055515795946121,0.23681890964508057,0.42874810099601746,-0.07493136823177338,0.3872775435447693,0.5807298421859741,-0.022382540628314018,0.3606511056423187,0.5608392953872681,-0.07490769773721695,0.41215232014656067,0.590686023235321,-0.08224022388458252,0.4518365263938904,0.6127083897590637,-0.06927213817834854,0.3889160752296448,0.6326277852058411,-0.02731071040034294,0.3744216561317444,0.616092324256897,-0.07107183337211609,0.4143369793891907,0.6359646916389465,-0.07256048172712326,0.44536131620407104,0.6500879526138306,-0.061302509158849716
0.5103718638420105,0.6802085041999817,3.888743833613262e-07,0.5177679061889648,0.6038935780525208,-0.03773977980017662,0.4750603437423706,0.533582866191864,-0.04936530813574791,0.41689547896385193,0.5131868124008179,-0.05838919058442116,0.3687160611152649,0.5107985138893127,-0.06554664671421051,0.4166845381259918,0.4862421751022339,-0.024035921320319176,0.35234618186950684,0.4425363540649414,-0.05177892744541168,0.308704674243927,0.4262731969356537,-0.06880486011505127,0.2689130902290344,0.413351446390152,-0.07757987082004547,0.3947669565677643,0.5303106307983398,-0.021928513422608376,0.3260802626609802,0.4785476326942444,-0.05665458366274834,0.2769455909729004,0.45100685954093933,-0.07453785836696625,0.23656992614269257,0.42935454845428467,-0.07913947105407715,0.38740846514701843,0.5813755989074707,-0.02484894171357155,0.36093270778656006,0.5620762705802917,-0.07801031321287155,0.41269394755363464,0.5916579961776733,-0.08531281352043152,0.45251569151878357,0.6135571002960205,-0.07230577617883682,0.3892882466316223,0.6337519288063049,-0.029933564364910126,0.3756903409957886,0.618293046951294,-0.07420607656240463,0.41566142439842224,0.6379376649856567,-0.07586448639631271,0.4464578628540039,0.6519039273262024,-0.06468302011489868
0.5113367438316345,0.6788846254348755,3.9680631402916333e-07,0.5178987979888916,0.6040730476379395,-0.03867124393582344,0.4782484769821167,0.5322514772415161,-0.050565943121910095,0.42188388109207153,0.5140208005905151,-0.05961904674768448,0.37302881479263306,0.5139747858047485,-0.06649453938007355,0.41790127754211426,0.4831525683403015,-0.02360832504928112,0.35586076974868774,0.43892207741737366,-0.05133606493473053,0.31416428089141846,0.4226042628288269,-0.06815515458583832,0.27559396624565125,0.4105774760246277,-0.07636771351099014,0.39443036913871765,0.5265116691589355,-0.02089230716228485,0.32309508323669434,0.4771658182144165,-0.05436616390943527,0.2742155194282532,0.44798243045806885,-0.07168491929769516,0.23423998057842255,0.4243171513080597,-0.0760316401720047,0.38645851612091064,0.5782310366630554,-0.023425424471497536,0.3619273900985718,0.5624744892120361,-0.07552377134561539,0.4134479761123657,0.5912140011787415,-0.08323711901903152,0.45195290446281433,0.6122217178344727,-0.07054685801267624,0.38813674449920654,0.6313701868057251,-0.028165536001324654,0.37541937828063965,0.6163938045501709,-0.0701315626502037,0.4148012697696686,0.6351991295814514,-0.07107363641262054,0.4441351592540741,0.6495401859283447,-0.059791676700115204
0.5118287801742554,0.681348443031311,3.8771500499024114e-07,0.5188244581222534,0.6052902936935425,-0.03800380229949951,0.4796057939529419,0.5318813323974609,-0.04919957369565964,0.421702116727829,0.5133770704269409,-0.05790233239531517,0.37262171506881714,0.5109895467758179,-0.06432527303695679,0.4173024296760559,0.4831588566303253,-0.02010316587984562,0.3548241853713989,0.43971508741378784,-0.04670403152704239,0.3121596872806549,0.4239315390586853,-0.06299339234828949,0.2729261517524719,0.41118448972702026,-0.07120231539011002,0.3944918215274811,0.5265896916389465,-0.017934650182724,0.3238074779510498,0.475130558013916,-0.050725970417261124,0.275788813829422,0.4460850656032562,-0.06821899116039276,0.2362600415945053,0.4227016568183899,-0.07279885560274124,0.3870812654495239,0.5780770778656006,-0.021099833771586418,0.36163130402565,0.5585352182388306,-0.07295212149620056,0.41327980160713196,0.5875534415245056,-0.080555260181427,0.45214733481407166,0.6095682382583618,-0.0678945779800415,0.3890513479709625,0.6315308809280396,-0.026481740176677704,0.3756912648677826,0.6133971810340881,-0.0685991421341896,0.4149268865585327,0.6320063471794128,-0.06943608820438385,0.4442916810512543,0.6471579074859619,-0.05807367339730263
0.511043906211853,0.6768370866775513,3.796244243403635e-07,0.5176966190338135,0.6005069613456726,-0.038669049739837646,0.47854405641555786,0.5272001028060913,-0.05024498701095581,0.4203173518180847,0.509015679359436,-0.059100743383169174,0.3706681430339813,0.5093044638633728,-0.06587482988834381,0.41894078254699707,0.47806960344314575,-0.02228865958750248,0.35671746730804443,0.4337022602558136,-0.04970696568489075,0.31375572085380554,0.41872262954711914,-0.06645239144563675,0.27397245168685913,0.40722376108169556,-0.07488694041967392,0.395646333694458,0.5218730568885803,-0.019992971792817116,0.32539260387420654,0.4706721603870392,-0.05379880219697952,0.2768573760986328,0.4430634379386902,-0.07136794924736023,0.2369312196969986,0.42084628343582153,-0.07576603442430496,0.3877320885658264,0.5737709999084473,-0.023047486320137978,0.36280104517936707,0.5547595620155334,-0.07645393908023834,0.4157305061817169,0.585064172744751,-0.08437639474868774,0.45539164543151855,0.6072565913200378,-0.07150360196828842,0.3889138102531433,0.6274651885032654,-0.028264909982681274,0.3755589723587036,0.6105585098266602,-0.07228024303913116,0.41572216153144836,0.6301088929176331,-0.0737709105014801,0.4460936188697815,0.6448659896850586,-0.06250549107789993
0.5125085115432739,0.6778480410575867,3.679299709347106e-07,0.5179949998855591,0.5997838377952576,-0.0359400175511837,0.47796860337257385,0.526393711566925,-0.04616927728056908,0.4208345115184784,0.5066761374473572,-0.054541539400815964,0.37296321988105774,0.5050011277198792,-0.06094294413924217,0.4202621579170227,0.4801056385040283,-0.01900588721036911,0.35796788334846497,0.4353940486907959,-0.04603204503655434,0.314624547958374,0.4201248288154602,-0.06272079050540924,0.2746851146221161,0.4080182611942291,-0.0713067278265953,0.3974650800228119,0.5238056182861328,-0.01822148822247982,0.32821404933929443,0.4712613821029663,-0.0519595593214035,0.2791427969932556,0.44321826100349426,-0.07014099508523941,0.2381208837032318,0.4207577109336853,-0.07519033551216125,0.3898395299911499,0.5757154226303101,-0.02257275953888893,0.3628717064857483,0.5537030696868896,-0.07537665963172913,0.4156615734100342,0.5841565132141113,-0.08282892405986786,0.4557630121707916,0.6070597171783447,-0.06995171308517456,0.39168432354927063,0.6297621726989746,-0.028986206278204918,0.37782901525497437,0.611937403678894,-0.07228655368089676,0.4167464077472687,0.6303623914718628,-0.07337874174118042,0.44650033116340637,0.6445392370223999,-0.0620662197470665
0.51230788230896,0.6772417426109314,3.756918260933162e-07,0.5184758305549622,0.5994937419891357,-0.03526628017425537,0.4783321022987366,0.5256787538528442,-0.045393139123916626,0.4210762679576874,0.5064168572425842,-0.053692419081926346,0.37323901057243347,0.5059280395507812,-0.060180190950632095,0.4194680154323578,0.47995540499687195,-0.019339660182595253,0.35747843980789185,0.43587014079093933,-0.04655345529317856,0.3141820430755615,0.42117467522621155,-0.06356433033943176,0.27395981550216675,0.40983933210372925,-0.07225111871957779,0.3962138295173645,0.5232367515563965,-0.018558267503976822,0.3290848731994629,0.4701228141784668,-0.05234004184603691,0.2801082134246826,0.44206058979034424,-0.07037005573511124,0.23910336196422577,0.4196358919143677,-0.07527848333120346,0.38800355792045593,0.5744744539260864,-0.0227864608168602,0.36232703924179077,0.5534016489982605,-0.07489080727100372,0.4145260155200958,0.5846990346908569,-0.08189919590950012,0.454628050327301,0.608010470867157,-0.06885738670825958,0.3893648684024811,0.627946674823761,-0.02907237410545349,0.3757750988006592,0.6105819940567017,-0.0715302899479866,0.4150148630142212,0.6295300126075745,-0.07207167148590088,0.4454718828201294,0.6437326669692993,-0.06039605662226677
0.5170601606369019,0.67075115442276,3.580178145057289e-07,0.5261805653572083,0.5892403721809387,-0.033667076379060745,0.48898983001708984,0.517000675201416,-0.04479057714343071,0.4333840012550354,0.4957542419433594,-0.05433763191103935,0.38412556052207947,0.49510934948921204,-0.06200500205159187,0.4233478903770447,0.47129833698272705,-0.021553147584199905,0.3627437651157379,0.4289194941520691,-0.04844564199447632,0.3186863362789154,0.4145764708518982,-0.06560802459716797,0.277296781539917,0.4044767916202545,-0.07457397133111954,0.4005379378795624,0.5131998658180237,-0.021133897826075554,0.3425597548484802,0.4597606360912323,-0.05247095227241516,0.2980354428291321,0.43073102831840515,-0.06863532215356827,0.260796457529068,0.4088596701622009,-0.0734362006187439,0.3911804258823395,0.5645686984062195,-0.025343328714370728,0.37371665239334106,0.5449377298355103,-0.07213079929351807,0.42331451177597046,0.5733235478401184,-0.07680808752775192,0.46181315183639526,0.5962759256362915,-0.06431999802589417,0.39197441935539246,0.6203100681304932,-0.03188871219754219,0.3860517144203186,0.5984429121017456,-0.06903956830501556,0.4256468415260315,0.6157590746879578,-0.06769900768995285,0.456678181886673,0.6317048668861389,-0.05599364638328552
0.5155725479125977,0.6732245683670044,3.9254271655408957e-07,0.5254384279251099,0.5945478677749634,-0.03349938243627548,0.4893776476383209,0.520376980304718,-0.04403582215309143,0.4348026514053345,0.4975884258747101,-0.052978187799453735,0.3863016963005066,0.4972987174987793,-0.06029622256755829,0.4240981340408325,0.4747616648674011,-0.021456822752952576,0.3624004125595093,0.43136194348335266,-0.04698152095079422,0.3162236213684082,0.41555753350257874,-0.06275753676891327,0.2739604413509369,0.40549468994140625,-0.07055786997079849,0.4023560583591461,0.5163178443908691,-0.020507503300905228,0.3445301055908203,0.4585722088813782,-0.04989024996757507,0.3000279664993286,0.4269220232963562,-0.0645098090171814,0.26413387060165405,0.40477699041366577,-0.06809908896684647,0.394002765417099,0.567572832107544,-0.024132132530212402,0.37567591667175293,0.5461722016334534,-0.06908493489027023,0.4241783916950226,0.5745779871940613,-0.07331406325101852,0.46287620067596436,0.598065197467804,-0.0604567676782608,0.39499273896217346,0.6232742071151733,-0.030025029554963112,0.3868197798728943,0.6006646156311035,-0.06501716375350952,0.424468994140625,0.6170178651809692,-0.06264946609735489,0.45462310314178467,0.6330209374427795,-0.05039341375231743
0.5169953107833862,0.6747685670852661,5.280904247229046e-07,0.5347905158996582,0.5975040197372437,-0.0391073152422905,0.5033420920372009,0.5137569308280945,-0.052947212010622025,0.4483279287815094,0.48965200781822205,-0.06424297392368317,0.39980360865592957,0.48974329233169556,-0.07350651919841766,0.43086493015289307,0.47120967507362366,-0.031148869544267654,0.37506160140037537,0.4124366044998169,-0.05909465625882149,0.3340742290019989,0.3864936828613281,-0.07459366321563721,0.297382652759552,0.3650694787502289,-0.08171354979276657,0.4063211679458618,0.517572820186615,-0.030334852635860443,0.34274667501449585,0.450981080532074,-0.06551637500524521,0.29481470584869385,0.4081607162952423,-0.08288595080375671,0.2554674744606018,0.373198539018631,-0.08734602481126785,0.3965982496738434,0.5722475647926331,-0.03388335928320885,0.37892237305641174,0.5347595810890198,-0.08790072053670883,0.4347497522830963,0.5688106417655945,-0.0920536071062088,0.47585487365722656,0.5974151492118835,-0.07637428492307663,0.39668336510658264,0.6307144165039062,-0.039564162492752075,0.3889356255531311,0.594165027141571,-0.08105186372995377,0.4318242073059082,0.6154962182044983,-0.07765254378318787,0.46302729845046997,0.6373738050460815,-0.063038170337677
0.516383171081543,0.6772932410240173,5.082491725261207e-07,0.5341030955314636,0.5986059904098511,-0.03859991207718849,0.5049528479576111,0.5165138244628906,-0.052831292152404785,0.45191633701324463,0.49332523345947266,-0.06474250555038452,0.4037908911705017,0.4915838837623596,-0.07470430433750153,0.4325583279132843,0.47076961398124695,-0.031687021255493164,0.3771357536315918,0.4119150936603546,-0.05936741456389427,0.3347715437412262,0.38665223121643066,-0.07490519434213638,0.2966655194759369,0.3651803731918335,-0.08246982842683792,0.4071698486804962,0.5175269246101379,-0.03186309337615967,0.34247255325317383,0.45181214809417725,-0.06603965163230896,0.2958138883113861,0.4094794988632202,-0.08288079500198364,0.2566930651664734,0.37422335147857666,-0.08745001256465912,0.39713165163993835,0.5729392170906067,-0.036398995667696,0.379498690366745,0.5341431498527527,-0.0903991237282753,0.4353351891040802,0.5686311721801758,-0.09507804363965988,0.47490769624710083,0.5983608961105347,-0.0801764503121376,0.39713114500045776,0.6322935223579407,-0.04309463128447533,0.39077383279800415,0.5965773463249207,-0.08556699007749557,0.4323624074459076,0.617710530757904,-0.08336062729358673,0.4616071581840515,0.6399006843566895,-0.06977615505456924
0.5168651938438416,0.6768898963928223,5.102963314129738e-07,0.5342947840690613,0.597639799118042,-0.039441391825675964,0.5049211978912354,0.5157794952392578,-0.054199330508708954,0.4514876902103424,0.49352002143859863,-0.06647850573062897,0.4030492901802063,0.4916108548641205,-0.07666187733411789,0.4325612187385559,0.4699138104915619,-0.032217662781476974,0.376526802778244,0.41113102436065674,-0.060284849256277084,0.33367758989334106,0.3863382637500763,-0.07608680427074432,0.2954457998275757,0.36538150906562805,-0.0837908461689949,0.4070533812046051,0.5169088244438171,-0.032199930399656296,0.34173664450645447,0.4511658549308777,-0.06658602505922318,0.29482024908065796,0.40904247760772705,-0.08337575942277908,0.2560420036315918,0.37441354990005493,-0.0878170058131218,0.3971322476863861,0.5724682807922363,-0.03676183149218559,0.37999090552330017,0.533858597278595,-0.0912085473537445,0.4362896680831909,0.5682722926139832,-0.09622058272361755,0.47635865211486816,0.5977404117584229,-0.08140475302934647,0.3974369764328003,0.6316591501235962,-0.04354633390903473,0.3914010226726532,0.5958281755447388,-0.08633002638816833,0.43304523825645447,0.6168275475502014,-0.0844479352235794,0.4622424244880676,0.6385685801506042,-0.07107819616794586
0.5091587901115417,0.6809887290000916,4.679915832639381e-07,0.5239250063896179,0.5994651317596436,-0.03247275948524475,0.5028995275497437,0.5198212265968323,-0.04562930017709732,0.4560128152370453,0.4858452379703522,-0.05818120762705803,0.4102017879486084,0.48091310262680054,-0.06888316571712494,0.4289853572845459,0.4698657989501953,-0.024439383298158646,0.37665674090385437,0.4103025197982788,-0.04911358281970024,0.337847501039505,0.3808917999267578,-0.06358229368925095,0.30466753244400024,0.35451167821884155,-0.07033263146877289,0.4039199650287628,0.5112996101379395,-0.024632856249809265,0.35614463686943054,0.4508592486381531,-0.05454757437109947,0.3196108341217041,0.4095149040222168,-0.06956314295530319,0.2909654676914215,0.3738674223423004,-0.07395754009485245,0.3905220627784729,0.5629921555519104,-0.028787432238459587,0.39307066798210144,0.5258598923683167,-0.07356217503547668,0.44047820568084717,0.5562680959701538,-0.07717941701412201,0.47566476464271545,0.586277425289154,-0.06417267769575119,0.3866007328033447,0.6221759915351868,-0.03521793708205223,0.39117029309272766,0.5841507911682129,-0.06774305552244186,0.4296531677246094,0.5951724052429199,-0.06430137157440186,0.4595278799533844,0.6148304343223572,-0.05152396857738495
0.5076361298561096,0.6806411743164062,4.5724337383035163e-07,0.5232964158058167,0.6004868745803833,-0.032428860664367676,0.5030348896980286,0.5194655656814575,-0.04564037546515465,0.45552971959114075,0.48483800888061523,-0.05819310247898102,0.40932953357696533,0.4806602895259857,-0.06884398311376572,0.4284994304180145,0.46976226568222046,-0.024768486618995667,0.3762349486351013,0.40982064604759216,-0.05000561475753784,0.3373020887374878,0.379684716463089,-0.0649859607219696,0.3041292130947113,0.3528386354446411,-0.07218921929597855,0.40289556980133057,0.5106227397918701,-0.025175072252750397,0.3557807207107544,0.4495156705379486,-0.055493906140327454,0.3203774094581604,0.4069717526435852,-0.07064557820558548,0.2925325334072113,0.37108370661735535,-0.07520315051078796,0.38896429538726807,0.5620418787002563,-0.029597152024507523,0.39118775725364685,0.5249202251434326,-0.07407110184431076,0.43812522292137146,0.5547672510147095,-0.07747838646173477,0.4724833369255066,0.5849248170852661,-0.06468360126018524,0.3845546543598175,0.6210212707519531,-0.036364294588565826,0.3902725577354431,0.5838127136230469,-0.06815573573112488,0.42756691575050354,0.5954482555389404,-0.06466566026210785,0.4555434286594391,0.6154054999351501,-0.052267514169216156
0.5072036385536194,0.6819513440132141,4.492184473292582e-07,0.5234561562538147,0.6014649271965027,-0.03209506720304489,0.5031192302703857,0.5196638703346252,-0.04507347568869591,0.455218642950058,0.48463720083236694,-0.05744624882936478,0.40890270471572876,0.48050498962402344,-0.0679510086774826,0.42891383171081543,0.47005510330200195,-0.024584010243415833,0.37669333815574646,0.4099525809288025,-0.04968498274683952,0.33772751688957214,0.3797560930252075,-0.06464803963899612,0.30443552136421204,0.35302311182022095,-0.0719374567270279,0.40328070521354675,0.510939359664917,-0.025188777595758438,0.3559373617172241,0.4497055113315582,-0.05546875670552254,0.3204725980758667,0.4069094657897949,-0.07071618735790253,0.2924833595752716,0.37097156047821045,-0.07541434466838837,0.3894166350364685,0.5623827576637268,-0.029756171628832817,0.39094284176826477,0.5249415636062622,-0.07406994700431824,0.43798837065696716,0.5544373393058777,-0.077434241771698,0.47229430079460144,0.5845809578895569,-0.06472083181142807,0.38511180877685547,0.6212478280067444,-0.03664011135697365,0.3900219202041626,0.5836566090583801,-0.06830240786075592,0.42715519666671753,0.5949498414993286,-0.06471358239650726,0.45502763986587524,0.6148215532302856,-0.05233161896467209
0.47746747732162476,0.695601224899292,5.858057647856185e-07,0.4955407381057739,0.6064029932022095,-0.023003097623586655,0.48880666494369507,0.5308335423469543,-0.037289027124643326,0.45987722277641296,0.48038196563720703,-0.053104206919670105,0.42103877663612366,0.4711555242538452,-0.06650170683860779,0.42396435141563416,0.46844735741615295,-0.026737796142697334,0.3850035071372986,0.39675313234329224,-0.05545356124639511,0.3558502495288849,0.35728001594543457,-0.06925947964191437,0.3282574415206909,0.3226550221443176,-0.07447394728660583,0.39354366064071655,0.5002636313438416,-0.032207999378442764,0.3630391061306,0.4253888726234436,-0.06529693305492401,0.34314244985580444,0.3713786005973816,-0.0778198167681694,0.32962948083877563,0.32897669076919556,-0.07836873829364777,0.37401971220970154,0.5444213151931763,-0.040761761367321014,0.4230755567550659,0.5133970975875854,-0.08289448916912079,0.4714909791946411,0.5380352735519409,-0.08403921127319336,0.5058554410934448,0.5665215253829956,-0.06872119754552841,0.36714276671409607,0.5974533557891846,-0.05165883153676987,0.41781288385391235,0.5751782655715942,-0.07542115449905396,0.45378580689430237,0.5866861939430237,-0.07035674154758453,0.4774234890937805,0.6059603095054626,-0.05724658817052841
0.473846435546875,0.6999668478965759,5.287469662107469e-07,0.49333655834198,0.612773060798645,-0.020740993320941925,0.4869683086872101,0.5347558856010437,-0.03423215448856354,0.4594547152519226,0.48072901368141174,-0.050163861364126205,0.42062926292419434,0.4661581814289093,-0.06374754756689072,0.42337942123413086,0.47367599606513977,-0.023202313110232353,0.38759633898735046,0.402091920375824,-0.05290411040186882,0.36009132862091064,0.3606805205345154,-0.06844916194677353,0.33344534039497375,0.32393813133239746,-0.07527737319469452,0.3923950791358948,0.5029498338699341,-0.03128187358379364,0.367083877325058,0.42563095688819885,-0.06701279431581497,0.3461070954799652,0.3681905269622803,-0.08183059841394424,0.32980552315711975,0.3241749107837677,-0.08393692225217819,0.37269484996795654,0.545231282711029,-0.042540162801742554,0.4214285910129547,0.5135378241539001,-0.08879640698432922,0.47070014476776123,0.5416627526283264,-0.09236718714237213,0.5059422254562378,0.5732641816139221,-0.07797180116176605,0.3656717836856842,0.5982583165168762,-0.05586767569184303,0.41737544536590576,0.5744984149932861,-0.08368575572967529,0.4545142352581024,0.5870591998100281,-0.0808587595820427,0.47968611121177673,0.6064431071281433,-0.06883058696985245
0.4713881313800812,0.7009667158126831,5.481706466525793e-07,0.49190986156463623,0.6141005754470825,-0.021205125376582146,0.48665040731430054,0.536211371421814,-0.034566354006528854,0.45927858352661133,0.48159095644950867,-0.050300903618335724,0.4205942749977112,0.4674440026283264,-0.06348919123411179,0.42443937063217163,0.4750412702560425,-0.022359415888786316,0.38910770416259766,0.40315839648246765,-0.05212729424238205,0.3613864481449127,0.3609611392021179,-0.0671975389122963,0.33448320627212524,0.3235812783241272,-0.07349708676338196,0.39260876178741455,0.5030535459518433,-0.030253224074840546,0.3662365674972534,0.4247664213180542,-0.06650923192501068,0.3437245786190033,0.3658149242401123,-0.08120787143707275,0.32616013288497925,0.3202626705169678,-0.08279053866863251,0.3722110688686371,0.5441703200340271,-0.04150375351309776,0.42254841327667236,0.5134708881378174,-0.0891832634806633,0.47245121002197266,0.5431525111198425,-0.0932714119553566,0.5083048343658447,0.5761011838912964,-0.07851686328649521,0.3643539249897003,0.5965481400489807,-0.054812222719192505,0.4186423420906067,0.5744806528091431,-0.08369163423776627,0.4556405246257782,0.5887699723243713,-0.08138827979564667,0.4801184833049774,0.6095173358917236,-0.06941801309585571
0.40281859040260315,0.7708158493041992,-2.7540124847291736e-07,0.4447217881679535,0.652321457862854,0.007855999283492565,0.4518873989582062,0.5625677108764648,0.004588802810758352,0.4429524838924408,0.505010724067688,-0.005387750454246998,0.4319033920764923,0.4595998525619507,-0.014405088499188423,0.3877255320549011,0.494335800409317,0.00690383929759264,0.39720380306243896,0.4510190188884735,-0.0074259014800190926,0.4091654121875763,0.41856664419174194,-0.016361286863684654,0.4219760596752167,0.39234471321105957,-0.02386700175702572,0.36743003129959106,0.5117691159248352,-0.00937524251639843,0.46094006299972534,0.4995793402194977,-0.031471122056245804,0.4916220009326935,0.5474719405174255,-0.03594725951552391,0.4950130879878998,0.5843592286109924,-0.03639107942581177,0.36512893438339233,0.5508283972740173,-0.02648204378783703,0.46221840381622314,0.5438377261161804,-0.049801263958215714,0.4876197576522827,0.5841159820556641,-0.04512810334563255,0.48877111077308655,0.6140593886375427,-0.03848087787628174,0.37292444705963135,0.6008034348487854,-0.04402680695056915,0.45257097482681274,0.595434308052063,-0.059268321841955185,0.4734717011451721,0.6178854703903198,-0.05671338737010956,0.47176286578178406,0.6344860792160034,-0.05186954885721207
0.4080265462398529,0.7518100738525391,-9.008966017631792e-09,0.4466017782688141,0.6365531086921692,0.007592816837131977,0.44861945509910583,0.5496460795402527,0.001895688008517027,0.4361599385738373,0.48792383074760437,-0.009736763313412666,0.4265654683113098,0.43429285287857056,-0.021112222224473953,0.398440957069397,0.48758432269096375,-0.0018015374662354589,0.40603309869766235,0.4463907778263092,-0.01828921027481556,0.41767266392707825,0.41954749822616577,-0.027675798162817955,0.4271990656852722,0.40066149830818176,-0.034024424850940704,0.37915149331092834,0.5110863447189331,-0.016660278663039207,0.4598962664604187,0.5023456811904907,-0.03866837918758392,0.4902544915676117,0.5473120808601379,-0.04127514734864235,0.4962965250015259,0.5805076956748962,-0.04012776538729668,0.37433597445487976,0.5541264414787292,-0.03177426755428314,0.4604586958885193,0.5497297644615173,-0.05476341024041176,0.4836311340332031,0.587580144405365,-0.04836120083928108,0.48622140288352966,0.6180350184440613,-0.03981826454401016,0.3779389560222626,0.6058025360107422,-0.046925898641347885,0.44945022463798523,0.594879150390625,-0.062389884144067764,0.47435876727104187,0.6155890822410583,-0.0581122450530529,0.4791969656944275,0.6343778967857361,-0.05123310163617134
0.40845200419425964,0.7456825971603394,1.580264452627489e-08,0.44581472873687744,0.636899471282959,0.0054739974439144135,0.44463759660720825,0.5490002632141113,-0.00030115581466816366,0.4304085671901703,0.48589593172073364,-0.011196516454219818,0.42087453603744507,0.42932695150375366,-0.021758664399385452,0.39643222093582153,0.49124646186828613,-0.0035531753674149513,0.4068695306777954,0.448906809091568,-0.02081300877034664,0.41849982738494873,0.4202704429626465,-0.030662739649415016,0.4271463453769684,0.40006953477859497,-0.03727009892463684,0.37758588790893555,0.5147183537483215,-0.017358984798192978,0.4592592418193817,0.5027061104774475,-0.0415693037211895,0.49011439085006714,0.5480614900588989,-0.04486491158604622,0.4974215626716614,0.5827324390411377,-0.04350147023797035,0.3728964924812317,0.556667685508728,-0.03158047795295715,0.459062397480011,0.5491472482681274,-0.05660007521510124,0.4827572703361511,0.5880439281463623,-0.05011916160583496,0.48700499534606934,0.619085967540741,-0.040765367448329926,0.37637799978256226,0.6065331101417542,-0.04583108425140381,0.4469906687736511,0.5923161506652832,-0.06235837936401367,0.47298020124435425,0.6121199131011963,-0.057893652468919754,0.48038336634635925,0.6298086047172546,-0.050572365522384644
0.3666975498199463,0.7529348731040955,2.899854791849066e-07,0.3983030319213867,0.6539012789726257,0.007223082240670919,0.43189337849617004,0.5750685930252075,-0.000278945459285751,0.4625036418437958,0.5309272408485413,-0.014537178911268711,0.47748002409935,0.5154053568840027,-0.02884495072066784,0.40279829502105713,0.5016671419143677,-0.0005460870452225208,0.46192774176597595,0.45849746465682983,-0.023384883999824524,0.5008237957954407,0.4362286925315857,-0.04113820195198059,0.5317897796630859,0.41949185729026794,-0.05408848077058792,0.3922542631626129,0.5295805335044861,-0.019283901900053024,0.4718169569969177,0.49918413162231445,-0.03919553756713867,0.499818354845047,0.5074301362037659,-0.04802442342042923,0.5131483674049377,0.5076802372932434,-0.055092703551054,0.3905719816684723,0.5716422200202942,-0.038885679095983505,0.48903003334999084,0.5745664834976196,-0.055388957262039185,0.48703980445861816,0.6096339225769043,-0.04961781203746796,0.4680967926979065,0.6241400241851807,-0.045065540820360184,0.39754539728164673,0.6211442351341248,-0.05970505252480507,0.47948604822158813,0.6187036037445068,-0.06677917391061783,0.4778004586696625,0.6398497819900513,-0.058800600469112396,0.45879489183425903,0.6486288905143738,-0.05276324227452278
0.36474907398223877,0.7261608242988586,2.1654054194186756e-07,0.38744470477104187,0.6460208296775818,0.0035032902378588915,0.4205758273601532,0.5720983147621155,-0.006393712013959885,0.45605137944221497,0.5329589247703552,-0.020987074822187424,0.48045632243156433,0.5171066522598267,-0.03539541736245155,0.39974725246429443,0.5043617486953735,-0.015044830739498138,0.46154406666755676,0.46151137351989746,-0.03897428140044212,0.5013601183891296,0.4389640688896179,-0.05478617548942566,0.5339354276657104,0.4203502833843231,-0.06521102041006088,0.3955197334289551,0.5321410298347473,-0.030254561454057693,0.4883621633052826,0.5244121551513672,-0.05684183910489082,0.4884684085845947,0.5588030219078064,-0.05999748036265373,0.4724423289299011,0.5765871405601501,-0.059614427387714386,0.39878591895103455,0.5726892948150635,-0.04598243907094002,0.48985761404037476,0.5826030373573303,-0.06693586707115173,0.4799054265022278,0.6114066243171692,-0.057844508439302444,0.45852458477020264,0.6186074614524841,-0.049288373440504074,0.4063105881214142,0.619431734085083,-0.062224380671978,0.4835313558578491,0.620185911655426,-0.06896093487739563,0.4741905629634857,0.6402510404586792,-0.058512791991233826,0.4509069621562958,0.6453933119773865,-0.05057109147310257
0.35305583477020264,0.7277490496635437,7.979541010172397e-07,0.3810492753982544,0.6462244391441345,-0.0031829315703362226,0.42739298939704895,0.5832461714744568,-0.021106483414769173,0.47883400321006775,0.5646945834159851,-0.04235444590449333,0.5101843476295471,0.5656582713127136,-0.0633356049656868,0.4119395911693573,0.5163877606391907,-0.03123190626502037,0.48750385642051697,0.4894406199455261,-0.06431122124195099,0.5375539660453796,0.477694034576416,-0.08960364013910294,0.580479621887207,0.4705941081047058,-0.1071094498038292,0.4079616069793701,0.5506352186203003,-0.049021512269973755,0.4936254024505615,0.5087236166000366,-0.07900325953960419,0.5434050559997559,0.4917173981666565,-0.09460818022489548,0.5890288949012756,0.4762280285358429,-0.10658276826143265,0.4096670150756836,0.596918523311615,-0.06624695658683777,0.5078124403953552,0.6092321276664734,-0.08746539801359177,0.48517346382141113,0.632340669631958,-0.07867399603128433,0.4567922353744507,0.6373136639595032,-0.07195208221673965,0.41613179445266724,0.6502574682235718,-0.08550821244716644,0.4916042983531952,0.6575267910957336,-0.09541542083024979,0.4730745553970337,0.6684330105781555,-0.08353586494922638,0.44680255651474,0.6653483510017395,-0.07460421323776245
0.31033560633659363,0.7614358067512512,9.073662567971041e-07,0.3347049355506897,0.6872548460960388,-0.001131300232373178,0.3775869607925415,0.6331154108047485,-0.0177159383893013,0.4158683717250824,0.6157454252243042,-0.036633264273405075,0.43898341059684753,0.6039978265762329,-0.05526265501976013,0.3900972902774811,0.5800724625587463,-0.04092201963067055,0.47003304958343506,0.5646153688430786,-0.07042691856622696,0.5190514326095581,0.560490071773529,-0.09059618413448334,0.5600188970565796,0.5586606860160828,-0.10367077589035034,0.3876914978027344,0.6185957193374634,-0.055438652634620667,0.48175349831581116,0.6042681336402893,-0.08473723381757736,0.5409005880355835,0.6013709902763367,-0.09792867302894592,0.5901062488555908,0.5998008847236633,-0.10773039609193802,0.3886128067970276,0.6680755019187927,-0.06765096634626389,0.47424694895744324,0.6808587908744812,-0.08688393235206604,0.4485892355442047,0.6886332631111145,-0.07646089792251587,0.41744711995124817,0.6850494742393494,-0.06820693612098694,0.3896195888519287,0.7191764712333679,-0.08095870912075043,0.45285922288894653,0.7287048101425171,-0.08998100459575653,0.43378210067749023,0.7324260473251343,-0.07772228866815567,0.4086615741252899,0.7256535291671753,-0.06775783747434616
0.3783237636089325,0.7983554601669312,8.611637554167828e-07,0.4036570191383362,0.7258620262145996,-0.003389912424609065,0.45418769121170044,0.6769822239875793,-0.01887669786810875,0.5069217681884766,0.6735820174217224,-0.03601118177175522,0.5436577796936035,0.6789393424987793,-0.052517276257276535,0.4558505713939667,0.6157805323600769,-0.03442017361521721,0.5386795401573181,0.5950204133987427,-0.057729754596948624,0.5888845920562744,0.587407648563385,-0.07301514595746994,0.6297597289085388,0.5814422369003296,-0.08235277235507965,0.462336003780365,0.6566351056098938,-0.045960281044244766,0.5529133081436157,0.6362901926040649,-0.06733648478984833,0.6116446256637573,0.6279357075691223,-0.07709269225597382,0.6582869291305542,0.6204922795295715,-0.08449402451515198,0.46913206577301025,0.7074693441390991,-0.05589991435408592,0.5370514392852783,0.7124550938606262,-0.07110972702503204,0.5116393566131592,0.7236452698707581,-0.062258873134851456,0.4820946455001831,0.7249526381492615,-0.054338447749614716,0.47509151697158813,0.7600355744361877,-0.06686793267726898,0.524306058883667,0.7548027634620667,-0.07249829918146133,0.5052315592765808,0.7620043754577637,-0.059703223407268524,0.4829084575176239,0.7625650763511658,-0.04923364892601967
0.3777189552783966,0.7987547516822815,8.611511361777957e-07,0.4033191502094269,0.7240477204322815,-0.0030974738765507936,0.45421916246414185,0.6741935014724731,-0.01817433349788189,0.5063414573669434,0.6711472868919373,-0.03507830947637558,0.541966438293457,0.6783554553985596,-0.051368582993745804,0.45636388659477234,0.6151736378669739,-0.03342699632048607,0.5395869612693787,0.594833254814148,-0.056370217353105545,0.5897815227508545,0.5873522758483887,-0.07144725322723389,0.6307774186134338,0.5813267827033997,-0.08068200945854187,0.46268361806869507,0.6572180390357971,-0.045013248920440674,0.5530948042869568,0.6370112895965576,-0.06608559936285019,0.6116840839385986,0.6284377574920654,-0.07561731338500977,0.6583021879196167,0.6205886602401733,-0.08294273167848587,0.46932753920555115,0.7086803913116455,-0.05507538467645645,0.5376458168029785,0.7121528387069702,-0.07018964737653732,0.5122725963592529,0.7229350209236145,-0.061492983251810074,0.4825793504714966,0.7242836952209473,-0.0536629855632782,0.4752005338668823,0.7615747451782227,-0.06616189330816269,0.5248096585273743,0.7550065517425537,-0.07160581648349762,0.5055423378944397,0.7617909908294678,-0.0589354932308197,0.48281610012054443,0.7622732520103455,-0.04863010719418526
0.37608402967453003,0.8005744218826294,8.386582521779928e-07,0.40189939737319946,0.7260652780532837,-0.0008836693014018238,0.4520128071308136,0.6768074631690979,-0.014989354647696018,0.5041349530220032,0.6727383732795715,-0.031219782307744026,0.5402654409408569,0.6794998049736023,-0.04687703400850296,0.4546060860157013,0.6174173951148987,-0.031129304319620132,0.5369803309440613,0.5962659120559692,-0.05293315276503563,0.5867915153503418,0.5885559916496277,-0.06702720373868942,0.6269626617431641,0.5823666453361511,-0.07550010830163956,0.46193382143974304,0.6571537852287292,-0.04331829771399498,0.5525037050247192,0.6362325549125671,-0.06264261901378632,0.6114048957824707,0.6274936199188232,-0.07148689031600952,0.6577489972114563,0.6200705766677856,-0.07832864671945572,0.4689628481864929,0.7070043683052063,-0.05372053384780884,0.5341643691062927,0.713227391242981,-0.06679511070251465,0.5089899301528931,0.7244293093681335,-0.057875100523233414,0.4798998236656189,0.7259930372238159,-0.05019983649253845,0.4747805893421173,0.758884072303772,-0.06502793729305267,0.5209440588951111,0.7554749250411987,-0.06866376101970673,0.501800537109375,0.7627021670341492,-0.055563539266586304,0.47989341616630554,0.7635090351104736,-0.045145727694034576
0.376362144947052,0.7979682683944702,8.50873277613573e-07,0.4025272727012634,0.7246601581573486,-0.0011717943707481027,0.45325034856796265,0.6766049861907959,-0.01589549519121647,0.5052123069763184,0.6735890507698059,-0.03272462636232376,0.5402279496192932,0.6801860332489014,-0.04899408295750618,0.4559227526187897,0.6171451210975647,-0.0326143316924572,0.5386987924575806,0.5958465337753296,-0.05498166382312775,0.5884314179420471,0.5883544683456421,-0.06944908946752548,0.6285542249679565,0.5825402736663818,-0.07816767692565918,0.46219056844711304,0.6573450565338135,-0.04499346390366554,0.5534417629241943,0.6364497542381287,-0.06527992337942123,0.6121760010719299,0.6280527114868164,-0.07442259043455124,0.6583752036094666,0.6210359334945679,-0.08142851293087006,0.46864959597587585,0.7075037956237793,-0.055505529046058655,0.5347157716751099,0.7141932845115662,-0.06919891387224197,0.5095571875572205,0.7260456681251526,-0.059737540781497955,0.4804087281227112,0.7278503179550171,-0.05164804309606552,0.4741915166378021,0.7596946954727173,-0.0669378936290741,0.5220084190368652,0.7559207081794739,-0.07090682536363602,0.5029467940330505,0.7634266018867493,-0.05717998370528221,0.4805135726928711,0.7642006278038025,-0.04628841578960419
0.3764808773994446,0.7982509136199951,8.390848051931243e-07,0.4027189016342163,0.7246959805488586,-0.0009365653968416154,0.4532877802848816,0.6763327121734619,-0.015245232731103897,0.5050336122512817,0.6731334328651428,-0.03167354315519333,0.5403537750244141,0.6797781586647034,-0.047532036900520325,0.4557946026325226,0.6167882084846497,-0.031724411994218826,0.5384790301322937,0.5956560373306274,-0.05346234515309334,0.5879614353179932,0.5880874991416931,-0.06736302375793457,0.6278870105743408,0.5822646617889404,-0.0756743922829628,0.46244126558303833,0.6571227312088013,-0.04390215501189232,0.5531560778617859,0.6367825865745544,-0.06339219957590103,0.6116524338722229,0.6282733082771301,-0.07213690131902695,0.6576414704322815,0.6211389303207397,-0.07889686524868011,0.4690258502960205,0.7073204517364502,-0.054242443293333054,0.5343985557556152,0.7138124704360962,-0.0674300566315651,0.5091871023178101,0.7251225709915161,-0.05827576667070389,0.4800834655761719,0.7266342639923096,-0.0504230372607708,0.47463908791542053,0.7593941688537598,-0.06545568257570267,0.5217429995536804,0.7558236122131348,-0.06907486170530319,0.5025479197502136,0.7628828287124634,-0.05568530037999153,0.48033198714256287,0.7634474039077759,-0.04507433995604515
0.3732719123363495,0.7997371554374695,8.300012837025861e-07,0.3995097279548645,0.726979672908783,-9.928529470926151e-05,0.4487212598323822,0.6770491600036621,-0.014640209265053272,0.5000566244125366,0.6701771020889282,-0.031656138598918915,0.5352646112442017,0.6728049516677856,-0.04812002554535866,0.44919297099113464,0.6152352094650269,-0.03221742436289787,0.530422031879425,0.5926841497421265,-0.056568510830402374,0.5810570120811462,0.5837041139602661,-0.07270672172307968,0.6227167844772339,0.5766648650169373,-0.08230336755514145,0.45470085740089417,0.6544541716575623,-0.04558641463518143,0.5437098741531372,0.6330254673957825,-0.0671965628862381,0.6027108430862427,0.6233487725257874,-0.07702381163835526,0.6498064398765564,0.6152673363685608,-0.0845537930727005,0.46053773164749146,0.7040592432022095,-0.05705935135483742,0.5294948816299438,0.7085222601890564,-0.07185664027929306,0.5063261985778809,0.7219414710998535,-0.06131201237440109,0.477852463722229,0.7250427007675171,-0.052293967455625534,0.46552208065986633,0.7560094594955444,-0.0694756805896759,0.5171557664871216,0.7525559067726135,-0.07427922636270523,0.499578595161438,0.7612120509147644,-0.059946756809949875,0.4771689772605896,0.7622621655464172,-0.048351090401411057
0.3738504648208618,0.7994862794876099,8.649325309306732e-07,0.4008246064186096,0.7274220585823059,-0.0015384622383862734,0.44991737604141235,0.6775254011154175,-0.017214596271514893,0.5004297494888306,0.6719850301742554,-0.03531257435679436,0.5348126292228699,0.6757386922836304,-0.0528908297419548,0.4497995376586914,0.613311767578125,-0.033030930906534195,0.5321274399757385,0.5927715301513672,-0.05798470228910446,0.5831500887870789,0.584531307220459,-0.07496731728315353,0.6247514486312866,0.5777420401573181,-0.08540886640548706,0.4536440968513489,0.6518728733062744,-0.04639122635126114,0.5439966320991516,0.6313140392303467,-0.06916950643062592,0.603242814540863,0.6227365732192993,-0.07966163009405136,0.6502305865287781,0.615220308303833,-0.08761020749807358,0.45877403020858765,0.7017199993133545,-0.05813388153910637,0.5294507145881653,0.708319365978241,-0.07367904484272003,0.5051687955856323,0.7213966250419617,-0.06398788094520569,0.47594740986824036,0.7230710387229919,-0.055727746337652206,0.4639778733253479,0.7546609044075012,-0.07095520198345184,0.51638263463974,0.7513468861579895,-0.07645437866449356,0.49853959679603577,0.7597943544387817,-0.06287310272455215,0.4762903153896332,0.7601436376571655,-0.05200245603919029
0.3738524913787842,0.8005731105804443,8.650912945995515e-07,0.40127766132354736,0.7298254370689392,-0.0019620205275714397,0.4504934251308441,0.6794072389602661,-0.017774082720279694,0.5012667775154114,0.6724159121513367,-0.036019422113895416,0.5358873009681702,0.6741352081298828,-0.053754858672618866,0.4497196078300476,0.614074170589447,-0.0329684242606163,0.5310577154159546,0.5919954776763916,-0.05871327593922615,0.581998348236084,0.5830550789833069,-0.07640105485916138,0.6240377426147461,0.5761203169822693,-0.08736617118120193,0.4533182978630066,0.6515214443206787,-0.04634859040379524,0.542966365814209,0.6310656666755676,-0.07016026973724365,0.6027631759643555,0.6221562027931213,-0.0814516618847847,0.6507900357246399,0.6149004697799683,-0.08989725261926651,0.4583997428417206,0.7006489038467407,-0.05821060761809349,0.529671311378479,0.7097747921943665,-0.0745396837592125,0.5049963593482971,0.7234991788864136,-0.06517725437879562,0.4758054316043854,0.7253855466842651,-0.05711972340941429,0.46371057629585266,0.753171980381012,-0.07123817503452301,0.516263484954834,0.7524346113204956,-0.07752229273319244,0.49813586473464966,0.7613530158996582,-0.06442303955554962,0.4760172367095947,0.7611779570579529,-0.053849730640649796
0.37497416138648987,0.7968330979347229,8.531452522220206e-07,0.3998170495033264,0.7240721583366394,-0.0011268694652244449,0.4472011923789978,0.6718631982803345,-0.01635194569826126,0.498826801776886,0.6633159518241882,-0.03383893892168999,0.5354862213134766,0.6651146411895752,-0.05067284777760506,0.44582730531692505,0.6102628111839294,-0.03292050212621689,0.5279842615127563,0.5891108512878418,-0.05689048394560814,0.5779566168785095,0.5819284319877625,-0.07266581803560257,0.6179994940757751,0.5763924717903137,-0.08228163421154022,0.4507477879524231,0.6489371061325073,-0.04571761190891266,0.540632426738739,0.627741277217865,-0.06780877709388733,0.5998023748397827,0.6200923919677734,-0.07741553336381912,0.6457784175872803,0.6141611933708191,-0.08478087186813354,0.4572432339191437,0.6981075406074524,-0.05683167651295662,0.5268603563308716,0.7057085633277893,-0.0714300200343132,0.5043242573738098,0.7200864553451538,-0.06170040741562843,0.4759615659713745,0.7228792309761047,-0.053731705993413925,0.4640761613845825,0.7500699758529663,-0.06896892189979553,0.5155853033065796,0.749297022819519,-0.07388928532600403,0.49860212206840515,0.7589435577392578,-0.060797318816185,0.4768821895122528,0.759628415107727,-0.050429560244083405
0.37581831216812134,0.7926461696624756,8.808489724287938e-07,0.4013378620147705,0.7221725583076477,-0.002354233991354704,0.4490366280078888,0.670969545841217,-0.018774330615997314,0.5001077651977539,0.6630656719207764,-0.03739938139915466,0.5367060899734497,0.6641603112220764,-0.05540080741047859,0.4477677643299103,0.6075147986412048,-0.0356413796544075,0.5290754437446594,0.5864899158477783,-0.061712440103292465,0.579200267791748,0.5802361965179443,-0.07922828942537308,0.6199959516525269,0.5761278867721558,-0.09008161723613739,0.45066457986831665,0.6462446451187134,-0.048731300979852676,0.5405983924865723,0.6272166967391968,-0.07344730943441391,0.6006008982658386,0.6209586262702942,-0.08447142690420151,0.648459255695343,0.6164870262145996,-0.09267789125442505,0.45610877871513367,0.6956794261932373,-0.060165319591760635,0.5270864367485046,0.7067111134529114,-0.07652249932289124,0.5029252767562866,0.7204887270927429,-0.06659010052680969,0.4743773937225342,0.7223368883132935,-0.05840183049440384,0.46244412660598755,0.7480661273002625,-0.07279550284147263,0.5160170197486877,0.7492375373840332,-0.07891833037137985,0.4981423616409302,0.7580912113189697,-0.06554623693227768,0.4761176109313965,0.7575563192367554,-0.054900478571653366
0.3755022883415222,0.7938317060470581,8.791748768999241e-07,0.40085527300834656,0.7227299809455872,-0.00323446630500257,0.4489813446998596,0.6717087626457214,-0.01977149397134781,0.5007873177528381,0.6649631261825562,-0.0382329486310482,0.5373374819755554,0.6680120229721069,-0.05604034662246704,0.4474485516548157,0.6084222793579102,-0.03629854694008827,0.5291242599487305,0.58713698387146,-0.0621735118329525,0.578987717628479,0.5805234313011169,-0.07942097634077072,0.619280993938446,0.5755831599235535,-0.09013089537620544,0.45069342851638794,0.6474592685699463,-0.04894019290804863,0.5407184362411499,0.6280232667922974,-0.07392238080501556,0.6008734703063965,0.6209744811058044,-0.08539728075265884,0.6487870812416077,0.6157087683677673,-0.09384308755397797,0.45658978819847107,0.6965023875236511,-0.059924088418483734,0.5278278589248657,0.7080729603767395,-0.07671431452035904,0.504063069820404,0.7212965488433838,-0.06768359243869781,0.4756240248680115,0.7226723432540894,-0.059950973838567734,0.4634707570075989,0.7480099201202393,-0.07211415469646454,0.5159729719161987,0.7497403025627136,-0.07851763814687729,0.4980940818786621,0.7584184408187866,-0.06579167395830154,0.4764327108860016,0.7574657797813416,-0.055567365139722824
0.37622955441474915,0.792142391204834,8.457594162791793e-07,0.4020864963531494,0.7203897833824158,-0.002819696208462119,0.4504270553588867,0.6693894267082214,-0.01809108816087246,0.5014523863792419,0.6618124842643738,-0.03534364327788353,0.5382750630378723,0.6632711291313171,-0.052019063383340836,0.4511428773403168,0.6090347170829773,-0.03403483331203461,0.5313268899917603,0.589063823223114,-0.05839182436466217,0.5801712870597839,0.5833069086074829,-0.07470783591270447,0.6196833848953247,0.5789197683334351,-0.0851525291800499,0.45511960983276367,0.6482025384902954,-0.04647719860076904,0.5434019565582275,0.6297466158866882,-0.06956362724304199,0.6026126742362976,0.6233918070793152,-0.08023905754089355,0.6499312520027161,0.61822110414505,-0.08858764916658401,0.4605148136615753,0.697166383266449,-0.05750611051917076,0.5316445827484131,0.7067840099334717,-0.07351187616586685,0.5078082084655762,0.7196698784828186,-0.06513731181621552,0.47917893528938293,0.7214696407318115,-0.058180052787065506,0.46609950065612793,0.7485669255256653,-0.06970036029815674,0.5172884464263916,0.7489481568336487,-0.07668537646532059,0.5000125169754028,0.75693678855896,-0.06541115045547485,0.47864392399787903,0.7565954327583313,-0.05633480101823807
0.3766835629940033,0.7922422289848328,8.213710316340439e-07,0.4013296067714691,0.7188802361488342,-0.0016016002045944333,0.44872722029685974,0.6682156324386597,-0.016391729936003685,0.4989340305328369,0.6613232493400574,-0.03323553130030632,0.5344972610473633,0.6655899882316589,-0.0495966412127018,0.4508410394191742,0.6099201440811157,-0.03382981941103935,0.531027615070343,0.5906467437744141,-0.05731165036559105,0.5793410539627075,0.583629846572876,-0.0726172924041748,0.6185518503189087,0.5780683159828186,-0.08217186480760574,0.4551921784877777,0.6490684151649475,-0.04640074446797371,0.5427168607711792,0.6298234462738037,-0.06818903982639313,0.5999966263771057,0.6221417188644409,-0.07787821441888809,0.6456937789916992,0.6158652305603027,-0.08548363298177719,0.4610503017902374,0.6983636617660522,-0.05728639289736748,0.5303230285644531,0.706606388092041,-0.07236503809690475,0.5067868232727051,0.7187739014625549,-0.06356248259544373,0.4785297214984894,0.7208340167999268,-0.05615031346678734,0.46682512760162354,0.7502284646034241,-0.06914650648832321,0.5174514055252075,0.7486634254455566,-0.074936643242836,0.500176727771759,0.7563826441764832,-0.06289227306842804,0.4788416922092438,0.7570009827613831,-0.053230348974466324
0.3765327036380768,0.7923879623413086,8.292892061945167e-07,0.4011116027832031,0.7195644974708557,-0.0015998525777831674,0.44894087314605713,0.6693834662437439,-0.016371142119169235,0.4997180700302124,0.662756085395813,-0.03320460021495819,0.5352016091346741,0.6668800711631775,-0.04954972118139267,0.4505085349082947,0.6105799078941345,-0.03333725407719612,0.5302448272705078,0.5909283757209778,-0.05688156932592392,0.5787113308906555,0.5836901664733887,-0.07243973761796951,0.6182347536087036,0.5780701637268066,-0.08215170353651047,0.45531123876571655,0.6492586135864258,-0.04592131823301315,0.5429127216339111,0.6302393078804016,-0.06774935871362686,0.6005157232284546,0.6225607395172119,-0.0776982381939888,0.6466149091720581,0.6162980794906616,-0.08540137857198715,0.46134889125823975,0.6983191967010498,-0.05681777745485306,0.5299855470657349,0.7069599628448486,-0.07185845077037811,0.5061793327331543,0.719188928604126,-0.06302293390035629,0.4779064655303955,0.7212206125259399,-0.05552246421575546,0.4671151340007782,0.7500283122062683,-0.06871144473552704,0.517308235168457,0.7491723895072937,-0.07442966848611832,0.49983784556388855,0.7568762898445129,-0.06221575662493706,0.4783876836299896,0.7573164105415344,-0.05237704515457153
0.37639889121055603,0.7923001050949097,8.316932849083969e-07,0.40300115942955017,0.720969021320343,-0.0016020385082811117,0.4532194137573242,0.6729618906974792,-0.0162764023989439,0.5048837661743164,0.6698711514472961,-0.0332801379263401,0.5405077934265137,0.6734992861747742,-0.049566034227609634,0.4544922113418579,0.6113659739494324,-0.030747342854738235,0.5329314470291138,0.591641902923584,-0.054538317024707794,0.5817921757698059,0.585914134979248,-0.07070513069629669,0.6214616298675537,0.5826877355575562,-0.08078227192163467,0.4577491283416748,0.6493367552757263,-0.043617211282253265,0.5446065664291382,0.6313964128494263,-0.06577242910861969,0.6019414663314819,0.6250735521316528,-0.07626514136791229,0.6481472849845886,0.6207427978515625,-0.08419875800609589,0.46207642555236816,0.6975356340408325,-0.05508720129728317,0.5303962230682373,0.7107517719268799,-0.07013546675443649,0.505952775478363,0.7222773432731628,-0.0614779032766819,0.47796860337257385,0.7222022414207458,-0.054167576134204865,0.46632349491119385,0.7487483620643616,-0.0676996037364006,0.5171462893486023,0.7511773109436035,-0.07327663898468018,0.4992453455924988,0.7588831186294556,-0.06101506948471069,0.47804132103919983,0.7572198510169983,-0.05124096944928169
0.37626752257347107,0.7930229306221008,8.25028052986454e-07,0.40226635336875916,0.7206997275352478,-0.0010865728836506605,0.4516778588294983,0.6722723245620728,-0.01570058986544609,0.5028582215309143,0.6687259078025818,-0.032623663544654846,0.5379204154014587,0.6738991141319275,-0.04888058453798294,0.45300522446632385,0.6116524934768677,-0.031373824924230576,0.5323438048362732,0.592177152633667,-0.05477393791079521,0.5811805725097656,0.585582971572876,-0.07038340717554092,0.6206859946250916,0.5811445116996765,-0.07996869832277298,0.4566578269004822,0.6498486399650574,-0.044236551970243454,0.5441564917564392,0.6310011148452759,-0.06582874804735184,0.6015743017196655,0.6234123706817627,-0.07575790584087372,0.6474121809005737,0.6178900003433228,-0.08334321528673172,0.4614947438240051,0.6981675028800964,-0.05552667751908302,0.5296396017074585,0.7099301218986511,-0.07013365626335144,0.5060900449752808,0.7216697335243225,-0.06126542389392853,0.4785160422325134,0.7224134206771851,-0.05376249924302101,0.4663771092891693,0.7493772506713867,-0.06786657869815826,0.517175018787384,0.750709056854248,-0.07290251553058624,0.49948588013648987,0.7584875822067261,-0.06040608137845993,0.478328138589859,0.7574430704116821,-0.05048073083162308
0.37627673149108887,0.7926025986671448,8.351849487553409e-07,0.40247824788093567,0.7204927206039429,-0.0017345008673146367,0.4522562623023987,0.6722331047058105,-0.016496526077389717,0.5034791827201843,0.6694272756576538,-0.03355911374092102,0.5385351777076721,0.6744594573974609,-0.049935705959796906,0.4537670314311981,0.6111872792243958,-0.031218480318784714,0.5333487391471863,0.5917220711708069,-0.05492600426077843,0.582570493221283,0.5856465697288513,-0.07098586857318878,0.6225628852844238,0.5819582939147949,-0.08091501891613007,0.4570539593696594,0.6495229601860046,-0.043903883546590805,0.5443586707115173,0.6310234665870667,-0.06576228886842728,0.601758599281311,0.6237488985061646,-0.07600179314613342,0.6478036642074585,0.618553102016449,-0.08383164554834366,0.4615664780139923,0.6981399059295654,-0.05516340583562851,0.5300681591033936,0.7096555233001709,-0.06997160613536835,0.5061449408531189,0.7211994528770447,-0.06120206043124199,0.4783107340335846,0.721663236618042,-0.05377879738807678,0.4661453664302826,0.7495133280754089,-0.06757311522960663,0.5171670317649841,0.7505723834037781,-0.07286514341831207,0.49940207600593567,0.7580515146255493,-0.06048167124390602,0.4782239496707916,0.7567023634910583,-0.05062881112098694
0.37402498722076416,0.7976939678192139,8.22724359750282e-07,0.39855217933654785,0.7259171009063721,-0.002549146069213748,0.4448690116405487,0.6771485805511475,-0.01798812299966812,0.49562153220176697,0.6716096997261047,-0.03539885953068733,0.5308613777160645,0.6757762432098389,-0.05195261165499687,0.4457976818084717,0.6155722737312317,-0.03246728703379631,0.5261565446853638,0.5946823358535767,-0.056620992720127106,0.5743381381034851,0.5857173204421997,-0.07234718650579453,0.6128253936767578,0.5780043005943298,-0.08203795552253723,0.45134058594703674,0.6533122658729553,-0.04475327953696251,0.5382487773895264,0.6330910325050354,-0.06808163970708847,0.5963116884231567,0.6250859498977661,-0.07892003655433655,0.6426316499710083,0.6184240579605103,-0.08693268895149231,0.4578547179698944,0.7006784081459045,-0.0555577427148819,0.525933563709259,0.7118062376976013,-0.07213392108678818,0.5034482479095459,0.7264559864997864,-0.0636371299624443,0.47629597783088684,0.7289243340492249,-0.05589405074715614,0.46410632133483887,0.7502887845039368,-0.0674726590514183,0.5130870938301086,0.7534979581832886,-0.07415739446878433,0.4963102340698242,0.7627488374710083,-0.06245531514286995,0.47552481293678284,0.7619116306304932,-0.052781008183956146
0.37488430738449097,0.7963923215866089,8.677010896462889e-07,0.4011736214160919,0.7270402908325195,-0.002550892997533083,0.44875484704971313,0.6780635714530945,-0.01853969134390354,0.4984823763370514,0.6712407469749451,-0.03681597486138344,0.5331135392189026,0.6717311143875122,-0.0542990118265152,0.4477728009223938,0.6129677295684814,-0.032848697155714035,0.5276820063591003,0.5933882594108582,-0.05846941098570824,0.5774329900741577,0.5872076153755188,-0.07598339021205902,0.6177842617034912,0.5830842852592468,-0.08694940060377121,0.4512011408805847,0.6506319642066956,-0.045844562351703644,0.5397528409957886,0.6327629089355469,-0.07036301493644714,0.5988919734954834,0.6262255311012268,-0.08212268352508545,0.6461794376373291,0.6212570667266846,-0.0908149853348732,0.4563744366168976,0.6991281509399414,-0.05745164677500725,0.5260477662086487,0.7111259698867798,-0.07463963329792023,0.501721203327179,0.7250964045524597,-0.06596366316080093,0.47314050793647766,0.7267722487449646,-0.05834344029426575,0.4619981348514557,0.750971794128418,-0.07022790610790253,0.5134872794151306,0.7534166574478149,-0.0776018425822258,0.4958009123802185,0.7622933387756348,-0.06555575132369995,0.47405773401260376,0.7613885998725891,-0.05568790063261986
0.3749253451824188,0.7970954179763794,8.68996039571357e-07,0.40067845582962036,0.7270202040672302,-0.0024027922190725803,0.44808685779571533,0.6773194074630737,-0.018361089751124382,0.49816662073135376,0.6692816615104675,-0.03655499592423439,0.5337355136871338,0.6692734956741333,-0.05406990647315979,0.44811394810676575,0.6124477982521057,-0.033649131655693054,0.5279114246368408,0.5926608443260193,-0.059412118047475815,0.5778586864471436,0.5862282514572144,-0.07709763944149017,0.6183930039405823,0.5817846059799194,-0.0882406011223793,0.45166707038879395,0.6502349376678467,-0.046775933355093,0.540294349193573,0.6324479579925537,-0.0712248682975769,0.599822461605072,0.6261577010154724,-0.08296167850494385,0.6474005579948425,0.6215046644210815,-0.09176593273878098,0.4570053517818451,0.6989891529083252,-0.05843181163072586,0.5265896916389465,0.7106665968894958,-0.07520942389965057,0.5022449493408203,0.7244492173194885,-0.06638122349977493,0.4736315608024597,0.726069986820221,-0.05889861658215523,0.4626847207546234,0.7507619857788086,-0.07127201557159424,0.5139780640602112,0.7526895403862,-0.07825988531112671,0.4965004324913025,0.7615497708320618,-0.06608334183692932,0.4750750660896301,0.7608184218406677,-0.056252844631671906
0.3733128309249878,0.7992826700210571,8.822440804578946e-07,0.3988146185874939,0.7294797301292419,-0.004441106226295233,0.44680535793304443,0.6774222254753113,-0.021300017833709717,0.4977356195449829,0.6682339906692505,-0.04000680521130562,0.5340684652328491,0.6669524908065796,-0.05794016644358635,0.444908082485199,0.6122379899024963,-0.0363796204328537,0.5253152847290039,0.5924106240272522,-0.06324887275695801,0.5756985545158386,0.587091863155365,-0.08164367824792862,0.6163496971130371,0.5841424465179443,-0.09315403550863266,0.446836918592453,0.651376485824585,-0.048635173588991165,0.5358113050460815,0.6331840753555298,-0.07485619187355042,0.5960772633552551,0.626990020275116,-0.08692975342273712,0.6441259384155273,0.6226679086685181,-0.09574441611766815,0.4515628516674042,0.7004604339599609,-0.05957333743572235,0.5242294669151306,0.7110084295272827,-0.07795026153326035,0.5007842779159546,0.7253084182739258,-0.069361612200737,0.47226181626319885,0.7269970774650574,-0.061773475259542465,0.45778605341911316,0.7523663640022278,-0.07179137319326401,0.5121423006057739,0.7531620860099792,-0.0798705518245697,0.4941166043281555,0.7619954347610474,-0.06795506179332733,0.47143179178237915,0.7604017853736877,-0.05815296247601509
0.37270715832710266,0.7993401885032654,8.684265253577905e-07,0.3984939157962799,0.7291710376739502,-0.003964647650718689,0.4464487135410309,0.6770902276039124,-0.02035754919052124,0.4973141551017761,0.6679454445838928,-0.03868098184466362,0.5338954925537109,0.6672391891479492,-0.056235890835523605,0.44511306285858154,0.6122509241104126,-0.03549925982952118,0.5250451564788818,0.591962456703186,-0.06197629123926163,0.5751686692237854,0.5869503617286682,-0.08004797250032425,0.6154111623764038,0.584092378616333,-0.0914270356297493,0.4470495283603668,0.6509794592857361,-0.04795104265213013,0.5355483293533325,0.632813572883606,-0.07378347963094711,0.5955814719200134,0.6272522807121277,-0.08582085371017456,0.6433497071266174,0.6234450340270996,-0.0946609228849411,0.45162856578826904,0.6996462345123291,-0.05909934267401695,0.5241963267326355,0.7109242081642151,-0.07732211798429489,0.5009551644325256,0.7250602841377258,-0.0693640410900116,0.47257182002067566,0.7264495491981506,-0.06227508932352066,0.45763763785362244,0.7512317895889282,-0.0714777484536171,0.5114477872848511,0.7534844875335693,-0.0795803815126419,0.49359554052352905,0.762234091758728,-0.06830862164497375,0.47132036089897156,0.7603142261505127,-0.059019964188337326
0.3720272183418274,0.7987902760505676,8.698463034306769e-07,0.397847056388855,0.7282627820968628,-0.003107733791694045,0.4456358551979065,0.6778226494789124,-0.019606048241257668,0.4963674545288086,0.6716365218162537,-0.03816026449203491,0.5329867601394653,0.6740001440048218,-0.05599642172455788,0.44523870944976807,0.6139311790466309,-0.035809051245450974,0.5264499187469482,0.5926030278205872,-0.06196156516671181,0.5762497782707214,0.5879085063934326,-0.07967286556959152,0.6159486174583435,0.5854834318161011,-0.0907321348786354,0.4478825628757477,0.6528980731964111,-0.048355717211961746,0.5368638634681702,0.6340755224227905,-0.07358977198600769,0.596783459186554,0.6285496950149536,-0.08525138348340988,0.6442446112632751,0.6248475313186646,-0.09394703060388565,0.45309263467788696,0.7010592222213745,-0.05936601385474205,0.5243897438049316,0.7125282883644104,-0.07609013468027115,0.5011309385299683,0.7266947031021118,-0.06722310930490494,0.4730510115623474,0.7283757328987122,-0.05985933169722557,0.459200382232666,0.751337468624115,-0.07163050770759583,0.5117388367652893,0.7538111805915833,-0.07824091613292694,0.4940711259841919,0.7621132135391235,-0.06603763997554779,0.4721604883670807,0.7603119611740112,-0.05629574507474899
0.37205129861831665,0.7989574074745178,8.576320169595419e-07,0.3979910612106323,0.7290182709693909,-0.0028508862014859915,0.44542068243026733,0.679233968257904,-0.019346192479133606,0.4957737326622009,0.6726170778274536,-0.03790862485766411,0.5317559838294983,0.6739656925201416,-0.055704839527606964,0.4455888271331787,0.614591121673584,-0.03558807820081711,0.5264853239059448,0.5936954021453857,-0.061260852962732315,0.5756033658981323,0.5882723927497864,-0.07838591188192368,0.61500084400177,0.5845760107040405,-0.08904869854450226,0.4482739567756653,0.652743399143219,-0.04818366467952728,0.5373151302337646,0.6338958740234375,-0.07290001958608627,0.5965762734413147,0.6279489398002625,-0.08418674021959305,0.6437181234359741,0.6235930919647217,-0.09263581037521362,0.4533918797969818,0.7005709409713745,-0.059208374470472336,0.523990273475647,0.7131921648979187,-0.07578855752944946,0.5002298355102539,0.7272545099258423,-0.06689237058162689,0.47212836146354675,0.728620707988739,-0.059469327330589294,0.45942604541778564,0.7509104013442993,-0.07143052667379379,0.511949896812439,0.7543253898620605,-0.07798080146312714,0.49405568838119507,0.7627864480018616,-0.06583297997713089,0.47213801741600037,0.7610050439834595,-0.05614536628127098
0.37231868505477905,0.7988213896751404,8.584750617046666e-07,0.39811262488365173,0.728975236415863,-0.0025483551435172558,0.44528335332870483,0.6791593432426453,-0.01891903392970562,0.4955211877822876,0.6721373796463013,-0.0373992919921875,0.5316997170448303,0.6734802722930908,-0.05510709062218666,0.4456077218055725,0.6144517660140991,-0.035367079079151154,0.5269438028335571,0.5936922430992126,-0.06085183098912239,0.5761335492134094,0.5884032249450684,-0.07777546346187592,0.6155180931091309,0.5849514007568359,-0.0882551446557045,0.44836103916168213,0.6525083780288696,-0.048010874539613724,0.5376614928245544,0.6335086226463318,-0.07245771586894989,0.5967744588851929,0.6275337934494019,-0.08345630764961243,0.6435946226119995,0.6230852007865906,-0.0916607528924942,0.4535987079143524,0.700465977191925,-0.05906357243657112,0.5240996479988098,0.7130696177482605,-0.07539194822311401,0.5004743337631226,0.7273399233818054,-0.06638797372579575,0.4723334312438965,0.7287675738334656,-0.058879539370536804,0.4597247838973999,0.7509642839431763,-0.0712764784693718,0.512203574180603,0.7542977929115295,-0.07761796563863754,0.4943080544471741,0.7627861499786377,-0.06538310647010803,0.4723042845726013,0.7610481977462769,-0.055612463504076004
0.37035590410232544,0.8017483353614807,8.485946523251187e-07,0.3970406651496887,0.7317348122596741,-0.0035051123704761267,0.4440053701400757,0.680871307849884,-0.01968536525964737,0.49416688084602356,0.6722473502159119,-0.038015853613615036,0.5293749570846558,0.6740983128547668,-0.055620938539505005,0.4424970746040344,0.6167646050453186,-0.03348277509212494,0.5215404629707336,0.5970761775970459,-0.0593259297311306,0.5702207684516907,0.5900200605392456,-0.07683244347572327,0.6099360585212708,0.5841890573501587,-0.08791404962539673,0.4463164508342743,0.6537309885025024,-0.0461713932454586,0.5343807339668274,0.6357366442680359,-0.07142172753810883,0.5938844084739685,0.6292045712471008,-0.08334723114967346,0.641970157623291,0.6238741874694824,-0.09208614379167557,0.45199185609817505,0.7010485529899597,-0.05758504569530487,0.5234397649765015,0.7139306664466858,-0.07553648203611374,0.49928998947143555,0.7279644012451172,-0.0674862489104271,0.4710015058517456,0.7292056083679199,-0.06020408496260643,0.45848098397254944,0.751674473285675,-0.07024846225976944,0.5110324621200562,0.7555689811706543,-0.07778897881507874,0.49318110942840576,0.7642296552658081,-0.06632962822914124,0.47133341431617737,0.7624495625495911,-0.05698436498641968
0.37032827734947205,0.8012542724609375,8.726668738745502e-07,0.3963643014431,0.7310510277748108,-0.0031788486521691084,0.4440985918045044,0.6801052689552307,-0.018783023580908775,0.49414145946502686,0.67157381772995,-0.03658933565020561,0.5291737914085388,0.6721999645233154,-0.05364151671528816,0.4424775242805481,0.6159107089042664,-0.03167308121919632,0.5211326479911804,0.5966799855232239,-0.057190146297216415,0.5706295967102051,0.5899932384490967,-0.0749790295958519,0.611436128616333,0.5857112407684326,-0.08625464886426926,0.44684547185897827,0.6533772945404053,-0.04418150708079338,0.5344525575637817,0.6360526084899902,-0.06864696741104126,0.5938518047332764,0.6292675733566284,-0.08049583435058594,0.6419563293457031,0.6242629885673523,-0.08926915377378464,0.45237642526626587,0.7018246650695801,-0.055530380457639694,0.5232424736022949,0.7134096622467041,-0.07274575531482697,0.4986623227596283,0.7263572216033936,-0.0647510439157486,0.4696905314922333,0.727483868598938,-0.05761472135782242,0.4582323133945465,0.7538279294967651,-0.06812727451324463,0.5108140110969543,0.7560443878173828,-0.07561460137367249,0.49326950311660767,0.7639984488487244,-0.06435077637434006,0.47133544087409973,0.7623738050460815,-0.055081211030483246
0.37063682079315186,0.8008331060409546,8.742186992094503e-07,0.39692413806915283,0.7309455275535583,-0.0030728867277503014,0.44453635811805725,0.6802138686180115,-0.018785158172249794,0.49445462226867676,0.6719481348991394,-0.03676078841090202,0.5294023752212524,0.6729887127876282,-0.05397403612732887,0.4426291584968567,0.6157406568527222,-0.031697828322649,0.5211602449417114,0.5964150428771973,-0.057448334991931915,0.570724368095398,0.5898841619491577,-0.07539056986570358,0.6115932464599609,0.585835874080658,-0.08672560751438141,0.4467476010322571,0.6528910994529724,-0.04435800388455391,0.5344616174697876,0.6357678771018982,-0.06905291974544525,0.5939511656761169,0.6292087435722351,-0.08099154382944107,0.6421358585357666,0.6243836283683777,-0.08976785093545914,0.4521254301071167,0.7011609077453613,-0.05586417764425278,0.5231160521507263,0.7134485244750977,-0.07326222956180573,0.4985744059085846,0.7266154885292053,-0.06525670737028122,0.46967369318008423,0.7277367115020752,-0.05804562568664551,0.45789915323257446,0.7531896233558655,-0.06861916184425354,0.5107767581939697,0.7561389207839966,-0.07618822902441025,0.4933096766471863,0.7642156481742859,-0.06488907337188721,0.4714210033416748,0.7625166177749634,-0.0555601641535759
0.3702130913734436,0.795737087726593,8.729970772947127e-07,0.39500725269317627,0.724574625492096,-0.0009837393881753087,0.44189420342445374,0.6752491593360901,-0.01708368957042694,0.4925290644168854,0.6710902452468872,-0.035474274307489395,0.5277328491210938,0.6745098233222961,-0.05330994352698326,0.44199368357658386,0.6136300563812256,-0.03596319630742073,0.52444988489151,0.5935086011886597,-0.06154334545135498,0.5741593837738037,0.5882242918014526,-0.07844524830579758,0.6141471266746521,0.5851181745529175,-0.08897055685520172,0.44493186473846436,0.6512206196784973,-0.049152929335832596,0.5343219041824341,0.6319417953491211,-0.07353197038173676,0.5926201343536377,0.6260554194450378,-0.084058478474617,0.6386241912841797,0.6212562322616577,-0.09205889701843262,0.4503106474876404,0.6993438601493835,-0.06040266156196594,0.5232141017913818,0.7103848457336426,-0.07573433965444565,0.49932995438575745,0.7235616445541382,-0.0657794401049614,0.46989843249320984,0.7239422798156738,-0.05800474062561989,0.4564182162284851,0.7504280805587769,-0.07273312658071518,0.510536253452301,0.7542976140975952,-0.07836563885211945,0.4927443265914917,0.7619913220405579,-0.06568508595228195,0.46988093852996826,0.7592023611068726,-0.05568018555641174
0.3705691397190094,0.796140193939209,8.642255124868825e-07,0.39565780758857727,0.724983811378479,-0.00226554274559021,0.44224560260772705,0.6752780079841614,-0.018906349316239357,0.49247241020202637,0.67122483253479,-0.03765321150422096,0.5274667739868164,0.6760861277580261,-0.055628057569265366,0.4419960081577301,0.6129003167152405,-0.03657125309109688,0.5236731767654419,0.5931782126426697,-0.062438659369945526,0.5729743838310242,0.5884121656417847,-0.07944972813129425,0.6125142574310303,0.5851098299026489,-0.09009580314159393,0.44442275166511536,0.6512369513511658,-0.04942367225885391,0.5329530835151672,0.6322080492973328,-0.07436823099851608,0.5915437340736389,0.62690269947052,-0.08523446321487427,0.6379234790802002,0.6228713989257812,-0.09341975301504135,0.4496955871582031,0.6991745233535767,-0.060555681586265564,0.5218011140823364,0.7114264369010925,-0.07694724947214127,0.49854734539985657,0.7250650525093079,-0.0677110105752945,0.4699349105358124,0.7257863879203796,-0.06018455699086189,0.4563451409339905,0.7498002052307129,-0.07287538796663284,0.5099963545799255,0.754819393157959,-0.07938182353973389,0.49214017391204834,0.7631878852844238,-0.06746851652860641,0.46968111395835876,0.7604647874832153,-0.05797653645277023
0.37055161595344543,0.7961567640304565,8.775247124503949e-07,0.3957812786102295,0.7251691222190857,-0.002453874796628952,0.4425124526023865,0.6752303838729858,-0.01917901076376438,0.4928114414215088,0.6705920100212097,-0.03801210969686508,0.5278621315956116,0.6749897003173828,-0.056107569485902786,0.44195929169654846,0.6125709414482117,-0.03662879392504692,0.5239225625991821,0.5932477712631226,-0.06288155168294907,0.5737297534942627,0.5886923670768738,-0.08029630780220032,0.6136592626571655,0.5856494903564453,-0.09119709581136703,0.4444354176521301,0.6510246396064758,-0.04951068013906479,0.5334237217903137,0.6323425769805908,-0.07492291927337646,0.5927620530128479,0.627240777015686,-0.08609353750944138,0.6397711038589478,0.6234388947486877,-0.09440531581640244,0.44978949427604675,0.6990833282470703,-0.06070569157600403,0.5221756100654602,0.7112858295440674,-0.07744356244802475,0.4986400902271271,0.7248296737670898,-0.06829795241355896,0.46990272402763367,0.7254924178123474,-0.06074462831020355,0.45656970143318176,0.7498107552528381,-0.0731121376156807,0.5102851986885071,0.7547166347503662,-0.07980374246835709,0.49232032895088196,0.7629441618919373,-0.06788845360279083,0.4699232280254364,0.7601857781410217,-0.05834516882896423
0.3677769899368286,0.7989861965179443,8.596088605372643e-07,0.3929801881313324,0.728837251663208,-0.001788754598237574,0.43803614377975464,0.6781886219978333,-0.017821092158555984,0.48768118023872375,0.6684314012527466,-0.03626789525151253,0.5238646864891052,0.6689130067825317,-0.05399688333272934,0.43720343708992004,0.6138248443603516,-0.03423534706234932,0.5174296498298645,0.5927983522415161,-0.06133238971233368,0.5677152872085571,0.5860906839370728,-0.07966375350952148,0.6085789203643799,0.5818265676498413,-0.09088556468486786,0.4397229254245758,0.6504260897636414,-0.047594308853149414,0.5278518795967102,0.6305835843086243,-0.07347697764635086,0.5872085690498352,0.6237034797668457,-0.0855889841914177,0.63454270362854,0.618628203868866,-0.09435038268566132,0.4449370801448822,0.6977166533470154,-0.05937778949737549,0.5175120830535889,0.7104305028915405,-0.07738284766674042,0.49408769607543945,0.7252416610717773,-0.06894364207983017,0.4654163718223572,0.7263140082359314,-0.06136419251561165,0.4511983096599579,0.7477793097496033,-0.07225091755390167,0.505679190158844,0.753082275390625,-0.07998035848140717,0.48765644431114197,0.7620925903320312,-0.0682164654135704,0.4645910859107971,0.7595231533050537,-0.058412596583366394
0.3675398528575897,0.7985885143280029,8.548871051061724e-07,0.39305365085601807,0.728647768497467,-0.002684721490368247,0.4394828677177429,0.6767166256904602,-0.01860881596803665,0.4900428056716919,0.6662698984146118,-0.03668949007987976,0.5272079706192017,0.6645064353942871,-0.05398689955472946,0.43706145882606506,0.6123116612434387,-0.03412218764424324,0.5161435008049011,0.5924671292304993,-0.06049283593893051,0.5656061172485352,0.586940586566925,-0.07836766541004181,0.605701208114624,0.583800196647644,-0.08949918299913406,0.43992844223976135,0.6501357555389404,-0.04693979769945145,0.5280793309211731,0.6319379210472107,-0.07264906913042068,0.5868297815322876,0.6254118084907532,-0.08467557281255722,0.633527934551239,0.6205640435218811,-0.09348245710134506,0.4454312324523926,0.6979496479034424,-0.05830669030547142,0.518086850643158,0.7102565169334412,-0.0762086808681488,0.49460160732269287,0.7251186966896057,-0.06792491674423218,0.46603113412857056,0.726416826248169,-0.06064938008785248,0.4523293375968933,0.7484588623046875,-0.07079391926527023,0.5067290663719177,0.7523175477981567,-0.0785445123910904,0.4887944459915161,0.7615205645561218,-0.06699918955564499,0.46610260009765625,0.7593878507614136,-0.05747838318347931
0.36239200830459595,0.7961209416389465,8.69326413521776e-07,0.3888920247554779,0.7274294495582581,-0.0023588004987686872,0.4358757436275482,0.6778144240379333,-0.01802678592503071,0.48710212111473083,0.6678919792175293,-0.03612269088625908,0.5238476991653442,0.6664417386054993,-0.05359363555908203,0.4323943853378296,0.6144742369651794,-0.03361139073967934,0.5132081508636475,0.5915742516517639,-0.061028677970170975,0.5643289685249329,0.5849292278289795,-0.07947084307670593,0.6052429676055908,0.5815858840942383,-0.09053455293178558,0.43459561467170715,0.6515073180198669,-0.046600908041000366,0.5231428146362305,0.6297767162322998,-0.07242362201213837,0.5830107927322388,0.6230453848838806,-0.08416126668453217,0.630154013633728,0.6187008619308472,-0.09239043295383453,0.4396435022354126,0.6986278295516968,-0.058313168585300446,0.5127695202827454,0.7094992995262146,-0.07651882618665695,0.48984408378601074,0.7233482003211975,-0.06862407177686691,0.4613974690437317,0.7237988710403442,-0.06127331778407097,0.44567495584487915,0.7480120062828064,-0.07118452340364456,0.5003145933151245,0.7528896927833557,-0.07899928838014603,0.48209717869758606,0.7615062594413757,-0.06763434410095215,0.45898234844207764,0.7588819265365601,-0.0580575056374073
0.36321309208869934,0.7963787317276001,8.638612030154036e-07,0.39001232385635376,0.7274975180625916,-0.002937228884547949,0.43761372566223145,0.6771640777587891,-0.01906789280474186,0.48863527178764343,0.6671231985092163,-0.03722686693072319,0.5257933139801025,0.6647363901138306,-0.05465082451701164,0.43392229080200195,0.6135727167129517,-0.03529897704720497,0.514169454574585,0.5916503071784973,-0.062025461345911026,0.5640850067138672,0.5855551362037659,-0.07979927957057953,0.6043027639389038,0.5822940468788147,-0.09067770838737488,0.4364027976989746,0.6513157486915588,-0.04782703518867493,0.5252423882484436,0.6310214400291443,-0.07297354191541672,0.5842205882072449,0.624769389629364,-0.0839313194155693,0.6307359933853149,0.6205792427062988,-0.09192484617233276,0.4414089322090149,0.6990074515342712,-0.058962639421224594,0.514237105846405,0.7097247838973999,-0.07613848894834518,0.4901737570762634,0.7230008244514465,-0.06711417436599731,0.46109843254089355,0.7232041358947754,-0.05947321280837059,0.44725656509399414,0.749059796333313,-0.07134796679019928,0.5003473162651062,0.7534285187721252,-0.07883238047361374,0.4815906882286072,0.761855959892273,-0.0671864002943039,0.45889371633529663,0.7588731646537781,-0.05762782320380211
0.362992525100708,0.7965698838233948,8.623130725027295e-07,0.38942599296569824,0.727749764919281,-0.0027303805109113455,0.43683356046676636,0.6774762868881226,-0.01874895952641964,0.4877438545227051,0.6673498749732971,-0.036786362528800964,0.5246468782424927,0.6650484204292297,-0.05408712476491928,0.4334564208984375,0.6140552759170532,-0.03563402593135834,0.5144280791282654,0.592129111289978,-0.06242648512125015,0.5645384788513184,0.5858141183853149,-0.08011113107204437,0.6047546863555908,0.5824628472328186,-0.09088713675737381,0.43597525358200073,0.6516335010528564,-0.04818549007177353,0.5248054265975952,0.6306530237197876,-0.07335580885410309,0.5839046835899353,0.6243540048599243,-0.0842391774058342,0.6303994655609131,0.620313286781311,-0.09218989312648773,0.44111019372940063,0.6992185115814209,-0.05928102508187294,0.5141519904136658,0.7097427845001221,-0.07636082917451859,0.4904581904411316,0.7228420972824097,-0.06729988008737564,0.46142151951789856,0.7230178713798523,-0.05967722088098526,0.44699347019195557,0.7490624189376831,-0.07161340862512589,0.5000729560852051,0.7538428902626038,-0.07902424782514572,0.48145541548728943,0.7620440125465393,-0.06744043529033661,0.4586883783340454,0.7588708400726318,-0.05795056372880936
0.3590191602706909,0.7982106804847717,8.23266702809633e-07,0.38568180799484253,0.728825032711029,-0.0014343359507620335,0.43227922916412354,0.6798233389854431,-0.017199290916323662,0.48291894793510437,0.670539379119873,-0.03546133264899254,0.5189303755760193,0.6673071384429932,-0.052944112569093704,0.4309045374393463,0.614444375038147,-0.03340376541018486,0.5087521076202393,0.5936900973320007,-0.0601213239133358,0.5574393272399902,0.5896462202072144,-0.07828964293003082,0.5968921780586243,0.5880805253982544,-0.08948653191328049,0.4318816363811493,0.6507355570793152,-0.046849630773067474,0.5184850692749023,0.6322217583656311,-0.0723586305975914,0.5762788653373718,0.6271979808807373,-0.08425939083099365,0.6224830150604248,0.6244255304336548,-0.09309866279363632,0.43534165620803833,0.6972839832305908,-0.05876418203115463,0.5088292956352234,0.7116619348526001,-0.07606005668640137,0.486084520816803,0.7270622849464417,-0.06705376505851746,0.4584563970565796,0.729056179523468,-0.059529274702072144,0.4400518536567688,0.7467187643051147,-0.07182229310274124,0.4956930875778198,0.7539646625518799,-0.07894565165042877,0.47841954231262207,0.7630946636199951,-0.06694851815700531,0.4562258720397949,0.7603172063827515,-0.057218730449676514
0.3589285910129547,0.7959272861480713,8.264295843218861e-07,0.3853028416633606,0.7268760800361633,-0.001229902496561408,0.4335171580314636,0.6772999167442322,-0.016805674880743027,0.4847992956638336,0.6689826250076294,-0.03476759418845177,0.5207672715187073,0.665124237537384,-0.05207488313317299,0.4317474067211151,0.6131857633590698,-0.03428403660655022,0.5096567869186401,0.5924144387245178,-0.060241810977458954,0.5577145218849182,0.5892221331596375,-0.07782395929098129,0.5966669321060181,0.589106559753418,-0.08876121789216995,0.43306368589401245,0.6504409313201904,-0.04756908118724823,0.5198847055435181,0.6318318843841553,-0.07199277728796005,0.5770832300186157,0.6269965767860413,-0.08294930309057236,0.6229249238967896,0.6244668364524841,-0.09131013602018356,0.43692317605018616,0.698024570941925,-0.05919341742992401,0.5106037259101868,0.7098384499549866,-0.07485063374042511,0.4868188798427582,0.7235170006752014,-0.06497004628181458,0.45857229828834534,0.7247028946876526,-0.05738942697644234,0.4421112835407257,0.7487194538116455,-0.07199950516223907,0.49726602435112,0.7530707716941833,-0.07809511572122574,0.4790368974208832,0.7610237002372742,-0.06548739224672318,0.4565056562423706,0.7580980062484741,-0.05556086450815201
0.3590989112854004,0.79660564661026,8.235797395172995e-07,0.3854440748691559,0.7276322841644287,-0.0007342364406213164,0.43313610553741455,0.6786211133003235,-0.01641075126826763,0.4842568635940552,0.6701919436454773,-0.034428879618644714,0.5205960273742676,0.6660765409469604,-0.05173293873667717,0.4311114251613617,0.6144915223121643,-0.03501459211111069,0.510027289390564,0.5930401682853699,-0.06135573610663414,0.5585641264915466,0.5890327095985413,-0.07890156656503677,0.5978745222091675,0.5881841778755188,-0.08960247784852982,0.4325610399246216,0.6514095664024353,-0.04837070405483246,0.5198536515235901,0.6317245960235596,-0.07301735877990723,0.5771477222442627,0.6267156004905701,-0.08377469331026077,0.6228336095809937,0.6240910887718201,-0.0918850302696228,0.4367510974407196,0.6986044645309448,-0.059918589890003204,0.510577380657196,0.7101742625236511,-0.07557783275842667,0.4872167408466339,0.7238744497299194,-0.06521531194448471,0.4589836895465851,0.7251439094543457,-0.05718643218278885,0.4420577585697174,0.7487167716026306,-0.07258456945419312,0.49706465005874634,0.7532117366790771,-0.07841014117002487,0.47885632514953613,0.7611597776412964,-0.06539302319288254,0.4562484323978424,0.758143961429596,-0.05510967969894409
0.3569444715976715,0.8009474873542786,8.585649879933044e-07,0.3831283748149872,0.7314833998680115,-0.0026432694867253304,0.4304710030555725,0.6800453066825867,-0.018867572769522667,0.4810737669467926,0.6717740297317505,-0.03763676807284355,0.5158556699752808,0.6681687235832214,-0.05572979524731636,0.4266480803489685,0.6152321696281433,-0.03378128632903099,0.503670871257782,0.5953960418701172,-0.06230584532022476,0.5530099868774414,0.5910944938659668,-0.08260583132505417,0.5938390493392944,0.589637815952301,-0.09558499604463577,0.4277486801147461,0.6520875692367554,-0.04757826402783394,0.5150146484375,0.6355276107788086,-0.0753241553902626,0.5738438963890076,0.6311852931976318,-0.08867411315441132,0.6217273473739624,0.6287538409233093,-0.09857868403196335,0.4313960373401642,0.6997304558753967,-0.06017036736011505,0.5089058876037598,0.7109406590461731,-0.07961688935756683,0.4846901595592499,0.7263258695602417,-0.0707724466919899,0.45593875646591187,0.7285180687904358,-0.06315188854932785,0.4366130232810974,0.7508243322372437,-0.07408789545297623,0.49591493606567383,0.7544166445732117,-0.08350745588541031,0.4782724976539612,0.7632485628128052,-0.07195061445236206,0.4552812874317169,0.7610110640525818,-0.06230759248137474
0.3570863604545593,0.8006201386451721,8.566315727875917e-07,0.3831695020198822,0.7312420606613159,-0.0026006894186139107,0.4303794205188751,0.6801497340202332,-0.018730664625763893,0.48090553283691406,0.671445906162262,-0.03738754987716675,0.5157791376113892,0.6672868132591248,-0.0553881973028183,0.42666110396385193,0.6156314611434937,-0.033696167171001434,0.5038251280784607,0.595431923866272,-0.061989396810531616,0.5530732274055481,0.591063916683197,-0.08201736956834793,0.5936766862869263,0.5896198749542236,-0.0948178693652153,0.4280385673046112,0.6527283787727356,-0.04740399867296219,0.5150966048240662,0.6356553435325623,-0.07474666088819504,0.5737770795822144,0.6309921741485596,-0.08781525492668152,0.6214621067047119,0.6282780170440674,-0.09758167713880539,0.43179672956466675,0.7004871964454651,-0.059925537556409836,0.5085365772247314,0.7109735012054443,-0.0790867805480957,0.4840392470359802,0.7258530259132385,-0.07032278925180435,0.4550842046737671,0.7277615666389465,-0.0628637820482254,0.43691083788871765,0.751498818397522,-0.07376275956630707,0.49508750438690186,0.754909873008728,-0.0831373780965805,0.47715845704078674,0.7633765339851379,-0.07180646806955338,0.4542166292667389,0.7610140442848206,-0.06237670034170151
0.3552848696708679,0.7996538877487183,8.499148975715798e-07,0.3834354877471924,0.7313232421875,-0.0010909527773037553,0.4315626621246338,0.6818953156471252,-0.0168937798589468,0.4811266362667084,0.6741998195648193,-0.03541267290711403,0.5158077478408813,0.6715142726898193,-0.053356271237134933,0.4303871989250183,0.6174729466438293,-0.034121718257665634,0.5093169212341309,0.598175048828125,-0.06140202656388283,0.5587262511253357,0.5961852073669434,-0.08018437772989273,0.5985966324806213,0.5967950820922852,-0.09223004430532455,0.42985615134239197,0.6547202467918396,-0.048431579023599625,0.5193458199501038,0.6386610269546509,-0.07490865141153336,0.5776697993278503,0.6355634331703186,-0.08705572783946991,0.6245084404945374,0.6335636377334595,-0.09637082368135452,0.43195897340774536,0.702083945274353,-0.061233796179294586,0.5094156861305237,0.7131285667419434,-0.07954729348421097,0.48455238342285156,0.7269419431686401,-0.0705985426902771,0.4555099904537201,0.727444052696228,-0.06340450048446655,0.43586933612823486,0.7528180480003357,-0.07515111565589905,0.49452468752861023,0.7571271061897278,-0.08376602828502655,0.4762324094772339,0.7647706270217896,-0.07220528274774551,0.45318180322647095,0.7613018751144409,-0.06291074305772781
0.34582507610321045,0.7964134812355042,8.626358294350212e-07,0.3728918433189392,0.7296117544174194,8.947828609962016e-05,0.4168694019317627,0.6817454099655151,-0.016298774629831314,0.46330881118774414,0.6738741993904114,-0.03610773757100105,0.4921755790710449,0.6702523827552795,-0.0553409643471241,0.4135318398475647,0.6176455020904541,-0.03274761885404587,0.49275466799736023,0.5959594249725342,-0.06206081062555313,0.5420619249343872,0.5911152958869934,-0.08199787884950638,0.5823607444763184,0.5903108716011047,-0.09437604993581772,0.4128876030445099,0.6521645784378052,-0.0480351485311985,0.5018212199211121,0.6321959495544434,-0.07709173858165741,0.5601295232772827,0.6255961656570435,-0.09073635935783386,0.6075325012207031,0.6214618682861328,-0.10050751268863678,0.4157574772834778,0.697696328163147,-0.06177230179309845,0.4950065016746521,0.7102853655815125,-0.08208733052015305,0.4712049663066864,0.7256027460098267,-0.07279138267040253,0.4417986273765564,0.7270437479019165,-0.06455603986978531,0.4199957549571991,0.7468245029449463,-0.07658882439136505,0.4809744656085968,0.7552050352096558,-0.0860292911529541,0.46358659863471985,0.7637994289398193,-0.07403049618005753,0.4398142993450165,0.7597893476486206,-0.06401633471250534
0.3419624865055084,0.7951550483703613,9.014045190269826e-07,0.36634325981140137,0.7288022637367249,-0.0034325788728892803,0.4050106406211853,0.6760630011558533,-0.022044071927666664,0.4437701106071472,0.6573160886764526,-0.04340820387005806,0.4661852717399597,0.6397251486778259,-0.06433591991662979,0.4044559597969055,0.6085416078567505,-0.03987472876906395,0.4835071265697479,0.5877718925476074,-0.07206656038761139,0.5332322120666504,0.5830103158950806,-0.0948406457901001,0.574102520942688,0.5805878043174744,-0.109453946352005,0.40164312720298767,0.6456098556518555,-0.05474231019616127,0.49205511808395386,0.6272454261779785,-0.0870039239525795,0.5519530773162842,0.6205486059188843,-0.10259541869163513,0.6008471250534058,0.6150681376457214,-0.1139751598238945,0.4040954113006592,0.6927627325057983,-0.06811463832855225,0.48536959290504456,0.7047291994094849,-0.09119656682014465,0.46126168966293335,0.7225381731987,-0.08254814147949219,0.4321329891681671,0.7251109480857849,-0.07495763897895813,0.4090489447116852,0.7417957186698914,-0.08277224004268646,0.47295570373535156,0.7493772506713867,-0.0952405333518982,0.455539733171463,0.7590063214302063,-0.08426344394683838,0.4317208230495453,0.7561771869659424,-0.07486262917518616
0.34227579832077026,0.7951281070709229,9.005306083054165e-07,0.3658343553543091,0.7266249656677246,-0.00453226501122117,0.4017578065395355,0.6703033447265625,-0.022926101461052895,0.4355725944042206,0.641701340675354,-0.043582163751125336,0.45312565565109253,0.6142362952232361,-0.06366532295942307,0.40434497594833374,0.6085325479507446,-0.041411302983760834,0.48321011662483215,0.5874942541122437,-0.07401306182146072,0.5325796008110046,0.5822258591651917,-0.09671320021152496,0.5733770132064819,0.5795361399650574,-0.11106052994728088,0.40187835693359375,0.645861029624939,-0.05538969859480858,0.49200066924095154,0.6271881461143494,-0.08865123242139816,0.5516007542610168,0.6198583245277405,-0.10446351021528244,0.6006625890731812,0.6146742105484009,-0.11566635221242905,0.40448862314224243,0.6931262016296387,-0.06782542169094086,0.4854757785797119,0.705432653427124,-0.09187356382608414,0.4607517421245575,0.7222242951393127,-0.08310141414403915,0.43166840076446533,0.7246159315109253,-0.07504810392856598,0.4093022048473358,0.7420970797538757,-0.08153219521045685,0.4730798304080963,0.7500919699668884,-0.09483238309621811,0.45544156432151794,0.7589738368988037,-0.08405833691358566,0.43162378668785095,0.7557096481323242,-0.07450653612613678
0.3422256112098694,0.794524610042572,9.011923225443752e-07,0.36623844504356384,0.7272493839263916,-0.004129341337829828,0.40344464778900146,0.6729614734649658,-0.022680090740323067,0.43996462225914,0.649560272693634,-0.04367714375257492,0.46021220088005066,0.6269686818122864,-0.06414543092250824,0.40443798899650574,0.6086851358413696,-0.040989454835653305,0.4832952618598938,0.587359607219696,-0.07337827980518341,0.5327786803245544,0.5822468996047974,-0.09599918872117996,0.5735974311828613,0.5797410607337952,-0.1103690043091774,0.40194305777549744,0.6458148956298828,-0.05530869588255882,0.49202996492385864,0.6268609762191772,-0.0881676971912384,0.5517129898071289,0.6198871731758118,-0.10385362058877945,0.600663423538208,0.6149035692214966,-0.11506255716085434,0.40453216433525085,0.6929522156715393,-0.06808933615684509,0.48558250069618225,0.7052066326141357,-0.09176652133464813,0.4610758423805237,0.722404420375824,-0.08306802809238434,0.43195584416389465,0.7249420881271362,-0.07516532391309738,0.409365177154541,0.7418863773345947,-0.08214008063077927,0.4730983376502991,0.749794065952301,-0.09513260424137115,0.455604612827301,0.7589095830917358,-0.08430270105600357,0.43183526396751404,0.7559006214141846,-0.07479894161224365
0.3447551727294922,0.7941892147064209,9.149583775069914e-07,0.36253443360328674,0.7184461355209351,-0.007430551573634148,0.3901420533657074,0.6475560665130615,-0.02520076371729374,0.40790867805480957,0.5931949019432068,-0.04404488578438759,0.4122120440006256,0.5460289716720581,-0.062217678874731064,0.4026731848716736,0.6057465672492981,-0.04406250640749931,0.4837135970592499,0.5860154628753662,-0.07696516066789627,0.5327957272529602,0.5802450776100159,-0.09897781163454056,0.5729190707206726,0.5770284533500671,-0.11232423037290573,0.4021875262260437,0.6435519456863403,-0.055235087871551514,0.493276447057724,0.6250336170196533,-0.08912911266088486,0.5525953769683838,0.6172757744789124,-0.1040230318903923,0.6013799905776978,0.6115243434906006,-0.11394768208265305,0.40677183866500854,0.6906033754348755,-0.06487328559160233,0.48686110973358154,0.7030744552612305,-0.08904413878917694,0.46233126521110535,0.7191451191902161,-0.0789424329996109,0.4332781732082367,0.7205977439880371,-0.06955210119485855,0.4134502112865448,0.738636314868927,-0.07591920346021652,0.47625070810317993,0.7480702996253967,-0.08861534297466278,0.45864349603652954,0.7569109201431274,-0.07710497826337814,0.43489065766334534,0.7522933483123779,-0.06680691987276077
0.3442062437534332,0.7946012616157532,9.22899516808684e-07,0.3627265989780426,0.7191389799118042,-0.007786043919622898,0.39030686020851135,0.6484697461128235,-0.02489597722887993,0.40753814578056335,0.594129741191864,-0.04319191724061966,0.41236695647239685,0.5474690198898315,-0.06082092225551605,0.4024336338043213,0.605336606502533,-0.04266931489109993,0.48447638750076294,0.5854748487472534,-0.07583162188529968,0.5346307754516602,0.5811389088630676,-0.09833842515945435,0.5754055380821228,0.579275369644165,-0.11194733530282974,0.401582807302475,0.643904447555542,-0.0537102147936821,0.4930902421474457,0.6251644492149353,-0.08722883462905884,0.5533847212791443,0.6173886060714722,-0.1021924540400505,0.6029435396194458,0.6119318604469299,-0.11219849437475204,0.4058348536491394,0.691433846950531,-0.06354986131191254,0.48673883080482483,0.7033514976501465,-0.08769038319587708,0.46306151151657104,0.7198692560195923,-0.07822801917791367,0.434441477060318,0.7223342657089233,-0.06923089921474457,0.41215357184410095,0.7397797703742981,-0.07490432262420654,0.4757070541381836,0.7490537762641907,-0.08794998377561569,0.45856085419654846,0.7576978206634521,-0.07705702632665634,0.43488484621047974,0.7537525296211243,-0.06711079925298691
0.34437453746795654,0.7955697774887085,9.156287319456169e-07,0.36216074228286743,0.719550371170044,-0.00774743128567934,0.38877934217453003,0.6475962400436401,-0.02475363202393055,0.404699444770813,0.5912076234817505,-0.04289434105157852,0.40881994366645813,0.5428327322006226,-0.06032603979110718,0.4021884799003601,0.6058253049850464,-0.042727887630462646,0.4850253164768219,0.5852477550506592,-0.07564659416675568,0.5351153016090393,0.5809803605079651,-0.09774354845285416,0.5756312012672424,0.5793755054473877,-0.11100433766841888,0.401434987783432,0.6445062160491943,-0.05354621633887291,0.493792861700058,0.6253910064697266,-0.08683999627828598,0.5539880394935608,0.6179108619689941,-0.10136531293392181,0.6029810309410095,0.6126570701599121,-0.11108455061912537,0.40588802099227905,0.6918363571166992,-0.06314913183450699,0.48712754249572754,0.7033454179763794,-0.08709090948104858,0.4634665250778198,0.7200969457626343,-0.07743041962385178,0.43468615412712097,0.7226435542106628,-0.06834624707698822,0.41244587302207947,0.7399207949638367,-0.07423048466444016,0.475859135389328,0.7489922046661377,-0.08709537237882614,0.45860517024993896,0.7579988837242126,-0.07612665742635727,0.4347180128097534,0.7540367245674133,-0.06618146598339081
0.34506797790527344,0.7969428300857544,8.916669571590319e-07,0.36123576760292053,0.7206802368164062,-0.008437720127403736,0.38682159781455994,0.6475768089294434,-0.02541288360953331,0.4013103246688843,0.5888542532920837,-0.043340932577848434,0.40372389554977417,0.5386209487915039,-0.06070378050208092,0.4046608805656433,0.6058441996574402,-0.042927585542201996,0.4864480793476105,0.5862484574317932,-0.07525725662708282,0.5350915193557739,0.5812547206878662,-0.0969337522983551,0.5750429630279541,0.578647255897522,-0.11025489866733551,0.4041476547718048,0.6436948776245117,-0.05373593792319298,0.4958343803882599,0.6247652173042297,-0.08691036701202393,0.5541266202926636,0.6177366971969604,-0.10131221264600754,0.602379322052002,0.6120194792747498,-0.11111561954021454,0.4080529808998108,0.6914180517196655,-0.06337642669677734,0.49009257555007935,0.7000738382339478,-0.08813328295946121,0.4658040702342987,0.7176411747932434,-0.07866313308477402,0.43702226877212524,0.7212345600128174,-0.0696384608745575,0.41368162631988525,0.7405675649642944,-0.07442417740821838,0.4763282835483551,0.7462427616119385,-0.08839607238769531,0.4584004878997803,0.7556227445602417,-0.0776829943060875,0.4341721832752228,0.7526236176490784,-0.06786872446537018
0.3450374901294708,0.7966312170028687,8.884649105311837e-07,0.36234521865844727,0.7240159511566162,-0.007071956060826778,0.3927540183067322,0.6597818732261658,-0.025101952254772186,0.4172325134277344,0.6155918836593628,-0.04460425674915314,0.42542195320129395,0.5778930187225342,-0.06355219334363937,0.4066206216812134,0.605676531791687,-0.042768318206071854,0.4877903461456299,0.586563229560852,-0.07534706592559814,0.5366211533546448,0.583098292350769,-0.09759202599525452,0.5763378739356995,0.5822222232818604,-0.11146460473537445,0.405212938785553,0.6422006487846375,-0.05496814474463463,0.49642321467399597,0.6234722137451172,-0.08776984363794327,0.5549076199531555,0.617859423160553,-0.10233652591705322,0.6029587984085083,0.6136963367462158,-0.11246061325073242,0.40830472111701965,0.6892291307449341,-0.06598865985870361,0.4905937910079956,0.7013199329376221,-0.09007885307073593,0.46711239218711853,0.7194544672966003,-0.08127636462450027,0.4387243986129761,0.7225205898284912,-0.07311879843473434,0.4135242700576782,0.7382961511611938,-0.07843843847513199,0.4766366183757782,0.7468814849853516,-0.09184352308511734,0.4591861367225647,0.7566127777099609,-0.08140930533409119,0.4353296458721161,0.7532848715782166,-0.07206600904464722
0.3452664613723755,0.7959783673286438,8.967020903583034e-07,0.36258548498153687,0.7178547382354736,-0.008786683902144432,0.3868872821331024,0.6408502459526062,-0.026175236329436302,0.39776611328125,0.5771443843841553,-0.044403430074453354,0.39645281434059143,0.5228765606880188,-0.06219213455915451,0.4049530029296875,0.6043274998664856,-0.043943315744400024,0.4861091375350952,0.58481365442276,-0.07667207717895508,0.5349727272987366,0.5797897577285767,-0.09886686503887177,0.575279176235199,0.577003538608551,-0.11263275891542435,0.40436986088752747,0.6432082653045654,-0.054517414420843124,0.49497655034065247,0.6254777312278748,-0.08823266625404358,0.5543591380119324,0.6182600259780884,-0.10333111137151718,0.6032694578170776,0.612521767616272,-0.11397649347782135,0.4082877039909363,0.6915856003761292,-0.06379253417253494,0.49064531922340393,0.6983293890953064,-0.08860795944929123,0.4676440954208374,0.7155858278274536,-0.07898305356502533,0.439056932926178,0.7198715209960938,-0.07007664442062378,0.4138619303703308,0.7408514022827148,-0.07448331266641617,0.4774796962738037,0.7456418871879578,-0.08827274292707443,0.46062010526657104,0.7545340061187744,-0.0774679109454155,0.4363819658756256,0.7517144083976746,-0.06775715202093124
0.34428152441978455,0.7937072515487671,8.949631933319324e-07,0.36263594031333923,0.7228045463562012,-0.005349148530513048,0.3959698975086212,0.6641150116920471,-0.02404484525322914,0.42720991373062134,0.6317974925041199,-0.04472654312849045,0.43899473547935486,0.6033487915992737,-0.064826600253582,0.404279887676239,0.606374979019165,-0.042563822120428085,0.4838440418243408,0.5847887992858887,-0.07574743032455444,0.532469630241394,0.5799183249473572,-0.09878770262002945,0.5722242593765259,0.5776398777961731,-0.1131802573800087,0.4027073383331299,0.6415867209434509,-0.05592265725135803,0.49396610260009766,0.6225454807281494,-0.08933989703655243,0.5535123348236084,0.6157031059265137,-0.1049419566988945,0.6020485758781433,0.6111644506454468,-0.11581140756607056,0.40604203939437866,0.6870606541633606,-0.06779493391513824,0.4869278371334076,0.7016900777816772,-0.09107189625501633,0.4642122983932495,0.718440592288971,-0.0822586864233017,0.43635499477386475,0.7206757068634033,-0.07437892258167267,0.41160959005355835,0.7347444891929626,-0.08112116158008575,0.474989116191864,0.7454598546028137,-0.09317193925380707,0.4584825038909912,0.7551008462905884,-0.08204521983861923,0.4353138506412506,0.751735270023346,-0.07246747612953186
0.3441554009914398,0.7942836880683899,9.060476031663711e-07,0.36422622203826904,0.7213575839996338,-0.007036748807877302,0.394790381193161,0.6550997495651245,-0.024239815771579742,0.41673892736434937,0.6068090796470642,-0.04304496571421623,0.4241905212402344,0.5650400519371033,-0.06138508394360542,0.4044904410839081,0.6052671670913696,-0.04040993005037308,0.48353931307792664,0.5849224328994751,-0.07302594184875488,0.5322746634483337,0.5790256261825562,-0.09603361040353775,0.5726473927497864,0.5748306512832642,-0.11036624014377594,0.40305355191230774,0.6425876617431641,-0.05231468006968498,0.4930022954940796,0.6243166923522949,-0.08520374447107315,0.5523655414581299,0.6159809231758118,-0.10073090344667435,0.6018670797348022,0.6096528768539429,-0.11147710680961609,0.4063088595867157,0.689659595489502,-0.06310417503118515,0.48570773005485535,0.7012310028076172,-0.08707336336374283,0.46111518144607544,0.717134416103363,-0.07818059623241425,0.4327308237552643,0.719539225101471,-0.06979038566350937,0.4110181927680969,0.7380223274230957,-0.07540672272443771,0.4742632508277893,0.7456756234169006,-0.0885014533996582,0.4566575586795807,0.7540843486785889,-0.07768148928880692,0.4329887926578522,0.7509429454803467,-0.06794634461402893
0.34444093704223633,0.794638991355896,9.049415439221775e-07,0.3640468716621399,0.7204961776733398,-0.007401173003017902,0.3929237723350525,0.6514812111854553,-0.02441936545073986,0.41165220737457275,0.5984987020492554,-0.04291326552629471,0.4169103801250458,0.5529261827468872,-0.06088625639677048,0.4044322371482849,0.6044704914093018,-0.0401107557117939,0.48333629965782166,0.5843671560287476,-0.07270696014165878,0.531720757484436,0.5781803131103516,-0.09548788517713547,0.571861743927002,0.5737630724906921,-0.1095915287733078,0.4031248688697815,0.6419351696968079,-0.05173367261886597,0.49316680431365967,0.624046266078949,-0.08488459140062332,0.5520614385604858,0.6157182455062866,-0.10033447295427322,0.6013193130493164,0.6091204285621643,-0.11087463051080704,0.40642619132995605,0.6891252994537354,-0.062304139137268066,0.48595377802848816,0.7011205554008484,-0.08676670491695404,0.46112385392189026,0.7170815467834473,-0.07787788659334183,0.4326986074447632,0.7191071510314941,-0.06927856057882309,0.41121020913124084,0.7376239895820618,-0.07436074316501617,0.4743622839450836,0.7458081245422363,-0.08774042129516602,0.45656663179397583,0.7543818950653076,-0.07697872072458267,0.4328853487968445,0.7507250308990479,-0.06718719750642776
0.34300729632377625,0.792398989200592,8.775755304668564e-07,0.36116403341293335,0.7146491408348083,-0.0064668296836316586,0.3862924873828888,0.6398002505302429,-0.02326788939535618,0.4000017046928406,0.5795115828514099,-0.041201796382665634,0.403012216091156,0.5272517800331116,-0.05856741592288017,0.3998532295227051,0.6029096245765686,-0.0425652340054512,0.47711774706840515,0.5817641019821167,-0.07565572112798691,0.5247056484222412,0.5745935440063477,-0.09807997196912766,0.5652696490287781,0.5702435374259949,-0.1118876039981842,0.39994728565216064,0.6416605710983276,-0.05417722091078758,0.4893285036087036,0.6232456564903259,-0.08838413655757904,0.5477650761604309,0.6133704781532288,-0.10414319485425949,0.5967477560043335,0.6058059334754944,-0.11518123000860214,0.4044455587863922,0.6896578669548035,-0.06416846811771393,0.4852592647075653,0.6985032558441162,-0.08910643309354782,0.46141964197158813,0.7145764827728271,-0.07944286614656448,0.4329969584941864,0.7178865075111389,-0.07048346847295761,0.4105015993118286,0.73866206407547,-0.07537057995796204,0.4742708206176758,0.7444100379943848,-0.08905556052923203,0.4572995901107788,0.7531613707542419,-0.0780855044722557,0.43326473236083984,0.7496538758277893,-0.06826859712600708
0.3433442711830139,0.7923170924186707,8.906224024940457e-07,0.36679351329803467,0.725246012210846,-0.006296813953667879,0.4034881889820099,0.6673191785812378,-0.02489117719233036,0.4363475739955902,0.6364126801490784,-0.04544079303741455,0.4504963755607605,0.6106693148612976,-0.06538952142000198,0.4031532406806946,0.6046261191368103,-0.04070684686303139,0.4806368947029114,0.5849801301956177,-0.07422733306884766,0.5300076603889465,0.579761266708374,-0.09789759665727615,0.5713546276092529,0.5778782963752747,-0.1128307655453682,0.40109142661094666,0.6406195759773254,-0.05396471917629242,0.49041640758514404,0.6224300265312195,-0.08713839203119278,0.5496767163276672,0.6147310137748718,-0.10293976217508316,0.5988656282424927,0.6091787219047546,-0.11406506597995758,0.403818279504776,0.6869239807128906,-0.06621352583169937,0.4860519468784332,0.6998059153556824,-0.09063632041215897,0.46412569284439087,0.7169446349143982,-0.0827748104929924,0.4366392195224762,0.7199834585189819,-0.07519327104091644,0.409025639295578,0.735805869102478,-0.07990443706512451,0.47378331422805786,0.7434468269348145,-0.09314245730638504,0.45787709951400757,0.7531692385673523,-0.08281177282333374,0.4343925416469574,0.7504177689552307,-0.0736861452460289
0.34317097067832947,0.7912999391555786,8.914764748624293e-07,0.3618945777416229,0.715222954750061,-0.007243057247251272,0.38835757970809937,0.6412525177001953,-0.023845642805099487,0.4029335379600525,0.5814069509506226,-0.04150554910302162,0.4064997136592865,0.5299447774887085,-0.058613549917936325,0.4006764590740204,0.6030024290084839,-0.041784659028053284,0.4777815341949463,0.5828748941421509,-0.07488252967596054,0.5257279276847839,0.5761442184448242,-0.09739009290933609,0.5664010047912598,0.572073221206665,-0.11118683964014053,0.40034884214401245,0.6410225033760071,-0.05314956232905388,0.49048519134521484,0.6233323216438293,-0.0867329090833664,0.5488158464431763,0.6140817999839783,-0.10210538655519485,0.5979316234588623,0.6064001321792603,-0.11268763244152069,0.4043961465358734,0.6889334321022034,-0.06319044530391693,0.4849517345428467,0.6989114880561829,-0.08838492631912231,0.4607855975627899,0.715205729007721,-0.0791253075003624,0.4324646592140198,0.7179609537124634,-0.07011634111404419,0.4098798334598541,0.7384099960327148,-0.07449735701084137,0.47359520196914673,0.7449315786361694,-0.08856821805238724,0.45659321546554565,0.7533436417579651,-0.07779551297426224,0.43280619382858276,0.7494782209396362,-0.06789759546518326
0.34446045756340027,0.793158233165741,9.174845558845846e-07,0.3657087981700897,0.7243008613586426,-0.006539144553244114,0.398667573928833,0.6622254252433777,-0.024799346923828125,0.4251006841659546,0.6217952370643616,-0.04465939477086067,0.4348450303077698,0.586090624332428,-0.0638636127114296,0.4025377035140991,0.6041167378425598,-0.04292605072259903,0.4834522306919098,0.5837514400482178,-0.07579272985458374,0.5331140756607056,0.578056812286377,-0.09822636842727661,0.5734647512435913,0.5756835341453552,-0.11209533363580704,0.39996591210365295,0.6415503621101379,-0.05539161339402199,0.4912310242652893,0.6218490600585938,-0.08874617516994476,0.5510343313217163,0.6141141653060913,-0.1036624014377594,0.5995237827301025,0.6086268424987793,-0.11391544342041016,0.40314456820487976,0.6886903643608093,-0.06653942167758942,0.4860653579235077,0.7002284526824951,-0.09074872732162476,0.4636664092540741,0.7182799577713013,-0.08155781775712967,0.43524667620658875,0.7214745283126831,-0.07301490008831024,0.40903836488723755,0.7374135255813599,-0.07908866554498672,0.4738275706768036,0.7449860572814941,-0.09253433346748352,0.45721766352653503,0.7552700042724609,-0.08171989023685455,0.43340247869491577,0.7520627975463867,-0.07201486825942993
0.34272301197052,0.7937844395637512,9.075775437850098e-07,0.3623412549495697,0.7222974300384521,-0.0056710634380578995,0.3951898217201233,0.6597249507904053,-0.02334330603480339,0.42321836948394775,0.6207587122917175,-0.042764343321323395,0.4360094964504242,0.5874032378196716,-0.06163511425256729,0.4015614688396454,0.605225145816803,-0.04234958440065384,0.4829275906085968,0.5837432742118835,-0.07461339235305786,0.5328126549720764,0.5783992409706116,-0.09700366109609604,0.5733875632286072,0.5755398273468018,-0.11108244210481644,0.4002162218093872,0.6435564756393433,-0.055043019354343414,0.4911734461784363,0.6230071783065796,-0.08751779794692993,0.5513677597045898,0.614425003528595,-0.10260594636201859,0.6002717018127441,0.6082727313041687,-0.1135319173336029,0.4041167199611664,0.6910779476165771,-0.06622924655675888,0.48565030097961426,0.6998113393783569,-0.0891985148191452,0.4620688855648041,0.7178100943565369,-0.07965638488531113,0.4330404996871948,0.7220470309257507,-0.07140177488327026,0.41005295515060425,0.7397191524505615,-0.07882268726825714,0.4740753173828125,0.7443434000015259,-0.09138946980237961,0.4570825695991516,0.7539207339286804,-0.08017265051603317,0.43316394090652466,0.7518402338027954,-0.07046873867511749
0.34316664934158325,0.7944721579551697,9.038698749463947e-07,0.3628511130809784,0.7219812870025635,-0.006823534611612558,0.39374876022338867,0.6564105153083801,-0.024848874658346176,0.41862666606903076,0.6108776926994324,-0.044217027723789215,0.42943301796913147,0.5696543455123901,-0.06288052350282669,0.400856614112854,0.6044585108757019,-0.043842658400535583,0.481208860874176,0.5830315351486206,-0.07719765603542328,0.5305774211883545,0.5769294500350952,-0.10021201521158218,0.571254551410675,0.5732238292694092,-0.1145397424697876,0.3995697498321533,0.6427007913589478,-0.055861636996269226,0.4897833466529846,0.6221340298652649,-0.08972162753343582,0.5498431324958801,0.613671600818634,-0.10534916073083878,0.5987761616706848,0.6077631711959839,-0.11642848700284958,0.40353894233703613,0.6898776888847351,-0.06641291081905365,0.4856087863445282,0.6997804641723633,-0.09068749099969864,0.46158626675605774,0.7174637317657471,-0.08101917058229446,0.43215617537498474,0.7208888530731201,-0.07236816734075546,0.40936779975891113,0.7380359768867493,-0.07841116935014725,0.4739658236503601,0.744805634021759,-0.09185871481895447,0.4567376673221588,0.7546208500862122,-0.0808773785829544,0.4326779246330261,0.7514643669128418,-0.0711619183421135
0.34301087260246277,0.7960365414619446,9.015375326271169e-07,0.3627338409423828,0.7213903069496155,-0.006949771661311388,0.3909915089607239,0.6520005464553833,-0.024272724986076355,0.40982452034950256,0.5998522043228149,-0.04299530014395714,0.41659674048423767,0.5541800856590271,-0.06095169112086296,0.3990004360675812,0.6053520441055298,-0.04177911579608917,0.47788187861442566,0.5824790000915527,-0.075326107442379,0.5268346667289734,0.5750930309295654,-0.0986277237534523,0.5674155354499817,0.5706579685211182,-0.11301586031913757,0.3984660804271698,0.6435728073120117,-0.05335027724504471,0.4881267547607422,0.623455822467804,-0.08739545941352844,0.5483901500701904,0.6135499477386475,-0.1031319797039032,0.5981056094169617,0.6061638593673706,-0.11400102078914642,0.4030176103115082,0.690605878829956,-0.06368047744035721,0.4827399253845215,0.6998395323753357,-0.08835595846176147,0.45872822403907776,0.7171982526779175,-0.0789419561624527,0.4298180639743805,0.7213418483734131,-0.07005834579467773,0.40953943133354187,0.7387899160385132,-0.07546482980251312,0.47259294986724854,0.7455605864524841,-0.08916787803173065,0.4550686478614807,0.7542330026626587,-0.0786423534154892,0.431021511554718,0.7508935928344727,-0.06901205331087112
0.3429999351501465,0.7955415844917297,9.029208172250947e-07,0.36309677362442017,0.7211084365844727,-0.007338671013712883,0.3915655016899109,0.651386022567749,-0.024411072954535484,0.409643292427063,0.5977596044540405,-0.04281643405556679,0.4145987629890442,0.5508146286010742,-0.06042372062802315,0.40015944838523865,0.6044756174087524,-0.04114438220858574,0.4792421758174896,0.5818184018135071,-0.07437452673912048,0.5281978845596313,0.5754667520523071,-0.09742651879787445,0.5688247680664062,0.5718985795974731,-0.11168548464775085,0.39903727173805237,0.642450213432312,-0.052569180727005005,0.488979697227478,0.6229621171951294,-0.08624287694692612,0.548869788646698,0.6138150691986084,-0.10161226242780685,0.5984934568405151,0.6070311665534973,-0.11216780543327332,0.4029577076435089,0.6897056102752686,-0.06290153414011002,0.4830757975578308,0.7001849412918091,-0.0872642993927002,0.45922061800956726,0.7175707221031189,-0.07780450582504272,0.4306434392929077,0.7210404276847839,-0.06895426660776138,0.40905994176864624,0.7382357716560364,-0.0747607871890068,0.47231602668762207,0.7457201480865479,-0.0882294625043869,0.4548419117927551,0.7543904185295105,-0.07760585099458694,0.4309532642364502,0.7503935694694519,-0.06794727593660355
0.34298890829086304,0.7962342500686646,9.043787372320367e-07,0.36258888244628906,0.7218583226203918,-0.006888418458402157,0.39116260409355164,0.6533632278442383,-0.024193989112973213,0.4107237160205841,0.6021836996078491,-0.042914923280477524,0.41698139905929565,0.5571573376655579,-0.06080161780118942,0.3995814323425293,0.6059274673461914,-0.041245460510253906,0.4788249135017395,0.582764208316803,-0.07472828775644302,0.5279356837272644,0.5757402777671814,-0.09797751903533936,0.5686022043228149,0.5717878937721252,-0.1123148575425148,0.3988649249076843,0.6436954140663147,-0.05285830423235893,0.4886731505393982,0.6233258247375488,-0.08677957952022552,0.5490986108779907,0.613682746887207,-0.10236796736717224,0.5988847017288208,0.6068593859672546,-0.11306093633174896,0.4031335115432739,0.6902784705162048,-0.06330159306526184,0.48279744386672974,0.7006765604019165,-0.08758655935525894,0.45903947949409485,0.7179639935493469,-0.07817383110523224,0.43045946955680847,0.7216314077377319,-0.06937498599290848,0.4095357060432434,0.7382606267929077,-0.07525698840618134,0.4722849428653717,0.7461422681808472,-0.0885370746254921,0.45483875274658203,0.7550622820854187,-0.07796972244977951,0.4311477243900299,0.7513000965118408,-0.06839080899953842
0.342774361371994,0.795094907283783,8.78267485404649e-07,0.3623192310333252,0.7199503183364868,-0.0067300996743142605,0.3897714614868164,0.6479761004447937,-0.023429661989212036,0.4047762155532837,0.5895604491233826,-0.04144379869103432,0.40747061371803284,0.5385037660598755,-0.058996208012104034,0.40258920192718506,0.6039918661117554,-0.04167228192090988,0.4796980321407318,0.5818843841552734,-0.07462206482887268,0.5272836685180664,0.5753260850906372,-0.09716017544269562,0.5672951340675354,0.5712043642997742,-0.1111125648021698,0.401054710149765,0.6411290168762207,-0.05325690656900406,0.491193562746048,0.6231984496116638,-0.08658656477928162,0.5491997003555298,0.6141068935394287,-0.10160395503044128,0.5977948904037476,0.606516420841217,-0.11211531609296799,0.40403053164482117,0.6882824897766113,-0.06353713572025299,0.48536545038223267,0.6996603012084961,-0.08787377178668976,0.4607570469379425,0.7161551117897034,-0.07827109843492508,0.4321584403514862,0.7189596891403198,-0.06949643045663834,0.40870606899261475,0.7374167442321777,-0.07518178224563599,0.4725317060947418,0.7447188496589661,-0.08893342316150665,0.45528465509414673,0.7534734606742859,-0.07828325033187866,0.4314582943916321,0.7496695518493652,-0.06865208595991135
0.34281009435653687,0.7950040698051453,8.833766855786962e-07,0.3620292842388153,0.7210723757743835,-0.0063570118509233,0.38970497250556946,0.6513147950172424,-0.023279406130313873,0.4057154059410095,0.595612108707428,-0.041694823652505875,0.4091843366622925,0.546570360660553,-0.05957834795117378,0.40286630392074585,0.6052395105361938,-0.04121727868914604,0.4801269769668579,0.5821090936660767,-0.07422737032175064,0.5278334021568298,0.5756849050521851,-0.0965898409485817,0.5676597952842712,0.572090208530426,-0.1102631539106369,0.40139877796173096,0.6420446038246155,-0.053059302270412445,0.4920666813850403,0.6227290630340576,-0.08665790408849716,0.5501073598861694,0.6137403845787048,-0.10179779678583145,0.5986043214797974,0.6065303683280945,-0.1121380552649498,0.4042675197124481,0.688664436340332,-0.06359047442674637,0.4851391017436981,0.7004338502883911,-0.08830789476633072,0.4599606990814209,0.7165694832801819,-0.07918018102645874,0.4313603341579437,0.7185704112052917,-0.07051251828670502,0.4088219404220581,0.7375041842460632,-0.0754072293639183,0.4718974232673645,0.7457321882247925,-0.0892949253320694,0.4543261229991913,0.754442572593689,-0.07886562496423721,0.4307958483695984,0.7499929666519165,-0.06932223588228226
0.3424123525619507,0.7961147427558899,8.842469583214552e-07,0.36265844106674194,0.7245126366615295,-0.005099966656416655,0.3930836021900177,0.6603980660438538,-0.022830672562122345,0.41678524017333984,0.6146813631057739,-0.042373452335596085,0.4257770776748657,0.572461724281311,-0.06141204014420509,0.4016142785549164,0.6065526008605957,-0.04210935905575752,0.47828829288482666,0.5823343396186829,-0.07521025836467743,0.526199996471405,0.5756545066833496,-0.09814009070396423,0.5667438507080078,0.5714763402938843,-0.11246344447135925,0.4000818729400635,0.642440915107727,-0.05494390428066254,0.4897746443748474,0.6223651766777039,-0.08845971524715424,0.5487164258956909,0.6131446957588196,-0.10404928028583527,0.5978885889053345,0.6061944365501404,-0.11508145928382874,0.40326330065727234,0.6883407831192017,-0.06619764864444733,0.4848480820655823,0.6997609734535217,-0.08984208106994629,0.4598138928413391,0.7168454527854919,-0.07999484241008759,0.43066102266311646,0.7199620604515076,-0.0713852047920227,0.40831509232521057,0.7365078926086426,-0.07879961282014847,0.4725005030632019,0.7445515990257263,-0.09177130460739136,0.45521092414855957,0.7540379166603088,-0.08070382475852966,0.43146416544914246,0.7506685256958008,-0.07099828124046326
0.3412347733974457,0.793661892414093,9.086144245884498e-07,0.36119338870048523,0.7179825305938721,-0.007735660765320063,0.39022478461265564,0.6457532644271851,-0.024937443435192108,0.40920570492744446,0.5884540677070618,-0.04315396025776863,0.4141444265842438,0.5389306545257568,-0.06057966127991676,0.39886438846588135,0.6022437810897827,-0.04294435679912567,0.47815901041030884,0.5814351439476013,-0.07639320939779282,0.5267443060874939,0.575143575668335,-0.09921394288539886,0.567621111869812,0.5704933404922485,-0.11343185603618622,0.39821821451187134,0.6407991647720337,-0.0544559620320797,0.48857566714286804,0.6214699149131775,-0.08914286643266678,0.5482444763183594,0.6126388907432556,-0.10499335080385208,0.5982667207717896,0.6056559085845947,-0.11591508239507675,0.40228763222694397,0.6885008811950684,-0.06461215019226074,0.48324042558670044,0.7000869512557983,-0.09002772718667984,0.45859605073928833,0.7173283696174622,-0.08016560226678848,0.4297839105129242,0.7199204564094543,-0.07096853852272034,0.4081087112426758,0.7374062538146973,-0.07624232023954391,0.47204849123954773,0.74522864818573,-0.09038703143596649,0.45435577630996704,0.7544123530387878,-0.07933522760868073,0.4299952983856201,0.750004231929779,-0.0693456158041954
0.3423701524734497,0.7955024242401123,9.123916697717505e-07,0.36374473571777344,0.7220218181610107,-0.008075077086687088,0.39371007680892944,0.6531051397323608,-0.02552444487810135,0.4146707355976105,0.6003828048706055,-0.044144053012132645,0.42066431045532227,0.5550425052642822,-0.06193731352686882,0.3995192348957062,0.6035492420196533,-0.0416291318833828,0.47869032621383667,0.5826661586761475,-0.07515619695186615,0.5279367566108704,0.5758994817733765,-0.09836230427026749,0.5689929723739624,0.5710480809211731,-0.11277170479297638,0.3982888460159302,0.6411229372024536,-0.05305033177137375,0.4877319633960724,0.6222220659255981,-0.0875798910856247,0.5478262305259705,0.6129748225212097,-0.10354017466306686,0.5980968475341797,0.6058881282806396,-0.1143648624420166,0.40195101499557495,0.6879907250404358,-0.06341300159692764,0.48289790749549866,0.7012993097305298,-0.08901796489953995,0.4589860439300537,0.7190850973129272,-0.07996074110269547,0.4305470883846283,0.7220639586448669,-0.07107872515916824,0.40775591135025024,0.7363052368164062,-0.07533078640699387,0.4715607762336731,0.7461575865745544,-0.08963096141815186,0.45409396290779114,0.7556830048561096,-0.07922039180994034,0.43012091517448425,0.7514163851737976,-0.06959493458271027
0.34173092246055603,0.7941162586212158,9.114994554693112e-07,0.3628471791744232,0.7190352082252502,-0.007976305671036243,0.3920525014400482,0.6478555798530579,-0.02502714842557907,0.41067901253700256,0.5914760231971741,-0.0431988462805748,0.4146750569343567,0.543137788772583,-0.060584068298339844,0.39948344230651855,0.6024046540260315,-0.041847363114356995,0.4792180061340332,0.5823696851730347,-0.0753827840089798,0.5286886692047119,0.575986921787262,-0.09857499599456787,0.5700657367706299,0.5713135600090027,-0.11309755593538284,0.3978879749774933,0.6403986811637878,-0.05329671502113342,0.4875328242778778,0.6222882866859436,-0.08803170174360275,0.5474504232406616,0.6128447651863098,-0.1041831225156784,0.5979862809181213,0.6054149270057678,-0.11531171202659607,0.4013548493385315,0.6879532337188721,-0.06360208243131638,0.48300284147262573,0.7003730535507202,-0.08929504454135895,0.4590265154838562,0.7177162170410156,-0.08017124235630035,0.4305436909198761,0.7209005951881409,-0.0713968276977539,0.40721389651298523,0.7368687987327576,-0.07544077187776566,0.47143906354904175,0.7458539009094238,-0.09001561254262924,0.4541446268558502,0.7547087073326111,-0.0797492191195488,0.4300293028354645,0.7503664493560791,-0.07025139778852463
0.3408108949661255,0.7938616871833801,8.910278666007798e-07,0.35762014985084534,0.7162613868713379,-0.006569435354322195,0.38450050354003906,0.6428691148757935,-0.02237667143344879,0.40167099237442017,0.58394855260849,-0.03936029225587845,0.4062671661376953,0.533636212348938,-0.05569781735539436,0.39864325523376465,0.6026184558868408,-0.040923506021499634,0.4806917607784271,0.5811100602149963,-0.0732000544667244,0.5301056504249573,0.5760300159454346,-0.09496301412582397,0.5702911019325256,0.5738974213600159,-0.10824782401323318,0.3989262282848358,0.6404982209205627,-0.05208728462457657,0.4898439645767212,0.6213737726211548,-0.08436746895313263,0.5492497682571411,0.6135324239730835,-0.09846441447734833,0.5976096391677856,0.6081366539001465,-0.10831666737794876,0.40380555391311646,0.6878849267959595,-0.062063783407211304,0.48411107063293457,0.6974570155143738,-0.0853329449892044,0.4608471393585205,0.7142868638038635,-0.07583317160606384,0.43223515152931213,0.7175667881965637,-0.06724913418292999,0.41010135412216187,0.7368091940879822,-0.07341746985912323,0.4723270535469055,0.7441743016242981,-0.08660576492547989,0.4557996988296509,0.7525957822799683,-0.07632370293140411,0.43226224184036255,0.748724639415741,-0.06696070730686188
0.3421206772327423,0.7951805591583252,8.776365802987129e-07,0.359859824180603,0.7209170460700989,-0.005653592757880688,0.38849639892578125,0.653234601020813,-0.022402839735150337,0.40971696376800537,0.6025946140289307,-0.04072631895542145,0.4161794185638428,0.5583294630050659,-0.05833582207560539,0.39939531683921814,0.6062568426132202,-0.04090246185660362,0.4805707335472107,0.5829787850379944,-0.07346899807453156,0.5296230316162109,0.5773870944976807,-0.09535709768533707,0.5693531036376953,0.5749076008796692,-0.1086663007736206,0.3990075886249542,0.642725944519043,-0.05285164713859558,0.4896170496940613,0.6215543746948242,-0.08580462634563446,0.5494484901428223,0.6137362718582153,-0.10013704746961594,0.5976428985595703,0.6081751585006714,-0.10994285345077515,0.40332019329071045,0.6883581876754761,-0.06350915879011154,0.4844096004962921,0.6983709931373596,-0.08707356452941895,0.4618934988975525,0.7159347534179688,-0.07745233923196793,0.43331778049468994,0.7188204526901245,-0.06873112171888351,0.4095361530780792,0.7360979318618774,-0.07552380114793777,0.4723881781101227,0.7443445324897766,-0.08848494291305542,0.4562617242336273,0.75425124168396,-0.07779921591281891,0.43277496099472046,0.7505099773406982,-0.068241186439991
0.3407343924045563,0.7944302558898926,8.874436616679304e-07,0.35672318935394287,0.7155006527900696,-0.006489504128694534,0.38141825795173645,0.6393351554870605,-0.02219029702246189,0.3957001268863678,0.5771759152412415,-0.03901974484324455,0.3992914855480194,0.5237413644790649,-0.05524355545639992,0.3977552652359009,0.602648913860321,-0.04097632318735123,0.47919219732284546,0.5815181136131287,-0.07335365563631058,0.5283568501472473,0.5759588479995728,-0.09529886394739151,0.5687222480773926,0.5730013251304626,-0.10871460288763046,0.39857345819473267,0.6404764652252197,-0.051942016929388046,0.4898611307144165,0.6217204928398132,-0.08424446731805801,0.5491530299186707,0.6139394044876099,-0.0984506756067276,0.5974369049072266,0.6081427931785583,-0.10849679261445999,0.4038750231266022,0.687798023223877,-0.06162025406956673,0.484713077545166,0.6959567070007324,-0.08486764878034592,0.46153485774993896,0.7125816941261292,-0.07520131021738052,0.4327349066734314,0.7160513401031494,-0.06648356467485428,0.4103611409664154,0.7368025779724121,-0.07261796295642853,0.4728406071662903,0.7429535388946533,-0.08564912527799606,0.45633774995803833,0.7515512704849243,-0.07520870864391327,0.43245503306388855,0.7479709386825562,-0.065735824406147
0.3416993021965027,0.793751060962677,8.858480669005075e-07,0.36169058084487915,0.7224628329277039,-0.006483458448201418,0.39388608932495117,0.6601442694664001,-0.023869777098298073,0.4211265742778778,0.6189422607421875,-0.04286275804042816,0.43047550320625305,0.582004725933075,-0.060940444469451904,0.40048351883888245,0.6032013297080994,-0.03956104442477226,0.4796006977558136,0.5819094181060791,-0.07254855334758759,0.528850257396698,0.5763170123100281,-0.09555070102214813,0.5692757964134216,0.5738664269447327,-0.10967621952295303,0.3987771272659302,0.6388139128684998,-0.05167440325021744,0.4881276488304138,0.6198689341545105,-0.08429986983537674,0.5468759536743164,0.6124624013900757,-0.0989823266863823,0.5951576232910156,0.6073517203330994,-0.1090034618973732,0.4018484055995941,0.6839005947113037,-0.06286664307117462,0.4823269248008728,0.6997473239898682,-0.08623840659856796,0.45875465869903564,0.7164939641952515,-0.07725990563631058,0.43087875843048096,0.7174623608589172,-0.06891904771327972,0.4070417881011963,0.7308659553527832,-0.07565378397703171,0.47039008140563965,0.7433721423149109,-0.08829905092716217,0.4524763524532318,0.752731204032898,-0.07787072658538818,0.4288537800312042,0.7474244236946106,-0.06853044033050537
0.3414058983325958,0.7942555546760559,8.963842788034526e-07,0.36281344294548035,0.722370982170105,-0.0064649032428860664,0.3938130736351013,0.6584054827690125,-0.02367520146071911,0.41941070556640625,0.6132338643074036,-0.0425015389919281,0.4289359152317047,0.5725780725479126,-0.06046424061059952,0.39919960498809814,0.603600263595581,-0.039421092718839645,0.4776443839073181,0.581237256526947,-0.07266337424516678,0.5269864201545715,0.575873851776123,-0.09605661779642105,0.5676784515380859,0.5728560090065002,-0.11052951216697693,0.39788591861724854,0.6399140954017639,-0.05145606771111488,0.48603349924087524,0.6204785108566284,-0.08496364951133728,0.5461353063583374,0.6115117073059082,-0.10080859065055847,0.5954583883285522,0.6057241559028625,-0.11177801340818405,0.40145912766456604,0.6857323050498962,-0.06245843321084976,0.48093992471694946,0.6997922658920288,-0.08644231408834457,0.45757609605789185,0.716991662979126,-0.07764432579278946,0.4292413890361786,0.7197644710540771,-0.06940799206495285,0.4072650074958801,0.7330658435821533,-0.0750332772731781,0.4704935550689697,0.7445418238639832,-0.08835039287805557,0.4530620574951172,0.7538922429084778,-0.0782490149140358,0.4292457103729248,0.7494754791259766,-0.06904484331607819
0.34161248803138733,0.7940581440925598,8.92660921181232e-07,0.36229944229125977,0.7206758856773376,-0.007114821579307318,0.39193758368492126,0.6538606286048889,-0.02395489439368248,0.41416478157043457,0.6035910248756409,-0.0422229990363121,0.42163294553756714,0.5590978264808655,-0.059648726135492325,0.39947375655174255,0.6028859615325928,-0.03961629420518875,0.47786086797714233,0.5811410546302795,-0.07290168851613998,0.5269784331321716,0.5757820010185242,-0.09622301906347275,0.567625880241394,0.5727370381355286,-0.11061991751194,0.3980713486671448,0.6395248174667358,-0.05119773745536804,0.4862976372241974,0.6206422448158264,-0.08477074652910233,0.5457921624183655,0.6118711829185486,-0.10042301565408707,0.5949205756187439,0.6059655547142029,-0.11118440330028534,0.40154558420181274,0.685778021812439,-0.061821453273296356,0.4814615547657013,0.6993817090988159,-0.08608843386173248,0.45812416076660156,0.7162835597991943,-0.07715312391519547,0.42992785573005676,0.7188522219657898,-0.0687190368771553,0.40722984075546265,0.7334022521972656,-0.07404473423957825,0.4707018733024597,0.7442806959152222,-0.08765175193548203,0.4532889127731323,0.7532649040222168,-0.07753555476665497,0.4293975234031677,0.748656690120697,-0.06822878867387772
0.3416330814361572,0.789497435092926,8.998866860565613e-07,0.3619251549243927,0.7135870456695557,-0.007135385647416115,0.38958728313446045,0.6401508450508118,-0.02401432953774929,0.40564626455307007,0.5804248452186584,-0.041966527700424194,0.40700486302375793,0.5294540524482727,-0.059223148971796036,0.39904436469078064,0.6005011796951294,-0.04304283484816551,0.47911491990089417,0.5779691338539124,-0.07638971507549286,0.5273774862289429,0.5724524855613708,-0.09872246533632278,0.5670545697212219,0.5690017342567444,-0.11244767904281616,0.39784276485443115,0.6388052701950073,-0.054428163915872574,0.48888665437698364,0.6191594004631042,-0.08898366987705231,0.5479099750518799,0.610759973526001,-0.10420351475477219,0.5962671041488647,0.6044224500656128,-0.11470192670822144,0.40166792273521423,0.6857664585113525,-0.06439944356679916,0.48273247480392456,0.6962786912918091,-0.08945357799530029,0.4587991237640381,0.7135761976242065,-0.07946962863206863,0.4299916923046112,0.7166623473167419,-0.07029189169406891,0.40760618448257446,0.7336009740829468,-0.07573841512203217,0.4712827801704407,0.7413768768310547,-0.08974664658308029,0.45409533381462097,0.7506248950958252,-0.07881063967943192,0.4298429787158966,0.7463727593421936,-0.0689094215631485
0.34222427010536194,0.789431631565094,8.808402185422892e-07,0.36186423897743225,0.7152496576309204,-0.006940921302884817,0.39065608382225037,0.6448577642440796,-0.02380644716322422,0.4094415009021759,0.5894908308982849,-0.04188203811645508,0.41305434703826904,0.5425186157226562,-0.05923318490386009,0.4003831744194031,0.6026260852813721,-0.042327385395765305,0.480548620223999,0.5786764025688171,-0.07486139237880707,0.5284139513969421,0.5723645091056824,-0.09622204303741455,0.5672112107276917,0.5690289735794067,-0.1090996190905571,0.39912137389183044,0.6407492160797119,-0.05369977653026581,0.48949918150901794,0.6196305751800537,-0.08759764581918716,0.5481827855110168,0.6103862524032593,-0.10204769670963287,0.5959759950637817,0.6039115190505981,-0.11165550351142883,0.4025999903678894,0.6872432827949524,-0.06374169141054153,0.48195260763168335,0.6977067589759827,-0.08847653120756149,0.45810145139694214,0.7145177125930786,-0.07891954481601715,0.4298025071620941,0.7174102663993835,-0.06977549195289612,0.408282607793808,0.7346797585487366,-0.07511097192764282,0.47038042545318604,0.7424726486206055,-0.08875059336423874,0.45279374718666077,0.7520788311958313,-0.07802272588014603,0.42883065342903137,0.7482725381851196,-0.06820817291736603
0.34179845452308655,0.7903017997741699,8.901049000087369e-07,0.3615606427192688,0.7162315845489502,-0.0067528546787798405,0.3903525471687317,0.6473979949951172,-0.02407006546854973,0.41092121601104736,0.5950604677200317,-0.04258405417203903,0.41708290576934814,0.5501254200935364,-0.06038769334554672,0.39937835931777954,0.6026192307472229,-0.04312620311975479,0.47877827286720276,0.5790457129478455,-0.07598214596509933,0.5268490314483643,0.572456419467926,-0.09801604598760605,0.5663523077964783,0.5681491494178772,-0.1115192323923111,0.39885663986206055,0.6408156752586365,-0.054713912308216095,0.48841360211372375,0.6193363070487976,-0.08902164548635483,0.5476289987564087,0.6093382239341736,-0.10445542633533478,0.5959452986717224,0.6019594669342041,-0.1150132417678833,0.40293407440185547,0.6874686479568481,-0.06477202475070953,0.48201993107795715,0.6969349384307861,-0.08951882272958755,0.4580136835575104,0.7133494019508362,-0.07997618615627289,0.4292796850204468,0.7164956331253052,-0.07102186232805252,0.4087768793106079,0.734801173210144,-0.07615894079208374,0.4707756042480469,0.7420073747634888,-0.08990799635648727,0.4531790614128113,0.7513489127159119,-0.07916980236768723,0.429065465927124,0.7477127909660339,-0.06940650194883347
0.34354302287101746,0.7894259095191956,9.038437269737187e-07,0.36501359939575195,0.7226309180259705,-0.004842634778469801,0.39879244565963745,0.6664479970932007,-0.023576926440000534,0.43177011609077454,0.6375687122344971,-0.044419072568416595,0.44701942801475525,0.6095800995826721,-0.06452042609453201,0.39919495582580566,0.6031349301338196,-0.04190979525446892,0.4768120050430298,0.576994776725769,-0.07486523687839508,0.5256214141845703,0.5709953904151917,-0.09776169806718826,0.5659397840499878,0.5681661367416382,-0.11190695315599442,0.39791879057884216,0.6395984888076782,-0.055075451731681824,0.4873233437538147,0.6181768178939819,-0.08832462877035141,0.5478804707527161,0.609410285949707,-0.10403726249933243,0.597051739692688,0.603812575340271,-0.11501321941614151,0.40220972895622253,0.6845042109489441,-0.06670243293046951,0.4818168878555298,0.6970477104187012,-0.08972327411174774,0.45803749561309814,0.7156733870506287,-0.08052115142345428,0.42950406670570374,0.7196401357650757,-0.07224713265895844,0.4091610610485077,0.731023907661438,-0.07974530011415482,0.47170838713645935,0.7407134771347046,-0.09166887402534485,0.4543493688106537,0.7513580322265625,-0.0805356353521347,0.43102914094924927,0.7485727667808533,-0.070854552090168
0.3432110846042633,0.7898438572883606,8.957173349699588e-07,0.36416152119636536,0.7208306193351746,-0.005677956622093916,0.3963295817375183,0.6602179408073425,-0.023362481966614723,0.42466476559638977,0.6216955184936523,-0.04285899177193642,0.4362795054912567,0.5862561464309692,-0.06169988214969635,0.39895519614219666,0.6039599180221558,-0.04111284762620926,0.4770755469799042,0.57883220911026,-0.07371141016483307,0.5260948538780212,0.5725415945053101,-0.09630577266216278,0.5664458870887756,0.5693877935409546,-0.11013474315404892,0.3980449438095093,0.6404944062232971,-0.053425926715135574,0.48717260360717773,0.6196792125701904,-0.08618519455194473,0.5475985407829285,0.6098453402519226,-0.10149978846311569,0.5967537760734558,0.603386402130127,-0.11212406307458878,0.4024265706539154,0.6858175992965698,-0.06439024955034256,0.48158276081085205,0.6969853043556213,-0.08753953129053116,0.4576396644115448,0.7153505682945251,-0.07841652631759644,0.4292100965976715,0.7200349569320679,-0.0700327530503273,0.40933412313461304,0.7327601313591003,-0.07678893953561783,0.4718562662601471,0.7406198978424072,-0.0890277698636055,0.4544314742088318,0.7511168122291565,-0.07805827260017395,0.4310719072818756,0.7491265535354614,-0.06836376339197159
0.342427521944046,0.7909780144691467,8.828508271108149e-07,0.36454665660858154,0.7242388129234314,-0.00547337532043457,0.3993401825428009,0.667035698890686,-0.02372419275343418,0.4331134855747223,0.6368521451950073,-0.04410700872540474,0.44991540908813477,0.6097915172576904,-0.06391221284866333,0.3999231457710266,0.6041580438613892,-0.03956526145339012,0.476284384727478,0.5806360840797424,-0.07233007252216339,0.5251569151878357,0.5745999217033386,-0.09579060971736908,0.5660904049873352,0.570915699005127,-0.11067099124193192,0.3988845944404602,0.6392320394515991,-0.05291163921356201,0.48561060428619385,0.6184843182563782,-0.08524423837661743,0.545387327671051,0.6104336977005005,-0.10091786086559296,0.5944355130195618,0.6043636798858643,-0.11219099164009094,0.4025968015193939,0.6840883493423462,-0.06514284759759903,0.4821877181529999,0.6962696313858032,-0.08806564658880234,0.4592844843864441,0.7164393067359924,-0.07887165993452072,0.43100661039352417,0.7210080027580261,-0.07081761211156845,0.4083629548549652,0.7309593558311462,-0.07897675782442093,0.4712802767753601,0.739630401134491,-0.09140719473361969,0.45494401454925537,0.7514927983283997,-0.08049463480710983,0.4318378269672394,0.7494869232177734,-0.07107412070035934
0.3429138958454132,0.7902271747589111,8.885257898327836e-07,0.3653239607810974,0.7227485775947571,-0.006136879324913025,0.3989447057247162,0.6631219983100891,-0.024295585229992867,0.4296087622642517,0.6269028782844543,-0.044192638248205185,0.44370338320732117,0.5929721593856812,-0.0634700283408165,0.4002310633659363,0.6024582386016846,-0.041190747171640396,0.47679030895233154,0.5799199342727661,-0.07446049898862839,0.5252664089202881,0.5739903450012207,-0.09806640446186066,0.5661892294883728,0.5703682899475098,-0.11298077553510666,0.39892926812171936,0.6381007432937622,-0.05394792556762695,0.4863535463809967,0.6189297437667847,-0.08699461817741394,0.5457292199134827,0.6109524369239807,-0.10274966061115265,0.5945996642112732,0.6047212481498718,-0.11407145857810974,0.4024333953857422,0.683390736579895,-0.06550852954387665,0.48297131061553955,0.6958460807800293,-0.08867403119802475,0.4602188169956207,0.715320885181427,-0.07889233529567719,0.4318374693393707,0.7195068597793579,-0.07052189111709595,0.4077879786491394,0.7306110262870789,-0.07869471609592438,0.4712323546409607,0.7394056916236877,-0.09138323366641998,0.455242395401001,0.7507209181785583,-0.08025675266981125,0.4320836663246155,0.7481146454811096,-0.07064496725797653
0.3428550362586975,0.7905941605567932,8.861636047186039e-07,0.36579829454421997,0.7248342633247375,-0.0056661381386220455,0.4004379212856293,0.6673626899719238,-0.02403651364147663,0.4332496225833893,0.635961651802063,-0.04442918673157692,0.449051171541214,0.6072027087211609,-0.06422161310911179,0.39985162019729614,0.6042144298553467,-0.040294256061315536,0.476106733083725,0.5806379318237305,-0.0734897181391716,0.5248635411262512,0.5743820071220398,-0.09717843681573868,0.5658697485923767,0.5703185200691223,-0.1121542826294899,0.3985975980758667,0.6393797993659973,-0.05351175367832184,0.4855998456478119,0.6188292503356934,-0.08638236671686172,0.545398473739624,0.6107561588287354,-0.10223226249217987,0.5943635702133179,0.6043599247932434,-0.11358407139778137,0.40220820903778076,0.6841763257980347,-0.06557096540927887,0.4822589159011841,0.6963427066802979,-0.08879654109477997,0.45991089940071106,0.7168936133384705,-0.07938583940267563,0.43159979581832886,0.7216777801513672,-0.07114634662866592,0.4078386723995209,0.7309691905975342,-0.07923418283462524,0.47095251083374023,0.7397471070289612,-0.09184060990810394,0.4550321102142334,0.7519899010658264,-0.08079420030117035,0.43187180161476135,0.7500893473625183,-0.0712524950504303
0.34255141019821167,0.7895165085792542,8.76751585110469e-07,0.36459383368492126,0.7207940816879272,-0.0037434122059494257,0.39886587858200073,0.6613212823867798,-0.020386062562465668,0.4286724627017975,0.6238130927085876,-0.03921505808830261,0.4396686851978302,0.5886625051498413,-0.057544149458408356,0.4038592576980591,0.6026256084442139,-0.0373518243432045,0.47980353236198425,0.580927312374115,-0.06877237558364868,0.5274615287780762,0.5747231245040894,-0.09077920019626617,0.567173421382904,0.5710126757621765,-0.10456016659736633,0.4017118215560913,0.6377485990524292,-0.05105730518698692,0.489848792552948,0.6185991168022156,-0.08253797143697739,0.5478780269622803,0.6103261709213257,-0.09732650220394135,0.5962600708007812,0.603976845741272,-0.10770322382450104,0.40377721190452576,0.6828484535217285,-0.06342052668333054,0.4827578663825989,0.698336660861969,-0.0858934298157692,0.45878326892852783,0.7171730995178223,-0.0764770433306694,0.4311785101890564,0.719824492931366,-0.06811971217393875,0.40785157680511475,0.7304192185401917,-0.07711371034383774,0.47031721472740173,0.7415454387664795,-0.08916983753442764,0.4531264007091522,0.7523317337036133,-0.07785976678133011,0.43006718158721924,0.7486610412597656,-0.06800470501184464
0.34233301877975464,0.7886934876441956,8.737607117836887e-07,0.3614638149738312,0.715288519859314,-0.003947845660150051,0.3906649351119995,0.6513810753822327,-0.020583340898156166,0.4142540693283081,0.605299174785614,-0.03922802209854126,0.4238775074481964,0.5624955296516418,-0.057279326021671295,0.4027608633041382,0.6018692851066589,-0.038696710020303726,0.4796864092350006,0.5793913006782532,-0.07075576484203339,0.5272946357727051,0.5724446773529053,-0.09280092269182205,0.5670528411865234,0.5683645009994507,-0.10632134228944778,0.4014338552951813,0.6382371187210083,-0.051889486610889435,0.48882004618644714,0.6183364987373352,-0.08454753458499908,0.5465441942214966,0.6096725463867188,-0.0997043177485466,0.594336986541748,0.6035566926002502,-0.11019102483987808,0.40420272946357727,0.6839877367019653,-0.06354960054159164,0.48247581720352173,0.6980705261230469,-0.08686412870883942,0.45804789662361145,0.7156046032905579,-0.07709946483373642,0.4297863841056824,0.7178388833999634,-0.06824348121881485,0.408427357673645,0.7312043905258179,-0.0764426738023758,0.4704415500164032,0.7420633435249329,-0.08903440088033676,0.45306041836738586,0.7518432140350342,-0.07772039622068405,0.4296436607837677,0.74745774269104,-0.06764665246009827
0.34239405393600464,0.7886743545532227,8.794091854724684e-07,0.3631400465965271,0.7187318801879883,-0.0036721224896609783,0.3955352008342743,0.6606035828590393,-0.02113175392150879,0.42578667402267456,0.6259851455688477,-0.04089728370308876,0.4395139217376709,0.5921509265899658,-0.059986215084791183,0.402820348739624,0.603114128112793,-0.03850838541984558,0.47982364892959595,0.5800964832305908,-0.07068581134080887,0.5280415415763855,0.573754608631134,-0.09309770911931992,0.5680919289588928,0.5700888633728027,-0.10694004595279694,0.4011187255382538,0.6390933990478516,-0.052219636738300323,0.48818302154541016,0.6184590458869934,-0.08488256484270096,0.5467506647109985,0.6098471879959106,-0.10054770112037659,0.594906210899353,0.6042152047157288,-0.11151445657014847,0.40378040075302124,0.6841768026351929,-0.0644095316529274,0.4814719557762146,0.6993613243103027,-0.08741523325443268,0.4574746787548065,0.7175989747047424,-0.07799314707517624,0.4293414354324341,0.7204736471176147,-0.06949293613433838,0.4082683324813843,0.7308367490768433,-0.07789971679449081,0.4699799120426178,0.7424232959747314,-0.0899190753698349,0.45298734307289124,0.7528753280639648,-0.07852953672409058,0.4298936128616333,0.7491015195846558,-0.06857854127883911
0.34119680523872375,0.7872318625450134,8.957971999734582e-07,0.35947179794311523,0.7140292525291443,-0.009339793585240841,0.38903501629829407,0.6457114815711975,-0.027059629559516907,0.4108193516731262,0.5958049893379211,-0.0455370731651783,0.4164813756942749,0.5523001551628113,-0.06328573077917099,0.39774608612060547,0.6000365614891052,-0.043737202882766724,0.4766044616699219,0.5806757807731628,-0.07675565034151077,0.5247464776039124,0.5752707123756409,-0.09931855648756027,0.5649785399436951,0.5729115605354309,-0.11333603411912918,0.39580217003822327,0.6380103826522827,-0.05438901111483574,0.48461630940437317,0.6191054582595825,-0.08811112493276596,0.5426159501075745,0.6108132600784302,-0.10332508385181427,0.5908254981040955,0.6054359078407288,-0.11371266096830368,0.39906156063079834,0.685157835483551,-0.06402913480997086,0.48045575618743896,0.6978675127029419,-0.08924844861030579,0.4579311013221741,0.7147467136383057,-0.0806288942694664,0.43010276556015015,0.7167068123817444,-0.07218846678733826,0.4049256443977356,0.7323724627494812,-0.07522290199995041,0.4690980613231659,0.7418834567070007,-0.08965297788381577,0.4520936608314514,0.751053512096405,-0.07978309690952301,0.4279527962207794,0.7464393973350525,-0.0706406906247139
0.34332263469696045,0.7921372652053833,8.813632348392275e-07,0.3628785014152527,0.7197562456130981,-0.00459786644205451,0.3947198987007141,0.655265748500824,-0.021540973335504532,0.42084595561027527,0.6115145087242126,-0.04022430628538132,0.4297288954257965,0.573436439037323,-0.058306846767663956,0.39923539757728577,0.6038733720779419,-0.040906257927417755,0.47717076539993286,0.5802670121192932,-0.07315512746572495,0.5256608128547668,0.5747488737106323,-0.09513302147388458,0.5655719637870789,0.5720782279968262,-0.10864968597888947,0.39867928624153137,0.6407325863838196,-0.053451478481292725,0.48836928606033325,0.6208829879760742,-0.08607225120067596,0.5474146008491516,0.6130168437957764,-0.100825235247612,0.5951889753341675,0.6075990200042725,-0.1111261323094368,0.40311235189437866,0.6864575743675232,-0.06444337964057922,0.48167353868484497,0.6981424689292908,-0.08751801401376724,0.4570675492286682,0.7164220809936523,-0.07807456701993942,0.4283739924430847,0.7200077772140503,-0.06962013989686966,0.4095672070980072,0.7333062291145325,-0.07668191939592361,0.4711746573448181,0.7424158453941345,-0.08881964534521103,0.45324021577835083,0.7526020407676697,-0.07792467623949051,0.42971402406692505,0.7492920160293579,-0.0684141218662262
0.3415665924549103,0.7916568517684937,8.938509949985018e-07,0.36354607343673706,0.7241010069847107,-0.007481821347028017,0.39829376339912415,0.6672289967536926,-0.026291321963071823,0.4307670295238495,0.6382737159729004,-0.04691731184720993,0.44815593957901,0.6126834750175476,-0.0668463408946991,0.399946004152298,0.6053261756896973,-0.041256703436374664,0.47845780849456787,0.5847064256668091,-0.07382182776927948,0.5271419286727905,0.5796159505844116,-0.09708103537559509,0.5675095915794373,0.5765687823295593,-0.11197270452976227,0.3984953761100769,0.6425583362579346,-0.05357116460800171,0.4861387610435486,0.623247504234314,-0.08599453419446945,0.5458104014396667,0.614604651927948,-0.10168935358524323,0.5948426127433777,0.6088738441467285,-0.11305952072143555,0.4018942415714264,0.6889873147010803,-0.06494220346212387,0.48123806715011597,0.6988624334335327,-0.08806413412094116,0.45853865146636963,0.7162752151489258,-0.07962116599082947,0.43058907985687256,0.720618486404419,-0.07213182747364044,0.4078361988067627,0.7368879318237305,-0.0780220553278923,0.4702084958553314,0.7436007857322693,-0.09056093543767929,0.4534114897251129,0.7531291246414185,-0.08036771416664124,0.4302918016910553,0.7512001395225525,-0.07157568633556366
0.34260326623916626,0.790780782699585,8.971268243840314e-07,0.36206212639808655,0.7181256413459778,-0.008829738013446331,0.3909958302974701,0.6508697271347046,-0.0264588650316,0.41230782866477966,0.6005247831344604,-0.04503175616264343,0.4203578531742096,0.5558997988700867,-0.06291571259498596,0.39964035153388977,0.6027832627296448,-0.04295831918716431,0.4771575331687927,0.5841671228408813,-0.07626738399267197,0.5253573060035706,0.5784646272659302,-0.09953246265649796,0.5657936334609985,0.5740336179733276,-0.11405054479837418,0.39863598346710205,0.6404646039009094,-0.05387551710009575,0.48625004291534424,0.623249888420105,-0.08762192726135254,0.545279324054718,0.6147621870040894,-0.10338084399700165,0.5943009853363037,0.608011782169342,-0.11426501721143723,0.40238600969314575,0.6878735423088074,-0.06376444548368454,0.48176050186157227,0.6990543603897095,-0.08882241696119308,0.4586153030395508,0.7159286737442017,-0.08007305860519409,0.43028804659843445,0.7190148830413818,-0.07159257680177689,0.4081699252128601,0.7362346649169922,-0.0752405896782875,0.4707818031311035,0.744563639163971,-0.08945924043655396,0.4537290930747986,0.7534838914871216,-0.07938356697559357,0.4299512505531311,0.7498319745063782,-0.07006294280290604
0.3423166573047638,0.790978729724884,9.082993415177043e-07,0.3634607195854187,0.7213404178619385,-0.008519114926457405,0.3955460488796234,0.6592686176300049,-0.026742275804281235,0.4218602776527405,0.6189264059066772,-0.04625191166996956,0.4332609176635742,0.5829076766967773,-0.06504479795694351,0.40011337399482727,0.6036454439163208,-0.04211544990539551,0.4783947467803955,0.5849142074584961,-0.0753306895494461,0.5271775722503662,0.5792879462242126,-0.09888088703155518,0.5679831504821777,0.5751923322677612,-0.11375614255666733,0.39855390787124634,0.6408233642578125,-0.053656671196222305,0.4864925444126129,0.6231610178947449,-0.08734315633773804,0.5455126166343689,0.6147767305374146,-0.1033722311258316,0.5948840379714966,0.6084363460540771,-0.1144254058599472,0.40205660462379456,0.6877279281616211,-0.06422395259141922,0.4812888503074646,0.7002574801445007,-0.08876930177211761,0.4576526880264282,0.717762291431427,-0.07997588813304901,0.4295637309551239,0.721176028251648,-0.0715891644358635,0.4078127443790436,0.7359687089920044,-0.07648289948701859,0.47029030323028564,0.744579553604126,-0.0901036337018013,0.4529149532318115,0.7539641857147217,-0.07968948781490326,0.42951124906539917,0.7507742047309875,-0.0702434852719307
0.34227707982063293,0.7939088940620422,9.094235906559334e-07,0.3648424744606018,0.7234562635421753,-0.008683794178068638,0.39639613032341003,0.6582282185554504,-0.026851274073123932,0.419445663690567,0.6125454306602478,-0.046212367713451385,0.42671898007392883,0.5723341107368469,-0.06488306075334549,0.39873385429382324,0.6059893369674683,-0.04210248962044716,0.4762047529220581,0.5858854055404663,-0.07627879828214645,0.5254116654396057,0.5797379612922668,-0.10042765736579895,0.5668805241584778,0.5758268237113953,-0.11549994349479675,0.3972652852535248,0.6426250338554382,-0.05341770872473717,0.4855444133281708,0.6244757175445557,-0.0877659022808075,0.5454384088516235,0.6156926155090332,-0.10418887436389923,0.5954707264900208,0.608988881111145,-0.11553137004375458,0.4009784162044525,0.6887907385826111,-0.06382337957620621,0.48153430223464966,0.7007877230644226,-0.0895121768116951,0.45744165778160095,0.718913733959198,-0.08098608255386353,0.4287264347076416,0.7225533723831177,-0.07251453399658203,0.40686196088790894,0.7367529273033142,-0.0758538767695427,0.4705149233341217,0.7459067702293396,-0.09026303142309189,0.4528954327106476,0.755699098110199,-0.08021502941846848,0.4290373623371124,0.7522305250167847,-0.07097775489091873
0.3420082628726959,0.7939648628234863,9.089509944715246e-07,0.3653166592121124,0.7224956750869751,-0.008476263843476772,0.39671045541763306,0.6552721858024597,-0.026247182860970497,0.4180077612400055,0.6056472063064575,-0.04524681344628334,0.42300063371658325,0.5621054768562317,-0.06365539133548737,0.39906102418899536,0.6037089824676514,-0.0414421483874321,0.47593504190444946,0.5850614309310913,-0.07586021721363068,0.5251840949058533,0.5793106555938721,-0.10044173151254654,0.5669020414352417,0.5755796432495117,-0.11584674566984177,0.3971402943134308,0.6407166719436646,-0.0529639758169651,0.4857698678970337,0.6245039105415344,-0.08724230527877808,0.5457450151443481,0.6160506010055542,-0.1037776917219162,0.5958645939826965,0.6092936992645264,-0.11526309698820114,0.40054309368133545,0.6877608895301819,-0.06363730877637863,0.48200729489326477,0.7007222175598145,-0.08936550468206406,0.4582885801792145,0.7195006608963013,-0.08074827492237091,0.4295995533466339,0.7232512831687927,-0.07225440442562103,0.4062064290046692,0.7364209294319153,-0.07593805342912674,0.47052624821662903,0.7461138367652893,-0.09044183045625687,0.45334845781326294,0.7559511661529541,-0.0802578553557396,0.4295705258846283,0.7523828744888306,-0.07089176774024963
0.3404861092567444,0.7938354015350342,9.295172276324593e-07,0.3630969524383545,0.7264355421066284,-0.00795318279415369,0.3983539938926697,0.6681963205337524,-0.026852130889892578,0.43020936846733093,0.635943591594696,-0.0473632849752903,0.4450623691082001,0.6075975894927979,-0.06717919558286667,0.39983898401260376,0.606032133102417,-0.042338475584983826,0.4797375202178955,0.5858443379402161,-0.07563863694667816,0.5296263694763184,0.5814602375030518,-0.09901493787765503,0.570758581161499,0.5793526768684387,-0.11383064091205597,0.39825165271759033,0.6438382863998413,-0.05476643145084381,0.4890596866607666,0.6243847608566284,-0.0882989764213562,0.5489043593406677,0.6175413727760315,-0.10407417267560959,0.5980871915817261,0.6126282215118408,-0.11510390788316727,0.40160971879959106,0.6908986568450928,-0.06623117625713348,0.4833327531814575,0.7021200060844421,-0.09078653156757355,0.45933830738067627,0.7206633687019348,-0.08221029490232468,0.4303418695926666,0.7242879867553711,-0.07411292940378189,0.40710026025772095,0.7392681241035461,-0.07930242270231247,0.47050225734710693,0.7466756701469421,-0.09283041954040527,0.4531313180923462,0.7566142082214355,-0.08222582191228867,0.4292899966239929,0.7537704706192017,-0.07276391237974167
0.34135210514068604,0.7936196327209473,9.145913395514071e-07,0.35955777764320374,0.7191405296325684,-0.00823755469173193,0.38696977496147156,0.6495800018310547,-0.02621176652610302,0.40623319149017334,0.5969015955924988,-0.0450822077691555,0.4129684567451477,0.5503230094909668,-0.06326327472925186,0.3997505009174347,0.6052725315093994,-0.045527003705501556,0.47979527711868286,0.583850622177124,-0.07905090600252151,0.5285495519638062,0.5786478519439697,-0.1015741154551506,0.568835973739624,0.5757770538330078,-0.11537595838308334,0.39847463369369507,0.6443530321121216,-0.05666337534785271,0.48952949047088623,0.6249051094055176,-0.09122554957866669,0.5492514967918396,0.6170903444290161,-0.10659632831811905,0.5982662439346313,0.6111418604850769,-0.11709112673997879,0.40214163064956665,0.6920048594474792,-0.06638626754283905,0.4829535484313965,0.7023961544036865,-0.09156328439712524,0.4591217041015625,0.7191535830497742,-0.08202444761991501,0.4302162528038025,0.721792459487915,-0.07308204472064972,0.4076656699180603,0.7399292588233948,-0.07753945887088776,0.47073641419410706,0.7475544810295105,-0.09152373671531677,0.45334723591804504,0.7563312649726868,-0.08066923916339874,0.42916515469551086,0.7522678375244141,-0.07083378732204437
0.3409855365753174,0.7931278944015503,9.11349275156681e-07,0.3586008548736572,0.71705162525177,-0.00845941063016653,0.38448581099510193,0.6449047327041626,-0.026002129539847374,0.4013333022594452,0.5889251828193665,-0.044426098465919495,0.4069877564907074,0.540220320224762,-0.06212666630744934,0.39879822731018066,0.6043594479560852,-0.04495736211538315,0.4794841706752777,0.5829622149467468,-0.07834607362747192,0.5284349918365479,0.5779736638069153,-0.10065454244613647,0.5686061382293701,0.575642466545105,-0.11421903967857361,0.39808890223503113,0.6443053483963013,-0.05581829696893692,0.48913848400115967,0.6246971487998962,-0.09035983681678772,0.5492788553237915,0.6165377497673035,-0.10569150000810623,0.5983745455741882,0.610846221446991,-0.11610499769449234,0.40226995944976807,0.692732572555542,-0.0653454139828682,0.48300057649612427,0.701481819152832,-0.09067870676517487,0.4597221910953522,0.7175136208534241,-0.0815303847193718,0.4309614300727844,0.7206861972808838,-0.0727204978466034,0.4082825183868408,0.7410732507705688,-0.07628227770328522,0.47122839093208313,0.7473694086074829,-0.09041157364845276,0.4539567530155182,0.7554898858070374,-0.07990676909685135,0.4296281933784485,0.7519209384918213,-0.07024466246366501
0.341988205909729,0.7935876846313477,8.965781717051868e-07,0.36321473121643066,0.7266913056373596,-0.006297817919403315,0.399380624294281,0.6720282435417175,-0.02562095783650875,0.4355109632015228,0.6494362950325012,-0.046917952597141266,0.453515887260437,0.6292331218719482,-0.06737025827169418,0.40057098865509033,0.6082141995429993,-0.04128193482756615,0.4807468354701996,0.5875571370124817,-0.07342024892568588,0.5297866463661194,0.5836334228515625,-0.09578674286603928,0.5697420239448547,0.5822219848632812,-0.11001313477754593,0.3996694087982178,0.6454077363014221,-0.054395534098148346,0.488777756690979,0.6259109973907471,-0.0870916023850441,0.5487586855888367,0.6190545558929443,-0.10261748731136322,0.5972002744674683,0.6147208213806152,-0.11382747441530228,0.40318000316619873,0.6911532282829285,-0.06629902124404907,0.4827701449394226,0.7028742432594299,-0.08944820612668991,0.46020323038101196,0.7211160659790039,-0.08079545199871063,0.4321124255657196,0.7246387600898743,-0.07318916916847229,0.40911221504211426,0.738448977470398,-0.0797477662563324,0.47065651416778564,0.7467692494392395,-0.09180472046136856,0.45347219705581665,0.7573549747467041,-0.08110637962818146,0.43008580803871155,0.7545532584190369,-0.07214488834142685
0.3417429029941559,0.7922738790512085,9.213081852976757e-07,0.3620002865791321,0.7242880463600159,-0.007499754894524813,0.39719831943511963,0.6683045625686646,-0.027119064703583717,0.43302208185195923,0.6440244913101196,-0.04830056428909302,0.45161911845207214,0.6227041482925415,-0.06874639540910721,0.3999703526496887,0.607693076133728,-0.04362643137574196,0.478990375995636,0.5872657895088196,-0.07671608775854111,0.5283745527267456,0.5824694037437439,-0.0999494418501854,0.5693213939666748,0.5794650316238403,-0.11473920941352844,0.3991096019744873,0.6449962258338928,-0.055981483310461044,0.4876854717731476,0.6259411573410034,-0.08949413150548935,0.5474388599395752,0.6188241243362427,-0.10575545579195023,0.5960955023765564,0.6134663820266724,-0.1173621118068695,0.4030100405216217,0.6912499666213989,-0.06704536825418472,0.48121947050094604,0.7026864290237427,-0.09107518941164017,0.4576544463634491,0.720220685005188,-0.08297636359930038,0.42889103293418884,0.7227625846862793,-0.0754777044057846,0.40882688760757446,0.7387714385986328,-0.07966391742229462,0.46985816955566406,0.7475597858428955,-0.09255887567996979,0.4523772597312927,0.7574983239173889,-0.08237830549478531,0.42883217334747314,0.7540547847747803,-0.07352103292942047
0.3420572876930237,0.7924870252609253,9.244389502782724e-07,0.36210012435913086,0.7243281006813049,-0.007463586516678333,0.39661791920661926,0.6669315099716187,-0.02685478888452053,0.4310830235481262,0.6396182775497437,-0.047711946070194244,0.4479309022426605,0.6152846217155457,-0.06779592484235764,0.39957448840141296,0.6076810956001282,-0.043709784746170044,0.47882142663002014,0.5872614979743958,-0.07679202407598495,0.5284578204154968,0.5823781490325928,-0.09991959482431412,0.5695698261260986,0.5793642997741699,-0.11453227698802948,0.3985631465911865,0.6449614763259888,-0.05594167113304138,0.48737648129463196,0.6260508894920349,-0.08942774683237076,0.5474739074707031,0.6187722682952881,-0.10545538365840912,0.5964177846908569,0.6133365631103516,-0.11681409180164337,0.4024824798107147,0.6911535859107971,-0.0668748989701271,0.4813500940799713,0.7029500603675842,-0.09079901874065399,0.45813027024269104,0.7208293676376343,-0.08235402405261993,0.429395467042923,0.7236230373382568,-0.07456520199775696,0.408493310213089,0.7385765314102173,-0.07936540246009827,0.47011077404022217,0.7473734617233276,-0.09215933829545975,0.4528235197067261,0.7575890421867371,-0.08175200968980789,0.42922845482826233,0.7541581392288208,-0.07267976552248001
0.33994972705841064,0.7928836345672607,9.202869932778412e-07,0.3632138967514038,0.7277990579605103,-0.005001076031476259,0.40163543820381165,0.6758981347084045,-0.024133188650012016,0.44012001156806946,0.6592187881469727,-0.04567066207528114,0.463573694229126,0.64444500207901,-0.06672726571559906,0.4018414318561554,0.6093466877937317,-0.04047200828790665,0.4793303906917572,0.5887483358383179,-0.07361958920955658,0.529414713382721,0.5837869048118591,-0.09727337211370468,0.5713602900505066,0.5814139246940613,-0.11229362338781357,0.4005338251590729,0.6455732583999634,-0.05457615479826927,0.4889305830001831,0.6255826354026794,-0.0870855301618576,0.5486063361167908,0.6185827255249023,-0.10307425260543823,0.5981348156929016,0.6131448149681091,-0.11451489478349686,0.4032675623893738,0.6919905543327332,-0.06734645366668701,0.4813556373119354,0.7036457061767578,-0.09052533656358719,0.4577733278274536,0.7217699885368347,-0.08157661557197571,0.42956873774528503,0.7249720692634583,-0.07346095144748688,0.4074631631374359,0.7405861020088196,-0.08158747851848602,0.4696313142776489,0.7469998002052307,-0.09363613277673721,0.45272505283355713,0.7572174668312073,-0.08198902755975723,0.429601788520813,0.755146324634552,-0.07201153039932251
0.3410934805870056,0.7934694290161133,8.975960668067273e-07,0.36311376094818115,0.7256643772125244,-0.005820673890411854,0.3977166414260864,0.6683728098869324,-0.024349240586161613,0.42942267656326294,0.6356638669967651,-0.0446249395608902,0.4454437494277954,0.6030617356300354,-0.06424575299024582,0.40198805928230286,0.6092047095298767,-0.04241051897406578,0.4792456328868866,0.587660551071167,-0.07581720501184464,0.5279744267463684,0.5816464424133301,-0.09907963871955872,0.5689900517463684,0.5785351395606995,-0.11360971629619598,0.40120619535446167,0.6462738513946533,-0.05535111948847771,0.48922133445739746,0.6260720491409302,-0.08864185959100723,0.548027753829956,0.6185523271560669,-0.10426129400730133,0.5968177318572998,0.6132785081863403,-0.11531390994787216,0.4042317271232605,0.6927136182785034,-0.0668870285153389,0.48243528604507446,0.70345139503479,-0.09079015254974365,0.45814239978790283,0.7200365662574768,-0.08124648779630661,0.4297221601009369,0.7224485874176025,-0.07265285402536392,0.4083321988582611,0.740843653678894,-0.07981771230697632,0.4704272150993347,0.7477592825889587,-0.09283959120512009,0.4532414376735687,0.7569499015808105,-0.08158910274505615,0.429960697889328,0.7535502910614014,-0.07171311229467392
0.3420080244541168,0.7938728928565979,8.947913556767162e-07,0.3655206561088562,0.7288867831230164,-0.005291481036692858,0.40307220816612244,0.6755976676940918,-0.024165330454707146,0.4396550953388214,0.6549485325813293,-0.04505714401602745,0.45930665731430054,0.6338692903518677,-0.06524168699979782,0.40358972549438477,0.6107205748558044,-0.04179858788847923,0.481753408908844,0.5888988971710205,-0.0743008628487587,0.5305885076522827,0.5829018354415894,-0.0972086638212204,0.571208119392395,0.5791240930557251,-0.11177713423967361,0.4015556275844574,0.6467992067337036,-0.05496472492814064,0.48965635895729065,0.6273436546325684,-0.08760436624288559,0.5490221977233887,0.6200733184814453,-0.10329744219779968,0.5979256629943848,0.6149067282676697,-0.11460427194833755,0.4044855237007141,0.6926940083503723,-0.06664236634969711,0.48432809114456177,0.7031581401824951,-0.0894317775964737,0.46085330843925476,0.7204161286354065,-0.08011393994092941,0.4321613013744354,0.7237142324447632,-0.0719636008143425,0.409442663192749,0.7405597567558289,-0.07978415489196777,0.47210705280303955,0.7472548484802246,-0.09184779226779938,0.4555354714393616,0.7566904425621033,-0.08067674189805984,0.4323016405105591,0.7538085579872131,-0.0711122378706932
0.34119653701782227,0.7942405939102173,8.943090961111011e-07,0.365555077791214,0.728976845741272,-0.0029667774215340614,0.40573784708976746,0.6790692210197449,-0.021846452727913857,0.4473237693309784,0.6664965152740479,-0.043411578983068466,0.4727216064929962,0.6545935273170471,-0.06436318904161453,0.40363654494285583,0.6123194694519043,-0.040276966989040375,0.48142901062965393,0.5892489552497864,-0.07284323871135712,0.5307281017303467,0.5835984945297241,-0.09604769945144653,0.5719444751739502,0.5805402994155884,-0.11099156737327576,0.4016224145889282,0.6476625204086304,-0.05494073033332825,0.48933732509613037,0.6273534297943115,-0.08751925826072693,0.5490055084228516,0.620598554611206,-0.10363232344388962,0.5982939004898071,0.6159518361091614,-0.11548074334859848,0.4045296609401703,0.6930387020111084,-0.06786972284317017,0.483755886554718,0.70335453748703,-0.08993212878704071,0.4601830542087555,0.7209561467170715,-0.08019471168518066,0.43140047788619995,0.7246943116188049,-0.07214251160621643,0.4093850255012512,0.7407581806182861,-0.0822075754404068,0.4720125198364258,0.7473170757293701,-0.09340807050466537,0.4557481110095978,0.7567164897918701,-0.08159530162811279,0.43278029561042786,0.7543489933013916,-0.0718308612704277
0.3416443169116974,0.7937225699424744,8.989414936877438e-07,0.36629629135131836,0.728395938873291,-0.002308833645656705,0.4074617326259613,0.6796694397926331,-0.021137062460184097,0.4507724344730377,0.6698096394538879,-0.04277237877249718,0.47761860489845276,0.6599661707878113,-0.06379266083240509,0.4036383032798767,0.6113457679748535,-0.039758749306201935,0.48090267181396484,0.5883004069328308,-0.07268394529819489,0.5302399396896362,0.5828219652175903,-0.09637343138456345,0.5716813802719116,0.5800557136535645,-0.11164355278015137,0.4018747806549072,0.6465461850166321,-0.05474400520324707,0.4897347092628479,0.6263878345489502,-0.08754701167345047,0.5493588447570801,0.6203123331069946,-0.10401557385921478,0.5987085700035095,0.6159425973892212,-0.1161189153790474,0.4049561023712158,0.6918919682502747,-0.06792579591274261,0.4841611683368683,0.7026941180229187,-0.08981086313724518,0.4603540301322937,0.720094621181488,-0.07988987863063812,0.43143704533576965,0.7233126759529114,-0.07178791612386703,0.4098122715950012,0.7396759390830994,-0.0825061947107315,0.4722727835178375,0.746732234954834,-0.0933867022395134,0.4559767246246338,0.7560824155807495,-0.08125941455364227,0.4331570863723755,0.7533280253410339,-0.07129287719726562
0.34325313568115234,0.7957559823989868,8.935940059018321e-07,0.36391696333885193,0.7251697182655334,-0.006863388232886791,0.3964226245880127,0.6625431776046753,-0.025589309632778168,0.4236593246459961,0.6215443015098572,-0.045557424426078796,0.43509039282798767,0.5828394889831543,-0.06484033912420273,0.40260669589042664,0.6108094453811646,-0.044766221195459366,0.47978466749191284,0.5878826975822449,-0.07814715057611465,0.5276833176612854,0.5807084441184998,-0.10133824497461319,0.5682669878005981,0.5765863656997681,-0.11592266708612442,0.40160995721817017,0.6487205624580383,-0.0568234957754612,0.48990577459335327,0.6276090741157532,-0.09106747806072235,0.5485583543777466,0.6188153624534607,-0.10726694017648697,0.5976485013961792,0.6129620671272278,-0.11880150437355042,0.40517157316207886,0.6952471137046814,-0.06719987839460373,0.4842975437641144,0.7040355205535889,-0.09121974557638168,0.4597055912017822,0.7196933627128601,-0.08107943832874298,0.43127986788749695,0.7224040031433105,-0.07229980081319809,0.4102058708667755,0.7424260377883911,-0.07902934402227402,0.47280147671699524,0.7484259009361267,-0.09202823042869568,0.45527875423431396,0.7570992112159729,-0.08054473251104355,0.4317152202129364,0.7534335851669312,-0.07065718621015549
0.34329932928085327,0.7968791127204895,8.919155334297102e-07,0.3633273243904114,0.7252393364906311,-0.006706048734486103,0.39444291591644287,0.6598917245864868,-0.024645909667015076,0.41863977909088135,0.6136295199394226,-0.04386541247367859,0.4288786053657532,0.5711016654968262,-0.062476709485054016,0.402840793132782,0.6097860336303711,-0.04343494400382042,0.47993582487106323,0.5879725217819214,-0.07646037638187408,0.527683675289154,0.5810741186141968,-0.09945008903741837,0.5681602954864502,0.5768415927886963,-0.11391335725784302,0.4020250737667084,0.6479945778846741,-0.055505819618701935,0.49047762155532837,0.6278913021087646,-0.08946552872657776,0.5490573644638062,0.619125247001648,-0.10551902651786804,0.5982918739318848,0.612786591053009,-0.1168893426656723,0.4054601788520813,0.6950534582138062,-0.06598028540611267,0.4839992821216583,0.7043278217315674,-0.09025106579065323,0.4590262174606323,0.7206030488014221,-0.0802597627043724,0.43058833479881287,0.7234235405921936,-0.07141541689634323,0.41028332710266113,0.7426941394805908,-0.0778488889336586,0.47275108098983765,0.7485942244529724,-0.09133464843034744,0.455121785402298,0.757359504699707,-0.0800337940454483,0.4314499795436859,0.7536879777908325,-0.07009350508451462
0.34339451789855957,0.7971142530441284,8.912643352232408e-07,0.36365383863449097,0.725382924079895,-0.00645237322896719,0.3948347270488739,0.6598064303398132,-0.024232948198914528,0.4189416170120239,0.6134029030799866,-0.04337061196565628,0.42913419008255005,0.5706725716590881,-0.06189679354429245,0.40287038683891296,0.6091407537460327,-0.04289478436112404,0.47975820302963257,0.5874665975570679,-0.07589852064847946,0.5274897813796997,0.5808249711990356,-0.09894189983606339,0.567979097366333,0.576668918132782,-0.11346327513456345,0.4018249213695526,0.6473976969718933,-0.055136747658252716,0.4904354512691498,0.6275988817214966,-0.08901286125183105,0.5491441488265991,0.6190442442893982,-0.1050502136349678,0.5985050201416016,0.6126803755760193,-0.11643388867378235,0.40515395998954773,0.6945651769638062,-0.06581640243530273,0.4839673638343811,0.7040717601776123,-0.0900273248553276,0.45909053087234497,0.720560610294342,-0.08005822449922562,0.43061894178390503,0.7232761383056641,-0.07125495374202728,0.4100324511528015,0.7423262596130371,-0.07788515836000443,0.4727490246295929,0.7483621835708618,-0.09131503105163574,0.4551694989204407,0.757165253162384,-0.08000486344099045,0.43148335814476013,0.7533612251281738,-0.0700688585639
0.34203654527664185,0.7950521111488342,9.0514799921948e-07,0.36159417033195496,0.7238191962242126,-0.00699298782274127,0.39413154125213623,0.6619466543197632,-0.025425035506486893,0.4218347668647766,0.6237999796867371,-0.04517051950097084,0.4349515736103058,0.5878368020057678,-0.06440697610378265,0.40197062492370605,0.6051398515701294,-0.04413873702287674,0.47921106219291687,0.5847164392471313,-0.07759576290845871,0.5277540683746338,0.5796861052513123,-0.10147211700677872,0.56868976354599,0.5768067240715027,-0.11663911491632462,0.40105366706848145,0.6431364417076111,-0.0562266930937767,0.4899073839187622,0.6249980330467224,-0.08970347046852112,0.5494101643562317,0.6173440217971802,-0.10597217082977295,0.5988037586212158,0.6115796566009521,-0.1176997572183609,0.4048575758934021,0.6907268762588501,-0.06686370819807053,0.4850175678730011,0.7007760405540466,-0.09041401743888855,0.4608875513076782,0.7177279591560364,-0.08130093663930893,0.4319002330303192,0.7208058834075928,-0.07334165275096893,0.41036275029182434,0.7391380667686462,-0.0790049135684967,0.4732743203639984,0.7456256747245789,-0.09186464548110962,0.45597997307777405,0.7548809051513672,-0.08095420897006989,0.43219470977783203,0.7516623735427856,-0.07145470380783081
0.341808021068573,0.7958006262779236,8.948821346166369e-07,0.36059215664863586,0.7232232093811035,-0.006755146663635969,0.3920377790927887,0.6603443622589111,-0.0248463936150074,0.418590247631073,0.620326042175293,-0.04429008439183235,0.4315042197704315,0.584480345249176,-0.06330109387636185,0.40162405371665955,0.6070089936256409,-0.04442032426595688,0.47890761494636536,0.5852067470550537,-0.07783975452184677,0.527590811252594,0.5800573825836182,-0.10126235336065292,0.5683887004852295,0.5773269534111023,-0.11592654883861542,0.4012223780155182,0.6446548104286194,-0.05637085810303688,0.4904961585998535,0.6260780692100525,-0.08949800580739975,0.5500502586364746,0.6180083155632019,-0.10516290366649628,0.5988855957984924,0.612102746963501,-0.11634257435798645,0.4053143858909607,0.6919489502906799,-0.0668797716498375,0.4853164553642273,0.7013930678367615,-0.09048076719045639,0.46139007806777954,0.7174257040023804,-0.0819125846028328,0.43229272961616516,0.7204044461250305,-0.07419130951166153,0.4109134078025818,0.740437388420105,-0.07881153374910355,0.4730033278465271,0.7471747398376465,-0.091864675283432,0.4556294083595276,0.7555410265922546,-0.08165398240089417,0.4316651523113251,0.7521241903305054,-0.07259271293878555
0.3418411910533905,0.7956914901733398,8.951399763645895e-07,0.360138475894928,0.7230838537216187,-0.006823115516453981,0.39109188318252563,0.659609317779541,-0.0250239335000515,0.4172969460487366,0.6184588074684143,-0.04447203502058983,0.4301396608352661,0.5808628797531128,-0.06341350823640823,0.40180447697639465,0.606410562992096,-0.04496849700808525,0.478655606508255,0.5843894481658936,-0.07853416353464127,0.5269582271575928,0.5793452262878418,-0.10207083821296692,0.5676769018173218,0.5766276121139526,-0.11680127680301666,0.40126651525497437,0.6440436244010925,-0.05684467777609825,0.4903448224067688,0.6257487535476685,-0.09018927067518234,0.5498555302619934,0.6177598834037781,-0.10595565289258957,0.5988901257514954,0.6118301749229431,-0.11717772483825684,0.40525367856025696,0.6912834644317627,-0.0672086700797081,0.485034704208374,0.7012991905212402,-0.09071381390094757,0.4608941674232483,0.7174713015556335,-0.08178862184286118,0.43172743916511536,0.7202205657958984,-0.07385221123695374,0.4107697010040283,0.7395954132080078,-0.07902345061302185,0.47298648953437805,0.7469763159751892,-0.09196534007787704,0.45551878213882446,0.7556490898132324,-0.08147384971380234,0.43159019947052,0.7520174384117126,-0.07218243926763535
0.34054774045944214,0.7945870757102966,9.088105343835196e-07,0.3609856367111206,0.7216274738311768,-0.00792691484093666,0.3910048305988312,0.654407799243927,-0.025880008935928345,0.41454023122787476,0.6042870283126831,-0.04483144357800484,0.42454996705055237,0.558747410774231,-0.06309935450553894,0.3986150026321411,0.6064376831054688,-0.04481155797839165,0.4774417281150818,0.5833628177642822,-0.07906471192836761,0.5263507962226868,0.5772190690040588,-0.10247813910245895,0.5672268867492676,0.5738186240196228,-0.11682208627462387,0.3982780873775482,0.6445132493972778,-0.05606216937303543,0.4888046681880951,0.6244286298751831,-0.09063228219747543,0.5488353371620178,0.6158745288848877,-0.10658517479896545,0.5981667041778564,0.609679102897644,-0.11757812649011612,0.40267953276634216,0.6911355257034302,-0.0659913569688797,0.4832814335823059,0.7018324136734009,-0.09126433730125427,0.4585389792919159,0.7185226082801819,-0.08224480599164963,0.42911991477012634,0.7210975289344788,-0.07366087287664413,0.4084722697734833,0.7383187413215637,-0.07736052572727203,0.4715191423892975,0.7469933032989502,-0.09139776229858398,0.4536011517047882,0.7558475732803345,-0.08100900799036026,0.42953044176101685,0.7514886856079102,-0.071530781686306
0.3408028483390808,0.7929754853248596,9.123990025727835e-07,0.3590638041496277,0.7161720991134644,-0.009034660644829273,0.38568609952926636,0.6419423818588257,-0.026347152888774872,0.4018349051475525,0.5829260349273682,-0.0443415604531765,0.4062177538871765,0.5317817330360413,-0.06160934269428253,0.398036926984787,0.6058074831962585,-0.045091308653354645,0.47893190383911133,0.5829678773880005,-0.07912323623895645,0.5282524228096008,0.5774099230766296,-0.10188587754964828,0.5691966414451599,0.5750155448913574,-0.11568707227706909,0.3979341685771942,0.645667314529419,-0.055353980511426926,0.4894351065158844,0.6246380805969238,-0.09000256657600403,0.5489240884780884,0.6164694428443909,-0.10548429936170578,0.5977393388748169,0.6107826828956604,-0.11607606709003448,0.40277644991874695,0.6932672262191772,-0.06435874849557877,0.4840526580810547,0.7005334496498108,-0.0901930183172226,0.45921170711517334,0.7164340615272522,-0.0811024159193039,0.42950084805488586,0.7192286849021912,-0.0722443088889122,0.40893957018852234,0.7404606342315674,-0.07476341724395752,0.4717027544975281,0.7466433048248291,-0.08929727971553802,0.4535711109638214,0.7546398043632507,-0.07900712639093399,0.4289713203907013,0.7503493428230286,-0.06948584318161011
0.3417667746543884,0.7934951782226562,9.112482075579464e-07,0.35924437642097473,0.7190170884132385,-0.008508441969752312,0.38860926032066345,0.6490779519081116,-0.02648756094276905,0.40938785672187805,0.5961312055587769,-0.045202821493148804,0.4158380627632141,0.5495362877845764,-0.0631721168756485,0.398253470659256,0.606780469417572,-0.04678088054060936,0.48015114665031433,0.5844262838363647,-0.08069782704114914,0.5295658111572266,0.5787076354026794,-0.10297064483165741,0.5701438784599304,0.5765984058380127,-0.11638115346431732,0.3981865644454956,0.6455343961715698,-0.05735696479678154,0.49057328701019287,0.6249143481254578,-0.09204984456300735,0.5501345992088318,0.6162245273590088,-0.10724780708551407,0.5985988974571228,0.6105589866638184,-0.11758440732955933,0.4030901789665222,0.6921424865722656,-0.06644833087921143,0.4838436543941498,0.7021945714950562,-0.09188944101333618,0.4589034616947174,0.7172651290893555,-0.08292623609304428,0.42938175797462463,0.7189623117446899,-0.07429499924182892,0.4095301628112793,0.738865315914154,-0.07687273621559143,0.4715636968612671,0.7463858723640442,-0.09114541113376617,0.45309215784072876,0.7544064521789551,-0.08098927140235901,0.42856940627098083,0.7497218251228333,-0.07164400070905685
0.3417271375656128,0.7949572205543518,8.889923606147931e-07,0.36217793822288513,0.7251149415969849,-0.006475288420915604,0.395793616771698,0.6644809246063232,-0.023975374177098274,0.42531076073646545,0.6270580887794495,-0.04316899925470352,0.43966713547706604,0.5923383831977844,-0.06174659729003906,0.4025849997997284,0.6063099503517151,-0.0403195396065712,0.4801308810710907,0.5855547189712524,-0.07238529622554779,0.5283370614051819,0.5798243880271912,-0.09468284249305725,0.5684193968772888,0.5766942501068115,-0.10856827348470688,0.4016084671020508,0.6434327960014343,-0.05254387855529785,0.49072393774986267,0.6250600814819336,-0.08423952013254166,0.5487080216407776,0.6182082891464233,-0.09882183372974396,0.5963935852050781,0.6130121350288391,-0.10896235704421997,0.4047743082046509,0.690319836139679,-0.06369933485984802,0.4844261705875397,0.7014389038085938,-0.0871637687087059,0.4597086012363434,0.7179797291755676,-0.0785718485713005,0.43064719438552856,0.7197315692901611,-0.0704396441578865,0.40924271941185,0.7389840483665466,-0.07626277208328247,0.47165417671203613,0.7467498779296875,-0.08924654126167297,0.4534853994846344,0.7560127973556519,-0.07881402224302292,0.42956778407096863,0.7523983716964722,-0.06938769668340683
0.34121325612068176,0.7949753999710083,9.064045229933981e-07,0.36491265892982483,0.7295553684234619,-0.005400786176323891,0.4035537838935852,0.6766801476478577,-0.024090461432933807,0.4428989887237549,0.6576235890388489,-0.04509899765253067,0.46613550186157227,0.6404933929443359,-0.0654505118727684,0.4017963111400604,0.6078634858131409,-0.038929812610149384,0.47969478368759155,0.5868163108825684,-0.07134507596492767,0.5293036103248596,0.5821568369865417,-0.09453954547643661,0.5705658793449402,0.5797292590141296,-0.10930692404508591,0.4007108807563782,0.6445526480674744,-0.05239415913820267,0.4900625944137573,0.6253834366798401,-0.08412366360425949,0.5495015382766724,0.61874920129776,-0.09969992190599442,0.5980386137962341,0.6135605573654175,-0.1109156683087349,0.40389713644981384,0.6904428601264954,-0.06479918956756592,0.4835677146911621,0.7020758986473083,-0.08793821930885315,0.45918136835098267,0.7198881506919861,-0.07993513345718384,0.4299217164516449,0.7223709225654602,-0.07251881808042526,0.408794105052948,0.7384859323501587,-0.0786798745393753,0.4712315797805786,0.7465566992759705,-0.09106910228729248,0.4534440040588379,0.7568167448043823,-0.08068930357694626,0.4297439754009247,0.753878653049469,-0.07167547941207886
0.34263622760772705,0.7975072860717773,8.977052061709401e-07,0.3631379306316376,0.7244470119476318,-0.008835680782794952,0.39337077736854553,0.6556495428085327,-0.026531675830483437,0.41483548283576965,0.6043660044670105,-0.04502570256590843,0.4223422110080719,0.5590082406997681,-0.06272565573453903,0.39984726905822754,0.6096256971359253,-0.04329681769013405,0.4772036671638489,0.5883095264434814,-0.07586139440536499,0.5249191522598267,0.5805307626724243,-0.09804272651672363,0.5651193857192993,0.574720561504364,-0.11175969243049622,0.3998798131942749,0.6479089856147766,-0.053875744342803955,0.4889451861381531,0.6277360916137695,-0.08724307268857956,0.5482141375541687,0.6175385117530823,-0.10253839939832687,0.5978220105171204,0.6100028157234192,-0.11307819187641144,0.40419021248817444,0.6950739622116089,-0.06327053904533386,0.4840024709701538,0.7029253840446472,-0.08842694014310837,0.4591602683067322,0.7192025780677795,-0.07958060503005981,0.4301718771457672,0.7228582501411438,-0.07082744687795639,0.41018742322921753,0.743227481842041,-0.07409796118736267,0.47268807888031006,0.7480678558349609,-0.08819998800754547,0.45505204796791077,0.7565833330154419,-0.07802264392375946,0.431203156709671,0.7534946799278259,-0.06863526254892349
0.3424047529697418,0.7954143285751343,9.004267553791578e-07,0.3628765344619751,0.7199758887290955,-0.008251740597188473,0.3927764594554901,0.6472175121307373,-0.02566557377576828,0.4106999635696411,0.5897705554962158,-0.04377611353993416,0.41371363401412964,0.5390255451202393,-0.06125514954328537,0.40058284997940063,0.6064867377281189,-0.044189684092998505,0.47792014479637146,0.5871433615684509,-0.07692039012908936,0.5254008769989014,0.5791869163513184,-0.09920179098844528,0.5657564401626587,0.5734750628471375,-0.11315701901912689,0.40000754594802856,0.6455376744270325,-0.055128030478954315,0.48897585272789,0.6276324987411499,-0.08886660635471344,0.547704815864563,0.6178064942359924,-0.10424714535474777,0.5974696278572083,0.6103180646896362,-0.11507991701364517,0.4039783477783203,0.6939034461975098,-0.06460247933864594,0.48402026295661926,0.7025976777076721,-0.08947501331567764,0.4587840139865875,0.7190922498703003,-0.07946920394897461,0.42982250452041626,0.722719132900238,-0.07027202099561691,0.40981200337409973,0.74285888671875,-0.07547569274902344,0.4727943539619446,0.7477014064788818,-0.08929556608200073,0.4551840126514435,0.7558119893074036,-0.07825907319784164,0.4313145875930786,0.7521489858627319,-0.06838419288396835
0.34269267320632935,0.7961089611053467,8.947621381594217e-07,0.36262500286102295,0.7200155258178711,-0.008700499311089516,0.3909681439399719,0.6461460590362549,-0.0257345512509346,0.4071125388145447,0.587363600730896,-0.04346497356891632,0.40984398126602173,0.53681480884552,-0.060531239956617355,0.4001203775405884,0.6080382466316223,-0.04320782050490379,0.4778614640235901,0.5875997543334961,-0.07579949498176575,0.5257489085197449,0.579818844795227,-0.09789715707302094,0.5660843849182129,0.5744333267211914,-0.11154904216527939,0.39998817443847656,0.6470386385917664,-0.0537104606628418,0.4889371693134308,0.6277046799659729,-0.08705233037471771,0.5475735068321228,0.617825448513031,-0.10208030045032501,0.596962571144104,0.6105189323425293,-0.11247202008962631,0.40429773926734924,0.6952566504478455,-0.06295860558748245,0.48407620191574097,0.7026957869529724,-0.08817847073078156,0.45917239785194397,0.7189892530441284,-0.0788225531578064,0.4302879273891449,0.723063588142395,-0.06969437748193741,0.41023674607276917,0.7441995143890381,-0.07358503341674805,0.4729141592979431,0.7481449842453003,-0.08773064613342285,0.4553443491458893,0.7559756636619568,-0.07718630135059357,0.43132707476615906,0.7528597116470337,-0.0674721971154213
0.34180158376693726,0.795081615447998,9.060449883691035e-07,0.36247798800468445,0.7226598858833313,-0.007976450026035309,0.3938596844673157,0.6567776203155518,-0.02595493756234646,0.41702336072921753,0.609462559223175,-0.0450991652905941,0.42613720893859863,0.566611111164093,-0.06370250880718231,0.4003852605819702,0.6078359484672546,-0.044541407376527786,0.4773929715156555,0.5861348509788513,-0.07892607152462006,0.526106595993042,0.5794731974601746,-0.10290345549583435,0.5676359534263611,0.5755440592765808,-0.1178860142827034,0.3994770646095276,0.6457528471946716,-0.05629609152674675,0.48821255564689636,0.627003014087677,-0.09079930931329727,0.5474826097488403,0.6182969808578491,-0.10698666423559189,0.5973857641220093,0.6117637753486633,-0.1182926744222641,0.4032030701637268,0.6934553980827332,-0.0667816549539566,0.48454785346984863,0.7018665671348572,-0.0923231989145279,0.46005016565322876,0.7182886004447937,-0.08322448283433914,0.43083563446998596,0.7214756608009338,-0.07460609823465347,0.40844637155532837,0.7423157095909119,-0.07875466346740723,0.4724414646625519,0.7473341822624207,-0.09341496974229813,0.4550769329071045,0.7556527853012085,-0.08284418284893036,0.43069982528686523,0.7524569034576416,-0.07315856218338013
0.3419508635997772,0.7952749133110046,8.971337592811324e-07,0.3626929521560669,0.7230241298675537,-0.007385242264717817,0.3937481939792633,0.6575109958648682,-0.025217270478606224,0.4166402518749237,0.6104586720466614,-0.04435478523373604,0.42571839690208435,0.5677700638771057,-0.06297293305397034,0.400919646024704,0.6085081696510315,-0.04403300583362579,0.4776511490345001,0.5861818194389343,-0.07813011109828949,0.5261777639389038,0.5794671177864075,-0.10177218168973923,0.5674064755439758,0.5755864381790161,-0.11649193614721298,0.3999956250190735,0.6461417078971863,-0.05600330978631973,0.4887535572052002,0.6270974278450012,-0.09022980183362961,0.5477902889251709,0.6185551285743713,-0.10613413155078888,0.5972898602485657,0.6120507717132568,-0.11721744388341904,0.4035903811454773,0.6934574246406555,-0.06666281819343567,0.4848647117614746,0.7019788026809692,-0.09197259694337845,0.46046897768974304,0.7184399962425232,-0.0828556939959526,0.4313000440597534,0.7214648723602295,-0.07426131516695023,0.40878909826278687,0.7421718239784241,-0.07875023037195206,0.47265011072158813,0.7472567558288574,-0.09318690001964569,0.45531970262527466,0.7558161020278931,-0.0825842022895813,0.4309842884540558,0.7525774240493774,-0.07291223108768463
0.3420485556125641,0.7953753471374512,8.939499593907385e-07,0.36237338185310364,0.7229022979736328,-0.006906608585268259,0.3929635286331177,0.6571047306060791,-0.024700935930013657,0.41548478603363037,0.6094180941581726,-0.043857697397470474,0.42430633306503296,0.5659769773483276,-0.06252700835466385,0.40107548236846924,0.608589231967926,-0.04407805576920509,0.47766971588134766,0.5858914852142334,-0.07806109637022018,0.5258843898773193,0.5791259407997131,-0.10152086615562439,0.566819429397583,0.5753078460693359,-0.11611621081829071,0.4002714455127716,0.6459589600563049,-0.05624298378825188,0.48886770009994507,0.6268857717514038,-0.09046604484319687,0.5479459762573242,0.6182630658149719,-0.10628584772348404,0.5973857641220093,0.6116947531700134,-0.1173260360956192,0.40385815501213074,0.6930968761444092,-0.06700397282838821,0.48485803604125977,0.7018687129020691,-0.09203867614269257,0.4607243537902832,0.7184244990348816,-0.08272776007652283,0.431715726852417,0.7214410305023193,-0.0741061195731163,0.408956915140152,0.7417797446250916,-0.07916461676359177,0.4726780652999878,0.7473318576812744,-0.09338144212961197,0.45556384325027466,0.7561429738998413,-0.08267048746347427,0.43143028020858765,0.7528793811798096,-0.07296586036682129
0.7928000688552856,0.739912748336792,4.305187815134559e-07,0.7469924688339233,0.6579123735427856,0.007186999078840017,0.6824389100074768,0.6315810084342957,0.008576515130698681,0.6469881534576416,0.6490733027458191,0.004056503996253014,0.6299774646759033,0.6890381574630737,-0.0011778202606365085,0.6333194971084595,0.6074263453483582,0.00594328111037612,0.555306613445282,0.6064565777778625,-0.004788901656866074,0.5077760815620422,0.6109073162078857,-0.010601501911878586,0.46951794624328613,0.6199142932891846,-0.011846909299492836,0.6209097504615784,0.6530231237411499,-0.006452986504882574,0.545177698135376,0.6457460522651672,-0.016055777668952942,0.4966285228729248,0.6395969390869141,-0.022650735452771187,0.4595794081687927,0.6350730657577515,-0.023488910868763924,0.6223767995834351,0.7085937857627869,-0.018554791808128357,0.6075009107589722,0.7326414585113525,-0.029990706592798233,0.6393609046936035,0.7369681596755981,-0.03351129591464996,0.6666128635406494,0.7298564910888672,-0.028962306678295135,0.6318248510360718,0.767774760723114,-0.03046792931854725,0.6335380673408508,0.7816500663757324,-0.0327126681804657,0.6610809564590454,0.7834418416023254,-0.02590913511812687,0.684190034866333,0.7777029871940613,-0.016581114381551743
0.7036501169204712,0.7858627438545227,4.091948255791067e-07,0.6641602516174316,0.709817111492157,0.01046772114932537,0.6075520515441895,0.6840072870254517,0.012037419714033604,0.5680015087127686,0.6973075866699219,0.009284773841500282,0.5453807711601257,0.7291669249534607,0.00610134843736887,0.5614753365516663,0.6579757332801819,0.0010996488854289055,0.4842710494995117,0.6571086645126343,-0.0046607633121311665,0.44066160917282104,0.6613390445709229,-0.006535031832754612,0.40735289454460144,0.6694886088371277,-0.005050164181739092,0.5494269132614136,0.7085241675376892,-0.009004582650959492,0.4728009104728699,0.7018957138061523,-0.011753316037356853,0.4253259599208832,0.7000503540039062,-0.01416137907654047,0.3913784623146057,0.7008277177810669,-0.013388516381382942,0.5498520731925964,0.7650623917579651,-0.017157934606075287,0.5248396396636963,0.7719759345054626,-0.018481474369764328,0.5488329529762268,0.7744385004043579,-0.016861794516444206,0.5723512172698975,0.7760571837425232,-0.011576652526855469,0.5572544932365417,0.8214415907859802,-0.024830004200339317,0.5531423687934875,0.8169503211975098,-0.01865486428141594,0.5742034316062927,0.816859781742096,-0.008907393552362919,0.5930299162864685,0.8182020783424377,0.0011265469947829843
0.7046487927436829,0.7871842384338379,3.9564000076097727e-07,0.6636843681335449,0.710326611995697,0.007524158805608749,0.6040714979171753,0.6874189972877502,0.009405771270394325,0.5627351403236389,0.7082101702690125,0.007647194433957338,0.5398142337799072,0.7441871762275696,0.005759960040450096,0.5612025260925293,0.6592600345611572,0.0033013306092470884,0.48570775985717773,0.6582942605018616,-0.0012602177448570728,0.4420780837535858,0.6619312763214111,-0.0031810051295906305,0.4080120027065277,0.6698126196861267,-0.0024285775143653154,0.5489665865898132,0.7108604311943054,-0.005320029798895121,0.4733933210372925,0.7050060033798218,-0.008139718323946,0.42544272541999817,0.7027937769889832,-0.011698438785970211,0.3912469744682312,0.7035713791847229,-0.01195342093706131,0.5496311187744141,0.7683030962944031,-0.012581534683704376,0.5227749943733215,0.7748190760612488,-0.015993906185030937,0.5474215745925903,0.7765970826148987,-0.01671423204243183,0.5715456008911133,0.7779735922813416,-0.01265705656260252,0.5568702816963196,0.8251828551292419,-0.019396035000681877,0.5517960786819458,0.8200262188911438,-0.01587618887424469,0.5723603963851929,0.8204290866851807,-0.00852145068347454,0.5909806489944458,0.8215001225471497,-0.00016231267363764346
0.7000832557678223,0.7891864776611328,4.0515971022614394e-07,0.6622539162635803,0.7119787931442261,0.00960062351077795,0.6029018759727478,0.6875300407409668,0.011808897368609905,0.5594884753227234,0.7058475613594055,0.01023111306130886,0.5350959897041321,0.7408854365348816,0.008344312198460102,0.5557466149330139,0.6624180674552917,0.001106311334297061,0.47705078125,0.6628128290176392,-0.0031370751094073057,0.43286824226379395,0.6650270223617554,-0.0042496430687606335,0.3987313508987427,0.6708513498306274,-0.0027469254564493895,0.5431692600250244,0.7150556445121765,-0.007948653772473335,0.46543410420417786,0.7085484266281128,-0.00974844116717577,0.41731464862823486,0.7057525515556335,-0.012108995579183102,0.3834938406944275,0.7056159973144531,-0.01168355718255043,0.5436381697654724,0.7726813554763794,-0.0149304810911417,0.5154892206192017,0.7765874862670898,-0.015199441462755203,0.5401402711868286,0.7783107161521912,-0.012782037258148193,0.5647537708282471,0.7803775668144226,-0.007395772263407707,0.5516659617424011,0.8289851546287537,-0.021532000973820686,0.5458881855010986,0.8223060369491577,-0.015151296742260456,0.5668402910232544,0.8213182091712952,-0.005396117456257343,0.5858975052833557,0.8226464986801147,0.004455756861716509
0.7015315294265747,0.7905212640762329,3.7962360011079e-07,0.6636912822723389,0.7133620381355286,0.0056118350476026535,0.6026371717453003,0.6890528798103333,0.0075766295194625854,0.5545278191566467,0.7098214030265808,0.006758534349501133,0.5270962119102478,0.7457568645477295,0.005948911886662245,0.5558207631111145,0.6633520126342773,0.0009782613487914205,0.47783827781677246,0.6642649173736572,-0.0028566305991262197,0.43312668800354004,0.6660858988761902,-0.004248972050845623,0.39816755056381226,0.6714375019073486,-0.0032297910656780005,0.5433831810951233,0.7160515189170837,-0.006132712587714195,0.46618109941482544,0.7112616896629333,-0.008398536592721939,0.41705888509750366,0.7079053521156311,-0.011740160174667835,0.3823893368244171,0.7067697048187256,-0.012025121599435806,0.5442322492599487,0.7732678055763245,-0.011715774424374104,0.5147934556007385,0.7768835425376892,-0.014785404317080975,0.5397232174873352,0.7787024974822998,-0.014670206233859062,0.5646200180053711,0.7807908058166504,-0.010203644633293152,0.5520070195198059,0.8288927674293518,-0.016964009031653404,0.544515073299408,0.8230853080749512,-0.01388540305197239,0.5659544467926025,0.8239033818244934,-0.006227103993296623,0.5855675935745239,0.8259475827217102,0.00249606859870255
0.702424168586731,0.7910388708114624,3.8363319276868424e-07,0.6646318435668945,0.7132823467254639,0.006265629548579454,0.6040022373199463,0.6887833476066589,0.008504286408424377,0.556955873966217,0.7094058990478516,0.007738075684756041,0.5303328037261963,0.745367169380188,0.006984807085245848,0.5565164089202881,0.6635674834251404,0.0018167763482779264,0.4782124161720276,0.6646135449409485,-0.0017659618752077222,0.43363460898399353,0.6665375232696533,-0.0028136938344687223,0.3989711403846741,0.6719615459442139,-0.0015245962422341108,0.5438744425773621,0.7158848643302917,-0.005644775461405516,0.46614372730255127,0.7112116813659668,-0.007906172424554825,0.41676193475723267,0.7081292271614075,-0.01119739469140768,0.38211607933044434,0.707268476486206,-0.011316463351249695,0.5446450710296631,0.7729461193084717,-0.011555934324860573,0.5157967209815979,0.7784790992736816,-0.014450234360992908,0.5408116579055786,0.7803194522857666,-0.01446886919438839,0.5657474398612976,0.7817051410675049,-0.010061039589345455,0.552411675453186,0.828524112701416,-0.017109228298068047,0.5455634593963623,0.8243959546089172,-0.013915305957198143,0.5673116445541382,0.8252763152122498,-0.006368095986545086,0.5870612859725952,0.8267583847045898,0.0023042086977511644
0.6928855776786804,0.7906556129455566,4.4195670056978997e-07,0.6503316164016724,0.7103503942489624,0.00720652611926198,0.5923457145690918,0.6874204874038696,0.007729781791567802,0.5544819831848145,0.7124372720718384,0.004519135225564241,0.5345015525817871,0.7509121894836426,0.0010279095731675625,0.5508073568344116,0.6612463593482971,-0.0003662063681986183,0.4716036021709442,0.6579918265342712,-0.005353046581149101,0.42778706550598145,0.6622056365013123,-0.006491237320005894,0.3946117162704468,0.6701959371566772,-0.00474123889580369,0.5389777421951294,0.7136936187744141,-0.009023281745612621,0.4602980613708496,0.7079533934593201,-0.011802163906395435,0.4122985601425171,0.7066614031791687,-0.014924613758921623,0.37924492359161377,0.707866907119751,-0.014691786840558052,0.5399970412254333,0.771679162979126,-0.01605047844350338,0.5169273018836975,0.7800119519233704,-0.018412601202726364,0.5422035455703735,0.7806134223937988,-0.019025485962629318,0.5664797425270081,0.780245840549469,-0.014995740726590157,0.5468488335609436,0.8290379047393799,-0.022629518061876297,0.54265296459198,0.8246971368789673,-0.017229538410902023,0.564245343208313,0.8244821429252625,-0.008530773222446442,0.5837914943695068,0.8250925540924072,0.0006228585843928158
0.6911370754241943,0.7889431118965149,4.0105649645738595e-07,0.6483404636383057,0.7080299854278564,0.00909550953656435,0.5909042358398438,0.6862934231758118,0.010781390592455864,0.5512312054634094,0.7132718563079834,0.00820132065564394,0.5293483734130859,0.7521742582321167,0.004914660006761551,0.5503806471824646,0.6627427935600281,0.003270857036113739,0.4723944664001465,0.6603449583053589,-0.001370927318930626,0.4273746907711029,0.6626251339912415,-0.0033015203662216663,0.3923211693763733,0.6682847738265991,-0.00250075850635767,0.5382027626037598,0.7156025767326355,-0.00601259246468544,0.4616955518722534,0.7089341878890991,-0.00784407276660204,0.41319429874420166,0.7067074775695801,-0.011291099712252617,0.3794264793395996,0.7067922353744507,-0.01187589205801487,0.5394816398620605,0.7730331420898438,-0.013657577335834503,0.5126631855964661,0.777427077293396,-0.01568489335477352,0.5373283624649048,0.7794445157051086,-0.016338836401700974,0.5621526837348938,0.7805953621864319,-0.012722416780889034,0.5475236177444458,0.8293840289115906,-0.020720122382044792,0.5423070192337036,0.8238122463226318,-0.01594185270369053,0.5628559589385986,0.8240358233451843,-0.007914939895272255,0.5821645855903625,0.8244917392730713,0.0007010701228864491
0.6914798617362976,0.7889783382415771,4.128769148792344e-07,0.6485894322395325,0.7085685729980469,0.006849632132798433,0.5897682905197144,0.6868714690208435,0.007606574334204197,0.549586296081543,0.7147277593612671,0.0045570801012218,0.5275655388832092,0.7540194988250732,0.0010634474456310272,0.550723135471344,0.6608842015266418,0.0017380616627633572,0.4730188548564911,0.6589823961257935,-0.00350299384444952,0.42824697494506836,0.6622216105461121,-0.005753141362220049,0.39360523223876953,0.6693236231803894,-0.005126748699694872,0.5392909646034241,0.713839590549469,-0.006960475351661444,0.46278294920921326,0.7083228826522827,-0.010267302393913269,0.4139145612716675,0.707075834274292,-0.01439203042536974,0.3798159658908844,0.7081157565116882,-0.01512119360268116,0.5405086874961853,0.7718779444694519,-0.014255550689995289,0.5134321451187134,0.7770659327507019,-0.018267057836055756,0.5384398102760315,0.7791256308555603,-0.019369294866919518,0.563369631767273,0.7801936268806458,-0.015512977726757526,0.5477776527404785,0.829059362411499,-0.021053588017821312,0.5414764285087585,0.8235173225402832,-0.01786193624138832,0.5623869895935059,0.8242983222007751,-0.010104738175868988,0.5819463133811951,0.825025737285614,-0.0014015971682965755
0.6931276917457581,0.7921092510223389,3.84965233024559e-07,0.6531090140342712,0.7119079828262329,0.008042383939027786,0.5943601727485657,0.6878839731216431,0.009694541804492474,0.5526131391525269,0.7128472328186035,0.0074852705001831055,0.5295612812042236,0.7513188719749451,0.0046396213583648205,0.549780547618866,0.6636860370635986,0.0019335647812113166,0.4725976288318634,0.6638875603675842,-0.002806545002385974,0.4270576238632202,0.6673343777656555,-0.004999772645533085,0.39155861735343933,0.6740041971206665,-0.004568005446344614,0.5375198721885681,0.7169288992881775,-0.007217071484774351,0.4611175060272217,0.7116796970367432,-0.009632297791540623,0.41187697649002075,0.7095275521278381,-0.013253645971417427,0.3774677515029907,0.7095373272895813,-0.013950557447969913,0.5390037894248962,0.7746147513389587,-0.014718626625835896,0.5106052160263062,0.776930570602417,-0.01767398603260517,0.5356428623199463,0.7795019149780273,-0.01772594265639782,0.5607872009277344,0.7816664576530457,-0.013545088469982147,0.5475918054580688,0.8311156630516052,-0.021733306348323822,0.5400339365005493,0.8242083787918091,-0.01813625916838646,0.5612872242927551,0.8244771957397461,-0.010002709925174713,0.5809565782546997,0.8255435228347778,-0.0011273049749433994
0.693173885345459,0.7918169498443604,3.9002333096505026e-07,0.6521437764167786,0.7113717794418335,0.006903171073645353,0.5928624868392944,0.687914252281189,0.007800726685672998,0.5505000352859497,0.7143839001655579,0.005072055384516716,0.5268812775611877,0.7529326677322388,0.00180799700319767,0.5493984222412109,0.6625915169715881,0.0004037312464788556,0.47258320450782776,0.6637018918991089,-0.004781891126185656,0.4277113974094391,0.6674560308456421,-0.007154925260692835,0.3925381302833557,0.6741546988487244,-0.006836515385657549,0.5373309850692749,0.7161721587181091,-0.00828210636973381,0.46077680587768555,0.7126603126525879,-0.011496535502374172,0.4115496277809143,0.7101709842681885,-0.015486033633351326,0.37669554352760315,0.709247350692749,-0.016372814774513245,0.5388447642326355,0.7745514512062073,-0.015343460254371166,0.5100206732749939,0.7775220274925232,-0.01927601732313633,0.5360454320907593,0.7793939113616943,-0.019599657505750656,0.5614280700683594,0.7811833620071411,-0.01539933867752552,0.5473855137825012,0.8315912485122681,-0.02193680964410305,0.5400176644325256,0.824622631072998,-0.019397925585508347,0.5617097020149231,0.8248051404953003,-0.011740421876311302,0.5814008712768555,0.8262949585914612,-0.003042628988623619
0.6933297514915466,0.79184490442276,3.898695695170318e-07,0.6523128747940063,0.7115060091018677,0.0069560706615448,0.5930585265159607,0.6880446672439575,0.007910155691206455,0.5508227944374084,0.7142598628997803,0.005225162021815777,0.5273405909538269,0.7527745962142944,0.0019875613506883383,0.5494135022163391,0.6627838015556335,0.0005581552977673709,0.4727397561073303,0.6637676954269409,-0.004585640504956245,0.42787328362464905,0.667375385761261,-0.006981697399169207,0.3926470875740051,0.6739432215690613,-0.006698434706777334,0.5373272895812988,0.7162801623344421,-0.00814068503677845,0.4608810245990753,0.7127419710159302,-0.011329271830618382,0.411632776260376,0.7101948261260986,-0.015324428677558899,0.3766811788082123,0.7093116044998169,-0.016216883435845375,0.5388705730438232,0.7745921015739441,-0.015222187153995037,0.5101709365844727,0.777860701084137,-0.019196396693587303,0.5362014770507812,0.7796984910964966,-0.019596153870224953,0.5615628361701965,0.7814547419548035,-0.015426107682287693,0.5474505424499512,0.8315569162368774,-0.021831968799233437,0.5400489568710327,0.8248113393783569,-0.019355634227395058,0.5617884397506714,0.8250215649604797,-0.011752989143133163,0.5815182328224182,0.8264723420143127,-0.0030844786670058966
0.6896147727966309,0.7934020757675171,3.9795250472707266e-07,0.6521306037902832,0.7122238874435425,0.005313193891197443,0.593323826789856,0.6882839798927307,0.006043196190148592,0.5486490726470947,0.7156628966331482,0.0036874134093523026,0.5232559442520142,0.7532176971435547,0.0012158917961642146,0.5472908616065979,0.6643692851066589,-0.0008689642418175936,0.4696963131427765,0.6642857789993286,-0.005843752063810825,0.4250437617301941,0.6680795550346375,-0.007897516712546349,0.3902450203895569,0.6745284199714661,-0.007344259414821863,0.5342339873313904,0.718407928943634,-0.008085248060524464,0.4590716063976288,0.7135852575302124,-0.01051325537264347,0.41025668382644653,0.710475742816925,-0.013920019380748272,0.3758825659751892,0.7086893916130066,-0.014607622288167477,0.5348623991012573,0.776277482509613,-0.013791311532258987,0.5075173377990723,0.7769179344177246,-0.016239255666732788,0.5333501696586609,0.778364896774292,-0.015761854127049446,0.5588399171829224,0.7805916666984558,-0.011489848606288433,0.542853057384491,0.8322901129722595,-0.019335541874170303,0.5386629104614258,0.8245257139205933,-0.01583702117204666,0.5596003532409668,0.8239932060241699,-0.00837866310030222,0.5784885883331299,0.82548987865448,-1.8650291167432442e-05
0.6892704963684082,0.7860122323036194,4.0834419223756413e-07,0.6474192142486572,0.707176685333252,0.005541560705751181,0.587641716003418,0.6868982911109924,0.006725887302309275,0.5451024174690247,0.7154538631439209,0.0044689239002764225,0.5222825407981873,0.7546253204345703,0.0019788385834544897,0.5470011234283447,0.6599135994911194,0.0013921171193942428,0.470005065202713,0.6586769819259644,-0.0038411691784858704,0.4254116117954254,0.6619064807891846,-0.005939924623817205,0.3902285099029541,0.6690189242362976,-0.005290712229907513,0.534652590751648,0.7117675542831421,-0.006474236957728863,0.4589132070541382,0.7072621583938599,-0.009969093836843967,0.41014280915260315,0.704791247844696,-0.014029983431100845,0.37568172812461853,0.7040929794311523,-0.014533245004713535,0.5356900691986084,0.7684544324874878,-0.013124102726578712,0.5128734707832336,0.7781270742416382,-0.01815273053944111,0.5393196940422058,0.7804582118988037,-0.020431794226169586,0.564481258392334,0.7803738117218018,-0.01707371696829796,0.5431776642799377,0.8251829147338867,-0.01942586526274681,0.5426497459411621,0.8235711455345154,-0.018536042422056198,0.5655882358551025,0.8254544138908386,-0.013105804100632668,0.5853497385978699,0.8253339529037476,-0.005726650822907686
0.6878837943077087,0.7893671989440918,4.0102978005052137e-07,0.6489274501800537,0.7079546451568604,0.006181107368320227,0.5900382995605469,0.6843754053115845,0.007733411621302366,0.5478554368019104,0.7103984355926514,0.005646864417940378,0.5251306295394897,0.7486132383346558,0.0031408939976245165,0.5464776754379272,0.6597476601600647,0.0014682727633044124,0.46976202726364136,0.6596738696098328,-0.004087501671165228,0.4246768355369568,0.6626786589622498,-0.006682800129055977,0.38957151770591736,0.6684629917144775,-0.006588473450392485,0.5337194204330444,0.7120976448059082,-0.006827470380812883,0.45913174748420715,0.7084052562713623,-0.010797902941703796,0.4098856449127197,0.7060954570770264,-0.015314420685172081,0.37517082691192627,0.7046786546707153,-0.01640697382390499,0.5345924496650696,0.7690255045890808,-0.013820130378007889,0.5092902779579163,0.7770117521286011,-0.01903343014419079,0.5346899628639221,0.7801888585090637,-0.020491639152169228,0.5599310994148254,0.7807362079620361,-0.016770249232649803,0.5422632694244385,0.8256415128707886,-0.02048102580010891,0.5394992828369141,0.8248460292816162,-0.019821718335151672,0.5613295435905457,0.8264169692993164,-0.014005737379193306,0.5809224843978882,0.8260201215744019,-0.006385153625160456
0.687180757522583,0.7817685008049011,3.896411158166302e-07,0.6462355852127075,0.7016395926475525,0.005867043510079384,0.5865440368652344,0.6790788173675537,0.0067361630499362946,0.5434154868125916,0.7060723304748535,0.004424403887242079,0.5187942385673523,0.7448409795761108,0.0019005191279575229,0.5448738932609558,0.6517331004142761,0.0003052945248782635,0.4672934412956238,0.654096245765686,-0.004170299973338842,0.4231468141078949,0.6585668325424194,-0.006110863760113716,0.3882157802581787,0.6655693650245667,-0.005489273928105831,0.5320907235145569,0.7055261135101318,-0.007194338366389275,0.45707640051841736,0.7038195133209229,-0.009536324068903923,0.40880608558654785,0.7026497721672058,-0.013234949670732021,0.3743908107280731,0.7030142545700073,-0.013899613171815872,0.5326195955276489,0.764279305934906,-0.013224981725215912,0.5077137351036072,0.7707451581954956,-0.016139782965183258,0.5341033935546875,0.7723063826560974,-0.01716851443052292,0.5590392351150513,0.7733591794967651,-0.0136178657412529,0.5397222638130188,0.8219119906425476,-0.01891685277223587,0.5375649929046631,0.8164381980895996,-0.015721647068858147,0.5593858957290649,0.8164389133453369,-0.009137533605098724,0.5782107710838318,0.8168827295303345,-0.0013381910976022482
0.6861284375190735,0.783164381980896,3.7847442513339047e-07,0.6468216180801392,0.7023847699165344,0.0074026030488312244,0.5881826877593994,0.6779394149780273,0.008987548761069775,0.5465712547302246,0.7022826075553894,0.00682194484397769,0.5235282778739929,0.7410569787025452,0.00419338745996356,0.5440114736557007,0.6529964208602905,0.0019446408841758966,0.46711990237236023,0.6553298830986023,-0.002642934676259756,0.42243412137031555,0.6595582365989685,-0.0047064609825611115,0.3872382640838623,0.666328489780426,-0.00421738950535655,0.5311252474784851,0.7059106230735779,-0.006565188989043236,0.45714715123176575,0.7030524611473083,-0.008991958573460579,0.4089333117008209,0.701428234577179,-0.012566855177283287,0.375021755695343,0.7016302943229675,-0.01323295384645462,0.5317120552062988,0.7638338804244995,-0.013611461035907269,0.506439208984375,0.7702078223228455,-0.01655423641204834,0.5317663550376892,0.772864043712616,-0.017217816784977913,0.5568488240242004,0.7743194699287415,-0.013495574705302715,0.5390478372573853,0.8210486769676208,-0.02029222622513771,0.5357223153114319,0.8168295621871948,-0.016948053613305092,0.5571039915084839,0.8173259496688843,-0.010037011466920376,0.5763857364654541,0.8178725242614746,-0.0020709712989628315
0.6859562397003174,0.7825596332550049,3.783401041346224e-07,0.6464173197746277,0.701819658279419,0.007595157716423273,0.5878557562828064,0.6776219606399536,0.009409695863723755,0.5463472008705139,0.7019616365432739,0.007487616967409849,0.5233619809150696,0.7405992746353149,0.005081235431134701,0.5437164306640625,0.6532467007637024,0.0024648085236549377,0.4669690728187561,0.655164361000061,-0.0016461308114230633,0.4222778379917145,0.6592299938201904,-0.0035714295227080584,0.3870609402656555,0.665791392326355,-0.0030250647105276585,0.5309666991233826,0.7062787413597107,-0.005899085197597742,0.45752769708633423,0.703316330909729,-0.007666076999157667,0.40953218936920166,0.7013617157936096,-0.011129355989396572,0.3757551610469818,0.7012612819671631,-0.011852191761136055,0.5316457152366638,0.7641596794128418,-0.012766232714056969,0.5066487193107605,0.7692912220954895,-0.015080295503139496,0.5318434834480286,0.7719911932945251,-0.015756234526634216,0.5567615032196045,0.7739850878715515,-0.012187650427222252,0.5390959978103638,0.8211562037467957,-0.019242750480771065,0.5356696844100952,0.8160490989685059,-0.015375619754195213,0.556917667388916,0.8164592385292053,-0.008328299969434738,0.5761763453483582,0.8172844648361206,-0.0003433409729041159
0.6834823489189148,0.780629575252533,3.932503034320689e-07,0.6444070935249329,0.7020580768585205,0.004898301791399717,0.5863224864006042,0.6798221468925476,0.004848223179578781,0.5434041023254395,0.7082565426826477,0.0017929502064362168,0.5188867449760437,0.7469808459281921,-0.001379375928081572,0.5436056852340698,0.6520768404006958,-0.0014949277974665165,0.4645356833934784,0.6517957448959351,-0.00684911385178566,0.42031461000442505,0.6568472385406494,-0.009347336366772652,0.3859650492668152,0.665023148059845,-0.009182281792163849,0.5311362147331238,0.7060957551002502,-0.008932430297136307,0.45577311515808105,0.7018898725509644,-0.012141913175582886,0.40785151720046997,0.7007186412811279,-0.0161319337785244,0.3732956349849701,0.7015293836593628,-0.01719103567302227,0.5319039821624756,0.7642827033996582,-0.014938244596123695,0.5037927031517029,0.7685860991477966,-0.018410872668027878,0.5298145413398743,0.7694091796875,-0.018570778891444206,0.554640531539917,0.7703959941864014,-0.014605680480599403,0.539419412612915,0.820745587348938,-0.020718516781926155,0.5345181226730347,0.8144364953041077,-0.018212417140603065,0.5553584098815918,0.8131740093231201,-0.01107948087155819,0.57384192943573,0.8130511045455933,-0.0029100847896188498
0.6829251050949097,0.7803766131401062,3.8403339885917376e-07,0.6438635587692261,0.702458918094635,0.005348891951143742,0.5850382447242737,0.6806007623672485,0.005683834198862314,0.5410634875297546,0.7084739804267883,0.0029556506779044867,0.5155240893363953,0.7464717030525208,5.4702704801457e-05,0.5431119799613953,0.6538763046264648,-0.0011148026678711176,0.4644906520843506,0.6525893211364746,-0.006692800205200911,0.420025110244751,0.6572177410125732,-0.009443212300539017,0.38526540994644165,0.6662886142730713,-0.009353763423860073,0.5306105613708496,0.7079076170921326,-0.008617819286882877,0.4552208185195923,0.7018991708755493,-0.011617330834269524,0.40729188919067383,0.7003922462463379,-0.015389280393719673,0.3726372718811035,0.7022433280944824,-0.016300665214657784,0.5314713716506958,0.7656415104866028,-0.014673900790512562,0.5023565292358398,0.768455445766449,-0.017828410491347313,0.5280179381370544,0.7688285112380981,-0.017695734277367592,0.552990734577179,0.7703371047973633,-0.013585666194558144,0.5393080711364746,0.821588397026062,-0.020482834428548813,0.5343661904335022,0.8139398097991943,-0.017597464844584465,0.5548198223114014,0.811742901802063,-0.010217330418527126,0.5734629034996033,0.8115225434303284,-0.001896975445561111
0.6838849186897278,0.780278205871582,3.932777019599598e-07,0.6446126103401184,0.7027623653411865,0.0036506231408566236,0.584601104259491,0.6805371642112732,0.0034838872961699963,0.5390300154685974,0.7100626826286316,0.0006235211039893329,0.5126410722732544,0.7484586834907532,-0.002232413738965988,0.5436104536056519,0.6534732580184937,-0.002455885289236903,0.46465104818344116,0.6534373164176941,-0.008187619969248772,0.42013537883758545,0.6573613286018372,-0.010732694528996944,0.38523411750793457,0.6654235124588013,-0.010533184744417667,0.531578004360199,0.7073945999145508,-0.009437775239348412,0.4554428458213806,0.7024663090705872,-0.013344760052859783,0.40728312730789185,0.7004714608192444,-0.01742567867040634,0.3725915551185608,0.7015470266342163,-0.018289264291524887,0.5326000452041626,0.7653535008430481,-0.015095112845301628,0.5029501914978027,0.7682627439498901,-0.01997089758515358,0.5291479825973511,0.7683236002922058,-0.02037768065929413,0.5542721152305603,0.7697461843490601,-0.016123762354254723,0.5402956604957581,0.8217467665672302,-0.020506639033555984,0.5348631739616394,0.8137749433517456,-0.01914173550903797,0.55582594871521,0.8116464614868164,-0.012297254987061024,0.574620246887207,0.8118643164634705,-0.004080021753907204
0.6826045513153076,0.7860069274902344,4.0078720076053287e-07,0.6450440287590027,0.7049090266227722,0.006448821164667606,0.5884678959846497,0.6802369952201843,0.00800611823797226,0.5460509061813354,0.7030309438705444,0.005987002979964018,0.5220720171928406,0.739058792591095,0.0036584981717169285,0.5400841236114502,0.6578027606010437,0.002572804456576705,0.46408575773239136,0.6571400165557861,-0.0017894614720717072,0.41949039697647095,0.6602785587310791,-0.0038572584744542837,0.3844531774520874,0.666597306728363,-0.0032628104090690613,0.5272488594055176,0.7103920578956604,-0.005139297805726528,0.45453667640686035,0.7045496106147766,-0.006979020778089762,0.40621113777160645,0.7015875577926636,-0.010153467766940594,0.3727637529373169,0.7010250091552734,-0.0105062834918499,0.5281927585601807,0.7672579288482666,-0.011591595597565174,0.5039018988609314,0.7691117525100708,-0.014227456413209438,0.5283558964729309,0.7719744443893433,-0.014585637487471104,0.5535524487495422,0.7745240330696106,-0.010509702377021313,0.5359082818031311,0.8230575919151306,-0.017844321206212044,0.532450795173645,0.8160343170166016,-0.014417685568332672,0.553617537021637,0.8169408440589905,-0.0073622167110443115,0.5732746720314026,0.8184719085693359,0.000920349732041359
0.6828084588050842,0.7840622067451477,3.8324819229274e-07,0.6449288129806519,0.7044485807418823,0.005793672986328602,0.5868903398513794,0.681036651134491,0.006784349214285612,0.5431484580039978,0.7074279189109802,0.004447260405868292,0.5182867646217346,0.7448190450668335,0.0018284952966496348,0.5421832799911499,0.6570033431053162,0.00044224585872143507,0.46370571851730347,0.6584399938583374,-0.005142148118466139,0.4181636571884155,0.6618316173553467,-0.007891986519098282,0.3827418088912964,0.6687558889389038,-0.007709328085184097,0.5297279357910156,0.7094144821166992,-0.0072482856921851635,0.45430904626846313,0.7061149477958679,-0.010700071230530739,0.4053739607334137,0.7039427161216736,-0.014592469669878483,0.3708532154560089,0.7042825818061829,-0.015432162210345268,0.5302510261535645,0.7664068341255188,-0.01360971201211214,0.5016451478004456,0.7696971893310547,-0.017622580751776695,0.5262858271598816,0.7719001770019531,-0.017632246017456055,0.5509153604507446,0.7744690179824829,-0.013218043372035027,0.5374448895454407,0.8225583434104919,-0.019672956317663193,0.5302734375,0.815848708152771,-0.01731201261281967,0.5510756373405457,0.8161220550537109,-0.009832225739955902,0.5701005458831787,0.8181880712509155,-0.0012079954613000154
0.6831436157226562,0.7840620875358582,3.82357910666542e-07,0.6449769735336304,0.7046487927436829,0.006184077356010675,0.587090790271759,0.6808443665504456,0.007306979037821293,0.5438746213912964,0.7061546444892883,0.004999935161322355,0.5193121433258057,0.7430610060691833,0.0023880107328295708,0.5421282052993774,0.6566623449325562,0.000823264301288873,0.4636368751525879,0.6584445238113403,-0.004772611428052187,0.4180564880371094,0.6619778871536255,-0.007527959533035755,0.3826694190502167,0.6689819097518921,-0.007290571928024292,0.529716432094574,0.7089840173721313,-0.00700011570006609,0.45450785756111145,0.7059276700019836,-0.01038061361759901,0.40568864345550537,0.7038241624832153,-0.01420593447983265,0.3714253902435303,0.7042762041091919,-0.01496813166886568,0.5301961898803711,0.7660689353942871,-0.013489126227796078,0.5020316243171692,0.7693231105804443,-0.017327066510915756,0.5264812707901001,0.7717535495758057,-0.017307745292782784,0.5511670112609863,0.7744356393814087,-0.012867243029177189,0.5372835993766785,0.8223715424537659,-0.019670166075229645,0.5304899215698242,0.815771758556366,-0.017095541581511497,0.5513154864311218,0.8162536025047302,-0.009565488435328007,0.5704910159111023,0.8184021711349487,-0.0008824358228594065
0.6813526749610901,0.7810174822807312,3.9625928138775635e-07,0.6405238509178162,0.7006011009216309,0.009440566413104534,0.5842568874359131,0.6778092384338379,0.01152926217764616,0.5447179675102234,0.7017553448677063,0.00950862467288971,0.5231507420539856,0.7392991781234741,0.006934548262506723,0.5407500267028809,0.6545027494430542,0.003433630568906665,0.4617643654346466,0.6558594107627869,-0.0002524238370824605,0.41723400354385376,0.6601086258888245,-0.0014847882557660341,0.3829806447029114,0.6674412488937378,-0.0001400357868988067,0.5283939242362976,0.7072756886482239,-0.00542799849063158,0.45231491327285767,0.7038096785545349,-0.006108197849243879,0.4041769504547119,0.7022629380226135,-0.008583718910813332,0.3710669279098511,0.7031265497207642,-0.00854073092341423,0.5295864939689636,0.7648444175720215,-0.012601816095411777,0.5041295289993286,0.7695454955101013,-0.012995956465601921,0.5286409854888916,0.7718214988708496,-0.012801071628928185,0.5531083941459656,0.7734134197235107,-0.0089073171839118,0.5375428795814514,0.8219246864318848,-0.01931103691458702,0.5336214303970337,0.8160185217857361,-0.01353004202246666,0.5546930432319641,0.816118061542511,-0.005397786386311054,0.5737810730934143,0.8168110847473145,0.0032228899654000998
0.6819969415664673,0.7806316614151001,3.818552727352653e-07,0.6418333053588867,0.701157808303833,0.00935411173850298,0.5845449566841125,0.6781526803970337,0.011807895265519619,0.5431406497955322,0.70320725440979,0.010288401506841183,0.5199641585350037,0.7411296367645264,0.008213596418499947,0.5405013561248779,0.6554199457168579,0.0038415109738707542,0.4615918695926666,0.6567083597183228,0.0004963675746694207,0.4168184995651245,0.6604757905006409,-0.0006509611266665161,0.38222527503967285,0.6677088737487793,0.0006768126040697098,0.5282409191131592,0.708249568939209,-0.00479234429076314,0.4524771571159363,0.7045742273330688,-0.005092991515994072,0.4044848084449768,0.7027725577354431,-0.007353771943598986,0.3709774613380432,0.7036759853363037,-0.007306249812245369,0.5294836759567261,0.765422523021698,-0.011764840222895145,0.5026203393936157,0.7687410116195679,-0.01224830187857151,0.5273624062538147,0.7706984877586365,-0.011913113296031952,0.5520462393760681,0.7728473544120789,-0.00797769520431757,0.5375605821609497,0.8218461275100708,-0.01821419596672058,0.5321245789527893,0.8153194785118103,-0.012661712244153023,0.5530301332473755,0.8151836395263672,-0.004440999589860439,0.572212278842926,0.8162506818771362,0.00421998230740428
0.6822690367698669,0.7811347246170044,3.8831981896692014e-07,0.6420716643333435,0.7014819979667664,0.008604362607002258,0.5840967297554016,0.678382933139801,0.010624454356729984,0.5426563620567322,0.7035912275314331,0.008772535249590874,0.5195261836051941,0.7417515516281128,0.006452539470046759,0.5402842164039612,0.6546223759651184,0.0027141293976455927,0.4611660838127136,0.6563126444816589,-0.001393789891153574,0.416436105966568,0.6602628231048584,-0.0027706832624971867,0.38215893507003784,0.6678885221481323,-0.0014588342746719718,0.5282347798347473,0.7074174284934998,-0.0059030139818787575,0.4520672559738159,0.704221248626709,-0.007166533265262842,0.4040377140045166,0.7026148438453674,-0.009705690667033195,0.37084048986434937,0.7036064267158508,-0.009601217694580555,0.5295308828353882,0.7648199200630188,-0.012941262684762478,0.503683865070343,0.7697548866271973,-0.014357409439980984,0.528380811214447,0.7716552019119263,-0.014318847097456455,0.5529956817626953,0.7731016278266907,-0.010318975895643234,0.5374807119369507,0.8217527866363525,-0.01951170340180397,0.5330492854118347,0.8163772225379944,-0.014626160264015198,0.5542736649513245,0.8164640069007874,-0.0067093586549162865,0.5735453963279724,0.8171926140785217,0.0018671656725928187
0.6833944320678711,0.7802523970603943,3.7262742580423946e-07,0.6453343629837036,0.7025235295295715,0.008734960108995438,0.5882810354232788,0.6788169145584106,0.011676398105919361,0.5460498929023743,0.7003173232078552,0.01077221054583788,0.5221375823020935,0.7365866303443909,0.009540654718875885,0.5392462611198425,0.6554363369941711,0.004052373580634594,0.4607463479042053,0.657684326171875,0.0007880839984863997,0.4164314866065979,0.6615076065063477,4.318174978834577e-05,0.3820206820964813,0.6678671836853027,0.0016625989228487015,0.5263463258743286,0.7082313895225525,-0.004231364466249943,0.4513856768608093,0.7056312561035156,-0.004739648662507534,0.403337299823761,0.7039710283279419,-0.006950241979211569,0.3703223466873169,0.7047834992408752,-0.006524919997900724,0.5278165936470032,0.7652754187583923,-0.01100810244679451,0.5050931572914124,0.7708806395530701,-0.01196352206170559,0.5294698476791382,0.7726913690567017,-0.012369438074529171,0.5541720986366272,0.7739984393119812,-0.00856564100831747,0.5363585352897644,0.8219835758209229,-0.01742541231215,0.5354339480400085,0.8175061941146851,-0.012665853835642338,0.5566489696502686,0.8181644678115845,-0.005774593446403742,0.5757299065589905,0.8189314603805542,0.0022590330336242914
0.6840596199035645,0.7816689014434814,3.8373161714844173e-07,0.6460978984832764,0.703499436378479,0.007463380228728056,0.5886696577072144,0.6792199015617371,0.009859324432909489,0.5463857650756836,0.7004119753837585,0.008461089804768562,0.5227481126785278,0.7364063262939453,0.006805280689150095,0.5395457148551941,0.6552211046218872,0.0031612536404281855,0.4616006016731262,0.6576389074325562,-0.0013700450072064996,0.41728153824806213,0.6612375974655151,-0.0028231695760041475,0.382876992225647,0.6677576899528503,-0.0016569081926718354,0.5265459418296814,0.707587480545044,-0.0051499842666089535,0.4518175721168518,0.7054800391197205,-0.007701351307332516,0.4037245512008667,0.7036163210868835,-0.01090885791927576,0.37021538615226746,0.7038931846618652,-0.010833353735506535,0.5277717709541321,0.7646964192390442,-0.012162993662059307,0.505359411239624,0.7716209292411804,-0.015795400366187096,0.5303422212600708,0.773777961730957,-0.017002902925014496,0.5551592707633972,0.774510383605957,-0.01306853722780943,0.5358733534812927,0.8217699527740479,-0.018843956291675568,0.5357210040092468,0.8184651732444763,-0.016341418027877808,0.5574064254760742,0.8196073174476624,-0.010289676487445831,0.5765017867088318,0.8202196955680847,-0.002461658790707588
0.6836720108985901,0.7809497117996216,3.787760931572848e-07,0.6450374126434326,0.7031891942024231,0.008868495002388954,0.5881305932998657,0.679572582244873,0.011683435179293156,0.5466306805610657,0.6998984217643738,0.010503045283257961,0.5232356190681458,0.735396146774292,0.009008191525936127,0.539594829082489,0.6551916599273682,0.004058522172272205,0.46064358949661255,0.6577653884887695,0.0002128824999090284,0.41654160618782043,0.6614273190498352,-0.00076596240978688,0.38234660029411316,0.6677407622337341,0.0007725435425527394,0.526512086391449,0.7075732946395874,-0.004488175269216299,0.4514097571372986,0.7058115601539612,-0.005914250388741493,0.40388649702072144,0.7040948867797852,-0.00854455679655075,0.370788037776947,0.7043793797492981,-0.008221196010708809,0.5276685953140259,0.7646950483322144,-0.011549790389835835,0.5053383111953735,0.7709723711013794,-0.013529603369534016,0.5299874544143677,0.7731157541275024,-0.014276282861828804,0.554487407207489,0.7741602659225464,-0.010410352610051632,0.535805344581604,0.8216933608055115,-0.018202388659119606,0.5355926752090454,0.8177244067192078,-0.014150258153676987,0.5568729639053345,0.8186715841293335,-0.007509182672947645,0.575745701789856,0.819502592086792,0.0005243687774054706
0.6842829585075378,0.7834751009941101,3.788828735196148e-07,0.6471759080886841,0.7055774331092834,0.009097764268517494,0.5900201201438904,0.6830134987831116,0.012220564298331738,0.547356367111206,0.7050385475158691,0.011345604434609413,0.5228105783462524,0.7409329414367676,0.010112850926816463,0.5395158529281616,0.6591255068778992,0.004834484774619341,0.4626734256744385,0.660159707069397,0.0008548439363949001,0.417588472366333,0.6632991433143616,-0.0009118363377638161,0.382242888212204,0.6699101328849792,-0.00021095828560646623,0.5264114141464233,0.7115667462348938,-0.0038599525578320026,0.45102840662002563,0.7080158591270447,-0.005160620901733637,0.40286388993263245,0.705328643321991,-0.0080022681504488,0.3688996434211731,0.705124020576477,-0.00822732225060463,0.5276792049407959,0.7683603167533875,-0.011015157215297222,0.5017214417457581,0.7718521952629089,-0.012754751369357109,0.5262008309364319,0.7733765840530396,-0.012504609301686287,0.550834596157074,0.7754530906677246,-0.008335107937455177,0.5366758108139038,0.8242042660713196,-0.01778189092874527,0.5335025191307068,0.8183854818344116,-0.01358288899064064,0.5542571544647217,0.8186504244804382,-0.006174348760396242,0.573086678981781,0.8200785517692566,0.0021669166162610054
0.6840400695800781,0.784244954586029,3.872191598475183e-07,0.6479960680007935,0.7067692875862122,0.006101710721850395,0.5892738103866577,0.6851913928985596,0.007799186743795872,0.543321430683136,0.7114549279212952,0.006358202546834946,0.516396701335907,0.7474451065063477,0.004927128553390503,0.5416440367698669,0.6575917601585388,0.00036635270225815475,0.46293437480926514,0.6601065993309021,-0.0047039128839969635,0.41792023181915283,0.6636183261871338,-0.0066856443881988525,0.382449746131897,0.6706414222717285,-0.006185298319905996,0.5282321572303772,0.7103586792945862,-0.007267479319125414,0.4517851769924164,0.7077435255050659,-0.010296845808625221,0.4031442403793335,0.7058575749397278,-0.013876398093998432,0.368266224861145,0.7057576179504395,-0.014467974193394184,0.5287279486656189,0.7675447463989258,-0.013423889875411987,0.5018067359924316,0.7732531428337097,-0.017189648002386093,0.5277528762817383,0.7750421166419983,-0.017334353178739548,0.5527445673942566,0.7764007449150085,-0.013151309452950954,0.5364426374435425,0.8242303133010864,-0.019326886162161827,0.5345661044120789,0.8195043802261353,-0.017734915018081665,0.556225597858429,0.8200098276138306,-0.01161231566220522,0.5748009085655212,0.8208852410316467,-0.003885566024109721
0.6839510798454285,0.7843478322029114,3.7689289911213564e-07,0.6480331420898438,0.7067654132843018,0.007550607435405254,0.5905421376228333,0.6845762133598328,0.009808216243982315,0.5466694831848145,0.7083474397659302,0.00844874419271946,0.5209975838661194,0.7439454793930054,0.006946440786123276,0.5413082242012024,0.6581649780273438,0.002481344621628523,0.46354901790618896,0.6600942015647888,-0.0023409014102071524,0.41836798191070557,0.6634074449539185,-0.004511957988142967,0.38295072317123413,0.670101523399353,-0.004198476206511259,0.5276906490325928,0.7106983661651611,-0.005809162277728319,0.45228293538093567,0.707822859287262,-0.008173546753823757,0.40405794978141785,0.7061043977737427,-0.011413445696234703,0.3697751760482788,0.7064400911331177,-0.011921277269721031,0.5283718109130859,0.7675777077674866,-0.012639305554330349,0.5011380910873413,0.7734629511833191,-0.015461877919733524,0.5263025164604187,0.7755836844444275,-0.015271669253706932,0.5513224005699158,0.7770996689796448,-0.01112013217061758,0.5367696285247803,0.8238833546638489,-0.019216833636164665,0.5346627235412598,0.8203322887420654,-0.016824638471007347,0.5557271838188171,0.8209168910980225,-0.010422118939459324,0.5742776989936829,0.8216148018836975,-0.002637939527630806
0.6839404106140137,0.7837575674057007,3.834203710084694e-07,0.6479505896568298,0.7070091366767883,0.006957382429391146,0.5903403162956238,0.6850597262382507,0.008851569145917892,0.5463827252388,0.7091843485832214,0.007251210510730743,0.5207011103630066,0.7448157668113708,0.005563343409448862,0.5414462685585022,0.6583290696144104,0.0016385569470003247,0.4637719988822937,0.6601412296295166,-0.003561039688065648,0.4188148081302643,0.6634950637817383,-0.005900465417653322,0.38349032402038574,0.6702993512153625,-0.0056174821220338345,0.5279481410980225,0.71067214012146,-0.006467009428888559,0.4521910846233368,0.7078225612640381,-0.009426344186067581,0.40375447273254395,0.7057713270187378,-0.013009592890739441,0.36906033754348755,0.7056657671928406,-0.013610554859042168,0.528526246547699,0.7675009965896606,-0.013118298724293709,0.502202033996582,0.7730487585067749,-0.016463691368699074,0.527500331401825,0.774970531463623,-0.016444183886051178,0.5522564053535461,0.7766029834747314,-0.012200964614748955,0.536600649356842,0.8238444328308105,-0.019526148214936256,0.5345999002456665,0.8196262121200562,-0.017271392047405243,0.555783212184906,0.8200849294662476,-0.010746107436716557,0.5742828845977783,0.8210952281951904,-0.0027894843369722366
0.6834946870803833,0.7893552184104919,3.779114194912836e-07,0.6468618512153625,0.7099734544754028,0.005191892851144075,0.5880919098854065,0.684669017791748,0.006319145206362009,0.5438335537910461,0.7079015374183655,0.004409391433000565,0.5190321803092957,0.745378851890564,0.0023658080026507378,0.537695586681366,0.6617405414581299,0.0003034013498108834,0.45926618576049805,0.6627063751220703,-0.004124350845813751,0.4145274758338928,0.6663932204246521,-0.005965064279735088,0.3796408474445343,0.6734947562217712,-0.005289423279464245,0.525246798992157,0.7158932685852051,-0.006883727386593819,0.44997644424438477,0.7124621272087097,-0.009109518490731716,0.40189677476882935,0.7096299529075623,-0.012271620333194733,0.3677690029144287,0.7092406153678894,-0.012735188007354736,0.5265544056892395,0.7733756303787231,-0.012742990627884865,0.49856382608413696,0.7751361131668091,-0.0160964448004961,0.5239086747169495,0.7760580778121948,-0.016408100724220276,0.5493488311767578,0.777705729007721,-0.01234342809766531,0.5351979732513428,0.8289109468460083,-0.01838384009897709,0.5295948386192322,0.8211120963096619,-0.015952924266457558,0.5508474111557007,0.8207748532295227,-0.009109952487051487,0.5703482627868652,0.8219396471977234,-0.0009676656918600202
0.6786567568778992,0.7903381586074829,4.2973499603249365e-07,0.6415268182754517,0.7090723514556885,0.005834137089550495,0.5859140157699585,0.6833323836326599,0.006373995915055275,0.5447664260864258,0.7060278654098511,0.003406313480809331,0.5211556553840637,0.7415516972541809,0.0005379790090955794,0.5344151258468628,0.6611469388008118,-8.617123057774734e-06,0.4536820650100708,0.6614536643028259,-0.005580386146903038,0.40833958983421326,0.6658627986907959,-0.007436863146722317,0.37347647547721863,0.6731747984886169,-0.006453800480812788,0.5200892090797424,0.7141345739364624,-0.007657395675778389,0.44473767280578613,0.7099273204803467,-0.011109460145235062,0.39671099185943604,0.7075745463371277,-0.014688124880194664,0.36276111006736755,0.7071138620376587,-0.014949158765375614,0.5199799537658691,0.7720491886138916,-0.013948200270533562,0.4988764524459839,0.7758626937866211,-0.01694725640118122,0.5244377851486206,0.7774450778961182,-0.017148934304714203,0.5493555068969727,0.7785205841064453,-0.012840531766414642,0.5268409848213196,0.828991711139679,-0.02011507749557495,0.5277130603790283,0.8230995535850525,-0.016521364450454712,0.5494114756584167,0.8222386837005615,-0.009542861953377724,0.5682868957519531,0.822455644607544,-0.0011933111818507314
0.6770274043083191,0.790393590927124,3.8279694081211346e-07,0.640697181224823,0.708242654800415,0.009894044138491154,0.585932195186615,0.6819447875022888,0.013277638703584671,0.543829083442688,0.7016962766647339,0.012784885242581367,0.5203160047531128,0.7377357482910156,0.01201685518026352,0.532932460308075,0.6611063480377197,0.0055408775806427,0.4526655375957489,0.6613169312477112,0.0035605125594884157,0.4077337384223938,0.6659051775932312,0.0033792946487665176,0.3729209899902344,0.6734353303909302,0.005329931154847145,0.5189130902290344,0.7155532836914062,-0.0024802812840789557,0.4428420662879944,0.7111110687255859,-0.0013383917976170778,0.39480894804000854,0.708178699016571,-0.0030759070068597794,0.3614155352115631,0.7082176208496094,-0.0027312268503010273,0.5196172595024109,0.7735638618469238,-0.008733979426324368,0.49647438526153564,0.7716022729873657,-0.007652920205146074,0.5212556719779968,0.7725924849510193,-0.007129468023777008,0.5459372401237488,0.7755040526390076,-0.0031613693572580814,0.5277096033096313,0.8301300406455994,-0.014519721269607544,0.5249126553535461,0.8179664611816406,-0.007495864760130644,0.5460550785064697,0.8174668550491333,0.0009352085762657225,0.5653994679450989,0.8192088007926941,0.009763654321432114
0.6768624782562256,0.7896175384521484,3.852123029446375e-07,0.639497697353363,0.7076756954193115,0.009875426068902016,0.58366459608078,0.6821038722991943,0.013338109478354454,0.5411444306373596,0.7029768824577332,0.012975416146218777,0.5179138779640198,0.7398130297660828,0.012345516122877598,0.5327048301696777,0.6615774631500244,0.005566088482737541,0.452513724565506,0.661528468132019,0.003670171834528446,0.4078167676925659,0.6660087704658508,0.003508946392685175,0.37298157811164856,0.6734185814857483,0.005418593995273113,0.5188555717468262,0.7161939740180969,-0.002329674083739519,0.4431052803993225,0.7116276025772095,-0.0013059545308351517,0.39539390802383423,0.7083532214164734,-0.003222443163394928,0.3620855212211609,0.7080357670783997,-0.0030182823538780212,0.5195675492286682,0.7741369605064392,-0.008439225144684315,0.49658671021461487,0.7714932560920715,-0.007525121793150902,0.521228551864624,0.7718443274497986,-0.007284348364919424,0.5459019541740417,0.7747962474822998,-0.0034931073896586895,0.5275447964668274,0.8304558992385864,-0.014040611684322357,0.5250864028930664,0.8173853754997253,-0.007051935885101557,0.5459277629852295,0.8163732290267944,0.001180341118015349,0.5650982856750488,0.8180919289588928,0.009824109263718128
0.6727815270423889,0.7905758023262024,3.852035490581329e-07,0.6349596381187439,0.708888828754425,0.006520364433526993,0.5798468589782715,0.6835249662399292,0.007509566843509674,0.539276123046875,0.7062991261482239,0.0048939744010567665,0.5169690251350403,0.7437200546264648,0.0018377109663560987,0.5303763151168823,0.6592159271240234,0.0005666199140250683,0.45392781496047974,0.6589203476905823,-0.004572613630443811,0.4087475836277008,0.6633458137512207,-0.0068935975432395935,0.37325698137283325,0.6716899871826172,-0.006451830267906189,0.5161910057067871,0.711959958076477,-0.007421674206852913,0.44115859270095825,0.7112383842468262,-0.00989522598683834,0.39315304160118103,0.7092817425727844,-0.013466531410813332,0.359589159488678,0.7090679407119751,-0.01410803571343422,0.5166208148002625,0.7694704532623291,-0.013933692127466202,0.49339380860328674,0.7772117257118225,-0.016860056668519974,0.5191067457199097,0.7790828943252563,-0.01761644147336483,0.544266939163208,0.7806673049926758,-0.01383085548877716,0.5237531065940857,0.8257005214691162,-0.02020080015063286,0.5217723250389099,0.821948230266571,-0.01711393892765045,0.5435387492179871,0.8218634128570557,-0.010293674655258656,0.5630807280540466,0.8225752711296082,-0.0021291710436344147
0.6686327457427979,0.7873756289482117,3.9668992712904583e-07,0.6306070685386658,0.7077027559280396,0.006005362141877413,0.5743626356124878,0.6828112602233887,0.0068438006564974785,0.5311129689216614,0.7072787284851074,0.004469699691981077,0.5066797137260437,0.7459291219711304,0.0018547708168625832,0.5251855254173279,0.661482036113739,0.0003282913821749389,0.4475582242012024,0.6629099249839783,-0.004054204095155001,0.4030661880970001,0.6672616004943848,-0.0056848833337426186,0.368504136800766,0.6740572452545166,-0.004641169216483831,0.5124540328979492,0.7154355049133301,-0.006902319844812155,0.43774789571762085,0.7125294208526611,-0.008922481909394264,0.3895062804222107,0.7099635004997253,-0.012008782476186752,0.35606926679611206,0.7091308236122131,-0.012149234302341938,0.5135836005210876,0.7728709578514099,-0.012625128962099552,0.4886198043823242,0.7742354273796082,-0.014798738062381744,0.5132903456687927,0.7758769989013672,-0.014721957966685295,0.5381632447242737,0.7781829237937927,-0.010295274667441845,0.5215402841567993,0.8283138871192932,-0.018076617270708084,0.5171717405319214,0.8193151950836182,-0.013660216704010963,0.5382891297340393,0.8189391493797302,-0.00579330138862133,0.5576285719871521,0.8201835751533508,0.0030846428126096725
0.6654819250106812,0.7936025261878967,3.7029616350992e-07,0.62704998254776,0.7163500785827637,0.006999081000685692,0.5697383880615234,0.6927170157432556,0.008674927987158298,0.5283797979354858,0.7182568311691284,0.006782811600714922,0.5057669281959534,0.7568967342376709,0.004477826878428459,0.5187578201293945,0.6700257658958435,0.0030970044899731874,0.44316646456718445,0.6708354949951172,-0.0007637665257789195,0.39944344758987427,0.6758285164833069,-0.002604774432256818,0.36481940746307373,0.6839571595191956,-0.0020191711373627186,0.5070024132728577,0.7220373153686523,-0.004740735981613398,0.4353100657463074,0.7195687294006348,-0.005989875644445419,0.38895541429519653,0.7183769941329956,-0.009189363569021225,0.35559338331222534,0.7191346883773804,-0.009843726642429829,0.5090314149856567,0.7780580520629883,-0.011224587447941303,0.4862985610961914,0.7866730690002441,-0.013353240676224232,0.5121995806694031,0.7883398532867432,-0.014122257009148598,0.5366454720497131,0.7885832786560059,-0.010640716180205345,0.5174694657325745,0.8327577114105225,-0.01742030493915081,0.5130874514579773,0.8300440311431885,-0.013903595507144928,0.5355861186981201,0.8309364318847656,-0.006792973726987839,0.5555461049079895,0.8313621282577515,0.0013635316863656044
0.6651947498321533,0.792293131351471,3.7297067478903045e-07,0.6257945895195007,0.7163538932800293,0.007394365966320038,0.5678665041923523,0.6942270398139954,0.009207919239997864,0.5265234708786011,0.7199795246124268,0.00735635356977582,0.5034986138343811,0.7583966255187988,0.005141210276633501,0.5187591314315796,0.669984757900238,0.0033975644037127495,0.44348007440567017,0.6716543436050415,-0.0004917521146126091,0.3999011814594269,0.6763775944709778,-0.0023365181405097246,0.36531633138656616,0.6841794848442078,-0.0017837091581895947,0.5072085857391357,0.7218326330184937,-0.004613159690052271,0.43521106243133545,0.720436692237854,-0.006114666815847158,0.3890331983566284,0.7189642190933228,-0.009341553784906864,0.35579511523246765,0.7193448543548584,-0.009970378130674362,0.5092503428459167,0.7779672741889954,-0.011247163638472557,0.48576799035072327,0.787001371383667,-0.01349186897277832,0.5115315914154053,0.788384735584259,-0.014290403574705124,0.5358260869979858,0.788438618183136,-0.010824892669916153,0.5176098346710205,0.8327568769454956,-0.01754762791097164,0.5135430693626404,0.8301128149032593,-0.01416961569339037,0.535800576210022,0.8308414816856384,-0.007274888921529055,0.5554488897323608,0.8310512900352478,0.0007200060063041747
0.6651208996772766,0.7923024296760559,3.771722560941271e-07,0.6255053281784058,0.7169662117958069,0.007449442986398935,0.567773163318634,0.6952437162399292,0.009335478767752647,0.5267646908760071,0.7202627658843994,0.0074992794543504715,0.5040040016174316,0.7582886219024658,0.005358666647225618,0.5192646384239197,0.6704278588294983,0.0038385235238820314,0.44468560814857483,0.6714000701904297,8.66909249452874e-05,0.40125772356987,0.6758568286895752,-0.0015503837494179606,0.36692100763320923,0.6834742426872253,-0.0008802546071819961,0.5077359080314636,0.7216062545776367,-0.004265669267624617,0.43580734729766846,0.7203395962715149,-0.006009489763528109,0.389557421207428,0.718794584274292,-0.009300804696977139,0.3562689423561096,0.7186753153800964,-0.009901157580316067,0.5095915794372559,0.777485728263855,-0.011018638499081135,0.4860977828502655,0.7880946397781372,-0.01357223093509674,0.5117324590682983,0.7897278070449829,-0.014440123923122883,0.5358301997184753,0.7891731858253479,-0.010931183584034443,0.5176944732666016,0.832136869430542,-0.01742459461092949,0.5133582353591919,0.8309350609779358,-0.014322292059659958,0.5357514023780823,0.8320167064666748,-0.00749262236058712,0.555459201335907,0.8318440318107605,0.0004922673688270152
0.6642348766326904,0.796999990940094,3.933440666514798e-07,0.6252426505088806,0.7167637348175049,0.006531246937811375,0.5673458576202393,0.6937440037727356,0.008218898437917233,0.5278009176254272,0.7190631031990051,0.006389645393937826,0.5056682229042053,0.7570503354072571,0.004151844419538975,0.5185307264328003,0.670230507850647,0.002320285653695464,0.4435545802116394,0.6741835474967957,-0.0016799457371234894,0.39971721172332764,0.6795042157173157,-0.0034722862765192986,0.3648803234100342,0.6874804496765137,-0.002852042904123664,0.5057307481765747,0.7232155203819275,-0.005334497895091772,0.4335848093032837,0.7233718037605286,-0.006891080178320408,0.3871951699256897,0.72165447473526,-0.010180753655731678,0.35453617572784424,0.7212332487106323,-0.010722815990447998,0.5068109631538391,0.7806626558303833,-0.011657756753265858,0.48648518323898315,0.7880287170410156,-0.013951552100479603,0.5124252438545227,0.7890032529830933,-0.01516286563128233,0.5371586084365845,0.789657473564148,-0.011846947483718395,0.5141655802726746,0.837118923664093,-0.01778123714029789,0.5137872695922852,0.8328173160552979,-0.01453131902962923,0.5365286469459534,0.8322054743766785,-0.00838028360158205,0.5563433766365051,0.8324111104011536,-0.0008528203470632434
0.662513017654419,0.7963142991065979,3.8153399373186403e-07,0.6210435032844543,0.7160660028457642,0.008505773730576038,0.5625712275505066,0.6949648857116699,0.010963227599859238,0.5235307216644287,0.7218393087387085,0.009420227259397507,0.5024206638336182,0.7611387372016907,0.007267315872013569,0.5175077319145203,0.6707062721252441,0.005328958388417959,0.4426652491092682,0.6742302775382996,0.0025168652646243572,0.3992179036140442,0.6797430515289307,0.0009487749193795025,0.3642810583114624,0.6874002814292908,0.0014501067344099283,0.5051224827766418,0.7239540219306946,-0.0029779220931231976,0.4335164427757263,0.7241530418395996,-0.003136012004688382,0.3874160349369049,0.7226752638816833,-0.006354195065796375,0.3545075058937073,0.7226356267929077,-0.007278875447809696,0.506384551525116,0.7814589738845825,-0.009843023493885994,0.4844832718372345,0.7880155444145203,-0.010999498888850212,0.5107903480529785,0.7890461683273315,-0.012444702908396721,0.5356321334838867,0.7903050780296326,-0.009686327539384365,0.5139935612678528,0.8378441333770752,-0.01633315347135067,0.5128176212310791,0.8324988484382629,-0.012410557828843594,0.5353591442108154,0.8320263624191284,-0.006314072757959366,0.555161714553833,0.8325695395469666,0.0009047589846886694
0.6630885601043701,0.7983459234237671,3.6022953509018407e-07,0.6258565187454224,0.7200324535369873,0.012560158036649227,0.568560779094696,0.6957200765609741,0.018358886241912842,0.5273591876029968,0.7153064012527466,0.019855758175253868,0.5055623054504395,0.7508307695388794,0.02092357911169529,0.5183600783348083,0.6719064712524414,0.010300315916538239,0.4391691982746124,0.6756681203842163,0.01064856257289648,0.3956393897533417,0.6815356016159058,0.011957086622714996,0.3620816469192505,0.6900718808174133,0.014753804542124271,0.5052928328514099,0.7248125076293945,0.0016712190117686987,0.4301133155822754,0.7245203852653503,0.00466633727774024,0.3837782144546509,0.7244514226913452,0.00363356014713645,0.3515787720680237,0.7267189025878906,0.004443836398422718,0.5063023567199707,0.7826094627380371,-0.005106334574520588,0.4836694300174713,0.790813148021698,-0.0022341422736644745,0.5094168782234192,0.7923636436462402,-0.0019572600722312927,0.534034013748169,0.7934833765029907,0.0014973554061725736,0.5141895413398743,0.8399267196655273,-0.01124035008251667,0.5102851390838623,0.8353210687637329,-0.003428109921514988,0.5328238010406494,0.8356108069419861,0.004594482947140932,0.5529056191444397,0.8359858989715576,0.012918423861265182
0.663341760635376,0.7991442084312439,3.479084966784285e-07,0.6245880722999573,0.7194308042526245,0.012533382512629032,0.5672225952148438,0.6943193078041077,0.017826374620199203,0.5272186994552612,0.7122589945793152,0.018506186082959175,0.5060765743255615,0.7478331327438354,0.018512383103370667,0.5165524482727051,0.6722421646118164,0.01060317363590002,0.43895626068115234,0.6762267351150513,0.010249516926705837,0.39561280608177185,0.6823267936706543,0.010540634393692017,0.36160650849342346,0.6906206607818604,0.012540077790617943,0.5037066340446472,0.725196897983551,0.0016208557644858956,0.43144088983535767,0.7247670292854309,0.004059578292071819,0.38547658920288086,0.724612832069397,0.002375772688537836,0.3526787757873535,0.7267302870750427,0.0025399350561201572,0.5048818588256836,0.7831968069076538,-0.005627694074064493,0.4828346371650696,0.7905113101005554,-0.003839935176074505,0.5089357495307922,0.7922832369804382,-0.004326461348682642,0.5338855981826782,0.7935032844543457,-0.0013042454374954104,0.5130388736724854,0.8403551578521729,-0.012219182215631008,0.5098584294319153,0.8351994752883911,-0.005439180415123701,0.5324863195419312,0.8356902599334717,0.0020353556610643864,0.5529187917709351,0.8362818360328674,0.010052669793367386
0.6633970737457275,0.7988937497138977,3.5484245586303587e-07,0.624319851398468,0.7192761898040771,0.011698193848133087,0.5669997930526733,0.6945055723190308,0.01633440889418125,0.5275170803070068,0.7128673195838928,0.01645546406507492,0.5067357420921326,0.7486591935157776,0.01592378132045269,0.5167014598846436,0.6721222400665283,0.009020100347697735,0.43875378370285034,0.6759355664253235,0.007954899221658707,0.3955855965614319,0.6821470260620117,0.008020586334168911,0.3616954982280731,0.6907591223716736,0.009997607208788395,0.5040153861045837,0.72506183385849,0.0001328709040535614,0.4313775300979614,0.7245986461639404,0.0016959531931206584,0.3854377269744873,0.7243796586990356,-0.00019673375936690718,0.3527471423149109,0.7264982461929321,3.731256219907664e-05,0.5051234364509583,0.7832785844802856,-0.0070717125199735165,0.48400452733039856,0.7912572026252747,-0.006178885232657194,0.5101944208145142,0.792858898639679,-0.006928074639290571,0.5350489020347595,0.7937602996826172,-0.003802334191277623,0.5129198431968689,0.840647280216217,-0.013662274926900864,0.5103764533996582,0.8359456658363342,-0.007421247195452452,0.5332083702087402,0.8364898562431335,-7.148527220124379e-05,0.5536820888519287,0.8370152115821838,0.007986374199390411
0.6633236408233643,0.7988448739051819,3.5639456541503023e-07,0.6239832043647766,0.7192725539207458,0.011459304951131344,0.5666413307189941,0.6946283578872681,0.015975208953022957,0.527510404586792,0.7128198742866516,0.015964379534125328,0.5070850253105164,0.7486751079559326,0.015293794684112072,0.5166267156600952,0.6723074316978455,0.0088786780834198,0.4386935234069824,0.6759280562400818,0.007673409301787615,0.39558422565460205,0.682191014289856,0.007659084629267454,0.36168137192726135,0.6909012198448181,0.00959785096347332,0.5040394067764282,0.725165605545044,2.2729083866579458e-05,0.43145260214805603,0.7245928049087524,0.0013911448186263442,0.3855440020561218,0.7243587970733643,-0.0006183111108839512,0.35282963514328003,0.7265703678131104,-0.00042290196870453656,0.5052100419998169,0.7833292484283447,-0.0071998159401118755,0.48459702730178833,0.7912934422492981,-0.006630650255829096,0.510693371295929,0.7927423715591431,-0.007677298039197922,0.5354552865028381,0.7935565114021301,-0.00465492345392704,0.512929379940033,0.8406748175621033,-0.013813549652695656,0.5105962157249451,0.8357877731323242,-0.007767308037728071,0.5333823561668396,0.8363965749740601,-0.0005712831043638289,0.5538339018821716,0.8370071053504944,0.007400415372103453
0.6618495583534241,0.8033279776573181,3.5585668456405983e-07,0.6237989664077759,0.7232664823532104,0.01001609768718481,0.5659061074256897,0.6988637447357178,0.014082496985793114,0.5238168835639954,0.7203364372253418,0.014079270884394646,0.5015397667884827,0.757388710975647,0.01369907520711422,0.5158319473266602,0.677780270576477,0.007858364842832088,0.44167330861091614,0.6773480176925659,0.00554372975602746,0.3979114294052124,0.6825090050697327,0.004483627155423164,0.36357271671295166,0.6911624670028687,0.00540491659194231,0.501547634601593,0.7307199239730835,-0.00042162087629549205,0.4302436411380768,0.72773277759552,-6.543342169607058e-05,0.38431403040885925,0.726299524307251,-0.002587110735476017,0.3512299954891205,0.7270709872245789,-0.002893626457080245,0.5020374655723572,0.7875586748123169,-0.007140320260077715,0.47933080792427063,0.7923454642295837,-0.006854979321360588,0.5048332810401917,0.7933892607688904,-0.006666137371212244,0.5300104022026062,0.7947317957878113,-0.003033004468306899,0.5102486610412598,0.8424599766731262,-0.013496031984686852,0.5093840956687927,0.8372769355773926,-0.007732580415904522,0.5306636691093445,0.8363356590270996,-0.00043979185284115374,0.5499308705329895,0.8360103368759155,0.007538242265582085
0.6621577739715576,0.8010280132293701,3.8647948485959205e-07,0.6230571866035461,0.7225614786148071,0.009456155821681023,0.5651241540908813,0.7001550197601318,0.012967687100172043,0.5253037810325623,0.7214605808258057,0.012259621173143387,0.5042140483856201,0.7582705020904541,0.011219684034585953,0.5156080722808838,0.6759447455406189,0.0073289163410663605,0.44109517335891724,0.6783363819122314,0.00432185735553503,0.3973538875579834,0.6826614737510681,0.003045050660148263,0.36296504735946655,0.6901432275772095,0.003919817041605711,0.5019802451133728,0.7280625104904175,-0.001232630806043744,0.43036556243896484,0.7280005812644958,-0.0023340622428804636,0.3844054043292999,0.726417601108551,-0.00567831564694643,0.35149461030960083,0.7260268926620483,-0.006113907787948847,0.5026593804359436,0.7856313586235046,-0.008371456526219845,0.48229023814201355,0.7943646311759949,-0.009933212772011757,0.5080447196960449,0.7960400581359863,-0.01092255674302578,0.532472550868988,0.7961032390594482,-0.007404713425785303,0.5102542042732239,0.8420093655586243,-0.015108893625438213,0.5108910202980042,0.8393274545669556,-0.010858827270567417,0.5331697463989258,0.8389022946357727,-0.004405505955219269,0.5524582862854004,0.8378274440765381,0.0033655480947345495
0.6565930843353271,0.803774356842041,3.806068491485348e-07,0.6201481819152832,0.7245591282844543,0.008674929849803448,0.5657007694244385,0.6997069120407104,0.01177795510739088,0.5253162384033203,0.7192535400390625,0.010961582884192467,0.5028102397918701,0.7533884048461914,0.009782609529793262,0.5133214592933655,0.6790071725845337,0.005721260793507099,0.43796563148498535,0.6810442209243774,0.00306324427947402,0.3946394920349121,0.6859249472618103,0.00241889338940382,0.3609127402305603,0.694124698638916,0.003979290369898081,0.5001132488250732,0.7315565347671509,-0.0022755505051463842,0.4273901581764221,0.730288565158844,-0.0027267509140074253,0.38156574964523315,0.728629469871521,-0.005322368815541267,0.349174439907074,0.7294594049453735,-0.005204810760915279,0.5011904239654541,0.788560152053833,-0.008832753635942936,0.481408953666687,0.7942983508110046,-0.010018509812653065,0.5072004795074463,0.7947708964347839,-0.01097890641540289,0.5315980315208435,0.7952885627746582,-0.007486436050385237,0.5089794993400574,0.8444076180458069,-0.01496772188693285,0.508285641670227,0.8387607336044312,-0.010309409350156784,0.5306252837181091,0.8378969430923462,-0.003549185348674655,0.550360918045044,0.838063657283783,0.004400602541863918
0.6544361114501953,0.8017498254776001,3.759291757887695e-07,0.6155954599380493,0.7234205007553101,0.009362182579934597,0.5598011016845703,0.7016113996505737,0.012386027723550797,0.5211408734321594,0.7246663570404053,0.011205361224710941,0.5005277395248413,0.7613964080810547,0.009513271041214466,0.5128361582756042,0.6788927316665649,0.006744025275111198,0.4380294382572174,0.6807564496994019,0.004014558624476194,0.3949558138847351,0.6860489249229431,0.0028549872804433107,0.3610084056854248,0.6941075325012207,0.0038414294831454754,0.4998379349708557,0.7321195006370544,-0.0017372831935063004,0.42796486616134644,0.730825662612915,-0.002221273723989725,0.38213688135147095,0.7294402718544006,-0.0055001117289066315,0.34908348321914673,0.7300722599029541,-0.006108069326728582,0.5008233785629272,0.7894272208213806,-0.008749407716095448,0.47924181818962097,0.7939432263374329,-0.010360979475080967,0.5052639842033386,0.7940989136695862,-0.011789705604314804,0.5300149321556091,0.7949050664901733,-0.008641086518764496,0.5086818337440491,0.8454146385192871,-0.015226838178932667,0.5074617862701416,0.8384235501289368,-0.011175560764968395,0.5292755365371704,0.837206244468689,-0.004736264701932669,0.5488357543945312,0.8373165130615234,0.0029428950510919094
0.6546930074691772,0.8013589978218079,3.835641564364778e-07,0.6156334280967712,0.7246221899986267,0.008353261277079582,0.5587705373764038,0.7040507197380066,0.01127457432448864,0.5192473530769348,0.7284616827964783,0.01025685016065836,0.49825847148895264,0.7656777501106262,0.008918454870581627,0.5128758549690247,0.6801689863204956,0.00650318106636405,0.4383227229118347,0.6820935606956482,0.004166478756815195,0.39545685052871704,0.6865684390068054,0.003241939004510641,0.36162441968917847,0.6936067342758179,0.004272332414984703,0.5000911355018616,0.7329391837120056,-0.0015209625707939267,0.42852017283439636,0.7317389249801636,-0.002039563376456499,0.382576584815979,0.730114221572876,-0.005523222032934427,0.3495953679084778,0.7299590706825256,-0.0062415399588644505,0.5012127161026001,0.7899171710014343,-0.008142177015542984,0.4790411591529846,0.7946561574935913,-0.010277798399329185,0.5053232312202454,0.794762372970581,-0.01213972270488739,0.5303673148155212,0.7952566742897034,-0.009150420315563679,0.509045422077179,0.8455935716629028,-0.014246581122279167,0.5076102018356323,0.8389174938201904,-0.011022098362445831,0.5296474099159241,0.8381390571594238,-0.005113827530294657,0.549393892288208,0.8381490111351013,0.002289949217811227
0.653097927570343,0.8025175929069519,3.6235738321011013e-07,0.614005446434021,0.7256413698196411,0.008129749447107315,0.5572561025619507,0.7026601433753967,0.010366525501012802,0.5181930065155029,0.7236708402633667,0.008770170621573925,0.4967344105243683,0.759533166885376,0.0068333949893713,0.5107924342155457,0.6765541434288025,0.004598826169967651,0.43544256687164307,0.6822118163108826,0.0015734639018774033,0.3924218416213989,0.6885070204734802,0.0002581760927569121,0.35914790630340576,0.697109580039978,0.001240887213498354,0.49824362993240356,0.7295787930488586,-0.0033890872728079557,0.42651841044425964,0.7321364879608154,-0.004225239623337984,0.3810499310493469,0.7324782013893127,-0.007316402159631252,0.3489692807197571,0.7335973381996155,-0.0077674207277596,0.4988560676574707,0.7875227928161621,-0.009935569949448109,0.47566917538642883,0.7940363883972168,-0.011431705206632614,0.5016721487045288,0.7946363687515259,-0.012480610981583595,0.5266366600990295,0.7947593331336975,-0.009301315993070602,0.5058813691139221,0.8443871736526489,-0.016066502779722214,0.503373384475708,0.8392826318740845,-0.012138521298766136,0.5253713130950928,0.8385167121887207,-0.005682844202965498,0.544956386089325,0.8378028273582458,0.0019452479900792241
0.6535689234733582,0.8009119033813477,3.392720486772305e-07,0.6138781309127808,0.7250937819480896,0.008335919119417667,0.5555707812309265,0.7033805251121521,0.010684506967663765,0.5147565007209778,0.7262381911277771,0.009256584569811821,0.492694228887558,0.7636061310768127,0.007504540495574474,0.510706901550293,0.6768704652786255,0.004630350973457098,0.4347173273563385,0.6810597777366638,0.0009802806889638305,0.39134681224823,0.6885491609573364,-0.000908007612451911,0.3578001856803894,0.6985794305801392,-0.00031629393924959004,0.49807050824165344,0.7303258180618286,-0.003445290494710207,0.425960898399353,0.7316487431526184,-0.004381481558084488,0.3801337480545044,0.7325439453125,-0.0074486578814685345,0.34718918800354004,0.7348695993423462,-0.008005117997527122,0.49856629967689514,0.7878414392471313,-0.010102374479174614,0.4735710918903351,0.7938382625579834,-0.011513879522681236,0.49915578961372375,0.7947672009468079,-0.012041540816426277,0.524156391620636,0.7956040501594543,-0.008617482148110867,0.5058572888374329,0.8442491888999939,-0.016382765024900436,0.5027931928634644,0.8388400077819824,-0.012290630489587784,0.5240041017532349,0.8379795551300049,-0.005524609237909317,0.5432714223861694,0.8372337222099304,0.00225540017709136
0.6536074280738831,0.8025122880935669,3.417772234115546e-07,0.613993763923645,0.7254949808120728,0.008312132209539413,0.5557916760444641,0.7030951976776123,0.01083127036690712,0.5152186751365662,0.7263135313987732,0.009542128071188927,0.49355071783065796,0.76430344581604,0.007849202491343021,0.5108766555786133,0.6773383617401123,0.0051221963949501514,0.4357758164405823,0.6807010769844055,0.001971340738236904,0.3927873373031616,0.6874648332595825,0.000421928649302572,0.359316885471344,0.6969469785690308,0.0011215260019525886,0.49801403284072876,0.7308802008628845,-0.002957899821922183,0.42617106437683105,0.7322695255279541,-0.003788996720686555,0.38063526153564453,0.7327715158462524,-0.006924199406057596,0.34792810678482056,0.7345218658447266,-0.007550692651420832,0.4985053241252899,0.7885374426841736,-0.009616515599191189,0.47347739338874817,0.794696569442749,-0.011417360976338387,0.49945715069770813,0.7953249216079712,-0.012281201779842377,0.524678647518158,0.7959111928939819,-0.008985614404082298,0.5058459639549255,0.8447242379188538,-0.015838047489523888,0.5023362040519714,0.8395504951477051,-0.012255615554749966,0.5238893032073975,0.8387073278427124,-0.0057220556773245335,0.5434489250183105,0.8380290865898132,0.0019510596757754683
0.6490398049354553,0.8038538694381714,3.6320403751233243e-07,0.6115906238555908,0.7277001142501831,0.009030275046825409,0.5549461841583252,0.7057774662971497,0.011955340392887592,0.5138184428215027,0.7281157374382019,0.011130073107779026,0.48997554183006287,0.7620902061462402,0.0100634153932333,0.5053508877754211,0.6823769211769104,0.0036029384937137365,0.42905306816101074,0.6867179870605469,0.00028768987976945937,0.3854638338088989,0.6936031579971313,-0.0005679783644154668,0.3517081141471863,0.7028074264526367,0.0008337631588801742,0.49211981892585754,0.7346284985542297,-0.0044982763938605785,0.4207373261451721,0.7338566184043884,-0.004508201498538256,0.3755946755409241,0.7341787815093994,-0.00638449564576149,0.3439579904079437,0.7362121939659119,-0.0060617029666900635,0.49297600984573364,0.7908841967582703,-0.011005410924553871,0.4723581075668335,0.8003935813903809,-0.010635451413691044,0.49811750650405884,0.8011868000030518,-0.010365420021116734,0.5226041674613953,0.8005435466766357,-0.00681440532207489,0.5011230111122131,0.8463649153709412,-0.017244530841708183,0.5021162033081055,0.8439487218856812,-0.012076742947101593,0.5245128870010376,0.8433328866958618,-0.005357285030186176,0.5437431931495667,0.842123806476593,0.0022979320492595434
0.6486430168151855,0.8068098425865173,3.5460527669783914e-07,0.610856294631958,0.7290440797805786,0.008455800823867321,0.5529379844665527,0.7081876993179321,0.011285346001386642,0.5123153924942017,0.732370913028717,0.010295677930116653,0.4895137548446655,0.7692751288414001,0.00892218854278326,0.5040877461433411,0.6832776665687561,0.004899221006780863,0.429188996553421,0.6876896619796753,0.0020054166670888662,0.3859855830669403,0.6942276954650879,0.0008039651438593864,0.3519288897514343,0.7026430368423462,0.0015290688024833798,0.49152547121047974,0.7358947992324829,-0.00327704637311399,0.4214412569999695,0.736363410949707,-0.0034686897415667772,0.37675631046295166,0.7362964749336243,-0.005883252713829279,0.3452267050743103,0.7371401786804199,-0.006212729960680008,0.4929761290550232,0.7925467491149902,-0.01010175608098507,0.47030535340309143,0.8031956553459167,-0.011296995915472507,0.4967418611049652,0.8041525483131409,-0.011920127086341381,0.5219874382019043,0.8030334115028381,-0.00880646612495184,0.5014737248420715,0.8476006984710693,-0.016648482531309128,0.5007206201553345,0.8461227416992188,-0.01357534620910883,0.523620069026947,0.8460497856140137,-0.007896624505519867,0.5435965061187744,0.844609260559082,-0.0009187944233417511
0.6487780213356018,0.8050922155380249,3.51490200500848e-07,0.6091392040252686,0.7275372743606567,0.008658829145133495,0.5506375432014465,0.7078461647033691,0.011448434554040432,0.510495662689209,0.7334295511245728,0.010269503109157085,0.4884907305240631,0.7708555459976196,0.008625526912510395,0.5041579008102417,0.6827504634857178,0.005242884159088135,0.429204523563385,0.687727153301239,0.0021411061752587557,0.3861543834209442,0.6944705247879028,0.0007099395152181387,0.3520229458808899,0.7030771374702454,0.0012850963976234198,0.49203044176101685,0.735249936580658,-0.003196506993845105,0.4216981530189514,0.736148476600647,-0.0038216460961848497,0.37680813670158386,0.736575186252594,-0.006684653926640749,0.3448895812034607,0.7380539774894714,-0.007257350254803896,0.49363163113594055,0.7919234037399292,-0.01028011366724968,0.4707671105861664,0.80286705493927,-0.012046636082231998,0.4971446990966797,0.803722620010376,-0.013134857639670372,0.5221219062805176,0.8026155829429626,-0.010173331014811993,0.5021817088127136,0.8474240303039551,-0.01701442338526249,0.5007439255714417,0.8459019660949707,-0.01427112240344286,0.5235520005226135,0.8456466794013977,-0.008676760829985142,0.5435120463371277,0.844207763671875,-0.0017157269176095724
0.6485477685928345,0.805751383304596,3.5586484159466636e-07,0.6096413135528564,0.7282129526138306,0.008648243732750416,0.551513671875,0.7082261443138123,0.011512566357851028,0.5113412737846375,0.7332632541656494,0.010421952232718468,0.4891454577445984,0.7704470753669739,0.008907458744943142,0.5042368769645691,0.6831762194633484,0.005312771070748568,0.42931461334228516,0.6877031922340393,0.002326555084437132,0.3861440420150757,0.6941671967506409,0.001067246776074171,0.35206639766693115,0.7024420499801636,0.0017623358871787786,0.49190574884414673,0.7354902625083923,-0.0030535643454641104,0.4216606020927429,0.7362473607063293,-0.003523843130096793,0.37680456042289734,0.7364048957824707,-0.006256421562284231,0.3449867367744446,0.7373239398002625,-0.006747063249349594,0.4934200048446655,0.792029619216919,-0.010067476890981197,0.4708094894886017,0.8034509420394897,-0.011624084785580635,0.49717646837234497,0.8044264316558838,-0.01261918991804123,0.5222576260566711,0.8030548095703125,-0.009645411744713783,0.501947820186615,0.8473020792007446,-0.016752753406763077,0.5010623931884766,0.8464604020118713,-0.01391067635267973,0.523919939994812,0.8463215827941895,-0.008372288197278976,0.5438868999481201,0.8446434736251831,-0.0014581413706764579
0.6436638236045837,0.8081866502761841,3.530958849751187e-07,0.607144296169281,0.7312155365943909,0.009950412437319756,0.5536551475524902,0.706598162651062,0.01370733417570591,0.515082597732544,0.7220782041549683,0.013376406393945217,0.492697149515152,0.754670262336731,0.01250713411718607,0.4994792938232422,0.687815248966217,0.0065224491991102695,0.4262189567089081,0.6901103258132935,0.003954303450882435,0.3834640085697174,0.6962910890579224,0.0028943163342773914,0.35023635625839233,0.7058210968971252,0.004350225441157818,0.48623573780059814,0.7387648820877075,-0.0014308395329862833,0.4166218340396881,0.73802649974823,0.0004543231916613877,0.3720013499259949,0.7374504804611206,-0.0007763626053929329,0.34117138385772705,0.7396789789199829,-0.00014519081742037088,0.4878391921520233,0.7940078973770142,-0.007957696914672852,0.46983128786087036,0.8004875183105469,-0.005803630221635103,0.4937950372695923,0.8003206253051758,-0.005866494961082935,0.5176509618759155,0.8003991842269897,-0.0027062196750193834,0.4965645670890808,0.8487141728401184,-0.01419602707028389,0.4976375102996826,0.8442500829696655,-0.006973347160965204,0.5182440280914307,0.8429396748542786,0.00035884446697309613,0.5369868278503418,0.8426555395126343,0.008272917941212654
0.6391937136650085,0.8127609491348267,3.329398339246836e-07,0.6035182476043701,0.7337193489074707,0.008013922721147537,0.5487812161445618,0.7075809836387634,0.010959162376821041,0.5062410831451416,0.722035825252533,0.010449561290442944,0.48119857907295227,0.7509859204292297,0.009461652487516403,0.49638962745666504,0.6904318332672119,0.0019171854946762323,0.42351943254470825,0.6941533088684082,-0.0017229515360668302,0.3804892897605896,0.7004506587982178,-0.003389986464753747,0.3469727039337158,0.7097170352935791,-0.002542597008869052,0.4835028648376465,0.7421790957450867,-0.005217169877141714,0.41440892219543457,0.7427036762237549,-0.00509526114910841,0.3690048158168793,0.7433573603630066,-0.006745107937604189,0.3375239372253418,0.7468147277832031,-0.006483609322458506,0.4848633110523224,0.7979488372802734,-0.010818232782185078,0.4645092487335205,0.8036796450614929,-0.010227973572909832,0.48857447504997253,0.8032838106155396,-0.009496421553194523,0.5128548741340637,0.8038361668586731,-0.005799423437565565,0.4934406578540802,0.8526962399482727,-0.016240637749433517,0.4923088550567627,0.847085177898407,-0.010812012478709221,0.5132322311401367,0.8456356525421143,-0.0037196786142885685,0.5324444770812988,0.846065878868103,0.004109200555831194
0.6392383575439453,0.8142640590667725,3.2563895047132974e-07,0.6032148003578186,0.7349199652671814,0.008441234938800335,0.5479552745819092,0.7085208296775818,0.011512499302625656,0.5070187449455261,0.7248451113700867,0.01081396546214819,0.48413607478141785,0.7574430704116821,0.009393484331667423,0.49652835726737976,0.6905341744422913,0.00289153098128736,0.4243493974208832,0.6936927437782288,-0.0010761504527181387,0.3814856708049774,0.6995002031326294,-0.0031881427858024836,0.34770435094833374,0.7083781361579895,-0.0026606624014675617,0.4834236204624176,0.742472767829895,-0.00462719751521945,0.41461899876594543,0.7432629466056824,-0.004776456393301487,0.36901021003723145,0.7429846525192261,-0.006794847548007965,0.3375343084335327,0.7459577918052673,-0.006764317862689495,0.4848079979419708,0.7984693646430969,-0.010670359246432781,0.4656637907028198,0.8059157133102417,-0.010436967015266418,0.48983776569366455,0.8054136633872986,-0.010191697627305984,0.5143060088157654,0.8059279322624207,-0.006695088930428028,0.4934142529964447,0.8534806370735168,-0.016528533771634102,0.49227041006088257,0.849399983882904,-0.011211104691028595,0.5134503841400146,0.8481724858283997,-0.004155364818871021,0.5330114364624023,0.8486076593399048,0.0036260858178138733
0.6391100883483887,0.8130208253860474,3.242271020553744e-07,0.602218508720398,0.7344392538070679,0.008977544493973255,0.5470191240310669,0.7093576788902283,0.011843414045870304,0.5071835517883301,0.7265730500221252,0.010741075500845909,0.4850004315376282,0.7594777345657349,0.008861452341079712,0.49656611680984497,0.6901369690895081,0.003091538790613413,0.4244409203529358,0.6935845613479614,-0.0012212101137265563,0.3813505470752716,0.6995645761489868,-0.0036455239169299603,0.34744465351104736,0.7084437608718872,-0.0033884644508361816,0.4836347699165344,0.742074728012085,-0.004870584234595299,0.41488778591156006,0.7434116005897522,-0.005531301721930504,0.3693438172340393,0.7437577843666077,-0.007939563132822514,0.33759140968322754,0.7469903230667114,-0.008241420611739159,0.4849805533885956,0.7982243299484253,-0.011286046355962753,0.46434634923934937,0.806484580039978,-0.011371340602636337,0.4886467754840851,0.8061373233795166,-0.0110546899959445,0.5131810307502747,0.8064021468162537,-0.007538239937275648,0.493736207485199,0.8532522320747375,-0.017458537593483925,0.49171891808509827,0.8496881723403931,-0.012384706176817417,0.5127739906311035,0.8482348918914795,-0.0052458057180047035,0.5322478413581848,0.8481893539428711,0.002597193233668804
0.6313948035240173,0.8118103742599487,3.705073083892785e-07,0.5937435626983643,0.7333693504333496,0.00951944850385189,0.5401120185852051,0.7073283791542053,0.012782696634531021,0.500754177570343,0.7245752215385437,0.012033442966639996,0.47671639919281006,0.7560514211654663,0.010811945423483849,0.48664391040802,0.690699577331543,0.006701335310935974,0.4149487018585205,0.6972137689590454,0.006198111921548843,0.3742573857307434,0.7032028436660767,0.006380182690918446,0.3422730267047882,0.7106479406356812,0.008242694661021233,0.47482791543006897,0.742604672908783,-0.0012421512510627508,0.4053420126438141,0.7451885342597961,0.0019910086411982775,0.3610121011734009,0.7460485100746155,0.0015776334330439568,0.33162105083465576,0.7482486963272095,0.002422381192445755,0.47712504863739014,0.7985255718231201,-0.0077691529877483845,0.45497485995292664,0.8080358505249023,-0.004370112903416157,0.4802699089050293,0.8088907599449158,-0.0031667686998844147,0.5048397779464722,0.8082219958305359,0.0002906457521021366,0.486453115940094,0.8530406951904297,-0.014125927351415157,0.4849081337451935,0.8509671092033386,-0.006632742937654257,0.5072256922721863,0.8496426939964294,0.0008483543642796576,0.5265611410140991,0.8480527400970459,0.008526455610990524
0.6316192746162415,0.8134241104125977,3.248774191888515e-07,0.593808650970459,0.734315037727356,0.012599318288266659,0.539167046546936,0.7089447975158691,0.018118880689144135,0.49945366382598877,0.7264120578765869,0.0190874133259058,0.4763553738594055,0.7611156105995178,0.019227992743253708,0.4877393841743469,0.6920058727264404,0.011345330625772476,0.41602155566215515,0.6984025835990906,0.012457388453185558,0.37525027990341187,0.7041992545127869,0.01315312273800373,0.34274470806121826,0.7113707065582275,0.01496209017932415,0.47513389587402344,0.7439180612564087,0.0024859884288161993,0.4064464867115021,0.7472789287567139,0.007252198178321123,0.36212587356567383,0.7480741739273071,0.0068976483307778835,0.3322871923446655,0.7502329349517822,0.007267527282238007,0.4771086871623993,0.7998368740081787,-0.004771195352077484,0.45377886295318604,0.8087027668952942,-0.0008670379174873233,0.47943761944770813,0.8099931478500366,-0.0003324720310047269,0.5044934749603271,0.8094626069068909,0.002294941572472453,0.48638150095939636,0.8545953035354614,-0.011548776179552078,0.4843460023403168,0.8522970080375671,-0.004758479073643684,0.507112443447113,0.8520713448524475,0.0018867298495024443,0.5271506905555725,0.8504969477653503,0.008825100027024746
0.6321053504943848,0.8131266236305237,3.2832502938617836e-07,0.5939830541610718,0.734567403793335,0.013399215415120125,0.5387210845947266,0.710162878036499,0.019324205815792084,0.49856963753700256,0.7287771701812744,0.020599504932761192,0.4761001169681549,0.7640984654426575,0.021113665774464607,0.4879752993583679,0.6912329196929932,0.01260252296924591,0.4160119891166687,0.6979955434799194,0.014503510668873787,0.37505772709846497,0.7042944431304932,0.015492613427340984,0.3423660397529602,0.7117592096328735,0.01733454316854477,0.47520560026168823,0.743171751499176,0.00369107979349792,0.406719446182251,0.7466378808021545,0.00932855624705553,0.36231815814971924,0.7476254105567932,0.008983856067061424,0.33219388127326965,0.7498119473457336,0.009153989143669605,0.47697609663009644,0.7990078330039978,-0.003514355979859829,0.4536101520061493,0.8109950423240662,0.0016265478916466236,0.47962522506713867,0.8119978904724121,0.002081200247630477,0.5047863721847534,0.8104882836341858,0.004313726909458637,0.48604005575180054,0.8536126017570496,-0.010239903815090656,0.4845629036426544,0.8531247973442078,-0.0025595477782189846,0.5073825120925903,0.8523609638214111,0.003896898590028286,0.5272384285926819,0.8494214415550232,0.01047682948410511
0.6258492469787598,0.8125843405723572,3.501951084672328e-07,0.5882387757301331,0.7334433197975159,0.010263137519359589,0.5362049341201782,0.709196925163269,0.013859002850949764,0.49725833535194397,0.7270774245262146,0.013529372401535511,0.47452396154403687,0.7583522200584412,0.012548421509563923,0.48335275053977966,0.6929169297218323,0.005981778260320425,0.4117434322834015,0.6967713832855225,0.005156399682164192,0.37015384435653687,0.7033519744873047,0.0044956328347325325,0.33690446615219116,0.7119066119194031,0.005654027219861746,0.4704304039478302,0.7454793453216553,-0.0012735426425933838,0.40397214889526367,0.7465760707855225,0.0028273542411625385,0.3599063754081726,0.7476949691772461,0.0021405464503914118,0.3290697932243347,0.7510319948196411,0.0022235652431845665,0.47209614515304565,0.8009864091873169,-0.006803387310355902,0.45351874828338623,0.8081871271133423,-0.0018437461694702506,0.47807085514068604,0.8079870343208313,-0.0011222210014238954,0.5018652677536011,0.8079140782356262,0.0013887678505852818,0.4807605445384979,0.8552958369255066,-0.012118896469473839,0.4812910556793213,0.850853443145752,-0.0037456273566931486,0.5023305416107178,0.8488585948944092,0.0034660338424146175,0.5212154984474182,0.847070574760437,0.010745901614427567
0.6250470876693726,0.8132538795471191,3.407103577046655e-07,0.5884544849395752,0.7348261475563049,0.01121253240853548,0.5359545946121216,0.7094140648841858,0.015746017917990685,0.4974481463432312,0.7257702946662903,0.015956342220306396,0.4759385287761688,0.7586998343467712,0.015246599912643433,0.48320290446281433,0.6951058506965637,0.008031176403164864,0.4127180278301239,0.6979761123657227,0.007046166341751814,0.37140944600105286,0.7029205560684204,0.006134315859526396,0.3382805585861206,0.7104257941246033,0.00715573038905859,0.47038838267326355,0.7463002800941467,4.039427585666999e-05,0.4040122628211975,0.747389554977417,0.0035706604830920696,0.35945552587509155,0.7476285099983215,0.0025183120742440224,0.3289263844490051,0.7507193684577942,0.0026012915186583996,0.47227147221565247,0.8011006116867065,-0.00631270045414567,0.45428550243377686,0.8108717203140259,-0.0024535662960261106,0.47895246744155884,0.8103845715522766,-0.0022328379563987255,0.5033771991729736,0.8096310496330261,0.00035490855225361884,0.4812330901622772,0.8547868132591248,-0.012382280081510544,0.4816094934940338,0.8531302213668823,-0.005015203263610601,0.5032637119293213,0.8515912890434265,0.0019222799455747008,0.5229747891426086,0.8498783111572266,0.009231177158653736
0.6252608299255371,0.8134711980819702,3.446779430760216e-07,0.5889278650283813,0.7355785369873047,0.009716500528156757,0.5361571311950684,0.7097457647323608,0.013326968997716904,0.49716848134994507,0.7262041568756104,0.012887471355497837,0.4753553569316864,0.7591574788093567,0.01159028708934784,0.4840092658996582,0.6949791312217712,0.0054602413438260555,0.4140452444553375,0.6973766684532166,0.003321825759485364,0.3724992871284485,0.7021521329879761,0.00182866130489856,0.33914482593536377,0.7095030546188354,0.002487201476469636,0.4711008369922638,0.745854377746582,-0.0023241941817104816,0.4048806428909302,0.7471573352813721,-0.00012473056267481297,0.36025553941726685,0.7473104000091553,-0.0015464924508705735,0.32958751916885376,0.7501152157783508,-0.0015506717609241605,0.472761869430542,0.8005212545394897,-0.008545281365513802,0.45512235164642334,0.8114399909973145,-0.005958545487374067,0.47958654165267944,0.8111134767532349,-0.005759116727858782,0.5038027763366699,0.8100318908691406,-0.0029616146348416805,0.4814072847366333,0.8543297052383423,-0.014600231312215328,0.48189377784729004,0.8535869121551514,-0.008232101798057556,0.5035721063613892,0.8521655201911926,-0.0014324085786938667,0.523179292678833,0.8502220511436462,0.005922623444348574
0.6250255107879639,0.8129400610923767,3.522254132803937e-07,0.5887940526008606,0.7354044318199158,0.008958571590483189,0.5361688733100891,0.7099749445915222,0.012026459909975529,0.49719250202178955,0.7265775799751282,0.011140837334096432,0.4749683439731598,0.7590911388397217,0.009461755864322186,0.48414745926856995,0.6951754093170166,0.00439281202852726,0.4141605794429779,0.697227954864502,0.0017892640316858888,0.37246400117874146,0.7019916772842407,4.562137837638147e-05,0.3389996886253357,0.7094007134437561,0.0005511970957741141,0.4713151156902313,0.7457801103591919,-0.0032955568749457598,0.40524545311927795,0.7465236186981201,-0.0018081761663779616,0.3604494333267212,0.7468365430831909,-0.0036137904971837997,0.3294297456741333,0.7498062252998352,-0.0038138958625495434,0.47293928265571594,0.8002272248268127,-0.00944523885846138,0.45503076910972595,0.8114248514175415,-0.007539191748946905,0.4792596399784088,0.8114474415779114,-0.007385192438960075,0.5031889081001282,0.8104022741317749,-0.004497856833040714,0.48148298263549805,0.8539007902145386,-0.015467481687664986,0.481608510017395,0.8534084558486938,-0.009586412459611893,0.5031359195709229,0.8520946502685547,-0.0027605921495705843,0.5226171016693115,0.8501468896865845,0.004704691935330629
0.6217858195304871,0.8086256384849548,3.5470492321110214e-07,0.5854724645614624,0.7307789921760559,0.009277214296162128,0.5334741473197937,0.7043119668960571,0.012692620977759361,0.49473699927330017,0.7221789956092834,0.012132873758673668,0.47168874740600586,0.755837619304657,0.010851479135453701,0.48102235794067383,0.6904833316802979,0.00597158819437027,0.4104861915111542,0.6967044472694397,0.004479711409658194,0.3698287308216095,0.7025196552276611,0.003978461492806673,0.3377370238304138,0.709861159324646,0.005410873796790838,0.4687437415122986,0.7430905103683472,-0.0017626297194510698,0.40064767003059387,0.7460387945175171,0.0003605237870942801,0.35646939277648926,0.7459651231765747,-0.0006873778766021132,0.3269190192222595,0.7475941777229309,-0.00026504643028602004,0.4704335033893585,0.7999444007873535,-0.00808437168598175,0.4499061107635498,0.8067243695259094,-0.006345633417367935,0.4750285744667053,0.806304395198822,-0.0056147794239223,0.49953335523605347,0.8054885864257812,-0.0020945221185684204,0.47865718603134155,0.8557211756706238,-0.014131685718894005,0.47691741585731506,0.8511216044425964,-0.008149588480591774,0.4990069270133972,0.8489111661911011,-0.0009564754436723888,0.5183846950531006,0.847273588180542,0.006783458404242992
0.6171945333480835,0.809891939163208,3.61530879899874e-07,0.5845839977264404,0.7332537174224854,0.009496849961578846,0.535491406917572,0.7077476978302002,0.012529333122074604,0.4974539577960968,0.7245239019393921,0.01136694848537445,0.47393596172332764,0.7550997734069824,0.009726732037961483,0.4791587293148041,0.6955853700637817,0.004821393638849258,0.40791207551956177,0.6989082098007202,0.0018396447412669659,0.36652928590774536,0.7032294273376465,0.0010022016940638423,0.3345794677734375,0.7105980515480042,0.0023562272544950247,0.4658783972263336,0.7455919981002808,-0.0035595863591879606,0.3973579406738281,0.7443567514419556,-0.00338290655054152,0.35352444648742676,0.7448539733886719,-0.004695836920291185,0.32400965690612793,0.7484564185142517,-0.004006050061434507,0.46719563007354736,0.7998256683349609,-0.01043021958321333,0.4464038014411926,0.8058525919914246,-0.009430828504264355,0.4707348346710205,0.8065247535705566,-0.007657371927052736,0.49453872442245483,0.8062568306922913,-0.003335445187985897,0.4761810004711151,0.8535054922103882,-0.01709560677409172,0.47676318883895874,0.850105345249176,-0.011264543980360031,0.4980672001838684,0.8483415842056274,-0.003608959261327982,0.5167050957679749,0.8468079566955566,0.004599038511514664
0.6159989833831787,0.8099299073219299,3.6359963928589423e-07,0.5825173258781433,0.7338753938674927,0.008568783290684223,0.5330204367637634,0.7078044414520264,0.011009491980075836,0.49538683891296387,0.7250800132751465,0.00930408388376236,0.47233977913856506,0.7574607133865356,0.007018320262432098,0.478161096572876,0.6956506371498108,0.004415953066200018,0.40731555223464966,0.6995910406112671,0.0008523335563950241,0.3661832809448242,0.7038471698760986,-0.0006004744209349155,0.3342539072036743,0.7106338143348694,0.00037821903242729604,0.46574875712394714,0.7454181909561157,-0.0039884177967906,0.397600382566452,0.7453504800796509,-0.0043706996366381645,0.35355478525161743,0.7457461953163147,-0.006267297547310591,0.3239954113960266,0.7486884593963623,-0.005951989442110062,0.46751195192337036,0.7997296452522278,-0.011064719408750534,0.44761139154434204,0.8065423369407654,-0.011417845264077187,0.4715282917022705,0.8071302175521851,-0.010441354475915432,0.49514493346214294,0.8063719272613525,-0.006346035283058882,0.47621098160743713,0.8540868759155273,-0.01794242486357689,0.4755686819553375,0.8509112000465393,-0.013204547576606274,0.49694231152534485,0.8492688536643982,-0.00574073288589716,0.5158202052116394,0.8475522994995117,0.0024494058452546597
0.6151573061943054,0.8095211982727051,3.673857236208278e-07,0.5807607769966125,0.7333044409751892,0.008561638183891773,0.5316497683525085,0.7071036100387573,0.010817723348736763,0.4947749376296997,0.7248731851577759,0.008924807421863079,0.47220537066459656,0.7577959895133972,0.006351439282298088,0.47774645686149597,0.6950154900550842,0.004248857498168945,0.40690189599990845,0.6992733478546143,0.0010743578895926476,0.36605304479599,0.7036902904510498,-0.0002629654773045331,0.3341295123100281,0.7101738452911377,0.0007571446476504207,0.4655555486679077,0.7452733516693115,-0.004109914880245924,0.3974916636943817,0.7455771565437317,-0.003817480755969882,0.35343754291534424,0.7459345459938049,-0.0055709597654640675,0.3241293728351593,0.7487214207649231,-0.0053212265484035015,0.4675047993659973,0.7999826073646545,-0.011100553907454014,0.44788843393325806,0.8063197135925293,-0.01089456956833601,0.47187042236328125,0.8068261742591858,-0.010058912448585033,0.4957122802734375,0.8063359260559082,-0.006216481328010559,0.47622573375701904,0.854743480682373,-0.017888259142637253,0.47539326548576355,0.8508187532424927,-0.012718923389911652,0.4968208074569702,0.8492340445518494,-0.005190052092075348,0.5158398151397705,0.8477482795715332,0.0029292008839547634
0.6114574670791626,0.8097851872444153,3.6931027125319815e-07,0.5716330409049988,0.7344837784767151,0.00918621476739645,0.5200209021568298,0.7095624804496765,0.011919395066797733,0.4846276640892029,0.7299620509147644,0.010458504781126976,0.46430590748786926,0.7660495042800903,0.00823911651968956,0.4738670289516449,0.6958220601081848,0.005935339257121086,0.4034871757030487,0.7020811438560486,0.004069569520652294,0.36342668533325195,0.7090821266174316,0.0034634764306247234,0.33180955052375793,0.7175384163856506,0.004904105793684721,0.46250733733177185,0.7460764050483704,-0.0025173963513225317,0.39522626996040344,0.7494842410087585,-0.0007897764444351196,0.3518631160259247,0.750471293926239,-0.002198611618950963,0.32279884815216064,0.7529770135879517,-0.001954297535121441,0.4642889201641083,0.8006978631019592,-0.009683599695563316,0.44808706641197205,0.8119011521339417,-0.008094954304397106,0.4720366895198822,0.8124914765357971,-0.008288178592920303,0.49524223804473877,0.811509370803833,-0.005507904104888439,0.4715576767921448,0.8561704754829407,-0.01663574017584324,0.47233662009239197,0.8552085161209106,-0.010207712650299072,0.493746817111969,0.8547708988189697,-0.003052006708458066,0.5124231576919556,0.853624165058136,0.004332603421062231
0.6103551387786865,0.8179274797439575,3.5537107123673195e-07,0.5758149027824402,0.74271559715271,0.008174329064786434,0.5261160135269165,0.7174004316329956,0.011594691313803196,0.49013271927833557,0.7335442900657654,0.010799316689372063,0.46772652864456177,0.7649533152580261,0.009522389620542526,0.47140243649482727,0.7030415534973145,0.007814870215952396,0.403873085975647,0.7061521410942078,0.005807133857160807,0.36354929208755493,0.7106456756591797,0.004790402948856354,0.33138608932495117,0.717914342880249,0.0057367803528904915,0.45936086773872375,0.7520807385444641,-0.000517927051987499,0.3937795162200928,0.7544962763786316,0.0005796134937554598,0.35034579038619995,0.7548755407333374,-0.0012952623656019568,0.3209632635116577,0.7570428848266602,-0.001198835321702063,0.4616384506225586,0.8054914474487305,-0.007935396395623684,0.44766515493392944,0.8159738183021545,-0.008019793778657913,0.4713311195373535,0.816535234451294,-0.00888318382203579,0.49356314539909363,0.8147958517074585,-0.006110015325248241,0.4699418842792511,0.8601652383804321,-0.015275858342647552,0.47226426005363464,0.8606454730033875,-0.010699056088924408,0.4933323264122009,0.8603639602661133,-0.004679366014897823,0.5108104944229126,0.8584587574005127,0.0022102936636656523
0.6096588969230652,0.8175384998321533,3.679451481275464e-07,0.5731706023216248,0.7423957586288452,0.009343079291284084,0.5229750871658325,0.7190248370170593,0.012103547342121601,0.4890652894973755,0.7379556894302368,0.010217913426458836,0.46890494227409363,0.7712538838386536,0.007609457243233919,0.470697820186615,0.7028371691703796,0.0072373622097074986,0.40304505825042725,0.7067019939422607,0.004586644470691681,0.3627013564109802,0.7115205526351929,0.003026967868208885,0.33060693740844727,0.7186648845672607,0.0035874545574188232,0.4591129720211029,0.7521745562553406,-0.0018814741633832455,0.39363741874694824,0.7541401386260986,-0.0012765637366101146,0.35053107142448425,0.7543643712997437,-0.00358671136200428,0.32117289304733276,0.7565098404884338,-0.0038665183819830418,0.4616132080554962,0.806013286113739,-0.009840589947998524,0.446792870759964,0.816847026348114,-0.009756684303283691,0.4709327220916748,0.8170852065086365,-0.010550882667303085,0.49369126558303833,0.8151063323020935,-0.007852300070226192,0.4702478051185608,0.8605626225471497,-0.017621174454689026,0.47231361269950867,0.8597935438156128,-0.012830994091928005,0.4938066601753235,0.8586812019348145,-0.0065428405068814754,0.5120198130607605,0.8565288782119751,0.0005279991892166436
0.6091795563697815,0.8164539933204651,3.5816987065118155e-07,0.571824312210083,0.7410001158714294,0.01092801708728075,0.521073579788208,0.7178534269332886,0.014427026733756065,0.48718422651290894,0.7369474172592163,0.012888052500784397,0.46797236800193787,0.771085798740387,0.010463635437190533,0.4706510007381439,0.7021483778953552,0.009567150846123695,0.4033016562461853,0.7066088914871216,0.007518192753195763,0.362658828496933,0.7118028402328491,0.006091135088354349,0.33049994707107544,0.7187714576721191,0.006544869858771563,0.4591515362262726,0.7512235641479492,-0.00023289662203751504,0.3935447037220001,0.7542333602905273,0.0006973968702368438,0.349967896938324,0.7554857730865479,-0.0017278455197811127,0.320539265871048,0.7580158114433289,-0.0022663611453026533,0.4617503881454468,0.8048605918884277,-0.008776573464274406,0.4440315067768097,0.8179770708084106,-0.008481867611408234,0.4683869779109955,0.8189311027526855,-0.009131266735494137,0.49169057607650757,0.816518247127533,-0.006480932701379061,0.4706980586051941,0.8591647148132324,-0.01700577698647976,0.4703378677368164,0.8605749011039734,-0.012391125783324242,0.49184349179267883,0.8597831130027771,-0.006114635616540909,0.5103839635848999,0.8568161725997925,0.0008998571429401636
0.6082509160041809,0.8202581405639648,3.679629116959404e-07,0.5784788131713867,0.7441467046737671,0.008954719640314579,0.532802939414978,0.717868447303772,0.012437942437827587,0.499125212430954,0.731506884098053,0.011727170087397099,0.4779755771160126,0.7605509757995605,0.010554974898695946,0.46919921040534973,0.7044821381568909,0.008998299017548561,0.4011071026325226,0.7095425128936768,0.00830204039812088,0.3614768981933594,0.7149254083633423,0.007433466147631407,0.3299625515937805,0.7224030494689941,0.00822457205504179,0.4565414786338806,0.7539883852005005,0.000863620254676789,0.39148950576782227,0.7568320631980896,0.004380686674267054,0.34881100058555603,0.757777214050293,0.003055562498047948,0.3196444511413574,0.7609724998474121,0.0029308816883713007,0.4589652121067047,0.8072108030319214,-0.00616501783952117,0.44242507219314575,0.8175758123397827,-0.003707458497956395,0.46580323576927185,0.8176013827323914,-0.0039020723197609186,0.48806530237197876,0.8165408372879028,-0.0013416940346360207,0.4681820869445801,0.8611223101615906,-0.013196015730500221,0.46969491243362427,0.8606502413749695,-0.007580685894936323,0.49024200439453125,0.8584743142127991,-0.0013761179288849235,0.5078249573707581,0.8556480407714844,0.005578930955380201
0.6084526181221008,0.8209838271141052,3.5864772485183494e-07,0.5800651907920837,0.744994580745697,0.00955144688487053,0.5354120135307312,0.717989444732666,0.014103421941399574,0.5017051696777344,0.7301901578903198,0.014528815634548664,0.4799506664276123,0.759080708026886,0.01446747686713934,0.46976998448371887,0.7056372761726379,0.011493598110973835,0.40094709396362305,0.7094488739967346,0.012413064017891884,0.36127352714538574,0.7142531275749207,0.0123500507324934,0.32967865467071533,0.7215355038642883,0.013634782284498215,0.45693644881248474,0.7545506358146667,0.0038545806892216206,0.3912716209888458,0.7571212649345398,0.009549525566399097,0.3486635684967041,0.7583149075508118,0.009157180786132812,0.3197929263114929,0.7624037265777588,0.009395670145750046,0.45939597487449646,0.8071672916412354,-0.002754454966634512,0.4419023096561432,0.8166173100471497,0.0012904016766697168,0.4651543200016022,0.8165026903152466,0.0010778560535982251,0.48732149600982666,0.8160337805747986,0.003323746845126152,0.4685179591178894,0.8604985475540161,-0.009309357032179832,0.4686855673789978,0.8595280051231384,-0.0028987356927245855,0.4893273711204529,0.8576545119285583,0.0032832957804203033,0.5072683691978455,0.8555688858032227,0.010069058276712894
0.6055240631103516,0.8191025257110596,3.5275903087494953e-07,0.5733758807182312,0.7460599541664124,0.006879266817122698,0.5260356664657593,0.7202854156494141,0.010324917733669281,0.49215567111968994,0.7318642735481262,0.009908824227750301,0.4692456126213074,0.7592512965202332,0.009173056110739708,0.46580252051353455,0.7078438401222229,0.008692980743944645,0.39846593141555786,0.7124155759811401,0.007731343153864145,0.35927900671958923,0.7185179591178894,0.007056697737425566,0.32834500074386597,0.7271714210510254,0.008287077769637108,0.4546281099319458,0.7571003437042236,0.0013932337751612067,0.3887139558792114,0.7596672773361206,0.004284914582967758,0.34685027599334717,0.7602110505104065,0.003314211266115308,0.3186831474304199,0.7630638480186462,0.003787609748542309,0.4575232267379761,0.8105083107948303,-0.005327537655830383,0.44116032123565674,0.8181172609329224,-0.004511396866291761,0.4654384255409241,0.8178012371063232,-0.005242320708930492,0.48814618587493896,0.8173400163650513,-0.0025851018726825714,0.46647265553474426,0.8648225665092468,-0.012075678445398808,0.4664302468299866,0.8627443909645081,-0.007325976621359587,0.487559050321579,0.861994206905365,-0.0011823642998933792,0.5057259202003479,0.8614950776100159,0.00572518166154623
0.6044427752494812,0.819250226020813,3.6534950709210534e-07,0.5710591673851013,0.7456836700439453,0.008232568390667439,0.5238471031188965,0.7205404043197632,0.010844848118722439,0.4891088008880615,0.7353065609931946,0.009048166684806347,0.4666523039340973,0.7649659514427185,0.006694373674690723,0.46550777554512024,0.7079100608825684,0.008029128424823284,0.39892148971557617,0.7137168049812317,0.005817454773932695,0.3592538833618164,0.7191006541252136,0.004200848750770092,0.3275472819805145,0.7264251708984375,0.0045397477224469185,0.45454615354537964,0.7569579482078552,-0.0005800609360449016,0.39002174139022827,0.7592287063598633,-7.27050137356855e-05,0.34749627113342285,0.7600171566009521,-0.0024999140296131372,0.31804031133651733,0.7625060677528381,-0.0029519121162593365,0.4575946629047394,0.8106805682182312,-0.008237145841121674,0.43980202078819275,0.819754421710968,-0.009334031492471695,0.464803546667099,0.8201746940612793,-0.009576668031513691,0.4881533682346344,0.8192291855812073,-0.006303979083895683,0.46698471903800964,0.864827573299408,-0.015750819817185402,0.4654349982738495,0.8635174632072449,-0.012373891659080982,0.4875490665435791,0.8627620935440063,-0.005743134766817093,0.5066313147544861,0.86175936460495,0.001796273048967123
0.5999834537506104,0.8200557231903076,3.3690295708765916e-07,0.567936897277832,0.7451059222221375,0.008055835030972958,0.5175937414169312,0.7205349206924438,0.01115703210234642,0.48000314831733704,0.7376680970191956,0.010395705699920654,0.45634227991104126,0.7671816945075989,0.0092612961307168,0.4620509445667267,0.7085127830505371,0.00521437730640173,0.39448606967926025,0.7152719497680664,0.002967952750623226,0.3549419343471527,0.7220324873924255,0.002014350611716509,0.3246070444583893,0.7311099767684937,0.0029226932674646378,0.45105504989624023,0.7580200433731079,-0.0027671705465763807,0.3855453133583069,0.7623987793922424,-0.001845317310653627,0.34316718578338623,0.7653369903564453,-0.0032723448239266872,0.31450480222702026,0.7693108320236206,-0.003153559984639287,0.4539397358894348,0.8116960525512695,-0.009535382501780987,0.43265071511268616,0.8232575058937073,-0.00924206804484129,0.4566551446914673,0.8241457343101501,-0.007844226434826851,0.4797438979148865,0.822893500328064,-0.004052936099469662,0.4641079306602478,0.8659520745277405,-0.016202116385102272,0.46207189559936523,0.8671565055847168,-0.012283225543797016,0.4829973578453064,0.8649453520774841,-0.005342146381735802,0.5010204911231995,0.8621562719345093,0.0022263305727392435
0.6007682085037231,0.817571222782135,3.206442897862871e-07,0.5650488138198853,0.743259847164154,0.011758638545870781,0.5133266448974609,0.7205280065536499,0.01678941585123539,0.47658202052116394,0.7393317818641663,0.0170314759016037,0.45439666509628296,0.7702921628952026,0.016636397689580917,0.46119314432144165,0.7078852653503418,0.01078399270772934,0.39341023564338684,0.716089129447937,0.010157721117138863,0.3540440797805786,0.7228007912635803,0.01001483853906393,0.3235436677932739,0.7308734059333801,0.011345924809575081,0.45036396384239197,0.7570306062698364,0.0015974976122379303,0.3847910463809967,0.7634143233299255,0.003974761348217726,0.34266525506973267,0.7668571472167969,0.002998403739184141,0.3146648108959198,0.7710338830947876,0.0033468403853476048,0.45324277877807617,0.8107484579086304,-0.006279812194406986,0.43261757493019104,0.8249761462211609,-0.004705233033746481,0.4564042389392853,0.8257033824920654,-0.0036946446634829044,0.47939178347587585,0.8233938813209534,-0.0002904299180954695,0.46303004026412964,0.8654952049255371,-0.013779318891465664,0.46045732498168945,0.8676290512084961,-0.008583739399909973,0.48194485902786255,0.865822434425354,-0.0015378041425719857,0.5005344152450562,0.8623703122138977,0.005923314020037651
0.6016114354133606,0.8179683089256287,3.3257023801525065e-07,0.5655855536460876,0.7435649037361145,0.01245847437530756,0.5137290358543396,0.7208910584449768,0.018014324828982353,0.4769161641597748,0.7395818829536438,0.018607832491397858,0.45495179295539856,0.7707880735397339,0.01859443075954914,0.46065011620521545,0.7086963057518005,0.012644676491618156,0.39334917068481445,0.7167197465896606,0.013126787729561329,0.3543225824832916,0.7225523591041565,0.013550234027206898,0.323894202709198,0.729718029499054,0.015060452744364738,0.45018285512924194,0.7574533820152283,0.003246766747906804,0.38473623991012573,0.7636166214942932,0.006182641722261906,0.34244823455810547,0.7662680745124817,0.005113682243973017,0.31418168544769287,0.7694976329803467,0.005260663107037544,0.4535621404647827,0.8112049102783203,-0.004788822960108519,0.43249285221099854,0.8257668018341064,-0.002763718366622925,0.45698991417884827,0.8260449171066284,-0.0017588482005521655,0.4801090955734253,0.8232070803642273,0.001538787386380136,0.4637359380722046,0.8656419515609741,-0.012395745143294334,0.4602010250091553,0.8679062724113464,-0.006995138246566057,0.4823648929595947,0.8659476041793823,4.9863705498864874e-05,0.5013113021850586,0.8624055981636047,0.007422942202538252
0.5952636003494263,0.8220497965812683,3.427855119753076e-07,0.5630624294281006,0.7491459250450134,0.009593876078724861,0.5150040984153748,0.7247942686080933,0.013125510886311531,0.47990578413009644,0.7380149364471436,0.012221919372677803,0.45682772994041443,0.7665655612945557,0.010765652172267437,0.4563490152359009,0.7132247090339661,0.007507225964218378,0.3897586464881897,0.7206329107284546,0.005859523545950651,0.3503152132034302,0.7271316051483154,0.005131079815328121,0.31907305121421814,0.7348575592041016,0.005875763483345509,0.4454475939273834,0.7609107494354248,-0.0014971266500651836,0.38151052594184875,0.7665657997131348,-3.830527020909358e-06,0.3394160270690918,0.769726574420929,-0.0011667257640510798,0.31034210324287415,0.7735779285430908,-0.0012371506309136748,0.4485819339752197,0.8137781023979187,-0.009371479973196983,0.4270228445529938,0.8290815353393555,-0.008717167191207409,0.4515955150127411,0.8301688432693481,-0.007508347742259502,0.4747169613838196,0.8280007839202881,-0.004203543998301029,0.4586275815963745,0.8674184679985046,-0.01717429794371128,0.4578244984149933,0.8714982271194458,-0.013657825998961926,0.4793338179588318,0.8700575232505798,-0.007638095412403345,0.4972987771034241,0.866884171962738,-0.0009197340114042163
0.4255961775779724,0.8948326110839844,9.128092983701208e-07,0.43248313665390015,0.8040140867233276,-0.022820908576250076,0.4957427382469177,0.7304871082305908,-0.03302472457289696,0.5711614489555359,0.7237913012504578,-0.04468117281794548,0.6233601570129395,0.745358407497406,-0.05492805689573288,0.5412378311157227,0.6893165111541748,-0.019710153341293335,0.6212338805198669,0.642269492149353,-0.045508719980716705,0.675487756729126,0.6247401833534241,-0.06087130308151245,0.7232475876808167,0.6131914258003235,-0.06850656867027283,0.5587427616119385,0.7415249943733215,-0.024811021983623505,0.6422277092933655,0.6908779740333557,-0.057264868170022964,0.704865574836731,0.6658583283424377,-0.07574579864740372,0.7571835517883301,0.6518803238868713,-0.08280438929796219,0.5641955733299255,0.8027508854866028,-0.032373055815696716,0.5918053388595581,0.7843881845474243,-0.07546740770339966,0.5327562689781189,0.7998696565628052,-0.07762418687343597,0.4867905378341675,0.815166711807251,-0.0642796978354454,0.5618521571159363,0.8621150255203247,-0.04153040796518326,0.5779058337211609,0.8376011252403259,-0.07235756516456604,0.5341157913208008,0.845771312713623,-0.06625549495220184,0.4983338415622711,0.8553013801574707,-0.05225994437932968
0.4190514087677002,0.879683256149292,9.207141715705802e-07,0.4231644868850708,0.7887656092643738,-0.02400357648730278,0.4882020652294159,0.7120094895362854,-0.034225523471832275,0.563704252243042,0.7056342363357544,-0.04547189548611641,0.6165378093719482,0.726141631603241,-0.05524558201432228,0.5330074429512024,0.6666803359985352,-0.021557113155722618,0.6141993403434753,0.622149646282196,-0.04788404330611229,0.6687453389167786,0.6075323820114136,-0.06320514529943466,0.7166941165924072,0.5979596972465515,-0.07059936970472336,0.5529543161392212,0.71909499168396,-0.02638222463428974,0.6360412836074829,0.6703087687492371,-0.0589514821767807,0.6989346742630005,0.6481232643127441,-0.0765783041715622,0.7512348294258118,0.6352543830871582,-0.08262870460748672,0.5604217648506165,0.7812589406967163,-0.03390031307935715,0.5842589139938354,0.7654711604118347,-0.07761400192975998,0.5237236022949219,0.7836788892745972,-0.07953419536352158,0.47718071937561035,0.7998982667922974,-0.06571698188781738,0.55963134765625,0.8414889574050903,-0.04308120533823967,0.5719473361968994,0.8205933570861816,-0.07482045888900757,0.5244999527931213,0.8312667012214661,-0.06868548691272736,0.4870088994503021,0.8419451713562012,-0.05432683974504471
0.41456180810928345,0.8788152933120728,9.213931662088726e-07,0.42107778787612915,0.786443829536438,-0.023461077362298965,0.4899764358997345,0.7100337743759155,-0.033209312707185745,0.5659496784210205,0.7060540318489075,-0.04416635259985924,0.6187136173248291,0.7276619672775269,-0.0538640059530735,0.531379222869873,0.6674808263778687,-0.02170744724571705,0.6121405959129333,0.6226804852485657,-0.04740360006690025,0.6672221422195435,0.6073331832885742,-0.06270385533571243,0.7162460088729858,0.596832811832428,-0.07049619406461716,0.55142742395401,0.7192192673683167,-0.026886790990829468,0.6335000991821289,0.6709381341934204,-0.05763399973511696,0.6973711848258972,0.6484541296958923,-0.07491520792245865,0.7515157461166382,0.6353475451469421,-0.08144722878932953,0.5586276054382324,0.7819325923919678,-0.03474597632884979,0.5825484991073608,0.7654284834861755,-0.07610341161489487,0.5209187269210815,0.7823153734207153,-0.07782111316919327,0.4737561047077179,0.7977844476699829,-0.0648336336016655,0.5575055480003357,0.8437614440917969,-0.044458650052547455,0.5694066882133484,0.8213420510292053,-0.07436927407979965,0.5228754281997681,0.8295862674713135,-0.0683763176202774,0.48620378971099854,0.8393830060958862,-0.05489732325077057
0.4155323803424835,0.8801765441894531,9.234605045094213e-07,0.41997259855270386,0.7870984077453613,-0.024188412353396416,0.4877069592475891,0.7107939720153809,-0.03408779948949814,0.5640982985496521,0.7060601711273193,-0.044870536774396896,0.6178951859474182,0.7270862460136414,-0.05408491939306259,0.5297845005989075,0.6671627163887024,-0.022756587713956833,0.6110959053039551,0.6225153803825378,-0.04861047491431236,0.6662664413452148,0.6074038743972778,-0.06360111385583878,0.7156214118003845,0.5973244905471802,-0.07104327529668808,0.5504727959632874,0.718837559223175,-0.027335993945598602,0.6324701309204102,0.6717546582221985,-0.05917927250266075,0.6965450644493103,0.64935702085495,-0.07658181339502335,0.7506347298622131,0.6367414593696594,-0.08291329443454742,0.5583229064941406,0.7807692885398865,-0.03453625738620758,0.5815643668174744,0.7679746747016907,-0.07675272971391678,0.5199805498123169,0.785011887550354,-0.07817459851503372,0.47258082032203674,0.8004810214042664,-0.06466028839349747,0.5580509901046753,0.8415592908859253,-0.043629128485918045,0.5693497061729431,0.8230988383293152,-0.07415906339883804,0.5229188203811646,0.8322661519050598,-0.06816516071557999,0.4862297773361206,0.8417025804519653,-0.054369956254959106
0.4161633551120758,0.8793898820877075,9.317221270066511e-07,0.4215603470802307,0.7861375212669373,-0.023240940645337105,0.48981818556785583,0.7095397710800171,-0.032754961401224136,0.564826250076294,0.7044734954833984,-0.04347158968448639,0.6174648404121399,0.726655900478363,-0.05273287370800972,0.5315414071083069,0.6682306528091431,-0.02130509726703167,0.6130542159080505,0.6231896877288818,-0.046795282512903214,0.6685550808906555,0.6080778241157532,-0.06172497943043709,0.7175734639167786,0.5982065200805664,-0.0690544843673706,0.5511820316314697,0.7195500731468201,-0.026177002117037773,0.6331114768981934,0.6723267436027527,-0.05695568025112152,0.6973111629486084,0.6500810384750366,-0.0736592561006546,0.751330554485321,0.6374304294586182,-0.07950244843959808,0.5581858158111572,0.7810025811195374,-0.03373844176530838,0.5813684463500977,0.7665277123451233,-0.07476181536912918,0.5207741856575012,0.7838907241821289,-0.0760418027639389,0.47412458062171936,0.7996202707290649,-0.06259942799806595,0.5573443174362183,0.8417378664016724,-0.04318150505423546,0.5692489147186279,0.8214461803436279,-0.0725434422492981,0.5233765840530396,0.830450177192688,-0.06617823243141174,0.4869658946990967,0.8399702906608582,-0.05229806900024414
0.41344812512397766,0.8809523582458496,9.286388262808032e-07,0.41772156953811646,0.78855299949646,-0.024956153705716133,0.48338690400123596,0.712621808052063,-0.035693440586328506,0.5605471730232239,0.7065525054931641,-0.04745858535170555,0.6147044897079468,0.7236118316650391,-0.057642821222543716,0.5290780067443848,0.6665964722633362,-0.021979449316859245,0.6097989082336426,0.6213741898536682,-0.04859446734189987,0.6649134159088135,0.6061475872993469,-0.06456046551465988,0.7139431238174438,0.5959453582763672,-0.07269158959388733,0.5503590703010559,0.7188206911087036,-0.026677565649151802,0.6325482726097107,0.6707424521446228,-0.058767009526491165,0.6963887214660645,0.6481832265853882,-0.07668165862560272,0.7502967119216919,0.634527325630188,-0.08334013819694519,0.5579202771186829,0.7811436057090759,-0.03425204008817673,0.5813742280006409,0.7663626074790955,-0.07702182978391647,0.5198922157287598,0.7833595275878906,-0.07845842093229294,0.4727073907852173,0.7984485626220703,-0.06480506807565689,0.5563984513282776,0.8426273465156555,-0.04380549490451813,0.5687898993492126,0.8231602311134338,-0.07470584660768509,0.5227713584899902,0.8319827318191528,-0.0684938058257103,0.48565927147865295,0.841245710849762,-0.05438033491373062
0.41171571612358093,0.8786899447441101,9.450784546061186e-07,0.41658076643943787,0.7878683805465698,-0.024963470175862312,0.48140931129455566,0.7114130258560181,-0.03674701228737831,0.5573753714561462,0.7038171291351318,-0.04965222254395485,0.6112568974494934,0.7230426073074341,-0.06092829257249832,0.52854323387146,0.6650036573410034,-0.02418997511267662,0.6090309023857117,0.619303822517395,-0.05126364156603813,0.663787841796875,0.6039396524429321,-0.06726963818073273,0.7123590707778931,0.5936582088470459,-0.07542655616998672,0.5486077070236206,0.7181503772735596,-0.029539484530687332,0.6313729286193848,0.6698378324508667,-0.0629858747124672,0.6946960687637329,0.6466671228408813,-0.08173719793558121,0.7478771805763245,0.6329545974731445,-0.08890099078416824,0.5552874803543091,0.7817891240119934,-0.03745412826538086,0.5772997736930847,0.7654154896736145,-0.08123685419559479,0.5152393579483032,0.7815636992454529,-0.08265050500631332,0.467864453792572,0.7969827055931091,-0.06881549954414368,0.5536647439002991,0.8437997102737427,-0.0472135916352272,0.5669637322425842,0.8212293982505798,-0.07833848148584366,0.5208351612091064,0.8309265375137329,-0.07134906202554703,0.48377442359924316,0.8417995572090149,-0.05667133629322052
0.4112635850906372,0.8796045184135437,9.443855333302054e-07,0.41737428307533264,0.7876392602920532,-0.025205183774232864,0.4822642207145691,0.7121949195861816,-0.0371188260614872,0.5583949089050293,0.7048617005348206,-0.05015023425221443,0.6126991510391235,0.7233437299728394,-0.06149008125066757,0.5280880928039551,0.6649647951126099,-0.023419180884957314,0.6088737845420837,0.6197471022605896,-0.05077500641345978,0.6636142134666443,0.6042410135269165,-0.06713810563087463,0.7123160362243652,0.5935671329498291,-0.0755312591791153,0.5483077168464661,0.7177456021308899,-0.028753161430358887,0.6308577656745911,0.6695277094841003,-0.0626595988869667,0.6942387819290161,0.6466273069381714,-0.08178815245628357,0.7475578784942627,0.6331613659858704,-0.08916173875331879,0.5552087426185608,0.7813903093338013,-0.03677976503968239,0.577876091003418,0.7651991844177246,-0.08125286549329758,0.5156186819076538,0.7812120914459229,-0.08306202292442322,0.46800360083580017,0.7964985370635986,-0.0693713054060936,0.5537469387054443,0.8434072732925415,-0.046662960201501846,0.5672971606254578,0.8208663463592529,-0.07840732485055923,0.5206398367881775,0.8301267027854919,-0.07172121107578278,0.48314395546913147,0.8407812714576721,-0.05715882033109665
0.41095805168151855,0.8793268203735352,9.410035772816627e-07,0.4165138900279999,0.7881453633308411,-0.02525358274579048,0.4816664457321167,0.7130348086357117,-0.03711370378732681,0.5579400658607483,0.7058506608009338,-0.05003644898533821,0.6124278903007507,0.7234169244766235,-0.06125940382480621,0.528210461139679,0.6648507118225098,-0.02357177622616291,0.6089072227478027,0.6195831298828125,-0.050732508301734924,0.6636656522750854,0.6041885018348694,-0.06691724061965942,0.712321400642395,0.5935636162757874,-0.07518870383501053,0.5484190583229065,0.7176831364631653,-0.028928961604833603,0.6308577656745911,0.6693330407142639,-0.06241144239902496,0.6941462159156799,0.6464475393295288,-0.08127640932798386,0.7474219799041748,0.6328510642051697,-0.08852918446063995,0.555208683013916,0.7812329530715942,-0.03697917237877846,0.5775291323661804,0.7649811506271362,-0.08099893480539322,0.5153643488883972,0.7810988426208496,-0.0826604813337326,0.4680321514606476,0.7963329553604126,-0.06901974231004715,0.5536527633666992,0.8432166576385498,-0.046910326927900314,0.566881537437439,0.8208329677581787,-0.07825642824172974,0.5201455950737,0.830207884311676,-0.07139100134372711,0.4827115833759308,0.8408694267272949,-0.05680383741855621
0.41101449728012085,0.8760802745819092,9.137042980000842e-07,0.4173389971256256,0.7865849137306213,-0.0248587466776371,0.4850316047668457,0.7103958129882812,-0.03470767289400101,0.5603364706039429,0.7040335536003113,-0.04530582204461098,0.6133248209953308,0.7228870391845703,-0.054210782051086426,0.5285682082176208,0.6644953489303589,-0.023763619363307953,0.6095529794692993,0.6204723119735718,-0.05005555972456932,0.6639162302017212,0.605069637298584,-0.06485636532306671,0.7120475172996521,0.5947679281234741,-0.07195105403661728,0.5489107370376587,0.7166801691055298,-0.028221743181347847,0.6307717561721802,0.6689075827598572,-0.060214947909116745,0.6932554244995117,0.6454870700836182,-0.07772687822580338,0.7455576658248901,0.6318559050559998,-0.08394679427146912,0.5561888813972473,0.7789742946624756,-0.03542545065283775,0.5757636427879333,0.7679665088653564,-0.07812085747718811,0.5136142373085022,0.7840054035186768,-0.08078300207853317,0.4663119316101074,0.7980338335037231,-0.06803973764181137,0.5554388165473938,0.8392069935798645,-0.04451720416545868,0.5613351464271545,0.8248254060745239,-0.07530005276203156,0.513173520565033,0.8337340950965881,-0.070463627576828,0.4762551188468933,0.8430256843566895,-0.057500019669532776
0.41104304790496826,0.8774251341819763,9.112149541579129e-07,0.4175720512866974,0.7856888175010681,-0.025163574144244194,0.4855695068836212,0.7085916996002197,-0.03469362109899521,0.5615137219429016,0.7023133039474487,-0.04494813457131386,0.6142314672470093,0.7230952978134155,-0.05348211154341698,0.527683675289154,0.6655387282371521,-0.022697292268276215,0.608285665512085,0.6210336685180664,-0.04889041185379028,0.662508487701416,0.6050337553024292,-0.06402299553155899,0.7108055353164673,0.5941895246505737,-0.07144573330879211,0.5481025576591492,0.7173313498497009,-0.026731330901384354,0.6293173432350159,0.6696919202804565,-0.05902966484427452,0.6920244097709656,0.6464822292327881,-0.07697510719299316,0.7449548244476318,0.6332541704177856,-0.08341986685991287,0.5555722713470459,0.7792626023292542,-0.03356141969561577,0.5760541558265686,0.7683379650115967,-0.07642929255962372,0.5142987370491028,0.7845163345336914,-0.0789806991815567,0.46697646379470825,0.7993140816688538,-0.06595545262098312,0.5549551248550415,0.8390918374061584,-0.04237401857972145,0.5623793005943298,0.8238139748573303,-0.07339099049568176,0.5153356790542603,0.8324455618858337,-0.06854912638664246,0.47889792919158936,0.8420122861862183,-0.05539442226290703
0.4116979241371155,0.8769755363464355,9.201424404636782e-07,0.41740936040878296,0.7863323092460632,-0.025144534185528755,0.48547711968421936,0.7091728448867798,-0.03467991203069687,0.5612758994102478,0.7029076218605042,-0.04490974172949791,0.6146634817123413,0.7228913903236389,-0.053373537957668304,0.5286454558372498,0.6656739711761475,-0.022734366357326508,0.6096736788749695,0.6208165884017944,-0.04856068640947342,0.6641174554824829,0.6052101254463196,-0.06313635408878326,0.7122671604156494,0.5952338576316833,-0.07006259262561798,0.5488498210906982,0.717201292514801,-0.026694273576140404,0.6303498148918152,0.6699268221855164,-0.0585453175008297,0.6929411292076111,0.646510124206543,-0.07603225111961365,0.7452684640884399,0.6335473656654358,-0.08212051540613174,0.5558433532714844,0.7787796258926392,-0.03348162770271301,0.5759301781654358,0.7678687572479248,-0.07587883621454239,0.514008641242981,0.7838650941848755,-0.07832715660333633,0.4666280150413513,0.798473060131073,-0.06530798971652985,0.5549342632293701,0.8383793830871582,-0.04222838208079338,0.5622968673706055,0.8232804536819458,-0.07290922105312347,0.514992356300354,0.8323429226875305,-0.06797246634960175,0.4783024489879608,0.8417738080024719,-0.05477672815322876
0.40981075167655945,0.8809294104576111,9.139956773651647e-07,0.41373857855796814,0.7898523211479187,-0.025135457515716553,0.47865810990333557,0.7128746509552002,-0.03617510572075844,0.5548470616340637,0.7056047916412354,-0.048225946724414825,0.6081868410110474,0.722438633441925,-0.05862138047814369,0.5268950462341309,0.6669723987579346,-0.02397804893553257,0.6072860360145569,0.6229872107505798,-0.05123179778456688,0.6618781089782715,0.6071817874908447,-0.06768307834863663,0.7103327512741089,0.5961726903915405,-0.07617323845624924,0.5466022491455078,0.7192123532295227,-0.029040856286883354,0.6292864084243774,0.670465886592865,-0.062189340591430664,0.6924422383308411,0.6479461193084717,-0.08056306093931198,0.7458271980285645,0.6349399089813232,-0.0874921977519989,0.5529276132583618,0.7825320363044739,-0.036748599261045456,0.5759022235870361,0.7675612568855286,-0.08032353222370148,0.5134296417236328,0.7851861119270325,-0.08093880116939545,0.4661312699317932,0.801444947719574,-0.06660017371177673,0.5505475997924805,0.8444796800613403,-0.046434175223112106,0.5635243058204651,0.8233047127723694,-0.07795025408267975,0.5169830918312073,0.832282543182373,-0.07098212838172913,0.4799751043319702,0.8423228859901428,-0.05619554594159126
0.4098891615867615,0.8802478313446045,9.480962717134389e-07,0.4127836227416992,0.7898184061050415,-0.026107721030712128,0.4773518443107605,0.7136823534965515,-0.038203444331884384,0.5544219017028809,0.7064254879951477,-0.05116096884012222,0.6098313331604004,0.7211916446685791,-0.06235864385962486,0.5268323421478271,0.6666943430900574,-0.025773024186491966,0.6082025766372681,0.6214317679405212,-0.053842514753341675,0.663689374923706,0.6058447957038879,-0.07029899954795837,0.7124289274215698,0.5959410071372986,-0.07838675379753113,0.54620361328125,0.7196095585823059,-0.030599022284150124,0.6298773288726807,0.6713965535163879,-0.06476529687643051,0.6933313608169556,0.6480116248130798,-0.08334328234195709,0.7464189529418945,0.6345009803771973,-0.09010065346956253,0.5522640943527222,0.7826497554779053,-0.03812645748257637,0.5747976899147034,0.7687109112739563,-0.08250923454761505,0.5124266147613525,0.786182701587677,-0.08308827877044678,0.46522411704063416,0.8017268180847168,-0.06845039874315262,0.5500897169113159,0.8441725969314575,-0.04764643684029579,0.563569188117981,0.8241721391677856,-0.07914350181818008,0.5170990228652954,0.8338632583618164,-0.07164465636014938,0.47959622740745544,0.8432802557945251,-0.056328266859054565
0.41031697392463684,0.8812010884284973,9.398157772011473e-07,0.41381582617759705,0.7885542511940002,-0.025758247822523117,0.4784925580024719,0.7107818126678467,-0.03748183324933052,0.5556503534317017,0.7036271095275879,-0.050094522535800934,0.6106482148170471,0.721477210521698,-0.06102816015481949,0.5259808897972107,0.666796088218689,-0.025263870134949684,0.6075069904327393,0.6217315196990967,-0.05296953022480011,0.6628233790397644,0.6062891483306885,-0.06935538351535797,0.7119206786155701,0.5963200926780701,-0.07755985110998154,0.5456002950668335,0.7194052934646606,-0.02998609095811844,0.6290213465690613,0.6706842184066772,-0.06365730613470078,0.6927273869514465,0.6479969024658203,-0.08195275813341141,0.7463372945785522,0.6351566314697266,-0.08870755881071091,0.552163302898407,0.7822819948196411,-0.03736094757914543,0.5754269361495972,0.7679077982902527,-0.08120588958263397,0.5132149457931519,0.785870373249054,-0.08155682682991028,0.46576157212257385,0.8019270300865173,-0.06692296266555786,0.5503799915313721,0.8438584208488464,-0.04675949737429619,0.564551591873169,0.823066234588623,-0.07793762534856796,0.518602192401886,0.8327013254165649,-0.0703762099146843,0.4811480939388275,0.8425703048706055,-0.055160343647003174
0.40839463472366333,0.8807917833328247,9.41415521538147e-07,0.41504329442977905,0.7869018316268921,-0.02480309270322323,0.4835505485534668,0.7097258567810059,-0.03432203456759453,0.5595464110374451,0.7034472823143005,-0.04480000212788582,0.6128518581390381,0.7245659232139587,-0.05358556658029556,0.5268738865852356,0.6655073761940002,-0.02045428939163685,0.6090136766433716,0.621512770652771,-0.04597260057926178,0.6641963124275208,0.6065374612808228,-0.061126675456762314,0.7130811810493469,0.5968855023384094,-0.06861130148172379,0.5461111068725586,0.7177481055259705,-0.024730505421757698,0.6286839842796326,0.6707510948181152,-0.05566040799021721,0.6927798390388489,0.6492866277694702,-0.07316785305738449,0.7467365264892578,0.6376790404319763,-0.07947922497987747,0.5528392791748047,0.7801368832588196,-0.031931549310684204,0.5754743814468384,0.7671006917953491,-0.0735485628247261,0.513851523399353,0.7851417064666748,-0.07544933259487152,0.46677517890930176,0.8014317154884338,-0.0622277669608593,0.552043616771698,0.841000497341156,-0.04117646440863609,0.5620869398117065,0.8226847648620605,-0.07115137577056885,0.5150102376937866,0.8313883543014526,-0.06519998610019684,0.4779838025569916,0.8409945964813232,-0.051391053944826126
0.40817609429359436,0.8801472783088684,9.441041015634255e-07,0.41606244444847107,0.7858900427818298,-0.024494215846061707,0.48445576429367065,0.7095823287963867,-0.03440554067492485,0.5601392388343811,0.7034611701965332,-0.04546118900179863,0.6133884191513062,0.7244918942451477,-0.054838038980960846,0.5273880958557129,0.6658986806869507,-0.020262254402041435,0.6093327403068542,0.6216707825660706,-0.045904140919446945,0.6644851565361023,0.6067167520523071,-0.06119193509221077,0.7133910655975342,0.5970543026924133,-0.06870044022798538,0.5459566116333008,0.7181504964828491,-0.024786632508039474,0.6287240386009216,0.6712366342544556,-0.05585170164704323,0.6929018497467041,0.6493310332298279,-0.07333644479513168,0.746941864490509,0.6373889446258545,-0.0796312689781189,0.5522747039794922,0.7805933952331543,-0.03221834823489189,0.5756561160087585,0.7671517133712769,-0.07390710711479187,0.5137917399406433,0.784822940826416,-0.07544413954019547,0.46637627482414246,0.8011314868927002,-0.06189042702317238,0.5512967109680176,0.8417849540710449,-0.04165364056825638,0.5632872581481934,0.8221079707145691,-0.07124684751033783,0.5165059566497803,0.8305701017379761,-0.06460975855588913,0.4792824387550354,0.8402170538902283,-0.050343599170446396
0.40722090005874634,0.8826550841331482,9.519069408270298e-07,0.41622281074523926,0.7873340249061584,-0.023514319211244583,0.48413509130477905,0.7084830403327942,-0.0330437496304512,0.5593470931053162,0.7015618681907654,-0.043987009674310684,0.6115860342979431,0.7249029874801636,-0.05323604494333267,0.526279628276825,0.665679931640625,-0.019647790119051933,0.608170747756958,0.6223434209823608,-0.045530933886766434,0.6631551384925842,0.6070641279220581,-0.061149224638938904,0.7123777866363525,0.596947193145752,-0.06911715865135193,0.5454309582710266,0.7181152701377869,-0.024841314181685448,0.6281636357307434,0.6713082194328308,-0.05725008621811867,0.6924306750297546,0.6487142443656921,-0.07582110166549683,0.7470488548278809,0.6362538933753967,-0.08292068541049957,0.551903486251831,0.7815679907798767,-0.03271562606096268,0.5744999051094055,0.7676880359649658,-0.074971042573452,0.5123167634010315,0.7842835187911987,-0.07651586830615997,0.4648756682872772,0.8005141019821167,-0.06296290457248688,0.5503628849983215,0.8433558344841003,-0.04252351447939873,0.5614005327224731,0.8226061463356018,-0.07212421298027039,0.514924168586731,0.831149697303772,-0.06544456630945206,0.4788118600845337,0.8412651419639587,-0.051265425980091095
0.40690451860427856,0.8824867606163025,9.475390925217653e-07,0.41457727551460266,0.7883347868919373,-0.02447744831442833,0.4830557107925415,0.7091689109802246,-0.034484751522541046,0.5594698190689087,0.7021568417549133,-0.045657794922590256,0.6130757331848145,0.7243790030479431,-0.055046092718839645,0.5257201790809631,0.6667978763580322,-0.021128186956048012,0.6073483228683472,0.6225056648254395,-0.04736190289258957,0.6624687910079956,0.606927752494812,-0.06295488029718399,0.7119191288948059,0.5966963171958923,-0.07085058838129044,0.5451580286026001,0.7190810441970825,-0.02604556828737259,0.6281317472457886,0.6717952489852905,-0.05904671922326088,0.6922500133514404,0.6483496427536011,-0.07767120003700256,0.7467744946479797,0.6351889967918396,-0.0847550630569458,0.5516945719718933,0.7821145057678223,-0.03368759900331497,0.5747452974319458,0.7682406902313232,-0.07670025527477264,0.5119026303291321,0.7848666310310364,-0.07787549495697021,0.4641004800796509,0.8009878993034363,-0.06391270458698273,0.5503706932067871,0.8436520099639893,-0.043292414397001266,0.5625206232070923,0.8224425911903381,-0.07341654598712921,0.5152272582054138,0.8316887617111206,-0.06632810086011887,0.4784371256828308,0.8422437310218811,-0.05176228657364845
0.4104584753513336,0.8818626403808594,9.387313752995396e-07,0.41788342595100403,0.7879694700241089,-0.023617766797542572,0.4849012494087219,0.7108491063117981,-0.033659130334854126,0.5596110224723816,0.7050294280052185,-0.04476535692811012,0.6125240325927734,0.7264759540557861,-0.054349299520254135,0.5260918140411377,0.6679844260215759,-0.02303829789161682,0.6084904670715332,0.6231547594070435,-0.049041058868169785,0.6633819341659546,0.6080551147460938,-0.06372702121734619,0.712277352809906,0.5982592701911926,-0.07048197835683823,0.5443949103355408,0.7200739979743958,-0.027732286602258682,0.6284142732620239,0.6733938455581665,-0.05867664888501167,0.6924500465393066,0.6513676643371582,-0.07500150054693222,0.7461634278297424,0.6392578482627869,-0.08052735775709152,0.550674319267273,0.7816094160079956,-0.03506479412317276,0.5730466246604919,0.7718242406845093,-0.07639843225479126,0.5116289854049683,0.7898266315460205,-0.07771791517734528,0.46461427211761475,0.8052692413330078,-0.06409197300672531,0.5491923093795776,0.8416751623153687,-0.04423173889517784,0.561156690120697,0.8249441385269165,-0.072890505194664,0.515133798122406,0.8333956599235535,-0.06604433059692383,0.4785688519477844,0.8423424959182739,-0.05190056934952736
0.41088277101516724,0.8814331889152527,9.478206379753829e-07,0.41830605268478394,0.7867279052734375,-0.022636769339442253,0.48493173718452454,0.7095918655395508,-0.031893908977508545,0.5589215755462646,0.7037314772605896,-0.04253967106342316,0.6109829545021057,0.7259767055511475,-0.051709070801734924,0.5272185206413269,0.6665709614753723,-0.019996877759695053,0.6090885400772095,0.6238609552383423,-0.04541170597076416,0.6643686294555664,0.6096252202987671,-0.060346800833940506,0.7133466005325317,0.6004460453987122,-0.06745493412017822,0.5460578203201294,0.7184872031211853,-0.025052588433027267,0.6288506984710693,0.6728442907333374,-0.05529583618044853,0.692937970161438,0.6521949172019958,-0.07187938690185547,0.7466740608215332,0.6411646008491516,-0.07767356932163239,0.5527199506759644,0.7807481288909912,-0.0328192263841629,0.5739185810089111,0.7708898186683655,-0.0734778344631195,0.5123165845870972,0.7889124155044556,-0.0751974806189537,0.4648236334323883,0.8047947287559509,-0.06199440732598305,0.5511841177940369,0.8414150476455688,-0.04243853688240051,0.5617011785507202,0.8248822689056396,-0.07088097184896469,0.5165698528289795,0.8328720927238464,-0.06451476365327835,0.4802250266075134,0.841380774974823,-0.050750453025102615
0.410701185464859,0.8810632228851318,9.41690359468339e-07,0.41715267300605774,0.786655843257904,-0.022960975766181946,0.4833388924598694,0.7092795372009277,-0.03249526023864746,0.5580917596817017,0.7033443450927734,-0.043350011110305786,0.6104550361633301,0.7255253791809082,-0.052694618701934814,0.5267811417579651,0.6668671369552612,-0.021159578114748,0.6083005666732788,0.6236503720283508,-0.04690941423177719,0.6633307337760925,0.6089603900909424,-0.06201326474547386,0.7121152281761169,0.5994347333908081,-0.06931442767381668,0.5458908677101135,0.7187641859054565,-0.026202291250228882,0.6288049817085266,0.6730151176452637,-0.05708829686045647,0.6926835775375366,0.6520165801048279,-0.07398547232151031,0.7462584376335144,0.6407297253608704,-0.08000914752483368,0.5525386929512024,0.7809223532676697,-0.03387131169438362,0.5740677118301392,0.770819902420044,-0.07482737302780151,0.5124260783195496,0.7888908982276917,-0.0761423334479332,0.46505650877952576,0.8048422932624817,-0.06267174333333969,0.5509474277496338,0.8416503667831421,-0.04343908652663231,0.5619573593139648,0.8248658180236816,-0.07212421298027039,0.51691073179245,0.8329917192459106,-0.06556373089551926,0.48055756092071533,0.8416252136230469,-0.05162521079182625
0.40862801671028137,0.8785671591758728,9.532544140711252e-07,0.41699448227882385,0.785930335521698,-0.022878840565681458,0.4834302067756653,0.7104563117027283,-0.03336542844772339,0.5582214593887329,0.704655110836029,-0.045340895652770996,0.6113480925559998,0.7244452834129333,-0.055764857679605484,0.5269408822059631,0.6661211848258972,-0.02093699388206005,0.6080412268638611,0.6236879825592041,-0.04700332134962082,0.6630831360816956,0.6087391376495361,-0.06263455748558044,0.7119330763816833,0.5984073281288147,-0.07053972035646439,0.545527994632721,0.7187108397483826,-0.026665279641747475,0.6284228563308716,0.6724501252174377,-0.05881977081298828,0.6921631693840027,0.6497540473937988,-0.07696739584207535,0.746304988861084,0.6366132497787476,-0.08393052965402603,0.5514945387840271,0.7823050022125244,-0.03489140793681145,0.5735872983932495,0.767890453338623,-0.07675666362047195,0.5112879872322083,0.7843126654624939,-0.07759441435337067,0.4642679989337921,0.8001499772071838,-0.06375709176063538,0.5496752858161926,0.8447666168212891,-0.04489942640066147,0.5627931952476501,0.8217607140541077,-0.07369367778301239,0.5174105167388916,0.8306113481521606,-0.06588848680257797,0.4817647635936737,0.8413113355636597,-0.05112067237496376
0.40886741876602173,0.8791598677635193,9.415465456186212e-07,0.41482943296432495,0.7869384288787842,-0.024309353902935982,0.4822244644165039,0.7113078832626343,-0.03470136597752571,0.5589922666549683,0.7064946293830872,-0.04612824693322182,0.6131138801574707,0.7251176238059998,-0.055790647864341736,0.5261813998222351,0.6649399995803833,-0.021576466038823128,0.6076088547706604,0.622645378112793,-0.047447510063648224,0.6624619960784912,0.6081042289733887,-0.06273216754198074,0.7110560536384583,0.598125696182251,-0.07035946100950241,0.545038640499115,0.7184329032897949,-0.02656402811408043,0.6280292868614197,0.6724308729171753,-0.05886711925268173,0.6913509964942932,0.64918053150177,-0.07716114073991776,0.7453205585479736,0.6353301405906677,-0.08414702117443085,0.551196813583374,0.7821153998374939,-0.03422471135854721,0.5727037787437439,0.7682819366455078,-0.07687589526176453,0.5103487372398376,0.7846654653549194,-0.07810770720243454,0.4637067914009094,0.8004445433616638,-0.06429283320903778,0.5498443245887756,0.8440949320793152,-0.04370950534939766,0.56270432472229,0.8215796947479248,-0.07349280267953873,0.5163858532905579,0.8306664228439331,-0.06611949950456619,0.4806212782859802,0.8417737483978271,-0.05142742395401001
0.4087141752243042,0.8788350820541382,9.39835501867492e-07,0.41582879424095154,0.7861764430999756,-0.023699389770627022,0.48386234045028687,0.7098286151885986,-0.03367261961102486,0.5602149963378906,0.7048104405403137,-0.044815145432949066,0.6140766143798828,0.7255480289459229,-0.05435144528746605,0.5269021391868591,0.665917158126831,-0.020787617191672325,0.6081411838531494,0.6230752468109131,-0.04605234041810036,0.6630028486251831,0.6082896590232849,-0.0610104575753212,0.7116760611534119,0.5982610583305359,-0.06849871575832367,0.5455107092857361,0.7187840342521667,-0.02582944929599762,0.6280848979949951,0.6720409989356995,-0.05705975741147995,0.6913682222366333,0.6491471529006958,-0.07471468299627304,0.7452959418296814,0.636025607585907,-0.08142098039388657,0.5513937473297119,0.7821149230003357,-0.033522699028253555,0.5732900500297546,0.7677377462387085,-0.07505694776773453,0.5112442970275879,0.7844449877738953,-0.07608088850975037,0.4644618630409241,0.8006443977355957,-0.06237700954079628,0.5497100353240967,0.8440225124359131,-0.04305107519030571,0.563068687915802,0.8210325837135315,-0.07199500501155853,0.5174862742424011,0.8299922347068787,-0.06451117247343063,0.48188236355781555,0.8411257266998291,-0.04994846135377884
0.40784594416618347,0.8801548480987549,9.483031817580923e-07,0.4120230972766876,0.7892048954963684,-0.025050373747944832,0.4770878851413727,0.7125027775764465,-0.03559885546565056,0.5530143976211548,0.7044158577919006,-0.04685109481215477,0.6062577962875366,0.7215031385421753,-0.05625919997692108,0.523890495300293,0.6639735102653503,-0.0229866374284029,0.6061500310897827,0.6220734715461731,-0.049333665519952774,0.6615467667579651,0.6071446537971497,-0.06494145095348358,0.7107951641082764,0.5967951416969299,-0.07274715602397919,0.5437389612197876,0.7170348167419434,-0.027481041848659515,0.6273933053016663,0.670967698097229,-0.06020952761173248,0.6912310123443604,0.6483038067817688,-0.07858692109584808,0.7451711893081665,0.6347000598907471,-0.08545978367328644,0.5511050224304199,0.780232846736908,-0.03451736271381378,0.572695255279541,0.7684720158576965,-0.07733272016048431,0.5103925466537476,0.7849137783050537,-0.07837741076946259,0.46296796202659607,0.7995464205741882,-0.06439930200576782,0.5503582954406738,0.8414040207862854,-0.04350847378373146,0.5611435174942017,0.8232204914093018,-0.07402270287275314,0.5131931304931641,0.8329755663871765,-0.06706921756267548,0.47528237104415894,0.842452883720398,-0.052394017577171326
0.40762436389923096,0.8813426494598389,9.565592336002737e-07,0.4116566777229309,0.7900463938713074,-0.0249303188174963,0.47637543082237244,0.7120266556739807,-0.03586558997631073,0.551118791103363,0.7028303742408752,-0.04759744927287102,0.6046971678733826,0.720807671546936,-0.05753622576594353,0.5235443711280823,0.6662663221359253,-0.023572850972414017,0.6058942675590515,0.6232292056083679,-0.05033528432250023,0.6614685654640198,0.6078593730926514,-0.06606055051088333,0.7110805511474609,0.5975643992424011,-0.07384177297353745,0.5431088209152222,0.718421995639801,-0.028167888522148132,0.6269159317016602,0.6717576384544373,-0.061177778989076614,0.6911325454711914,0.6494519710540771,-0.07929027825593948,0.7453979849815369,0.6366752982139587,-0.0858585312962532,0.5504681468009949,0.7809174656867981,-0.03525223210453987,0.5730715990066528,0.7695174217224121,-0.077963687479496,0.5110515356063843,0.7868508100509644,-0.07839547842741013,0.4637501835823059,0.8019959926605225,-0.06399235129356384,0.5496305227279663,0.8418954610824585,-0.04433717206120491,0.5615637898445129,0.8241685628890991,-0.07440939545631409,0.5143318176269531,0.8351066708564758,-0.0668419897556305,0.47667208313941956,0.8450835347175598,-0.05176231265068054
0.4073544442653656,0.8817124366760254,9.621036269891192e-07,0.4117957353591919,0.7906115055084229,-0.024842554703354836,0.47704195976257324,0.7127496600151062,-0.03547217696905136,0.5516160726547241,0.7032781839370728,-0.046855002641677856,0.6050801277160645,0.7212696671485901,-0.056471142917871475,0.523802638053894,0.6666377782821655,-0.022909322753548622,0.6061366200447083,0.6233395338058472,-0.04912036657333374,0.6615773439407349,0.6078483462333679,-0.06439021229743958,0.7110106945037842,0.5976314544677734,-0.07181548327207565,0.5429465770721436,0.7190300822257996,-0.02734556794166565,0.6271809339523315,0.672412633895874,-0.05986061319708824,0.6914568543434143,0.6496785879135132,-0.07780417799949646,0.7456521391868591,0.6367080807685852,-0.08424729108810425,0.549945592880249,0.7814977765083313,-0.03429977968335152,0.5728068947792053,0.7700464725494385,-0.07700320333242416,0.5109495520591736,0.787440299987793,-0.07802262157201767,0.4636286497116089,0.8027499318122864,-0.06394150108098984,0.548997163772583,0.8421744108200073,-0.043165478855371475,0.5614206194877625,0.82403564453125,-0.07328464835882187,0.5141119360923767,0.8351256847381592,-0.06602463871240616,0.4763851463794708,0.8453314900398254,-0.051157549023628235
0.4068025052547455,0.879897952079773,9.5747304840188e-07,0.41577234864234924,0.7898579835891724,-0.023782888427376747,0.4834376275539398,0.7148578763008118,-0.033508431166410446,0.5569286346435547,0.7087594270706177,-0.044389232993125916,0.606599748134613,0.7315695881843567,-0.053708404302597046,0.525349497795105,0.6651613712310791,-0.020013384521007538,0.6077706217765808,0.6233953237533569,-0.04530571401119232,0.6631536483764648,0.6091799139976501,-0.06039728596806526,0.711539089679718,0.5992057919502258,-0.06796261668205261,0.5444346070289612,0.7176516652107239,-0.024951815605163574,0.6286083459854126,0.6720679998397827,-0.05569601431488991,0.6926344037055969,0.6514252424240112,-0.07282022386789322,0.746458113193512,0.6393100023269653,-0.07884039729833603,0.5509759187698364,0.7813330292701721,-0.032584838569164276,0.5740480422973633,0.7688450217247009,-0.07331262528896332,0.5111345052719116,0.7867633104324341,-0.07405853271484375,0.4636693596839905,0.8025131821632385,-0.06012944132089615,0.5492490530014038,0.8434990644454956,-0.04219583421945572,0.5588563680648804,0.8256580233573914,-0.0708240419626236,0.5124644637107849,0.8355041146278381,-0.06382431834936142,0.4775720238685608,0.8467622399330139,-0.04944673180580139
0.4073486328125,0.8795018792152405,9.552787787470152e-07,0.41633176803588867,0.7886832356452942,-0.02333637699484825,0.4835491478443146,0.7128642201423645,-0.03298993408679962,0.5568965673446655,0.7073023319244385,-0.04394545406103134,0.6071261763572693,0.7316992878913879,-0.053379133343696594,0.5256028771400452,0.6648660898208618,-0.019898423925042152,0.607718288898468,0.6229376792907715,-0.04496128484606743,0.6629214882850647,0.6088113784790039,-0.059794869273900986,0.7111902236938477,0.5990735292434692,-0.06710987538099289,0.5443313717842102,0.7180396914482117,-0.024985607713460922,0.6285738945007324,0.6720455288887024,-0.055546361953020096,0.6927943229675293,0.6507875323295593,-0.07259839028120041,0.7464680075645447,0.6385279297828674,-0.0785786584019661,0.5507684350013733,0.7817239165306091,-0.03273319825530052,0.5731817483901978,0.7697092294692993,-0.07353188842535019,0.5107396245002747,0.7874370813369751,-0.07461873441934586,0.463067889213562,0.8030977249145508,-0.060809426009655,0.5490896701812744,0.8433915376663208,-0.04237901419401169,0.5589187741279602,0.8250605463981628,-0.07101758569478989,0.5121560096740723,0.8345171213150024,-0.06408270448446274,0.4760453701019287,0.845177412033081,-0.04973554238677025
0.4048364758491516,0.8808420896530151,9.753611038831878e-07,0.41187041997909546,0.7882909774780273,-0.0245940200984478,0.4749719500541687,0.7149820327758789,-0.036873187869787216,0.5489012002944946,0.7065573930740356,-0.05056389421224594,0.6009922623634338,0.7223336100578308,-0.06253673136234283,0.5246472954750061,0.6664351224899292,-0.021912379190325737,0.6060203313827515,0.6236384510993958,-0.049829933792352676,0.6615617871284485,0.6087201833724976,-0.06704258918762207,0.7113572359085083,0.5983441472053528,-0.07598814368247986,0.5439639687538147,0.7191338539123535,-0.027532028034329414,0.627723217010498,0.6740593910217285,-0.06243820860981941,0.6918652057647705,0.6520569920539856,-0.08231157064437866,0.7471206188201904,0.6393676400184631,-0.08993262052536011,0.5499715209007263,0.7835413217544556,-0.035659074783325195,0.5727345943450928,0.7686893939971924,-0.07956565916538239,0.5087127089500427,0.7840407490730286,-0.07970309257507324,0.46143752336502075,0.8001978397369385,-0.06473933905363083,0.5479448437690735,0.8475034832954407,-0.04575926810503006,0.5604029893875122,0.8244184851646423,-0.07597813755273819,0.515496015548706,0.8324074745178223,-0.06775105744600296,0.48166459798812866,0.8427033424377441,-0.0520283542573452
0.4056957960128784,0.8794698715209961,9.687232704891358e-07,0.41397911310195923,0.7867969870567322,-0.02453264407813549,0.47912976145744324,0.7136306166648865,-0.03573015704751015,0.5544935464859009,0.7076895236968994,-0.048265013843774796,0.6078948378562927,0.7257989048957825,-0.05901525914669037,0.5251660346984863,0.6661505699157715,-0.02094038389623165,0.6066845059394836,0.6230059862136841,-0.047947291284799576,0.6619688868522644,0.60853511095047,-0.06401395797729492,0.7112533450126648,0.5986956357955933,-0.07200386375188828,0.544255256652832,0.7189170718193054,-0.026112893596291542,0.6277657747268677,0.6736416816711426,-0.059589531272649765,0.691813588142395,0.6511181592941284,-0.0783700942993164,0.7464379668235779,0.6379683017730713,-0.08524637669324875,0.5498487949371338,0.7829944491386414,-0.033998023718595505,0.5719591975212097,0.7692809104919434,-0.07744091749191284,0.5083640217781067,0.7851599454879761,-0.07830758392810822,0.4608325958251953,0.801063597202301,-0.06373025476932526,0.5473787188529968,0.846310555934906,-0.043812308460474014,0.5591378808021545,0.8254295587539673,-0.07399660348892212,0.5139626860618591,0.8330607414245605,-0.06660013645887375,0.4793362319469452,0.8427279591560364,-0.051448434591293335
0.4055998623371124,0.8799958229064941,9.693339961813763e-07,0.4133017659187317,0.7868054509162903,-0.02488720789551735,0.47747838497161865,0.713377058506012,-0.03670705854892731,0.5527592897415161,0.7067015171051025,-0.049853406846523285,0.6061539053916931,0.7247313261032104,-0.06128789111971855,0.5243070721626282,0.6663395166397095,-0.021929509937763214,0.606063723564148,0.6232594847679138,-0.04957326501607895,0.6616733074188232,0.6086610555648804,-0.0662401020526886,0.7114084959030151,0.5987555384635925,-0.07464521378278732,0.5435042381286621,0.7193202972412109,-0.027146201580762863,0.627407431602478,0.6737495064735413,-0.06134587898850441,0.6915318965911865,0.6514095664024353,-0.08054733276367188,0.7463962435722351,0.6385576725006104,-0.08768564462661743,0.5494686365127563,0.7834636569023132,-0.03500325232744217,0.5724149942398071,0.7687508463859558,-0.07891473919153214,0.5088421702384949,0.7848647236824036,-0.07940977811813354,0.4614102244377136,0.8012701272964478,-0.06450331956148148,0.5474677681922913,0.8469364643096924,-0.044809918850660324,0.5603672862052917,0.8241173028945923,-0.0751417949795723,0.5151476860046387,0.8318595886230469,-0.06719162315130234,0.4801996946334839,0.8418888449668884,-0.05158975347876549
0.4052802324295044,0.8793848752975464,9.618728427085443e-07,0.41267403960227966,0.7876600623130798,-0.02446090057492256,0.47773170471191406,0.713384747505188,-0.03604894503951073,0.5529124736785889,0.7065175771713257,-0.04883559048175812,0.6062242388725281,0.7238883972167969,-0.05986406281590462,0.5230785608291626,0.6653390526771545,-0.023237496614456177,0.6051937937736511,0.6221414804458618,-0.050852853804826736,0.6604748964309692,0.6071626543998718,-0.06722060590982437,0.7096972465515137,0.5971258282661438,-0.0753093883395195,0.5424273610115051,0.7184577584266663,-0.028590159490704536,0.6263327598571777,0.6720837354660034,-0.06274392455816269,0.6906900405883789,0.6490890383720398,-0.08197683095932007,0.7453855276107788,0.635668933391571,-0.08917771279811859,0.5490983724594116,0.7821639180183411,-0.03645063191652298,0.5699764490127563,0.7695658206939697,-0.08035098761320114,0.5064399838447571,0.7860203981399536,-0.08151514083147049,0.45859527587890625,0.8013827800750732,-0.06722325831651688,0.5473420023918152,0.8439051508903503,-0.046186670660972595,0.5569937229156494,0.8237419724464417,-0.07694430649280548,0.5096217393875122,0.8317587375640869,-0.06975985318422318,0.47286880016326904,0.8408499360084534,-0.05475984886288643
0.4053051173686981,0.8793261051177979,9.552493338560453e-07,0.4128004312515259,0.7868747711181641,-0.024441689252853394,0.4793882966041565,0.7112041711807251,-0.03553633764386177,0.5548105239868164,0.7052550315856934,-0.04775155708193779,0.6083332896232605,0.7248715758323669,-0.05836007744073868,0.5232225060462952,0.6662458181381226,-0.023223746567964554,0.6051401495933533,0.6221594214439392,-0.05036751925945282,0.6606443524360657,0.6075856685638428,-0.06643519550561905,0.7103617787361145,0.5981623530387878,-0.07435885071754456,0.5423399806022644,0.7190538048744202,-0.028261860832571983,0.6258003115653992,0.6720151305198669,-0.061190441250801086,0.6901525855064392,0.6495102047920227,-0.0794997289776802,0.7451453804969788,0.6366667747497559,-0.08624841272830963,0.5488575100898743,0.782318651676178,-0.03588118404150009,0.5706852674484253,0.7686739563941956,-0.07894085347652435,0.5070323348045349,0.7855086326599121,-0.08006486296653748,0.45877447724342346,0.8013594746589661,-0.06596025824546814,0.5470441579818726,0.8439319729804993,-0.04541947320103645,0.5575310587882996,0.823167085647583,-0.07587845623493195,0.5101574659347534,0.8312793970108032,-0.0688808411359787,0.4732198417186737,0.840692937374115,-0.05416291207075119
0.4050629138946533,0.8794762492179871,9.541115559841273e-07,0.4125467538833618,0.7865914702415466,-0.02457190491259098,0.47960150241851807,0.710923969745636,-0.03559198975563049,0.5553542971611023,0.7051281929016113,-0.04772966727614403,0.6087661981582642,0.7249903678894043,-0.05825364962220192,0.5231640934944153,0.6664139628410339,-0.023017456755042076,0.6049159169197083,0.622151792049408,-0.05011408030986786,0.6604196429252625,0.6074497699737549,-0.06616665422916412,0.7100327014923096,0.5980063080787659,-0.0740768238902092,0.5422712564468384,0.7192777395248413,-0.027988815680146217,0.625730574131012,0.6722151041030884,-0.06086071580648422,0.6901066303253174,0.6495160460472107,-0.07913397252559662,0.7450296878814697,0.6365835666656494,-0.08584432303905487,0.5486920475959778,0.7825303077697754,-0.03559966757893562,0.570823609828949,0.76891028881073,-0.07867522537708282,0.507209837436676,0.7856221795082092,-0.07977387309074402,0.4589308500289917,0.8013290166854858,-0.06561077386140823,0.5467872023582458,0.8441967964172363,-0.045149367302656174,0.558153510093689,0.82325679063797,-0.07564862072467804,0.5109215378761292,0.8312705755233765,-0.06861770153045654,0.4739192724227905,0.8405765891075134,-0.05384669080376625
0.40457966923713684,0.8776999115943909,9.591100251782336e-07,0.41242289543151855,0.7866129875183105,-0.02498072013258934,0.47709786891937256,0.713114321231842,-0.037048812955617905,0.5527423024177551,0.7059639096260071,-0.05022880434989929,0.6076032519340515,0.7228826880455017,-0.06175865978002548,0.5218384861946106,0.665608286857605,-0.024214614182710648,0.6034973859786987,0.6215478181838989,-0.05227634310722351,0.6590994596481323,0.6067305207252502,-0.06890355050563812,0.7087472677230835,0.5970456600189209,-0.07711810618638992,0.5415557622909546,0.7183069586753845,-0.029408808797597885,0.6252177953720093,0.6717063784599304,-0.06290191411972046,0.6897474527359009,0.6488597989082336,-0.08161482959985733,0.7445546388626099,0.635745644569397,-0.088639035820961,0.5480079054832458,0.781760036945343,-0.03725054860115051,0.5690005421638489,0.7677881717681885,-0.0809694156050682,0.5061756372451782,0.7823675274848938,-0.08263057470321655,0.4585350751876831,0.7970342636108398,-0.06889913976192474,0.5459221601486206,0.8432477712631226,-0.046996600925922394,0.5552520155906677,0.8229022026062012,-0.07783927768468857,0.5085766315460205,0.8304855227470398,-0.0711282417178154,0.4720909595489502,0.8402706980705261,-0.056594397872686386
0.4052942097187042,0.877517819404602,9.55842438088439e-07,0.41184568405151367,0.7861375212669373,-0.02483251877129078,0.4776671230792999,0.711931586265564,-0.03662266582250595,0.5541229248046875,0.7056398391723633,-0.04947621375322342,0.6092313528060913,0.72331702709198,-0.06067892909049988,0.5222635269165039,0.6663835048675537,-0.024286828935146332,0.603751540184021,0.6220139265060425,-0.05211395025253296,0.659483015537262,0.6071029305458069,-0.06853928416967392,0.7092384696006775,0.5978274345397949,-0.07662177830934525,0.5417841672897339,0.7190467119216919,-0.02937331236898899,0.6247506141662598,0.6723207831382751,-0.06295209378004074,0.6891152262687683,0.649218738079071,-0.08171619474887848,0.7438595294952393,0.6363171935081482,-0.08877686411142349,0.5481877326965332,0.7821413278579712,-0.03703956678509712,0.5690896511077881,0.7680162191390991,-0.08063016831874847,0.5061585307121277,0.7828453779220581,-0.08196009695529938,0.4583547115325928,0.7977960109710693,-0.06801661849021912,0.5465224385261536,0.8431825637817383,-0.04660051688551903,0.5567522048950195,0.822070300579071,-0.0772944763302803,0.5101650357246399,0.8303810954093933,-0.07024624943733215,0.47373533248901367,0.8406193256378174,-0.05546433851122856
0.4058859050273895,0.8779151439666748,9.523624271423614e-07,0.4136131703853607,0.7857857346534729,-0.0240447036921978,0.4804861843585968,0.7116071581840515,-0.03436146676540375,0.5553730726242065,0.7059322595596313,-0.04569094628095627,0.6074396967887878,0.7238798141479492,-0.05520717799663544,0.5236114263534546,0.6635594964027405,-0.02209322527050972,0.6050372123718262,0.6210461854934692,-0.048765093088150024,0.6601825952529907,0.6066344976425171,-0.06461364775896072,0.7088499665260315,0.5967674255371094,-0.07233462482690811,0.5427560806274414,0.7167055606842041,-0.02708755061030388,0.6252522468566895,0.6716793775558472,-0.05960487574338913,0.6885818839073181,0.6489793062210083,-0.0779227614402771,0.7425289750099182,0.6354959607124329,-0.0845191478729248,0.549125611782074,0.7803744077682495,-0.03465845063328743,0.5687724947929382,0.7687779664993286,-0.07670728862285614,0.507071852684021,0.7842720746994019,-0.078084796667099,0.4607970416545868,0.7991943359375,-0.06424470990896225,0.5474513173103333,0.8422989249229431,-0.04412763938307762,0.556638240814209,0.8238339424133301,-0.07294010370969772,0.5110887289047241,0.8317857980728149,-0.06567174196243286,0.4766942858695984,0.8419491052627563,-0.05088449642062187
0.40608349442481995,0.8779338598251343,9.646648777561495e-07,0.41396260261535645,0.786658763885498,-0.024283329024910927,0.4802641272544861,0.7119423747062683,-0.03481606766581535,0.555259108543396,0.7057865262031555,-0.046373020857572556,0.6072173118591309,0.7252253890037537,-0.05615382269024849,0.5235256552696228,0.6625305414199829,-0.02202705852687359,0.6053460836410522,0.620772123336792,-0.04871135577559471,0.6608104705810547,0.6067012548446655,-0.06480292230844498,0.709797739982605,0.5970311164855957,-0.0728982612490654,0.5429049730300903,0.7159258127212524,-0.02705499343574047,0.6260789632797241,0.6705977320671082,-0.05960381031036377,0.6899467706680298,0.6487356424331665,-0.07811398059129715,0.7444602847099304,0.6359500885009766,-0.08504438400268555,0.5494102835655212,0.7800899147987366,-0.03465455770492554,0.5697280168533325,0.7684579491615295,-0.07662492245435715,0.5074731707572937,0.7837198376655579,-0.07784894108772278,0.4607374370098114,0.7983702421188354,-0.06410320103168488,0.547494649887085,0.841987133026123,-0.0442165806889534,0.5566236972808838,0.8238013386726379,-0.07311265915632248,0.5110687017440796,0.8315274715423584,-0.06588365137577057,0.4765307605266571,0.8413054943084717,-0.05127401649951935
0.40596508979797363,0.8779669404029846,9.655948360887123e-07,0.413804829120636,0.7868248224258423,-0.02426213026046753,0.4798170328140259,0.7119297385215759,-0.03488925099372864,0.5544491410255432,0.7056128978729248,-0.046571582555770874,0.6059277653694153,0.7251319289207458,-0.05652651935815811,0.5235754251480103,0.662220299243927,-0.022275734692811966,0.6054706573486328,0.6206350326538086,-0.04903945326805115,0.6609525084495544,0.6065117120742798,-0.06522425264120102,0.7099078893661499,0.5967618227005005,-0.07343155890703201,0.542961061000824,0.7156379818916321,-0.027402369305491447,0.6261920928955078,0.6703647375106812,-0.060075610876083374,0.6900948286056519,0.6488351225852966,-0.0786202922463417,0.7445257306098938,0.6363609433174133,-0.0855913907289505,0.5494887232780457,0.7799757122993469,-0.03506990894675255,0.5699825286865234,0.7684724926948547,-0.0770975798368454,0.5075472593307495,0.7838204503059387,-0.07821795344352722,0.4606515169143677,0.7983649373054504,-0.06444782763719559,0.5475265979766846,0.8420808911323547,-0.04470508545637131,0.5566570162773132,0.8240700960159302,-0.07375206798315048,0.5108219385147095,0.8320170640945435,-0.06649955362081528,0.475974977016449,0.8417258262634277,-0.051879290491342545
0.40485644340515137,0.8774201273918152,9.537329788145144e-07,0.41317546367645264,0.7853125333786011,-0.023736588656902313,0.48175048828125,0.7082906365394592,-0.03342444449663162,0.5567327737808228,0.7023998498916626,-0.04420296475291252,0.6091576218605042,0.7249641418457031,-0.05348945036530495,0.5237298011779785,0.6615519523620605,-0.02086035907268524,0.6048543453216553,0.6196152567863464,-0.046292006969451904,0.659696638584137,0.6056276559829712,-0.06159686669707298,0.7087180614471436,0.5959405899047852,-0.06950455158948898,0.5430399179458618,0.7149583101272583,-0.0258525088429451,0.6258288025856018,0.6697054505348206,-0.05687931925058365,0.6895216107368469,0.6485332250595093,-0.07463015615940094,0.7442542314529419,0.6367436647415161,-0.08143392950296402,0.5493828654289246,0.778968870639801,-0.03346380591392517,0.5704252123832703,0.764452338218689,-0.07473453879356384,0.5062397718429565,0.7799807190895081,-0.07641851156949997,0.4585351347923279,0.7949954867362976,-0.063404880464077,0.5473967790603638,0.8406535387039185,-0.04298548027873039,0.5538021922111511,0.8196114301681519,-0.07252451032400131,0.5049559473991394,0.8268043994903564,-0.06645028293132782,0.46875643730163574,0.8358163833618164,-0.05290226638317108
0.40429532527923584,0.8773163557052612,9.471820590079005e-07,0.41365915536880493,0.784386396408081,-0.023457953706383705,0.4834516942501068,0.7068865299224854,-0.03266707435250282,0.5585899949073792,0.7016838192939758,-0.04299898073077202,0.6109808683395386,0.7256419658660889,-0.05180402100086212,0.5238205194473267,0.6621361970901489,-0.020058523863554,0.6050556898117065,0.6195952892303467,-0.045083899050951004,0.6597667932510376,0.6055373549461365,-0.06005023419857025,0.7087993621826172,0.5957430601119995,-0.0676972046494484,0.5428585410118103,0.7150881886482239,-0.024871451780200005,0.6255925893783569,0.6698760986328125,-0.055484332144260406,0.6892950534820557,0.6488378643989563,-0.07293222844600677,0.7439358234405518,0.6373807191848755,-0.07950400561094284,0.5492488145828247,0.7786145806312561,-0.032349299639463425,0.570622980594635,0.7649925947189331,-0.07315356284379959,0.5064551830291748,0.7809152603149414,-0.07479102164506912,0.45850908756256104,0.7961243391036987,-0.06174108758568764,0.5478858351707458,0.8401079177856445,-0.041750337928533554,0.5544017553329468,0.8198803663253784,-0.07070855051279068,0.5055598020553589,0.8271765112876892,-0.06457997858524323,0.4694512188434601,0.8362767696380615,-0.05106110870838165
0.4025598466396332,0.8767938613891602,9.602576938050333e-07,0.4121994376182556,0.7840138673782349,-0.023795919492840767,0.4787093698978424,0.7095721960067749,-0.03484834358096123,0.553476095199585,0.7035945057868958,-0.04703328013420105,0.6063559055328369,0.7233132123947144,-0.05786222219467163,0.5231629610061646,0.6628569960594177,-0.022330688312649727,0.6042252779006958,0.6217283606529236,-0.04916086420416832,0.6593528389930725,0.6074654459953308,-0.06550786644220352,0.7088360786437988,0.597812294960022,-0.07384572178125381,0.5420475602149963,0.7167559862136841,-0.02773418091237545,0.6258519887924194,0.671088695526123,-0.06009785458445549,0.6900351643562317,0.6497859954833984,-0.07871785759925842,0.7451901435852051,0.6380294561386108,-0.08589541912078857,0.5481473207473755,0.7816131711006165,-0.03553842380642891,0.5683014988899231,0.7661806344985962,-0.07807756960391998,0.5042207837104797,0.7803898453712463,-0.07978170365095139,0.45650455355644226,0.7953152656555176,-0.06641234457492828,0.5456120371818542,0.8440067768096924,-0.04512643814086914,0.5526872277259827,0.820249080657959,-0.07485604286193848,0.504877507686615,0.8274561166763306,-0.06779013574123383,0.4691464900970459,0.8376466035842896,-0.05333460122346878
0.40233945846557617,0.8769531846046448,9.482862424192717e-07,0.4123508632183075,0.7835787534713745,-0.023480424657464027,0.4797162413597107,0.7097787857055664,-0.0336422324180603,0.5545762777328491,0.7051083445549011,-0.044948555529117584,0.6078811883926392,0.7241964936256409,-0.054763663560152054,0.5228731632232666,0.6639965772628784,-0.020568186417222023,0.6036555767059326,0.6224353313446045,-0.046713683754205704,0.6581549644470215,0.6074855327606201,-0.062230631709098816,0.7070664167404175,0.5969181060791016,-0.06985772401094437,0.5414355993270874,0.717831015586853,-0.025830455124378204,0.625275194644928,0.6721053719520569,-0.05774126946926117,0.6887456774711609,0.6494817137718201,-0.07610394805669785,0.7435259819030762,0.6360142230987549,-0.08294153958559036,0.5471157431602478,0.7823320031166077,-0.03361969441175461,0.5674220323562622,0.7663770914077759,-0.07640601694583893,0.503734827041626,0.7812308669090271,-0.07858783006668091,0.4567992389202118,0.7963727712631226,-0.06521667540073395,0.5446991920471191,0.8446053862571716,-0.04304945468902588,0.5522450804710388,0.820611834526062,-0.07267696410417557,0.5043097734451294,0.8277967572212219,-0.06574436277151108,0.46907755732536316,0.8380172252655029,-0.05128030478954315
0.40254080295562744,0.8763267993927002,9.464054642194242e-07,0.41273415088653564,0.7824872136116028,-0.023149097338318825,0.4805290102958679,0.7085099816322327,-0.032819755375385284,0.5553745627403259,0.7043371200561523,-0.043743811547756195,0.6085354685783386,0.724186360836029,-0.053180031478405,0.5232787132263184,0.6640896797180176,-0.01951378397643566,0.6037768125534058,0.6219620108604431,-0.045265499502420425,0.6580998301506042,0.6070129871368408,-0.06050623208284378,0.7068190574645996,0.5966342687606812,-0.06791079789400101,0.5418931841850281,0.717974841594696,-0.02478628233075142,0.6252168416976929,0.6724788546562195,-0.05637727677822113,0.6886357665061951,0.6496455669403076,-0.07468648254871368,0.7431734800338745,0.6360955834388733,-0.08145815134048462,0.5476107001304626,0.7821586728096008,-0.032657839357852936,0.5673094391822815,0.7669453620910645,-0.07521223276853561,0.5038300156593323,0.7815520167350769,-0.07776888459920883,0.4568139612674713,0.7964138984680176,-0.06463266909122467,0.5453405380249023,0.8439921140670776,-0.04215489700436592,0.5529748797416687,0.8207279443740845,-0.07161920517683029,0.5051223635673523,0.8277652859687805,-0.06493330001831055,0.4697117507457733,0.8376123309135437,-0.05065631493926048
0.4044400453567505,0.87580406665802,9.502195439381467e-07,0.4161005914211273,0.7833840847015381,-0.022710828110575676,0.48498469591140747,0.7104538083076477,-0.03288356959819794,0.5583370923995972,0.7059155702590942,-0.04457263648509979,0.6094791889190674,0.7272055149078369,-0.05478191003203392,0.5273815989494324,0.66778564453125,-0.020646054297685623,0.6096338033676147,0.6268436908721924,-0.04659143090248108,0.6646696925163269,0.6138061285018921,-0.06191181018948555,0.7132635116577148,0.6059689521789551,-0.06932908296585083,0.5436540246009827,0.7207611799240112,-0.026234403252601624,0.6274137496948242,0.6773853302001953,-0.05739293247461319,0.691195011138916,0.656705379486084,-0.07481887191534042,0.7455105781555176,0.6456279754638672,-0.0811203345656395,0.5475308299064636,0.7848780155181885,-0.034394893795251846,0.569261372089386,0.7707884907722473,-0.0760023221373558,0.5065457820892334,0.7831477522850037,-0.07764656096696854,0.4588106870651245,0.7960575222969055,-0.06427529454231262,0.5434276461601257,0.8471611142158508,-0.044288843870162964,0.5553105473518372,0.8253313899040222,-0.07338133454322815,0.5097615122795105,0.8303317427635193,-0.06639894098043442,0.4741051197052002,0.8381658792495728,-0.05205675587058067
0.404699444770813,0.8775747418403625,9.301985528509249e-07,0.4144749641418457,0.785220205783844,-0.022574972361326218,0.4835518002510071,0.7112241983413696,-0.032425425946712494,0.5579157471656799,0.7068939208984375,-0.043791573494672775,0.6087052822113037,0.7288293242454529,-0.05371673405170441,0.5261836647987366,0.6678481698036194,-0.020760562270879745,0.6079049706459045,0.6269403100013733,-0.04666079953312874,0.6624652743339539,0.6133502125740051,-0.06198772415518761,0.7111110687255859,0.6044252514839172,-0.06963145732879639,0.5438182950019836,0.7210668325424194,-0.026604998856782913,0.6279624104499817,0.6762506365776062,-0.058339208364486694,0.6916043758392334,0.6556416749954224,-0.07622957229614258,0.7458015084266663,0.6447165608406067,-0.08281245082616806,0.5485519170761108,0.7851400375366211,-0.034884605556726456,0.5701860785484314,0.7688981890678406,-0.07717180252075195,0.5064758658409119,0.7820069193840027,-0.07880666851997375,0.4586443603038788,0.7958779335021973,-0.06532417982816696,0.5451281070709229,0.8469972014427185,-0.04484681040048599,0.5540528297424316,0.8239054083824158,-0.07471718639135361,0.5067977905273438,0.8295038938522339,-0.06808581203222275,0.4711822271347046,0.83855801820755,-0.05391613394021988
0.4045393764972687,0.8800786137580872,9.406934395883582e-07,0.4132956564426422,0.7881086468696594,-0.02370196208357811,0.4792741537094116,0.7149388194084167,-0.03437020257115364,0.5550855994224548,0.7096776366233826,-0.046135060489177704,0.60784912109375,0.7281570434570312,-0.05642657354474068,0.5239003300666809,0.6672294735908508,-0.021723376587033272,0.6059198975563049,0.6264450550079346,-0.0482177808880806,0.6606510877609253,0.6121804714202881,-0.06390874832868576,0.7094643712043762,0.6019326448440552,-0.07183030247688293,0.5419691801071167,0.7206200957298279,-0.027010111138224602,0.6268473863601685,0.6760073304176331,-0.059657420963048935,0.6901748180389404,0.6549619436264038,-0.07809645682573318,0.7442589402198792,0.6423259377479553,-0.08508908748626709,0.5469552278518677,0.7849887013435364,-0.03473567217588425,0.570078432559967,0.7688809633255005,-0.07790730148553848,0.5072076320648193,0.7833058834075928,-0.07959955930709839,0.4608696401119232,0.7968845367431641,-0.0661371573805809,0.5435113906860352,0.8481535315513611,-0.04413462057709694,0.553058922290802,0.8246937990188599,-0.07498563081026077,0.5048039555549622,0.8312013149261475,-0.06855527311563492,0.468820184469223,0.8395992517471313,-0.054391007870435715
0.4046558439731598,0.8789745569229126,9.467557902098633e-07,0.412533164024353,0.7891963720321655,-0.023324303328990936,0.479127436876297,0.7150702476501465,-0.0343313105404377,0.5542835593223572,0.7079187631607056,-0.04643915966153145,0.6075350642204285,0.7255131006240845,-0.05713437497615814,0.5246171355247498,0.667995274066925,-0.023350734263658524,0.60695481300354,0.626807689666748,-0.04989698901772499,0.6622681021690369,0.6129260063171387,-0.0652926042675972,0.7114847302436829,0.6037420630455017,-0.07289352267980576,0.5421940684318542,0.7211489677429199,-0.02871406450867653,0.6268113851547241,0.6766627430915833,-0.0609750933945179,0.6901944875717163,0.6553943753242493,-0.07857376337051392,0.7442113161087036,0.6429095268249512,-0.08506123721599579,0.5470842719078064,0.7851677536964417,-0.036397241055965424,0.5696403980255127,0.7698144912719727,-0.07858552038669586,0.5064992904663086,0.7836769223213196,-0.07956010103225708,0.45989418029785156,0.7964943647384644,-0.06597535312175751,0.5439080595970154,0.8482814431190491,-0.04576488211750984,0.5531435012817383,0.8260897397994995,-0.07543650269508362,0.5045745372772217,0.8328660726547241,-0.06842195242643356,0.46844789385795593,0.8407188057899475,-0.05414970591664314
0.404386430978775,0.8785687685012817,9.418182571607758e-07,0.4130052924156189,0.7891213297843933,-0.023497335612773895,0.47959232330322266,0.7154462933540344,-0.03433503955602646,0.5549638271331787,0.7088651657104492,-0.04622017964720726,0.6084778904914856,0.7263851761817932,-0.05669107660651207,0.5243726372718811,0.6673640012741089,-0.022709185257554054,0.6064556837081909,0.6264709830284119,-0.04912072420120239,0.6615849137306213,0.6123530864715576,-0.06445809453725815,0.7105815410614014,0.6027053594589233,-0.07206659764051437,0.5421497821807861,0.7208430171012878,-0.02804400771856308,0.626981794834137,0.676141619682312,-0.06029375270009041,0.6903157234191895,0.6549065113067627,-0.0781668946146965,0.7443784475326538,0.642253041267395,-0.08481701463460922,0.5471699833869934,0.7851699590682983,-0.03574405983090401,0.5696272253990173,0.7689571380615234,-0.07834506034851074,0.5065354108810425,0.7831616401672363,-0.07975912094116211,0.46014732122421265,0.7964150905609131,-0.06633143126964569,0.5440658926963806,0.848193347454071,-0.04509321227669716,0.5524122714996338,0.8249290585517883,-0.07530668377876282,0.5034348964691162,0.831680417060852,-0.06864497065544128,0.4673406481742859,0.8399351835250854,-0.05451425537467003
0.402560293674469,0.8800054788589478,9.657020427766838e-07,0.41351568698883057,0.7831672430038452,-0.02361880987882614,0.4798506498336792,0.7112009525299072,-0.034993331879377365,0.5531985759735107,0.7063493132591248,-0.04769566282629967,0.6056475043296814,0.7264048457145691,-0.05887363478541374,0.5223226547241211,0.666053056716919,-0.020500972867012024,0.6035740971565247,0.6242214441299438,-0.04726095870137215,0.6582256555557251,0.6097457408905029,-0.0634639710187912,0.7068449854850769,0.5997560620307922,-0.07142037153244019,0.5402721166610718,0.7193540334701538,-0.02577117830514908,0.6252144575119019,0.6751206517219543,-0.0575290210545063,0.6887288093566895,0.6535807251930237,-0.07596266269683838,0.7432130575180054,0.6411410570144653,-0.08298595249652863,0.545575737953186,0.7831407189369202,-0.03373940661549568,0.5679795742034912,0.7686110138893127,-0.07587777078151703,0.5056641101837158,0.7827536463737488,-0.07846903800964355,0.45960623025894165,0.7971104979515076,-0.0655909925699234,0.5423729419708252,0.8451880812644958,-0.04339618980884552,0.5522679686546326,0.8210378885269165,-0.07246354967355728,0.5067941546440125,0.826259970664978,-0.06603731215000153,0.4726099967956543,0.8347557783126831,-0.052081238478422165
0.4027077555656433,0.8783461451530457,9.646929584050667e-07,0.4131441116333008,0.7836569547653198,-0.02261362038552761,0.47900962829589844,0.7108768820762634,-0.033828552812337875,0.5521183609962463,0.7041008472442627,-0.04645957797765732,0.6046061515808105,0.7238154411315918,-0.05759404972195625,0.5223833322525024,0.6675925254821777,-0.021651538088917732,0.6048038005828857,0.6251102685928345,-0.04864410683512688,0.6599388718605042,0.6107086539268494,-0.06451582908630371,0.7089340090751648,0.60170578956604,-0.07209161669015884,0.5395364165306091,0.7197508215904236,-0.027177663519978523,0.6244633197784424,0.6747545003890991,-0.05924226716160774,0.6883389949798584,0.6535343527793884,-0.07693210244178772,0.7426032423973083,0.6425831913948059,-0.0833812952041626,0.5447725057601929,0.7823893427848816,-0.03519504889845848,0.567863404750824,0.7693058252334595,-0.07706058770418167,0.5057759284973145,0.7834309339523315,-0.07873336225748062,0.45900386571884155,0.7977179288864136,-0.06540611386299133,0.5419260263442993,0.843563437461853,-0.044888172298669815,0.5524989366531372,0.8227671980857849,-0.07359237968921661,0.5076195597648621,0.8290043473243713,-0.06676848977804184,0.47355759143829346,0.8375523090362549,-0.052641186863183975
0.40238475799560547,0.877118706703186,9.60588636189641e-07,0.4139769673347473,0.7828375101089478,-0.02253018319606781,0.47941628098487854,0.7106919288635254,-0.03392545506358147,0.5520614385604858,0.7036390900611877,-0.04680180549621582,0.6039080023765564,0.723453938961029,-0.05821901932358742,0.5225921869277954,0.6675694584846497,-0.02178964391350746,0.604823648929596,0.6252631545066833,-0.04899013787508011,0.6597627997398376,0.6106944680213928,-0.0650847926735878,0.7085861563682556,0.6012778282165527,-0.07280658185482025,0.5394959449768066,0.7197479009628296,-0.02744249813258648,0.6244242787361145,0.6743547916412354,-0.059850357472896576,0.6880843639373779,0.6531478762626648,-0.07773280143737793,0.7421373128890991,0.641979455947876,-0.08423934876918793,0.5445960760116577,0.7825654745101929,-0.035519298166036606,0.568118155002594,0.7686365842819214,-0.07775799185037613,0.5062495470046997,0.7830716967582703,-0.07922480255365372,0.4594009518623352,0.7976752519607544,-0.06558843702077866,0.5415657162666321,0.8439552187919617,-0.04523790255188942,0.5531727075576782,0.8222912549972534,-0.07402960956096649,0.5085954070091248,0.8286188840866089,-0.06681588292121887,0.4743925631046295,0.8374773859977722,-0.052313271909952164
0.40394794940948486,0.8785943984985352,9.388793955622532e-07,0.4084356427192688,0.786507248878479,-0.024983273819088936,0.47415417432785034,0.7104786038398743,-0.03601015731692314,0.54843670129776,0.7035300731658936,-0.04757989943027496,0.601824939250946,0.7211338877677917,-0.05748552456498146,0.5207388997077942,0.6620991230010986,-0.023760052397847176,0.6032828688621521,0.6206977367401123,-0.04953031614422798,0.6576245427131653,0.6065741181373596,-0.06435895711183548,0.7061060070991516,0.5969271659851074,-0.07154510915279388,0.5389782190322876,0.7155383825302124,-0.027676602825522423,0.6234933137893677,0.6717805862426758,-0.05866137519478798,0.6860392689704895,0.6502411365509033,-0.0756065770983696,0.7405115365982056,0.6372493505477905,-0.0816456601023674,0.5450020432472229,0.7787606120109558,-0.034149475395679474,0.5669580698013306,0.7654275894165039,-0.07579632103443146,0.5034486055374146,0.779313325881958,-0.07788896560668945,0.456738144159317,0.792534351348877,-0.0649842694401741,0.5431287884712219,0.8405418992042542,-0.042393527925014496,0.5491514801979065,0.8193879723548889,-0.07236389815807343,0.5016329288482666,0.8251147270202637,-0.06688003987073898,0.466793954372406,0.8327349424362183,-0.05350358039140701
0.4029068946838379,0.8769488334655762,9.525543305244355e-07,0.4085472822189331,0.7867957353591919,-0.023861337453126907,0.4744071960449219,0.7114551663398743,-0.03473161906003952,0.5485512018203735,0.703218400478363,-0.04636957496404648,0.602290153503418,0.719104528427124,-0.05642933025956154,0.5216972827911377,0.662329912185669,-0.022904446348547935,0.6048150658607483,0.6208194494247437,-0.0486273318529129,0.6602970361709595,0.6071725487709045,-0.06369847059249878,0.7095928192138672,0.5982732772827148,-0.07118367403745651,0.5399971008300781,0.7142947316169739,-0.027437152341008186,0.6242883205413818,0.6705899834632874,-0.05748429149389267,0.6868776082992554,0.6507307291030884,-0.0738927498459816,0.7408159971237183,0.6400138735771179,-0.07997601479291916,0.5457869172096252,0.7772776484489441,-0.03449621796607971,0.5676745772361755,0.7636178731918335,-0.07420583069324493,0.5037660598754883,0.7769728899002075,-0.07548759877681732,0.4569483995437622,0.7902612090110779,-0.06298666447401047,0.5435425639152527,0.8394321799278259,-0.043464452028274536,0.5477110147476196,0.8211113810539246,-0.071599580347538,0.5007621645927429,0.8268767595291138,-0.06574264168739319,0.46726828813552856,0.8344014286994934,-0.052803900092840195
0.4027319550514221,0.8769080638885498,9.49415721152036e-07,0.4096479117870331,0.7857066988945007,-0.024144042283296585,0.4751415252685547,0.7107203602790833,-0.035399943590164185,0.5490092039108276,0.7027447819709778,-0.04743775352835655,0.6023570895195007,0.7198604941368103,-0.057911280542612076,0.5214202404022217,0.6622633934020996,-0.023608386516571045,0.6044905781745911,0.6207842826843262,-0.04978962242603302,0.6596916913986206,0.6066250205039978,-0.06507985293865204,0.7087730169296265,0.5973735451698303,-0.07259583473205566,0.5394754409790039,0.7146137356758118,-0.028071777895092964,0.6240959167480469,0.6702900528907776,-0.05871903523802757,0.6868711709976196,0.6500115990638733,-0.07538667321205139,0.7410433888435364,0.6391120553016663,-0.08148442953824997,0.5453763604164124,0.7778645157814026,-0.035013262182474136,0.5675122737884521,0.7640992403030396,-0.07542168349027634,0.5038875341415405,0.7773118019104004,-0.07668866962194443,0.4569879174232483,0.7909078001976013,-0.06382984668016434,0.5431734323501587,0.8401298522949219,-0.0438230000436306,0.5483809113502502,0.820702314376831,-0.07209416478872299,0.5019492506980896,0.8263481855392456,-0.06586459279060364,0.4684712290763855,0.8345714211463928,-0.052490245550870895
0.40113505721092224,0.8762917518615723,9.516187446934055e-07,0.4082154929637909,0.7867885828018188,-0.025802280753850937,0.47277480363845825,0.7135378122329712,-0.038715992122888565,0.5464166402816772,0.7042505741119385,-0.0519256666302681,0.6014907360076904,0.7158750891685486,-0.0636432096362114,0.5177919864654541,0.6606472730636597,-0.027027251198887825,0.6008595824241638,0.6187874674797058,-0.05486755445599556,0.6560779809951782,0.6045428514480591,-0.0711728036403656,0.7056097388267517,0.5944852828979492,-0.07912517338991165,0.5363132953643799,0.7133622169494629,-0.03121698461472988,0.6221402287483215,0.6686086058616638,-0.06309954822063446,0.6845647692680359,0.6479083299636841,-0.08022662252187729,0.7392193078994751,0.6355303525924683,-0.08641736209392548,0.542923092842102,0.7762455940246582,-0.0379253588616848,0.5641968846321106,0.7611738443374634,-0.08003681153059006,0.49996137619018555,0.7744739055633545,-0.08153010159730911,0.453971266746521,0.787973165512085,-0.06853650510311127,0.5418555736541748,0.8378336429595947,-0.04647579789161682,0.5470197796821594,0.8162022829055786,-0.07593337446451187,0.4986184537410736,0.8221186399459839,-0.06932075321674347,0.46463900804519653,0.8310353755950928,-0.055469926446676254
0.40135321021080017,0.8747350573539734,9.595340770829353e-07,0.40793168544769287,0.7867669463157654,-0.024926021695137024,0.472838431596756,0.7129040360450745,-0.03709257021546364,0.5458066463470459,0.7036117911338806,-0.049791835248470306,0.6001548171043396,0.7167472839355469,-0.06104349344968796,0.5191296339035034,0.6604461073875427,-0.02539129927754402,0.601646363735199,0.6188907027244568,-0.05251017585396767,0.6574100255966187,0.6052749752998352,-0.06838792562484741,0.7069292068481445,0.5966694951057434,-0.07604406774044037,0.5373515486717224,0.7129443287849426,-0.02983284369111061,0.6223582029342651,0.6687576770782471,-0.060785554349422455,0.685399055480957,0.6484899520874023,-0.07762206345796585,0.7401258945465088,0.6373583674430847,-0.0836634635925293,0.5434465408325195,0.7757773995399475,-0.03680572286248207,0.5639147758483887,0.7609009146690369,-0.07727068662643433,0.5006245970726013,0.7734638452529907,-0.07856374233961105,0.4554038345813751,0.7863578200340271,-0.06579220294952393,0.5419565439224243,0.8373786807060242,-0.045655034482479095,0.5468451976776123,0.8158017992973328,-0.07359422743320465,0.4993399679660797,0.8218551874160767,-0.06668714433908463,0.46612709760665894,0.8306300044059753,-0.05290297791361809
0.4011845588684082,0.874295711517334,9.53206722442701e-07,0.40779557824134827,0.7866611480712891,-0.02531013824045658,0.4729757308959961,0.713371217250824,-0.03782302886247635,0.5465517044067383,0.7040495276451111,-0.05071040242910385,0.6012085676193237,0.7162225246429443,-0.06211639568209648,0.5185349583625793,0.6604896783828735,-0.026906946673989296,0.6010512113571167,0.6186965107917786,-0.05458087846636772,0.6566845774650574,0.604679524898529,-0.07068562507629395,0.7062243223190308,0.5955975651741028,-0.07846315205097198,0.5371330380439758,0.7130866050720215,-0.03128430247306824,0.6221706867218018,0.6685285568237305,-0.0630686804652214,0.6851747035980225,0.6479241847991943,-0.08020621538162231,0.739913821220398,0.6363872289657593,-0.08635808527469635,0.5436174869537354,0.7759881019592285,-0.03810976818203926,0.564014732837677,0.7606803178787231,-0.07942173629999161,0.5004529356956482,0.7733896374702454,-0.08063696324825287,0.45482444763183594,0.7865744233131409,-0.06763910502195358,0.5425665378570557,0.8375670909881592,-0.046794597059488297,0.547359049320221,0.8156904578208923,-0.07527967542409897,0.4996408224105835,0.821835994720459,-0.06828633695840836,0.4662953019142151,0.8309900164604187,-0.05432291701436043
0.3993421792984009,0.8765819668769836,9.490474894846557e-07,0.4032220244407654,0.7869026064872742,-0.025581201538443565,0.4685909152030945,0.7100908160209656,-0.03743486478924751,0.5426755547523499,0.7000867128372192,-0.0497371181845665,0.5975816249847412,0.7133952975273132,-0.060512725263834,0.517705500125885,0.6574767231941223,-0.02455882914364338,0.600334882736206,0.6162802577018738,-0.05125240609049797,0.6557636260986328,0.6023778915405273,-0.06697281450033188,0.7046385407447815,0.5933634042739868,-0.07460660487413406,0.536293625831604,0.7116907238960266,-0.028749603778123856,0.6219324469566345,0.6671016216278076,-0.05975725129246712,0.6842897534370422,0.6458079814910889,-0.07671768963336945,0.7385236024856567,0.632800817489624,-0.08265464007854462,0.5419576168060303,0.7756929993629456,-0.035612206906080246,0.5641491413116455,0.759089469909668,-0.07720090448856354,0.5006935596466064,0.7731638550758362,-0.07871357351541519,0.45562314987182617,0.7866297364234924,-0.06550376862287521,0.5392233729362488,0.8376956582069397,-0.044298846274614334,0.5458766222000122,0.813468337059021,-0.07407146692276001,0.4971230626106262,0.8193815350532532,-0.06772316992282867,0.4626506268978119,0.8274571895599365,-0.053719863295555115
0.3987825810909271,0.8767935037612915,9.528685041004792e-07,0.4049949049949646,0.7877485156059265,-0.025106113404035568,0.46946781873703003,0.7121617794036865,-0.03686155751347542,0.5431849956512451,0.7013280391693115,-0.04921284317970276,0.5979147553443909,0.7143211960792542,-0.06007570028305054,0.5194976925849915,0.6575861573219299,-0.021969536319375038,0.6022741794586182,0.617128312587738,-0.04801194742321968,0.6577045321464539,0.6038145422935486,-0.06363210827112198,0.7068181037902832,0.5948324203491211,-0.07128725945949554,0.5373223423957825,0.711052417755127,-0.026189830154180527,0.6225554943084717,0.6664230823516846,-0.05622318387031555,0.6847490668296814,0.6461061239242554,-0.07286862283945084,0.7388606071472168,0.6343057751655579,-0.0788365826010704,0.5425935983657837,0.7752426266670227,-0.03318263217806816,0.566236674785614,0.7577033042907715,-0.07376847416162491,0.503291666507721,0.7713088989257812,-0.07549478113651276,0.4585447609424591,0.7851067781448364,-0.06280861794948578,0.5395357608795166,0.8380977511405945,-0.0420043058693409,0.5470029711723328,0.8133907914161682,-0.07070858031511307,0.4992721378803253,0.8190969824790955,-0.0643414556980133,0.46613839268684387,0.8278819918632507,-0.050680000334978104
0.39772331714630127,0.8778831362724304,9.529218800707895e-07,0.4052650034427643,0.7866575121879578,-0.025453465059399605,0.4697898030281067,0.7116504907608032,-0.037352368235588074,0.5435309410095215,0.701317548751831,-0.04999106377363205,0.5982537269592285,0.7151361703872681,-0.06112871691584587,0.5180625915527344,0.6573873162269592,-0.021170709282159805,0.6007441282272339,0.6164102554321289,-0.047596074640750885,0.6561857461929321,0.6025095582008362,-0.06361189484596252,0.7052222490310669,0.5930554866790771,-0.07150580734014511,0.5358636379241943,0.7109090685844421,-0.02547396533191204,0.6214865446090698,0.6660372614860535,-0.0558650866150856,0.6837674975395203,0.6456333994865417,-0.07281097024679184,0.738012433052063,0.6335313320159912,-0.07892300188541412,0.5412430167198181,0.7754902839660645,-0.032723043113946915,0.5657368898391724,0.7586154937744141,-0.07405024021863937,0.5027906894683838,0.7721889615058899,-0.0760112926363945,0.45802605152130127,0.7859412431716919,-0.06322748214006424,0.5381644368171692,0.8389813303947449,-0.04182391241192818,0.546847403049469,0.8142387270927429,-0.07111494988203049,0.4990532398223877,0.8198750019073486,-0.06479084491729736,0.46547791361808777,0.8287381529808044,-0.05100562795996666
0.39980775117874146,0.8705649971961975,9.385848329657165e-07,0.405292809009552,0.7891510128974915,-0.02744537964463234,0.46913889050483704,0.7150196433067322,-0.039311885833740234,0.5415033102035522,0.7026573419570923,-0.05094073340296745,0.5953078269958496,0.7101922631263733,-0.06085195392370224,0.5181517004966736,0.6554523706436157,-0.02444612979888916,0.6019836068153381,0.6137666702270508,-0.05038657411932945,0.6569008827209473,0.6011061668395996,-0.06496976315975189,0.7055820822715759,0.5927976369857788,-0.07168663293123245,0.5370198488235474,0.7076998949050903,-0.026915905997157097,0.6230362057685852,0.6628583669662476,-0.0576813630759716,0.6852481365203857,0.6437972784042358,-0.0739598497748375,0.7385291457176208,0.6328454613685608,-0.0793679729104042,0.5432978272438049,0.769399881362915,-0.03238099440932274,0.5672097206115723,0.7563701272010803,-0.07545147091150284,0.5055705904960632,0.7734783887863159,-0.07888566702604294,0.46110260486602783,0.7878378033638,-0.06689001619815826,0.5415083169937134,0.8291811347007751,-0.03961635008454323,0.5460838675498962,0.8127433061599731,-0.07222643494606018,0.4952978491783142,0.8230369091033936,-0.06859329342842102,0.4593602120876312,0.8326542377471924,-0.05633680894970894
0.39885249733924866,0.8701769113540649,9.264231266570278e-07,0.40423792600631714,0.7861203551292419,-0.026416586712002754,0.47107386589050293,0.7096145153045654,-0.0379146933555603,0.5451868772506714,0.6984350681304932,-0.04950699582695961,0.5980421304702759,0.7105624675750732,-0.05942739173769951,0.517087996006012,0.6574116349220276,-0.02509324997663498,0.6003073453903198,0.6154788732528687,-0.051587674766778946,0.6555005311965942,0.6013461351394653,-0.06680938601493835,0.7044866681098938,0.5925363302230835,-0.07427113503217697,0.5354331135749817,0.7094488143920898,-0.028542451560497284,0.6214096546173096,0.6631174087524414,-0.060339368879795074,0.6839554309844971,0.6431222558021545,-0.07723551243543625,0.7381371855735779,0.6327970027923584,-0.08324644714593887,0.541397213935852,0.7718849182128906,-0.034664589911699295,0.5688057541847229,0.756234347820282,-0.07725460827350616,0.5057168006896973,0.7726855278015137,-0.0783962607383728,0.46035829186439514,0.7876462936401367,-0.0650264322757721,0.5392918586730957,0.8327683210372925,-0.042664166539907455,0.5479507446289062,0.8120326995849609,-0.07400869578123093,0.49877530336380005,0.8213047981262207,-0.06835366040468216,0.4642302989959717,0.8312312364578247,-0.05489536002278328
0.399240106344223,0.867740273475647,9.152095117315184e-07,0.40359705686569214,0.7854030132293701,-0.02650560438632965,0.4717767536640167,0.7096930742263794,-0.03756755590438843,0.5468862652778625,0.6987974643707275,-0.04837391525506973,0.6009096503257751,0.710273265838623,-0.057443562895059586,0.5173885822296143,0.6574807167053223,-0.026362234726548195,0.6004002690315247,0.6147273778915405,-0.05212802067399025,0.6552474498748779,0.6007456183433533,-0.06631474196910858,0.7041445374488831,0.5919009447097778,-0.07302514463663101,0.536239504814148,0.7098108530044556,-0.029410576447844505,0.6216292381286621,0.6639248728752136,-0.0604403130710125,0.6838590502738953,0.6434594392776489,-0.0765807256102562,0.7379065752029419,0.632512092590332,-0.08211202919483185,0.5421032905578613,0.7719156742095947,-0.035062506794929504,0.5681962966918945,0.7562403678894043,-0.07722780108451843,0.5054895281791687,0.7724467515945435,-0.0787130743265152,0.46055325865745544,0.787601888179779,-0.06565967202186584,0.539982795715332,0.8319410681724548,-0.04252733290195465,0.547295331954956,0.8118833303451538,-0.07384297996759415,0.4981763958930969,0.8207514882087708,-0.0688110888004303,0.46413418650627136,0.8307400345802307,-0.055833201855421066
0.40631264448165894,0.8665422201156616,9.546250794301159e-07,0.414939284324646,0.7796973586082458,-0.0254850834608078,0.4788456857204437,0.7085491418838501,-0.03619774430990219,0.5515933036804199,0.6998435258865356,-0.04750895872712135,0.6063024997711182,0.7081930637359619,-0.05701145529747009,0.5268666744232178,0.6554593443870544,-0.01880890317261219,0.6099916696548462,0.6155171394348145,-0.04513876140117645,0.6653128266334534,0.6038715839385986,-0.06071453168988228,0.7138595581054688,0.597221851348877,-0.06790854036808014,0.5456902384757996,0.708034336566925,-0.02228655479848385,0.6292997002601624,0.6646476984024048,-0.05366639047861099,0.6924090385437012,0.6458319425582886,-0.07130745053291321,0.745262086391449,0.6359825134277344,-0.077207051217556,0.5507220029830933,0.7703436017036438,-0.029025278985500336,0.574877142906189,0.7562487125396729,-0.07293935120105743,0.5165920853614807,0.7736585140228271,-0.07777567952871323,0.4726155400276184,0.789873480796814,-0.06591098755598068,0.5471730828285217,0.8301974534988403,-0.0373355969786644,0.5542511940002441,0.8130471110343933,-0.07015370577573776,0.5087795853614807,0.8208755254745483,-0.06688845902681351,0.4747143089771271,0.8306742310523987,-0.05423574522137642
0.4043148159980774,0.8687599897384644,9.291599099015002e-07,0.4131709933280945,0.7819117903709412,-0.026786888018250465,0.47707274556159973,0.7107210159301758,-0.03868117183446884,0.5516724586486816,0.7006880044937134,-0.05075720325112343,0.6075832843780518,0.7094058990478516,-0.061243943870067596,0.5225543975830078,0.6547640562057495,-0.021863358095288277,0.6061070561408997,0.6151882410049438,-0.048871856182813644,0.6611834168434143,0.6024449467658997,-0.064720019698143,0.7096981406211853,0.5936683416366577,-0.0722402036190033,0.541692852973938,0.7076776027679443,-0.025109736248850822,0.6279333829879761,0.6635980606079102,-0.057194165885448456,0.6907174587249756,0.6456074714660645,-0.07481290400028229,0.7444812059402466,0.6352429389953613,-0.08086151629686356,0.5478308200836182,0.7709365487098694,-0.03136206418275833,0.5769476890563965,0.7535125017166138,-0.07667434215545654,0.516501784324646,0.7720001339912415,-0.08032312244176865,0.47234731912612915,0.7891279458999634,-0.0674481987953186,0.544892430305481,0.8321777582168579,-0.039114810526371,0.5549452900886536,0.8081003427505493,-0.07311571389436722,0.5066595673561096,0.8173101544380188,-0.06867857277393341,0.4715794324874878,0.8298364281654358,-0.05505882203578949
0.4042850732803345,0.8703939914703369,9.43617123994045e-07,0.4117951989173889,0.7844000458717346,-0.02689097821712494,0.4748992323875427,0.7117998003959656,-0.03835606575012207,0.5489344596862793,0.6999959945678711,-0.04985853657126427,0.6043485403060913,0.7069131731987,-0.05956043303012848,0.5224936008453369,0.6558405756950378,-0.02127055451273918,0.6065062880516052,0.6152550578117371,-0.04756508022546768,0.6618192195892334,0.6029484868049622,-0.06289591640233994,0.7102622985839844,0.5951780080795288,-0.07014673948287964,0.5415802597999573,0.7082738876342773,-0.02396828681230545,0.6269899606704712,0.664142370223999,-0.05534420534968376,0.6900102496147156,0.6457804441452026,-0.07272272557020187,0.7436255812644958,0.6359953284263611,-0.07873117923736572,0.5475388765335083,0.7711288332939148,-0.029751230031251907,0.5750340819358826,0.7546326518058777,-0.07390192151069641,0.515495777130127,0.7723878622055054,-0.0780346691608429,0.47139114141464233,0.7892699837684631,-0.06594083458185196,0.5447643995285034,0.8322392702102661,-0.037163637578487396,0.5523030757904053,0.8120025396347046,-0.07080434262752533,0.5052204728126526,0.8202470541000366,-0.06757793575525284,0.47087162733078003,0.8312284350395203,-0.05501909181475639
0.40806445479393005,0.8731294870376587,9.293793823417218e-07,0.41917622089385986,0.7855794429779053,-0.02516661211848259,0.4852842092514038,0.7163369059562683,-0.034291356801986694,0.5579766035079956,0.7076782584190369,-0.04392928257584572,0.6099777221679688,0.7163373231887817,-0.051415905356407166,0.5317591428756714,0.658870279788971,-0.01325168926268816,0.6147826910018921,0.6217344403266907,-0.03702082857489586,0.6690282821655273,0.6106325387954712,-0.05219227820634842,0.7162725925445557,0.6035667657852173,-0.060054220259189606,0.5493460893630981,0.7107573747634888,-0.01612350344657898,0.6332225203514099,0.6687690615653992,-0.04553666338324547,0.6962507963180542,0.6520686149597168,-0.06276477873325348,0.7497425079345703,0.6434584856033325,-0.06933773308992386,0.5533478260040283,0.7734269499778748,-0.022515786811709404,0.5859587788581848,0.7581741809844971,-0.06383287161588669,0.5281789302825928,0.7754132747650146,-0.06682799756526947,0.4843187928199768,0.790169894695282,-0.05496858060359955,0.5483121275901794,0.8348035216331482,-0.030779000371694565,0.5630666017532349,0.815650224685669,-0.0630410686135292,0.5189275145530701,0.8224020600318909,-0.059851109981536865,0.485247403383255,0.8300559520721436,-0.048006992787122726
0.40790292620658875,0.8721020221710205,9.406238632436725e-07,0.41862595081329346,0.7824013829231262,-0.025375500321388245,0.4851992130279541,0.7127146124839783,-0.03464731201529503,0.5589935779571533,0.7042331695556641,-0.04457860067486763,0.612452507019043,0.711891770362854,-0.05241968110203743,0.5314409136772156,0.6585515737533569,-0.014511466026306152,0.6149452924728394,0.6207101345062256,-0.03969424217939377,0.6700307130813599,0.6098296642303467,-0.05506971478462219,0.7181026339530945,0.6034541130065918,-0.06239587068557739,0.5496814846992493,0.7112106680870056,-0.017499219626188278,0.6348172426223755,0.6696197986602783,-0.04814085736870766,0.698077917098999,0.6523295044898987,-0.06570564955472946,0.751758873462677,0.6431732177734375,-0.07196198403835297,0.5539529323577881,0.7741207480430603,-0.02400805801153183,0.5823030471801758,0.7585171461105347,-0.06686723232269287,0.5243147015571594,0.7742685079574585,-0.07076188176870346,0.4811825156211853,0.788628876209259,-0.05872748792171478,0.5488401055335999,0.8349544405937195,-0.032273851335048676,0.5613556504249573,0.8149945735931396,-0.06435413658618927,0.5167502164840698,0.8211392760276794,-0.06069638580083847,0.48283374309539795,0.8284759521484375,-0.048202693462371826
0.40713268518447876,0.8714051246643066,9.326840313406137e-07,0.4181786775588989,0.7830743193626404,-0.025899119675159454,0.4843762218952179,0.7141197323799133,-0.03528691828250885,0.5579997897148132,0.7052261233329773,-0.04519128054380417,0.6116690635681152,0.7114294171333313,-0.05294686183333397,0.5314796566963196,0.6581664085388184,-0.01437174528837204,0.615010678768158,0.621012806892395,-0.03948941454291344,0.6699998378753662,0.6099388003349304,-0.05483246594667435,0.7179915904998779,0.6032449007034302,-0.06217215955257416,0.5498054027557373,0.7106198668479919,-0.01711946912109852,0.6347888708114624,0.6691719889640808,-0.04765358939766884,0.6979929804801941,0.6521706581115723,-0.0651678591966629,0.7515969276428223,0.6432818174362183,-0.07137496769428253,0.5540246367454529,0.7736107110977173,-0.023467831313610077,0.5824105143547058,0.7580925822257996,-0.0664222240447998,0.5242109298706055,0.7732153534889221,-0.07035505771636963,0.4809240698814392,0.7872662544250488,-0.05835195258259773,0.5487428903579712,0.8346682786941528,-0.03160713613033295,0.5609875321388245,0.8149387836456299,-0.06415622681379318,0.5158696174621582,0.8209144473075867,-0.06074785441160202,0.48169761896133423,0.8285131454467773,-0.04834524169564247
0.4100157618522644,0.8644711971282959,9.135841878560313e-07,0.42255088686943054,0.7817677855491638,-0.023937365040183067,0.4882158637046814,0.7135927677154541,-0.03390399366617203,0.560147762298584,0.7027130126953125,-0.04481035843491554,0.6129534840583801,0.7090875506401062,-0.053562868386507034,0.5346134901046753,0.6599512100219727,-0.01679382473230362,0.6183599829673767,0.623674750328064,-0.04223855957388878,0.6730250120162964,0.6137315630912781,-0.057050835341215134,0.7203747034072876,0.6072812080383301,-0.06400835514068604,0.551676332950592,0.7113462090492249,-0.020868144929409027,0.637922465801239,0.6709908246994019,-0.05222826451063156,0.7003073692321777,0.6551594138145447,-0.06904393434524536,0.7526628971099854,0.6459093689918518,-0.07466846704483032,0.5555614233016968,0.7733199596405029,-0.027976248413324356,0.5847992897033691,0.7584683895111084,-0.07065137475728989,0.526387631893158,0.776053249835968,-0.07181393355131149,0.48310914635658264,0.7903540730476379,-0.05800677090883255,0.5511758327484131,0.8348706960678101,-0.03672273829579353,0.5651041269302368,0.8168832659721375,-0.06751354038715363,0.5200790762901306,0.8246651291847229,-0.06138280779123306,0.4863457977771759,0.8320894837379456,-0.04734945297241211
0.41089820861816406,0.8651721477508545,9.297350516135339e-07,0.4201964735984802,0.7836883664131165,-0.026290223002433777,0.48388999700546265,0.716582715511322,-0.036926187574863434,0.5548009276390076,0.7039486765861511,-0.047928180545568466,0.6077096462249756,0.7058529853820801,-0.05653451755642891,0.5314908027648926,0.6589401364326477,-0.019645560532808304,0.615991473197937,0.6219763159751892,-0.0459233857691288,0.6708148717880249,0.6123158931732178,-0.06081248074769974,0.7188247442245483,0.6059544086456299,-0.06756160408258438,0.5507888197898865,0.7109901309013367,-0.02245766669511795,0.637886643409729,0.6722442507743835,-0.05490783974528313,0.7012318968772888,0.6565223932266235,-0.07229942083358765,0.7546077370643616,0.6465687155723572,-0.07796815782785416,0.5557672381401062,0.772501528263092,-0.02841075323522091,0.5833112597465515,0.7586908936500549,-0.0729253739118576,0.5245775580406189,0.776509702205658,-0.07500610500574112,0.4814585745334625,0.7907153367996216,-0.06106153503060341,0.551888108253479,0.8327854871749878,-0.036047596484422684,0.5639222860336304,0.8163721561431885,-0.06898409128189087,0.5179246664047241,0.8243231773376465,-0.06411347538232803,0.4832218587398529,0.8311407566070557,-0.05028615891933441
0.4110272526741028,0.8637721538543701,9.23676680031349e-07,0.4215227961540222,0.7815088629722595,-0.02407926321029663,0.4878980815410614,0.7130703926086426,-0.03361416980624199,0.5603301525115967,0.7025309801101685,-0.04386628419160843,0.6125633716583252,0.7102888226509094,-0.05198686197400093,0.5329107642173767,0.6607024669647217,-0.018272794783115387,0.6174519062042236,0.6235464215278625,-0.04342057183384895,0.6725406646728516,0.6137158870697021,-0.057797353714704514,0.720307469367981,0.6078230738639832,-0.06442227214574814,0.5505557656288147,0.7123686671257019,-0.021948769688606262,0.6371484994888306,0.6725951433181763,-0.05308527499437332,0.7006818056106567,0.6566261649131775,-0.06991753727197647,0.7541289925575256,0.6475518345832825,-0.07558604329824448,0.5549238920211792,0.7739344239234924,-0.028495650738477707,0.5836735963821411,0.7589001655578613,-0.07110391557216644,0.5254834294319153,0.7755617499351501,-0.07275454699993134,0.48200514912605286,0.7895537614822388,-0.0592174157500267,0.5508173704147339,0.8343166708946228,-0.03665933012962341,0.5636516809463501,0.8167996406555176,-0.06813620030879974,0.5177123546600342,0.8238869905471802,-0.06285606324672699,0.48276132345199585,0.8305829763412476,-0.04925839975476265
0.40990445017814636,0.8647519946098328,9.120512913796119e-07,0.4159308075904846,0.78110271692276,-0.026074616238474846,0.48157086968421936,0.7126377820968628,-0.03658653795719147,0.5551693439483643,0.702584981918335,-0.047332681715488434,0.6087618470191956,0.7069964408874512,-0.055830273777246475,0.5312841534614563,0.6561219692230225,-0.02093522809445858,0.6152980327606201,0.6179463267326355,-0.04689593240618706,0.6695898175239563,0.6074753999710083,-0.06155749410390854,0.716655969619751,0.6004557609558105,-0.06819608062505722,0.5503408312797546,0.7078297734260559,-0.02411850355565548,0.6364154815673828,0.6672565340995789,-0.055990222841501236,0.6982499957084656,0.6500966548919678,-0.07310303300619125,0.7504674196243286,0.6395696401596069,-0.07858056575059891,0.5550485253334045,0.7692229747772217,-0.030355554074048996,0.5804839134216309,0.7533623576164246,-0.07400801032781601,0.5220946669578552,0.7705746293067932,-0.07636329531669617,0.4796333312988281,0.7853754758834839,-0.06289582699537277,0.5508230328559875,0.8296271562576294,-0.038268670439720154,0.5613813400268555,0.8115177154541016,-0.0700245052576065,0.5156898498535156,0.8189842700958252,-0.06491368263959885,0.48199334740638733,0.8267893195152283,-0.051172059029340744
0.41014161705970764,0.863797664642334,9.318142133452056e-07,0.41727107763290405,0.782017707824707,-0.02604772336781025,0.47987931966781616,0.7140820622444153,-0.036928560584783554,0.5518832802772522,0.7020260691642761,-0.04810044541954994,0.6045913100242615,0.704669713973999,-0.05706414952874184,0.532670259475708,0.6552022695541382,-0.01999800093472004,0.6172861456871033,0.6175877451896667,-0.04573780298233032,0.6718375086784363,0.6068130731582642,-0.060785260051488876,0.7191430926322937,0.600095272064209,-0.06789305061101913,0.5503383278846741,0.7071863412857056,-0.023022761568427086,0.6365175247192383,0.6662915349006653,-0.055054906755685806,0.6992486715316772,0.6487573385238647,-0.07307847589254379,0.7520872354507446,0.6392217874526978,-0.07950245589017868,0.5539681315422058,0.7690525650978088,-0.028975538909435272,0.5809489488601685,0.7529504895210266,-0.07232179492712021,0.5234105587005615,0.7686426639556885,-0.07539202272891998,0.48114511370658875,0.7828086018562317,-0.0628449022769928,0.5488569736480713,0.8294093012809753,-0.03662337362766266,0.560231626033783,0.8111158013343811,-0.06915419548749924,0.515339195728302,0.8181343078613281,-0.06507454067468643,0.4814285933971405,0.8253536224365234,-0.052112843841314316
0.40964475274086,0.8644731044769287,9.220609626936493e-07,0.4176074266433716,0.7822647094726562,-0.026257582008838654,0.4802219569683075,0.714270830154419,-0.03706613555550575,0.5521114468574524,0.7020891308784485,-0.04822641238570213,0.6041208505630493,0.7057619690895081,-0.05722520872950554,0.5325917601585388,0.6559053659439087,-0.019354231655597687,0.6174062490463257,0.6182245016098022,-0.04502956196665764,0.6718661189079285,0.6068956255912781,-0.06006140261888504,0.719132125377655,0.5994518995285034,-0.06707418709993362,0.5503053069114685,0.7071719765663147,-0.022232625633478165,0.6362743973731995,0.6654003262519836,-0.054010167717933655,0.6988506317138672,0.6477026343345642,-0.07163787633180618,0.7513754367828369,0.6380280256271362,-0.07769960165023804,0.5540734529495239,0.7688750624656677,-0.028169991448521614,0.5815699696540833,0.7525360584259033,-0.07184238731861115,0.5238522291183472,0.76837557554245,-0.07516834884881973,0.48111221194267273,0.7829094529151917,-0.06257308274507523,0.5488694310188293,0.8294175863265991,-0.035794880241155624,0.5612190365791321,0.8104341626167297,-0.06871850043535233,0.5160674452781677,0.8174266219139099,-0.06479974836111069,0.4815649092197418,0.8250373005867004,-0.05183577910065651
0.4101617932319641,0.8569972515106201,8.96937876859738e-07,0.42186281085014343,0.7707479596138,-0.02335529588162899,0.4907074570655823,0.7012620568275452,-0.032082825899124146,0.5631896257400513,0.693611204624176,-0.041615232825279236,0.6144055128097534,0.7043754458427429,-0.049128156155347824,0.5336518287658691,0.6517921090126038,-0.016904233023524284,0.616115391254425,0.6138322949409485,-0.040473371744155884,0.6695583462715149,0.6038349866867065,-0.05424145981669426,0.7162995934486389,0.5969052910804749,-0.06088262423872948,0.5498874187469482,0.7043163180351257,-0.020786257460713387,0.6346638798713684,0.6633692979812622,-0.04942568764090538,0.6970175504684448,0.6461973190307617,-0.0656689703464508,0.7507098317146301,0.6355929374694824,-0.07174788415431976,0.5535115003585815,0.7667644619941711,-0.027594100683927536,0.5810116529464722,0.7503990530967712,-0.06712111085653305,0.523526668548584,0.7655913829803467,-0.06872133165597916,0.4810461401939392,0.7789077162742615,-0.05631531774997711,0.5496594309806824,0.8282488584518433,-0.03615283966064453,0.5610604882240295,0.8088160753250122,-0.06473437696695328,0.5167404413223267,0.8150712251663208,-0.05917945131659508,0.48407718539237976,0.8226147294044495,-0.046391621232032776
0.4115369915962219,0.8539290428161621,8.819950494398654e-07,0.4216304421424866,0.7703042030334473,-0.024616790935397148,0.4899010956287384,0.7015497088432312,-0.03358731046319008,0.5625298023223877,0.6935818791389465,-0.042908262461423874,0.6132147908210754,0.7041197419166565,-0.05017365515232086,0.533359706401825,0.6521152257919312,-0.01905651018023491,0.6162566542625427,0.61458820104599,-0.04303649812936783,0.6694681644439697,0.6042658090591431,-0.05676769092679024,0.7161402702331543,0.5972104668617249,-0.06340134888887405,0.5502272844314575,0.7038733959197998,-0.02235463447868824,0.6346325874328613,0.6627371907234192,-0.051728010177612305,0.6970511078834534,0.6458859443664551,-0.06819695979356766,0.7507001161575317,0.6359810829162598,-0.07430168241262436,0.5544313192367554,0.7650435566902161,-0.028578635305166245,0.5823158025741577,0.7505338191986084,-0.06940874457359314,0.5248885154724121,0.7657721638679504,-0.07199707627296448,0.4820280075073242,0.778850257396698,-0.060003601014614105,0.5510440468788147,0.824798047542572,-0.03655581176280975,0.5601722002029419,0.8082141280174255,-0.06733675301074982,0.5147422552108765,0.814792811870575,-0.06341765820980072,0.48100975155830383,0.8221171498298645,-0.051400989294052124
0.4133334159851074,0.8531824350357056,8.740279895391723e-07,0.4227697253227234,0.7693063020706177,-0.02364453859627247,0.4915425479412079,0.6998282074928284,-0.03145724534988403,0.5637794733047485,0.6919990181922913,-0.039697617292404175,0.6131371259689331,0.7040095925331116,-0.04592869058251381,0.5337700843811035,0.6516709327697754,-0.01797417737543583,0.6163371801376343,0.614347517490387,-0.041134174913167953,0.6694222688674927,0.6040509343147278,-0.05418277159333229,0.7156932353973389,0.5971662402153015,-0.06037815287709236,0.5508039593696594,0.703271746635437,-0.02134759910404682,0.6344156861305237,0.6627220511436462,-0.05013148486614227,0.6967693567276001,0.6461369395256042,-0.06616535037755966,0.7500042915344238,0.6366531252861023,-0.07187343388795853,0.5550861358642578,0.7641299962997437,-0.027527397498488426,0.5824345350265503,0.750533938407898,-0.06772332638502121,0.52535480260849,0.765900194644928,-0.07017511129379272,0.48241347074508667,0.7787548303604126,-0.058112140744924545,0.5515187382698059,0.8234515190124512,-0.03540632501244545,0.5595916509628296,0.8084253668785095,-0.06589359790086746,0.5137841105461121,0.8150619864463806,-0.06213910132646561,0.47980791330337524,0.8220933675765991,-0.0502164252102375
0.4148476719856262,0.8550752997398376,8.73231329023838e-07,0.4222346544265747,0.7689998149871826,-0.0233918447047472,0.48742949962615967,0.6997111439704895,-0.03217550367116928,0.5598906874656677,0.6917962431907654,-0.04175841435790062,0.610780656337738,0.7012351155281067,-0.049287598580121994,0.5333935618400574,0.6529308557510376,-0.017589207738637924,0.614802360534668,0.614636242389679,-0.041936829686164856,0.6679028272628784,0.6030983328819275,-0.05606026202440262,0.7148327827453613,0.5958983898162842,-0.06280861794948578,0.5515546202659607,0.7039386034011841,-0.02130826748907566,0.6335616111755371,0.6628603935241699,-0.05203450098633766,0.6957324743270874,0.6453257203102112,-0.06926319748163223,0.7485789656639099,0.6365507245063782,-0.07554561644792557,0.5563233494758606,0.7642672657966614,-0.027785230427980423,0.5828235745429993,0.7494624853134155,-0.06953160464763641,0.5256145000457764,0.7642333507537842,-0.07197163999080658,0.4823538362979889,0.7783922553062439,-0.059435512870550156,0.5526523590087891,0.8232912421226501,-0.03590119257569313,0.5628420114517212,0.8050311803817749,-0.0671430453658104,0.518373966217041,0.8116991519927979,-0.06293461471796036,0.484075665473938,0.819415271282196,-0.050347570329904556
0.41535240411758423,0.8526974320411682,8.918589742279437e-07,0.4232017397880554,0.7685351967811584,-0.02286388725042343,0.48639115691185,0.7004626393318176,-0.03217429295182228,0.5574561357498169,0.691611647605896,-0.04244106262922287,0.6078804135322571,0.6992554664611816,-0.050621312111616135,0.5334742665290833,0.6530216932296753,-0.01812768541276455,0.6153249144554138,0.6149791479110718,-0.04297657683491707,0.6686403155326843,0.6036960482597351,-0.05745520442724228,0.7155857086181641,0.5966580510139465,-0.06437574326992035,0.5511885285377502,0.7042285799980164,-0.02228674478828907,0.6342304944992065,0.6635462045669556,-0.053752172738313675,0.69626784324646,0.6461024880409241,-0.07135843485593796,0.7488580942153931,0.6369434595108032,-0.0777815580368042,0.5557969808578491,0.7648009657859802,-0.028990574181079865,0.5820598006248474,0.749332070350647,-0.07081159949302673,0.5250586271286011,0.7643295526504517,-0.07243433594703674,0.48220765590667725,0.7784836888313293,-0.05929329991340637,0.5521041750907898,0.8239137530326843,-0.037295930087566376,0.5631446838378906,0.8052759170532227,-0.06797053664922714,0.5194578170776367,0.8122446537017822,-0.06269839406013489,0.48575860261917114,0.8196627497673035,-0.0493561215698719
0.4152408242225647,0.8525824546813965,8.831242439555353e-07,0.42319580912590027,0.767593264579773,-0.023001890629529953,0.4879378378391266,0.6991811394691467,-0.0319230854511261,0.5599273443222046,0.6910361647605896,-0.041734110563993454,0.6104373335838318,0.6998915672302246,-0.04944664239883423,0.5336262583732605,0.6525886654853821,-0.017829930409789085,0.6150080561637878,0.6146991848945618,-0.04248517006635666,0.6681357622146606,0.6033042669296265,-0.05675525218248367,0.714735746383667,0.5961127281188965,-0.06356371939182281,0.5515568852424622,0.7038252949714661,-0.021914269775152206,0.6338541507720947,0.6633725762367249,-0.05313960462808609,0.6958081722259521,0.6457586884498596,-0.07068721950054169,0.7482824921607971,0.636350154876709,-0.07706615328788757,0.5561449527740479,0.7644498348236084,-0.02864529937505722,0.5819318294525146,0.7498449087142944,-0.07055307924747467,0.5248445868492126,0.7650882005691528,-0.07260934263467789,0.481742262840271,0.7790975570678711,-0.059686701744794846,0.552374005317688,0.8235774040222168,-0.03698393329977989,0.5627188682556152,0.8058352470397949,-0.06791821867227554,0.5187815427780151,0.812622606754303,-0.06318063288927078,0.48496073484420776,0.8199731707572937,-0.05017382651567459
0.41782376170158386,0.8520742058753967,8.598717613494955e-07,0.43172305822372437,0.7648913264274597,-0.02040817029774189,0.5031680464744568,0.6946606040000916,-0.0264007318764925,0.5728748440742493,0.6927444338798523,-0.033242546021938324,0.6199792623519897,0.7171983122825623,-0.038584139198064804,0.5395829677581787,0.6554103493690491,-0.016705088317394257,0.6206801533699036,0.6184055209159851,-0.03902595117688179,0.6742470860481262,0.6077979207038879,-0.05154399201273918,0.7206177711486816,0.6023198962211609,-0.05717124789953232,0.5545174479484558,0.706314206123352,-0.020507680252194405,0.6360845565795898,0.6681258678436279,-0.04747150093317032,0.6979352235794067,0.6520750522613525,-0.06161205843091011,0.7495546340942383,0.6448382139205933,-0.06607896834611893,0.5580308437347412,0.7658934593200684,-0.02696358785033226,0.5881544947624207,0.7556798458099365,-0.06545727699995041,0.5317213535308838,0.7718618512153625,-0.06798803806304932,0.4876701831817627,0.7866236567497253,-0.05605699494481087,0.5544252991676331,0.823405921459198,-0.03483199700713158,0.5666172504425049,0.8086572885513306,-0.06433587521314621,0.5227822065353394,0.8156338930130005,-0.06111422926187515,0.48922160267829895,0.8248468041419983,-0.049716465175151825
0.4161648154258728,0.8519270420074463,8.616441391495755e-07,0.4307343363761902,0.7622780799865723,-0.021458830684423447,0.5017843246459961,0.6920952200889587,-0.027624286711215973,0.5728241205215454,0.6900874972343445,-0.034445859491825104,0.6206474304199219,0.715728759765625,-0.039700739085674286,0.5370621681213379,0.6551117897033691,-0.016768505796790123,0.6189092993736267,0.6175369620323181,-0.0388924703001976,0.6722143888473511,0.6069686412811279,-0.051216572523117065,0.7188368439674377,0.600886881351471,-0.05681568756699562,0.5531331300735474,0.7066697478294373,-0.01995462365448475,0.6356316208839417,0.6681571006774902,-0.047063350677490234,0.698226809501648,0.6520131826400757,-0.06153421103954315,0.7506263852119446,0.6441695690155029,-0.06631797552108765,0.5574758648872375,0.7664968967437744,-0.025847753509879112,0.5883013010025024,0.7551375031471252,-0.06522355228662491,0.5315935015678406,0.7705585956573486,-0.06849677115678787,0.48663467168807983,0.7846486568450928,-0.056858908385038376,0.5541133880615234,0.8243367075920105,-0.033188290894031525,0.5658491849899292,0.8090970516204834,-0.06386236101388931,0.5210704207420349,0.8153951168060303,-0.06144460663199425,0.48588693141937256,0.8237406015396118,-0.05047241225838661
0.4180763363838196,0.851345956325531,8.68899633132969e-07,0.43504154682159424,0.7588277459144592,-0.0196768157184124,0.5064172148704529,0.6882705688476562,-0.025411227717995644,0.5755629539489746,0.6887098550796509,-0.03243294358253479,0.621881902217865,0.7188462615013123,-0.03800330311059952,0.5417006015777588,0.6574140787124634,-0.014509347267448902,0.6211296319961548,0.6204406023025513,-0.03657020628452301,0.6746940612792969,0.6098763942718506,-0.04925867170095444,0.7212164402008057,0.6052296757698059,-0.0548991784453392,0.5563530325889587,0.7086283564567566,-0.01830054447054863,0.6379993557929993,0.671289324760437,-0.04465562105178833,0.700206995010376,0.6544627547264099,-0.05866401642560959,0.7518774271011353,0.6477372050285339,-0.063047856092453,0.5593900680541992,0.7685946226119995,-0.024866288527846336,0.5900919437408447,0.7581794261932373,-0.06226387247443199,0.5342217683792114,0.7721200585365295,-0.06428414583206177,0.4897821843624115,0.7866262197494507,-0.051816679537296295,0.5549482703208923,0.8273016810417175,-0.032891299575567245,0.5726699829101562,0.8091001510620117,-0.06046716868877411,0.5328636765480042,0.8157119750976562,-0.0560835562646389,0.5009115934371948,0.8260948657989502,-0.04399174451828003
0.4185076653957367,0.8516043424606323,8.568541147724318e-07,0.4351804256439209,0.7583763003349304,-0.01942000538110733,0.5065615773200989,0.6873903870582581,-0.024373285472393036,0.5760753154754639,0.6884966492652893,-0.030474597588181496,0.6222784519195557,0.7197926044464111,-0.035040151327848434,0.5408010482788086,0.6567386984825134,-0.013580466620624065,0.6203960180282593,0.6199994087219238,-0.03496766462922096,0.6736548542976379,0.6100038290023804,-0.04708633944392204,0.7200446724891663,0.6058247089385986,-0.052542794495821,0.5560172200202942,0.708882749080658,-0.01713509112596512,0.637751042842865,0.6714929938316345,-0.04351601377129555,0.6999990940093994,0.6550331115722656,-0.058031223714351654,0.7520483136177063,0.6483009457588196,-0.06278442591428757,0.5597032308578491,0.7689138054847717,-0.023376578465104103,0.5904221534729004,0.7583275437355042,-0.06136675924062729,0.5340553522109985,0.7714505195617676,-0.06445600837469101,0.4888148903846741,0.7849199175834656,-0.05264311283826828,0.5559983849525452,0.8271926045417786,-0.03096465766429901,0.5711487531661987,0.8092936277389526,-0.06005607545375824,0.529870867729187,0.8147798180580139,-0.05728552117943764,0.49668025970458984,0.8237642645835876,-0.04613747075200081
0.41816264390945435,0.8509871363639832,8.627633860669448e-07,0.4347591996192932,0.7586444020271301,-0.019674794748425484,0.5063697695732117,0.6876131296157837,-0.0251101516187191,0.575933039188385,0.68840092420578,-0.03168462961912155,0.6222500801086426,0.7193111181259155,-0.03678020089864731,0.540459930896759,0.6574134826660156,-0.014821122400462627,0.620293915271759,0.6205965876579285,-0.03661791980266571,0.6738522052764893,0.6105722784996033,-0.04905494675040245,0.7204896211624146,0.6064037084579468,-0.0547148734331131,0.5555525422096252,0.7094110250473022,-0.01842190884053707,0.6374296545982361,0.6717363595962524,-0.045005083084106445,0.6997494697570801,0.6550081968307495,-0.0595862939953804,0.7517955303192139,0.6481641530990601,-0.064445860683918,0.5592305660247803,0.769465982913971,-0.02464413270354271,0.5902155637741089,0.7583109140396118,-0.06248936802148819,0.5339393615722656,0.771294355392456,-0.06517135351896286,0.4886714220046997,0.7848498225212097,-0.05318774655461311,0.5555381178855896,0.8278305530548096,-0.03225855156779289,0.5714420676231384,0.8091872930526733,-0.06089989095926285,0.5305396318435669,0.8147718906402588,-0.057527512311935425,0.49755433201789856,0.8240265846252441,-0.04604601487517357
0.41792726516723633,0.8520601987838745,8.656837167109188e-07,0.4322715103626251,0.7603801488876343,-0.02058730460703373,0.5052601099014282,0.6892462968826294,-0.026881854981184006,0.5762622952461243,0.6914184093475342,-0.03420954942703247,0.6229133605957031,0.7221270203590393,-0.04011191055178642,0.5394875407218933,0.6581023931503296,-0.017461825162172318,0.6205981373786926,0.6210319995880127,-0.04066896438598633,0.6743865013122559,0.6114715933799744,-0.05359317734837532,0.7213056087493896,0.607590913772583,-0.05928020551800728,0.5553159713745117,0.7108557820320129,-0.02132566086947918,0.6369465589523315,0.6713162660598755,-0.04942614957690239,0.69870924949646,0.6544603109359741,-0.0640203058719635,0.750500500202179,0.6469864249229431,-0.06841659545898438,0.5592905282974243,0.7712486386299133,-0.027849659323692322,0.5883784294128418,0.7598031759262085,-0.06715266406536102,0.5311145186424255,0.7731187343597412,-0.06943076103925705,0.48605719208717346,0.7856595516204834,-0.05670631676912308,0.5555493235588074,0.8291718363761902,-0.03584131598472595,0.5701257586479187,0.8125127553939819,-0.06481242179870605,0.5275239944458008,0.8184535503387451,-0.06064443290233612,0.49446868896484375,0.8267087936401367,-0.04837853088974953
0.41837841272354126,0.8526923656463623,8.621815368314856e-07,0.43236178159713745,0.7610819935798645,-0.020249681547284126,0.5054886937141418,0.6894819736480713,-0.026038821786642075,0.576583981513977,0.6917510032653809,-0.032833851873874664,0.6230313777923584,0.7230446934700012,-0.0382133387029171,0.5397968888282776,0.6580402851104736,-0.01695462130010128,0.6209498643875122,0.6207876801490784,-0.03965573385357857,0.6746187210083008,0.6111598014831543,-0.052138153463602066,0.721351146697998,0.6074035167694092,-0.057566087692976,0.5556614995002747,0.710847020149231,-0.020744364708662033,0.637336254119873,0.6710113286972046,-0.04833859205245972,0.6991065740585327,0.6543557643890381,-0.0626709908246994,0.7507122755050659,0.6472951173782349,-0.0669579729437828,0.5596409440040588,0.7710590362548828,-0.027171386405825615,0.5886740684509277,0.7597962617874146,-0.06610913574695587,0.531579315662384,0.7730516791343689,-0.06864799559116364,0.48642462491989136,0.7856217622756958,-0.056227099150419235,0.5558716654777527,0.8285195231437683,-0.03503565862774849,0.569373369216919,0.8124979734420776,-0.064153291285038,0.5265455842018127,0.8184973001480103,-0.06056366115808487,0.4931720793247223,0.8267619609832764,-0.048745833337306976
0.4176277220249176,0.8544398546218872,8.510254474458634e-07,0.42951446771621704,0.76409512758255,-0.020151633769273758,0.5005826950073242,0.6929599046707153,-0.027492325752973557,0.5726547241210938,0.6931374073028564,-0.03611374646425247,0.6192829608917236,0.7230424284934998,-0.04355904087424278,0.5393862724304199,0.6615146398544312,-0.01944022998213768,0.6207676529884338,0.6246913075447083,-0.04330466315150261,0.6744668483734131,0.6137251853942871,-0.056401800364255905,0.7208327651023865,0.6084926128387451,-0.062293536961078644,0.5546383857727051,0.7133215665817261,-0.024375420063734055,0.6382942795753479,0.6726353764533997,-0.053618673235177994,0.7009251713752747,0.655308723449707,-0.06825911998748779,0.752182126045227,0.6470173001289368,-0.07269693911075592,0.5584797263145447,0.7729575037956238,-0.03175335004925728,0.5904412865638733,0.7615111470222473,-0.07314900308847427,0.5331024527549744,0.7765665650367737,-0.07528180629014969,0.48695582151412964,0.789131760597229,-0.062214769423007965,0.5541146397590637,0.8309346437454224,-0.04037131369113922,0.5721715688705444,0.8146117329597473,-0.07169581204652786,0.5268492698669434,0.8217207193374634,-0.0673619881272316,0.48964303731918335,0.8292136192321777,-0.05471596121788025
0.41816726326942444,0.853027880191803,8.650868039694615e-07,0.43156319856643677,0.7630224823951721,-0.01900002360343933,0.5024962425231934,0.6917918920516968,-0.025310423225164413,0.5735912919044495,0.6925544142723083,-0.03314005210995674,0.6195855140686035,0.7227832078933716,-0.0397462397813797,0.5416470170021057,0.6603044271469116,-0.01736036315560341,0.6226148009300232,0.6237649917602539,-0.040668830275535583,0.6759109497070312,0.6138051152229309,-0.05342114716768265,0.7215937376022339,0.6092793941497803,-0.059137292206287384,0.5561886429786682,0.7122303247451782,-0.02268695831298828,0.6396774053573608,0.6731400489807129,-0.05149087309837341,0.7021767497062683,0.6567566394805908,-0.06643588095903397,0.7527579069137573,0.6491273045539856,-0.07109730690717697,0.5589689612388611,0.7719113826751709,-0.030459905043244362,0.5893007516860962,0.7623709440231323,-0.07121739536523819,0.5326087474822998,0.7773032188415527,-0.07410738617181778,0.4868519902229309,0.78954017162323,-0.061718158423900604,0.5538890361785889,0.8299052715301514,-0.039421722292900085,0.5691311955451965,0.8171694874763489,-0.07060360908508301,0.524533748626709,0.824465274810791,-0.06727667897939682,0.4883383810520172,0.8316365480422974,-0.05539931356906891
0.4207339286804199,0.8597893714904785,8.568828775423754e-07,0.43439483642578125,0.7682815194129944,-0.020174920558929443,0.5062423348426819,0.6966022849082947,-0.025400536134839058,0.5763792991638184,0.6972382664680481,-0.03124060109257698,0.6220775246620178,0.727843701839447,-0.03548001870512962,0.5407642722129822,0.6619200706481934,-0.017727205529808998,0.6224865913391113,0.625416100025177,-0.03973555937409401,0.6760308146476746,0.6154235601425171,-0.05109356716275215,0.7223305106163025,0.6111294627189636,-0.05572399124503136,0.5567503571510315,0.7137688398361206,-0.020947255194187164,0.6399065256118774,0.6761494278907776,-0.048402223736047745,0.7026172280311584,0.6599934697151184,-0.0623750276863575,0.7540948390960693,0.6529200077056885,-0.06637196242809296,0.561112105846405,0.772732138633728,-0.026641203090548515,0.59002286195755,0.7642462849617004,-0.06553496420383453,0.5343834161758423,0.7781420350074768,-0.0691031739115715,0.4897539019584656,0.7907408475875854,-0.057488735765218735,0.5579522252082825,0.8286616802215576,-0.03366043418645859,0.5693679451942444,0.8163453340530396,-0.06369499117136002,0.5264245271682739,0.8230971693992615,-0.06195662170648575,0.49249085783958435,0.8313596248626709,-0.05142314359545708
0.4197181761264801,0.8577954173088074,8.808601137388905e-07,0.436582088470459,0.7671529650688171,-0.01873517781496048,0.5073365569114685,0.6984704732894897,-0.024078648537397385,0.5761340856552124,0.6989920735359192,-0.030412379652261734,0.6219661831855774,0.7272415161132812,-0.035315822809934616,0.5403464436531067,0.6614013910293579,-0.01661432720720768,0.622700035572052,0.6256711483001709,-0.03942827507853508,0.6768708825111389,0.6160445809364319,-0.05172321945428848,0.7236736416816711,0.6117233633995056,-0.056853339076042175,0.5558956265449524,0.7124655246734619,-0.020771918818354607,0.6396090984344482,0.6759382486343384,-0.048521846532821655,0.7025169730186462,0.6612282991409302,-0.06299436092376709,0.7543557286262512,0.6548764109611511,-0.06733240187168121,0.5601412653923035,0.7714677453041077,-0.027298089116811752,0.5889207720756531,0.7645572423934937,-0.06591808795928955,0.5337996482849121,0.7792459726333618,-0.06960678100585938,0.49013763666152954,0.7914757132530212,-0.05823842063546181,0.5568681955337524,0.8278445601463318,-0.035054322332143784,0.5679291486740112,0.81793212890625,-0.06424364447593689,0.525657057762146,0.8244602084159851,-0.062055233865976334,0.492765337228775,0.8315736055374146,-0.05138774216175079
0.4175305962562561,0.8570238947868347,8.815090950520243e-07,0.43605315685272217,0.7670639753341675,-0.01901802234351635,0.5093770027160645,0.6984522938728333,-0.024876095354557037,0.5798124670982361,0.6992970108985901,-0.03211524710059166,0.6260524988174438,0.7292995452880859,-0.0379362627863884,0.5410202145576477,0.6648540496826172,-0.01587790809571743,0.6233586072921753,0.6289424300193787,-0.038820963352918625,0.6777527332305908,0.6188667416572571,-0.05186011642217636,0.7249644994735718,0.6137655377388,-0.05769098550081253,0.5557543635368347,0.7153049111366272,-0.02041660062968731,0.6393229365348816,0.6776683926582336,-0.04835314303636551,0.7028638124465942,0.662309467792511,-0.0633954331278801,0.7552065849304199,0.6555674076080322,-0.06833788752555847,0.5594052076339722,0.7747979164123535,-0.02743200585246086,0.5907121300697327,0.764784038066864,-0.06649240106344223,0.5340674519538879,0.7806459665298462,-0.06933413445949554,0.48835721611976624,0.7944374680519104,-0.057180844247341156,0.5562658309936523,0.8323177695274353,-0.0357590988278389,0.572575569152832,0.816811740398407,-0.06435582786798477,0.5302054286003113,0.8231229782104492,-0.060488615185022354,0.49614083766937256,0.8311707973480225,-0.04868611693382263
0.4169529378414154,0.8563432693481445,8.65044512465829e-07,0.43601158261299133,0.7661048173904419,-0.019309304654598236,0.5100262761116028,0.6977503895759583,-0.02531266212463379,0.5809250473976135,0.6997956037521362,-0.03266676515340805,0.6270080208778381,0.7302294969558716,-0.0386340357363224,0.5410415530204773,0.6648007035255432,-0.016665693372488022,0.6232187747955322,0.628870964050293,-0.039247140288352966,0.6768567562103271,0.6190979480743408,-0.051657430827617645,0.7236647605895996,0.6137178540229797,-0.0572018101811409,0.5562130808830261,0.7167516946792603,-0.021305536851286888,0.6392585635185242,0.6786223649978638,-0.04902449995279312,0.7022408246994019,0.6627580523490906,-0.06387896835803986,0.7541673183441162,0.6553566455841064,-0.06876568496227264,0.559880793094635,0.7770804166793823,-0.02844049036502838,0.5899578332901001,0.7668110728263855,-0.06774960458278656,0.5332967042922974,0.7814513444900513,-0.07115837186574936,0.4874744415283203,0.7942288517951965,-0.05939561501145363,0.556696891784668,0.8354400992393494,-0.03684160113334656,0.5707614421844482,0.8199641704559326,-0.06559297442436218,0.5274704694747925,0.8252168297767639,-0.062182795256376266,0.493002712726593,0.8325488567352295,-0.050773635506629944
0.41915830969810486,0.8603299856185913,8.613318414063542e-07,0.431986540555954,0.7716436386108398,-0.02072363905608654,0.5050875544548035,0.7027950882911682,-0.026292383670806885,0.5768089294433594,0.7039612531661987,-0.032308585941791534,0.6247110962867737,0.7299792170524597,-0.03660879656672478,0.5410816073417664,0.6633338332176208,-0.019551735371351242,0.6246087551116943,0.6277725100517273,-0.04264332726597786,0.6788269281387329,0.6182430386543274,-0.05466848611831665,0.7256960868835449,0.6137291193008423,-0.059773899614810944,0.5575591325759888,0.715174674987793,-0.023273218423128128,0.6410260796546936,0.6779214143753052,-0.052292708307504654,0.7039638161659241,0.6631525754928589,-0.0673104077577591,0.7562490701675415,0.656833827495575,-0.0719711035490036,0.56191486120224,0.7747718095779419,-0.029397564008831978,0.5898005962371826,0.7666667699813843,-0.06982599943876266,0.5327979326248169,0.7816821336746216,-0.07316906750202179,0.4881416857242584,0.7941671013832092,-0.06131266802549362,0.5590879917144775,0.8315527439117432,-0.036830704659223557,0.5696377754211426,0.8205049633979797,-0.06766099482774734,0.524658739566803,0.826807975769043,-0.0651862695813179,0.4903532564640045,0.8335151076316833,-0.054022226482629776
0.4189227819442749,0.8608217239379883,8.796550901024602e-07,0.43381646275520325,0.7716794013977051,-0.020000096410512924,0.504309892654419,0.7032814621925354,-0.026879850775003433,0.5745141506195068,0.7024431228637695,-0.034840043634176254,0.621503472328186,0.728732705116272,-0.04130183160305023,0.5402644276618958,0.6647734642028809,-0.019068166613578796,0.6236039400100708,0.6287230849266052,-0.0431436263024807,0.6780981421470642,0.6182909607887268,-0.056252893060445786,0.7250268459320068,0.6131531000137329,-0.06187264993786812,0.5563970804214478,0.7159169316291809,-0.023657960817217827,0.6410152912139893,0.6778011322021484,-0.05288498476147652,0.7041333913803101,0.6622577905654907,-0.06802496314048767,0.7562698125839233,0.655495285987854,-0.07266752421855927,0.5608281493186951,0.776004433631897,-0.030587829649448395,0.5885981321334839,0.7661503553390503,-0.07055556029081345,0.5317649245262146,0.7806601524353027,-0.07317766547203064,0.48733240365982056,0.7934711575508118,-0.060764480382204056,0.5576871037483215,0.8338893055915833,-0.038845911622047424,0.5704258680343628,0.8196293711662292,-0.06783455610275269,0.527249813079834,0.8257750868797302,-0.06357533484697342,0.4938371777534485,0.8332397937774658,-0.05131668597459793
0.42127448320388794,0.8565160632133484,8.833594051793625e-07,0.4387045204639435,0.7665241360664368,-0.019139055162668228,0.5090638399124146,0.6975942254066467,-0.025059441104531288,0.577998161315918,0.6979628205299377,-0.03229577839374542,0.6237704753875732,0.7271648645401001,-0.03793150559067726,0.5428702235221863,0.6630443930625916,-0.016192760318517685,0.625098705291748,0.6274177432060242,-0.039037179201841354,0.6788742542266846,0.6175877451896667,-0.05129299312829971,0.725513756275177,0.6132974624633789,-0.05648568272590637,0.5584219694137573,0.7149645090103149,-0.020529434084892273,0.6411578059196472,0.6776869297027588,-0.04944832995533943,0.7040486931800842,0.6626419425010681,-0.06462756544351578,0.7555150389671326,0.6569458246231079,-0.06932257860898972,0.5622684955596924,0.7751622796058655,-0.027237115427851677,0.5903237462043762,0.7675513625144958,-0.06745486706495285,0.5341468453407288,0.7839616537094116,-0.0706772580742836,0.48919838666915894,0.7981363534927368,-0.058370441198349,0.5585569739341736,0.8323146104812622,-0.0351765938103199,0.571021318435669,0.8197042346000671,-0.06549596041440964,0.5279964804649353,0.8273886442184448,-0.06271611154079437,0.4936644732952118,0.8355340361595154,-0.05123388394713402
0.4201699495315552,0.8596499562263489,8.820263701636577e-07,0.43521052598953247,0.7669008374214172,-0.020913926884531975,0.5070703625679016,0.6964660882949829,-0.027475591748952866,0.5779334902763367,0.69883793592453,-0.03499763086438179,0.6247188448905945,0.7290675044059753,-0.04084483161568642,0.5403283834457397,0.6633820533752441,-0.017772085964679718,0.6228362321853638,0.6275043487548828,-0.04164699837565422,0.6769161224365234,0.6174593567848206,-0.05468219518661499,0.7236619591712952,0.612725555896759,-0.060455288738012314,0.556311309337616,0.715076744556427,-0.02169513888657093,0.6401734352111816,0.6768410205841064,-0.05186306685209274,0.7033534646034241,0.6619669198989868,-0.06751555949449539,0.7554291486740112,0.656080424785614,-0.07235679775476456,0.5604422688484192,0.7752130031585693,-0.02820526994764805,0.5912231802940369,0.7662977576255798,-0.06968818604946136,0.5345354676246643,0.7833532094955444,-0.07234279811382294,0.4893884062767029,0.7973306775093079,-0.05935421586036682,0.5571419596672058,0.8328143954277039,-0.03612380474805832,0.5731675028800964,0.8186798095703125,-0.0675557479262352,0.5300267338752747,0.8265420198440552,-0.0643649473786354,0.4952983856201172,0.8344545364379883,-0.05233122780919075
0.42414259910583496,0.852755069732666,8.708162226866989e-07,0.4437437951564789,0.7653950452804565,-0.018054842948913574,0.5119127035140991,0.6997121572494507,-0.023193318396806717,0.579943835735321,0.7003634572029114,-0.029773864895105362,0.6251479387283325,0.7285798788070679,-0.03467123210430145,0.5466709733009338,0.6634777784347534,-0.012691696174442768,0.6268692016601562,0.6280199885368347,-0.0343230739235878,0.6787513494491577,0.6183356046676636,-0.04581354185938835,0.7236714363098145,0.6136800646781921,-0.05051542818546295,0.5603504180908203,0.7148143649101257,-0.017360683530569077,0.6436528563499451,0.676972508430481,-0.04545404389500618,0.7047368288040161,0.6631121039390564,-0.060429319739341736,0.754571259021759,0.6572969555854797,-0.0648675262928009,0.5627507567405701,0.7744863629341125,-0.024443427100777626,0.590583086013794,0.7688204050064087,-0.06429576128721237,0.5352261066436768,0.7875734567642212,-0.06745400279760361,0.49171674251556396,0.8014265298843384,-0.05503775551915169,0.5586232542991638,0.8309992551803589,-0.032592397183179855,0.5724189877510071,0.820865273475647,-0.06235944479703903,0.5303309559822083,0.8288608193397522,-0.05921449884772301,0.49687322974205017,0.8356059789657593,-0.0475970059633255
0.4226255416870117,0.8534533381462097,8.620256721769692e-07,0.44183024764060974,0.7648028135299683,-0.01940564438700676,0.5115238428115845,0.7020127177238464,-0.02560316026210785,0.5804020166397095,0.7024149298667908,-0.03287142515182495,0.6248995065689087,0.7292808890342712,-0.03807489201426506,0.5450764298439026,0.6637582182884216,-0.01570686139166355,0.6266008019447327,0.62913978099823,-0.03877720236778259,0.6784299612045288,0.6191741824150085,-0.05107942968606949,0.7230865955352783,0.6132282018661499,-0.056263603270053864,0.5591174364089966,0.7143950462341309,-0.02017471194267273,0.6429433822631836,0.6775261759757996,-0.0508233979344368,0.7039522528648376,0.6634619235992432,-0.06668466329574585,0.7541607022285461,0.6564012765884399,-0.07132426649332047,0.5621167421340942,0.7735057473182678,-0.026889333501458168,0.5928584337234497,0.7690689563751221,-0.06820012629032135,0.5367242097854614,0.7880017757415771,-0.06961643695831299,0.4928493797779083,0.8013191223144531,-0.055572912096977234,0.5580708384513855,0.830508291721344,-0.034844160079956055,0.5757593512535095,0.82123863697052,-0.06483307480812073,0.5333301424980164,0.8305898308753967,-0.06004892662167549,0.4999121427536011,0.8385276198387146,-0.04690412059426308
0.4235716462135315,0.8534344434738159,8.592950848651526e-07,0.4438948631286621,0.7634759545326233,-0.019617000594735146,0.5142597556114197,0.6990142464637756,-0.02473391406238079,0.5831481218338013,0.7027572393417358,-0.03101355955004692,0.6281750202178955,0.7316689491271973,-0.03550650551915169,0.5456196665763855,0.6639254093170166,-0.014022521674633026,0.6267392039299011,0.6300010681152344,-0.036794792860746384,0.6792607307434082,0.6207565665245056,-0.04911699891090393,0.7246466875076294,0.6155573129653931,-0.05438149347901344,0.5607625246047974,0.7152808904647827,-0.018116042017936707,0.6427308917045593,0.6793966889381409,-0.047264546155929565,0.7042763233184814,0.666106641292572,-0.06280580908060074,0.7540795207023621,0.6596969962120056,-0.06756982207298279,0.5645124316215515,0.7744970917701721,-0.024887535721063614,0.5923356413841248,0.7711772918701172,-0.06620976328849792,0.5366211533546448,0.7894953489303589,-0.07035533338785172,0.49160856008529663,0.8021538853645325,-0.05843723192811012,0.5611246228218079,0.8308509588241577,-0.032950256019830704,0.5728440284729004,0.8249903321266174,-0.0647483691573143,0.5288910865783691,0.8328349590301514,-0.06318019330501556,0.49308574199676514,0.8388767242431641,-0.052375271916389465
0.4232385754585266,0.8522405624389648,8.562244602217106e-07,0.4437897503376007,0.7622889876365662,-0.019811421632766724,0.5139246582984924,0.6989239454269409,-0.02521217241883278,0.5827605128288269,0.7027464509010315,-0.03177903592586517,0.6277367472648621,0.73149174451828,-0.036544784903526306,0.5464212894439697,0.6631707549095154,-0.01393312681466341,0.6269638538360596,0.6299141645431519,-0.036797866225242615,0.6787235736846924,0.6210786700248718,-0.04930591583251953,0.7237952947616577,0.6159030199050903,-0.05481276288628578,0.5614116191864014,0.7149701118469238,-0.0180503036826849,0.6428016424179077,0.6797786355018616,-0.047675684094429016,0.7037440538406372,0.6668568849563599,-0.06358078867197037,0.7534697651863098,0.6603384017944336,-0.06857047975063324,0.5649020671844482,0.7744421362876892,-0.024840032681822777,0.5933167934417725,0.7712647318840027,-0.06695606559515,0.5369423031806946,0.7897824048995972,-0.07110048085451126,0.4915938973426819,0.8026749491691589,-0.05896984413266182,0.5609985589981079,0.8309316635131836,-0.03289485722780228,0.5731943845748901,0.8251640796661377,-0.06553920358419418,0.5292403697967529,0.8335490226745605,-0.06410328298807144,0.4936339855194092,0.8403130173683167,-0.05316900089383125
0.42155689001083374,0.8617406487464905,8.548380492356955e-07,0.44003045558929443,0.7697165608406067,-0.02092433162033558,0.5082823038101196,0.7065849900245667,-0.026248309761285782,0.5774434208869934,0.7077452540397644,-0.032122693955898285,0.6239897608757019,0.7313284873962402,-0.035721708089113235,0.5411684513092041,0.6625723838806152,-0.012227416038513184,0.6235908269882202,0.6304815411567688,-0.03502170741558075,0.676395058631897,0.6213880777359009,-0.04771397262811661,0.7220569252967834,0.6153896450996399,-0.05315331369638443,0.5576436519622803,0.7143199443817139,-0.01537542138248682,0.6403214931488037,0.6783100366592407,-0.045614615082740784,0.7018794417381287,0.6650503873825073,-0.061912816017866135,0.7523579001426697,0.6575911045074463,-0.06677462160587311,0.5629769563674927,0.7741274237632751,-0.02143266797065735,0.5926493406295776,0.7705011367797852,-0.06485138088464737,0.537162721157074,0.7895087599754333,-0.06958884745836258,0.4924704432487488,0.8022106289863586,-0.057245101779699326,0.56094890832901,0.8306837677955627,-0.028630640357732773,0.5760960578918457,0.8218438029289246,-0.062439486384391785,0.532170295715332,0.8312604427337646,-0.06102081760764122,0.49617627263069153,0.8385317325592041,-0.04956291615962982
0.423373281955719,0.8582436442375183,8.749070730118547e-07,0.4431203305721283,0.768208384513855,-0.017905956134200096,0.5092152953147888,0.7042277455329895,-0.02349233068525791,0.5755977034568787,0.7070832252502441,-0.030529916286468506,0.621562123298645,0.7333753705024719,-0.03578142449259758,0.5421282649040222,0.6639705896377563,-0.012718896381556988,0.6238294243812561,0.6302154064178467,-0.03617735579609871,0.6773881316184998,0.6209005117416382,-0.04913089796900749,0.7235705852508545,0.6156148910522461,-0.054702531546354294,0.5581855177879333,0.7149416208267212,-0.017857400700449944,0.6411640644073486,0.6780292987823486,-0.048053380101919174,0.7028316855430603,0.6648135185241699,-0.06452054530382156,0.7531248927116394,0.6582624912261963,-0.06973084807395935,0.563619077205658,0.7747129201889038,-0.02543235570192337,0.5901446342468262,0.7708240151405334,-0.0673643946647644,0.5349783897399902,0.7897174954414368,-0.07208938151597977,0.4913211464881897,0.8023894429206848,-0.06045332923531532,0.5619082450866699,0.8315525650978088,-0.033980950713157654,0.5720618367195129,0.8225674033164978,-0.06574435532093048,0.5283406376838684,0.8305782675743103,-0.06393040716648102,0.493105411529541,0.8360031843185425,-0.052952103316783905
0.4235208034515381,0.8552286028862,8.665858217682398e-07,0.4444916844367981,0.7663933038711548,-0.019242361187934875,0.5116430521011353,0.7023991346359253,-0.026011988520622253,0.5795825719833374,0.7035415768623352,-0.03408649191260338,0.6241603493690491,0.731296718120575,-0.04062926396727562,0.5422568917274475,0.6655214428901672,-0.015983663499355316,0.622431218624115,0.6310584545135498,-0.04003956913948059,0.674691915512085,0.6207599639892578,-0.053409576416015625,0.7200729250907898,0.6141536235809326,-0.05928747355937958,0.5580354928970337,0.7171769738197327,-0.020939327776432037,0.6402255892753601,0.6786215901374817,-0.0511254146695137,0.7004820108413696,0.6644070744514465,-0.06718592345714569,0.7498550415039062,0.6574084758758545,-0.072189562022686,0.5627893805503845,0.7779266834259033,-0.02817382663488388,0.5888229608535767,0.7730126976966858,-0.06916739046573639,0.5333326458930969,0.7901508212089539,-0.07180562615394592,0.48964643478393555,0.8023979067802429,-0.058937497437000275,0.5592789649963379,0.8350885510444641,-0.036653872579336166,0.5713919401168823,0.8237754106521606,-0.06627409160137177,0.5278796553611755,0.8321002721786499,-0.0617591068148613,0.4934605360031128,0.8396475911140442,-0.04909374192357063
0.4255891442298889,0.8569402098655701,8.447783557130606e-07,0.44256436824798584,0.7676210403442383,-0.019863858819007874,0.5104877352714539,0.7062503099441528,-0.02344236522912979,0.5789423584938049,0.7089349031448364,-0.027618179097771645,0.6232432723045349,0.734035313129425,-0.029869265854358673,0.5432887673377991,0.6668398976325989,-0.010643980465829372,0.6243990659713745,0.6331108212471008,-0.03168635070323944,0.6763811111450195,0.6227278709411621,-0.04254111275076866,0.7212163209915161,0.6167385578155518,-0.04652702808380127,0.5595453381538391,0.7168307900428772,-0.01363158505409956,0.6410446763038635,0.6806232929229736,-0.04192957282066345,0.7009388208389282,0.6667816042900085,-0.057034458965063095,0.7499313950538635,0.6598657965660095,-0.06083086505532265,0.5643386244773865,0.7750153541564941,-0.019426902756094933,0.5891973972320557,0.773049533367157,-0.06106514856219292,0.5342428684234619,0.7911214828491211,-0.0664367526769638,0.49140986800193787,0.8034988045692444,-0.05473493039608002,0.5615394115447998,0.8289620876312256,-0.02627573162317276,0.5714145302772522,0.8228176236152649,-0.059170980006456375,0.5264531373977661,0.8317356109619141,-0.058602478355169296,0.4916189908981323,0.8381516933441162,-0.04793491214513779
0.4251466393470764,0.855685830116272,8.507461757290002e-07,0.4425061345100403,0.7682039737701416,-0.020033540204167366,0.5098388195037842,0.7061812877655029,-0.024911999702453613,0.5787844657897949,0.7083411812782288,-0.03052801825106144,0.6246680021286011,0.7338548898696899,-0.03453774377703667,0.5431588292121887,0.6668327450752258,-0.012336603365838528,0.6236863136291504,0.6327507495880127,-0.03389393165707588,0.6759411096572876,0.6219958662986755,-0.04514557495713234,0.7208777666091919,0.6157578229904175,-0.04943860322237015,0.5596493482589722,0.717199444770813,-0.01589595526456833,0.6418935060501099,0.6799214482307434,-0.04397439584136009,0.7015524506568909,0.6660529971122742,-0.0590231791138649,0.7499923706054688,0.6593559980392456,-0.06300070136785507,0.5644634962081909,0.7763411998748779,-0.022136816754937172,0.5891631841659546,0.7731342315673828,-0.0634627714753151,0.5340109467506409,0.7905800938606262,-0.06866956502199173,0.4911390542984009,0.8026672005653381,-0.057133618742227554,0.5610957741737366,0.8311095237731934,-0.029416752979159355,0.5712879300117493,0.8220071792602539,-0.0616600476205349,0.5261891484260559,0.8303260803222656,-0.06032929942011833,0.49099647998809814,0.8367518782615662,-0.04938790202140808
0.4265751242637634,0.8570712804794312,8.411410021835763e-07,0.4444766640663147,0.7704577445983887,-0.018423596397042274,0.5123472213745117,0.7089601755142212,-0.02307305671274662,0.5794758200645447,0.7109594345092773,-0.028936278074979782,0.623436450958252,0.7330405116081238,-0.03302227705717087,0.5441669225692749,0.668816328048706,-0.012647680006921291,0.6246364116668701,0.6345715522766113,-0.03549148514866829,0.6764328479766846,0.6241543889045715,-0.04770952835679054,0.7210034728050232,0.6175699234008789,-0.05271904915571213,0.5601171851158142,0.7178719639778137,-0.01766851171851158,0.6412625908851624,0.6808130145072937,-0.04672674462199211,0.7011657357215881,0.6681670546531677,-0.0623183436691761,0.7504975199699402,0.6614271998405457,-0.06683332473039627,0.5648521780967712,0.7759039998054504,-0.025264153257012367,0.5900339484214783,0.7747275233268738,-0.06613454967737198,0.5356912016868591,0.7942878007888794,-0.0702204629778862,0.49368149042129517,0.8065152168273926,-0.05842071771621704,0.5616939067840576,0.8306860327720642,-0.03402186930179596,0.5704963803291321,0.8273921012878418,-0.06497042626142502,0.5262846946716309,0.8358396887779236,-0.06280223280191422,0.4920618236064911,0.8408693671226501,-0.05168982967734337
0.42599084973335266,0.8568600416183472,8.366857855435228e-07,0.44459447264671326,0.772009015083313,-0.019677884876728058,0.5119326114654541,0.7119640111923218,-0.025255771353840828,0.578363835811615,0.7148054838180542,-0.03172249346971512,0.6225098371505737,0.7375959157943726,-0.03650546073913574,0.5448604226112366,0.6698614954948425,-0.014442021027207375,0.6244821548461914,0.6356738209724426,-0.037308767437934875,0.6767832040786743,0.6255139112472534,-0.04948701709508896,0.721298336982727,0.6196821331977844,-0.0542529858648777,0.5604639649391174,0.7204818725585938,-0.018709076568484306,0.6417393684387207,0.6827102899551392,-0.04797204211354256,0.7014389634132385,0.6688503623008728,-0.06350322812795639,0.7496860027313232,0.6617676019668579,-0.06778721511363983,0.5649051666259766,0.7795069217681885,-0.02556522563099861,0.5900563597679138,0.7759432196617126,-0.06700645387172699,0.5366030931472778,0.7934297323226929,-0.07188859581947327,0.49447745084762573,0.8050644993782043,-0.06027573347091675,0.5617574453353882,0.8345893025398254,-0.03347356617450714,0.5735616683959961,0.8251380920410156,-0.06482578068971634,0.5301594734191895,0.8326574563980103,-0.06271567940711975,0.4953271746635437,0.8377814292907715,-0.05146217346191406
0.4259898066520691,0.8562784194946289,8.330316063620558e-07,0.44430357217788696,0.7706711888313293,-0.020101113244891167,0.5127086043357849,0.7104698419570923,-0.02488609403371811,0.580700695514679,0.7142406105995178,-0.030485110357403755,0.6248751282691956,0.7380982637405396,-0.03425001725554466,0.5447767376899719,0.6699019074440002,-0.012737209908664227,0.62469482421875,0.6364432573318481,-0.03467972204089165,0.6764088869094849,0.626568615436554,-0.04631515219807625,0.7209182381629944,0.6205848455429077,-0.050930581986904144,0.5605227947235107,0.720615565776825,-0.01638387143611908,0.6406529545783997,0.6831560730934143,-0.045062772929668427,0.7006106376647949,0.6687487363815308,-0.060542862862348557,0.7495589256286621,0.6609833836555481,-0.0650397539138794,0.5650572180747986,0.779167890548706,-0.022854898124933243,0.5903118252754211,0.7766832113265991,-0.06443550437688828,0.5367900729179382,0.7940521240234375,-0.07002582401037216,0.49400222301483154,0.8056091070175171,-0.058901384472846985,0.5621182322502136,0.8336636424064636,-0.030448149889707565,0.5724732875823975,0.8266679644584656,-0.06265544146299362,0.5284901261329651,0.8342298865318298,-0.06181320175528526,0.49316301941871643,0.8391927480697632,-0.05141625925898552
0.4285910129547119,0.8643881678581238,8.191734650608851e-07,0.44481515884399414,0.7771521806716919,-0.02035406418144703,0.5105327367782593,0.7145622372627258,-0.026354564353823662,0.5785754919052124,0.7159336805343628,-0.033025022596120834,0.6231917142868042,0.7399594187736511,-0.03786328807473183,0.5463426113128662,0.6735093593597412,-0.013938534073531628,0.625552773475647,0.6386993527412415,-0.036504171788692474,0.676506757736206,0.6280132532119751,-0.048722267150878906,0.7205703258514404,0.6212736964225769,-0.05368131399154663,0.5622130036354065,0.7228460907936096,-0.017521275207400322,0.642922043800354,0.6843217611312866,-0.04647773504257202,0.7017571926116943,0.6696770191192627,-0.061451345682144165,0.7496442198753357,0.6614747047424316,-0.06537096947431564,0.5669360756874084,0.7804387807846069,-0.02386004477739334,0.5943771600723267,0.7768394351005554,-0.06575769186019897,0.5399563312530518,0.7956643104553223,-0.07018515467643738,0.49694281816482544,0.8082439303398132,-0.05797072499990463,0.564033567905426,0.8353257775306702,-0.03128044679760933,0.5778657793998718,0.8269727230072021,-0.06371482461690903,0.5344023108482361,0.8368886709213257,-0.06181872636079788,0.49984708428382874,0.8444594144821167,-0.050306230783462524
0.42762723565101624,0.8631709814071655,8.530089417035924e-07,0.4468653202056885,0.7762514352798462,-0.0211489237844944,0.5133146643638611,0.7149831056594849,-0.027216920629143715,0.5816015601158142,0.715644359588623,-0.034171536564826965,0.6269016861915588,0.7379939556121826,-0.03935481235384941,0.5467110276222229,0.6728394627571106,-0.01269874069839716,0.6260930299758911,0.6380299925804138,-0.03535647690296173,0.6772512197494507,0.6279656887054443,-0.04799998551607132,0.7219347357749939,0.6211830973625183,-0.05329190194606781,0.5624762177467346,0.7222331166267395,-0.016030646860599518,0.642302930355072,0.6845906972885132,-0.04498425871133804,0.7017204761505127,0.6704786419868469,-0.06066929176449776,0.7502609491348267,0.6630066633224487,-0.0652143582701683,0.5667860507965088,0.7800696492195129,-0.022350847721099854,0.5926408171653748,0.7777544260025024,-0.06420131027698517,0.5385645627975464,0.7966781258583069,-0.0694781169295311,0.49560701847076416,0.8095988035202026,-0.057910993695259094,0.5632094144821167,0.8348438739776611,-0.02993651293218136,0.5755500793457031,0.828079342842102,-0.06221676245331764,0.5322750210762024,0.8375446200370789,-0.06087617203593254,0.4972247779369354,0.8443596959114075,-0.04985436797142029
0.4294317960739136,0.860159695148468,8.583856470067985e-07,0.4498601257801056,0.7733314633369446,-0.01871401257812977,0.5136215090751648,0.7136611938476562,-0.025079395622015,0.579904317855835,0.716550350189209,-0.03293321654200554,0.6238910555839539,0.7416043877601624,-0.03917929530143738,0.5475742816925049,0.672747015953064,-0.012337584979832172,0.6274029612541199,0.6398067474365234,-0.035610124468803406,0.679168701171875,0.6300073266029358,-0.04850364848971367,0.7236911058425903,0.6237659454345703,-0.053801488131284714,0.5625614523887634,0.7239294052124023,-0.017159881070256233,0.6443148851394653,0.6873685717582703,-0.04714655131101608,0.7040491104125977,0.6738199591636658,-0.06349637359380722,0.7520349025726318,0.666600227355957,-0.06830906867980957,0.566916823387146,0.7825358510017395,-0.024548009037971497,0.5924180150032043,0.7813116312026978,-0.06685324758291245,0.5387749671936035,0.798435389995575,-0.07205842435359955,0.49580201506614685,0.8093778491020203,-0.06030743569135666,0.5632586479187012,0.8367900252342224,-0.03288402780890465,0.5760109424591064,0.8293106555938721,-0.06435124576091766,0.5334568023681641,0.8384228944778442,-0.06196435168385506,0.4983927011489868,0.8447787165641785,-0.05032941326498985
0.4287053048610687,0.8598250150680542,8.448417361250904e-07,0.448574960231781,0.7742637395858765,-0.01948777586221695,0.5141268968582153,0.7159863114356995,-0.02477213926613331,0.5812331438064575,0.7186903953552246,-0.03122084029018879,0.624455988407135,0.7418637275695801,-0.03591858595609665,0.5487455725669861,0.672781765460968,-0.010776173323392868,0.6275084614753723,0.6401631832122803,-0.03300619497895241,0.6785931587219238,0.6301476955413818,-0.045241016894578934,0.7226524353027344,0.6235892176628113,-0.05012845620512962,0.5638242959976196,0.7235090732574463,-0.014795990660786629,0.6440923810005188,0.6881093978881836,-0.04417487978935242,0.7034326195716858,0.6744144558906555,-0.06035517156124115,0.7514631152153015,0.6668124198913574,-0.06484946608543396,0.5677094459533691,0.7819067239761353,-0.021591581404209137,0.5919825434684753,0.7809609174728394,-0.06389883905649185,0.5387145280838013,0.7981536984443665,-0.06966287642717361,0.4963982105255127,0.809573233127594,-0.05803458392620087,0.5635913610458374,0.8362333178520203,-0.029354380443692207,0.5759759545326233,0.8294059634208679,-0.06121240556240082,0.5333998203277588,0.8385366201400757,-0.05943170562386513,0.4988901913166046,0.8453699350357056,-0.048000458627939224
0.42959630489349365,0.8642011880874634,8.279247936116008e-07,0.44809192419052124,0.7767718434333801,-0.01938626915216446,0.5135104656219482,0.7162016034126282,-0.024644209071993828,0.5801887512207031,0.7174788117408752,-0.03083985671401024,0.6238013505935669,0.7419111132621765,-0.03522032871842384,0.5470098853111267,0.6767547726631165,-0.012300455942749977,0.626605749130249,0.6423618793487549,-0.03425775468349457,0.6776121258735657,0.6321613788604736,-0.04599601402878761,0.7217437624931335,0.6259995102882385,-0.05068569257855415,0.561850905418396,0.7271842956542969,-0.01606251858174801,0.6440609693527222,0.6900829076766968,-0.04489034414291382,0.7033266425132751,0.6764900088310242,-0.06030375510454178,0.7518397569656372,0.6693107485771179,-0.06458535045385361,0.5661007165908813,0.7851288318634033,-0.022411217913031578,0.5947374105453491,0.7814034223556519,-0.0643000453710556,0.5410550236701965,0.7990045547485352,-0.06914939731359482,0.49849575757980347,0.8107008337974548,-0.057272251695394516,0.5629792809486389,0.8399629592895508,-0.02972378022968769,0.5768625736236572,0.8316378593444824,-0.06195491552352905,0.5338084101676941,0.8401955962181091,-0.06029024347662926,0.49904903769493103,0.8464769721031189,-0.04908504709601402
0.42951470613479614,0.8617688417434692,8.514355727129441e-07,0.44878581166267395,0.7755448818206787,-0.019647939130663872,0.5139520168304443,0.7155231833457947,-0.025211717933416367,0.5806936621665955,0.7170020937919617,-0.0317588709294796,0.6244613528251648,0.7413818836212158,-0.03648301213979721,0.5473116636276245,0.6761519312858582,-0.012684392742812634,0.6272642016410828,0.6425862312316895,-0.03514914587140083,0.6784865260124207,0.6328672766685486,-0.04732513055205345,0.7228168249130249,0.6270596981048584,-0.05225159600377083,0.5618081092834473,0.7266498804092407,-0.016474643722176552,0.6441001892089844,0.6896727681159973,-0.04613574966788292,0.7036139965057373,0.6760351657867432,-0.06217598170042038,0.7520923614501953,0.6690680980682373,-0.06677258014678955,0.5659969449043274,0.7848368883132935,-0.022855952382087708,0.59392249584198,0.7822217345237732,-0.06523949652910233,0.5403334498405457,0.8004218339920044,-0.07033749669790268,0.49754276871681213,0.8124638199806213,-0.05847150459885597,0.5629820823669434,0.8395135402679443,-0.030220935121178627,0.5764531493186951,0.8323889970779419,-0.06242935732007027,0.5335193276405334,0.8412020802497864,-0.06068037077784538,0.49869146943092346,0.8472263813018799,-0.049377139657735825
0.42682212591171265,0.8690303564071655,8.428854130215768e-07,0.4440021812915802,0.780704915523529,-0.018958861008286476,0.5107911229133606,0.719586193561554,-0.024637915194034576,0.5788491368293762,0.7213137745857239,-0.031058376654982567,0.6240898370742798,0.7443637847900391,-0.03560197353363037,0.5451741814613342,0.6790021061897278,-0.014853032305836678,0.6269378662109375,0.6463068127632141,-0.037755805999040604,0.6794944405555725,0.6362807750701904,-0.050406910479068756,0.7249863147735596,0.6297574043273926,-0.055882152169942856,0.5604940056800842,0.729685366153717,-0.018929699435830116,0.64459228515625,0.6938551664352417,-0.04870201274752617,0.7048199772834778,0.6797551512718201,-0.06472334265708923,0.7544203996658325,0.6716101169586182,-0.0697355791926384,0.5652496218681335,0.7877885699272156,-0.025287412106990814,0.596247673034668,0.7842477560043335,-0.06723936647176743,0.5418012142181396,0.8005011677742004,-0.07140843570232391,0.49776703119277954,0.8111544251441956,-0.05940880998969078,0.5623950958251953,0.8429310321807861,-0.03260576352477074,0.579791784286499,0.8345088958740234,-0.06487390398979187,0.5368220806121826,0.8419867753982544,-0.06274837255477905,0.5008890628814697,0.8466808795928955,-0.051338519901037216
0.4259812831878662,0.8684541583061218,8.571520311306813e-07,0.4460013508796692,0.779688835144043,-0.018926572054624557,0.5142098665237427,0.7183915376663208,-0.02372034452855587,0.5828664898872375,0.721444845199585,-0.029502147808670998,0.628858745098114,0.7462130784988403,-0.03344079107046127,0.5460323095321655,0.6782803535461426,-0.01158203650265932,0.6272095441818237,0.6451167464256287,-0.033483102917671204,0.6798450946807861,0.6354385614395142,-0.045405831187963486,0.7254298329353333,0.6290723085403442,-0.05036323145031929,0.5616289973258972,0.72881019115448,-0.015504928305745125,0.6444079279899597,0.6939671039581299,-0.044317953288555145,0.7050175666809082,0.6800289154052734,-0.06023067608475685,0.7546428442001343,0.6718076467514038,-0.06517896801233292,0.5662730932235718,0.7867876291275024,-0.02209375984966755,0.5940196514129639,0.7858980894088745,-0.06370352953672409,0.5400388240814209,0.8032730221748352,-0.06910195201635361,0.49665307998657227,0.8140249252319336,-0.057934004813432693,0.5632110238075256,0.8415817022323608,-0.029705548658967018,0.5769041776657104,0.8360580205917358,-0.06178276985883713,0.5327780246734619,0.8440049886703491,-0.06070664897561073,0.4963085353374481,0.8477729558944702,-0.050212498754262924
0.4290504455566406,0.8714644312858582,8.418953143518593e-07,0.4491608738899231,0.7820134162902832,-0.017026495188474655,0.517101526260376,0.7193663120269775,-0.020622219890356064,0.5844711065292358,0.7229976058006287,-0.025431226938962936,0.6289829015731812,0.74980628490448,-0.028564782813191414,0.5484902858734131,0.6802353858947754,-0.009859418496489525,0.6289389729499817,0.6458321213722229,-0.030980976298451424,0.681823194026947,0.6358785033226013,-0.04232613369822502,0.7272594571113586,0.6305622458457947,-0.046734519302845,0.5640731453895569,0.730850338935852,-0.014176306314766407,0.6463199853897095,0.6935579776763916,-0.04179351404309273,0.7070491313934326,0.679632306098938,-0.05675816535949707,0.756292462348938,0.6726864576339722,-0.0609111413359642,0.568558931350708,0.7890128493309021,-0.021031899377703667,0.5961480736732483,0.785297691822052,-0.061625272035598755,0.5416706204414368,0.8028565049171448,-0.06671769917011261,0.49794331192970276,0.8146575093269348,-0.05526848882436752,0.5657229423522949,0.8431724905967712,-0.028707562014460564,0.5791999697685242,0.8339736461639404,-0.060386184602975845,0.535417914390564,0.8425949215888977,-0.05931441858410835,0.5001662373542786,0.849375307559967,-0.04872189834713936
0.4285057485103607,0.8726533651351929,8.463105132250348e-07,0.44709253311157227,0.7835533022880554,-0.016817979514598846,0.5136613845825195,0.7200387716293335,-0.02145399898290634,0.581855833530426,0.7227445840835571,-0.027413228526711464,0.6271355152130127,0.7499935626983643,-0.03167467936873436,0.546379029750824,0.6800849437713623,-0.011984270066022873,0.6277541518211365,0.6457374691963196,-0.03409867733716965,0.6807072162628174,0.6356340050697327,-0.04629182443022728,0.7265925407409668,0.6301780343055725,-0.05151379480957985,0.5623758435249329,0.7311463952064514,-0.016768362373113632,0.645263671875,0.6934822797775269,-0.045797497034072876,0.7064175605773926,0.6796697974205017,-0.06178085505962372,0.7563633322715759,0.6731019020080566,-0.06694634258747101,0.5677065849304199,0.7896921634674072,-0.023738017305731773,0.5974025130271912,0.7836150527000427,-0.06480348855257034,0.542669415473938,0.8011980652809143,-0.06927229464054108,0.49854379892349243,0.8136712908744812,-0.05767885968089104,0.5657234191894531,0.8446836471557617,-0.03151196986436844,0.5792831182479858,0.8328535556793213,-0.06310074031352997,0.5357445478439331,0.8409011363983154,-0.06136340647935867,0.500512421131134,0.8476805090904236,-0.05046945437788963
0.4308638870716095,0.8718934059143066,8.631890295873745e-07,0.45031678676605225,0.7837373614311218,-0.019120316952466965,0.516071617603302,0.7223103642463684,-0.02575168013572693,0.5837602019309998,0.7244282364845276,-0.033465947955846786,0.6295238733291626,0.7499516010284424,-0.0394199974834919,0.5474501252174377,0.680683434009552,-0.015225851908326149,0.6282361149787903,0.6476786136627197,-0.03895892575383186,0.6805049180984497,0.6380192041397095,-0.05234088376164436,0.7260327935218811,0.6319252252578735,-0.058301713317632675,0.563579261302948,0.7315859198570251,-0.01964004524052143,0.645214855670929,0.6952872276306152,-0.04974780231714249,0.705807089805603,0.6821010708808899,-0.06588037312030792,0.7555397152900696,0.6754812002182007,-0.07105939835309982,0.568937361240387,0.7906551361083984,-0.026435263454914093,0.5977332592010498,0.7880282998085022,-0.06763855367898941,0.5432936549186707,0.8069280385971069,-0.07097787410020828,0.49979615211486816,0.8195441365242004,-0.058603957295417786,0.5665507912635803,0.8462902307510376,-0.03439454734325409,0.579630434513092,0.8371259570121765,-0.06524357944726944,0.5381560325622559,0.8459274768829346,-0.06238768622279167,0.5047014355659485,0.8530178070068359,-0.05073303356766701
0.4330809712409973,0.8725653886795044,8.583805310991011e-07,0.4519401788711548,0.7856158018112183,-0.017486082389950752,0.5166693329811096,0.7237823605537415,-0.02348015457391739,0.5839011073112488,0.7265523076057434,-0.030750880017876625,0.6300822496414185,0.7512143850326538,-0.0365278534591198,0.5503203868865967,0.6821272373199463,-0.013603259809315205,0.630617618560791,0.6505413055419922,-0.0365850068628788,0.6828759908676147,0.6407203078269958,-0.04962960258126259,0.7282001972198486,0.6350793838500977,-0.05552589148283005,0.5649526715278625,0.7326720952987671,-0.018823448568582535,0.647722065448761,0.6965389251708984,-0.04847445711493492,0.707726240158081,0.6832906007766724,-0.06488145142793655,0.7573399543762207,0.6772225499153137,-0.07046206295490265,0.5692859292030334,0.7919881343841553,-0.026143444702029228,0.6002128720283508,0.7864330410957336,-0.06748565286397934,0.544871985912323,0.8056157827377319,-0.07075679302215576,0.5017980337142944,0.8189272284507751,-0.05851222202181816,0.5662342309951782,0.8483643531799316,-0.034299492835998535,0.5809465646743774,0.8348985314369202,-0.06566815078258514,0.5383514165878296,0.844019889831543,-0.06232813000679016,0.5051088929176331,0.8518097996711731,-0.050370413810014725
0.4333038926124573,0.8710792064666748,8.518791787537339e-07,0.45253053307533264,0.7845344543457031,-0.017220696434378624,0.5177146196365356,0.7238345742225647,-0.022628989070653915,0.5847190618515015,0.7268392443656921,-0.029286406934261322,0.6308138370513916,0.7512834668159485,-0.034400321543216705,0.5499855279922485,0.6820526123046875,-0.012905634939670563,0.630343496799469,0.650170624256134,-0.03551197797060013,0.6827303767204285,0.6403889656066895,-0.04811563715338707,0.7280641794204712,0.6348401308059692,-0.05367383733391762,0.5647115111351013,0.7324479818344116,-0.018002858385443687,0.647326648235321,0.6963557004928589,-0.047107718884944916,0.7073572874069214,0.6833401918411255,-0.06305953860282898,0.7570232152938843,0.6774192452430725,-0.06835709512233734,0.5691739320755005,0.7914570569992065,-0.025272894650697708,0.6000350117683411,0.7860293388366699,-0.06624742597341537,0.5450916886329651,0.8051469326019287,-0.06964465230703354,0.5022485852241516,0.8183492422103882,-0.05758184939622879,0.5663975477218628,0.8475082516670227,-0.033385492861270905,0.580690324306488,0.8349688053131104,-0.06472376734018326,0.538176417350769,0.843658447265625,-0.06187409162521362,0.5049492120742798,0.850995659828186,-0.050344858318567276
0.4318077266216278,0.87065589427948,8.603281003161101e-07,0.4529840648174286,0.7845845818519592,-0.01665176823735237,0.5202059745788574,0.724452018737793,-0.020217593759298325,0.5867767333984375,0.726831316947937,-0.0249796099960804,0.6330724358558655,0.7512746453285217,-0.02802717126905918,0.5510751008987427,0.6824795007705688,-0.00891758780926466,0.6321473717689514,0.6514138579368591,-0.02999936230480671,0.6852371692657471,0.6417505741119385,-0.04202086105942726,0.7307982444763184,0.6361469626426697,-0.04723668843507767,0.5655697584152222,0.7330225110054016,-0.013524779118597507,0.6480281352996826,0.699530839920044,-0.04125308617949486,0.7089182734489441,0.6867235898971558,-0.05756378918886185,0.7591152191162109,0.6808353066444397,-0.06322337687015533,0.5697049498558044,0.7920365333557129,-0.020422939211130142,0.5993458032608032,0.7872735261917114,-0.06022690609097481,0.5456377267837524,0.8047605752944946,-0.06495191901922226,0.5030317306518555,0.8176565766334534,-0.05398023501038551,0.5673104524612427,0.8473858833312988,-0.028127677738666534,0.579298198223114,0.8361732959747314,-0.05877682566642761,0.5370007753372192,0.8450210690498352,-0.05683191865682602,0.5041763782501221,0.8534659147262573,-0.04603581875562668
0.43149107694625854,0.8722888827323914,8.524742156623688e-07,0.4522794485092163,0.7856411337852478,-0.017097964882850647,0.5192343592643738,0.7249225974082947,-0.021331319585442543,0.5866314768791199,0.726341187953949,-0.02681712992489338,0.6334238052368164,0.7507256269454956,-0.030486365780234337,0.5507792234420776,0.6831475496292114,-0.009642785415053368,0.6320989727973938,0.6514283418655396,-0.031043920665979385,0.6847459077835083,0.641844630241394,-0.04310024902224541,0.7301623225212097,0.6358445286750793,-0.048303183168172836,0.5651891231536865,0.7339898347854614,-0.014272543601691723,0.6481077075004578,0.6994690895080566,-0.04263951629400253,0.7086835503578186,0.6856945753097534,-0.05902615189552307,0.7585878372192383,0.6782596707344055,-0.06462912261486053,0.5693369507789612,0.793192982673645,-0.021179158240556717,0.5989490151405334,0.7873913645744324,-0.06154277175664902,0.5449857711791992,0.8050651550292969,-0.065658800303936,0.5021145939826965,0.8177401423454285,-0.05401080474257469,0.5668748617172241,0.8490613102912903,-0.028928622603416443,0.5803852081298828,0.8364899158477783,-0.05933656543493271,0.5381643176078796,0.8457126021385193,-0.056448712944984436,0.505057156085968,0.8542717099189758,-0.044890519231557846
0.43093937635421753,0.872771143913269,8.833054607748636e-07,0.45082253217697144,0.7864550948143005,-0.019951622933149338,0.5176544785499573,0.7256509065628052,-0.026850424706935883,0.5856279134750366,0.7293087244033813,-0.034805867820978165,0.6331624984741211,0.75251305103302,-0.04094177857041359,0.5511266589164734,0.6812832951545715,-0.01314847357571125,0.6326698064804077,0.6498997211456299,-0.03686555102467537,0.6856602430343628,0.6408690810203552,-0.050547536462545395,0.7312458157539368,0.6354796290397644,-0.0567421093583107,0.5655962824821472,0.7328075170516968,-0.01747618056833744,0.6487945318222046,0.6982961893081665,-0.0483824647963047,0.7091308832168579,0.6851143836975098,-0.0656404197216034,0.7585803270339966,0.6783173680305481,-0.07132764905691147,0.5693368315696716,0.7928003668785095,-0.024417757987976074,0.5989941954612732,0.7894956469535828,-0.06713662296533585,0.5434128642082214,0.8081924319267273,-0.07089933007955551,0.5000582933425903,0.8200436234474182,-0.05837457627058029,0.565584659576416,0.8489878177642822,-0.03245029225945473,0.5804375410079956,0.8379735946655273,-0.0645696297287941,0.5375229120254517,0.8467288017272949,-0.06143666058778763,0.5039513111114502,0.8529888391494751,-0.049243584275245667
0.429948091506958,0.8733882308006287,8.815412684270996e-07,0.4504932165145874,0.7868120670318604,-0.019961584359407425,0.5169525146484375,0.7256053686141968,-0.027182823047041893,0.5845088958740234,0.7285990715026855,-0.035547975450754166,0.6316619515419006,0.7525896430015564,-0.0421285517513752,0.550868809223175,0.681149959564209,-0.013726339675486088,0.6328070759773254,0.6501532793045044,-0.037852294743061066,0.6859601140022278,0.6411405801773071,-0.051882918924093246,0.7317605018615723,0.6357550621032715,-0.05840349569916725,0.5654557347297668,0.7328610420227051,-0.018164709210395813,0.6485259532928467,0.6977185010910034,-0.0494539849460125,0.7087460160255432,0.6851015686988831,-0.0668393224477768,0.7583158612251282,0.6789975166320801,-0.07268159091472626,0.5692418813705444,0.7932050824165344,-0.025159388780593872,0.5993540287017822,0.7888119220733643,-0.06800539046525955,0.5436921715736389,0.8071322441101074,-0.07169533520936966,0.5002116560935974,0.8191330432891846,-0.05921493098139763,0.5651896595954895,0.8497658967971802,-0.03328124061226845,0.5795138478279114,0.8377047181129456,-0.06550714373588562,0.5370233654975891,0.845697283744812,-0.0625402182340622,0.5035843253135681,0.851645290851593,-0.050512734800577164
0.4322240948677063,0.8757476806640625,8.537879239156609e-07,0.4546402394771576,0.7852908968925476,-0.017544899135828018,0.5205321311950684,0.7257363200187683,-0.021529531106352806,0.5880035161972046,0.7295556664466858,-0.02686348743736744,0.6338164210319519,0.7544747591018677,-0.030453937128186226,0.5522200465202332,0.6830030083656311,-0.007095213979482651,0.6328057050704956,0.6508666276931763,-0.028151685371994972,0.6852447390556335,0.6409931778907776,-0.04025948420166969,0.7308269739151001,0.6348003149032593,-0.045572008937597275,0.5662343502044678,0.7352084517478943,-0.011502684094011784,0.648524820804596,0.7001242637634277,-0.039843156933784485,0.7087557315826416,0.6866424083709717,-0.056386254727840424,0.7585107684135437,0.6799371838569641,-0.061938297003507614,0.569472074508667,0.7952081561088562,-0.01854737475514412,0.5990901589393616,0.7905528545379639,-0.060403961688280106,0.5446234941482544,0.8075131177902222,-0.0660632848739624,0.5017458200454712,0.8192629218101501,-0.05500376224517822,0.5655293464660645,0.850892186164856,-0.02636517398059368,0.579406201839447,0.8388851284980774,-0.059287261217832565,0.5356708765029907,0.8466846942901611,-0.05833955109119415,0.5010497570037842,0.8533913493156433,-0.04777493327856064
0.4322642385959625,0.8734841346740723,8.598598810749536e-07,0.4552870988845825,0.7827492356300354,-0.016617316752672195,0.5209081172943115,0.7237940430641174,-0.02109142392873764,0.5881506204605103,0.728018045425415,-0.02731383591890335,0.6336183547973633,0.7545995712280273,-0.03190993145108223,0.5523707866668701,0.6833958625793457,-0.007213284727185965,0.632719874382019,0.6512267589569092,-0.028508348390460014,0.6849789619445801,0.6413313150405884,-0.04097144678235054,0.7305023670196533,0.6349794864654541,-0.046640269458293915,0.5667405724525452,0.735919713973999,-0.01235229428857565,0.6484983563423157,0.7005017399787903,-0.040642768144607544,0.7086401581764221,0.6868772506713867,-0.05743340030312538,0.7583528161048889,0.6801485419273376,-0.06339634209871292,0.5701981782913208,0.796227216720581,-0.019937623292207718,0.5995928049087524,0.7903017401695251,-0.060946907848119736,0.5451192259788513,0.8070221543312073,-0.06612467765808105,0.501763105392456,0.8192099332809448,-0.05507954955101013,0.566275954246521,0.8522173166275024,-0.02831881120800972,0.5787169337272644,0.8387160897254944,-0.05989912524819374,0.5357767343521118,0.8458101153373718,-0.05823050066828728,0.5014788508415222,0.85250324010849,-0.04745752364397049
0.43289655447006226,0.8697999715805054,8.554493433621246e-07,0.45295536518096924,0.7822690010070801,-0.017661165446043015,0.5190269947052002,0.7217444777488708,-0.022632960230112076,0.5876645445823669,0.7233103513717651,-0.029144372791051865,0.6337822675704956,0.7487700581550598,-0.033846158534288406,0.5511157512664795,0.6842877864837646,-0.010286062955856323,0.6321441531181335,0.6523505449295044,-0.03251103684306145,0.6844585537910461,0.642753005027771,-0.04539802297949791,0.7303849458694458,0.6368975639343262,-0.05140077695250511,0.5657137036323547,0.7356902360916138,-0.015119649469852448,0.6474501490592957,0.7002768516540527,-0.04477345198392868,0.7085289359092712,0.6868934631347656,-0.06204979494214058,0.7585748434066772,0.6803948879241943,-0.06842678040266037,0.5700241923332214,0.7943198084831238,-0.02230856381356716,0.5993502736091614,0.7900310754776001,-0.06383181363344193,0.5448095798492432,0.8077160716056824,-0.06794759631156921,0.5006955862045288,0.8200129866600037,-0.05627746134996414,0.567640483379364,0.8488305807113647,-0.030499806627631187,0.580216109752655,0.8388429284095764,-0.06190100684762001,0.5372364521026611,0.8474418520927429,-0.059469934552907944,0.502644956111908,0.8546395897865295,-0.04826777055859566
0.4323796331882477,0.8703913688659668,8.49340608510829e-07,0.45153361558914185,0.7826579213142395,-0.01801811158657074,0.518596887588501,0.7210422158241272,-0.022919852286577225,0.5876488089561462,0.7228402495384216,-0.02910580113530159,0.6336056590080261,0.7486213445663452,-0.03350253403186798,0.5509119629859924,0.6847937703132629,-0.011036697775125504,0.6312928199768066,0.6530411243438721,-0.03316924721002579,0.6835134625434875,0.6437983512878418,-0.04611694812774658,0.7295032739639282,0.6381850838661194,-0.052216432988643646,0.5653791427612305,0.7358112335205078,-0.01560683362185955,0.6471508145332336,0.7007381916046143,-0.045192137360572815,0.7079625725746155,0.6872932314872742,-0.062292687594890594,0.7579247951507568,0.6803679466247559,-0.06847651302814484,0.5695813298225403,0.7942430973052979,-0.0225081704556942,0.6003587245941162,0.7898529767990112,-0.06420662999153137,0.5457333326339722,0.8074179887771606,-0.06808703392744064,0.5013024806976318,0.8197066187858582,-0.05610717833042145,0.5670772194862366,0.8489137887954712,-0.030393969267606735,0.5823110938072205,0.8382868766784668,-0.062319912016391754,0.5393548607826233,0.8474337458610535,-0.059744738042354584,0.5044969320297241,0.8549365401268005,-0.048240792006254196
0.4323185682296753,0.8732691407203674,8.772676096668874e-07,0.450971782207489,0.7837094068527222,-0.018403612077236176,0.5181768536567688,0.7224739789962769,-0.023456795141100883,0.5877602100372314,0.7251243591308594,-0.029552852734923363,0.6347296237945557,0.7506297826766968,-0.03387230634689331,0.5497404336929321,0.6830457448959351,-0.011064901947975159,0.630561113357544,0.6512358784675598,-0.03343543782830238,0.6834505796432495,0.6426873803138733,-0.04650577902793884,0.7302446961402893,0.6381659507751465,-0.05254829302430153,0.5644327402114868,0.7353878021240234,-0.01532558724284172,0.6469124555587769,0.7000030279159546,-0.04519585520029068,0.7076449394226074,0.6867882013320923,-0.06227286905050278,0.7579457759857178,0.6800834536552429,-0.06820957362651825,0.5686473846435547,0.7945946455001831,-0.02191293239593506,0.6000417470932007,0.7892824411392212,-0.06424642354249954,0.544352114200592,0.8072441816329956,-0.06802742928266525,0.49959516525268555,0.8193711638450623,-0.05561316758394241,0.5656425356864929,0.8494781255722046,-0.029416801407933235,0.580980122089386,0.8373841047286987,-0.06189568713307381,0.5377285480499268,0.8475134372711182,-0.059038735926151276,0.5030086040496826,0.855259358882904,-0.04702399671077728
0.4315945506095886,0.8731382489204407,8.830446063257114e-07,0.4518388509750366,0.7846266031265259,-0.017994161695241928,0.5183259844779968,0.7240049242973328,-0.023422369733452797,0.5863219499588013,0.7264664173126221,-0.03002607822418213,0.6330169439315796,0.7506687045097351,-0.03495614603161812,0.5495439171791077,0.6827036142349243,-0.011500603519380093,0.6311138272285461,0.6514407992362976,-0.034584030508995056,0.6849928498268127,0.642473578453064,-0.048373185098171234,0.7323070168495178,0.6378042101860046,-0.05482383444905281,0.564096212387085,0.7350003123283386,-0.01616540364921093,0.6465669274330139,0.6994460225105286,-0.046177253127098083,0.7074944972991943,0.6868401169776917,-0.06366890668869019,0.7578404545783997,0.6810956001281738,-0.07001224160194397,0.568549394607544,0.7947226762771606,-0.02310803346335888,0.5992813110351562,0.7898936867713928,-0.06526386737823486,0.5439164638519287,0.8076525926589966,-0.06950130313634872,0.4993255138397217,0.8196414709091187,-0.057674672454595566,0.5659621357917786,0.8495572209358215,-0.030937252566218376,0.5799203515052795,0.837444007396698,-0.06324175745248795,0.5369898080825806,0.8469647169113159,-0.060675621032714844,0.5024964809417725,0.8543939590454102,-0.049061551690101624
0.4331401586532593,0.8689301609992981,8.910978976928163e-07,0.4536125957965851,0.77894127368927,-0.01795930787920952,0.5170778036117554,0.719037652015686,-0.025097938254475594,0.5844864845275879,0.7234508395195007,-0.0340227372944355,0.6309314966201782,0.7508019208908081,-0.04120265319943428,0.548173189163208,0.6807743906974792,-0.01266940962523222,0.6303409337997437,0.6496033668518066,-0.036672044545412064,0.6827085614204407,0.6404067277908325,-0.05079296976327896,0.7283328771591187,0.6338521242141724,-0.05755971372127533,0.563162088394165,0.7322481274604797,-0.01842692494392395,0.6463108658790588,0.6970592141151428,-0.04961252585053444,0.7076523900032043,0.6840342283248901,-0.06739646196365356,0.7580946087837219,0.6767972111701965,-0.07394888997077942,0.5678600668907166,0.7922178506851196,-0.026431625708937645,0.5985270738601685,0.7876620292663574,-0.06848270446062088,0.5435617566108704,0.8074761033058167,-0.07135502994060516,0.4995170831680298,0.8209922313690186,-0.058670524507761,0.5655292272567749,0.8486482501029968,-0.03555184230208397,0.5783870220184326,0.8378433585166931,-0.06643622368574142,0.5358988046646118,0.8474317193031311,-0.062376268208026886,0.5019078254699707,0.8556797504425049,-0.049913063645362854
0.4301103949546814,0.8671273589134216,8.890942808648106e-07,0.45073235034942627,0.7789610624313354,-0.018057851120829582,0.5168176293373108,0.7203431129455566,-0.02267243154346943,0.5853403210639954,0.7251095175743103,-0.028529735282063484,0.6309390068054199,0.7506650686264038,-0.03263544291257858,0.5506955981254578,0.6801106929779053,-0.008351574651896954,0.6316894292831421,0.6486054062843323,-0.029756654053926468,0.6841365694999695,0.6399806141853333,-0.04248699173331261,0.7294322848320007,0.6355078816413879,-0.048194196075201035,0.5642210841178894,0.7318291664123535,-0.0125026386231184,0.6475836038589478,0.697656512260437,-0.04113955795764923,0.7084814310073853,0.6837393641471863,-0.058114372193813324,0.7581164836883545,0.6767765879631042,-0.06404717266559601,0.5670071244239807,0.7914628982543945,-0.019213009625673294,0.5985336899757385,0.7877651453018188,-0.06046375259757042,0.5440612435340881,0.8051460981369019,-0.06538949906826019,0.5003320574760437,0.8170151710510254,-0.05393274128437042,0.5629169940948486,0.846558153629303,-0.02679569087922573,0.5798722505569458,0.8348743915557861,-0.058954302221536636,0.5377389788627625,0.8440456390380859,-0.05704433470964432,0.5040243268013,0.8517146110534668,-0.04581647366285324
0.42949578166007996,0.8696133494377136,8.551638188691868e-07,0.4488353729248047,0.7814568877220154,-0.019221164286136627,0.5151818990707397,0.7222681641578674,-0.024302927777171135,0.5835548043251038,0.7245844602584839,-0.03041953407227993,0.6287567019462585,0.7492684125900269,-0.03457336872816086,0.5512515306472778,0.6820735335350037,-0.01035664789378643,0.6321341395378113,0.649968147277832,-0.032409001141786575,0.684049665927887,0.6405620574951172,-0.04497211426496506,0.7289047837257385,0.6352224946022034,-0.050468023866415024,0.5649595856666565,0.73337322473526,-0.014327973127365112,0.6481252312660217,0.6969015002250671,-0.04362630471587181,0.7081612348556519,0.6832210421562195,-0.0600498802959919,0.7571980357170105,0.6766895651817322,-0.06535034626722336,0.5676150321960449,0.7926386594772339,-0.020935025066137314,0.5982338786125183,0.7880887985229492,-0.06260978430509567,0.5437965989112854,0.8055380582809448,-0.06672924011945724,0.500627875328064,0.8174170255661011,-0.05455176904797554,0.563326358795166,0.8480260372161865,-0.028577836230397224,0.5795295834541321,0.8367505073547363,-0.06059267744421959,0.5376488566398621,0.8451076745986938,-0.05828648433089256,0.5043148994445801,0.851901650428772,-0.04674019291996956
0.4285658299922943,0.870823323726654,8.662291293148883e-07,0.44917887449264526,0.7813616394996643,-0.020257439464330673,0.5160284042358398,0.7215893268585205,-0.025702733546495438,0.5847892761230469,0.7257829308509827,-0.0319407694041729,0.6304707527160645,0.7522372007369995,-0.03632053732872009,0.5485066771507263,0.6796473264694214,-0.012411952950060368,0.6291873455047607,0.6474050283432007,-0.0360705591738224,0.6822367906570435,0.6382980346679688,-0.04931209236383438,0.7285420894622803,0.6334203481674194,-0.05501827970147133,0.563776433467865,0.7315294146537781,-0.016131877899169922,0.64625483751297,0.6955863237380981,-0.04726849123835564,0.7071556448936462,0.6820238828659058,-0.06435980647802353,0.7570288181304932,0.6757394075393677,-0.06958656013011932,0.5678551197052002,0.7908073663711548,-0.022650187835097313,0.595350980758667,0.7895331978797913,-0.0673716738820076,0.5402202606201172,0.806381106376648,-0.07369914650917053,0.4960887134075165,0.8175548315048218,-0.06209111586213112,0.5641103982925415,0.8450571298599243,-0.030116530135273933,0.5762730836868286,0.8368253707885742,-0.06499038636684418,0.533122181892395,0.8441469073295593,-0.06481240689754486,0.4982333183288574,0.8494253158569336,-0.054174523800611496
0.4294615387916565,0.8697062730789185,8.681835197421606e-07,0.44960781931877136,0.7833346128463745,-0.019510159268975258,0.516042947769165,0.7242743968963623,-0.025603732094168663,0.5834859013557434,0.7275134921073914,-0.03260786831378937,0.6292834281921387,0.7513403296470642,-0.03782042860984802,0.5505535006523132,0.6801683902740479,-0.014130452647805214,0.6312567591667175,0.6478770971298218,-0.0385596938431263,0.6843449473381042,0.6389052271842957,-0.05237092450261116,0.7303869724273682,0.6343745589256287,-0.0583731047809124,0.5652185678482056,0.7315390110015869,-0.018616504967212677,0.6476611495018005,0.6954139471054077,-0.05010400712490082,0.7081261873245239,0.6814957857131958,-0.06751956790685654,0.7577172517776489,0.67503821849823,-0.07307769358158112,0.5689258575439453,0.7908358573913574,-0.025629309937357903,0.5952680110931396,0.7892818450927734,-0.06939885020256042,0.539738655090332,0.8062555193901062,-0.07473825663328171,0.49608591198921204,0.8174536228179932,-0.06294038891792297,0.5652018189430237,0.8453478813171387,-0.033584702759981155,0.5757637023925781,0.8366734981536865,-0.06686921417713165,0.5324372053146362,0.8441522121429443,-0.06536967307329178,0.4987342357635498,0.8495463132858276,-0.05416009575128555
0.4297178387641907,0.8705745935440063,8.696072200109484e-07,0.45017847418785095,0.7779903411865234,-0.01769758015871048,0.516057550907135,0.717298150062561,-0.021984858438372612,0.5849959850311279,0.7207489013671875,-0.027426153421401978,0.6315057277679443,0.7479506731033325,-0.03081647679209709,0.5489124059677124,0.6782070398330688,-0.009057030081748962,0.6301460266113281,0.6466286778450012,-0.030499840155243874,0.6821025609970093,0.6373551487922668,-0.042674433439970016,0.7279198169708252,0.6316345930099487,-0.04814321547746658,0.563238263130188,0.7302531599998474,-0.013079369440674782,0.6453747749328613,0.6950250267982483,-0.0426141731441021,0.7064023613929749,0.6817543506622314,-0.05956269055604935,0.7567923665046692,0.6750345230102539,-0.06541334837675095,0.5671610832214355,0.7892017364501953,-0.019479980692267418,0.5963911414146423,0.7874656319618225,-0.06147971749305725,0.5408295392990112,0.8062581419944763,-0.06598856300115585,0.49579954147338867,0.8178934454917908,-0.054097358137369156,0.5641525387763977,0.8440389037132263,-0.026798464357852936,0.5768017172813416,0.8363461494445801,-0.05966708064079285,0.5331573486328125,0.8453583121299744,-0.05839208886027336,0.4974314272403717,0.8509544730186462,-0.047491393983364105
0.4291268587112427,0.8706914186477661,8.849387995724101e-07,0.4495045840740204,0.7798962593078613,-0.01744742877781391,0.5146185159683228,0.7190877199172974,-0.023228056728839874,0.5827316045761108,0.7218068838119507,-0.030348898842930794,0.6294763684272766,0.7463858127593994,-0.035619329661130905,0.5468751788139343,0.6783798336982727,-0.011380515061318874,0.6292151212692261,0.6467636823654175,-0.03396861255168915,0.6821235418319702,0.6370106339454651,-0.04703238606452942,0.728227972984314,0.6306930780410767,-0.0529915913939476,0.5612696409225464,0.7298832535743713,-0.01640463061630726,0.6446723937988281,0.6942062973976135,-0.04656556248664856,0.7057749032974243,0.6813697218894958,-0.0637894943356514,0.7561614513397217,0.6747406125068665,-0.06983702629804611,0.5657830834388733,0.7891820669174194,-0.02352823317050934,0.5963202118873596,0.7865043878555298,-0.06490015238523483,0.5411310195922852,0.805851399898529,-0.06791483610868454,0.4970173239707947,0.8175201416015625,-0.055413052439689636,0.5634148120880127,0.8449798226356506,-0.0316169299185276,0.5777158737182617,0.8356938362121582,-0.06264708936214447,0.533795952796936,0.8452445268630981,-0.05894150212407112,0.49834686517715454,0.8511651754379272,-0.04666578769683838
0.4331541657447815,0.8760352730751038,8.17064631064568e-07,0.44962799549102783,0.782990574836731,-0.01948672905564308,0.51624596118927,0.717303991317749,-0.02108670398592949,0.5887070894241333,0.7165612578392029,-0.023135600611567497,0.6374712586402893,0.7428851127624512,-0.023601476103067398,0.5538328886032104,0.6809967756271362,-0.004332886543124914,0.6320233941078186,0.6471326351165771,-0.022277606651186943,0.6834492087364197,0.6360763311386108,-0.03236253187060356,0.728425920009613,0.6302679181098938,-0.03670583665370941,0.5696981549263,0.734415590763092,-0.006367752328515053,0.6519877314567566,0.6979256272315979,-0.0318591445684433,0.7116596102714539,0.6825688481330872,-0.04711800441145897,0.7607353329658508,0.675881028175354,-0.052120357751846313,0.5732110738754272,0.7941914796829224,-0.01148945465683937,0.6051339507102966,0.7913756370544434,-0.05341493338346481,0.5484926104545593,0.80687016248703,-0.06056750565767288,0.5029114484786987,0.8197977542877197,-0.050340648740530014,0.5685363411903381,0.8485725522041321,-0.01737157627940178,0.5827895402908325,0.8366163969039917,-0.05358121544122696,0.5390397906303406,0.845352828502655,-0.05579313263297081,0.5037356019020081,0.8540012836456299,-0.046974554657936096
0.4340496063232422,0.876946210861206,8.31515592381038e-07,0.45034101605415344,0.7865389585494995,-0.019130337983369827,0.5169501304626465,0.7210681438446045,-0.023019110783934593,0.5881933569908142,0.7230191230773926,-0.027463143691420555,0.6363503932952881,0.753433108329773,-0.030368851497769356,0.5546233654022217,0.6881820559501648,-0.01078422088176012,0.6340414881706238,0.6541625261306763,-0.030429156497120857,0.685871422290802,0.6435873508453369,-0.04109799861907959,0.7311688661575317,0.6387040019035339,-0.0456685908138752,0.5698168277740479,0.7402796149253845,-0.013346441090106964,0.652221143245697,0.7035564184188843,-0.03988438844680786,0.7117366790771484,0.6877908706665039,-0.05462676286697388,0.7610039710998535,0.6812742352485657,-0.05931088328361511,0.573371946811676,0.7985501289367676,-0.018390793353319168,0.6055165529251099,0.7935139536857605,-0.058563437312841415,0.548944354057312,0.8113427758216858,-0.06226525828242302,0.5044310688972473,0.8256714344024658,-0.050144996494054794,0.5694608688354492,0.8531313538551331,-0.02434973232448101,0.5866357088088989,0.8390479683876038,-0.05704318359494209,0.5442262887954712,0.8492348194122314,-0.05563129857182503,0.5102423429489136,0.8587239384651184,-0.04471021518111229
0.43723195791244507,0.8796883821487427,8.21693618036079e-07,0.4519432783126831,0.7893286943435669,-0.018922142684459686,0.5186497569084167,0.7236884832382202,-0.021185800433158875,0.5899016857147217,0.7254886627197266,-0.023983612656593323,0.6372426748275757,0.7535520792007446,-0.025183983147144318,0.555830180644989,0.6878840327262878,-0.008024507202208042,0.6348389983177185,0.6554800271987915,-0.02644292265176773,0.6860947608947754,0.6455233097076416,-0.036392662674188614,0.7307603359222412,0.6403261423110962,-0.040799468755722046,0.5703076124191284,0.7399601936340332,-0.010532170534133911,0.6528609991073608,0.7051637172698975,-0.03643621876835823,0.7122852206230164,0.691508412361145,-0.05093013495206833,0.7615147829055786,0.6860184073448181,-0.05554690584540367,0.5731454491615295,0.7988821864128113,-0.01566585712134838,0.6067060828208923,0.793880820274353,-0.055387984961271286,0.550529956817627,0.8130002021789551,-0.05861787870526314,0.5071357488632202,0.8270365595817566,-0.04645693674683571,0.5684289336204529,0.8539820909500122,-0.021763278171420097,0.5857958793640137,0.8404779434204102,-0.05461149662733078,0.5436166524887085,0.8506858348846436,-0.05336235463619232,0.5106480121612549,0.8593654036521912,-0.042754050344228745
0.43700504302978516,0.878008246421814,8.461237825940771e-07,0.45343565940856934,0.7882766127586365,-0.01844780147075653,0.519633948802948,0.7231907844543457,-0.021465882658958435,0.5903956890106201,0.7246473431587219,-0.025465872138738632,0.6377955079078674,0.7527496814727783,-0.02806672640144825,0.556813657283783,0.6879004836082458,-0.00690687308087945,0.6354491710662842,0.656023383140564,-0.025870706886053085,0.6869210600852966,0.6459479331970215,-0.03671211004257202,0.731403112411499,0.6409839987754822,-0.04171706736087799,0.5707414150238037,0.7405992746353149,-0.010159059427678585,0.6531009078025818,0.7051892280578613,-0.036615513265132904,0.7122375965118408,0.6913276314735413,-0.052170202136039734,0.7609648704528809,0.6863132119178772,-0.05754046514630318,0.5731968879699707,0.8008062243461609,-0.01598402112722397,0.6063776016235352,0.7942304015159607,-0.05532744154334068,0.5504970550537109,0.8117160797119141,-0.05854760855436325,0.5073577165603638,0.8248830437660217,-0.046599794179201126,0.5678210854530334,0.8568755984306335,-0.02278607338666916,0.5855183005332947,0.8406588435173035,-0.054366447031497955,0.5437363982200623,0.8502859473228455,-0.052049215883016586,0.5111467838287354,0.85880047082901,-0.0409199520945549
0.43614476919174194,0.8840007781982422,8.232657933149312e-07,0.4535525441169739,0.7922081351280212,-0.018294569104909897,0.5192821025848389,0.7282780408859253,-0.02073020674288273,0.5890889763832092,0.7325379252433777,-0.024101778864860535,0.635733962059021,0.76021409034729,-0.02606719173491001,0.5571653246879578,0.6914478540420532,-0.005445251706987619,0.6353399753570557,0.6591778993606567,-0.02405500039458275,0.6868459582328796,0.648347795009613,-0.03495349735021591,0.731049656867981,0.6423220634460449,-0.03992726653814316,0.5713659524917603,0.7450520992279053,-0.00868811085820198,0.6529967784881592,0.7100989818572998,-0.03389370068907738,0.7117966413497925,0.6959705948829651,-0.04835037514567375,0.7605872750282288,0.6899315118789673,-0.052906446158885956,0.5742589235305786,0.805898129940033,-0.014824703335762024,0.6075886487960815,0.8012486100196838,-0.0536428838968277,0.5512388348579407,0.8185865879058838,-0.056606873869895935,0.5077264904975891,0.8317970037460327,-0.04438290745019913,0.5692940950393677,0.8625296354293823,-0.022024841979146004,0.5866968631744385,0.8482293486595154,-0.0536828376352787,0.5443521738052368,0.8581106066703796,-0.05142238363623619,0.5117154717445374,0.8676655888557434,-0.04017907753586769
0.43600812554359436,0.8832510709762573,8.348990832018899e-07,0.45457106828689575,0.7921377420425415,-0.018676837906241417,0.520863950252533,0.7276380658149719,-0.022032693028450012,0.5902626514434814,0.7312504053115845,-0.02613498829305172,0.6369192600250244,0.7595639824867249,-0.0287950336933136,0.5564536452293396,0.6907213926315308,-0.009048109874129295,0.63518226146698,0.6589651107788086,-0.028019359335303307,0.6862068772315979,0.6492398381233215,-0.03867948055267334,0.730647623538971,0.6431429982185364,-0.043454039841890335,0.5710798501968384,0.7443455457687378,-0.012153297662734985,0.6530360579490662,0.7104346752166748,-0.037428513169288635,0.7124385237693787,0.6971281170845032,-0.051541052758693695,0.761652410030365,0.6902464628219604,-0.05605152249336243,0.5743860602378845,0.8043072819709778,-0.017963580787181854,0.6055310964584351,0.8019309043884277,-0.05710520222783089,0.5498721599578857,0.8201408386230469,-0.06078766658902168,0.5063375234603882,0.8330628871917725,-0.0490771047770977,0.5696751475334167,0.8601236343383789,-0.02475220523774624,0.5860681533813477,0.8488466143608093,-0.05629102885723114,0.5437990427017212,0.8583870530128479,-0.054528526961803436,0.5101999044418335,0.8668051362037659,-0.04382765293121338
0.4339466691017151,0.8987407684326172,8.520644314558012e-07,0.45173346996307373,0.8089240193367004,-0.022854119539260864,0.5174832344055176,0.742453396320343,-0.028418853878974915,0.588373064994812,0.7431327700614929,-0.034133538603782654,0.6377755999565125,0.7698211669921875,-0.03822508454322815,0.5531746745109558,0.702075719833374,-0.011630342341959476,0.6342851519584656,0.6680876612663269,-0.033269841223955154,0.6884709596633911,0.6576764583587646,-0.04593520984053612,0.7353564500808716,0.6516999006271362,-0.05146490037441254,0.568784773349762,0.7549352645874023,-0.012553158216178417,0.6536357998847961,0.7220940589904785,-0.039717234671115875,0.7148568630218506,0.7087693214416504,-0.05380119010806084,0.7649190425872803,0.7022539973258972,-0.05760737136006355,0.57396399974823,0.8138869404792786,-0.016926566138863564,0.610826849937439,0.8153389692306519,-0.05861099064350128,0.5537434816360474,0.8333138823509216,-0.06291567534208298,0.5073033571243286,0.8456241488456726,-0.050587818026542664,0.5715394616127014,0.86906898021698,-0.022631976753473282,0.592552661895752,0.860150933265686,-0.05676787719130516,0.5493925213813782,0.8674572706222534,-0.056318387389183044,0.5129106640815735,0.8732788562774658,-0.04570408910512924
0.43529725074768066,0.8974114656448364,8.764660037741123e-07,0.4544721841812134,0.8072855472564697,-0.02102300524711609,0.5217865109443665,0.7396645545959473,-0.025654813274741173,0.5928964614868164,0.7403707504272461,-0.030567791312932968,0.6415969729423523,0.7704892158508301,-0.034100718796253204,0.5549772381782532,0.701199471950531,-0.010780897922813892,0.6349207758903503,0.667100191116333,-0.029810510575771332,0.6884368658065796,0.6584514379501343,-0.0407712459564209,0.734792947769165,0.6547441482543945,-0.04561646655201912,0.5702900886535645,0.7554673552513123,-0.011702512390911579,0.6543837785720825,0.7220602035522461,-0.035869050770998,0.7160948514938354,0.707882285118103,-0.04919455200433731,0.7660768628120422,0.7014801502227783,-0.05339668691158295,0.5742241740226746,0.8140786290168762,-0.01566454768180847,0.609571099281311,0.8123601675033569,-0.054067954421043396,0.5535534620285034,0.8303385376930237,-0.05836522951722145,0.5075365304946899,0.8430339097976685,-0.04718606546521187,0.5707900524139404,0.8687246441841125,-0.020763536915183067,0.5893666744232178,0.8574544191360474,-0.05220312252640724,0.5469409227371216,0.8668883442878723,-0.051600027829408646,0.5112923383712769,0.874572217464447,-0.04182093217968941
