0.28421884775161743,0.7377637624740601,-4.3615241906991287e-07,0.3665284812450409,0.6868082880973816,-0.04304605722427368,0.43147531151771545,0.5658594965934753,-0.06400942802429199,0.4167664349079132,0.44630396366119385,-0.08386922627687454,0.3801243007183075,0.3594334125518799,-0.09929616749286652,0.39677906036376953,0.45658570528030396,-0.03234678506851196,0.43021976947784424,0.3461727797985077,-0.09278244525194168,0.437999427318573,0.3889290690422058,-0.12853695452213287,0.43324074149131775,0.46852943301200867,-0.13951386511325836,0.3367786407470703,0.44585269689559937,-0.028251761570572853,0.374834805727005,0.4333072006702423,-0.09460657835006714,0.36556485295295715,0.5544553995132446,-0.10733936727046967,0.35386160016059875,0.6468162536621094,-0.09932515025138855,0.2804226875305176,0.4505040943622589,-0.03353184461593628,0.31829825043678284,0.444782018661499,-0.09719184786081314,0.3117794990539551,0.5632811784744263,-0.08582023531198502,0.30474066734313965,0.6477445960044861,-0.059751201421022415,0.22114959359169006,0.465837687253952,-0.04268861189484596,0.26131030917167664,0.45522746443748474,-0.08635088056325912,0.2675570547580719,0.5456089973449707,-0.0762244388461113,0.2661716938018799,0.6066861152648926,-0.05484640225768089
0.2818180024623871,0.7398660182952881,-4.1642528003649204e-07,0.3627678155899048,0.6886512041091919,-0.042945295572280884,0.427625834941864,0.5707839727401733,-0.0640464723110199,0.4147416651248932,0.4524421691894531,-0.08432040363550186,0.37943607568740845,0.3646041750907898,-0.09996241331100464,0.39549311995506287,0.4590238630771637,-0.03141903504729271,0.4296649396419525,0.3473436236381531,-0.09311626851558685,0.4363918900489807,0.38919585943222046,-0.12930819392204285,0.43143120408058167,0.468845009803772,-0.14016452431678772,0.33565354347229004,0.4497809112071991,-0.027922872453927994,0.373619943857193,0.43039241433143616,-0.09629470109939575,0.36467188596725464,0.5527389049530029,-0.10944171249866486,0.35420164465904236,0.6465773582458496,-0.1008693128824234,0.27880460023880005,0.4545462131500244,-0.033988628536462784,0.31624943017959595,0.44570595026016235,-0.09941855072975159,0.3102405071258545,0.5649027824401855,-0.08791951835155487,0.3037434220314026,0.6497921347618103,-0.06092343479394913,0.218218594789505,0.4691058397293091,-0.04392591491341591,0.257992148399353,0.4545549154281616,-0.08827828615903854,0.26485976576805115,0.5444740056991577,-0.07769431918859482,0.26372748613357544,0.6062119603157043,-0.05556373670697212
0.2815903425216675,0.7379672527313232,-4.032772835671494e-07,0.36351171135902405,0.6851770281791687,-0.042781949043273926,0.42709556221961975,0.567388653755188,-0.06469309329986572,0.4122685194015503,0.44930022954940796,-0.08572882413864136,0.378145307302475,0.35917243361473083,-0.1021089106798172,0.3925214409828186,0.4570428133010864,-0.03386212885379791,0.42680931091308594,0.34715989232063293,-0.09631486237049103,0.43471717834472656,0.3888128101825714,-0.13265983760356903,0.4304029643535614,0.4666874408721924,-0.14374759793281555,0.33301323652267456,0.4476810097694397,-0.030834795907139778,0.3719121515750885,0.42984288930892944,-0.10027829557657242,0.3638733923435211,0.5526654124259949,-0.11335691064596176,0.3529321849346161,0.6478506326675415,-0.10487835854291916,0.2765364348888397,0.4527987837791443,-0.03723776340484619,0.31564807891845703,0.4457213580608368,-0.10370061546564102,0.31005561351776123,0.5654571056365967,-0.09192715585231781,0.3029822111129761,0.6509368419647217,-0.06470800936222076,0.2167089581489563,0.4679868519306183,-0.04742305353283882,0.25765278935432434,0.45424535870552063,-0.09239393472671509,0.2646976709365845,0.5448962450027466,-0.08184239268302917,0.26289868354797363,0.6069926023483276,-0.059846099466085434
0.2828782796859741,0.7372037768363953,-4.4255224906919466e-07,0.36373838782310486,0.6846768856048584,-0.04220867156982422,0.42727595567703247,0.5646322965621948,-0.06345067918300629,0.411131352186203,0.44632798433303833,-0.08388072997331619,0.37345072627067566,0.3596469461917877,-0.09964094310998917,0.3928872346878052,0.45779484510421753,-0.033176060765981674,0.4284471869468689,0.3454412817955017,-0.09493375569581985,0.43373653292655945,0.3936629593372345,-0.13087281584739685,0.42663171887397766,0.475247859954834,-0.14165692031383514,0.3333079218864441,0.44962000846862793,-0.03016706369817257,0.3704763650894165,0.43081262707710266,-0.09779294580221176,0.36287185549736023,0.5540220737457275,-0.11038381606340408,0.3531951308250427,0.6484401822090149,-0.10209279507398605,0.27668043971061707,0.4553487300872803,-0.0365569107234478,0.3143809735774994,0.44649767875671387,-0.10117916762828827,0.3089185953140259,0.5658062696456909,-0.08913703262805939,0.3024247884750366,0.6506292223930359,-0.06231143698096275,0.21695367991924286,0.4706408679485321,-0.04668485373258591,0.25698143243789673,0.45456045866012573,-0.08986622095108032,0.26412057876586914,0.5445240139961243,-0.0784597173333168,0.26269394159317017,0.6062188148498535,-0.05626564845442772
0.28195878863334656,0.7384651899337769,-4.456519775430934e-07,0.3630032539367676,0.6865890026092529,-0.04262452572584152,0.4266952872276306,0.5647767782211304,-0.06370612978935242,0.4113369882106781,0.44536885619163513,-0.08386232703924179,0.374508261680603,0.35885292291641235,-0.09926512837409973,0.39274540543556213,0.45962586998939514,-0.032995305955410004,0.4278697669506073,0.3456953167915344,-0.09457702934741974,0.43343326449394226,0.39453715085983276,-0.1304023116827011,0.42638248205184937,0.47742781043052673,-0.14104878902435303,0.33346208930015564,0.4521380364894867,-0.029728775843977928,0.37005671858787537,0.429764062166214,-0.09734758734703064,0.36226120591163635,0.5534541010856628,-0.1097378209233284,0.352347731590271,0.6475699543952942,-0.10112544149160385,0.2769286632537842,0.4578102231025696,-0.03592437878251076,0.3139748275279999,0.44399917125701904,-0.10072127729654312,0.30831703543663025,0.5643590092658997,-0.08844146877527237,0.30153530836105347,0.6498091816902161,-0.06128283217549324,0.21693137288093567,0.47264793515205383,-0.045878082513809204,0.25667187571525574,0.45349210500717163,-0.08951433002948761,0.2640054523944855,0.5439150333404541,-0.07800987362861633,0.2627052962779999,0.6064236760139465,-0.05557234585285187
0.2837311327457428,0.7375679016113281,-4.181979136319569e-07,0.36585715413093567,0.6833735108375549,-0.04224914312362671,0.4276694357395172,0.5627956986427307,-0.06343039125204086,0.4088107943534851,0.44604313373565674,-0.08360707759857178,0.37165164947509766,0.3614889681339264,-0.09916354715824127,0.39218252897262573,0.4558749794960022,-0.032705266028642654,0.4251641035079956,0.34565410017967224,-0.09359939396381378,0.4322996139526367,0.38901424407958984,-0.1292704939842224,0.4275442361831665,0.4689026176929474,-0.140100359916687,0.33204391598701477,0.44716593623161316,-0.029394615441560745,0.36910831928253174,0.42960792779922485,-0.0966457724571228,0.36203455924987793,0.5515727996826172,-0.10922686010599136,0.3522852063179016,0.6451613903045654,-0.10075439512729645,0.2755989134311676,0.4527391791343689,-0.03536312282085419,0.31296926736831665,0.4439643919467926,-0.09977000951766968,0.30853354930877686,0.5627946257591248,-0.08810878545045853,0.30270686745643616,0.6475465297698975,-0.06146904453635216,0.2162216752767563,0.4685252904891968,-0.04512554779648781,0.25626009702682495,0.4538547098636627,-0.08915680646896362,0.26381704211235046,0.5449524521827698,-0.07863061875104904,0.2629544734954834,0.607422411441803,-0.05681511387228966
0.28411921858787537,0.737103283405304,-4.33187722137518e-07,0.3654384911060333,0.6841743588447571,-0.04306581988930702,0.42813560366630554,0.5610671639442444,-0.06389173865318298,0.4107215404510498,0.4428405463695526,-0.08355829864740372,0.37221986055374146,0.35877087712287903,-0.09861242771148682,0.3922663927078247,0.4573157727718353,-0.03224504739046097,0.4261329472064972,0.34552469849586487,-0.09315723180770874,0.4325634837150574,0.3915364742279053,-0.12894105911254883,0.4265745282173157,0.4733273684978485,-0.13972511887550354,0.3322698175907135,0.44900768995285034,-0.028401335701346397,0.3685981035232544,0.4298107624053955,-0.09572973102331161,0.36182957887649536,0.5521702170372009,-0.10867036134004593,0.3525509238243103,0.6459008455276489,-0.1003049910068512,0.27600234746932983,0.45451971888542175,-0.034023772925138474,0.3129342198371887,0.44431284070014954,-0.09849685430526733,0.30872681736946106,0.5636067986488342,-0.08722231537103653,0.3032459020614624,0.6483092308044434,-0.06075834855437279,0.2169211506843567,0.4698322117328644,-0.04347281530499458,0.25711315870285034,0.45409876108169556,-0.08742351084947586,0.26420897245407104,0.5454970002174377,-0.07684192061424255,0.26298248767852783,0.6079538464546204,-0.054937705397605896
0.2835640609264374,0.7374358177185059,-4.366260384358611e-07,0.36526063084602356,0.6841931343078613,-0.04251165688037872,0.42785924673080444,0.5609827637672424,-0.06295269727706909,0.4100896418094635,0.4432433843612671,-0.0823366791009903,0.37204602360725403,0.3593253791332245,-0.09706788510084152,0.39257338643074036,0.4567965865135193,-0.031453073024749756,0.4262540936470032,0.34612205624580383,-0.09200672805309296,0.4325702488422394,0.3925982713699341,-0.12768235802650452,0.42660149931907654,0.4745617210865021,-0.138446643948555,0.3325032889842987,0.44790881872177124,-0.027806632220745087,0.36868616938591003,0.430148184299469,-0.09470561146736145,0.36194026470184326,0.5518454313278198,-0.10764158517122269,0.3527950644493103,0.6453860402107239,-0.09934243559837341,0.2760666608810425,0.45317336916923523,-0.03359338641166687,0.3134167194366455,0.44504478573799133,-0.09758350998163223,0.3091248869895935,0.5639578700065613,-0.0864417776465416,0.3036127984523773,0.6486179828643799,-0.06015743315219879,0.21683847904205322,0.46849554777145386,-0.043203044682741165,0.2574073374271393,0.45479443669319153,-0.08674651384353638,0.26434439420700073,0.5457773208618164,-0.07631510496139526,0.26315778493881226,0.6077562570571899,-0.05458427593111992
0.2805841565132141,0.7369289994239807,-4.134869584504486e-07,0.3628482222557068,0.6875361204147339,-0.0442684069275856,0.42637330293655396,0.565044641494751,-0.06589709967374802,0.40947121381759644,0.4459770917892456,-0.08619670569896698,0.3709428310394287,0.3620072603225708,-0.10184149444103241,0.3938402235507965,0.4573022425174713,-0.031557243317365646,0.42475438117980957,0.344188392162323,-0.09254544228315353,0.4314771890640259,0.38447362184524536,-0.12844552099704742,0.4269067347049713,0.46493202447891235,-0.139326274394989,0.3333805203437805,0.4484570622444153,-0.027275631204247475,0.3695123791694641,0.4296903908252716,-0.09531160444021225,0.3616196811199188,0.5509918332099915,-0.10846470296382904,0.35185757279396057,0.6435946822166443,-0.09983941167593002,0.27666425704956055,0.45425945520401,-0.032661162316799164,0.31308791041374207,0.44424375891685486,-0.09767144173383713,0.3081565201282501,0.5628860592842102,-0.0861901342868805,0.3024529814720154,0.6464681029319763,-0.05944933742284775,0.21726807951927185,0.4703402817249298,-0.04197419807314873,0.2561990022659302,0.4563762843608856,-0.08611395955085754,0.2627246379852295,0.5470659732818604,-0.07538747042417526,0.26158058643341064,0.6079508066177368,-0.05332087725400925
0.2795613706111908,0.7371746301651001,-4.0760767205938464e-07,0.36078235507011414,0.6869183778762817,-0.04355815052986145,0.4258961081504822,0.5680821537971497,-0.06524823606014252,0.4111354649066925,0.44924166798591614,-0.08570429682731628,0.3750423192977905,0.36276859045028687,-0.10149822384119034,0.3930535316467285,0.4546900689601898,-0.03245820105075836,0.4241584539413452,0.34539705514907837,-0.09334148466587067,0.43111783266067505,0.38623446226119995,-0.12931939959526062,0.42739421129226685,0.46593037247657776,-0.1404394507408142,0.3329993784427643,0.44499677419662476,-0.02862628921866417,0.3696858882904053,0.42969179153442383,-0.09621264040470123,0.36180379986763,0.5507078766822815,-0.10916906595230103,0.3527927100658417,0.6434400081634521,-0.1007470116019249,0.2763512134552002,0.45068857073783875,-0.03422442451119423,0.3126799464225769,0.4439246356487274,-0.09889812767505646,0.30740055441856384,0.5621404647827148,-0.08729425817728043,0.302193284034729,0.6460697054862976,-0.060695234686136246,0.21671825647354126,0.46720829606056213,-0.0437740720808506,0.255847692489624,0.4565081298351288,-0.08818379789590836,0.26204416155815125,0.5469948053359985,-0.0779310092329979,0.2612086832523346,0.608012318611145,-0.05621296167373657
0.27984103560447693,0.7374246120452881,-4.0111419252752967e-07,0.36063551902770996,0.687075138092041,-0.04355742409825325,0.4255145788192749,0.5679525136947632,-0.06535383313894272,0.41098058223724365,0.44911977648735046,-0.0859793871641159,0.3733045160770416,0.3633359372615814,-0.10207147151231766,0.3923915922641754,0.45733192563056946,-0.032806675881147385,0.42304080724716187,0.3457515239715576,-0.09352385997772217,0.4306168854236603,0.3841979205608368,-0.12918095290660858,0.42763903737068176,0.46193838119506836,-0.140116885304451,0.33249545097351074,0.44754642248153687,-0.028946587815880775,0.3692200183868408,0.4314892590045929,-0.09677927941083908,0.361221045255661,0.5520734190940857,-0.10969027131795883,0.35205215215682983,0.6442040801048279,-0.10120011121034622,0.2761320471763611,0.4527648985385895,-0.034465186297893524,0.3123091459274292,0.44496870040893555,-0.09929879009723663,0.30674511194229126,0.5626245141029358,-0.0876743495464325,0.30143216252326965,0.6462630033493042,-0.06100672483444214,0.21674767136573792,0.46826669573783875,-0.04390181228518486,0.2558307647705078,0.4556242525577545,-0.08816736191511154,0.262024462223053,0.5458791255950928,-0.07772534340620041,0.2611631453037262,0.6075441837310791,-0.05590543895959854
0.2807106673717499,0.7367116808891296,-4.337639154528006e-07,0.36039501428604126,0.685430645942688,-0.04282399266958237,0.42363765835762024,0.5672674179077148,-0.06418334692716599,0.4081341028213501,0.44938117265701294,-0.08464603871107101,0.37365850806236267,0.36161285638809204,-0.10022634267807007,0.39218398928642273,0.4578802287578583,-0.03204076364636421,0.42477405071258545,0.3436022698879242,-0.09339902549982071,0.4297574460506439,0.38991865515708923,-0.12936770915985107,0.4235525131225586,0.4712832272052765,-0.140180304646492,0.33287063241004944,0.44934237003326416,-0.02863054908812046,0.36782464385032654,0.4289201498031616,-0.09702693670988083,0.35972288250923157,0.5513719916343689,-0.11034499853849411,0.3502812683582306,0.6450796723365784,-0.10200011730194092,0.2765200436115265,0.4541502594947815,-0.034646060317754745,0.3116042912006378,0.4419633150100708,-0.09941574186086655,0.30578556656837463,0.560897707939148,-0.08768515288829803,0.29946303367614746,0.6456774473190308,-0.060769956558942795,0.21697822213172913,0.4684154689311981,-0.044527024030685425,0.2541760206222534,0.451771080493927,-0.0882309079170227,0.2604104280471802,0.5410743355751038,-0.07742980122566223,0.2592461407184601,0.6021535396575928,-0.05532115697860718
0.2799644470214844,0.7376100420951843,-4.502004458117881e-07,0.35980117321014404,0.6859586238861084,-0.04338822513818741,0.42388030886650085,0.5667816996574402,-0.06451799720525742,0.40900811553001404,0.44789889454841614,-0.08454212546348572,0.37421706318855286,0.35966819524765015,-0.09965681284666061,0.3914794623851776,0.4551428258419037,-0.0323789119720459,0.42466598749160767,0.34385424852371216,-0.09369312971830368,0.4297141432762146,0.3913324773311615,-0.12975643575191498,0.42332032322883606,0.47348660230636597,-0.14060495793819427,0.33211109042167664,0.4460447132587433,-0.028443893417716026,0.3669109344482422,0.4292793869972229,-0.09628207236528397,0.3584546446800232,0.5518201589584351,-0.10955474525690079,0.3490379750728607,0.6457986235618591,-0.10127075016498566,0.2758577764034271,0.4511388838291168,-0.033967431634664536,0.3106840252876282,0.4439352750778198,-0.09854793548583984,0.30454421043395996,0.5625264048576355,-0.08726535737514496,0.2987476885318756,0.6470447778701782,-0.06064017862081528,0.21675953269004822,0.4660643935203552,-0.043398115783929825,0.25444966554641724,0.4528445303440094,-0.08708203583955765,0.25988179445266724,0.5424485206604004,-0.07668539136648178,0.2585776746273041,0.6031664609909058,-0.05480640381574631
0.280287504196167,0.7371753454208374,-4.534838637937355e-07,0.3602183759212494,0.6850695610046387,-0.04331760108470917,0.42363548278808594,0.5664598345756531,-0.06471250206232071,0.40833020210266113,0.4482059180736542,-0.08511381596326828,0.37319618463516235,0.3603600859642029,-0.10057952255010605,0.39113345742225647,0.45594239234924316,-0.03282120078802109,0.42468002438545227,0.34360259771347046,-0.09461099654436111,0.42951545119285583,0.39221835136413574,-0.1308193951845169,0.42256805300712585,0.4744953513145447,-0.14171744883060455,0.33171346783638,0.4477250576019287,-0.029180245473980904,0.366888165473938,0.4289620816707611,-0.09763557463884354,0.35885220766067505,0.5520969033241272,-0.11106160283088684,0.3491304814815521,0.6462255120277405,-0.10284888744354248,0.2754767835140228,0.4530138671398163,-0.03500561788678169,0.3107783794403076,0.4437723159790039,-0.10007631778717041,0.30502259731292725,0.5627741813659668,-0.08867839723825455,0.29879966378211975,0.647235095500946,-0.0618879534304142,0.21632030606269836,0.4677596092224121,-0.044701702892780304,0.25444865226745605,0.4519628882408142,-0.08847923576831818,0.2603326141834259,0.541854739189148,-0.07775218784809113,0.2586691379547119,0.6029528975486755,-0.05565889552235603
0.2818402349948883,0.7392867803573608,-4.2180536752312037e-07,0.3625597059726715,0.6837135553359985,-0.04266366362571716,0.425779789686203,0.5630344152450562,-0.06423351168632507,0.40851736068725586,0.44447845220565796,-0.08488024026155472,0.369737446308136,0.3582017421722412,-0.1010650098323822,0.3919650614261627,0.45901668071746826,-0.03270157799124718,0.4258638918399811,0.34762054681777954,-0.09474121779203415,0.4309491813182831,0.3872515559196472,-0.1310633271932602,0.4244840443134308,0.46661919355392456,-0.14198532700538635,0.33209705352783203,0.4496859312057495,-0.029323022812604904,0.3672696650028229,0.4294510781764984,-0.09759972989559174,0.35847920179367065,0.5513232946395874,-0.1106700673699379,0.34943321347236633,0.6467228531837463,-0.10222461819648743,0.27535971999168396,0.45434269309043884,-0.0353371724486351,0.31048130989074707,0.4437740445137024,-0.10133285820484161,0.304466187953949,0.5636778473854065,-0.08977039158344269,0.2992021441459656,0.6507351398468018,-0.06263246387243271,0.21505162119865417,0.4690123200416565,-0.045066673308610916,0.2529544532299042,0.45288899540901184,-0.09023899585008621,0.2594722509384155,0.544537365436554,-0.07961723953485489,0.25891631841659546,0.6086324453353882,-0.05734947696328163
0.28239360451698303,0.7376884818077087,-4.313210411055479e-07,0.3637184500694275,0.6827652454376221,-0.042770326137542725,0.42619818449020386,0.5610072016716003,-0.06431780010461807,0.4077443480491638,0.44313177466392517,-0.08484384417533875,0.36784353852272034,0.35750895738601685,-0.10079243034124374,0.3909458518028259,0.4577590823173523,-0.03372287005186081,0.42587918043136597,0.34641462564468384,-0.09594012051820755,0.4306420087814331,0.39042919874191284,-0.13218636810779572,0.42390120029449463,0.4699634611606598,-0.14318133890628815,0.33108410239219666,0.44880473613739014,-0.030441710725426674,0.3683093190193176,0.43060624599456787,-0.09914439171552658,0.3599596619606018,0.5534354448318481,-0.11236932128667831,0.35025233030319214,0.6487633585929871,-0.10416755080223083,0.2742224335670471,0.454164057970047,-0.0365472286939621,0.31142735481262207,0.44540444016456604,-0.10252252966165543,0.3058786690235138,0.5653591752052307,-0.09107867628335953,0.3000580668449402,0.6515668630599976,-0.06416758894920349,0.21416249871253967,0.4693407416343689,-0.04634485021233559,0.25335460901260376,0.4530654847621918,-0.09104835987091064,0.26085957884788513,0.5446504950523376,-0.08027397096157074,0.26038360595703125,0.6082819700241089,-0.05811597406864166
0.28244832158088684,0.738874077796936,-4.4626949602388777e-07,0.3632186949253082,0.6837763786315918,-0.041731588542461395,0.42592576146125793,0.5604574680328369,-0.06256610155105591,0.4077012538909912,0.442114919424057,-0.08250628411769867,0.36707472801208496,0.3574894666671753,-0.09799204021692276,0.3911440074443817,0.457732230424881,-0.031972888857126236,0.4265190362930298,0.34680813550949097,-0.09315623342990875,0.431053102016449,0.39095979928970337,-0.129114031791687,0.4234192669391632,0.47132307291030884,-0.14002080261707306,0.33120909333229065,0.4483751356601715,-0.02885286696255207,0.3677610456943512,0.4312137961387634,-0.09573037922382355,0.3593837022781372,0.5533591508865356,-0.10871278494596481,0.3496589660644531,0.6478322148323059,-0.10076688975095749,0.2743203639984131,0.4537980258464813,-0.03501088172197342,0.31091922521591187,0.4447624683380127,-0.09932516515254974,0.30574852228164673,0.5644478797912598,-0.0878034457564354,0.3001074194908142,0.6503337025642395,-0.06139136105775833,0.21420052647590637,0.46940356492996216,-0.04480605199933052,0.25338372588157654,0.4532347023487091,-0.08842964470386505,0.26090604066848755,0.5446802377700806,-0.0773378536105156,0.26043546199798584,0.6078587174415588,-0.05524502694606781
0.280891090631485,0.7357888221740723,-4.435140112946101e-07,0.36251723766326904,0.6848810911178589,-0.04372145235538483,0.42611441016197205,0.5635313987731934,-0.06559659540653229,0.4077199101448059,0.44472116231918335,-0.08614491671323776,0.3696877658367157,0.3585693836212158,-0.10206179320812225,0.39138180017471313,0.45573127269744873,-0.03445913642644882,0.4245167672634125,0.3421071767807007,-0.09547789394855499,0.4309488534927368,0.38589784502983093,-0.13129395246505737,0.4251791834831238,0.46597152948379517,-0.1423254758119583,0.3312036097049713,0.446976900100708,-0.030442778021097183,0.3687325119972229,0.43177708983421326,-0.09759367257356644,0.3606070578098297,0.5539292693138123,-0.11049012094736099,0.34963613748550415,0.6463156938552856,-0.10262911021709442,0.27503275871276855,0.45335566997528076,-0.03572696074843407,0.31269413232803345,0.44460466504096985,-0.09992088377475739,0.30713051557540894,0.5632578134536743,-0.0880386084318161,0.3003937602043152,0.6469277739524841,-0.06172169744968414,0.21616077423095703,0.469859778881073,-0.04483696073293686,0.25646090507507324,0.45463094115257263,-0.0885186418890953,0.2628772556781769,0.545383632183075,-0.07741160690784454,0.2608928680419922,0.6067115068435669,-0.055450189858675
0.2795718312263489,0.7387465238571167,-4.1459352928541193e-07,0.36146625876426697,0.6863398551940918,-0.043466717004776,0.4252842366695404,0.565358579158783,-0.06534657627344131,0.4067446291446686,0.44596636295318604,-0.086149200797081,0.370319664478302,0.3586311936378479,-0.10238602757453918,0.39198556542396545,0.4582926332950592,-0.0318501815199852,0.4238688349723816,0.34615710377693176,-0.09359455853700638,0.4306744337081909,0.3840145170688629,-0.13030044734477997,0.4255736470222473,0.4642338454723358,-0.14164316654205322,0.33202821016311646,0.4488963484764099,-0.028067586943507195,0.3681739270687103,0.428865522146225,-0.09599340707063675,0.3591978847980499,0.5503115653991699,-0.10905066132545471,0.348721444606781,0.644607424736023,-0.10071352124214172,0.2760101556777954,0.45368102192878723,-0.033874981105327606,0.3127577304840088,0.44218647480010986,-0.09884729236364365,0.3062341511249542,0.5609699487686157,-0.08680524677038193,0.29955846071243286,0.6465228199958801,-0.0598713681101799,0.2163185477256775,0.46854832768440247,-0.04363129660487175,0.2559197247028351,0.45378100872039795,-0.08795755356550217,0.2620042562484741,0.5440303683280945,-0.07724250108003616,0.2606643736362457,0.6057752370834351,-0.05528952553868294
0.280200719833374,0.735857367515564,-4.0388073330177576e-07,0.36200326681137085,0.6852142214775085,-0.04402647539973259,0.4261041283607483,0.5641086101531982,-0.06599363684654236,0.4084720313549042,0.4450729191303253,-0.08675885200500488,0.37209516763687134,0.35876405239105225,-0.10284977406263351,0.3912588059902191,0.45762985944747925,-0.03361076861619949,0.4219874143600464,0.3430061340332031,-0.09510181844234467,0.42941156029701233,0.3815103769302368,-0.13097314536571503,0.42578011751174927,0.4594348669052124,-0.14192625880241394,0.3311713933944702,0.4487190246582031,-0.029585644602775574,0.3687865734100342,0.43064600229263306,-0.09831944853067398,0.36051321029663086,0.5528010725975037,-0.11103619635105133,0.34981465339660645,0.6457406282424927,-0.10232195258140564,0.27527594566345215,0.4537792503833771,-0.035086438059806824,0.31346917152404785,0.44404616951942444,-0.10044147074222565,0.30672717094421387,0.5627202391624451,-0.08818536251783371,0.2992396056652069,0.646607518196106,-0.061055369675159454,0.21640151739120483,0.4683292806148529,-0.04457762464880943,0.25665196776390076,0.4539632499217987,-0.08879011124372482,0.2625385522842407,0.5441720485687256,-0.0779845267534256,0.26058661937713623,0.6053159236907959,-0.05604063346982002
0.2811937928199768,0.7407346963882446,-4.0498545672562614e-07,0.362482488155365,0.6852424740791321,-0.04222799465060234,0.42493563890457153,0.5650203824043274,-0.06368329375982285,0.40943846106529236,0.4469815492630005,-0.08444534242153168,0.37293416261672974,0.361028254032135,-0.10079078376293182,0.39301177859306335,0.45910587906837463,-0.0300133116543293,0.4242250323295593,0.3478137254714966,-0.09153967350721359,0.4306774437427521,0.38454198837280273,-0.12801317870616913,0.42590638995170593,0.46443796157836914,-0.139015331864357,0.3332754671573639,0.44967347383499146,-0.026790035888552666,0.3677571415901184,0.4287969768047333,-0.09474154561758041,0.3583695888519287,0.5501687526702881,-0.10755713284015656,0.3486391305923462,0.6447920799255371,-0.09863539785146713,0.2768518924713135,0.4541710913181305,-0.03315430134534836,0.3119819760322571,0.4440539479255676,-0.09812931716442108,0.30589303374290466,0.5629963874816895,-0.0862867534160614,0.30016613006591797,0.6492007970809937,-0.05906455218791962,0.21694986522197723,0.4687192440032959,-0.0434052050113678,0.2541816830635071,0.45451390743255615,-0.0875135287642479,0.2607671618461609,0.5440292954444885,-0.07687288522720337,0.26038050651550293,0.6062249541282654,-0.05469975247979164
0.2818637192249298,0.7399640679359436,-4.1311844256597396e-07,0.3633045554161072,0.6851862668991089,-0.042957670986652374,0.4251100718975067,0.5638773441314697,-0.06462408602237701,0.407610148191452,0.4454478919506073,-0.08540380746126175,0.3718718886375427,0.35801053047180176,-0.10142514109611511,0.39299285411834717,0.4588945806026459,-0.03203485906124115,0.4255110025405884,0.34608733654022217,-0.0945507138967514,0.4307449162006378,0.3861393332481384,-0.13093531131744385,0.42505282163619995,0.4656408727169037,-0.14181704819202423,0.3327004015445709,0.450248658657074,-0.028800126165151596,0.36857378482818604,0.4292890727519989,-0.09850699454545975,0.36010968685150146,0.5516079664230347,-0.11160466820001602,0.35079196095466614,0.6466113328933716,-0.10263694077730179,0.2759498357772827,0.4551244080066681,-0.035217657685279846,0.31211230158805847,0.445651113986969,-0.10166852176189423,0.30674999952316284,0.5649205446243286,-0.09003344178199768,0.30133122205734253,0.6502895355224609,-0.06264201551675797,0.2164520025253296,0.4698420763015747,-0.045482829213142395,0.2544894218444824,0.45443159341812134,-0.09030172228813171,0.261474609375,0.5450559854507446,-0.07976140081882477,0.2610097825527191,0.6072991490364075,-0.05757709965109825
0.28131091594696045,0.7405956983566284,-4.0895920960792864e-07,0.36353540420532227,0.6848775148391724,-0.04331187903881073,0.4254070520401001,0.5638248324394226,-0.06535369157791138,0.4085253179073334,0.4457717537879944,-0.08664826303720474,0.3717145323753357,0.3602413237094879,-0.10329750180244446,0.39313632249832153,0.4599379897117615,-0.03147172927856445,0.42438530921936035,0.34585636854171753,-0.09399539232254028,0.4302423298358917,0.38469013571739197,-0.13058803975582123,0.4251288175582886,0.46460264921188354,-0.14154505729675293,0.33283984661102295,0.4517420828342438,-0.028112225234508514,0.3684725761413574,0.429085373878479,-0.09772218018770218,0.35940709710121155,0.5512059330940247,-0.11085996776819229,0.34942200779914856,0.6457085013389587,-0.10183601081371307,0.276216983795166,0.4565775692462921,-0.03451019525527954,0.31216737627983093,0.4445352256298065,-0.10095591843128204,0.3063964545726776,0.563652515411377,-0.08930569887161255,0.3004474639892578,0.6496897339820862,-0.06182483211159706,0.21649572253227234,0.4707968533039093,-0.04482472687959671,0.25398245453834534,0.4533240795135498,-0.08977069705724716,0.26107633113861084,0.5434598922729492,-0.07914517819881439,0.2605944275856018,0.606619656085968,-0.056804776191711426
0.2805439233779907,0.7376999855041504,-4.523667769262829e-07,0.3626857101917267,0.6856989860534668,-0.04325108230113983,0.4259830117225647,0.5635771751403809,-0.06494888663291931,0.4088559150695801,0.4452519714832306,-0.0854383111000061,0.37249991297721863,0.3595321476459503,-0.10105067491531372,0.39101436734199524,0.45704272389411926,-0.0351225771009922,0.4255434572696686,0.34440600872039795,-0.09709054231643677,0.43101397156715393,0.392495334148407,-0.1332334727048874,0.4246964156627655,0.47582584619522095,-0.1440885215997696,0.3307003676891327,0.44746828079223633,-0.03129786252975464,0.36907491087913513,0.4330342710018158,-0.09932538121938705,0.36001017689704895,0.556566059589386,-0.11158274859189987,0.3491407036781311,0.6505855917930603,-0.10279422998428345,0.27425631880760193,0.4524787366390228,-0.03687470778822899,0.31299132108688354,0.4460172653198242,-0.1012188196182251,0.30687034130096436,0.5652474164962769,-0.08903053402900696,0.30027341842651367,0.6502907872200012,-0.06214965507388115,0.21541351079940796,0.46770116686820984,-0.04637312516570091,0.25579503178596497,0.45481637120246887,-0.08978165686130524,0.26227861642837524,0.5454137921333313,-0.07884879410266876,0.26113253831863403,0.6071126461029053,-0.05683593824505806
0.27971503138542175,0.7383249998092651,-4.69355001087024e-07,0.3614877462387085,0.6868016719818115,-0.04324347525835037,0.42574092745780945,0.563940167427063,-0.0648069903254509,0.40889883041381836,0.44450247287750244,-0.08509720116853714,0.3708423674106598,0.35928136110305786,-0.10066039860248566,0.3920741379261017,0.4569492042064667,-0.03438214212656021,0.4271281063556671,0.3454008400440216,-0.0956486314535141,0.4317927956581116,0.394588828086853,-0.13177475333213806,0.4241335391998291,0.47952261567115784,-0.1426711529493332,0.3316362202167511,0.4471607506275177,-0.030354851856827736,0.3684522211551666,0.4325156509876251,-0.09690260142087936,0.35904574394226074,0.555804967880249,-0.10911456495523453,0.34831273555755615,0.6493887901306152,-0.10064281523227692,0.27491632103919983,0.4522690176963806,-0.035671159625053406,0.31202101707458496,0.44388172030448914,-0.09898672997951508,0.30600014328956604,0.5630388855934143,-0.08689205348491669,0.29958856105804443,0.6482751369476318,-0.060441754758358,0.21546822786331177,0.4678258001804352,-0.04487580806016922,0.2551090717315674,0.4539565443992615,-0.0880741998553276,0.2616221010684967,0.5449987053871155,-0.07701744884252548,0.2606476843357086,0.607103168964386,-0.054995086044073105
0.279472291469574,0.7397195100784302,-4.293314077585819e-07,0.36069098114967346,0.6867935061454773,-0.04284978657960892,0.42445439100265503,0.5659024119377136,-0.06456144899129868,0.4074309766292572,0.4468865394592285,-0.08540749549865723,0.36985376477241516,0.3601089119911194,-0.10178694874048233,0.393409788608551,0.4623264670372009,-0.032272279262542725,0.4273107647895813,0.3477555811405182,-0.09364835172891617,0.4321286976337433,0.385312020778656,-0.12951214611530304,0.4249231517314911,0.4655756950378418,-0.14017599821090698,0.33367788791656494,0.45246291160583496,-0.028798947110772133,0.368439644575119,0.43114209175109863,-0.09669893234968185,0.35858431458473206,0.5520225167274475,-0.10940825939178467,0.34837180376052856,0.6462874412536621,-0.10074697434902191,0.2773095965385437,0.45637550950050354,-0.03477167338132858,0.3121451437473297,0.44380804896354675,-0.09990594536066055,0.30524688959121704,0.5629696846008301,-0.08809563517570496,0.29875829815864563,0.6497522592544556,-0.06104860082268715,0.21761219203472137,0.4697069525718689,-0.04455547034740448,0.2540898323059082,0.45209193229675293,-0.0888499841094017,0.2604249119758606,0.5419380068778992,-0.0780905932188034,0.25981685519218445,0.6055187582969666,-0.055924367159605026
0.279182106256485,0.7389902472496033,-4.06314597967139e-07,0.35987335443496704,0.6857238411903381,-0.04227134585380554,0.4233914017677307,0.5689254403114319,-0.06417307257652283,0.4084440767765045,0.4507126808166504,-0.08544104546308517,0.3737652897834778,0.36066073179244995,-0.10228633880615234,0.39198431372642517,0.4606720805168152,-0.03223127871751785,0.4265649616718292,0.34728503227233887,-0.09372484683990479,0.4325912892818451,0.3854079246520996,-0.1297331303358078,0.42691493034362793,0.4631958305835724,-0.14062899351119995,0.33317434787750244,0.4513201117515564,-0.02920735627412796,0.36892059445381165,0.4308511018753052,-0.09747809916734695,0.3590790331363678,0.5519688129425049,-0.11056548357009888,0.3486737906932831,0.6459028720855713,-0.10223709046840668,0.27718475461006165,0.45586350560188293,-0.03548682481050491,0.3126662075519562,0.4425426423549652,-0.1011219322681427,0.3058862090110779,0.5622016191482544,-0.08916472643613815,0.29921239614486694,0.6492858529090881,-0.06190814822912216,0.2176058292388916,0.46981725096702576,-0.04551909118890762,0.2545000910758972,0.452903151512146,-0.09071620553731918,0.2608419954776764,0.5432574152946472,-0.08022871613502502,0.25985822081565857,0.6068407893180847,-0.05802483856678009
0.27934730052948,0.7389399409294128,-4.047436732435017e-07,0.36021220684051514,0.6854282021522522,-0.04228372126817703,0.42373770475387573,0.5684229135513306,-0.06411197036504745,0.40859082341194153,0.45023149251937866,-0.08532844483852386,0.37329062819480896,0.3607979416847229,-0.10215780884027481,0.3921040892601013,0.4612715244293213,-0.0318940170109272,0.4262193441390991,0.34764695167541504,-0.0932292714715004,0.4318896532058716,0.38445979356765747,-0.12911607325077057,0.4261876046657562,0.4620009958744049,-0.13991902768611908,0.33323824405670166,0.45176059007644653,-0.028817227110266685,0.36861926317214966,0.4314187169075012,-0.09709171205759048,0.35870686173439026,0.5520869493484497,-0.1101570799946785,0.3485971987247467,0.6460219025611877,-0.10172101110219955,0.27730438113212585,0.45594921708106995,-0.035069018602371216,0.31254494190216064,0.44323524832725525,-0.10060641914606094,0.3055747151374817,0.5623756051063538,-0.0887143611907959,0.29897138476371765,0.649324357509613,-0.06146438792347908,0.2177092432975769,0.4694114029407501,-0.04509415850043297,0.254299521446228,0.45260265469551086,-0.09003889560699463,0.2605714797973633,0.5426563024520874,-0.07948104292154312,0.2597425580024719,0.6063787937164307,-0.05723561346530914
0.28001290559768677,0.7366485595703125,-4.008035716651648e-07,0.36149653792381287,0.6850731372833252,-0.04336746037006378,0.4253528416156769,0.5690281987190247,-0.06603900343179703,0.4098019003868103,0.4503859877586365,-0.08759512007236481,0.373150497674942,0.3632785379886627,-0.10460648685693741,0.39164620637893677,0.4585106074810028,-0.03499135747551918,0.425037145614624,0.34679114818573,-0.09729111194610596,0.4320545494556427,0.38855504989624023,-0.13381627202033997,0.42742466926574707,0.4677841365337372,-0.1450173556804657,0.3319661319255829,0.44847291707992554,-0.031413789838552475,0.3688228130340576,0.4317582845687866,-0.10012037307024002,0.35983461141586304,0.5532768964767456,-0.11307860165834427,0.34952881932258606,0.6464026570320129,-0.10468219965696335,0.27555733919143677,0.4529603123664856,-0.03710753098130226,0.3125075399875641,0.4438147246837616,-0.10254628956317902,0.3059603273868561,0.5625845789909363,-0.09047247469425201,0.2996559143066406,0.6475839614868164,-0.06339336931705475,0.2160494029521942,0.4676588773727417,-0.04670150950551033,0.25532954931259155,0.4563668668270111,-0.09161515533924103,0.2612319886684418,0.5478874444961548,-0.08129137754440308,0.2601770758628845,0.6104029417037964,-0.05937405675649643
0.2796770930290222,0.7371325492858887,-4.09137328460929e-07,0.362082839012146,0.6852724552154541,-0.043019361793994904,0.426509827375412,0.5658944249153137,-0.06497953087091446,0.4099791347980499,0.4469924569129944,-0.08586721122264862,0.3712975084781647,0.36205610632896423,-0.10233191400766373,0.3915828466415405,0.458547443151474,-0.033159490674734116,0.4254758656024933,0.3474441468715668,-0.09490105509757996,0.43243610858917236,0.3899068832397461,-0.13144397735595703,0.42706286907196045,0.47085949778556824,-0.14266890287399292,0.3318207561969757,0.44843578338623047,-0.029547324404120445,0.36902040243148804,0.4325028955936432,-0.09724447876214981,0.3602505028247833,0.5542337894439697,-0.11002936959266663,0.3497215807437897,0.6472281813621521,-0.1016731709241867,0.2755192518234253,0.45296111702919006,-0.03533182665705681,0.31289374828338623,0.4440717399120331,-0.09991037100553513,0.3063565194606781,0.5633374452590942,-0.08779618889093399,0.2997165620326996,0.6485686898231506,-0.0609443336725235,0.2158956229686737,0.4676171541213989,-0.04501883685588837,0.25568825006484985,0.4564923644065857,-0.08919175714254379,0.2617296576499939,0.5481901168823242,-0.07849620282649994,0.26058149337768555,0.6106259226799011,-0.056517019867897034
0.2795844078063965,0.736674427986145,-4.008589087334258e-07,0.3620608150959015,0.6849256753921509,-0.04337027296423912,0.4261930584907532,0.5665221810340881,-0.06573193520307541,0.4099741578102112,0.4479990303516388,-0.08697378635406494,0.3716985583305359,0.36277782917022705,-0.10373784601688385,0.39103761315345764,0.4577898681163788,-0.033950041979551315,0.4250715374946594,0.3471013605594635,-0.0961836501955986,0.43216055631637573,0.3900243639945984,-0.13298878073692322,0.4270583987236023,0.4708676040172577,-0.14434745907783508,0.3313458263874054,0.44780609011650085,-0.030311012640595436,0.3694641590118408,0.4323292374610901,-0.09852636605501175,0.3608117699623108,0.5540333390235901,-0.11141730099916458,0.35020163655281067,0.6469780802726746,-0.10304373502731323,0.2750888764858246,0.45258384943008423,-0.036089781671762466,0.3131343424320221,0.4443390965461731,-0.10100682079792023,0.30666396021842957,0.5633665919303894,-0.08887670934200287,0.2999778687953949,0.6483809351921082,-0.06193942949175835,0.21564005315303802,0.4675663113594055,-0.04581437632441521,0.255761981010437,0.4571506083011627,-0.0902213305234909,0.2618568539619446,0.5487575531005859,-0.07960287481546402,0.26070114970207214,0.6110182404518127,-0.05761713907122612
0.2805935740470886,0.7378317713737488,-4.188838431673503e-07,0.3622042238712311,0.6855697631835938,-0.04308140650391579,0.4256863296031952,0.5668283104896545,-0.06419610232114792,0.4089603126049042,0.44813358783721924,-0.08446237444877625,0.3732509911060333,0.3614804744720459,-0.10006290674209595,0.3937467038631439,0.4597215950489044,-0.03030869923532009,0.42646312713623047,0.34706926345825195,-0.09161464124917984,0.43169307708740234,0.39127933979034424,-0.12799668312072754,0.4253341555595398,0.47282183170318604,-0.1390274614095688,0.33382993936538696,0.4504218101501465,-0.02660035341978073,0.36833062767982483,0.43030717968940735,-0.09431926161050797,0.36023008823394775,0.5510613918304443,-0.10803017765283585,0.35129866003990173,0.6444987058639526,-0.09999609738588333,0.2770967185497284,0.45503857731819153,-0.03249235078692436,0.311874657869339,0.445517361164093,-0.09726235270500183,0.30585721135139465,0.5642449259757996,-0.08623342961072922,0.3000766336917877,0.6498565673828125,-0.059692177921533585,0.21719878911972046,0.46938568353652954,-0.042287614196538925,0.2551335394382477,0.4563506245613098,-0.08603213727474213,0.2616632580757141,0.5463181734085083,-0.07559996098279953,0.26099517941474915,0.6083813905715942,-0.053673744201660156
0.2797626554965973,0.7386423349380493,-3.936823418371205e-07,0.3615562319755554,0.685239851474762,-0.04267819598317146,0.42473381757736206,0.5685681700706482,-0.06404580920934677,0.4095439910888672,0.4505738615989685,-0.08474353700876236,0.37578898668289185,0.36220583319664,-0.10079281777143478,0.3928791880607605,0.4583079516887665,-0.029851403087377548,0.42494863271713257,0.34781694412231445,-0.09129911661148071,0.431711345911026,0.38912534713745117,-0.1278313547372818,0.42703625559806824,0.46873193979263306,-0.13897667825222015,0.33334851264953613,0.44863611459732056,-0.02647639997303486,0.3691222071647644,0.42993026971817017,-0.09460465610027313,0.36078017950057983,0.5503425598144531,-0.10826300829648972,0.35143613815307617,0.6438060998916626,-0.09999226033687592,0.276755690574646,0.45307767391204834,-0.03268156573176384,0.31272396445274353,0.4453341066837311,-0.09786004573106766,0.3062742054462433,0.5637568235397339,-0.08662132918834686,0.3000401258468628,0.6493870615959167,-0.05973268672823906,0.21664920449256897,0.4675973057746887,-0.042821869254112244,0.2553796172142029,0.45701363682746887,-0.08714958280324936,0.2616329789161682,0.5469754338264465,-0.07694999128580093,0.260722279548645,0.6091091632843018,-0.05498131364583969
0.28015387058258057,0.7379153370857239,-4.0580687254987424e-07,0.3625442683696747,0.6850862503051758,-0.04353751614689827,0.4263542890548706,0.5667622089385986,-0.06499503552913666,0.41001975536346436,0.44820481538772583,-0.08564148843288422,0.3751637935638428,0.3606107831001282,-0.10160107165575027,0.39325517416000366,0.4594820737838745,-0.030516572296619415,0.4251520037651062,0.34699803590774536,-0.09218693524599075,0.4308590888977051,0.389816552400589,-0.1286924034357071,0.42533427476882935,0.4699596166610718,-0.13982327282428741,0.33326247334480286,0.45060256123542786,-0.026800762861967087,0.3682604730129242,0.4298408627510071,-0.09541530162096024,0.3601221442222595,0.5511197447776794,-0.10927227139472961,0.35100826621055603,0.6446883678436279,-0.10111238062381744,0.2765837609767914,0.4551595151424408,-0.03277388960123062,0.3119306266307831,0.44488999247550964,-0.09848598390817642,0.30586427450180054,0.563984215259552,-0.08735062181949615,0.2999085783958435,0.6498644948005676,-0.06044037640094757,0.2166111171245575,0.46920299530029297,-0.04270115867257118,0.25483083724975586,0.4553321897983551,-0.08718077093362808,0.26129382848739624,0.5454586148262024,-0.07683441042900085,0.26041969656944275,0.6078662872314453,-0.054808277636766434
0.27891844511032104,0.7415162324905396,-4.0700192016629444e-07,0.359588623046875,0.6873372793197632,-0.042569175362586975,0.424430251121521,0.5702441930770874,-0.06404507905244827,0.4132479429244995,0.4510188400745392,-0.08478134125471115,0.3761618435382843,0.36135077476501465,-0.10116377472877502,0.3909827172756195,0.4597212076187134,-0.031729549169540405,0.42777019739151,0.35122591257095337,-0.0937783271074295,0.43220657110214233,0.3917541205883026,-0.13044597208499908,0.4246913194656372,0.468803346157074,-0.14181609451770782,0.3321567475795746,0.4491569399833679,-0.028463313356041908,0.36977046728134155,0.4303290545940399,-0.0968826413154602,0.36051589250564575,0.5523847341537476,-0.11055749654769897,0.3501480221748352,0.6480775475502014,-0.10262680053710938,0.27565035223960876,0.4531862139701843,-0.03462038189172745,0.3134115934371948,0.44280895590782166,-0.10016796737909317,0.3067665994167328,0.5622066259384155,-0.08870555460453033,0.29964447021484375,0.6492655873298645,-0.06179938465356827,0.2151150405406952,0.46747010946273804,-0.044589653611183167,0.25575074553489685,0.45323777198791504,-0.08945652097463608,0.26146307587623596,0.5438221096992493,-0.0791669562458992,0.2590177655220032,0.6069971323013306,-0.057224635034799576
0.28086623549461365,0.7401741147041321,-4.3397898252806044e-07,0.36169686913490295,0.6848400235176086,-0.04237730801105499,0.4258641302585602,0.5663717985153198,-0.06391766667366028,0.4120394289493561,0.4479222893714905,-0.08457248657941818,0.3744112253189087,0.35902148485183716,-0.10060523450374603,0.3915085792541504,0.458217591047287,-0.034070517867803574,0.4302559792995453,0.3502340316772461,-0.09691979736089706,0.4330593943595886,0.3963056206703186,-0.13358142971992493,0.4237912893295288,0.4751865267753601,-0.1448393315076828,0.33190393447875977,0.4478496313095093,-0.030931076034903526,0.36941325664520264,0.4331338107585907,-0.09988368302583694,0.36097103357315063,0.5561749935150146,-0.11343611776828766,0.3512691557407379,0.6527577638626099,-0.10562806576490402,0.2748183012008667,0.45206087827682495,-0.037153732031583786,0.31279265880584717,0.4480237066745758,-0.10280930995941162,0.3071064054965973,0.5673195123672485,-0.09156715869903564,0.3010614514350891,0.6535278558731079,-0.06496845185756683,0.21459892392158508,0.46646422147750854,-0.04711120203137398,0.2555941045284271,0.45474812388420105,-0.09134703874588013,0.26207900047302246,0.5463460683822632,-0.0809076726436615,0.2602579891681671,0.6092069149017334,-0.0590665303170681
0.28044983744621277,0.7404960989952087,-4.2564460045468877e-07,0.3621367812156677,0.6852268576622009,-0.04244866967201233,0.4263348877429962,0.5645060539245605,-0.06345618516206741,0.4113500416278839,0.4454514682292938,-0.08358815312385559,0.37216323614120483,0.3583312928676605,-0.09928206354379654,0.3904852271080017,0.45786935091018677,-0.03197458013892174,0.4286745488643646,0.3492819666862488,-0.09394321590662003,0.43382951617240906,0.3934888243675232,-0.13052473962306976,0.42604511976242065,0.4719259440898895,-0.14187662303447723,0.3311994969844818,0.44750064611434937,-0.028625724837183952,0.36900126934051514,0.4312807023525238,-0.09700188040733337,0.36074262857437134,0.5543815493583679,-0.11066913604736328,0.3502480983734131,0.6508022546768188,-0.10284201800823212,0.2746058702468872,0.45204728841781616,-0.03472856059670448,0.3128131926059723,0.445625901222229,-0.10019563883543015,0.30725255608558655,0.5657804012298584,-0.08911523222923279,0.3006743788719177,0.6527700424194336,-0.06253035366535187,0.2146250605583191,0.46675926446914673,-0.04458016902208328,0.2560395896434784,0.45411217212677,-0.0889250636100769,0.2623952031135559,0.5455999970436096,-0.07853938639163971,0.25992828607559204,0.6085180044174194,-0.05668438598513603
0.2815394997596741,0.7371572852134705,-4.3381726300140144e-07,0.36258500814437866,0.6837816834449768,-0.04347465559840202,0.42555859684944153,0.5629623532295227,-0.06528634577989578,0.40998196601867676,0.44400566816329956,-0.08586838096380234,0.37208232283592224,0.3574211001396179,-0.10173013061285019,0.3913242220878601,0.45611584186553955,-0.03445166349411011,0.4267665445804596,0.34525957703590393,-0.09706957638263702,0.4320325553417206,0.39081868529319763,-0.1335708349943161,0.4248439073562622,0.4706466495990753,-0.14471487700939178,0.33183547854423523,0.446951687335968,-0.03076302818953991,0.3695578873157501,0.43185245990753174,-0.0999702587723732,0.36208218336105347,0.5560245513916016,-0.11285162717103958,0.3521183431148529,0.6511905193328857,-0.10437171161174774,0.27539122104644775,0.45216605067253113,-0.036597851663827896,0.31345081329345703,0.44723913073539734,-0.10237591713666916,0.30786073207855225,0.567778468132019,-0.09044564515352249,0.3012988865375519,0.6533020734786987,-0.06340383738279343,0.21615692973136902,0.4676003158092499,-0.04631302133202553,0.2569769322872162,0.4576418697834015,-0.09060385078191757,0.2625887989997864,0.5495259165763855,-0.07991201430559158,0.25978803634643555,0.6115397214889526,-0.05797142535448074
0.2812401056289673,0.7391715049743652,-4.4755316253031197e-07,0.3618795573711395,0.6851389408111572,-0.04247278720140457,0.42522531747817993,0.56477290391922,-0.064060740172863,0.4094434976577759,0.4461289644241333,-0.08479084074497223,0.37123215198516846,0.3601876497268677,-0.10092707723379135,0.39152583479881287,0.45809924602508545,-0.032573066651821136,0.4273277223110199,0.346615195274353,-0.09442862868309021,0.43223872780799866,0.3939385712146759,-0.1310984045267105,0.42456674575805664,0.47642412781715393,-0.14236198365688324,0.3323075473308563,0.4489797055721283,-0.02921307273209095,0.3691101670265198,0.4331747889518738,-0.0967884287238121,0.3605990707874298,0.5564854145050049,-0.10963114351034164,0.3508794903755188,0.6508355736732483,-0.10145489126443863,0.27613985538482666,0.4539853036403656,-0.035291824489831924,0.3130331039428711,0.44478145241737366,-0.0994933620095253,0.3067295253276825,0.5648569464683533,-0.08737602084875107,0.3004146218299866,0.6513878107070923,-0.06059722974896431,0.21694926917552948,0.46921306848526,-0.04522927850484848,0.2563070058822632,0.4561443328857422,-0.08866392076015472,0.26160842180252075,0.5471067428588867,-0.07754747569561005,0.25970327854156494,0.6097070574760437,-0.05538921058177948
0.2808806002140045,0.7379441857337952,-4.392633741190366e-07,0.36206144094467163,0.6850235462188721,-0.04290567338466644,0.425213098526001,0.5641220808029175,-0.06444302201271057,0.4087645411491394,0.44558602571487427,-0.08503253757953644,0.37078168988227844,0.3607109487056732,-0.10092227905988693,0.3920416831970215,0.45752009749412537,-0.03258903697133064,0.42676225304603577,0.34558194875717163,-0.09448175132274628,0.43195050954818726,0.39170998334884644,-0.13088160753250122,0.4248707592487335,0.4741118550300598,-0.14188745617866516,0.33245325088500977,0.44807031750679016,-0.029002618044614792,0.3695477843284607,0.43285179138183594,-0.0971134603023529,0.361230731010437,0.5559807419776917,-0.10981526225805283,0.3513753116130829,0.6504743695259094,-0.10120824724435806,0.27609193325042725,0.45297771692276,-0.03496647998690605,0.3137499690055847,0.44688138365745544,-0.09963849931955338,0.3072517514228821,0.5664786696434021,-0.08777183294296265,0.30059531331062317,0.6523062586784363,-0.060901861637830734,0.21693406999111176,0.4679744243621826,-0.0448407344520092,0.2570982277393341,0.4572460353374481,-0.08842883259057999,0.26256421208381653,0.5483217835426331,-0.07761724293231964,0.260553240776062,0.6108345985412598,-0.055593132972717285
0.2836870849132538,0.7381702661514282,-4.3653577108671016e-07,0.36507704854011536,0.6837728023529053,-0.042092181742191315,0.4290955364704132,0.5628287196159363,-0.06296374648809433,0.4131612181663513,0.4444728493690491,-0.08305037766695023,0.3758716881275177,0.35833558440208435,-0.0986068919301033,0.39564746618270874,0.45868444442749023,-0.03245602920651436,0.4312577247619629,0.3450499176979065,-0.09325406700372696,0.4370966851711273,0.3864147663116455,-0.12842917442321777,0.4307897090911865,0.46531206369400024,-0.13881754875183105,0.3353993892669678,0.44856464862823486,-0.029265424236655235,0.37185975909233093,0.4324965476989746,-0.0968538299202919,0.36362385749816895,0.5550857186317444,-0.10934658348560333,0.35441985726356506,0.6486996412277222,-0.10078595578670502,0.27829915285110474,0.4528384208679199,-0.035399556159973145,0.31464770436286926,0.4452455937862396,-0.10019132494926453,0.30965670943260193,0.5648489594459534,-0.0884576216340065,0.30460572242736816,0.6501917243003845,-0.061661481857299805,0.21817395091056824,0.4672480821609497,-0.045235004276037216,0.25560709834098816,0.4509263336658478,-0.08878261595964432,0.26258817315101624,0.5412418842315674,-0.07769784331321716,0.26223716139793396,0.6035627126693726,-0.055529024451971054
0.28277623653411865,0.7396432161331177,-4.3216883227614744e-07,0.36441275477409363,0.6865860223770142,-0.042709555476903915,0.428998738527298,0.5648021101951599,-0.06423576176166534,0.41317668557167053,0.4454799294471741,-0.08490649610757828,0.37443339824676514,0.35945165157318115,-0.10114505887031555,0.39488399028778076,0.4586406350135803,-0.03228290006518364,0.42792239785194397,0.3458371162414551,-0.09345967322587967,0.43580377101898193,0.38540133833885193,-0.12941491603851318,0.4313449263572693,0.46531280875205994,-0.14026078581809998,0.334660142660141,0.4485270380973816,-0.028959741815924644,0.37227192521095276,0.43219733238220215,-0.09636421501636505,0.3625582158565521,0.5533711910247803,-0.10905938595533371,0.35149964690208435,0.6464080810546875,-0.10057700425386429,0.2778896689414978,0.45352664589881897,-0.03505702316761017,0.3159063458442688,0.4453943371772766,-0.10016103833913803,0.30935972929000854,0.5640503764152527,-0.08845667541027069,0.30296728014945984,0.6492360830307007,-0.06153639778494835,0.21803170442581177,0.46876609325408936,-0.04492978751659393,0.2567576467990875,0.45170754194259644,-0.08924897760152817,0.2634013593196869,0.5418561100959778,-0.07823047786951065,0.26276353001594543,0.6049538254737854,-0.05590597912669182
0.2832701504230499,0.7391758561134338,-4.3076542510789295e-07,0.36554989218711853,0.6860141158103943,-0.04252774640917778,0.4291607141494751,0.5646219253540039,-0.06426416337490082,0.41202208399772644,0.4464857578277588,-0.08516883850097656,0.3738425672054291,0.3604673445224762,-0.10156229883432388,0.3951953649520874,0.4564005732536316,-0.03286523371934891,0.4285270571708679,0.34441691637039185,-0.09438447654247284,0.43598973751068115,0.3851735293865204,-0.13037599623203278,0.43128132820129395,0.46516719460487366,-0.1412287950515747,0.33461901545524597,0.44643452763557434,-0.0297402311116457,0.3731005787849426,0.4325178265571594,-0.09747587144374847,0.36350032687187195,0.5544334053993225,-0.11007439345121384,0.3521209955215454,0.6475807428359985,-0.1015186533331871,0.27760452032089233,0.452117919921875,-0.03601515665650368,0.3163048028945923,0.44587939977645874,-0.10114066302776337,0.3102244436740875,0.5648308396339417,-0.08915151655673981,0.3037852346897125,0.6495357751846313,-0.062136922031641006,0.21766525506973267,0.46846967935562134,-0.04606378450989723,0.25688332319259644,0.4525391459465027,-0.09033548086881638,0.26417076587677,0.5432307720184326,-0.07912995666265488,0.2637190520763397,0.6056861877441406,-0.056706346571445465
0.2845042645931244,0.7389286756515503,-4.3109679381814203e-07,0.36667579412460327,0.6853222846984863,-0.04167507588863373,0.43171167373657227,0.5654966235160828,-0.06203353404998779,0.41668596863746643,0.4472472369670868,-0.08171045780181885,0.3801039457321167,0.3612910509109497,-0.0970863550901413,0.396807461977005,0.4585605561733246,-0.03056386485695839,0.42987874150276184,0.34462296962738037,-0.09001153707504272,0.43828481435775757,0.3845391571521759,-0.1247805804014206,0.43505701422691345,0.4614477753639221,-0.1352403163909912,0.33663204312324524,0.44971126317977905,-0.027312573045492172,0.37505847215652466,0.4309920072555542,-0.09432678669691086,0.36592885851860046,0.5537453889846802,-0.10725819319486618,0.35436639189720154,0.6481534242630005,-0.09889639168977737,0.27982714772224426,0.4547654986381531,-0.03323475271463394,0.31709861755371094,0.4434731602668762,-0.0978248119354248,0.3117751479148865,0.5629960298538208,-0.08659806847572327,0.30561384558677673,0.6489229798316956,-0.060030147433280945,0.21976211667060852,0.4699709415435791,-0.042725492268800735,0.2587096691131592,0.45179909467697144,-0.08666984736919403,0.26583510637283325,0.5428946614265442,-0.07581671327352524,0.26459261775016785,0.6066294312477112,-0.05364571511745453
0.28455957770347595,0.7383058071136475,-4.202068737413356e-07,0.3669711649417877,0.6857848167419434,-0.043029870837926865,0.4314820468425751,0.565179169178009,-0.0639452263712883,0.4159194231033325,0.44549599289894104,-0.08389042317867279,0.37888801097869873,0.35834020376205444,-0.09946812689304352,0.39783570170402527,0.45918893814086914,-0.030872227624058723,0.42799901962280273,0.34585845470428467,-0.09112916141748428,0.4358068108558655,0.38461872935295105,-0.1264141947031021,0.4327613413333893,0.4616793394088745,-0.13704310357570648,0.337615966796875,0.44997942447662354,-0.02695738710463047,0.3739141523838043,0.43019965291023254,-0.09461486339569092,0.36523473262786865,0.5516665577888489,-0.1079188734292984,0.3548606336116791,0.6459409594535828,-0.09957964718341827,0.280953049659729,0.4543166756629944,-0.032447025179862976,0.3170897960662842,0.443240225315094,-0.09779280424118042,0.31111711263656616,0.5620408654212952,-0.08689270913600922,0.3051702380180359,0.6475812196731567,-0.06030096486210823,0.22131627798080444,0.46848446130752563,-0.04166030138731003,0.2598518133163452,0.4516051113605499,-0.0864514634013176,0.266308069229126,0.543148398399353,-0.07628826797008514,0.26521068811416626,0.6069855690002441,-0.05443353205919266
0.284172385931015,0.736689567565918,-3.8336938246175123e-07,0.3649653494358063,0.6866086721420288,-0.04478821903467178,0.4288543462753296,0.5672029852867126,-0.06724932044744492,0.41401827335357666,0.4483206272125244,-0.08825406432151794,0.37834858894348145,0.3609299063682556,-0.10449205338954926,0.3958115577697754,0.4574788510799408,-0.03527883440256119,0.4302315413951874,0.3470648229122162,-0.09720708429813385,0.4378776252269745,0.3839590847492218,-0.1329711526632309,0.4335455000400543,0.46116960048675537,-0.1436193883419037,0.3362923264503479,0.4453481137752533,-0.03071448765695095,0.3746231198310852,0.43183770775794983,-0.10007543861865997,0.36631590127944946,0.5540306568145752,-0.1123177707195282,0.3561040461063385,0.6487246751785278,-0.10284057259559631,0.2798430323600769,0.4486406445503235,-0.03572574257850647,0.31853073835372925,0.44630154967308044,-0.10159389674663544,0.312157541513443,0.5660836100578308,-0.08957166224718094,0.3054068088531494,0.652152419090271,-0.06205223128199577,0.22044876217842102,0.4626278579235077,-0.04483325034379959,0.2601727247238159,0.4554058313369751,-0.08957173675298691,0.26678770780563354,0.5454769730567932,-0.07977543026208878,0.2655652165412903,0.6068153977394104,-0.058121781796216965
0.2848672568798065,0.735736608505249,-3.894733140441531e-07,0.3650972843170166,0.6854594945907593,-0.04462415352463722,0.4296250343322754,0.5656334161758423,-0.06668967008590698,0.415452778339386,0.44719403982162476,-0.08730970323085785,0.37902504205703735,0.3614777624607086,-0.10330098867416382,0.3956649899482727,0.4571617543697357,-0.03483738377690315,0.43029892444610596,0.3456953167915344,-0.09630032628774643,0.4382724463939667,0.3838115632534027,-0.1320655792951584,0.43376219272613525,0.46203184127807617,-0.14280004799365997,0.33621668815612793,0.446315199136734,-0.03037244826555252,0.3752026855945587,0.4312930405139923,-0.09927079826593399,0.3675077557563782,0.5536743998527527,-0.11193297058343887,0.3569739758968353,0.6482650637626648,-0.10285350680351257,0.27994775772094727,0.4505252540111542,-0.035429079085588455,0.31828102469444275,0.4462112784385681,-0.10104543715715408,0.31248289346694946,0.5657352209091187,-0.08944584429264069,0.3056103587150574,0.651164710521698,-0.06233742833137512,0.2205970585346222,0.4648768901824951,-0.04447786509990692,0.2601316571235657,0.45484206080436707,-0.08898694068193436,0.2669227123260498,0.5447279214859009,-0.07872425764799118,0.26522794365882874,0.6061951518058777,-0.05680194869637489
0.2841193974018097,0.7354247570037842,-3.9229956882991246e-07,0.3644924759864807,0.6853437423706055,-0.0445636622607708,0.4287961721420288,0.5666089653968811,-0.06683378666639328,0.41497308015823364,0.4481651782989502,-0.08774503320455551,0.37760987877845764,0.3623504638671875,-0.10404996573925018,0.3953593373298645,0.45713746547698975,-0.03490949794650078,0.43041402101516724,0.34559547901153564,-0.09654182940721512,0.4381808042526245,0.3856145739555359,-0.13257479667663574,0.43325167894363403,0.4649028480052948,-0.1433935910463333,0.33638352155685425,0.4462434947490692,-0.03036404959857464,0.3745672106742859,0.4318782091140747,-0.09874120354652405,0.36668288707733154,0.5535351037979126,-0.11131703853607178,0.3564974367618561,0.6476690769195557,-0.1024184301495552,0.28012001514434814,0.4501549005508423,-0.035343561321496964,0.3183068037033081,0.4458773732185364,-0.10049086064100266,0.31202423572540283,0.5649805068969727,-0.08885043114423752,0.30499130487442017,0.6508134007453918,-0.06187383085489273,0.22060158848762512,0.46401262283325195,-0.04436104744672775,0.26025575399398804,0.4552150070667267,-0.08868063986301422,0.26671624183654785,0.5450458526611328,-0.07857169955968857,0.26504629850387573,0.6067089438438416,-0.056795112788677216
0.28349727392196655,0.7356297969818115,-4.1247997728532937e-07,0.36538368463516235,0.6827053427696228,-0.04439018294215202,0.4280853271484375,0.5637204051017761,-0.06687769293785095,0.4118092358112335,0.44579094648361206,-0.08816931396722794,0.3740088641643524,0.36033958196640015,-0.10474557429552078,0.3944553732872009,0.45350101590156555,-0.033885810524225235,0.42863184213638306,0.34505951404571533,-0.09644106775522232,0.43534496426582336,0.39051759243011475,-0.13321882486343384,0.4300187826156616,0.4717501103878021,-0.14441241323947906,0.33489978313446045,0.4439172148704529,-0.02989419735968113,0.3738135099411011,0.43230709433555603,-0.09848516434431076,0.3646480143070221,0.5550436973571777,-0.1112653836607933,0.35431042313575745,0.6480011940002441,-0.10246943682432175,0.2785272002220154,0.44957348704338074,-0.03557828441262245,0.31713831424713135,0.44642356038093567,-0.10120446979999542,0.3098819851875305,0.5653223991394043,-0.08952675014734268,0.30319470167160034,0.6497357487678528,-0.06238079443573952,0.21931356191635132,0.46526461839675903,-0.04526156187057495,0.25958216190338135,0.45626792311668396,-0.08953086286783218,0.2651427090167999,0.5468442440032959,-0.07890357822179794,0.26364782452583313,0.6078326106071472,-0.05672961845993996
0.2834048569202423,0.7359901666641235,-4.369315149688191e-07,0.36522144079208374,0.6825382113456726,-0.04369020089507103,0.4284805953502655,0.5626674890518188,-0.06557496637105942,0.413006067276001,0.4446221590042114,-0.08631501346826553,0.3738361895084381,0.36021852493286133,-0.10240418463945389,0.39452919363975525,0.4535783529281616,-0.03397787734866142,0.4310033917427063,0.34502482414245605,-0.09615171700716019,0.4364530146121979,0.3937053978443146,-0.13281777501106262,0.42936697602272034,0.4759770333766937,-0.14406482875347137,0.33518192172050476,0.4444710314273834,-0.03021407127380371,0.3729107677936554,0.4323345422744751,-0.09814529865980148,0.3641079366207123,0.5552006363868713,-0.11112344264984131,0.35415342450141907,0.6487067341804504,-0.10284394770860672,0.27860304713249207,0.45087695121765137,-0.035964515060186386,0.31657007336616516,0.4457269608974457,-0.10081792622804642,0.31004855036735535,0.5648053884506226,-0.08916973322629929,0.3037897050380707,0.6495738625526428,-0.06234830990433693,0.21903440356254578,0.46749889850616455,-0.04563006013631821,0.25925588607788086,0.45605233311653137,-0.0892789289355278,0.2651386260986328,0.5464064478874207,-0.07835733890533447,0.26367825269699097,0.6072558164596558,-0.056174200028181076
0.2836672365665436,0.7362525463104248,-4.303901448565739e-07,0.3658558130264282,0.6827861070632935,-0.04397227615118027,0.4289085865020752,0.5621935129165649,-0.06602955609560013,0.4122545123100281,0.4441571831703186,-0.08687438815832138,0.3730246424674988,0.3600786030292511,-0.10307540744543076,0.39494210481643677,0.4527267515659332,-0.033858075737953186,0.4301796853542328,0.3448246121406555,-0.09603236615657806,0.43619388341903687,0.391334593296051,-0.13273058831691742,0.42989006638526917,0.47334688901901245,-0.14398960769176483,0.33524492383003235,0.44340965151786804,-0.029951097443699837,0.3730829358100891,0.4321399927139282,-0.09798818081617355,0.36410802602767944,0.5551974177360535,-0.11074218153953552,0.35400256514549255,0.6489596962928772,-0.1021781638264656,0.2785934805870056,0.449748158454895,-0.03563117980957031,0.31663331389427185,0.44597646594047546,-0.10071296244859695,0.3098619282245636,0.5653129816055298,-0.0889652892947197,0.3034963309764862,0.650259792804718,-0.06199843809008598,0.21904101967811584,0.466421514749527,-0.0452677458524704,0.25912830233573914,0.45588648319244385,-0.08917305618524551,0.2649466097354889,0.5466078519821167,-0.07831639051437378,0.26362013816833496,0.6075921654701233,-0.05612994357943535
0.28140825033187866,0.7361317873001099,-3.9722257838548103e-07,0.36422958970069885,0.6856247186660767,-0.04349939525127411,0.4289093613624573,0.5648208856582642,-0.06544508039951324,0.4118748605251312,0.4467110335826874,-0.08638685196638107,0.37410515546798706,0.36238375306129456,-0.10290805995464325,0.39559510350227356,0.4590083062648773,-0.03198840469121933,0.42645663022994995,0.3466164469718933,-0.09295761585235596,0.43461838364601135,0.38118723034858704,-0.12866927683353424,0.43062132596969604,0.4603378176689148,-0.1393662840127945,0.33533647656440735,0.4496171772480011,-0.028267376124858856,0.3728831112384796,0.4303351938724518,-0.09633155167102814,0.36417362093925476,0.5508238673210144,-0.1089758649468422,0.3528558611869812,0.6445610523223877,-0.1000126376748085,0.2791377305984497,0.45412397384643555,-0.034129880368709564,0.3164583146572113,0.44543033838272095,-0.09933885186910629,0.3100089728832245,0.563123345375061,-0.08766958117485046,0.30255210399627686,0.6473753452301025,-0.06071615219116211,0.2194596529006958,0.4683402478694916,-0.043885715305805206,0.2587823271751404,0.4532739520072937,-0.08791979402303696,0.26531782746315,0.5428799390792847,-0.07702797651290894,0.26353901624679565,0.6049959063529968,-0.05491875484585762
0.2809390723705292,0.7350512146949768,-3.7167197319831757e-07,0.3636910617351532,0.684472918510437,-0.0433279387652874,0.42822837829589844,0.5671785473823547,-0.06549022346735,0.41217997670173645,0.4499163031578064,-0.08667007088661194,0.3764869272708893,0.3628624677658081,-0.10336358100175858,0.39559200406074524,0.4581599831581116,-0.03263481706380844,0.42749321460723877,0.34853285551071167,-0.09399338811635971,0.4345887005329132,0.3821330964565277,-0.12976597249507904,0.4306393265724182,0.45783886313438416,-0.14057029783725739,0.3356713056564331,0.44732871651649475,-0.029002100229263306,0.3731311857700348,0.4305533170700073,-0.09774648398160934,0.36417698860168457,0.5498058795928955,-0.11073873192071915,0.3537317216396332,0.6432173252105713,-0.10196881741285324,0.2793535590171814,0.45044073462486267,-0.034863363951444626,0.31685879826545715,0.4453059732913971,-0.10057049244642258,0.3099875748157501,0.5618299245834351,-0.08938038349151611,0.30279862880706787,0.6457468271255493,-0.06261051446199417,0.21977166831493378,0.4632919430732727,-0.044604815542697906,0.25924497842788696,0.45218995213508606,-0.08911721408367157,0.26537224650382996,0.5419677495956421,-0.07907512038946152,0.263815313577652,0.6039946675300598,-0.05742403119802475
0.28118130564689636,0.7350192070007324,-3.7412900155686657e-07,0.3639547824859619,0.6829085946083069,-0.0428428128361702,0.4284098446369171,0.5653786063194275,-0.06454112380743027,0.4129914939403534,0.44791096448898315,-0.0852651596069336,0.37626075744628906,0.3614993691444397,-0.10156761854887009,0.39564594626426697,0.45942407846450806,-0.03230918571352959,0.4292784035205841,0.3503907322883606,-0.09364886581897736,0.4347677528858185,0.3840981423854828,-0.12942059338092804,0.4292249083518982,0.45915091037750244,-0.1402541846036911,0.33613958954811096,0.44839173555374146,-0.028738442808389664,0.3729318082332611,0.4312245547771454,-0.09745286405086517,0.36393776535987854,0.5502310395240784,-0.11061129719018936,0.3539671003818512,0.6445766687393188,-0.10203714668750763,0.2798367142677307,0.45103245973587036,-0.03461300581693649,0.31669875979423523,0.44621336460113525,-0.10004007816314697,0.30966028571128845,0.5625277757644653,-0.08902695775032043,0.302680104970932,0.6468532085418701,-0.062434569001197815,0.22015836834907532,0.463243305683136,-0.04433443024754524,0.25901785492897034,0.45238322019577026,-0.08833867311477661,0.26494336128234863,0.5417730212211609,-0.07832521200180054,0.2634119689464569,0.6038771867752075,-0.056822631508111954
0.28223514556884766,0.7363902926445007,-3.8986843264865456e-07,0.36373716592788696,0.6845855116844177,-0.04257666692137718,0.42772403359413147,0.5647589564323425,-0.06390380859375,0.4118709862232208,0.4461422860622406,-0.08418364822864532,0.3756493031978607,0.3580728769302368,-0.09991645812988281,0.39483481645584106,0.45712441205978394,-0.03232879191637039,0.43082594871520996,0.3461307883262634,-0.09431612491607666,0.4362400472164154,0.38773107528686523,-0.13065949082374573,0.4303677976131439,0.4665391445159912,-0.14177584648132324,0.33577960729599,0.447393536567688,-0.029076406732201576,0.37363794445991516,0.42924386262893677,-0.09785038977861404,0.3644030690193176,0.5514224767684937,-0.11108345538377762,0.3543493151664734,0.6458096504211426,-0.10267326235771179,0.2794918119907379,0.4520297348499298,-0.03528328612446785,0.3161611258983612,0.4431438744068146,-0.10077890008687973,0.30974847078323364,0.5627089142799377,-0.08909577876329422,0.303759902715683,0.6476045846939087,-0.0621749684214592,0.2202669084072113,0.46635663509368896,-0.04525856673717499,0.2588353753089905,0.45383650064468384,-0.0894932672381401,0.26456260681152344,0.5449529886245728,-0.07882904261350632,0.2632645070552826,0.6061661839485168,-0.05683119595050812
0.2826334834098816,0.73614102602005,-4.00321397364678e-07,0.3642489016056061,0.6845313310623169,-0.043084610253572464,0.42837631702423096,0.5661617517471313,-0.0652526244521141,0.4117792844772339,0.4475836753845215,-0.08651138842105865,0.37555813789367676,0.3598937690258026,-0.10327625274658203,0.39493682980537415,0.4570525586605072,-0.03344953432679176,0.42858338356018066,0.3430399000644684,-0.0957070142030716,0.43537095189094543,0.38327497243881226,-0.13210070133209229,0.43059995770454407,0.462189257144928,-0.14319679141044617,0.33549633622169495,0.4486500918865204,-0.030122870579361916,0.3733055889606476,0.42912939190864563,-0.09929017722606659,0.3638092875480652,0.5521916151046753,-0.11227260529994965,0.3528174161911011,0.6457647681236267,-0.10362730175256729,0.2795026898384094,0.4538232386112213,-0.036237116903066635,0.316263884305954,0.44199231266975403,-0.10217650234699249,0.3097984790802002,0.5619897842407227,-0.09000767022371292,0.30307886004447937,0.6470708847045898,-0.06268104165792465,0.22017407417297363,0.46845462918281555,-0.04618871212005615,0.25874412059783936,0.4538246691226959,-0.09110584855079651,0.2646501064300537,0.5449031591415405,-0.080347441136837,0.2630601227283478,0.6065788865089417,-0.05812842771410942
0.2821977734565735,0.7384747862815857,-4.0271436319017084e-07,0.3640251159667969,0.6850583553314209,-0.0424380786716938,0.42834141850471497,0.5663031935691833,-0.06419472396373749,0.4120407998561859,0.4476739764213562,-0.08508811891078949,0.376770943403244,0.3583679497241974,-0.10162173956632614,0.39488381147384644,0.45629534125328064,-0.03236839175224304,0.42903366684913635,0.3448548913002014,-0.0940801352262497,0.4365583658218384,0.3826600909233093,-0.13037824630737305,0.43194493651390076,0.4603500962257385,-0.14150594174861908,0.33558666706085205,0.4467443823814392,-0.02915739081799984,0.3732786476612091,0.4288133382797241,-0.09743322432041168,0.36323559284210205,0.5515601634979248,-0.11031244695186615,0.35150840878486633,0.6455148458480835,-0.10178280621767044,0.2796899080276489,0.4514738619327545,-0.03531105816364288,0.31647032499313354,0.4411430060863495,-0.10062040388584137,0.30977192521095276,0.561077356338501,-0.08847901225090027,0.3027132451534271,0.6463887691497803,-0.06135093420743942,0.2200641632080078,0.46629685163497925,-0.04526617005467415,0.2590319514274597,0.45330703258514404,-0.09003810584545135,0.2648460566997528,0.5448722243309021,-0.07938265055418015,0.2630980908870697,0.6065801382064819,-0.057274479418992996
0.28383105993270874,0.7372677326202393,-4.056427940213325e-07,0.3652716279029846,0.6850559711456299,-0.043767742812633514,0.4286125600337982,0.5682977437973022,-0.06634972244501114,0.4132087826728821,0.45014142990112305,-0.08799239248037338,0.3783597946166992,0.3606327176094055,-0.10490498691797256,0.3943370580673218,0.45763158798217773,-0.034770604223012924,0.428376168012619,0.34520310163497925,-0.09752550721168518,0.4351043105125427,0.38811150193214417,-0.13395358622074127,0.4303097724914551,0.46619126200675964,-0.14518216252326965,0.33460092544555664,0.44986534118652344,-0.03156666085124016,0.37310564517974854,0.42775294184684753,-0.10108836740255356,0.36463218927383423,0.5499653220176697,-0.11439520120620728,0.3542061448097229,0.6439858078956604,-0.10623695701360703,0.2779160439968109,0.4559740722179413,-0.037805695086717606,0.31591320037841797,0.44178131222724915,-0.10468737035989761,0.31042423844337463,0.561730682849884,-0.09248338639736176,0.3038479685783386,0.6477453112602234,-0.06490393728017807,0.2178303301334381,0.4719047248363495,-0.047861017286777496,0.2581019401550293,0.45152750611305237,-0.09332000464200974,0.26551634073257446,0.5413960218429565,-0.08223544806241989,0.26404139399528503,0.603959321975708,-0.0597657710313797
0.2843688130378723,0.7364935874938965,-4.3990527842652227e-07,0.3648325204849243,0.6848481297492981,-0.04246341809630394,0.42836520075798035,0.5660190582275391,-0.06391629576683044,0.4127940535545349,0.4475286602973938,-0.0845186859369278,0.3771277368068695,0.358981192111969,-0.10046356916427612,0.39443132281303406,0.45754727721214294,-0.03386223316192627,0.43016552925109863,0.34489670395851135,-0.09548989683389664,0.43564140796661377,0.3912723660469055,-0.13115820288658142,0.4287734925746918,0.4709733724594116,-0.14196579158306122,0.3347426950931549,0.4500372111797333,-0.031003762036561966,0.37329110503196716,0.42812076210975647,-0.09879279881715775,0.36490732431411743,0.5503918528556824,-0.11168599873781204,0.3541947603225708,0.6438938975334167,-0.10369648784399033,0.278054803609848,0.4566228985786438,-0.0374077707529068,0.31609198451042175,0.44230616092681885,-0.10281113535165787,0.310791552066803,0.5621333122253418,-0.09074126183986664,0.30410850048065186,0.6472914218902588,-0.0637366846203804,0.21812286972999573,0.4731481671333313,-0.047443099319934845,0.25838348269462585,0.4512631893157959,-0.0917796790599823,0.266178160905838,0.5413526892662048,-0.0803343653678894,0.2648622691631317,0.6038655042648315,-0.05792495980858803
0.28527259826660156,0.7349443435668945,-4.2585267578942876e-07,0.3663322329521179,0.6841211318969727,-0.042954087257385254,0.4308460056781769,0.5653097033500671,-0.06465539336204529,0.4140021800994873,0.4474278390407562,-0.08530616760253906,0.3756173849105835,0.3619377613067627,-0.10154090821743011,0.396392822265625,0.45772361755371094,-0.03401089087128639,0.4310939908027649,0.34420767426490784,-0.09490299224853516,0.4374551773071289,0.3864726722240448,-0.13055700063705444,0.43170350790023804,0.46560147404670715,-0.1415010392665863,0.3367191255092621,0.44899043440818787,-0.030443869531154633,0.37394773960113525,0.43062785267829895,-0.09789206832647324,0.3662247657775879,0.5527411699295044,-0.1109204813838005,0.35589301586151123,0.6462787389755249,-0.10305558890104294,0.28059449791908264,0.45450302958488464,-0.03606238216161728,0.3174739480018616,0.4430004954338074,-0.10059245675802231,0.3129335641860962,0.5631403923034668,-0.08874166756868362,0.3067241311073303,0.6486265063285828,-0.06219426915049553,0.22118374705314636,0.4700472354888916,-0.045428745448589325,0.26033109426498413,0.45385870337486267,-0.08927600085735321,0.26744699478149414,0.5443043112754822,-0.07828681170940399,0.26573264598846436,0.6059530973434448,-0.056336041539907455
0.2852977514266968,0.7361524105072021,-3.992543327058229e-07,0.36536043882369995,0.6855440139770508,-0.043195705860853195,0.42854222655296326,0.5673565864562988,-0.06550466269254684,0.41119563579559326,0.44873982667922974,-0.08690183609724045,0.3744870722293854,0.3616172969341278,-0.10382859408855438,0.39688700437545776,0.4598986804485321,-0.03271942213177681,0.42921507358551025,0.34479087591171265,-0.09408558160066605,0.43701034784317017,0.38147658109664917,-0.12990614771842957,0.43323421478271484,0.4604724049568176,-0.1406092494726181,0.33753353357315063,0.4507589042186737,-0.029131755232810974,0.3742797076702118,0.43012735247612,-0.09708169847726822,0.36478209495544434,0.5512443780899048,-0.10950000584125519,0.35412535071372986,0.6441095471382141,-0.10070427507162094,0.28155186772346497,0.45515888929367065,-0.034966930747032166,0.31869953870773315,0.440942645072937,-0.10036613047122955,0.31186792254447937,0.5607810020446777,-0.0878869816660881,0.30494236946105957,0.646696925163269,-0.06042253226041794,0.2219020575284958,0.4693768620491028,-0.0446358397603035,0.2608448565006256,0.4523847699165344,-0.0894518792629242,0.26717063784599304,0.5426448583602905,-0.07860089093446732,0.2657831311225891,0.605138897895813,-0.0563352108001709
0.28506916761398315,0.7356756925582886,-4.3115525727444037e-07,0.3655194044113159,0.6864784359931946,-0.04266706854104996,0.43041929602622986,0.5662678480148315,-0.06332441419363022,0.41518014669418335,0.4482176899909973,-0.08288586884737015,0.37845829129219055,0.36219632625579834,-0.09775465726852417,0.3961196541786194,0.4571772813796997,-0.033056069165468216,0.43090707063674927,0.34348610043525696,-0.0936836376786232,0.43825632333755493,0.38960015773773193,-0.12899379432201385,0.43341881036758423,0.4701526165008545,-0.13949988782405853,0.3373226523399353,0.4468540847301483,-0.02936147153377533,0.3754248321056366,0.4306936264038086,-0.09650133550167084,0.36636117100715637,0.5535924434661865,-0.10870369523763657,0.3553191125392914,0.6473824381828308,-0.0998624786734581,0.28105980157852173,0.4515661895275116,-0.03499334678053856,0.3183993101119995,0.4440527558326721,-0.09890099614858627,0.31212297081947327,0.5635136961936951,-0.08683255314826965,0.3057311773300171,0.6483806371688843,-0.059935763478279114,0.22162671387195587,0.46622633934020996,-0.04447265714406967,0.26163116097450256,0.4535062611103058,-0.08769965916872025,0.26786988973617554,0.5439106822013855,-0.0768110454082489,0.2665306329727173,0.6055122017860413,-0.054790426045656204
0.28471240401268005,0.7363874316215515,-4.414643797190365e-07,0.3658081293106079,0.6862327456474304,-0.04305616393685341,0.4307808578014374,0.5652700066566467,-0.0638931468129158,0.41503480076789856,0.4464074671268463,-0.08359381556510925,0.37708890438079834,0.360698938369751,-0.09857018291950226,0.39620667695999146,0.4568307101726532,-0.03299115225672722,0.43153098225593567,0.34452152252197266,-0.09399843215942383,0.43880176544189453,0.39124393463134766,-0.12982295453548431,0.433413028717041,0.47325173020362854,-0.14061787724494934,0.33725211024284363,0.4455626606941223,-0.02915945276618004,0.37524864077568054,0.43112820386886597,-0.09642764925956726,0.36598819494247437,0.5538976192474365,-0.1089571863412857,0.3548518121242523,0.648711085319519,-0.10030677169561386,0.28107136487960815,0.4498633146286011,-0.0347631461918354,0.31841039657592773,0.44578447937965393,-0.09861357510089874,0.3117810785770416,0.5648000836372375,-0.08687461167573929,0.30538132786750793,0.6498614549636841,-0.06019960343837738,0.22184467315673828,0.46426644921302795,-0.04430844634771347,0.2620593309402466,0.4546264111995697,-0.08710075914859772,0.267644464969635,0.5448577404022217,-0.07626070827245712,0.26613685488700867,0.6061517000198364,-0.0543656200170517
0.2850523889064789,0.7361582517623901,-4.3322032183823467e-07,0.3662101924419403,0.685583233833313,-0.04310601204633713,0.43086448311805725,0.5649031400680542,-0.06415323913097382,0.4150509238243103,0.44657284021377563,-0.08411450684070587,0.3766118586063385,0.3615005612373352,-0.0994177833199501,0.3960939645767212,0.4562433063983917,-0.033123794943094254,0.4306366443634033,0.3439362645149231,-0.09421636909246445,0.4383414387702942,0.3891928195953369,-0.1300184279680252,0.43355005979537964,0.470398873090744,-0.1407790631055832,0.3370245099067688,0.44515517354011536,-0.02929660864174366,0.3753677010536194,0.4312809407711029,-0.09686756879091263,0.3659918010234833,0.5541770458221436,-0.10929795354604721,0.35460445284843445,0.6490291357040405,-0.10045119374990463,0.28089118003845215,0.44956573843955994,-0.03492452949285507,0.31854507327079773,0.4459618330001831,-0.09906421601772308,0.31189125776290894,0.5648663640022278,-0.08732479810714722,0.30539023876190186,0.6501638889312744,-0.06054151430726051,0.22177520394325256,0.464016318321228,-0.04450634494423866,0.2620353698730469,0.4544394910335541,-0.08765196800231934,0.267719030380249,0.544532060623169,-0.07697644084692001,0.2661705017089844,0.6061884760856628,-0.05509703978896141
0.2844904065132141,0.7365074157714844,-4.348698041667376e-07,0.3670752942562103,0.6865623593330383,-0.042796529829502106,0.433704674243927,0.5662681460380554,-0.0638507828116417,0.4175637364387512,0.4474145770072937,-0.08388006687164307,0.37832432985305786,0.3634834289550781,-0.09949561953544617,0.3987227976322174,0.4584691524505615,-0.03152408450841904,0.43311843276023865,0.3460369110107422,-0.09210443496704102,0.4405246675014496,0.3880764842033386,-0.12799088656902313,0.43515151739120483,0.46825799345970154,-0.13902749121189117,0.33905500173568726,0.4479154348373413,-0.02787783555686474,0.37687990069389343,0.4309917390346527,-0.09520639479160309,0.3675578832626343,0.5538597106933594,-0.10805366188287735,0.3560231626033783,0.6478128433227539,-0.09962151944637299,0.2829168140888214,0.4522320032119751,-0.033653248101472855,0.32014840841293335,0.44210416078567505,-0.09785689413547516,0.3141498565673828,0.5621011257171631,-0.08615390211343765,0.30749040842056274,0.6475539803504944,-0.059571899473667145,0.22338107228279114,0.4670458734035492,-0.04326244071125984,0.2619311213493347,0.4547784626483917,-0.08688325434923172,0.2678385376930237,0.5454986095428467,-0.07620496302843094,0.26642799377441406,0.6064896583557129,-0.054388899356126785
0.28353384137153625,0.7370198369026184,-3.9286558717321896e-07,0.36535903811454773,0.6871414184570312,-0.043114226311445236,0.4305359721183777,0.5706248879432678,-0.06488379091024399,0.4161701798439026,0.4522313177585602,-0.08571557700634003,0.38284334540367126,0.3635159432888031,-0.1020081415772438,0.39777231216430664,0.4581089913845062,-0.03161534667015076,0.430753231048584,0.34713050723075867,-0.09271454811096191,0.43966665863990784,0.3867274522781372,-0.12877421081066132,0.4364548623561859,0.4643878638744354,-0.1399500072002411,0.3386380076408386,0.447441428899765,-0.028043542057275772,0.3768967390060425,0.4300481081008911,-0.09588857740163803,0.36758214235305786,0.5515002608299255,-0.10879632830619812,0.3561156392097473,0.6438584923744202,-0.10030963271856308,0.28265488147735596,0.45198214054107666,-0.03393549099564552,0.3204618990421295,0.44161269068717957,-0.09856400638818741,0.31417980790138245,0.5608037710189819,-0.08643469959497452,0.3073093593120575,0.6454955339431763,-0.059428535401821136,0.22312256693840027,0.4676855504512787,-0.043795377016067505,0.2627752423286438,0.4569752514362335,-0.08802971988916397,0.2691134810447693,0.5465063452720642,-0.0778171718120575,0.2676946818828583,0.6063542366027832,-0.056172169744968414
0.28538352251052856,0.7350346446037292,-4.042395289616252e-07,0.3665168881416321,0.6870774626731873,-0.04399427771568298,0.43289899826049805,0.5685160160064697,-0.06592100113630295,0.4168733060359955,0.4495891034603119,-0.08654195815324783,0.3797559142112732,0.3638835549354553,-0.1026182770729065,0.39895719289779663,0.4576454162597656,-0.033364176750183105,0.43204376101493835,0.34602534770965576,-0.09446268528699875,0.4394141435623169,0.3851472735404968,-0.13010841608047485,0.4354468286037445,0.46325820684432983,-0.1409253180027008,0.3392045497894287,0.4471569061279297,-0.02926504611968994,0.37685760855674744,0.43134135007858276,-0.09752701967954636,0.36740657687187195,0.5536949634552002,-0.11003027111291885,0.35681653022766113,0.6470309495925903,-0.10108353197574615,0.282945454120636,0.4516627788543701,-0.03461529687047005,0.3201165199279785,0.4430912137031555,-0.09983032196760178,0.31368741393089294,0.5629290342330933,-0.08769287914037704,0.30754390358924866,0.647924542427063,-0.06051001325249672,0.22371622920036316,0.4667533338069916,-0.04387851804494858,0.2620199918746948,0.4553510844707489,-0.08826541900634766,0.2678222358226776,0.5458463430404663,-0.07775919139385223,0.26670295000076294,0.6063828468322754,-0.05584488809108734
0.28523683547973633,0.7370669841766357,-4.078117115113855e-07,0.36785462498664856,0.6865534782409668,-0.04313405603170395,0.43276891112327576,0.5676256418228149,-0.0645655021071434,0.41764143109321594,0.44831132888793945,-0.08479108661413193,0.3804076611995697,0.36214959621429443,-0.10050809383392334,0.40021634101867676,0.4560413956642151,-0.032556671649217606,0.4352586269378662,0.3494265377521515,-0.09406065940856934,0.44249892234802246,0.3906905949115753,-0.13052338361740112,0.43724536895751953,0.47057071328163147,-0.14183779060840607,0.3405051529407501,0.44362130761146545,-0.02878665179014206,0.37812480330467224,0.43131545186042786,-0.09651673585176468,0.3691316545009613,0.5530710816383362,-0.10930894315242767,0.3580760359764099,0.6483252644538879,-0.10078058391809464,0.28352460265159607,0.4480653703212738,-0.03450797498226166,0.32132911682128906,0.44757941365242004,-0.09939049929380417,0.3149319589138031,0.5669293403625488,-0.08801481127738953,0.3083377480506897,0.6526606678962708,-0.0613805390894413,0.2235485464334488,0.46375104784965515,-0.04414461925625801,0.26441875100135803,0.45775356888771057,-0.08834002166986465,0.2705477476119995,0.5486843585968018,-0.07836198806762695,0.2690798342227936,0.6100910902023315,-0.05684465169906616
0.28645575046539307,0.737497091293335,-4.041579302338505e-07,0.3678051233291626,0.6870705485343933,-0.043382756412029266,0.4328068196773529,0.5684937834739685,-0.0648472011089325,0.41749998927116394,0.44948050379753113,-0.08510027825832367,0.38037484884262085,0.36253833770751953,-0.10074077546596527,0.39973005652427673,0.45635637640953064,-0.033085115253925323,0.4347090423107147,0.34885329008102417,-0.0948629155755043,0.4417693018913269,0.39068835973739624,-0.13125889003276825,0.4367361068725586,0.46967440843582153,-0.14250120520591736,0.33994412422180176,0.44454818964004517,-0.029348723590373993,0.37770596146583557,0.4312098026275635,-0.09774599224328995,0.36965227127075195,0.5531927347183228,-0.11088217049837112,0.3596286177635193,0.6486890912055969,-0.10242850333452225,0.28303059935569763,0.44910481572151184,-0.035079438239336014,0.3210052251815796,0.4488157033920288,-0.10073915123939514,0.31500405073165894,0.5683853030204773,-0.08958081901073456,0.3090130686759949,0.6537896990776062,-0.06281737983226776,0.22315168380737305,0.4646930992603302,-0.04468191787600517,0.26417261362075806,0.4571963846683502,-0.08924238383769989,0.27022209763526917,0.5484344363212585,-0.07918701320886612,0.2686915099620819,0.6098977327346802,-0.057494789361953735
0.2861312925815582,0.7370989322662354,-4.091871517175605e-07,0.3682345747947693,0.6859630346298218,-0.04374769330024719,0.4326569437980652,0.5670943260192871,-0.06542156636714935,0.41743841767311096,0.4483218193054199,-0.08582495898008347,0.3800279498100281,0.36166781187057495,-0.10166005045175552,0.4000072777271271,0.4559169113636017,-0.03351243585348129,0.4356871545314789,0.3491026759147644,-0.09573690593242645,0.4420913755893707,0.39056459069252014,-0.13256394863128662,0.4360203146934509,0.46979010105133057,-0.14403431117534637,0.34007662534713745,0.44432514905929565,-0.029614698141813278,0.37813103199005127,0.4316503703594208,-0.09847808629274368,0.3695532977581024,0.5532850027084351,-0.11198989301919937,0.35864800214767456,0.6492316126823425,-0.10373609513044357,0.2830980122089386,0.4490776062011719,-0.03523724526166916,0.3213561773300171,0.44876348972320557,-0.10129117965698242,0.31532302498817444,0.5678740739822388,-0.09047956019639969,0.3087501525878906,0.6536263227462769,-0.06386182457208633,0.2230391502380371,0.4648825526237488,-0.04473276436328888,0.2639879584312439,0.4568651616573334,-0.0898270234465599,0.27047353982925415,0.5481324791908264,-0.07998042553663254,0.2689252495765686,0.610076367855072,-0.05829017609357834
0.28893691301345825,0.7361717224121094,-4.2782519926731766e-07,0.3687552511692047,0.6865721344947815,-0.04356986656785011,0.43372267484664917,0.5668235421180725,-0.06473177671432495,0.41903799772262573,0.44798871874809265,-0.08451993763446808,0.38354867696762085,0.36046352982521057,-0.09974700212478638,0.4005606174468994,0.45654603838920593,-0.03411639481782913,0.4359482228755951,0.3480256199836731,-0.09443867951631546,0.4421887695789337,0.38824892044067383,-0.1298082321882248,0.4363771378993988,0.4656412899494171,-0.1407172977924347,0.3408013582229614,0.44516444206237793,-0.02982710860669613,0.3786734938621521,0.4341643154621124,-0.09721345454454422,0.3702995777130127,0.5560213923454285,-0.11014539748430252,0.359391987323761,0.6509377360343933,-0.10204433649778366,0.2843135893344879,0.4496328830718994,-0.03476410359144211,0.32181283831596375,0.4468148946762085,-0.09936800599098206,0.31681397557258606,0.5667442083358765,-0.08809137344360352,0.3108006715774536,0.653250515460968,-0.061754610389471054,0.2249225378036499,0.46509408950805664,-0.04353365674614906,0.2645912766456604,0.45524945855140686,-0.08801418542861938,0.2713552713394165,0.5460037589073181,-0.07814637571573257,0.2698812186717987,0.6081154346466064,-0.056742746382951736
0.2873944938182831,0.7353796362876892,-4.49603021479561e-07,0.3673824667930603,0.6866040229797363,-0.04305540770292282,0.4324156939983368,0.5673595070838928,-0.06395436823368073,0.4185471832752228,0.4481474459171295,-0.08355961740016937,0.3824327290058136,0.3606625497341156,-0.09863908588886261,0.40038853883743286,0.45652613043785095,-0.03333865478634834,0.4359431266784668,0.347743958234787,-0.09357213228940964,0.4422498345375061,0.39166590571403503,-0.12902940809726715,0.4359801113605499,0.47074955701828003,-0.13993248343467712,0.34100863337516785,0.4448445737361908,-0.02931613102555275,0.37839019298553467,0.4332742393016815,-0.09603586792945862,0.36938250064849854,0.5552579164505005,-0.10883568972349167,0.35807761549949646,0.6498978137969971,-0.10072500258684158,0.28466492891311646,0.44968661665916443,-0.034543056041002274,0.3218066394329071,0.44735491275787354,-0.09841009974479675,0.31623825430870056,0.5666014552116394,-0.0871247947216034,0.3100500702857971,0.6519245505332947,-0.06092787906527519,0.22552108764648438,0.46576207876205444,-0.04357403516769409,0.26523357629776,0.456000953912735,-0.08713128417730331,0.27156782150268555,0.5463769435882568,-0.07687398046255112,0.269870400428772,0.6073557734489441,-0.055366501212120056
0.286755234003067,0.7351835370063782,-4.483271140998113e-07,0.36682406067848206,0.6864789724349976,-0.04290618747472763,0.4320978820323944,0.5683393478393555,-0.06390398740768433,0.4187477231025696,0.44966140389442444,-0.08372430503368378,0.38335955142974854,0.36203017830848694,-0.09897976368665695,0.3995680809020996,0.45648330450057983,-0.03353288024663925,0.4352456331253052,0.34720873832702637,-0.09383700042963028,0.4423061013221741,0.393460750579834,-0.12936148047447205,0.43669918179512024,0.47330543398857117,-0.1402958333492279,0.3404395580291748,0.4454464018344879,-0.02971882000565529,0.37817487120628357,0.43319979310035706,-0.09632044285535812,0.36937370896339417,0.5561103224754333,-0.10903036594390869,0.3581376373767853,0.6504085063934326,-0.1009640172123909,0.28407788276672363,0.45081061124801636,-0.03511236235499382,0.3214467167854309,0.4462987780570984,-0.09892202913761139,0.3161642849445343,0.5662252902984619,-0.08735021203756332,0.30996954441070557,0.6519300937652588,-0.06099146604537964,0.22478169202804565,0.4672197997570038,-0.04429853707551956,0.2645789682865143,0.45560264587402344,-0.08786911517381668,0.27132147550582886,0.5456400513648987,-0.07741814106702805,0.2697771489620209,0.6068297028541565,-0.055778972804546356
0.2874279022216797,0.7374062538146973,-4.319743709402246e-07,0.36853229999542236,0.6876257061958313,-0.042539212852716446,0.43444228172302246,0.5655292868614197,-0.06262657791376114,0.42077481746673584,0.4454067647457123,-0.08144205808639526,0.38541823625564575,0.35773688554763794,-0.09579965472221375,0.39996248483657837,0.4588510990142822,-0.03208956867456436,0.43550482392311096,0.34725484251976013,-0.09153823554515839,0.44329172372817993,0.3915717303752899,-0.12633822858333588,0.438387930393219,0.47016194462776184,-0.1369570940732956,0.3408495783805847,0.4484674632549286,-0.028139956295490265,0.3793155252933502,0.43138641119003296,-0.09398270398378372,0.3712048828601837,0.5547298192977905,-0.10633574426174164,0.3596363365650177,0.648414134979248,-0.0982312485575676,0.284508615732193,0.4530007541179657,-0.03341212123632431,0.3220370411872864,0.44224387407302856,-0.09697092324495316,0.31699061393737793,0.5628695487976074,-0.0851486325263977,0.31014397740364075,0.6483492851257324,-0.058909013867378235,0.22472867369651794,0.468121200799942,-0.042382970452308655,0.26556965708732605,0.4529280364513397,-0.08618553727865219,0.2725728154182434,0.5446375012397766,-0.07561646401882172,0.270571231842041,0.6067711114883423,-0.054099634289741516
0.28597503900527954,0.7385989427566528,-4.438639962245361e-07,0.3672231435775757,0.6883581876754761,-0.04176991805434227,0.43300172686576843,0.5672881007194519,-0.06190849095582962,0.4192836284637451,0.44765594601631165,-0.08105097711086273,0.38369184732437134,0.35930436849594116,-0.09572379291057587,0.39960673451423645,0.4582269787788391,-0.03114238940179348,0.4357914328575134,0.3474717140197754,-0.09036118537187576,0.44306981563568115,0.391573965549469,-0.12495987117290497,0.4374816119670868,0.4704027473926544,-0.1353904902935028,0.34062081575393677,0.44720301032066345,-0.027580996975302696,0.3796103894710541,0.43243563175201416,-0.09262998402118683,0.37058165669441223,0.5548776984214783,-0.10472466796636581,0.35859525203704834,0.6482492685317993,-0.09661556780338287,0.28429386019706726,0.4515361189842224,-0.03322432190179825,0.32290205359458923,0.44402220845222473,-0.09600535780191422,0.316800594329834,0.5632158517837524,-0.08414210379123688,0.30938956141471863,0.6477038860321045,-0.058073773980140686,0.22462999820709229,0.4667145311832428,-0.042536716908216476,0.2659248411655426,0.4523269832134247,-0.08548620343208313,0.2724264860153198,0.5434762239456177,-0.07461204379796982,0.2702609598636627,0.6053116321563721,-0.053016647696495056
0.2877817451953888,0.7387182712554932,-4.454704765066708e-07,0.36956900358200073,0.6871778964996338,-0.04224078729748726,0.4350077509880066,0.5659818053245544,-0.06275975704193115,0.4201472997665405,0.44629812240600586,-0.08219718933105469,0.38365352153778076,0.35867366194725037,-0.09707895666360855,0.400190144777298,0.45813119411468506,-0.03255350887775421,0.43607252836227417,0.34704744815826416,-0.09250176697969437,0.4426842927932739,0.39281487464904785,-0.12741731107234955,0.43701985478401184,0.4719766676425934,-0.1380578875541687,0.3407374918460846,0.4479272663593292,-0.028959432616829872,0.3792670965194702,0.43181970715522766,-0.09497314691543579,0.3708561658859253,0.5549079775810242,-0.10736975818872452,0.3595486879348755,0.6491125226020813,-0.09940241277217865,0.2842482030391693,0.4527190625667572,-0.034568965435028076,0.3224237561225891,0.44402241706848145,-0.09827139228582382,0.3170957863330841,0.5640007257461548,-0.08652184903621674,0.3104945421218872,0.6493512988090515,-0.06031518429517746,0.2246989756822586,0.46810460090637207,-0.04384736344218254,0.26555347442626953,0.4524471163749695,-0.08728275448083878,0.272141695022583,0.543527364730835,-0.07652661204338074,0.2701883912086487,0.6054961681365967,-0.05497260391712189
0.2915639281272888,0.7359039187431335,-4.3903142454837507e-07,0.37435704469680786,0.6816987991333008,-0.04068775102496147,0.4390919506549835,0.562704861164093,-0.060766324400901794,0.4259727895259857,0.4444447457790375,-0.0801309198141098,0.39135462045669556,0.3554399013519287,-0.09504389762878418,0.40349137783050537,0.45372307300567627,-0.033128365874290466,0.4431845545768738,0.3463280498981476,-0.09432357549667358,0.4487086534500122,0.3916405737400055,-0.12996622920036316,0.4404442310333252,0.46995270252227783,-0.14080367982387543,0.34362390637397766,0.4425349831581116,-0.030398225411772728,0.3825601637363434,0.43011224269866943,-0.09761350601911545,0.37477487325668335,0.553389310836792,-0.10997691005468369,0.36359602212905884,0.6496159434318542,-0.1017741933465004,0.2862905263900757,0.4474601745605469,-0.0368281751871109,0.3257414996623993,0.4457371234893799,-0.10109264403581619,0.3208593428134918,0.565529465675354,-0.08951885253190994,0.31427037715911865,0.6520418524742126,-0.06316062062978745,0.226008802652359,0.46384647488594055,-0.04686928912997246,0.2684940993785858,0.4535462558269501,-0.09056806564331055,0.2751968204975128,0.5444496273994446,-0.0801701545715332,0.2724863290786743,0.607390284538269,-0.0586223304271698
0.2915133237838745,0.7359985709190369,-4.2794081878128054e-07,0.3742620050907135,0.6815478205680847,-0.04108501970767975,0.43870431184768677,0.563724160194397,-0.06130783259868622,0.42659884691238403,0.44620653986930847,-0.08089765161275864,0.3912113904953003,0.35808175802230835,-0.09617301821708679,0.4039950966835022,0.45382899045944214,-0.031465280801057816,0.4417341649532318,0.3470103144645691,-0.09193263947963715,0.44813114404678345,0.3902462124824524,-0.12759947776794434,0.4412965774536133,0.4673043489456177,-0.13855044543743134,0.34476280212402344,0.4422360956668854,-0.028263406828045845,0.38274985551834106,0.4305732846260071,-0.09447856992483139,0.37474876642227173,0.5520470142364502,-0.10715316981077194,0.3636241555213928,0.6469210386276245,-0.09921449422836304,0.28770333528518677,0.44634267687797546,-0.03428003937005997,0.3263775110244751,0.4445565938949585,-0.09741835296154022,0.32086271047592163,0.5628150105476379,-0.08619356155395508,0.3135910630226135,0.6486663222312927,-0.06021711602807045,0.22728952765464783,0.46176671981811523,-0.04403809830546379,0.2687595784664154,0.45287594199180603,-0.0867370218038559,0.2753777801990509,0.5423381924629211,-0.07651324570178986,0.2724866569042206,0.6040982604026794,-0.05517501384019852
0.2918838858604431,0.7355844974517822,-4.154943553658086e-07,0.3743739128112793,0.6817308664321899,-0.0415998212993145,0.4384230375289917,0.5639450550079346,-0.06204868108034134,0.42572763562202454,0.4463200271129608,-0.08177168667316437,0.3904050588607788,0.35841086506843567,-0.09715070575475693,0.404258131980896,0.45298871397972107,-0.03153710439801216,0.44119060039520264,0.34667956829071045,-0.09211523830890656,0.44802582263946533,0.38920578360557556,-0.12793642282485962,0.4417593777179718,0.46599069237709045,-0.13898204267024994,0.3448674976825714,0.441399484872818,-0.028172150254249573,0.38277629017829895,0.43030303716659546,-0.09475557506084442,0.37502819299697876,0.5514722466468811,-0.10769782960414886,0.36400091648101807,0.6462719440460205,-0.09979285299777985,0.2877391576766968,0.4457080364227295,-0.03407985344529152,0.3265222907066345,0.44513773918151855,-0.09767213463783264,0.3210456371307373,0.5633957386016846,-0.08667529374361038,0.3137351870536804,0.6491346955299377,-0.06067151203751564,0.22736898064613342,0.46130532026290894,-0.04376084357500076,0.26888149976730347,0.4529305100440979,-0.08673308044672012,0.275445818901062,0.5423136949539185,-0.0766226202249527,0.27245673537254333,0.6039879322052002,-0.05526495352387428
0.29334643483161926,0.7297750115394592,-4.6228814198912005e-07,0.37573495507240295,0.6785919666290283,-0.04166879132390022,0.4404453635215759,0.5617230534553528,-0.06284286081790924,0.4278015196323395,0.4427206218242645,-0.0826776847243309,0.39443448185920715,0.3514859974384308,-0.09788598865270615,0.4067637324333191,0.45132315158843994,-0.03741540014743805,0.4499775469303131,0.34614139795303345,-0.0986223965883255,0.45240098237991333,0.39130035042762756,-0.13379329442977905,0.4411203861236572,0.46870121359825134,-0.14449821412563324,0.34724387526512146,0.43793806433677673,-0.03382709249854088,0.3878595232963562,0.4338412284851074,-0.10003966838121414,0.3782586455345154,0.5555009841918945,-0.11158789694309235,0.3663555979728699,0.6494149565696716,-0.10352655500173569,0.2907133996486664,0.4416443109512329,-0.039165664464235306,0.3317171335220337,0.4467757046222687,-0.10109631717205048,0.3262382745742798,0.5631579160690308,-0.08907485753297806,0.31935349106788635,0.6466303467750549,-0.06356054544448853,0.23166397213935852,0.4578198194503784,-0.04830383509397507,0.27481845021247864,0.455946683883667,-0.09012014418840408,0.28015798330307007,0.545225977897644,-0.080115407705307,0.27692461013793945,0.6044536828994751,-0.05952711030840874
0.29477691650390625,0.729835569858551,-4.3193531951146724e-07,0.3761243224143982,0.6810714602470398,-0.041806094348430634,0.44178634881973267,0.5640381574630737,-0.062252361327409744,0.4282810091972351,0.44572386145591736,-0.08152338862419128,0.3936779797077179,0.35740846395492554,-0.09633757919073105,0.40604034066200256,0.45132729411125183,-0.034100957214832306,0.44519293308258057,0.3440878689289093,-0.0941140204668045,0.4530109465122223,0.3885318636894226,-0.12931424379348755,0.4466632604598999,0.46632999181747437,-0.14008347690105438,0.3468226492404938,0.4377080202102661,-0.030271567404270172,0.3868183493614197,0.4313269555568695,-0.09575352072715759,0.37826746702194214,0.5535255074501038,-0.10755522549152374,0.36623552441596985,0.6465972065925598,-0.09937050193548203,0.29041939973831177,0.44157230854034424,-0.03548987954854965,0.3308805823326111,0.44293683767318726,-0.09771295636892319,0.3251067101955414,0.5616151690483093,-0.08593036234378815,0.3174632489681244,0.646365761756897,-0.06012318655848503,0.2308916300535202,0.45751452445983887,-0.04452216997742653,0.2736073136329651,0.454054057598114,-0.08720386028289795,0.27948153018951416,0.5440236330032349,-0.07737794518470764,0.276405930519104,0.604371964931488,-0.056495800614356995
0.29465705156326294,0.7313258647918701,-4.376777553716238e-07,0.37677621841430664,0.6807058453559875,-0.04127197340130806,0.4421094059944153,0.561889111995697,-0.06108912080526352,0.42904695868492126,0.44367554783821106,-0.0797978937625885,0.39423635601997375,0.3555058240890503,-0.09409883618354797,0.40639248490333557,0.45155519247055054,-0.03319941833615303,0.44589367508888245,0.34502431750297546,-0.09294623136520386,0.45314937829971313,0.3888515830039978,-0.12808416783809662,0.4463447630405426,0.4659537672996521,-0.13889682292938232,0.3474808633327484,0.4378107190132141,-0.029492905363440514,0.38714590668678284,0.43137460947036743,-0.09473074972629547,0.378741055727005,0.5527666211128235,-0.10677695274353027,0.3668748140335083,0.6461977958679199,-0.09889116138219833,0.29099956154823303,0.4414258301258087,-0.034831248223781586,0.3312319219112396,0.4428407847881317,-0.09662064909934998,0.3253866732120514,0.5605497360229492,-0.08515924960374832,0.31762582063674927,0.6449837684631348,-0.059737879782915115,0.23114830255508423,0.4570672810077667,-0.043957944959402084,0.27377384901046753,0.45310911536216736,-0.08609088510274887,0.27983736991882324,0.5424215793609619,-0.07633194327354431,0.2767695486545563,0.6024024486541748,-0.05569206550717354
0.2943779528141022,0.7317208051681519,-4.1742589473869884e-07,0.3762907385826111,0.6813488006591797,-0.04215935617685318,0.4416796565055847,0.5623393654823303,-0.06301867961883545,0.4285823106765747,0.44318515062332153,-0.08264417946338654,0.3932930529117584,0.35425281524658203,-0.09786983579397202,0.4071592688560486,0.4505794644355774,-0.033998485654592514,0.4480423629283905,0.3443670868873596,-0.09499605000019073,0.4549855589866638,0.38553208112716675,-0.13101796805858612,0.44735050201416016,0.4627932906150818,-0.1422061324119568,0.3482356667518616,0.43719661235809326,-0.03027133084833622,0.38965123891830444,0.4300385117530823,-0.097012959420681,0.38065746426582336,0.5526251792907715,-0.10925031453371048,0.3683784008026123,0.6476626396179199,-0.10090765357017517,0.29194921255111694,0.44134533405303955,-0.035754602402448654,0.3329092562198639,0.4434181749820709,-0.09864893555641174,0.3266766667366028,0.5633462071418762,-0.08638834953308105,0.3188491761684418,0.6491608619689941,-0.05997541546821594,0.2323915958404541,0.45772191882133484,-0.0451367013156414,0.27478906512260437,0.4552147090435028,-0.08766885101795197,0.28067657351493835,0.5460851788520813,-0.07717001438140869,0.2779887616634369,0.6064764857292175,-0.055757660418748856
0.29412442445755005,0.7317073941230774,-3.979913287821546e-07,0.3766342103481293,0.681243896484375,-0.042240582406520844,0.4418734908103943,0.5636815428733826,-0.06338886171579361,0.4285661280155182,0.4457893371582031,-0.08334053307771683,0.3932028114795685,0.3580339550971985,-0.09899169951677322,0.40725386142730713,0.4511401355266571,-0.03425775468349457,0.4457727372646332,0.342790424823761,-0.09485762566328049,0.4544062614440918,0.3827274739742279,-0.13092030584812164,0.44902458786964417,0.4595262408256531,-0.1423223912715912,0.3480370342731476,0.4382021129131317,-0.030536605045199394,0.38941842317581177,0.42932915687561035,-0.09743176400661469,0.380526602268219,0.5518089532852173,-0.10996165126562119,0.3677200376987457,0.6467227339744568,-0.10178542882204056,0.2914848029613495,0.44233033061027527,-0.03589996322989464,0.33250415325164795,0.44153958559036255,-0.0990232527256012,0.3265380859375,0.5615735650062561,-0.08680654317140579,0.31840264797210693,0.6479015350341797,-0.060365237295627594,0.23156747221946716,0.4584619998931885,-0.04516560584306717,0.2740457057952881,0.45447564125061035,-0.08835490047931671,0.2804318368434906,0.5453479886054993,-0.07796622067689896,0.27762630581855774,0.6064308285713196,-0.0564827024936676
0.29347118735313416,0.7315976023674011,-3.965166115449392e-07,0.37637272477149963,0.6809307336807251,-0.04221125319600105,0.44174864888191223,0.5639747381210327,-0.06348162144422531,0.4282405376434326,0.446040540933609,-0.08361085504293442,0.39293062686920166,0.3580912947654724,-0.09943753480911255,0.40682676434516907,0.4511398375034332,-0.03412136062979698,0.44521450996398926,0.34238776564598083,-0.09491269290447235,0.45418334007263184,0.3827959895133972,-0.13115397095680237,0.44918739795684814,0.4597834050655365,-0.14267022907733917,0.3476719856262207,0.4384929835796356,-0.03051365166902542,0.3893393576145172,0.428810179233551,-0.09764891117811203,0.3803829550743103,0.5515170693397522,-0.11032871901988983,0.36742115020751953,0.6464990973472595,-0.10220779478549957,0.29118579626083374,0.44273465871810913,-0.03599546477198601,0.33239319920539856,0.4410119950771332,-0.09934664517641068,0.326324999332428,0.5613512396812439,-0.08706025034189224,0.3179953694343567,0.6477628350257874,-0.06049360707402229,0.23130330443382263,0.4588961899280548,-0.04537147283554077,0.27386903762817383,0.4548172354698181,-0.0886017456650734,0.28023070096969604,0.5457215905189514,-0.07807953655719757,0.27735045552253723,0.6066243052482605,-0.05647798627614975
0.2953159809112549,0.7312259674072266,-4.1832061015156796e-07,0.37648123502731323,0.6814295649528503,-0.04183479771018028,0.44208142161369324,0.5611237287521362,-0.06275242567062378,0.42618557810783386,0.44248276948928833,-0.08268113434314728,0.38832759857177734,0.35580503940582275,-0.0982453003525734,0.40728092193603516,0.44761013984680176,-0.032875895500183105,0.4429851174354553,0.33855101466178894,-0.09311220794916153,0.45216453075408936,0.38206642866134644,-0.12897972762584686,0.44797345995903015,0.4614160656929016,-0.14026568830013275,0.34709012508392334,0.43609103560447693,-0.029586995020508766,0.3875455856323242,0.4274085760116577,-0.0954493060708046,0.3791624903678894,0.5498019456863403,-0.1077885553240776,0.36713534593582153,0.6432437896728516,-0.0998072549700737,0.29022958874702454,0.4420403838157654,-0.03545941784977913,0.33128413558006287,0.44090530276298523,-0.09849470108747482,0.32562771439552307,0.5606928467750549,-0.08647464215755463,0.31802281737327576,0.6458443403244019,-0.060307879000902176,0.2307891547679901,0.45944106578826904,-0.045114800333976746,0.27413082122802734,0.4521847367286682,-0.0881757065653801,0.28050488233566284,0.5430694818496704,-0.07740850746631622,0.2777493894100189,0.6039794683456421,-0.055797576904296875
0.29616522789001465,0.7322566509246826,-4.167133340615692e-07,0.3771553337574005,0.6807464957237244,-0.0416501984000206,0.4419768452644348,0.5612196922302246,-0.062443844974040985,0.4256289601325989,0.44291824102401733,-0.08228567987680435,0.3896262049674988,0.3549001216888428,-0.09770321100950241,0.4080923795700073,0.4459007680416107,-0.032409194856882095,0.44428175687789917,0.3383082449436188,-0.09289485216140747,0.45310208201408386,0.381788432598114,-0.1291293501853943,0.44900667667388916,0.4610763192176819,-0.14068029820919037,0.3475602865219116,0.4348532557487488,-0.029243363067507744,0.3880805969238281,0.4250122606754303,-0.09581033885478973,0.38092106580734253,0.5480930805206299,-0.10877973586320877,0.3701663315296173,0.6432158946990967,-0.10096830129623413,0.2902275621891022,0.4409253001213074,-0.03519941121339798,0.3312213718891144,0.4391263425350189,-0.09875281155109406,0.3263899087905884,0.5600799918174744,-0.0869167223572731,0.3192805051803589,0.6461308598518372,-0.06058265268802643,0.2300763577222824,0.45899704098701477,-0.0449245423078537,0.27354374527931213,0.45206525921821594,-0.08829957991838455,0.28049013018608093,0.5434145927429199,-0.07761543244123459,0.2778785824775696,0.6041028499603271,-0.05586045980453491
0.29594117403030396,0.7323615550994873,-4.2330449900873646e-07,0.3771355152130127,0.680263102054596,-0.0417565293610096,0.44195377826690674,0.5604429841041565,-0.06267795711755753,0.42537906765937805,0.44169262051582336,-0.08261847496032715,0.38965845108032227,0.3531533181667328,-0.09811647981405258,0.4083613455295563,0.44656825065612793,-0.032637935131788254,0.44534218311309814,0.33936429023742676,-0.09343120455741882,0.4534415006637573,0.3821050226688385,-0.1297408789396286,0.4486227333545685,0.4616243243217468,-0.1412757933139801,0.34782105684280396,0.43591952323913574,-0.029513882473111153,0.38836485147476196,0.4250408113002777,-0.09647196531295776,0.3812761902809143,0.5479615926742554,-0.10946137458086014,0.3708132803440094,0.6437827348709106,-0.10158520191907883,0.29058733582496643,0.4420473575592041,-0.03554222732782364,0.33127889037132263,0.43920397758483887,-0.09937220066785812,0.3264656662940979,0.5599654316902161,-0.08753188699483871,0.31944695115089417,0.6461151242256165,-0.06115274503827095,0.23052123188972473,0.4601477384567261,-0.04532597213983536,0.27339744567871094,0.45231539011001587,-0.08871587365865707,0.28018778562545776,0.5435978174209595,-0.0779302790760994,0.27753201127052307,0.6043579578399658,-0.056126710027456284
0.29816773533821106,0.7306886911392212,-3.876603500430065e-07,0.38032394647598267,0.6766727566719055,-0.03809984400868416,0.44449183344841003,0.5576882362365723,-0.05754658952355385,0.43291229009628296,0.44117918610572815,-0.07661757618188858,0.39741191267967224,0.35448771715164185,-0.09164898842573166,0.4090229570865631,0.4395127296447754,-0.03068508766591549,0.4486292004585266,0.33947837352752686,-0.09025999903678894,0.457787424325943,0.37500476837158203,-0.1257498860359192,0.4525146186351776,0.44811320304870605,-0.13683626055717468,0.3479638695716858,0.42727112770080566,-0.028827833011746407,0.389274537563324,0.41980433464050293,-0.09457816183567047,0.3851085901260376,0.541118323802948,-0.10722892731428146,0.3756086528301239,0.6376752853393555,-0.09917045384645462,0.2902604341506958,0.43358421325683594,-0.035645272582769394,0.3336789011955261,0.43883898854255676,-0.09795557707548141,0.33225664496421814,0.5567291975021362,-0.0872345045208931,0.3267723023891449,0.6422574520111084,-0.06174418702721596,0.23051849007606506,0.45368480682373047,-0.04594534635543823,0.27607211470603943,0.44959184527397156,-0.08834809064865112,0.28499630093574524,0.5387915372848511,-0.07884058356285095,0.2828220725059509,0.6000224351882935,-0.05805443599820137
0.298836886882782,0.7309166789054871,-4.0133664924724144e-07,0.3803255259990692,0.6770036220550537,-0.038079727441072464,0.44338250160217285,0.5602179765701294,-0.05777749791741371,0.43103209137916565,0.44502532482147217,-0.07718291133642197,0.39632558822631836,0.3574974238872528,-0.09237509965896606,0.4087337255477905,0.4413300156593323,-0.03101409040391445,0.4493429660797119,0.3396984338760376,-0.0909249559044838,0.45750945806503296,0.3784012496471405,-0.12656080722808838,0.4509316384792328,0.4530912935733795,-0.1375238597393036,0.34818702936172485,0.42926692962646484,-0.029075799509882927,0.389569491147995,0.4210170805454254,-0.09398607164621353,0.38493266701698303,0.5410764813423157,-0.10637465864419937,0.37547066807746887,0.6360434889793396,-0.09850358217954636,0.2905679941177368,0.43516668677330017,-0.03584608435630798,0.33410176634788513,0.43891555070877075,-0.09738124907016754,0.3322265148162842,0.5563350915908813,-0.0863880142569542,0.3266831636428833,0.641573429107666,-0.06103212386369705,0.2307826727628708,0.4549085795879364,-0.04613761976361275,0.27670830488204956,0.4509640038013458,-0.0879799872636795,0.2849911153316498,0.5403392314910889,-0.07822317630052567,0.282518208026886,0.6016794443130493,-0.05738145858049393
0.2988026738166809,0.7309777736663818,-4.04456045544066e-07,0.3801945745944977,0.6770850419998169,-0.038111571222543716,0.4433000385761261,0.5600824356079102,-0.057875361293554306,0.4305879771709442,0.4447081983089447,-0.07732051610946655,0.39561912417411804,0.35715043544769287,-0.09253118932247162,0.4085941016674042,0.4416896104812622,-0.03123771771788597,0.4494572877883911,0.33971327543258667,-0.0912238359451294,0.4575120508670807,0.3790088891983032,-0.1268213987350464,0.4507242739200592,0.4540402889251709,-0.13773776590824127,0.34810972213745117,0.42981964349746704,-0.02929840423166752,0.38970717787742615,0.4209495484828949,-0.09417705237865448,0.3850039839744568,0.5411553382873535,-0.10646133869886398,0.37544870376586914,0.6361242532730103,-0.0985589250922203,0.29056990146636963,0.43568992614746094,-0.03607252985239029,0.3341445028781891,0.43874189257621765,-0.0975717157125473,0.33231955766677856,0.556294322013855,-0.08646383136510849,0.32674941420555115,0.6415005326271057,-0.06107672303915024,0.2308071404695511,0.45534178614616394,-0.04635477811098099,0.2767343819141388,0.4508083462715149,-0.08808105438947678,0.2850651741027832,0.5402706265449524,-0.07817836105823517,0.2825932502746582,0.6015585660934448,-0.0572894848883152
0.3099133372306824,0.7228705286979675,-4.042912564727885e-07,0.3882976174354553,0.6689903736114502,-0.037651631981134415,0.4507444500923157,0.5488020181655884,-0.05616181716322899,0.4381974935531616,0.4319242238998413,-0.07478514313697815,0.4044986069202423,0.3463614583015442,-0.08891399949789047,0.41843974590301514,0.4376794695854187,-0.02483988367021084,0.45661190152168274,0.3312091827392578,-0.08299438655376434,0.4640199840068817,0.368446946144104,-0.11727650463581085,0.45803433656692505,0.4445571303367615,-0.127382293343544,0.35823628306388855,0.43041911721229553,-0.023009125143289566,0.39762771129608154,0.41220518946647644,-0.08729869872331619,0.3923792839050293,0.5326075553894043,-0.09959748387336731,0.3834659159183502,0.6266322135925293,-0.0911184772849083,0.3019983470439911,0.437154620885849,-0.030230237171053886,0.34351828694343567,0.42695891857147217,-0.09072736650705338,0.3408493101596832,0.5409286618232727,-0.07934504747390747,0.33433234691619873,0.6240825057029724,-0.05381198599934578,0.24330787360668182,0.45638999342918396,-0.04094046726822853,0.28569093346595764,0.4452129900455475,-0.08155995607376099,0.2928764522075653,0.5315738320350647,-0.07100677490234375,0.2896471917629242,0.5912771224975586,-0.04973674565553665
0.3113580644130707,0.7232162952423096,-4.0024912095759646e-07,0.3924791216850281,0.6663517951965332,-0.039120741188526154,0.455216646194458,0.5463212728500366,-0.05874541774392128,0.4400534927845001,0.4295482635498047,-0.07771637290716171,0.40481439232826233,0.34252166748046875,-0.0926569253206253,0.41656914353370667,0.4341382384300232,-0.030251778662204742,0.4562191367149353,0.3341502845287323,-0.08927370607852936,0.46711501479148865,0.3719216585159302,-0.12459374219179153,0.46264657378196716,0.4462527632713318,-0.13572858273983002,0.356700599193573,0.4239790439605713,-0.027781449258327484,0.39904654026031494,0.4112454354763031,-0.09155282378196716,0.39468488097190857,0.5316276550292969,-0.1037667989730835,0.3842141330242157,0.6268637180328369,-0.09621532261371613,0.3004724681377411,0.43162381649017334,-0.034116119146347046,0.3441297113895416,0.4269198179244995,-0.0955006554722786,0.3419609069824219,0.5439266562461853,-0.08414412289857864,0.33545777201652527,0.6290746331214905,-0.05878855288028717,0.24141457676887512,0.45309963822364807,-0.04393787682056427,0.28705644607543945,0.44169944524765015,-0.08602822571992874,0.2951595187187195,0.5303107500076294,-0.0757584199309349,0.2917587459087372,0.5918536186218262,-0.05484059453010559
0.3122886121273041,0.7225229144096375,-4.194146470126725e-07,0.3915114998817444,0.6674127578735352,-0.03782574459910393,0.45313185453414917,0.5490934252738953,-0.05728590115904808,0.4380316734313965,0.4349135756492615,-0.07645395398139954,0.4034203290939331,0.34821489453315735,-0.09138285368680954,0.41706931591033936,0.433732271194458,-0.02931363880634308,0.4585442543029785,0.3334876298904419,-0.08840431272983551,0.4669967591762543,0.37352389097213745,-0.12329946458339691,0.4597548246383667,0.4488421082496643,-0.1337721347808838,0.35711532831192017,0.4247879683971405,-0.027372116222977638,0.39950188994407654,0.4121265411376953,-0.09050315618515015,0.39496245980262756,0.5329990983009338,-0.10202563554048538,0.38484662771224976,0.6273696422576904,-0.09396188706159592,0.3007093667984009,0.43272364139556885,-0.03419654071331024,0.34514468908309937,0.4286848306655884,-0.09506846964359283,0.34299448132514954,0.545762300491333,-0.0834827646613121,0.33613121509552,0.6302654147148132,-0.057986821979284286,0.2419128566980362,0.45459598302841187,-0.04435494914650917,0.2888680398464203,0.44268226623535156,-0.08605017513036728,0.296553373336792,0.5325701832771301,-0.07541991025209427,0.2921257019042969,0.5948274731636047,-0.054132454097270966
0.3147523105144501,0.7136053442955017,-4.0847001514521253e-07,0.39385703206062317,0.6622048616409302,-0.04137105867266655,0.4564235508441925,0.5402925610542297,-0.061745934188365936,0.44072118401527405,0.42312654852867126,-0.08097811043262482,0.4084368944168091,0.33451443910598755,-0.09532216936349869,0.42155689001083374,0.4274206757545471,-0.031246906146407127,0.46437400579452515,0.3267444968223572,-0.09170681238174438,0.47139430046081543,0.36826369166374207,-0.12698571383953094,0.46382462978363037,0.447801411151886,-0.1374133825302124,0.36114048957824707,0.4171372056007385,-0.027595849707722664,0.4048651456832886,0.4100781977176666,-0.09261369705200195,0.39928531646728516,0.5313922166824341,-0.10400572419166565,0.3893986940383911,0.6258619427680969,-0.0950286015868187,0.3053656220436096,0.42406126856803894,-0.033287413418293,0.3511800467967987,0.4259977340698242,-0.09467209875583649,0.34754863381385803,0.543283224105835,-0.08229692280292511,0.34011709690093994,0.6272606253623962,-0.05602693557739258,0.24782896041870117,0.4446159601211548,-0.042859964072704315,0.2951417863368988,0.44514355063438416,-0.08478829264640808,0.30191656947135925,0.5365291237831116,-0.0745837539434433,0.29812538623809814,0.5972912907600403,-0.05323321372270584
0.3160478472709656,0.714129626750946,-4.101929391708836e-07,0.39572545886039734,0.6612803936004639,-0.041073888540267944,0.45811131596565247,0.5394880771636963,-0.06114617735147476,0.44243016839027405,0.4227350652217865,-0.08000468462705612,0.40904223918914795,0.3352777361869812,-0.0943981260061264,0.4244631230831146,0.4272034466266632,-0.031479109078645706,0.4639005661010742,0.32834500074386597,-0.09232860803604126,0.47221696376800537,0.367877721786499,-0.12911343574523926,0.46504858136177063,0.4459080994129181,-0.14079685509204865,0.3642463684082031,0.4165916442871094,-0.028164643794298172,0.4041682481765747,0.4072614312171936,-0.09382648020982742,0.40053898096084595,0.5269400477409363,-0.10660731047391891,0.39203453063964844,0.6225360035896301,-0.09878933429718018,0.3077211380004883,0.42407098412513733,-0.03403732553124428,0.34969791769981384,0.4232025444507599,-0.09648827463388443,0.3473389148712158,0.5411754250526428,-0.08511494845151901,0.3416372835636139,0.6263508796691895,-0.059340428560972214,0.24894721806049347,0.44568800926208496,-0.043675366789102554,0.29339173436164856,0.44001609086990356,-0.08666224032640457,0.300301194190979,0.531242311000824,-0.07665718346834183,0.297372043132782,0.5928913354873657,-0.055466651916503906
0.31573808193206787,0.7135635614395142,-4.038171255160705e-07,0.39521995186805725,0.6621168851852417,-0.04039616510272026,0.45878419280052185,0.5424877405166626,-0.06073978915810585,0.4434376358985901,0.4256492257118225,-0.07991643995046616,0.40944039821624756,0.3379034101963043,-0.0947854146361351,0.42534059286117554,0.4288484454154968,-0.03174866735935211,0.46510830521583557,0.32928746938705444,-0.09250032901763916,0.4723447859287262,0.3665120601654053,-0.12893447279930115,0.46403074264526367,0.4427536129951477,-0.14040851593017578,0.36520519852638245,0.4184368848800659,-0.02896592952311039,0.40520861744880676,0.4052325487136841,-0.09501060843467712,0.4006960093975067,0.5258889198303223,-0.10775510221719742,0.3914642632007599,0.6219152212142944,-0.09964142739772797,0.3089864253997803,0.42547616362571716,-0.03512357547879219,0.35024407505989075,0.42206519842147827,-0.09797009080648422,0.3475837707519531,0.5408792495727539,-0.08628930151462555,0.341585248708725,0.6260126829147339,-0.060134366154670715,0.2505553662776947,0.44671276211738586,-0.04489155113697052,0.293907105922699,0.44020792841911316,-0.08826573938131332,0.30066975951194763,0.5327938199043274,-0.07802241295576096,0.2980036735534668,0.5950413346290588,-0.056536465883255005
0.31844085454940796,0.7096002101898193,-4.1033672459889203e-07,0.39761313796043396,0.6606006026268005,-0.041860371828079224,0.46257683634757996,0.5413515567779541,-0.06246064975857735,0.4476277232170105,0.4226135015487671,-0.08174002915620804,0.41506457328796387,0.3322434425354004,-0.09647385776042938,0.4277985394001007,0.4308590888977051,-0.033498819917440414,0.4683258533477783,0.32245150208473206,-0.0940505713224411,0.477580189704895,0.3641480803489685,-0.12958328425884247,0.47163325548171997,0.44227030873298645,-0.14046552777290344,0.36870306730270386,0.42080163955688477,-0.02999153360724449,0.40969905257225037,0.4021916091442108,-0.09605548530817032,0.402711421251297,0.5245564579963684,-0.10801349580287933,0.39146751165390015,0.6193896532058716,-0.09959236532449722,0.3127448260784149,0.4263667166233063,-0.03564786538481712,0.3545452356338501,0.4165918231010437,-0.09926429390907288,0.35029447078704834,0.536523699760437,-0.08712916076183319,0.3431490361690521,0.6219441890716553,-0.06061387062072754,0.2535938322544098,0.4443133473396301,-0.04492498189210892,0.297637015581131,0.4327196180820465,-0.0891229584813118,0.3040415346622467,0.5251636505126953,-0.07887903600931168,0.3006615936756134,0.587681770324707,-0.057394761592149734
0.3187340497970581,0.7097526788711548,-4.1050014942811686e-07,0.3986203670501709,0.6601677536964417,-0.042673107236623764,0.4632940888404846,0.5402075052261353,-0.06367990374565125,0.4467303156852722,0.42128217220306396,-0.08324495702981949,0.41345328092575073,0.33144712448120117,-0.09814014285802841,0.4278107285499573,0.4307936728000641,-0.03393875062465668,0.46834343671798706,0.32184329628944397,-0.09510374814271927,0.47786563634872437,0.3643845021724701,-0.13099896907806396,0.4721442461013794,0.44327956438064575,-0.14205902814865112,0.3687032163143158,0.42105329036712646,-0.030202021822333336,0.40992704033851624,0.40155255794525146,-0.09704060107469559,0.402859628200531,0.5245212912559509,-0.10926715284585953,0.39121901988983154,0.6199339032173157,-0.10087435692548752,0.31289833784103394,0.42674386501312256,-0.035790737718343735,0.35464736819267273,0.4165959656238556,-0.10016574710607529,0.3502066135406494,0.5368586778640747,-0.0881417766213417,0.34283462166786194,0.6223103404045105,-0.06149660050868988,0.25405535101890564,0.4444054663181305,-0.0450420156121254,0.297817587852478,0.43224918842315674,-0.08944425731897354,0.3039694130420685,0.5246167778968811,-0.07912006974220276,0.3002742826938629,0.5867661833763123,-0.057567350566387177
0.3192034661769867,0.7094930410385132,-4.044844672534964e-07,0.39843758940696716,0.6599221229553223,-0.042226456105709076,0.463291198015213,0.5394752621650696,-0.06354648619890213,0.44850480556488037,0.4195576310157776,-0.08345883339643478,0.4159378111362457,0.3276791572570801,-0.09894020855426788,0.4293403923511505,0.42553579807281494,-0.034742292016744614,0.47114428877830505,0.319796085357666,-0.0966755673289299,0.47966423630714417,0.3582126200199127,-0.13295228779315948,0.472775399684906,0.4362372159957886,-0.14408625662326813,0.369331955909729,0.4146100580692291,-0.03132738173007965,0.4117725193500519,0.4006686210632324,-0.09902384877204895,0.40431150794029236,0.5239976048469543,-0.11157763004302979,0.39340463280677795,0.6198217868804932,-0.10308463871479034,0.3131691813468933,0.4211612343788147,-0.03706853836774826,0.35513409972190857,0.4160235524177551,-0.10218774527311325,0.35088279843330383,0.5360497236251831,-0.09030119329690933,0.3451744616031647,0.6209135055541992,-0.06350894272327423,0.254605770111084,0.44118911027908325,-0.04637014865875244,0.2993278205394745,0.42981424927711487,-0.09160172939300537,0.3056280016899109,0.52415931224823,-0.08123578131198883,0.30307090282440186,0.5877811312675476,-0.059259310364723206
0.31891411542892456,0.7104138135910034,-4.026043711746752e-07,0.39947453141212463,0.6588011384010315,-0.04241951182484627,0.463925838470459,0.5380690693855286,-0.06394986808300018,0.44854408502578735,0.4187687337398529,-0.08428262174129486,0.4158328175544739,0.3273964524269104,-0.1001053899526596,0.4290345013141632,0.4255481958389282,-0.034131985157728195,0.47072067856788635,0.31928473711013794,-0.09663403779268265,0.4803194999694824,0.35899320244789124,-0.1333017200231552,0.47434327006340027,0.4382948577404022,-0.14454123377799988,0.369060218334198,0.4154413044452667,-0.030969584360718727,0.41268453001976013,0.3993576169013977,-0.09910912811756134,0.4053754508495331,0.5233048796653748,-0.11156956851482391,0.39420896768569946,0.6196571588516235,-0.10282447934150696,0.31301912665367126,0.42230069637298584,-0.03719201683998108,0.35590654611587524,0.4152144193649292,-0.10294163972139359,0.3514637351036072,0.5360230803489685,-0.09089761972427368,0.3452412486076355,0.621712327003479,-0.06376105546951294,0.2542528808116913,0.4421563744544983,-0.04703148081898689,0.2993946969509125,0.4289553761482239,-0.09256735444068909,0.3057805597782135,0.5234489440917969,-0.0819096565246582,0.3029925227165222,0.5878227949142456,-0.05964688956737518
0.31867119669914246,0.7098724842071533,-4.079028599335288e-07,0.3995382487773895,0.6585345268249512,-0.04271961748600006,0.46430182456970215,0.5376933217048645,-0.06448709219694138,0.44846469163894653,0.4181016683578491,-0.08499965816736221,0.41521352529525757,0.3269280791282654,-0.10099054872989655,0.4288448393344879,0.4257822036743164,-0.03485751524567604,0.4703942537307739,0.3186761736869812,-0.09745290875434875,0.48050549626350403,0.3598785400390625,-0.13416485488414764,0.4750823974609375,0.4400111734867096,-0.145452618598938,0.36879435181617737,0.41575127840042114,-0.03157966211438179,0.4127175807952881,0.3996738791465759,-0.09968825429677963,0.40527769923210144,0.5237852931022644,-0.11210526525974274,0.3939262628555298,0.619929850101471,-0.10343804210424423,0.31274938583374023,0.42275556921958923,-0.03768768534064293,0.35590142011642456,0.4152872562408447,-0.10347075015306473,0.3515048325061798,0.5362234711647034,-0.09143181890249252,0.3453187346458435,0.6219146847724915,-0.06436295807361603,0.2541196346282959,0.4425634741783142,-0.04741982743144035,0.2994530200958252,0.428902268409729,-0.09298384189605713,0.3059341013431549,0.5232781171798706,-0.08230934292078018,0.30310097336769104,0.5875955820083618,-0.06008649989962578
0.32063549757003784,0.7091174125671387,-4.1021147012543224e-07,0.40355467796325684,0.6568187475204468,-0.04082294926047325,0.4690014719963074,0.5330445766448975,-0.060551054775714874,0.4527273178100586,0.4146195650100708,-0.07922454923391342,0.4184016287326813,0.3272598385810852,-0.0933125838637352,0.4309941828250885,0.42139533162117004,-0.03197988122701645,0.4730148911476135,0.317085325717926,-0.09349095821380615,0.48244088888168335,0.35875198245048523,-0.12979702651500702,0.47575220465660095,0.4377690553665161,-0.14093361794948578,0.370803564786911,0.4106220006942749,-0.029354631900787354,0.4153187572956085,0.3967853784561157,-0.09722477942705154,0.4098939895629883,0.5204501748085022,-0.11008528620004654,0.39906543493270874,0.6185576319694519,-0.10133315622806549,0.31500324606895447,0.41730841994285583,-0.03595079854130745,0.35994380712509155,0.41636335849761963,-0.10019948333501816,0.35582855343818665,0.5371996760368347,-0.08879507333040237,0.3486672639846802,0.623410701751709,-0.06213725730776787,0.25684911012649536,0.4369026720523834,-0.04622918367385864,0.3022685647010803,0.43188387155532837,-0.08964601159095764,0.30880990624427795,0.5249432325363159,-0.07928977161645889,0.30600258708000183,0.5875304937362671,-0.05755315721035004
0.3224901258945465,0.7095000743865967,-4.220507037189236e-07,0.4048965871334076,0.6573553681373596,-0.040600601583719254,0.469868004322052,0.5325360298156738,-0.05992082506418228,0.4531749486923218,0.413008451461792,-0.07834956794977188,0.4189603626728058,0.32439494132995605,-0.09226831793785095,0.4307824671268463,0.42404502630233765,-0.031184624880552292,0.4695446491241455,0.3147639036178589,-0.09125930815935135,0.4820284843444824,0.35912489891052246,-0.1267225295305252,0.4786515533924103,0.43897977471351624,-0.13752353191375732,0.37104588747024536,0.4134593605995178,-0.02838802896440029,0.4148220121860504,0.39832356572151184,-0.09439661353826523,0.40931370854377747,0.5219612717628479,-0.106694296002388,0.39816203713417053,0.6174399852752686,-0.09818258136510849,0.3153119683265686,0.4199937880039215,-0.0347706638276577,0.36011552810668945,0.4161769151687622,-0.09815994650125504,0.3558638393878937,0.5375962257385254,-0.08648814260959625,0.34873855113983154,0.6234498023986816,-0.06005275994539261,0.257374107837677,0.4389494061470032,-0.04476471617817879,0.3040420114994049,0.43200236558914185,-0.0879557877779007,0.3100515604019165,0.5254790186882019,-0.07747998088598251,0.30647313594818115,0.5884776711463928,-0.05590154975652695
0.32222387194633484,0.7107142210006714,-4.385946397178486e-07,0.40552154183387756,0.6559301614761353,-0.039244379848241806,0.4699401259422302,0.5302615165710449,-0.05769277364015579,0.4537797272205353,0.41129398345947266,-0.075614795088768,0.41915225982666016,0.323391318321228,-0.08915670216083527,0.43085965514183044,0.42423292994499207,-0.029099464416503906,0.4692661762237549,0.31514471769332886,-0.08828199654817581,0.482288122177124,0.3598812222480774,-0.12329504638910294,0.47938981652259827,0.43917253613471985,-0.13386140763759613,0.37139004468917847,0.41378769278526306,-0.02673613838851452,0.4149159789085388,0.3987119793891907,-0.09154324233531952,0.40920907258987427,0.5220028162002563,-0.10358314961194992,0.39773550629615784,0.617524266242981,-0.09517442435026169,0.31551530957221985,0.42031359672546387,-0.03351010009646416,0.3601401150226593,0.4162653088569641,-0.09603581577539444,0.3557060956954956,0.5371344089508057,-0.0846397802233696,0.3484311103820801,0.6232785582542419,-0.058570701628923416,0.25739607214927673,0.4392119348049164,-0.04378284886479378,0.3042328357696533,0.4308183491230011,-0.08623190969228745,0.3104756474494934,0.5232808589935303,-0.07579001784324646,0.3066467344760895,0.5861298441886902,-0.05443302541971207
0.32467013597488403,0.7070348858833313,-4.445024615051807e-07,0.403774619102478,0.6583871841430664,-0.04109887406229973,0.4707993268966675,0.5334578156471252,-0.06083987280726433,0.45629629492759705,0.41267746686935425,-0.07948099076747894,0.42211079597473145,0.32342690229415894,-0.09357199817895889,0.4349583089351654,0.4188905656337738,-0.0326036773622036,0.47790342569351196,0.31495779752731323,-0.09313149750232697,0.48732680082321167,0.35677289962768555,-0.12853576242923737,0.47995564341545105,0.4364660382270813,-0.1390783190727234,0.37417834997177124,0.4078146815299988,-0.029556861147284508,0.4164019525051117,0.3959813117980957,-0.09519870579242706,0.4115050137042999,0.5187511444091797,-0.10723961889743805,0.4016008973121643,0.6138014793395996,-0.0985935628414154,0.31809404492378235,0.41581255197525024,-0.03557729348540306,0.36179590225219727,0.41505587100982666,-0.0981585904955864,0.3585832417011261,0.5343062877655029,-0.08654077351093292,0.352225124835968,0.6173656582832336,-0.06044667214155197,0.2608337104320526,0.43739306926727295,-0.04522835835814476,0.3068276047706604,0.43005236983299255,-0.08741031587123871,0.31304728984832764,0.521230161190033,-0.07671882212162018,0.30935394763946533,0.5818125605583191,-0.0551566407084465
0.3251846730709076,0.7066877484321594,-4.52270768391827e-07,0.4045163094997406,0.6562824845314026,-0.03988165035843849,0.47081509232521057,0.5333800911903381,-0.05922284722328186,0.4577926993370056,0.4134054481983185,-0.07771187275648117,0.4235636293888092,0.3236187994480133,-0.09191661328077316,0.4349933862686157,0.4192380905151367,-0.0320860780775547,0.47723588347435,0.314474880695343,-0.09167730808258057,0.48736900091171265,0.3582460284233093,-0.12678813934326172,0.48133280873298645,0.4376088082790375,-0.1373945027589798,0.375333696603775,0.40821531414985657,-0.029471151530742645,0.4181925654411316,0.3968772292137146,-0.09360014647245407,0.4122810363769531,0.5186951756477356,-0.10535385459661484,0.4020232558250427,0.6127442717552185,-0.09714718163013458,0.3194150924682617,0.4160235822200775,-0.03571498021483421,0.363038033246994,0.4138447344303131,-0.09685499221086502,0.35854148864746094,0.5319917798042297,-0.08499263972043991,0.35174494981765747,0.6149330139160156,-0.05934247747063637,0.262071430683136,0.43726393580436707,-0.045528020709753036,0.30749860405921936,0.42979902029037476,-0.08682875335216522,0.3124191164970398,0.5208792686462402,-0.07589342445135117,0.30803775787353516,0.5817153453826904,-0.05452556908130646
0.32536688446998596,0.7075928449630737,-4.562474202884914e-07,0.40492087602615356,0.6558233499526978,-0.039453450590372086,0.4703223407268524,0.5331252813339233,-0.05863892659544945,0.4578052759170532,0.41362515091896057,-0.07706482708454132,0.4243543744087219,0.3233424425125122,-0.09123010188341141,0.4349125623703003,0.4198322594165802,-0.03180564567446709,0.4777424931526184,0.31529074907302856,-0.0913027822971344,0.4874822497367859,0.3588167428970337,-0.12629561126232147,0.4811039865016937,0.4378732144832611,-0.13681623339653015,0.37555113434791565,0.40891993045806885,-0.029318254441022873,0.4185931980609894,0.39737462997436523,-0.09315890073776245,0.41176873445510864,0.5191723108291626,-0.10468119382858276,0.4010087549686432,0.6131143569946289,-0.09640469402074814,0.3196142911911011,0.4168138802051544,-0.03567010909318924,0.36315101385116577,0.41402468085289,-0.09682165831327438,0.35821831226348877,0.5321297645568848,-0.08484309911727905,0.35133659839630127,0.615410327911377,-0.05908900499343872,0.26210829615592957,0.4381394684314728,-0.04552396759390831,0.30755895376205444,0.42930957674980164,-0.08706233650445938,0.31230512261390686,0.5205447673797607,-0.07608458399772644,0.307756245136261,0.5820830464363098,-0.05461358651518822
0.3296489715576172,0.7021511197090149,-4.0410321844319697e-07,0.4091125428676605,0.6569956541061401,-0.040473636239767075,0.47809094190597534,0.5303651094436646,-0.05879244953393936,0.46477943658828735,0.40960749983787537,-0.07612289488315582,0.4293086528778076,0.3238406181335449,-0.08877667784690857,0.4442268908023834,0.4145473837852478,-0.028367524966597557,0.4842274487018585,0.30895382165908813,-0.08725731819868088,0.4940637946128845,0.34717804193496704,-0.12210643291473389,0.48753392696380615,0.42532193660736084,-0.13253454864025116,0.38248440623283386,0.40453940629959106,-0.02527398057281971,0.424083411693573,0.3905234932899475,-0.09100547432899475,0.4204000234603882,0.5131815671920776,-0.10380560159683228,0.41029414534568787,0.608871340751648,-0.09506833553314209,0.32566776871681213,0.41125577688217163,-0.03139292821288109,0.3692677915096283,0.4095509350299835,-0.09326931834220886,0.3664926290512085,0.5267434120178223,-0.08264315873384476,0.35869666934013367,0.6086302995681763,-0.057258863002061844,0.26743489503860474,0.4313563108444214,-0.041193120181560516,0.31446489691734314,0.4300130605697632,-0.0830560177564621,0.3207148313522339,0.520937442779541,-0.07331165671348572,0.3161032795906067,0.5805459022521973,-0.05240906774997711
0.3302038311958313,0.7009744644165039,-4.05887618626366e-07,0.4112618863582611,0.654187023639679,-0.04152272269129753,0.48035067319869995,0.5302519202232361,-0.06142390891909599,0.4658416509628296,0.40934887528419495,-0.08011999726295471,0.4301495850086212,0.32112812995910645,-0.09462431818246841,0.44119957089424133,0.4153447449207306,-0.03363583981990814,0.482818603515625,0.30935537815093994,-0.09346787631511688,0.4961785078048706,0.3520945906639099,-0.12931881844997406,0.49247172474861145,0.43205612897872925,-0.1405535191297531,0.3802301287651062,0.4048323333263397,-0.030530957505106926,0.42588865756988525,0.39123857021331787,-0.09643614292144775,0.42137038707733154,0.5143452882766724,-0.10925151407718658,0.4099902808666229,0.6104130744934082,-0.1012401208281517,0.32376450300216675,0.41273871064186096,-0.03631014749407768,0.36976003646850586,0.40858376026153564,-0.09931445866823196,0.36638233065605164,0.52796471118927,-0.08851458877325058,0.35852840542793274,0.6125138401985168,-0.06309015303850174,0.26574182510375977,0.4334464371204376,-0.04567653313279152,0.31392884254455566,0.425876259803772,-0.08886484801769257,0.3205270767211914,0.5179617404937744,-0.0786152333021164,0.3160373270511627,0.5809758305549622,-0.05741694197058678
0.335872083902359,0.6956679821014404,-3.6863877994619543e-07,0.41724658012390137,0.6500687599182129,-0.04187270998954773,0.48582449555397034,0.5237576961517334,-0.060916006565093994,0.47205907106399536,0.40318748354911804,-0.07893254607915878,0.43801939487457275,0.3154546022415161,-0.09199629724025726,0.44946569204330444,0.40711769461631775,-0.02835148386657238,0.49145129323005676,0.29977911710739136,-0.08893772214651108,0.5023142099380493,0.3401857018470764,-0.12483511865139008,0.4959472417831421,0.41942501068115234,-0.13557404279708862,0.3875085413455963,0.3980545401573181,-0.025207486003637314,0.43163228034973145,0.3791629374027252,-0.09328415244817734,0.42822685837745667,0.5035340785980225,-0.10681083798408508,0.41830119490623474,0.6007582545280457,-0.09766893088817596,0.33075016736984253,0.4051467180252075,-0.03165382891893387,0.37598946690559387,0.3998081684112549,-0.09585700929164886,0.3737308979034424,0.5191743969917297,-0.08515664935112,0.3666999042034149,0.6033542156219482,-0.05872400104999542,0.2723233103752136,0.42575058341026306,-0.041918087750673294,0.32114818692207336,0.42299583554267883,-0.08565150201320648,0.3277531862258911,0.5158719420433044,-0.07599298655986786,0.3237569034099579,0.577985405921936,-0.05447106808423996
0.33524319529533386,0.6962288618087769,-4.1899301095327246e-07,0.41882139444351196,0.6487987041473389,-0.04021616652607918,0.4886187016963959,0.525232195854187,-0.05925628915429115,0.47255390882492065,0.4053017795085907,-0.07748884707689285,0.4369524121284485,0.3182126581668854,-0.09128350019454956,0.45034003257751465,0.40585941076278687,-0.031144633889198303,0.49287861585617065,0.30246272683143616,-0.09195611625909805,0.5060169696807861,0.346306711435318,-0.1286792755126953,0.5010891556739807,0.42754456400871277,-0.13997170329093933,0.38877859711647034,0.3915768265724182,-0.02858874388039112,0.43414628505706787,0.3853640556335449,-0.09514524787664413,0.4288402497768402,0.5076220035552979,-0.10839396715164185,0.4165829122066498,0.604547381401062,-0.09997768700122833,0.3319120407104492,0.39728325605392456,-0.03511682525277138,0.37834030389785767,0.4066144824028015,-0.09708403050899506,0.37344053387641907,0.5248298645019531,-0.08681218326091766,0.3646131455898285,0.6088482141494751,-0.06155052408576012,0.27337515354156494,0.4166586101055145,-0.0454852320253849,0.32244592905044556,0.4241207242012024,-0.08643070608377457,0.3276441693305969,0.5163530707359314,-0.07654460519552231,0.32294750213623047,0.5777632594108582,-0.05560968816280365
0.33836597204208374,0.6909747123718262,-4.0611871554574464e-07,0.42143315076828003,0.6473158597946167,-0.043346188962459564,0.4920077919960022,0.5197340846061707,-0.0625065490603447,0.47723811864852905,0.3954468369483948,-0.0802951455116272,0.4447539448738098,0.3031977713108063,-0.0930279940366745,0.4561699628829956,0.4022524058818817,-0.02910296432673931,0.5009676218032837,0.2959504723548889,-0.09041891247034073,0.5112115740776062,0.3391343951225281,-0.12665021419525146,0.5045318603515625,0.4213857650756836,-0.1374323070049286,0.39423996210098267,0.3902999460697174,-0.025076594203710556,0.43944644927978516,0.3782542645931244,-0.09354515373706818,0.4334873855113983,0.502458393573761,-0.10765194147825241,0.4220293462276459,0.6002379655838013,-0.09909311681985855,0.3371896743774414,0.3962424099445343,-0.03083326853811741,0.3837285041809082,0.3981960117816925,-0.09598014503717422,0.37818506360054016,0.5194236636161804,-0.08597499877214432,0.36961784958839417,0.6036615371704102,-0.05986766144633293,0.2784530520439148,0.41545987129211426,-0.04045739769935608,0.32896795868873596,0.41639941930770874,-0.08470413088798523,0.33311986923217773,0.511406660079956,-0.07544330507516861,0.3276462256908417,0.5731642246246338,-0.054185651242733
0.3386237919330597,0.6934014558792114,-3.9186673461699684e-07,0.42230603098869324,0.6466769576072693,-0.04102136194705963,0.49235770106315613,0.5221511721611023,-0.060445383191108704,0.4773061275482178,0.39933326840400696,-0.07920107990503311,0.44357985258102417,0.30829161405563354,-0.09336274117231369,0.4548514187335968,0.4060668647289276,-0.02994627133011818,0.4990294873714447,0.2974015474319458,-0.0914701372385025,0.5127643346786499,0.3398735821247101,-0.1282089501619339,0.5085786581039429,0.4216463565826416,-0.13943682610988617,0.3942464292049408,0.3931066393852234,-0.02760172449052334,0.44274717569351196,0.37769800424575806,-0.09572798013687134,0.4353097379207611,0.501734733581543,-0.10913015902042389,0.42169246077537537,0.5987682342529297,-0.10034554451704025,0.33745914697647095,0.39834314584732056,-0.0346563495695591,0.3858443796634674,0.3979189991950989,-0.09939685463905334,0.3788754343986511,0.5198328495025635,-0.08824362605810165,0.3691134750843048,0.6046245694160461,-0.061544280499219894,0.2783578932285309,0.41604313254356384,-0.045430440455675125,0.3300238847732544,0.41513267159461975,-0.08842118829488754,0.3341062366962433,0.508710503578186,-0.07750337570905685,0.3279978334903717,0.570810854434967,-0.05539274588227272
0.3380429744720459,0.6949232816696167,-4.2954897594427166e-07,0.42165133357048035,0.6474370956420898,-0.04088331386446953,0.49133503437042236,0.5233818888664246,-0.059811051934957504,0.4780820608139038,0.3999675512313843,-0.0779900848865509,0.44602933526039124,0.30769962072372437,-0.09133190661668777,0.4542836844921112,0.4043580889701843,-0.030212879180908203,0.5012843012809753,0.2980969548225403,-0.09166605770587921,0.513999342918396,0.34489762783050537,-0.1279180496931076,0.507887065410614,0.42662185430526733,-0.1387946456670761,0.3938918709754944,0.390298068523407,-0.027576813474297523,0.44328126311302185,0.3806997537612915,-0.09511330723762512,0.4364892542362213,0.5073182582855225,-0.10799384117126465,0.42303648591041565,0.605054497718811,-0.0990561842918396,0.337353378534317,0.395458847284317,-0.0343085341155529,0.38680312037467957,0.4010099768638611,-0.09818989783525467,0.3803136348724365,0.5240130424499512,-0.08675258606672287,0.37077945470809937,0.6093252897262573,-0.05999443307518959,0.2785707116127014,0.41408854722976685,-0.04483048617839813,0.3298632800579071,0.4183636009693146,-0.08713947981595993,0.3332175314426422,0.5123735666275024,-0.07656888663768768,0.3267100751399994,0.5735809803009033,-0.05476688593626022
0.33856523036956787,0.6945744156837463,-4.3849090047842765e-07,0.4225377142429352,0.6464899182319641,-0.04083092883229256,0.491832435131073,0.5226472616195679,-0.059789158403873444,0.4773760437965393,0.3993658721446991,-0.07802850753068924,0.44446036219596863,0.30783194303512573,-0.09145423769950867,0.4548070728778839,0.40448427200317383,-0.030209660530090332,0.5014863014221191,0.2981647253036499,-0.09161864966154099,0.5140339732170105,0.34522107243537903,-0.12784869968891144,0.5076181888580322,0.42738860845565796,-0.13868145644664764,0.3940591812133789,0.39019304513931274,-0.02751140482723713,0.44291257858276367,0.3816449046134949,-0.09489051252603531,0.43625572323799133,0.5077199935913086,-0.10783794522285461,0.42275238037109375,0.6056533455848694,-0.09902611374855042,0.3373720347881317,0.3951476812362671,-0.03418229520320892,0.38660144805908203,0.40195417404174805,-0.09794744104146957,0.3801265060901642,0.5242295265197754,-0.08691141754388809,0.3704867660999298,0.6097279191017151,-0.0604831837117672,0.2785162329673767,0.4135587811470032,-0.044624924659729004,0.329436719417572,0.41821759939193726,-0.08695270121097565,0.3328438103199005,0.5123329758644104,-0.07665450870990753,0.3262735605239868,0.5743646621704102,-0.05505590885877609
0.3386479616165161,0.6944966316223145,-4.3876460154024244e-07,0.42263713479042053,0.6464501023292542,-0.04077751189470291,0.49199992418289185,0.5223692655563354,-0.0596223920583725,0.47758764028549194,0.3989327549934387,-0.07775171101093292,0.4446083605289459,0.30736857652664185,-0.0910727009177208,0.4548775255680084,0.4044499397277832,-0.029974283650517464,0.5014092922210693,0.29792702198028564,-0.09126215428113937,0.5139686465263367,0.34524643421173096,-0.12748287618160248,0.5076680779457092,0.4273930490016937,-0.13835135102272034,0.39419037103652954,0.3900543749332428,-0.027271747589111328,0.4426373839378357,0.3816685676574707,-0.0945221558213234,0.43617284297943115,0.5077515840530396,-0.1075069010257721,0.42293238639831543,0.6054781675338745,-0.0987863540649414,0.33748772740364075,0.3949902653694153,-0.03393691033124924,0.3864123225212097,0.4017341136932373,-0.097545325756073,0.380111426115036,0.5240687131881714,-0.08646608144044876,0.37067753076553345,0.609474241733551,-0.060072947293519974,0.27858608961105347,0.4133508503437042,-0.04438764974474907,0.32939332723617554,0.41819319128990173,-0.08657518029212952,0.3328462839126587,0.5122247934341431,-0.07624813914299011,0.32638487219810486,0.5739333629608154,-0.05467556044459343
0.3359189033508301,0.6991044878959656,-4.0818275692799943e-07,0.4190918207168579,0.6516660451889038,-0.04020526260137558,0.4895268380641937,0.5279514193534851,-0.05934122949838638,0.47773540019989014,0.405968576669693,-0.07779552787542343,0.44606727361679077,0.3138324022293091,-0.09172242134809494,0.4517541527748108,0.4065471291542053,-0.030214009806513786,0.49608147144317627,0.30042773485183716,-0.09069951623678207,0.5105748176574707,0.3424944281578064,-0.12656207382678986,0.5075863599777222,0.4242660701274872,-0.13716647028923035,0.391474187374115,0.3923502564430237,-0.027738740667700768,0.44166237115859985,0.3824329674243927,-0.09451274573802948,0.4343284070491791,0.5081523060798645,-0.10669063776731491,0.42145147919654846,0.6066372990608215,-0.09701855480670929,0.3347494602203369,0.39768823981285095,-0.03443613648414612,0.38449689745903015,0.40291446447372437,-0.09775393456220627,0.3778240382671356,0.5258402824401855,-0.08616207540035248,0.3690379559993744,0.6126942038536072,-0.0592501200735569,0.27575787901878357,0.41685569286346436,-0.044867195188999176,0.3271097242832184,0.4223432242870331,-0.08764676749706268,0.331916868686676,0.5175603032112122,-0.0773286446928978,0.32743221521377563,0.5813610553741455,-0.055340688675642014
0.3355458676815033,0.6993409991264343,-4.45963109996228e-07,0.41844987869262695,0.6523402333259583,-0.04087560996413231,0.4888707399368286,0.5271473526954651,-0.060112759470939636,0.4749447703361511,0.4052431285381317,-0.0784810408949852,0.4414044916629791,0.3143199682235718,-0.09202732145786285,0.4547387361526489,0.4061345160007477,-0.030177587643265724,0.4993709921836853,0.30092760920524597,-0.09167797863483429,0.5098068118095398,0.34505653381347656,-0.12812171876430511,0.502481997013092,0.42763984203338623,-0.1389574110507965,0.3931935727596283,0.3908114433288574,-0.027401994913816452,0.44048845767974854,0.38292914628982544,-0.09521941095590591,0.43257007002830505,0.5096256732940674,-0.10817047208547592,0.4193122982978821,0.6086111068725586,-0.0988243967294693,0.33605989813804626,0.39516931772232056,-0.03401258587837219,0.3829290270805359,0.40404900908470154,-0.09734118729829788,0.3764182925224304,0.5260581374168396,-0.08641043305397034,0.36778518557548523,0.611018180847168,-0.06005171313881874,0.277006596326828,0.4136509895324707,-0.04446517676115036,0.3260587155818939,0.4202386438846588,-0.08655165880918503,0.32985126972198486,0.5154666304588318,-0.07639075070619583,0.3246908187866211,0.5778608322143555,-0.05474686622619629
0.3345193862915039,0.7000145316123962,-4.294411155569833e-07,0.4170588254928589,0.6538730263710022,-0.04124908521771431,0.4886963367462158,0.5287837982177734,-0.060790009796619415,0.47590091824531555,0.40697363018989563,-0.07937879115343094,0.44218578934669495,0.31619757413864136,-0.09315923601388931,0.4537044167518616,0.4060702621936798,-0.03159748390316963,0.4985550343990326,0.30048868060112,-0.09318932145833969,0.5095707774162292,0.343176931142807,-0.12957100570201874,0.5030295848846436,0.4252610206604004,-0.14044544100761414,0.39226120710372925,0.3907950520515442,-0.028859270736575127,0.4414158761501312,0.3828112483024597,-0.09685973823070526,0.43296802043914795,0.5093328952789307,-0.10949204117059708,0.4191458821296692,0.608211100101471,-0.09991145879030228,0.3352777361869812,0.39539530873298645,-0.035479556769132614,0.3841608464717865,0.40412819385528564,-0.09884918481111526,0.3768196702003479,0.5256780982017517,-0.08761592954397202,0.3672557771205902,0.6104016304016113,-0.061182260513305664,0.276205450296402,0.4140320122241974,-0.04600786045193672,0.32689765095710754,0.42174142599105835,-0.0882711410522461,0.33021122217178345,0.516548216342926,-0.07809073477983475,0.3245050013065338,0.5786481499671936,-0.05647777393460274
0.33432790637016296,0.6986253261566162,-3.9739441604069725e-07,0.417231023311615,0.6512093544006348,-0.0413476936519146,0.48737674951553345,0.5272217988967896,-0.060880765318870544,0.47451820969581604,0.40309378504753113,-0.07965929806232452,0.4409991204738617,0.30958086252212524,-0.09379278868436813,0.45348674058914185,0.4052102267742157,-0.02933473326265812,0.4967955946922302,0.29860618710517883,-0.0906471386551857,0.5088107585906982,0.33923715353012085,-0.1274750828742981,0.5041549205780029,0.4190073013305664,-0.1389908790588379,0.39202257990837097,0.3895559310913086,-0.02655745856463909,0.4394668936729431,0.38111138343811035,-0.0953720211982727,0.43307825922966003,0.506913959980011,-0.10987260192632675,0.4209785461425781,0.6057944893836975,-0.10155350714921951,0.33456045389175415,0.39346468448638916,-0.03308062255382538,0.3813491761684418,0.40116652846336365,-0.09769957512617111,0.3750251531600952,0.5226619243621826,-0.08740868419408798,0.3662406802177429,0.6076293587684631,-0.06124533712863922,0.27470970153808594,0.4111030101776123,-0.04345221817493439,0.32446855306625366,0.41844072937965393,-0.08678603172302246,0.3284887969493866,0.5132347345352173,-0.07710963487625122,0.32312649488449097,0.5752705335617065,-0.055609330534935
0.33387452363967896,0.6966636776924133,-4.040421117679216e-07,0.41724884510040283,0.652069091796875,-0.042283933609724045,0.4889890253543854,0.5250347256660461,-0.06150193139910698,0.4744824767112732,0.39985406398773193,-0.0796821191906929,0.4398566782474518,0.3078644275665283,-0.09301107376813889,0.452740341424942,0.40314847230911255,-0.03001800924539566,0.49702534079551697,0.2969134449958801,-0.09182146936655045,0.5094810128211975,0.33882758021354675,-0.12896642088890076,0.5043420791625977,0.42031732201576233,-0.1406087428331375,0.3907466232776642,0.3870328664779663,-0.026871895417571068,0.438589483499527,0.3803836405277252,-0.09610556066036224,0.4329722821712494,0.5059874057769775,-0.11053372174501419,0.42063412070274353,0.6048667430877686,-0.10208262503147125,0.33349373936653137,0.39154595136642456,-0.03326214477419853,0.3819303810596466,0.4024520814418793,-0.09781984984874725,0.3751837909221649,0.5241206884384155,-0.08761978894472122,0.3652237057685852,0.6080979704856873,-0.06165669113397598,0.27450722455978394,0.41003668308258057,-0.04368581250309944,0.3262826204299927,0.4219478964805603,-0.0865236297249794,0.32890626788139343,0.516495406627655,-0.07711197435855865,0.3218576908111572,0.576819658279419,-0.05608021095395088
0.33453169465065,0.6958009004592896,-4.054656130847434e-07,0.41854143142700195,0.6508274078369141,-0.0425940565764904,0.4896184206008911,0.5243408679962158,-0.06216546148061752,0.4755520224571228,0.3992528021335602,-0.08069334179162979,0.44215816259384155,0.3062342703342438,-0.09441027790307999,0.45192965865135193,0.40288245677948,-0.03114471398293972,0.49671947956085205,0.2952571511268616,-0.09367149323225021,0.5102096796035767,0.3395146131515503,-0.13103416562080383,0.5058003067970276,0.42259445786476135,-0.1425299197435379,0.39030131697654724,0.38753998279571533,-0.028049089014530182,0.4392164647579193,0.3794383108615875,-0.09777139872312546,0.43282681703567505,0.5055774450302124,-0.11189723759889603,0.4199526906013489,0.6043052673339844,-0.10299593955278397,0.3331313729286194,0.39250850677490234,-0.034525737166404724,0.38161978125572205,0.40214890241622925,-0.09976877272129059,0.3745829164981842,0.524538516998291,-0.08921673893928528,0.3650520443916321,0.6086909174919128,-0.06264789402484894,0.27440646290779114,0.4112186133861542,-0.0449938103556633,0.325471431016922,0.4208720326423645,-0.08810598403215408,0.3288048505783081,0.515958845615387,-0.078156016767025,0.32295870780944824,0.5768917798995972,-0.05650410056114197
0.3346940279006958,0.6967750787734985,-4.174269747636572e-07,0.4186357259750366,0.6506184339523315,-0.041966211050748825,0.4888972342014313,0.5243430137634277,-0.061302270740270615,0.4753289520740509,0.39927491545677185,-0.07977303862571716,0.4428681433200836,0.30509650707244873,-0.0934833362698555,0.45099347829818726,0.4034891724586487,-0.030498456209897995,0.4965517818927765,0.2960854768753052,-0.0926169827580452,0.5106133222579956,0.341136634349823,-0.1296299248933792,0.5064213871955872,0.42454567551612854,-0.14083604514598846,0.3898810148239136,0.38785895705223083,-0.02748838998377323,0.4385874271392822,0.380386084318161,-0.09617406129837036,0.432136207818985,0.5059589147567749,-0.10989054292440414,0.419360488653183,0.604169487953186,-0.10101030766963959,0.332865834236145,0.39282262325286865,-0.03400680050253868,0.3810505270957947,0.4027523398399353,-0.09840835630893707,0.37413978576660156,0.5247619152069092,-0.08779831975698471,0.3649839162826538,0.6089798808097839,-0.06142896041274071,0.274369478225708,0.41176265478134155,-0.04447166249155998,0.32538795471191406,0.42091596126556396,-0.08685147017240524,0.3289685845375061,0.5155510306358337,-0.07685776799917221,0.3233473300933838,0.5766229629516602,-0.055360931903123856
0.3363199234008789,0.6987385749816895,-4.097560974969383e-07,0.4204742908477783,0.6513053774833679,-0.04225856810808182,0.49211129546165466,0.5234304666519165,-0.06128421798348427,0.4792850911617279,0.39853739738464355,-0.07959918677806854,0.4450102746486664,0.3068966865539551,-0.09301206469535828,0.45593753457069397,0.40360361337661743,-0.028482573106884956,0.5026991963386536,0.29834166169166565,-0.09102612733840942,0.5143646001815796,0.34203729033470154,-0.12861017882823944,0.5076621174812317,0.42528775334358215,-0.140134796500206,0.3939308226108551,0.3891793191432953,-0.025362690910696983,0.44057947397232056,0.3804946541786194,-0.09437832981348038,0.43423259258270264,0.5050134062767029,-0.10860508680343628,0.42227569222450256,0.6034619212150574,-0.10002795606851578,0.3363358676433563,0.3940514624118805,-0.032096631824970245,0.3850173056125641,0.40191489458084106,-0.0963495522737503,0.37800726294517517,0.5228959321975708,-0.08592233806848526,0.3681248426437378,0.6073687672615051,-0.05972875654697418,0.27650216221809387,0.41237786412239075,-0.04295017197728157,0.32811281085014343,0.4214611053466797,-0.08524776250123978,0.33149707317352295,0.5149649381637573,-0.07552294433116913,0.32563894987106323,0.5749576687812805,-0.05418877303600311
0.33570441603660583,0.7004039287567139,-3.9956344721758796e-07,0.42037221789360046,0.6511760950088501,-0.04180470481514931,0.49189692735671997,0.5240830183029175,-0.06123180314898491,0.4779895544052124,0.4001410901546478,-0.07991866767406464,0.4421796202659607,0.3096185624599457,-0.09404539316892624,0.4554608166217804,0.40408802032470703,-0.02986433170735836,0.5009322762489319,0.3011247217655182,-0.09275665134191513,0.5133983492851257,0.3398776650428772,-0.13056935369968414,0.5078260898590088,0.4200696051120758,-0.14237311482429504,0.3933493196964264,0.38890981674194336,-0.027272650972008705,0.44305530190467834,0.3811110854148865,-0.09749089926481247,0.43550777435302734,0.5060002207756042,-0.11193845421075821,0.42167893052101135,0.6055145263671875,-0.1031167283654213,0.336070716381073,0.3936636745929718,-0.03429189324378967,0.3855242133140564,0.4039520025253296,-0.10019267350435257,0.37772059440612793,0.5255897641181946,-0.09000319242477417,0.3675612211227417,0.6106681227684021,-0.0634232610464096,0.2764599919319153,0.4120037853717804,-0.04521838203072548,0.3275240361690521,0.4191679358482361,-0.08869333565235138,0.33055904507637024,0.5133394598960876,-0.07870379090309143,0.3242403566837311,0.5747539401054382,-0.05689166113734245
0.3368913233280182,0.6990144848823547,-4.3889662038054666e-07,0.421066552400589,0.6532999277114868,-0.04149232804775238,0.4938334822654724,0.524297833442688,-0.0601758249104023,0.47844234108924866,0.40070202946662903,-0.07790861278772354,0.4432172477245331,0.31117984652519226,-0.0907924622297287,0.45932531356811523,0.40197375416755676,-0.028317881748080254,0.5066848993301392,0.298795610666275,-0.08926008641719818,0.5167566537857056,0.34591174125671387,-0.1260932832956314,0.5084618330001831,0.43067800998687744,-0.13741634786128998,0.396938294172287,0.38801321387290955,-0.02515944465994835,0.44360223412513733,0.38112348318099976,-0.09265407174825668,0.4371728003025055,0.507136881351471,-0.10715031623840332,0.42484840750694275,0.6063947081565857,-0.09910193830728531,0.338911771774292,0.39341220259666443,-0.031461019068956375,0.3855188488960266,0.39889270067214966,-0.09507686644792557,0.3796834349632263,0.5205268263816833,-0.08554158359766006,0.3705334961414337,0.6055948734283447,-0.060248371213674545,0.279102087020874,0.41229039430618286,-0.041506312787532806,0.32848531007766724,0.4153984487056732,-0.08458662033081055,0.33289414644241333,0.5111122727394104,-0.07486593723297119,0.3277939558029175,0.5736650228500366,-0.05344371870160103
0.33540305495262146,0.6991699934005737,-4.035906044919102e-07,0.4200194776058197,0.6517451405525208,-0.039996784180402756,0.49206313490867615,0.5275535583496094,-0.05870216339826584,0.47952646017074585,0.40536201000213623,-0.07691439986228943,0.4475705921649933,0.3147358298301697,-0.09041636437177658,0.4574117064476013,0.40200862288475037,-0.02748006395995617,0.5033091902732849,0.29951053857803345,-0.08853980153799057,0.5157864093780518,0.33986973762512207,-0.12555676698684692,0.5102018117904663,0.4216307997703552,-0.1370469182729721,0.39588549733161926,0.3861044943332672,-0.025108419358730316,0.4453220069408417,0.3810575604438782,-0.09310250729322433,0.4381266236305237,0.5061799883842468,-0.10701872408390045,0.4242677092552185,0.6050763130187988,-0.09833566844463348,0.3385736644268036,0.3900778293609619,-0.032098185271024704,0.3876376748085022,0.40012672543525696,-0.09606686979532242,0.38060006499290466,0.5213621854782104,-0.0858856663107872,0.3700930178165436,0.606582522392273,-0.05999862030148506,0.2789381146430969,0.40832728147506714,-0.04289283975958824,0.3301818072795868,0.41892388463020325,-0.08636435866355896,0.33423715829849243,0.5142399668693542,-0.07706116139888763,0.32877665758132935,0.5764122009277344,-0.05577005073428154
0.3363766372203827,0.6988977789878845,-3.9995398992687115e-07,0.42138785123825073,0.6518797874450684,-0.04059512913227081,0.49356088042259216,0.5250862836837769,-0.05946263670921326,0.47895631194114685,0.40202879905700684,-0.07762088626623154,0.4447898268699646,0.31232285499572754,-0.09115352481603622,0.4574739336967468,0.4018652141094208,-0.028225110843777657,0.503574788570404,0.30033519864082336,-0.08932079374790192,0.5162949562072754,0.3410596549510956,-0.12640759348869324,0.5106938481330872,0.42280855774879456,-0.13805949687957764,0.3954389989376068,0.3866291046142578,-0.025662435218691826,0.4440777003765106,0.3810066282749176,-0.09374647587537766,0.43811139464378357,0.5064658522605896,-0.10790874063968658,0.4249866008758545,0.6055953502655029,-0.09949295222759247,0.33810609579086304,0.3915870487689972,-0.032457225024700165,0.38687074184417725,0.400529146194458,-0.09658834338188171,0.3809303343296051,0.5223071575164795,-0.08650437742471695,0.37087756395339966,0.607296884059906,-0.06073500216007233,0.2788131535053253,0.4104905426502228,-0.043038081377744675,0.33009761571884155,0.4191111922264099,-0.08639005571603775,0.33438974618911743,0.5145310759544373,-0.07683087140321732,0.3287203907966614,0.576335608959198,-0.05553203821182251
0.33512192964553833,0.7010220885276794,-4.00514551301967e-07,0.41847407817840576,0.6533641815185547,-0.03943978250026703,0.48939311504364014,0.5311428904533386,-0.05794255807995796,0.47851207852363586,0.4104573428630829,-0.07608724385499954,0.44652146100997925,0.32014232873916626,-0.08954114466905594,0.4560817778110504,0.40669023990631104,-0.027643609791994095,0.5004737377166748,0.3007383346557617,-0.08828726410865784,0.5136601328849792,0.3393455445766449,-0.12436769902706146,0.5088810324668884,0.4193984270095825,-0.1349894404411316,0.39511293172836304,0.3908165991306305,-0.025351962074637413,0.4438181519508362,0.3829268515110016,-0.0935029610991478,0.43593674898147583,0.5081161260604858,-0.10714448988437653,0.4219070374965668,0.6063296794891357,-0.09784556180238724,0.3378136157989502,0.39326712489128113,-0.032288942486047745,0.3857489824295044,0.4016769826412201,-0.0970759242773056,0.37824955582618713,0.5239477753639221,-0.08698838949203491,0.3681100606918335,0.6098322868347168,-0.06046793982386589,0.2775636613368988,0.40943005681037903,-0.042867936193943024,0.3278944492340088,0.4164057970046997,-0.08707994967699051,0.33127927780151367,0.5127091407775879,-0.07773518562316895,0.3250621557235718,0.5768594145774841,-0.05590416118502617
0.3361102342605591,0.7008092403411865,-4.047393815653777e-07,0.4214237630367279,0.6515663862228394,-0.039358533918857574,0.49316734075546265,0.524000883102417,-0.057511404156684875,0.47931107878685,0.40165767073631287,-0.07534724473953247,0.44382157921791077,0.3129284977912903,-0.08864154666662216,0.4553842842578888,0.4034920334815979,-0.02720511518418789,0.5011530518531799,0.3000674247741699,-0.08790261298418045,0.5142319202423096,0.3417973220348358,-0.12432059645652771,0.5091499090194702,0.42261871695518494,-0.13546836376190186,0.393679141998291,0.38853541016578674,-0.025391677394509315,0.44363653659820557,0.3817756772041321,-0.09350254386663437,0.43641263246536255,0.5072733163833618,-0.10735785216093063,0.42255741357803345,0.6060242652893066,-0.09852657467126846,0.3362685739994049,0.3930870294570923,-0.03290100768208504,0.386392205953598,0.40124380588531494,-0.09754613041877747,0.3792818784713745,0.5243473052978516,-0.08744494616985321,0.3692591190338135,0.6106221079826355,-0.06124591454863548,0.276798278093338,0.411331444978714,-0.044070951640605927,0.32865580916404724,0.4177530109882355,-0.08798728883266449,0.33214762806892395,0.5138377547264099,-0.07853181660175323,0.3260772228240967,0.5773163437843323,-0.05706138536334038
0.33557167649269104,0.7011739611625671,-4.302474962969427e-07,0.4204756021499634,0.6514456868171692,-0.03854667767882347,0.49169930815696716,0.5253757834434509,-0.056308578699827194,0.47716379165649414,0.4045509397983551,-0.07391254603862762,0.44173598289489746,0.31649142503738403,-0.08690274506807327,0.4555239677429199,0.4032423794269562,-0.02581428363919258,0.5016046762466431,0.30075421929359436,-0.08604832738637924,0.5138239860534668,0.3430541157722473,-0.1221214309334755,0.5078607797622681,0.424222469329834,-0.13292932510375977,0.3942507207393646,0.3879088759422302,-0.024093864485621452,0.444047212600708,0.3814202547073364,-0.0914405882358551,0.43637001514434814,0.5070232152938843,-0.10521142184734344,0.42223402857780457,0.6059334874153137,-0.09627573937177658,0.33711832761764526,0.3922179937362671,-0.031634725630283356,0.38605692982673645,0.4013175666332245,-0.09565648436546326,0.37903663516044617,0.5243983864784241,-0.08594740927219391,0.3691072463989258,0.6108543872833252,-0.05996251478791237,0.2777900695800781,0.41058164834976196,-0.04274193197488785,0.3284327983856201,0.41720184683799744,-0.08613558858633041,0.3321739435195923,0.5130389928817749,-0.07683325558900833,0.32617470622062683,0.576706051826477,-0.05541350692510605
0.3351086378097534,0.6987907886505127,-4.212473072584544e-07,0.4192965030670166,0.6516060829162598,-0.041520535945892334,0.49228131771087646,0.5244819521903992,-0.060878023505210876,0.47802531719207764,0.399627149105072,-0.07932189851999283,0.4409952461719513,0.30900055170059204,-0.0931105986237526,0.45678192377090454,0.4058998227119446,-0.029776569455862045,0.5017983913421631,0.30087268352508545,-0.09132391214370728,0.513094961643219,0.342085063457489,-0.12812994420528412,0.506171464920044,0.42277291417121887,-0.139616459608078,0.3949339687824249,0.39061856269836426,-0.026878084987401962,0.44219183921813965,0.3810167610645294,-0.09556593000888824,0.4356691837310791,0.5072674751281738,-0.10960709303617477,0.4223629832267761,0.606482744216919,-0.10118740797042847,0.33762985467910767,0.39470526576042175,-0.03341147303581238,0.38566336035728455,0.3997766971588135,-0.09826908260583878,0.37970879673957825,0.5229747295379639,-0.08791196346282959,0.3700534403324127,0.6090391874313354,-0.061874207109212875,0.27780359983444214,0.4126288890838623,-0.043760739266872406,0.3284226357936859,0.4181095063686371,-0.08775127679109573,0.3318217098712921,0.5136120319366455,-0.07848065346479416,0.3254867196083069,0.575554609298706,-0.05743896961212158
0.3381376266479492,0.6993822455406189,-3.96154462123377e-07,0.4213474988937378,0.6528176069259644,-0.040010519325733185,0.49190932512283325,0.5273436307907104,-0.058518361300230026,0.48098647594451904,0.40680810809135437,-0.07660800218582153,0.44881510734558105,0.31728464365005493,-0.08961240947246552,0.4582374393939972,0.4032237231731415,-0.02716819755733013,0.5033776760101318,0.2978171110153198,-0.08827909827232361,0.5153058767318726,0.3424118161201477,-0.12510471045970917,0.5087161660194397,0.42474713921546936,-0.1365111768245697,0.39648202061653137,0.38922709226608276,-0.02529989555478096,0.4450742304325104,0.37965208292007446,-0.09353337436914444,0.43931081891059875,0.5054219365119934,-0.10772105306386948,0.4267676770687103,0.6034561991691589,-0.09914194047451019,0.3388976454734802,0.394012451171875,-0.03292493522167206,0.3887011408805847,0.40064623951911926,-0.09640810638666153,0.38235920667648315,0.5209695100784302,-0.08612547069787979,0.37193673849105835,0.6038813591003418,-0.06035200506448746,0.2790592312812805,0.41240519285202026,-0.04444810003042221,0.3309471011161804,0.4206427335739136,-0.08705045282840729,0.3343973457813263,0.5151049494743347,-0.07723172754049301,0.32778647541999817,0.5759797096252441,-0.055848438292741776
0.3378940522670746,0.6993396282196045,-4.064933420977468e-07,0.4228067696094513,0.6509803533554077,-0.03903622180223465,0.4928392171859741,0.5267160534858704,-0.05713808536529541,0.47929647564888,0.40707364678382874,-0.07499178498983383,0.44755351543426514,0.3178502321243286,-0.08790163695812225,0.4577313959598541,0.40383943915367126,-0.026978828012943268,0.5024160742759705,0.29772359132766724,-0.08795073628425598,0.5151225328445435,0.34144991636276245,-0.12446705996990204,0.5093644261360168,0.424121230840683,-0.1354569047689438,0.39609429240226746,0.3894994258880615,-0.02522619627416134,0.44563770294189453,0.3790600895881653,-0.09313645958900452,0.43911677598953247,0.5040321946144104,-0.1069343313574791,0.4252609610557556,0.6021335124969482,-0.09798293560743332,0.3386506736278534,0.393687903881073,-0.03282451257109642,0.3888430893421173,0.4013334810733795,-0.09637042135000229,0.38214224576950073,0.5223751664161682,-0.08622026443481445,0.3711998760700226,0.6066906452178955,-0.06028733029961586,0.27866244316101074,0.4115837812423706,-0.044187236577272415,0.3309098184108734,0.42082908749580383,-0.08692582696676254,0.3351145386695862,0.5160589218139648,-0.0773053988814354,0.329016774892807,0.5785156488418579,-0.05584855005145073
0.33628395199775696,0.6999759078025818,-4.0171730120164284e-07,0.422804057598114,0.6523152589797974,-0.04031338915228844,0.49379679560661316,0.5251573920249939,-0.05865871161222458,0.4812280833721161,0.4030308723449707,-0.07662404328584671,0.4498470425605774,0.3115907609462738,-0.08966276794672012,0.45710721611976624,0.4038182199001312,-0.028244616463780403,0.503822922706604,0.2993701994419098,-0.0901602953672409,0.5166864395141602,0.34191596508026123,-0.12738311290740967,0.5104580521583557,0.42457425594329834,-0.1387391984462738,0.3956820070743561,0.38816872239112854,-0.025953680276870728,0.4457419514656067,0.3821377754211426,-0.09465309977531433,0.4398932456970215,0.5058754682540894,-0.1089266762137413,0.42617958784103394,0.6042433977127075,-0.10032729804515839,0.3384806215763092,0.3921326696872711,-0.03322497010231018,0.38978222012519836,0.4043673276901245,-0.09721773117780685,0.38308432698249817,0.5251772403717041,-0.08743230998516083,0.37159213423728943,0.6097123622894287,-0.06172255426645279,0.27891847491264343,0.4096541404724121,-0.04446300491690636,0.3332182466983795,0.4230588376522064,-0.08691239356994629,0.3367902934551239,0.5173183679580688,-0.07763877511024475,0.3294568955898285,0.5787150859832764,-0.05658794194459915
0.33658334612846375,0.7008556127548218,-3.9143711205724685e-07,0.4225517213344574,0.6529721021652222,-0.04038354754447937,0.4941495358943939,0.5245475769042969,-0.058636464178562164,0.48191702365875244,0.4015844464302063,-0.07632872462272644,0.44956913590431213,0.3103988766670227,-0.08915994316339493,0.45758771896362305,0.4042668044567108,-0.028170352801680565,0.5038237571716309,0.300739586353302,-0.08967112749814987,0.5165333151817322,0.34011077880859375,-0.12655767798423767,0.5104962587356567,0.4210628867149353,-0.13784478604793549,0.3959291875362396,0.3880452513694763,-0.02569935843348503,0.44538775086402893,0.38228514790534973,-0.09441988170146942,0.4397110044956207,0.506088376045227,-0.10860209912061691,0.4262128174304962,0.6049522161483765,-0.09991788864135742,0.3386625647544861,0.3914719521999359,-0.03274480998516083,0.3895704746246338,0.4044162631034851,-0.09679915755987167,0.38280701637268066,0.5253090262413025,-0.08702221512794495,0.3713812232017517,0.6096877455711365,-0.06135490909218788,0.2790117859840393,0.4085337519645691,-0.04375459998846054,0.3332464098930359,0.4233977794647217,-0.08637391030788422,0.33648964762687683,0.5182442665100098,-0.0773850530385971,0.32908713817596436,0.5794857740402222,-0.056595370173454285
0.3363496959209442,0.7008870840072632,-4.0854865801520646e-07,0.42190074920654297,0.6535603404045105,-0.040386248379945755,0.49392205476760864,0.5245615243911743,-0.058441661298274994,0.4813290238380432,0.40118786692619324,-0.07588084042072296,0.4489249289035797,0.30988597869873047,-0.08842422813177109,0.45809322595596313,0.4039560854434967,-0.027622440829873085,0.5051501393318176,0.30149754881858826,-0.08877439051866531,0.5168589353561401,0.34284451603889465,-0.12540623545646667,0.50959312915802,0.4246360957622528,-0.13649435341358185,0.3963491916656494,0.388096421957016,-0.02498941496014595,0.4451219439506531,0.38239723443984985,-0.09314770996570587,0.43927299976348877,0.5066614151000977,-0.10731562972068787,0.4259307086467743,0.6058366298675537,-0.09870836138725281,0.338984876871109,0.391701877117157,-0.03186405077576637,0.389262855052948,0.40384578704833984,-0.0958007276058197,0.3824518918991089,0.5254334211349487,-0.08617343753576279,0.3711550831794739,0.6104086637496948,-0.06058204546570778,0.2794041633605957,0.40906476974487305,-0.04262041300535202,0.33331915736198425,0.42218735814094543,-0.08541391789913177,0.3363141119480133,0.5178011655807495,-0.07640031725168228,0.3286910355091095,0.5798208713531494,-0.055529914796352386
0.3361632525920868,0.6994584798812866,-4.164104723258788e-07,0.42081400752067566,0.6506863832473755,-0.040291592478752136,0.4915205240249634,0.5254724621772766,-0.05902018025517464,0.4791889786720276,0.4013333320617676,-0.07714470475912094,0.4472482204437256,0.30840954184532166,-0.09066461026668549,0.4581277072429657,0.40578967332839966,-0.027833761647343636,0.5029990077018738,0.30332180857658386,-0.08864539116621017,0.5150368213653564,0.3423256278038025,-0.12499131262302399,0.5089482665061951,0.4222267270088196,-0.13615240156650543,0.3968542218208313,0.39008215069770813,-0.025285741314291954,0.44418710470199585,0.3832589387893677,-0.09296560287475586,0.43629753589630127,0.5076409578323364,-0.10666918754577637,0.42201322317123413,0.6053640842437744,-0.0981399193406105,0.33953770995140076,0.39375510811805725,-0.03210825473070145,0.3869207203388214,0.40256986021995544,-0.09670230001211166,0.3796118199825287,0.5238999128341675,-0.08641006052494049,0.3694998025894165,0.6085872054100037,-0.06034296751022339,0.27975350618362427,0.41141828894615173,-0.0426231250166893,0.33010563254356384,0.41778868436813354,-0.08666155487298965,0.33355599641799927,0.5127501487731934,-0.0772860199213028,0.3274708390235901,0.5748549699783325,-0.055994912981987
0.3369764983654022,0.6976414918899536,-4.23526017812037e-07,0.42032095789909363,0.6521427631378174,-0.04068213701248169,0.4926079511642456,0.5239835381507874,-0.059363335371017456,0.4794890284538269,0.39891672134399414,-0.07711135596036911,0.4450939893722534,0.3068145215511322,-0.09017352014780045,0.4584713280200958,0.4060955047607422,-0.029871221631765366,0.5030301809310913,0.301871120929718,-0.09037201851606369,0.5145692825317383,0.34374284744262695,-0.12634265422821045,0.5078755617141724,0.42430388927459717,-0.1374233216047287,0.3966894745826721,0.38974878191947937,-0.027174999937415123,0.4429660141468048,0.38346225023269653,-0.09463050961494446,0.4356214106082916,0.5081028938293457,-0.10813943296670914,0.42205554246902466,0.6051443815231323,-0.09972638636827469,0.3391469419002533,0.3933151960372925,-0.03369954973459244,0.3862065374851227,0.40132737159729004,-0.09767631441354752,0.37964919209480286,0.5233893394470215,-0.0871361643075943,0.37025687098503113,0.6078909039497375,-0.061317846179008484,0.2796598970890045,0.41092827916145325,-0.04395639896392822,0.330328106880188,0.41813531517982483,-0.08758169412612915,0.333391010761261,0.5137342214584351,-0.0782017931342125,0.32736438512802124,0.575404167175293,-0.05722835287451744
0.33662092685699463,0.6972287893295288,-4.2885233142442303e-07,0.4206579625606537,0.6505939960479736,-0.04007637873291969,0.49238505959510803,0.5241264700889587,-0.058384425938129425,0.47849705815315247,0.4001971483230591,-0.07598721235990524,0.44451186060905457,0.30874547362327576,-0.08888241648674011,0.4574371576309204,0.40429067611694336,-0.028843723237514496,0.504174530506134,0.3020259439945221,-0.08963751792907715,0.515750527381897,0.34532931447029114,-0.12592998147010803,0.5083168148994446,0.42620086669921875,-0.13701434433460236,0.39607346057891846,0.3873816132545471,-0.026336824521422386,0.4435792565345764,0.3838791251182556,-0.09346053749322891,0.4360545873641968,0.5083463788032532,-0.10720199346542358,0.42198026180267334,0.6051002740859985,-0.09891794621944427,0.3388943672180176,0.3910466134548187,-0.03305872902274132,0.3868198096752167,0.4025868773460388,-0.09663379192352295,0.37963783740997314,0.5244019031524658,-0.08638807386159897,0.3694778084754944,0.608437180519104,-0.06066494435071945,0.27955254912376404,0.4087972342967987,-0.04351089522242546,0.331296443939209,0.4183788299560547,-0.08629461377859116,0.3339329957962036,0.5135611295700073,-0.07670920342206955,0.3270409405231476,0.5748676657676697,-0.055561572313308716
0.33543872833251953,0.6999713182449341,-3.996522934812674e-07,0.41908326745033264,0.6524672508239746,-0.04072890058159828,0.48992180824279785,0.5317742824554443,-0.060299791395664215,0.4797578752040863,0.4118616580963135,-0.07934273034334183,0.4484097957611084,0.3213452696800232,-0.09370661526918411,0.45561933517456055,0.402412474155426,-0.02855503186583519,0.5009611248970032,0.3036081790924072,-0.08987834304571152,0.5126361846923828,0.3426612615585327,-0.12677308917045593,0.5069266557693481,0.42241370677948,-0.13803787529468536,0.3945823311805725,0.3863529860973358,-0.02582586742937565,0.44398409128189087,0.38499706983566284,-0.09355263411998749,0.4353497624397278,0.5090782046318054,-0.10685548186302185,0.4211955666542053,0.6061023473739624,-0.0976199209690094,0.3376305103302002,0.39051711559295654,-0.03250895068049431,0.3870967924594879,0.4042277932167053,-0.0963701382279396,0.379037082195282,0.5244778990745544,-0.08579087257385254,0.36857908964157104,0.6093231439590454,-0.05937779322266579,0.2784174680709839,0.4094376266002655,-0.04315249249339104,0.3301073908805847,0.42179450392723083,-0.08674588799476624,0.333243727684021,0.5163381695747375,-0.07761963456869125,0.327181875705719,0.5782922506332397,-0.05617522820830345
0.3359116315841675,0.6993614435195923,-4.436594736034749e-07,0.41953232884407043,0.6533368825912476,-0.041278522461652756,0.4917092025279999,0.5268153548240662,-0.060395535081624985,0.47735217213630676,0.40398237109184265,-0.07858450710773468,0.4416288435459137,0.31499963998794556,-0.0919746458530426,0.4569358229637146,0.40508320927619934,-0.029298949986696243,0.5025287866592407,0.3031091094017029,-0.0903189480304718,0.5121660232543945,0.3471062183380127,-0.12679724395275116,0.5041613578796387,0.4287566542625427,-0.1380077749490738,0.3953333795070648,0.3894531726837158,-0.026325684040784836,0.44306689500808716,0.3841259777545929,-0.09388961642980576,0.43489784002304077,0.5090970396995544,-0.1074351817369461,0.42105263471603394,0.6066338419914246,-0.09870891273021698,0.338378369808197,0.3936746418476105,-0.032772090286016464,0.3863353133201599,0.40276744961738586,-0.09661301970481873,0.3794349730014801,0.5244448184967041,-0.08643772453069687,0.3698742985725403,0.6095861196517944,-0.06063087657094002,0.27979958057403564,0.41225627064704895,-0.043069347739219666,0.3298328220844269,0.41989564895629883,-0.08671537041664124,0.33306461572647095,0.5153078436851501,-0.0776452049612999,0.3272894024848938,0.5774555206298828,-0.056643590331077576
0.335752010345459,0.699722170829773,-4.045926118578791e-07,0.41981104016304016,0.6526762247085571,-0.04074011370539665,0.49114468693733215,0.5299172401428223,-0.060334909707307816,0.4795425534248352,0.4091954827308655,-0.07923600822687149,0.4462999403476715,0.3197755217552185,-0.09355363249778748,0.45612335205078125,0.40442296862602234,-0.029674107208848,0.500290036201477,0.30375975370407104,-0.09064851701259613,0.5123775601387024,0.3422601819038391,-0.1270885318517685,0.5071430802345276,0.422052800655365,-0.13819707930088043,0.3946841061115265,0.38848844170570374,-0.026907464489340782,0.4433557391166687,0.3855682611465454,-0.09443876147270203,0.4351622462272644,0.5095902681350708,-0.1073445975780487,0.4210786819458008,0.6064491271972656,-0.09808158874511719,0.337664932012558,0.39247357845306396,-0.033486440777778625,0.38647568225860596,0.40380859375,-0.09743691235780716,0.37921231985092163,0.5242887139320374,-0.08671100437641144,0.3692983090877533,0.6091580390930176,-0.06042493134737015,0.27881181240081787,0.41100239753723145,-0.04394558072090149,0.3298571705818176,0.420005738735199,-0.0880216434597969,0.33320072293281555,0.5148521661758423,-0.07893797010183334,0.3270679712295532,0.5771546363830566,-0.057699210941791534
0.33239683508872986,0.7011390924453735,-4.3534905103115307e-07,0.4147164821624756,0.6516304612159729,-0.04124798998236656,0.4845958650112152,0.5255032777786255,-0.060658328235149384,0.4701787829399109,0.40222981572151184,-0.07913699001073837,0.43527302145957947,0.31171873211860657,-0.09284273535013199,0.4485083818435669,0.40547412633895874,-0.031197475269436836,0.49458447098731995,0.3005680441856384,-0.0928402692079544,0.5057864785194397,0.3449214696884155,-0.1296909898519516,0.49869030714035034,0.42633506655693054,-0.14106401801109314,0.38744330406188965,0.391101598739624,-0.028239374980330467,0.43368032574653625,0.3843073546886444,-0.09557301551103592,0.4264294505119324,0.5089484453201294,-0.10895977914333344,0.41348329186439514,0.605896532535553,-0.1005932167172432,0.3305821418762207,0.39715826511383057,-0.034537434577941895,0.37792593240737915,0.4033760130405426,-0.09812618046998978,0.3715346157550812,0.5248327851295471,-0.0871325433254242,0.36235418915748596,0.6095820665359497,-0.0610465481877327,0.271406352519989,0.4172220826148987,-0.044693440198898315,0.3218635618686676,0.4221799373626709,-0.08762679994106293,0.3258945345878601,0.5170891284942627,-0.07743323594331741,0.32054758071899414,0.5792828798294067,-0.05580493435263634
0.33413657546043396,0.6996697187423706,-4.096290524557844e-07,0.41734859347343445,0.6532047986984253,-0.03926601633429527,0.4877818524837494,0.5278573036193848,-0.05745426192879677,0.47450119256973267,0.406104177236557,-0.07533147186040878,0.44209498167037964,0.3162739872932434,-0.08843470364809036,0.45305395126342773,0.40791112184524536,-0.02745170332491398,0.4974687099456787,0.30182021856307983,-0.08793863654136658,0.5104433298110962,0.34154462814331055,-0.1238558292388916,0.505172848701477,0.4217950701713562,-0.13455916941165924,0.3919857144355774,0.39240992069244385,-0.025431348010897636,0.44000136852264404,0.385003000497818,-0.09288705140352249,0.43317970633506775,0.5089447498321533,-0.10586516559123993,0.42000612616539,0.6059938073158264,-0.09656955301761627,0.3354558050632477,0.3966035842895508,-0.032764285802841187,0.38528650999069214,0.4058777689933777,-0.09570768475532532,0.3780949115753174,0.526910126209259,-0.08484987169504166,0.36782127618789673,0.6109341979026794,-0.0585932582616806,0.2769634425640106,0.41470491886138916,-0.04392406716942787,0.3289477229118347,0.42442241311073303,-0.08555886894464493,0.3319430649280548,0.5178626179695129,-0.07573933899402618,0.3253811001777649,0.5784275531768799,-0.05447765439748764
0.3341487646102905,0.6982818841934204,-3.9787741457075754e-07,0.41859662532806396,0.651343584060669,-0.039533067494630814,0.49027562141418457,0.5260071158409119,-0.05792806297540665,0.47644537687301636,0.40436387062072754,-0.075681172311306,0.44141608476638794,0.3163658082485199,-0.08900552242994308,0.45319318771362305,0.40735185146331787,-0.029507890343666077,0.49646908044815063,0.3027309477329254,-0.08982016891241074,0.5084754824638367,0.3389463424682617,-0.12556692957878113,0.503082275390625,0.4165014326572418,-0.1363343894481659,0.3917885422706604,0.3916354775428772,-0.027229204773902893,0.4415294826030731,0.38481372594833374,-0.09491817653179169,0.43318358063697815,0.5081108808517456,-0.10786175727844238,0.418142706155777,0.6054696440696716,-0.09851691871881485,0.3352506756782532,0.39557310938835144,-0.03408081829547882,0.3853612244129181,0.40639305114746094,-0.09797412902116776,0.3775661289691925,0.5268542170524597,-0.08749490976333618,0.36693063378334045,0.611447274684906,-0.061328254640102386,0.2765251100063324,0.4131208658218384,-0.04460832476615906,0.3283698558807373,0.4216292202472687,-0.08773481845855713,0.3316570222377777,0.5160992741584778,-0.07826337963342667,0.32543861865997314,0.5783669352531433,-0.05703229829668999
0.334121972322464,0.7010866403579712,-3.6748011211784615e-07,0.41717928647994995,0.6544063687324524,-0.04024457931518555,0.488003671169281,0.5316803455352783,-0.059652574360370636,0.4767571687698364,0.41288474202156067,-0.0785311758518219,0.44453343749046326,0.32356977462768555,-0.0929071232676506,0.45220234990119934,0.40801677107810974,-0.02940995618700981,0.49348726868629456,0.3025028109550476,-0.09027615934610367,0.5070294737815857,0.3375239372253418,-0.12664201855659485,0.5039122104644775,0.4161238968372345,-0.137688547372818,0.39160940051078796,0.394002765417099,-0.02721342071890831,0.44227203726768494,0.38288941979408264,-0.09605645388364792,0.43428370356559753,0.5072498917579651,-0.10956085473299026,0.41983306407928467,0.6056956648826599,-0.10009721666574478,0.33545416593551636,0.39790239930152893,-0.03427857533097267,0.3857842683792114,0.40430572628974915,-0.0991155207157135,0.3771200478076935,0.524559497833252,-0.08868737518787384,0.36601337790489197,0.6092482209205627,-0.06223110854625702,0.2768837511539459,0.41509032249450684,-0.04508690908551216,0.32843366265296936,0.42096301913261414,-0.08901753276586533,0.3312409520149231,0.5153818130493164,-0.07946068048477173,0.32447540760040283,0.5785329341888428,-0.05787767469882965
0.3337208032608032,0.6974138021469116,-4.0886470742407255e-07,0.41652005910873413,0.6503549218177795,-0.04045451804995537,0.4875318706035614,0.5250952243804932,-0.05920516699552536,0.4738260507583618,0.4025459587574005,-0.07715478539466858,0.4385654330253601,0.31285354495048523,-0.09074893593788147,0.4517461061477661,0.40843692421913147,-0.028944235295057297,0.49452024698257446,0.30311310291290283,-0.08918891102075577,0.5076320171356201,0.3431427776813507,-0.12510274350643158,0.5034300088882446,0.4222621023654938,-0.13607436418533325,0.39096227288246155,0.39491990208625793,-0.02633306011557579,0.4371432662010193,0.38164693117141724,-0.09410902112722397,0.43038544058799744,0.5063382983207703,-0.10770019143819809,0.4175165891647339,0.6039881110191345,-0.09891946613788605,0.33441948890686035,0.3999742269515991,-0.03290389105677605,0.38088446855545044,0.401883602142334,-0.09792579710483551,0.3747415244579315,0.5242313742637634,-0.0877152681350708,0.3657992482185364,0.6091827750205994,-0.061414122581481934,0.2757413685321808,0.4183558523654938,-0.04300408437848091,0.32540440559387207,0.418094277381897,-0.08720836043357849,0.32967162132263184,0.5127869248390198,-0.07749180495738983,0.3238670229911804,0.5752052664756775,-0.05595548078417778
0.33708176016807556,0.6987276077270508,-4.145293814872275e-07,0.4215458333492279,0.6504148840904236,-0.040237683802843094,0.49082303047180176,0.526641309261322,-0.059165336191654205,0.4785916805267334,0.40644779801368713,-0.07762376219034195,0.44691580533981323,0.3162342309951782,-0.09126844257116318,0.453250527381897,0.4099219739437103,-0.030395129695534706,0.49986520409584045,0.3040562570095062,-0.09178054332733154,0.5128157734870911,0.3504562973976135,-0.12804217636585236,0.5073073506355286,0.4332405626773834,-0.13882604241371155,0.39311227202415466,0.3962557017803192,-0.028153283521533012,0.4437940716743469,0.3875947892665863,-0.09554397314786911,0.43571627140045166,0.5108662843704224,-0.10847605019807816,0.42136505246162415,0.6063295006752014,-0.09951391071081161,0.3368462920188904,0.40156280994415283,-0.03527973219752312,0.38749828934669495,0.40842071175575256,-0.09899072349071503,0.379404217004776,0.5279357433319092,-0.08828005939722061,0.36885756254196167,0.6109189987182617,-0.06209616735577583,0.278548926115036,0.41961145401000977,-0.046128567308187485,0.33110204339027405,0.422465056180954,-0.08832620084285736,0.33494487404823303,0.5155229568481445,-0.07772702723741531,0.3288959264755249,0.5775797367095947,-0.05587182939052582
0.33720266819000244,0.6992425918579102,-4.0864830452846945e-07,0.4218864440917969,0.6513874530792236,-0.039620209485292435,0.4920162558555603,0.5274709463119507,-0.05832085758447647,0.4786621332168579,0.4070286452770233,-0.07674355059862137,0.44579148292541504,0.3173452317714691,-0.09040334075689316,0.4531860649585724,0.4098443388938904,-0.028854893520474434,0.49989914894104004,0.30518046021461487,-0.08993393927812576,0.5132243633270264,0.3507803678512573,-0.12615643441677094,0.5077368021011353,0.4335373640060425,-0.1369190514087677,0.39292898774147034,0.3966815769672394,-0.026918089017271996,0.4444323480129242,0.38525402545928955,-0.09399721771478653,0.4368480145931244,0.5091156959533691,-0.10674872994422913,0.42210233211517334,0.6058424711227417,-0.09754796326160431,0.3368673324584961,0.40181007981300354,-0.034415438771247864,0.38925865292549133,0.4079890549182892,-0.09743163734674454,0.3813031315803528,0.5274102091789246,-0.0866648405790329,0.3700855076313019,0.6105049252510071,-0.06056324020028114,0.2790350914001465,0.4195544123649597,-0.045644111931324005,0.3334760069847107,0.42414310574531555,-0.08665219694375992,0.3365235924720764,0.5157008767127991,-0.07594427466392517,0.32906028628349304,0.5764707326889038,-0.054330892860889435
0.3370215892791748,0.6985834836959839,-4.0265229017677484e-07,0.4218756854534149,0.6515430212020874,-0.03973405063152313,0.49264368414878845,0.5275907516479492,-0.058533042669296265,0.4791589379310608,0.4069034159183502,-0.07692865282297134,0.44574183225631714,0.3173329830169678,-0.09059518575668335,0.45347923040390015,0.410347044467926,-0.029587384313344955,0.4994438886642456,0.30453747510910034,-0.0905073955655098,0.5127813816070557,0.3495783507823944,-0.12651751935482025,0.5076301693916321,0.4320773184299469,-0.1371893584728241,0.3929825723171234,0.3972434103488922,-0.02747921086847782,0.44430485367774963,0.38516321778297424,-0.09457619488239288,0.4371510148048401,0.509544849395752,-0.10722928494215012,0.42265573143959045,0.606436550617218,-0.09801066666841507,0.33678314089775085,0.4020727574825287,-0.03471636027097702,0.38889309763908386,0.40689149498939514,-0.09801861643791199,0.38128194212913513,0.527227520942688,-0.08708979189395905,0.37019890546798706,0.6110668182373047,-0.06087498739361763,0.2787700593471527,0.4193631708621979,-0.04565705358982086,0.3331625461578369,0.42358654737472534,-0.08739306777715683,0.336381196975708,0.5162746906280518,-0.07687211781740189,0.329007089138031,0.5779170989990234,-0.05529586970806122
0.33724164962768555,0.6983847618103027,-4.025167186227918e-07,0.42168837785720825,0.6512939929962158,-0.039549168199300766,0.4922923445701599,0.5284023880958557,-0.05841999500989914,0.479526549577713,0.4083472490310669,-0.0769788920879364,0.44658058881759644,0.3187527656555176,-0.09083753824234009,0.4529860019683838,0.4098578989505768,-0.029759755358099937,0.4993031322956085,0.3041578233242035,-0.09075456857681274,0.512820839881897,0.349289208650589,-0.12668542563915253,0.507821798324585,0.4316520690917969,-0.13722077012062073,0.39274537563323975,0.3969416618347168,-0.027828441932797432,0.44475266337394714,0.3851044178009033,-0.09497799724340439,0.43710601329803467,0.5095162391662598,-0.10748543590307236,0.4222756028175354,0.6063777208328247,-0.09806796908378601,0.336672842502594,0.4019268751144409,-0.03522359952330589,0.3891060948371887,0.4076700508594513,-0.09863857924938202,0.3810632526874542,0.527794599533081,-0.08769442141056061,0.3698306083679199,0.6114906072616577,-0.0613432340323925,0.2788281738758087,0.419302761554718,-0.04629310220479965,0.3333432078361511,0.42298513650894165,-0.08797482401132584,0.33645275235176086,0.5154427289962769,-0.07728263735771179,0.32895660400390625,0.5771462321281433,-0.055522821843624115
0.3372708857059479,0.6988303661346436,-4.1030318698176416e-07,0.422058641910553,0.6516565680503845,-0.03956453502178192,0.49280846118927,0.5289570093154907,-0.057563286274671555,0.47922444343566895,0.4101722836494446,-0.07527021318674088,0.44635000824928284,0.32333630323410034,-0.088211789727211,0.4566659927368164,0.4091781973838806,-0.026932012289762497,0.5009495615959167,0.30499565601348877,-0.08734799176454544,0.5137673616409302,0.3482617735862732,-0.12376797199249268,0.5085383057594299,0.4291011095046997,-0.13483187556266785,0.3956189453601837,0.3951978385448456,-0.024632232263684273,0.4428202509880066,0.38679423928260803,-0.09199655801057816,0.43645793199539185,0.510156512260437,-0.10612700134515762,0.4235760271549225,0.6064610481262207,-0.09771030396223068,0.3388884365558624,0.3999103009700775,-0.031654201447963715,0.3875199854373932,0.40637651085853577,-0.09530345350503922,0.38090333342552185,0.526343822479248,-0.08556655049324036,0.3709314167499542,0.6101236343383789,-0.05980909243226051,0.27979522943496704,0.41788214445114136,-0.04237567260861397,0.3324427008628845,0.4208710789680481,-0.0850522592663765,0.3361225128173828,0.5140495300292969,-0.07519563287496567,0.3293355703353882,0.5761082768440247,-0.05357947200536728
0.33760929107666016,0.6977415084838867,-4.0164073311643733e-07,0.4216395318508148,0.6522997617721558,-0.04017851874232292,0.49264901876449585,0.5290060043334961,-0.058697376400232315,0.47841426730155945,0.40896129608154297,-0.0766020119190216,0.4446600377559662,0.3211103081703186,-0.08978325128555298,0.4574122726917267,0.4088934659957886,-0.028304345905780792,0.5010948777198792,0.3060693144798279,-0.08854071795940399,0.5134289860725403,0.34815698862075806,-0.12471185624599457,0.5082937479019165,0.42844364047050476,-0.13586357235908508,0.3962380290031433,0.3939972519874573,-0.02587493695318699,0.4432804584503174,0.38631439208984375,-0.09329245984554291,0.4372381567955017,0.5100762844085693,-0.10711972415447235,0.424862265586853,0.6069352030754089,-0.09860995411872864,0.33943310379981995,0.39863449335098267,-0.032697536051273346,0.387625128030777,0.4065758287906647,-0.09652581810951233,0.38131335377693176,0.527074933052063,-0.08648032695055008,0.3717482089996338,0.6108571290969849,-0.06067296490073204,0.2807301878929138,0.4167797565460205,-0.04324275627732277,0.3327749967575073,0.42166417837142944,-0.086210235953331,0.3362652659416199,0.5154845118522644,-0.07641967386007309,0.32969969511032104,0.577358067035675,-0.055020350962877274
0.3375459313392639,0.6981724500656128,-3.869747047247074e-07,0.4217052757740021,0.6519376039505005,-0.03967997431755066,0.49243083596229553,0.5296077132225037,-0.058235298842191696,0.47854873538017273,0.41016703844070435,-0.0762956291437149,0.4447858929634094,0.32251614332199097,-0.08981915563344955,0.4565189480781555,0.409565806388855,-0.02836712822318077,0.500186562538147,0.30676352977752686,-0.0882708802819252,0.5132635831832886,0.34606993198394775,-0.12419725954532623,0.5091727375984192,0.4250398874282837,-0.13521574437618256,0.3958122134208679,0.3948529064655304,-0.026158533990383148,0.44422295689582825,0.3865934908390045,-0.09360261261463165,0.43747803568840027,0.5098429918289185,-0.10725124180316925,0.42445266246795654,0.607082724571228,-0.09849698841571808,0.3394007980823517,0.39933985471725464,-0.03308023884892464,0.38837963342666626,0.40655776858329773,-0.09713974595069885,0.3814113140106201,0.5267943739891052,-0.08708612620830536,0.37147971987724304,0.6112149953842163,-0.06108873337507248,0.2808942496776581,0.4170854687690735,-0.04363052174448967,0.3332210183143616,0.4205486476421356,-0.08680017292499542,0.3367990255355835,0.5140249729156494,-0.07691085338592529,0.3302716314792633,0.5766357779502869,-0.055316656827926636
0.3359902799129486,0.7000123262405396,-3.8010534808563534e-07,0.4191760718822479,0.6542749404907227,-0.03844103589653969,0.49152272939682007,0.5319695472717285,-0.056072913110256195,0.4804026782512665,0.41229718923568726,-0.0734427347779274,0.44616860151290894,0.3245457112789154,-0.08643262833356857,0.45561155676841736,0.41056957840919495,-0.02576909027993679,0.4998120963573456,0.30702006816864014,-0.08427907526493073,0.5131339430809021,0.34475991129875183,-0.11957604438066483,0.5089194178581238,0.42247891426086426,-0.1304187923669815,0.39563852548599243,0.3961322009563446,-0.023783767595887184,0.4449847936630249,0.38688209652900696,-0.08991559594869614,0.43897855281829834,0.5096525549888611,-0.10363905876874924,0.4257431626319885,0.6071426868438721,-0.09517304599285126,0.33960115909576416,0.4002268314361572,-0.03084474243223667,0.3898361623287201,0.4066471457481384,-0.09315547347068787,0.3829309344291687,0.526130199432373,-0.0831659734249115,0.37202006578445435,0.6100896000862122,-0.05771903321146965,0.2810676693916321,0.4176405370235443,-0.04152838513255119,0.33445149660110474,0.4236822724342346,-0.08332455903291702,0.33736318349838257,0.5161688327789307,-0.07370425760746002,0.3294548988342285,0.5774028301239014,-0.05270311236381531
0.33615151047706604,0.7009228467941284,-3.6931561453457107e-07,0.42031916975975037,0.6540625095367432,-0.039391811937093735,0.49213963747024536,0.5310253500938416,-0.057713814079761505,0.4808781147003174,0.41018325090408325,-0.07559633255004883,0.4475441575050354,0.32087188959121704,-0.0890691950917244,0.45594435930252075,0.411085307598114,-0.027242386713624,0.49945345520973206,0.3081071078777313,-0.08656422048807144,0.5128249526023865,0.3446357846260071,-0.12220952659845352,0.5090834498405457,0.42260491847991943,-0.13324186205863953,0.39554762840270996,0.39667096734046936,-0.02504098042845726,0.4446055293083191,0.38750043511390686,-0.09213779121637344,0.4385816156864166,0.5103291273117065,-0.10576070100069046,0.4254581034183502,0.6082931756973267,-0.09712997078895569,0.3392649292945862,0.4006537199020386,-0.03200770914554596,0.38950929045677185,0.40755289793014526,-0.09538525342941284,0.38244879245758057,0.5272938013076782,-0.08510381728410721,0.371702641248703,0.6117498278617859,-0.05926895886659622,0.2806612253189087,0.41793403029441833,-0.042686063796281815,0.3341628909111023,0.42399755120277405,-0.08549366146326065,0.33702120184898376,0.5169666409492493,-0.07605054974555969,0.3293745219707489,0.5786479711532593,-0.05503523722290993
0.3358447253704071,0.7007105350494385,-3.770592513774318e-07,0.4200054705142975,0.6541032791137695,-0.038933463394641876,0.4928310513496399,0.5307002067565918,-0.056836411356925964,0.48161500692367554,0.4098718464374542,-0.07430283725261688,0.4468304514884949,0.32214099168777466,-0.0874251127243042,0.4563406705856323,0.41050398349761963,-0.02703205496072769,0.5001987218856812,0.3082348108291626,-0.08609486371278763,0.5128492116928101,0.3457239866256714,-0.1216161847114563,0.5084776878356934,0.4233749508857727,-0.13265006244182587,0.3957522213459015,0.3959374725818634,-0.024967914447188377,0.44408735632896423,0.38684338331222534,-0.09193653613328934,0.43845945596694946,0.5096563100814819,-0.10584694147109985,0.4258323311805725,0.6080009937286377,-0.09744156897068024,0.33924490213394165,0.39989665150642395,-0.031956519931554794,0.388985276222229,0.40725839138031006,-0.0953802615404129,0.3824233114719391,0.5273489356040955,-0.08560759574174881,0.37211287021636963,0.6122546195983887,-0.06008908525109291,0.2804810404777527,0.41726961731910706,-0.042578812688589096,0.33363884687423706,0.4238418638706207,-0.08576073497533798,0.3367423415184021,0.5175702571868896,-0.07678994536399841,0.3295300304889679,0.5796188116073608,-0.05605926737189293
0.33576056361198425,0.7012375593185425,-3.9074583924048056e-07,0.4174107611179352,0.6560347676277161,-0.039507441222667694,0.48792654275894165,0.5366816520690918,-0.057803940027952194,0.4795517325401306,0.4178277850151062,-0.0755959078669548,0.45088791847229004,0.3279310166835785,-0.08876676112413406,0.45385903120040894,0.41142550110816956,-0.028282152488827705,0.4973609447479248,0.30646854639053345,-0.08767420798540115,0.5116101503372192,0.34669074416160583,-0.12336399406194687,0.5082300901412964,0.4255880117416382,-0.13425962626934052,0.39426687359809875,0.3967324495315552,-0.025887764990329742,0.4434979557991028,0.38995712995529175,-0.09299668669700623,0.43568122386932373,0.5131114721298218,-0.10669280588626862,0.4208862781524658,0.6091685891151428,-0.09813045710325241,0.337972491979599,0.4004449248313904,-0.03251606598496437,0.3873370289802551,0.4076845347881317,-0.09649969637393951,0.37922966480255127,0.5268005728721619,-0.08672844618558884,0.36789992451667786,0.6104027628898621,-0.060995373874902725,0.2791904807090759,0.41745710372924805,-0.042757730931043625,0.3313893973827362,0.42217957973480225,-0.08691144734621048,0.33454641699790955,0.5156236290931702,-0.077863909304142,0.32722342014312744,0.5780071020126343,-0.05660311505198479
0.3358269929885864,0.7031022310256958,-3.928683440790337e-07,0.4184790253639221,0.6567519903182983,-0.03945416212081909,0.4901139736175537,0.5324406623840332,-0.057654015719890594,0.4784063398838043,0.41106516122817993,-0.07544521987438202,0.44481053948402405,0.3223319351673126,-0.08883623778820038,0.45360153913497925,0.41277748346328735,-0.027822423726320267,0.4980664551258087,0.3077690005302429,-0.08714820444583893,0.5114167332649231,0.3450353741645813,-0.12250586599111557,0.5076743364334106,0.4226566255092621,-0.13325810432434082,0.39312320947647095,0.39918768405914307,-0.02565782517194748,0.4431447982788086,0.388322114944458,-0.09295118600130081,0.4355294108390808,0.511417031288147,-0.10630723834037781,0.42129650712013245,0.6085002422332764,-0.09743568301200867,0.33703696727752686,0.4037129580974579,-0.032607149332761765,0.3879120945930481,0.4070240557193756,-0.09662377834320068,0.37978261709213257,0.5271463394165039,-0.08646214008331299,0.3684259355068207,0.6115010976791382,-0.060490526258945465,0.27872031927108765,0.4211439788341522,-0.043128930032253265,0.33192935585975647,0.4224398136138916,-0.08636624366044998,0.33507728576660156,0.5152531862258911,-0.07669159024953842,0.32762184739112854,0.5772995948791504,-0.05536666885018349
0.3368366062641144,0.7000609040260315,-3.991253265667183e-07,0.42163681983947754,0.6510576605796814,-0.0398472398519516,0.49034416675567627,0.5288405418395996,-0.05861913412809372,0.47720128297805786,0.4086698889732361,-0.0769469141960144,0.44377565383911133,0.31994563341140747,-0.09073349833488464,0.4544100761413574,0.41286522150039673,-0.029352247714996338,0.49767428636550903,0.30689477920532227,-0.08982403576374054,0.5107871294021606,0.3484991192817688,-0.12563687562942505,0.5067398548126221,0.42829880118370056,-0.13644565641880035,0.39401862025260925,0.3987717926502228,-0.02696683444082737,0.4416154623031616,0.389045387506485,-0.09451675415039062,0.43451815843582153,0.512938916683197,-0.10752949863672256,0.4213050305843353,0.6097882390022278,-0.09851779043674469,0.3374815285205841,0.402904212474823,-0.03383632376790047,0.3861674964427948,0.40909144282341003,-0.0978546291589737,0.3785530924797058,0.5293607115745544,-0.08733023703098297,0.3685348331928253,0.6134729385375977,-0.061149127781391144,0.27893123030662537,0.4199574589729309,-0.044394414871931076,0.3298324644565582,0.42349913716316223,-0.08759252727031708,0.33335354924201965,0.516977846622467,-0.07794620096683502,0.327223539352417,0.5793744921684265,-0.05663603916764259
0.3365935683250427,0.6989156603813171,-3.9969438603293383e-07,0.42012396454811096,0.6518195271492004,-0.03993890434503555,0.48874354362487793,0.5307586789131165,-0.05875793844461441,0.4756115674972534,0.4113790690898895,-0.07706677168607712,0.4427020847797394,0.32284465432167053,-0.09076078981161118,0.45375949144363403,0.4121646285057068,-0.02942969650030136,0.4974449872970581,0.30603307485580444,-0.08957131206989288,0.5109057426452637,0.3483249545097351,-0.12533047795295715,0.506841242313385,0.427775114774704,-0.13616405427455902,0.3937150239944458,0.3979003429412842,-0.026949424296617508,0.44171446561813354,0.3889811336994171,-0.09418480098247528,0.43453389406204224,0.5129415988922119,-0.10739605873823166,0.42115694284439087,0.6089646816253662,-0.09853460639715195,0.33749809861183167,0.40228530764579773,-0.03362501412630081,0.38582202792167664,0.4088314175605774,-0.09701602905988693,0.3784593641757965,0.5288037061691284,-0.08644287288188934,0.36850881576538086,0.6119449138641357,-0.060322292149066925,0.2792831063270569,0.4196356534957886,-0.043996695429086685,0.32992395758628845,0.4232211112976074,-0.08624134212732315,0.33336228132247925,0.5159688591957092,-0.07608417421579361,0.3269885182380676,0.5774543881416321,-0.05451410263776779
0.33669301867485046,0.6983494758605957,-4.072531396559498e-07,0.42026856541633606,0.6515878438949585,-0.04018114507198334,0.4886888861656189,0.53089839220047,-0.05911664664745331,0.47539064288139343,0.41124197840690613,-0.07749583572149277,0.44318562746047974,0.3224065601825714,-0.091221384704113,0.45388373732566833,0.41123777627944946,-0.029543710872530937,0.4983610510826111,0.30626797676086426,-0.08981849998235703,0.511505663394928,0.349211186170578,-0.1256415992975235,0.5070947408676147,0.4288683235645294,-0.1364450454711914,0.3938000500202179,0.3968448340892792,-0.026904750615358353,0.4419156312942505,0.3895507752895355,-0.09394475817680359,0.43407687544822693,0.513036847114563,-0.10695949196815491,0.42048370838165283,0.6088047027587891,-0.09801280498504639,0.337504118680954,0.4013859033584595,-0.033478133380413055,0.38619014620780945,0.4096403121948242,-0.09672552347183228,0.3785735070705414,0.5294204354286194,-0.08610893785953522,0.36871084570884705,0.6127082705497742,-0.059956517070531845,0.2793976962566376,0.41904279589653015,-0.04378701373934746,0.3302280008792877,0.4233298897743225,-0.08592234551906586,0.33376842737197876,0.5159198641777039,-0.07582373172044754,0.3276827931404114,0.5773666501045227,-0.05426819249987602
0.3355766236782074,0.7018394470214844,-4.101932233879779e-07,0.4174467623233795,0.6562445163726807,-0.039472490549087524,0.48661983013153076,0.5342564582824707,-0.05786745622754097,0.4757990837097168,0.41576531529426575,-0.07585057616233826,0.44555360078811646,0.3254758417606354,-0.08899333328008652,0.452572226524353,0.40965184569358826,-0.027928555384278297,0.49813026189804077,0.306300550699234,-0.0877925381064415,0.5118165016174316,0.3499780595302582,-0.12335024029016495,0.5071338415145874,0.4305720627307892,-0.13384783267974854,0.39299240708351135,0.3951764702796936,-0.025765279307961464,0.4430650472640991,0.3879741132259369,-0.09225237369537354,0.43520987033843994,0.5125524997711182,-0.10501100867986679,0.4211766719818115,0.6088199615478516,-0.09567288309335709,0.33704715967178345,0.4002072811126709,-0.03285221382975578,0.3875578045845032,0.40983837842941284,-0.09544756263494492,0.379429429769516,0.5301307439804077,-0.08474992215633392,0.3687245547771454,0.6131043434143066,-0.0585661455988884,0.2793046832084656,0.4191257953643799,-0.04367214813828468,0.33254778385162354,0.42514562606811523,-0.08510730415582657,0.3353017568588257,0.5177661776542664,-0.07475056499242783,0.32791629433631897,0.5788823962211609,-0.05306233838200569
0.3350595235824585,0.7032194137573242,-4.13684034583639e-07,0.4180465042591095,0.6559607982635498,-0.03903535008430481,0.4877682030200958,0.5336570739746094,-0.05745020881295204,0.4760395288467407,0.41505759954452515,-0.07558075338602066,0.4441061317920685,0.3259841203689575,-0.08891727775335312,0.4534738063812256,0.4105226993560791,-0.02736576460301876,0.4983985722064972,0.3066662549972534,-0.08764294534921646,0.5115588307380676,0.34987661242485046,-0.12359673529863358,0.5065683722496033,0.430639386177063,-0.13439226150512695,0.39327874779701233,0.396149218082428,-0.02553429640829563,0.4428826570510864,0.38693439960479736,-0.09253045171499252,0.4351499378681183,0.5117404460906982,-0.10554571449756622,0.42107099294662476,0.6087943911552429,-0.09628549218177795,0.33698225021362305,0.401064395904541,-0.03300504386425018,0.3869597613811493,0.40935906767845154,-0.0957724079489708,0.37923651933670044,0.5293514132499695,-0.08511672168970108,0.3686627149581909,0.6123228073120117,-0.05901993438601494,0.27866947650909424,0.4197935163974762,-0.044204600155353546,0.33076760172843933,0.42600250244140625,-0.08571797609329224,0.3339137136936188,0.5188303589820862,-0.07540438324213028,0.327241450548172,0.5796123147010803,-0.05380987003445625
0.3347810208797455,0.7039793729782104,-4.08851661859444e-07,0.4178660809993744,0.6557237505912781,-0.03881596401333809,0.48779377341270447,0.5336408019065857,-0.05749993771314621,0.4765232503414154,0.41499316692352295,-0.07591363787651062,0.44334349036216736,0.32627493143081665,-0.08960121124982834,0.45311954617500305,0.41075244545936584,-0.028222844004631042,0.49820441007614136,0.3073873519897461,-0.08875834941864014,0.5113468170166016,0.34949779510498047,-0.1247791051864624,0.5064240097999573,0.42965808510780334,-0.13565468788146973,0.39298826456069946,0.3964875042438507,-0.026613812893629074,0.443240225315094,0.3865226209163666,-0.09397747367620468,0.4358607530593872,0.5114077925682068,-0.10696792602539062,0.42180830240249634,0.6093246936798096,-0.09766753017902374,0.33677563071250916,0.40133437514305115,-0.034199755638837814,0.3872385323047638,0.40861427783966064,-0.09723663330078125,0.3799385130405426,0.5285508632659912,-0.08644704520702362,0.36943358182907104,0.6120693683624268,-0.0602247416973114,0.2785387635231018,0.42003530263900757,-0.045480284839868546,0.33067840337753296,0.42530331015586853,-0.08721578866243362,0.3337489664554596,0.5178338289260864,-0.07690749317407608,0.3267761468887329,0.5786523222923279,-0.055328916758298874
0.334648460149765,0.7043116092681885,-4.0634279230289394e-07,0.4175173342227936,0.6558859348297119,-0.03855622187256813,0.4875156283378601,0.533117413520813,-0.05690968409180641,0.4764661192893982,0.414442241191864,-0.07507253438234329,0.4431135058403015,0.32622408866882324,-0.08845794200897217,0.4528047740459442,0.4110334813594818,-0.02747119776904583,0.4982587993144989,0.30731073021888733,-0.08801472187042236,0.5114092230796814,0.34995266795158386,-0.12405068427324295,0.5063685178756714,0.430319607257843,-0.1349266767501831,0.3927168846130371,0.3970155417919159,-0.025985589250922203,0.44273439049720764,0.3858569264411926,-0.09351995587348938,0.4356575608253479,0.5109970569610596,-0.10661858320236206,0.4218912124633789,0.6091300249099731,-0.09729218482971191,0.3365757465362549,0.40185242891311646,-0.03372705355286598,0.38711363077163696,0.4080605208873749,-0.09697280824184418,0.37991267442703247,0.5285940170288086,-0.08618417382240295,0.36944180727005005,0.6123862266540527,-0.05984340235590935,0.27845999598503113,0.42050978541374207,-0.0451541468501091,0.33100825548171997,0.4258688986301422,-0.0871228277683258,0.33382049202919006,0.518795371055603,-0.0768926590681076,0.32657837867736816,0.5798032283782959,-0.05528922751545906
0.33562007546424866,0.7031316757202148,-4.0678244772607286e-07,0.42127740383148193,0.6542947292327881,-0.039669524878263474,0.49162089824676514,0.5301529765129089,-0.05891633406281471,0.477031946182251,0.4089755117893219,-0.07787849754095078,0.441741406917572,0.320046603679657,-0.09228678047657013,0.45468151569366455,0.4140990674495697,-0.02883506566286087,0.4988517761230469,0.308462917804718,-0.08978938311338425,0.5113447904586792,0.3488008379936218,-0.12603415548801422,0.5058562159538269,0.4289211928844452,-0.1371079534292221,0.39369750022888184,0.39996588230133057,-0.026856550946831703,0.4424912929534912,0.3872520327568054,-0.09429309517145157,0.4350568652153015,0.5111281871795654,-0.10731067508459091,0.42053085565567017,0.608263373374939,-0.09841073304414749,0.3373689651489258,0.4043630361557007,-0.03421735391020775,0.38765639066696167,0.4063031077384949,-0.09772829711437225,0.3804784119129181,0.5268094539642334,-0.08664235472679138,0.36957627534866333,0.6113773584365845,-0.060433804988861084,0.2787898778915405,0.4222767949104309,-0.045284710824489594,0.3307299315929413,0.4240969121456146,-0.087492436170578,0.3338639438152313,0.516054630279541,-0.0771857425570488,0.32660096883773804,0.5769017934799194,-0.055824633687734604
0.33550533652305603,0.7006697058677673,-3.983156204867555e-07,0.4196251630783081,0.6542215943336487,-0.03991198167204857,0.4896877706050873,0.5332396626472473,-0.05920930579304695,0.4769175946712494,0.412614643573761,-0.07802066951990128,0.4441748857498169,0.32264047861099243,-0.09230522811412811,0.45507168769836426,0.41404882073402405,-0.02928747422993183,0.4980219900608063,0.3077305257320404,-0.08937949687242508,0.5104051232337952,0.34620046615600586,-0.12494388967752457,0.5056793093681335,0.42523446679115295,-0.1356191337108612,0.39452168345451355,0.39935219287872314,-0.026689883321523666,0.4426436722278595,0.3889419138431549,-0.09384207427501678,0.4348405599594116,0.5124205350875854,-0.10682977735996246,0.4208289682865143,0.6092551350593567,-0.09780966490507126,0.3384407162666321,0.40281376242637634,-0.03324556723237038,0.38748064637184143,0.40706372261047363,-0.09682152420282364,0.38034072518348694,0.527222752571106,-0.08616780489683151,0.3700586259365082,0.6123176217079163,-0.06007567420601845,0.27991724014282227,0.4199202060699463,-0.04348478093743324,0.33112549781799316,0.4241921901702881,-0.0869530662894249,0.3345538377761841,0.5179965496063232,-0.07761763781309128,0.32809457182884216,0.580869197845459,-0.05646394565701485
0.33526358008384705,0.6996541023254395,-3.9224084957822924e-07,0.41917020082473755,0.6549639701843262,-0.04084746539592743,0.49034038186073303,0.5333223938941956,-0.06029253453016281,0.4775388836860657,0.41259074211120605,-0.07897097617387772,0.4445907473564148,0.3229241967201233,-0.09303315728902817,0.4541289210319519,0.41353434324264526,-0.031118720769882202,0.4983406066894531,0.307201087474823,-0.09187810122966766,0.5106756091117859,0.3462110161781311,-0.12790143489837646,0.5053778886795044,0.425240159034729,-0.13885660469532013,0.3937404751777649,0.3984439969062805,-0.028281940147280693,0.44303572177886963,0.3894149959087372,-0.09621559828519821,0.43514078855514526,0.5129289031028748,-0.1094832569360733,0.4204402267932892,0.6099292039871216,-0.10059019178152084,0.337854266166687,0.4021236300468445,-0.03463316708803177,0.3880136013031006,0.4078035354614258,-0.09852239489555359,0.38037437200546265,0.5281009078025818,-0.08781728148460388,0.36916816234588623,0.6127855777740479,-0.06170215830206871,0.2794933319091797,0.4191576838493347,-0.0447811484336853,0.33199673891067505,0.4246331453323364,-0.08817155659198761,0.33489543199539185,0.5183603167533875,-0.0786922350525856,0.3276854157447815,0.5806344151496887,-0.057510651648044586
0.3345393240451813,0.7002632021903992,-3.7813993003510404e-07,0.41862931847572327,0.6562013030052185,-0.04052284359931946,0.4914786219596863,0.5325551629066467,-0.059157632291316986,0.47908663749694824,0.41092920303344727,-0.07705429196357727,0.44516968727111816,0.3216862082481384,-0.09057608246803284,0.45494914054870605,0.4119603633880615,-0.028548970818519592,0.4982033967971802,0.3079527020454407,-0.0883532464504242,0.5118193626403809,0.34553006291389465,-0.12454220652580261,0.5085049271583557,0.4250584840774536,-0.1358390897512436,0.39387550950050354,0.3966749608516693,-0.025726817548274994,0.44306451082229614,0.38791921734809875,-0.09319254010915756,0.4359269440174103,0.5113649964332581,-0.10708368569612503,0.42233556509017944,0.608961820602417,-0.09860343486070633,0.33746057748794556,0.4006700813770294,-0.03208919242024422,0.38734155893325806,0.4057149887084961,-0.09617225080728531,0.3794242739677429,0.5266037583351135,-0.08615284413099289,0.368614137172699,0.6115204691886902,-0.0604015551507473,0.2789379358291626,0.41765081882476807,-0.04214801639318466,0.3320677876472473,0.42229098081588745,-0.08579477667808533,0.3349393606185913,0.5163871049880981,-0.07635684311389923,0.32777708768844604,0.5790264010429382,-0.0551547035574913
0.33613768219947815,0.7041703462600708,-4.0458508010488003e-07,0.42037200927734375,0.6571842432022095,-0.03973803669214249,0.4909316897392273,0.5313860774040222,-0.058221857994794846,0.47878122329711914,0.40959644317626953,-0.07609682530164719,0.44613364338874817,0.3193129301071167,-0.08931121975183487,0.4562780261039734,0.4104296565055847,-0.02862870879471302,0.503949761390686,0.3111610412597656,-0.0889609307050705,0.5150231122970581,0.35209208726882935,-0.1251358687877655,0.508335530757904,0.43209582567214966,-0.1363285779953003,0.39526432752609253,0.3938179910182953,-0.026199813932180405,0.4451112151145935,0.39275404810905457,-0.09268539398908615,0.4370337128639221,0.5156973600387573,-0.10587529838085175,0.4233969748020172,0.6119658350944519,-0.0974046066403389,0.33835840225219727,0.3978766202926636,-0.03304846212267876,0.3889044225215912,0.4107016324996948,-0.09520111232995987,0.38076335191726685,0.528877854347229,-0.08464260399341583,0.3698734641075134,0.6112154126167297,-0.059255458414554596,0.27955812215805054,0.4162300229072571,-0.043725982308387756,0.3337818384170532,0.42631402611732483,-0.08505228906869888,0.33641165494918823,0.5184344053268433,-0.07515020668506622,0.3292544186115265,0.5782156586647034,-0.05419234558939934
0.337002694606781,0.7047234773635864,-4.1431562181060144e-07,0.42143765091896057,0.6560935974121094,-0.03952879458665848,0.4915381073951721,0.5295923352241516,-0.057941608130931854,0.47937172651290894,0.408271849155426,-0.07583080977201462,0.4461265504360199,0.3190222978591919,-0.08904679119586945,0.45590201020240784,0.4105001986026764,-0.02861008048057556,0.5031449794769287,0.3093417286872864,-0.08894645422697067,0.5142911076545715,0.3518756031990051,-0.12488573789596558,0.5073254704475403,0.43269070982933044,-0.1357727348804474,0.3950936496257782,0.3953237533569336,-0.026229195296764374,0.4444052577018738,0.3916743993759155,-0.09243352711200714,0.43670547008514404,0.5155177712440491,-0.10534845292568207,0.4230935275554657,0.6122999787330627,-0.09675218909978867,0.3381136655807495,0.40016523003578186,-0.0331326425075531,0.38823115825653076,0.40935343503952026,-0.09567125141620636,0.3808835446834564,0.5285289883613586,-0.08516837656497955,0.37071412801742554,0.6121019721031189,-0.059653934091329575,0.2792152166366577,0.4190725088119507,-0.04375714063644409,0.33291247487068176,0.4249458909034729,-0.08583829551935196,0.33670759201049805,0.5175425410270691,-0.07602144032716751,0.33039799332618713,0.578912079334259,-0.05494947358965874
0.3362029790878296,0.7054044008255005,-4.244957665378024e-07,0.42161625623703003,0.6552766561508179,-0.03896208480000496,0.4915585517883301,0.5288589000701904,-0.057096026837825775,0.4789007604122162,0.4078350365161896,-0.07489971816539764,0.4454612731933594,0.31887465715408325,-0.08803868293762207,0.4557763338088989,0.4106544554233551,-0.027791816741228104,0.5031580328941345,0.30955827236175537,-0.08820796757936478,0.5146397948265076,0.35322561860084534,-0.12440881133079529,0.5076680183410645,0.4345705211162567,-0.13547520339488983,0.3951413035392761,0.3953678011894226,-0.025667717680335045,0.44462689757347107,0.39175307750701904,-0.09167997539043427,0.43666207790374756,0.5154023766517639,-0.10472074151039124,0.4224119186401367,0.6118996143341064,-0.09631997346878052,0.33828699588775635,0.4001094400882721,-0.03283203765749931,0.38870829343795776,0.4091218411922455,-0.09516847133636475,0.38111764192581177,0.5281375050544739,-0.08471518009901047,0.3704579174518585,0.6118752956390381,-0.059311315417289734,0.27928149700164795,0.4188828766345978,-0.04371232911944389,0.3333907425403595,0.4254625141620636,-0.08568094670772552,0.33708566427230835,0.5179534554481506,-0.07590517401695251,0.33049699664115906,0.5794334411621094,-0.05487688258290291
0.3347584009170532,0.7050975561141968,-4.032061440284451e-07,0.42105671763420105,0.6540595293045044,-0.03761672601103783,0.49232417345046997,0.5300635099411011,-0.05503435060381889,0.48052263259887695,0.4098561108112335,-0.07244310528039932,0.44677481055259705,0.32114726305007935,-0.08543244749307632,0.45493167638778687,0.41148945689201355,-0.02610388770699501,0.5009061694145203,0.31147581338882446,-0.08632329106330872,0.5126833319664001,0.34959930181503296,-0.12206690013408661,0.5061067342758179,0.428132027387619,-0.13271164894104004,0.39414364099502563,0.39584821462631226,-0.024728918448090553,0.4435308277606964,0.38798630237579346,-0.09172868728637695,0.43700000643730164,0.5124568939208984,-0.10486187040805817,0.423370361328125,0.611952006816864,-0.09571404755115509,0.3373532295227051,0.3996883034706116,-0.032530467957258224,0.3877088725566864,0.4102385938167572,-0.09608101099729538,0.3806750178337097,0.530993640422821,-0.08596118539571762,0.3701913058757782,0.6164402365684509,-0.059930138289928436,0.2778395414352417,0.41739869117736816,-0.04389412701129913,0.33174991607666016,0.42509278655052185,-0.08661749958992004,0.33516937494277954,0.5193110108375549,-0.07714243978261948,0.32800164818763733,0.5826040506362915,-0.055909931659698486
0.3344273567199707,0.7047230005264282,-4.099801742540876e-07,0.4199907183647156,0.6558798551559448,-0.03766236826777458,0.4926473796367645,0.5305154323577881,-0.05480275675654411,0.4807116389274597,0.4093325734138489,-0.07175587117671967,0.4453083276748657,0.3218419551849365,-0.08424331247806549,0.4547877311706543,0.4129233658313751,-0.027166880667209625,0.5016820430755615,0.3113483190536499,-0.0869249552488327,0.5126198530197144,0.35238850116729736,-0.12216472625732422,0.5050554275512695,0.43125927448272705,-0.13263064622879028,0.39382103085517883,0.397855281829834,-0.02570837177336216,0.44235867261886597,0.3877360224723816,-0.09225964546203613,0.4367414116859436,0.5126329064369202,-0.10537577420473099,0.42398786544799805,0.6118300557136536,-0.09650424867868423,0.33697935938835144,0.40165355801582336,-0.03328045830130577,0.3869963586330414,0.4092720150947571,-0.09652122855186462,0.38070130348205566,0.5310777425765991,-0.0864516943693161,0.3704119920730591,0.6166472434997559,-0.060689158737659454,0.27771133184432983,0.41899919509887695,-0.04434657841920853,0.331733763217926,0.42421451210975647,-0.0870380848646164,0.3351084291934967,0.5189085006713867,-0.07760336250066757,0.32776519656181335,0.582200825214386,-0.056586410850286484
0.33452555537223816,0.705053985118866,-4.017915102849656e-07,0.42010414600372314,0.6557986736297607,-0.03761456161737442,0.49250176548957825,0.5313039422035217,-0.05483600124716759,0.48110175132751465,0.41065287590026855,-0.07192645221948624,0.4463452398777008,0.3229701519012451,-0.08464056253433228,0.4548575282096863,0.41311755776405334,-0.027041979134082794,0.5010843873023987,0.31130242347717285,-0.08667770773172379,0.5123268961906433,0.3498843312263489,-0.1219039112329483,0.5052454471588135,0.42757338285446167,-0.13237375020980835,0.39404672384262085,0.3977605104446411,-0.025583842769265175,0.44242581725120544,0.3886168897151947,-0.09219630807638168,0.43644922971725464,0.513057291507721,-0.10525153577327728,0.42346975207328796,0.6119140982627869,-0.09628556668758392,0.33724361658096313,0.40148454904556274,-0.03314119577407837,0.3870042562484741,0.4099411964416504,-0.09638063609600067,0.3804669678211212,0.5313442945480347,-0.08618864417076111,0.37022748589515686,0.6169593930244446,-0.060294054448604584,0.2778685688972473,0.418714702129364,-0.04421750456094742,0.3314085900783539,0.42430579662323,-0.08694016933441162,0.3349546790122986,0.5187300443649292,-0.0774899423122406,0.3279169499874115,0.5821229815483093,-0.05638284236192703
0.3336302638053894,0.7009785175323486,-4.0369499743064807e-07,0.4162815809249878,0.655270516872406,-0.03990799933671951,0.48779451847076416,0.53376305103302,-0.05889381468296051,0.4765033721923828,0.41264817118644714,-0.07730064541101456,0.44341886043548584,0.3220645487308502,-0.09105708450078964,0.45253002643585205,0.4134635627269745,-0.02951197326183319,0.49697232246398926,0.3068810999393463,-0.08963774889707565,0.5092069506645203,0.34889209270477295,-0.12518499791622162,0.5039889216423035,0.42759454250335693,-0.1360185295343399,0.39276111125946045,0.3996523916721344,-0.02715206705033779,0.44025570154190063,0.38743478059768677,-0.09455682337284088,0.4329822361469269,0.5116212964057922,-0.1080770343542099,0.4196048974990845,0.6079273819923401,-0.09956848621368408,0.33670297265052795,0.4035865068435669,-0.03386516869068146,0.3852553069591522,0.406706303358078,-0.0980324074625969,0.37854424118995667,0.5275026559829712,-0.08771655708551407,0.36852747201919556,0.6119092106819153,-0.061753708869218826,0.2783004939556122,0.42061495780944824,-0.04419069364666939,0.329921692609787,0.42438212037086487,-0.08832492679357529,0.33372125029563904,0.5190081000328064,-0.07923946529626846,0.32753902673721313,0.5814807415008545,-0.058205217123031616
0.3343995213508606,0.7019251585006714,-3.8306828287204553e-07,0.4158315360546112,0.6565435528755188,-0.03987515717744827,0.48683151602745056,0.5356730222702026,-0.05877191945910454,0.4785417318344116,0.4171800911426544,-0.07718587666749954,0.4474667012691498,0.3273857831954956,-0.0909254178404808,0.4510551989078522,0.41024571657180786,-0.030159031972289085,0.4966616928577423,0.30628615617752075,-0.09079855680465698,0.5097234845161438,0.34569084644317627,-0.1268152892589569,0.5045167207717896,0.42475852370262146,-0.13758882880210876,0.3914688229560852,0.39519020915031433,-0.027780883014202118,0.44163092970848083,0.38873571157455444,-0.0950925275683403,0.4338025450706482,0.512243390083313,-0.10786532610654831,0.41942936182022095,0.6087345480918884,-0.09856873005628586,0.3355279266834259,0.3993205428123474,-0.034578148275613785,0.3863411545753479,0.4104139506816864,-0.0978085845708847,0.37823399901390076,0.5300742387771606,-0.08687324076890945,0.36707261204719543,0.6136245131492615,-0.060547906905412674,0.27711641788482666,0.41645145416259766,-0.04520706087350845,0.3300304710865021,0.4258778393268585,-0.0876307561993599,0.33312955498695374,0.5184177756309509,-0.07779289036989212,0.32608741521835327,0.5794746279716492,-0.0563068613409996
0.334532231092453,0.7031131982803345,-4.1328914335281297e-07,0.4159637689590454,0.6564083695411682,-0.03994535654783249,0.4863336980342865,0.5315971374511719,-0.05828668177127838,0.4744681417942047,0.4113442301750183,-0.07638879120349884,0.4411890506744385,0.32257747650146484,-0.08944513648748398,0.45194345712661743,0.41336578130722046,-0.02767740748822689,0.4981158971786499,0.3053562641143799,-0.08888848125934601,0.5107119083404541,0.3508620858192444,-0.12540294229984283,0.5040329098701477,0.4335368871688843,-0.13636653125286102,0.39186394214630127,0.39966729283332825,-0.025505132973194122,0.4404039978981018,0.3873223066329956,-0.09309039264917374,0.43318042159080505,0.5115422606468201,-0.10649660229682922,0.4192533791065216,0.6075804233551025,-0.09763545542955399,0.33590418100357056,0.4038796126842499,-0.03289126232266426,0.3860994279384613,0.4076962471008301,-0.09602926671504974,0.37838736176490784,0.5276880264282227,-0.08528538048267365,0.3671342432498932,0.6106684803962708,-0.05921338126063347,0.2774694561958313,0.4207115173339844,-0.04415813833475113,0.33070364594459534,0.4256306290626526,-0.08592519909143448,0.3335190415382385,0.5177580118179321,-0.07568350434303284,0.3260098397731781,0.5782191753387451,-0.05416088178753853
0.3342534601688385,0.7037712335586548,-3.767428040646337e-07,0.4202193319797516,0.6531242728233337,-0.04000944271683693,0.48987460136413574,0.5297091007232666,-0.05925297737121582,0.47520798444747925,0.41013002395629883,-0.07828821241855621,0.4405934512615204,0.3218998908996582,-0.0928657203912735,0.45129191875457764,0.4118504524230957,-0.028607333078980446,0.49543264508247375,0.30715927481651306,-0.09011324495077133,0.509562611579895,0.3477326035499573,-0.12709195911884308,0.5063269734382629,0.4276927411556244,-0.1386241763830185,0.3907497227191925,0.39896464347839355,-0.026820918545126915,0.4419199228286743,0.38620033860206604,-0.09584714472293854,0.4340238571166992,0.5099152326583862,-0.11005398631095886,0.4192185401916504,0.6076555848121643,-0.10141358524560928,0.3350936770439148,0.40392372012138367,-0.034426793456077576,0.38639920949935913,0.40723511576652527,-0.09951625019311905,0.37799519300460815,0.5275272727012634,-0.08949323743581772,0.3664521872997284,0.6123560667037964,-0.06333468109369278,0.2768703103065491,0.42139899730682373,-0.04574256390333176,0.32957592606544495,0.42362093925476074,-0.08906364440917969,0.33319520950317383,0.5164875984191895,-0.07914045453071594,0.326478511095047,0.5788385272026062,-0.057581473141908646
0.33427754044532776,0.7022086381912231,-3.73905635342453e-07,0.4198286533355713,0.6536624431610107,-0.04097794368863106,0.49029645323753357,0.5295469760894775,-0.060655128210783005,0.4743492901325226,0.4090321362018585,-0.07973319292068481,0.4387945532798767,0.3206225633621216,-0.09428909420967102,0.4532323181629181,0.4110987186431885,-0.02863437496125698,0.4958471655845642,0.30732613801956177,-0.09027298539876938,0.5091342926025391,0.3461320102214813,-0.1273796111345291,0.5056528449058533,0.4259265065193176,-0.13901947438716888,0.39212873578071594,0.3978882133960724,-0.026354415342211723,0.44192126393318176,0.3849064111709595,-0.0961943045258522,0.4343743324279785,0.5102431178092957,-0.11071767657995224,0.42016538977622986,0.6093522310256958,-0.1019313782453537,0.3362032175064087,0.40267103910446167,-0.0335368774831295,0.385916143655777,0.40662682056427,-0.09979161620140076,0.3781457245349884,0.5288212299346924,-0.08976797759532928,0.3673401474952698,0.6143048405647278,-0.06321882456541061,0.27792519330978394,0.42016181349754333,-0.04441916197538376,0.32991787791252136,0.42290887236595154,-0.0889798030257225,0.33353161811828613,0.5172489881515503,-0.07922162115573883,0.327045738697052,0.5796093940734863,-0.0574878565967083
0.3339022397994995,0.7013158798217773,-3.6324473740023677e-07,0.418743759393692,0.653674840927124,-0.04058191925287247,0.48926669359207153,0.5330471992492676,-0.06033226102590561,0.4762731194496155,0.41390055418014526,-0.07936641573905945,0.4425669014453888,0.32543066143989563,-0.09402009844779968,0.4528469145298004,0.410316526889801,-0.0301972683519125,0.49563363194465637,0.3078974485397339,-0.09130970388650894,0.5090570449829102,0.3454952836036682,-0.12804998457431793,0.5060321092605591,0.4236282706260681,-0.13954071700572968,0.3919377624988556,0.3966495096683502,-0.027803726494312286,0.442278653383255,0.38617873191833496,-0.0968778058886528,0.4344012141227722,0.5104612112045288,-0.11106542497873306,0.41984543204307556,0.6086858510971069,-0.10228648781776428,0.335840106010437,0.4010362923145294,-0.03456643968820572,0.38595452904701233,0.4079779386520386,-0.0999927967786789,0.37801021337509155,0.5286563634872437,-0.09008520096540451,0.36683622002601624,0.6135727763175964,-0.063862644135952,0.2771550416946411,0.4183323085308075,-0.0450039803981781,0.32929888367652893,0.4242118000984192,-0.08945247530937195,0.3332120478153229,0.518847644329071,-0.08013205975294113,0.32691097259521484,0.5816336870193481,-0.05867462977766991
0.3357272744178772,0.7001590132713318,-4.0736199480306823e-07,0.4187470078468323,0.653077244758606,-0.0392831414937973,0.4885348975658417,0.5276502966880798,-0.057440340518951416,0.4745669960975647,0.40634822845458984,-0.0751309022307396,0.441475510597229,0.31658709049224854,-0.0881635844707489,0.45363175868988037,0.41214558482170105,-0.028598826378583908,0.49747738242149353,0.3057175278663635,-0.08790131658315659,0.5094993114471436,0.3477081060409546,-0.12283802032470703,0.5040395855903625,0.4264809191226959,-0.13334015011787415,0.39271309971809387,0.3981193006038666,-0.0263857152312994,0.44022780656814575,0.3869197964668274,-0.09306532144546509,0.43380069732666016,0.5110324025154114,-0.1062222272157669,0.42085906863212585,0.6079228520393372,-0.09754505753517151,0.33632832765579224,0.40210625529289246,-0.033245429396629333,0.38499605655670166,0.4072747826576233,-0.0962895080447197,0.37871062755584717,0.5275998115539551,-0.08597028255462646,0.3688982427120209,0.6116601824760437,-0.060307715088129044,0.27799952030181885,0.4193127751350403,-0.04369544982910156,0.3303523063659668,0.42287352681159973,-0.08595260232686996,0.3339260518550873,0.5165281295776367,-0.07615406811237335,0.32708829641342163,0.5788322687149048,-0.055085282772779465
0.33564162254333496,0.699962854385376,-4.0463473283125495e-07,0.41956308484077454,0.6513956785202026,-0.03911204636096954,0.48861318826675415,0.5268399715423584,-0.05738956108689308,0.47401753067970276,0.40714895725250244,-0.07536972314119339,0.44035542011260986,0.31857335567474365,-0.08870197087526321,0.45237088203430176,0.41096529364585876,-0.028604356572031975,0.4968443810939789,0.3053838014602661,-0.08858801424503326,0.5096757411956787,0.3478596806526184,-0.1241355761885643,0.5046294331550598,0.4276222884654999,-0.13484427332878113,0.39177724719047546,0.3968143165111542,-0.0266018845140934,0.4413730204105377,0.38734033703804016,-0.09368116408586502,0.4344179034233093,0.5109739303588867,-0.10696975141763687,0.4205213189125061,0.6077089905738831,-0.09823308140039444,0.33582040667533875,0.4009396433830261,-0.033738646656274796,0.3861125111579895,0.40771567821502686,-0.09671650826931,0.37872567772865295,0.5272908806800842,-0.08646736294031143,0.36784014105796814,0.6108778119087219,-0.06081195920705795,0.2777774930000305,0.41819050908088684,-0.044539742171764374,0.331291139125824,0.42344728112220764,-0.0862051248550415,0.33434394001960754,0.5161920785903931,-0.07620055228471756,0.32682904601097107,0.5778913497924805,-0.05502703785896301
0.33657941222190857,0.6990991830825806,-4.078945323726657e-07,0.4204200208187103,0.6505722999572754,-0.03945348784327507,0.4888714551925659,0.5254122018814087,-0.057886719703674316,0.4736275374889374,0.40492162108421326,-0.07600673288106918,0.4407358169555664,0.31539738178253174,-0.08934566378593445,0.4524487853050232,0.41186437010765076,-0.028617994859814644,0.4968910217285156,0.30435454845428467,-0.0891096293926239,0.5099672675132751,0.34864911437034607,-0.12493232637643814,0.5048148036003113,0.4301578998565674,-0.13568221032619476,0.39187607169151306,0.3983702063560486,-0.026558328419923782,0.4409164786338806,0.3870009779930115,-0.09396332502365112,0.4343864917755127,0.5107747912406921,-0.10731533914804459,0.4206990897655487,0.6074816584587097,-0.09863771498203278,0.3359093964099884,0.402494341135025,-0.03377366438508034,0.38607898354530334,0.407054603099823,-0.09709811210632324,0.3789595663547516,0.5270134806632996,-0.08668922632932663,0.36817216873168945,0.6105363368988037,-0.060890112072229385,0.2778332233428955,0.41952913999557495,-0.044665995985269547,0.33123427629470825,0.4233260452747345,-0.08643799275159836,0.33447182178497314,0.5163516998291016,-0.07622777670621872,0.3270474374294281,0.5781049132347107,-0.05491248145699501
0.33650586009025574,0.6992449760437012,-4.073220623013185e-07,0.4201059937477112,0.6509246230125427,-0.039569541811943054,0.4886338412761688,0.526343584060669,-0.05799011513590813,0.4744206368923187,0.4058609902858734,-0.07608887553215027,0.4419236183166504,0.31587159633636475,-0.08943771570920944,0.45209813117980957,0.4109497368335724,-0.028357669711112976,0.49698469042778015,0.30435240268707275,-0.0888112410902977,0.5104101896286011,0.3485873341560364,-0.12460208684206009,0.5056276321411133,0.42988982796669006,-0.1352413147687912,0.3916260600090027,0.3970893323421478,-0.026140691712498665,0.44113102555274963,0.3866839110851288,-0.09339871257543564,0.4341248571872711,0.5103051066398621,-0.10675884783267975,0.4203321039676666,0.6070103049278259,-0.0979735478758812,0.3356451690196991,0.4011249840259552,-0.03322052210569382,0.38622191548347473,0.407357394695282,-0.09645719826221466,0.3784641623497009,0.5270923972129822,-0.0863071009516716,0.3674498498439789,0.6104223728179932,-0.06056806817650795,0.27760204672813416,0.4182431101799011,-0.04398219287395477,0.3313623368740082,0.42334073781967163,-0.08554139733314514,0.33436334133148193,0.5163899660110474,-0.07547438889741898,0.3268264830112457,0.5780856609344482,-0.054200854152441025
0.3363843858242035,0.6996338367462158,-4.1178631704497093e-07,0.42048439383506775,0.6504780650138855,-0.038713324815034866,0.4901829659938812,0.5275097489356995,-0.05658784881234169,0.47776374220848083,0.40718573331832886,-0.074480801820755,0.44436511397361755,0.3178645074367523,-0.08762151747941971,0.454833447933197,0.4093034565448761,-0.02498677186667919,0.5009673237800598,0.30610960721969604,-0.08526796847581863,0.5137644410133362,0.35105466842651367,-0.12140040844678879,0.5079764127731323,0.43180808424949646,-0.1324017494916916,0.39451706409454346,0.39548563957214355,-0.023383155465126038,0.44294512271881104,0.38491949439048767,-0.08997766673564911,0.4368559718132019,0.5092374682426453,-0.10358085483312607,0.4239181578159332,0.6065542697906494,-0.09511987864971161,0.33785074949264526,0.40010231733322144,-0.031218742951750755,0.3884804844856262,0.4050549864768982,-0.09379065781831741,0.3810371160507202,0.5250856876373291,-0.0833621397614479,0.36963313817977905,0.6082007884979248,-0.0575551763176918,0.27858275175094604,0.41815951466560364,-0.04274483770132065,0.33194661140441895,0.42239370942115784,-0.08339797705411911,0.3347828686237335,0.5139796733856201,-0.07282799482345581,0.3266611397266388,0.5733500719070435,-0.0513819195330143
0.33628779649734497,0.6991567611694336,-4.0618772345624166e-07,0.4206318259239197,0.6510810852050781,-0.03864681348204613,0.4913214445114136,0.5268623232841492,-0.056709934026002884,0.4772416651248932,0.4059714078903198,-0.0744437500834465,0.44240447878837585,0.317909300327301,-0.08755215257406235,0.4545772969722748,0.40885165333747864,-0.02809617854654789,0.5011424422264099,0.3068121671676636,-0.08828511834144592,0.5132113695144653,0.3495456278324127,-0.1241535171866417,0.506909966468811,0.42953506112098694,-0.13507923483848572,0.3937600553035736,0.39384421706199646,-0.02630622871220112,0.4428134560585022,0.3867606222629547,-0.09263300150632858,0.4367912709712982,0.5101845264434814,-0.10572639852762222,0.4237876534461975,0.6071953773498535,-0.09719368070363998,0.3372010588645935,0.3983260691165924,-0.033654797822237015,0.387908935546875,0.4068438410758972,-0.09573494642972946,0.3807823061943054,0.526257336139679,-0.08521627634763718,0.3695870339870453,0.6092802286148071,-0.05975855886936188,0.2786110043525696,0.41617077589035034,-0.04470456391572952,0.3326502740383148,0.42383378744125366,-0.08531080186367035,0.335316926240921,0.5158571600914001,-0.07506683468818665,0.32723963260650635,0.575575590133667,-0.05406840145587921
0.3364693224430084,0.6991485953330994,-4.090486243057967e-07,0.42039769887924194,0.6513147950172424,-0.03831484168767929,0.4908596873283386,0.5271286368370056,-0.055901240557432175,0.47702571749687195,0.40657269954681396,-0.07328348606824875,0.44271987676620483,0.3185712695121765,-0.08597539365291595,0.45443692803382874,0.4096889793872833,-0.026799693703651428,0.5009940266609192,0.30627650022506714,-0.08647368103265762,0.5131382346153259,0.3502475321292877,-0.12204046547412872,0.5067095160484314,0.43042129278182983,-0.13280440866947174,0.39386260509490967,0.39513590931892395,-0.025098208338022232,0.4424251317977905,0.3864637613296509,-0.0911034345626831,0.4368484318256378,0.5105066299438477,-0.10433991998434067,0.4241173267364502,0.6072518229484558,-0.09593387693166733,0.3372785747051239,0.39948326349258423,-0.032536882907152176,0.38750535249710083,0.40589630603790283,-0.09455306828022003,0.3807592988014221,0.5259247422218323,-0.08411755412817001,0.3698185384273529,0.6090953350067139,-0.05865676328539848,0.2785571217536926,0.41705918312072754,-0.04362296313047409,0.33276185393333435,0.4229048192501068,-0.0843152180314064,0.33564797043800354,0.5151146650314331,-0.07403779774904251,0.32755815982818604,0.5752580761909485,-0.05295643210411072
0.33859267830848694,0.7016996145248413,-4.030768252505368e-07,0.42374131083488464,0.6538825035095215,-0.03944677114486694,0.49527037143707275,0.5263161063194275,-0.05743621289730072,0.4824482202529907,0.40419286489486694,-0.07479273527860641,0.4486272931098938,0.31582725048065186,-0.08761460334062576,0.45787593722343445,0.4096733033657074,-0.02848774567246437,0.5039864182472229,0.3088570237159729,-0.0881340429186821,0.5173456072807312,0.3481658697128296,-0.12364772707223892,0.5122436285018921,0.42720669507980347,-0.13449907302856445,0.3969102203845978,0.39493441581726074,-0.026097118854522705,0.44663453102111816,0.38776570558547974,-0.09230417013168335,0.4403389096260071,0.5113298892974854,-0.1050712913274765,0.42629021406173706,0.608783483505249,-0.09645272046327591,0.3402218520641327,0.39963066577911377,-0.03292236849665642,0.3917149603366852,0.40598776936531067,-0.09612073749303818,0.3848477303981781,0.5264109969139099,-0.08574619144201279,0.37366360425949097,0.6112404465675354,-0.06024312600493431,0.28178584575653076,0.4182090759277344,-0.043374937027692795,0.33725571632385254,0.4221954941749573,-0.08640402555465698,0.3407069742679596,0.5156353712081909,-0.07703384011983871,0.33274397253990173,0.5784661173820496,-0.05631714314222336
0.3401604890823364,0.6989174485206604,-4.081091447005747e-07,0.4239852726459503,0.6514227390289307,-0.03866095840930939,0.49413084983825684,0.5266127586364746,-0.056921061128377914,0.4797155559062958,0.40576741099357605,-0.07488901913166046,0.4459136128425598,0.316887229681015,-0.0881769061088562,0.4594910740852356,0.4084926247596741,-0.028126506134867668,0.5050896406173706,0.3053683638572693,-0.08762266486883163,0.5165884494781494,0.3479901850223541,-0.12263751775026321,0.5105620622634888,0.42788270115852356,-0.13305285573005676,0.39805102348327637,0.39453065395355225,-0.026256784796714783,0.44643422961235046,0.3864435851573944,-0.09205683320760727,0.43986088037490845,0.5103691220283508,-0.1047060564160347,0.42746642231941223,0.6076049208641052,-0.09610641747713089,0.3409399092197418,0.39944010972976685,-0.03351404890418053,0.3914420008659363,0.40578749775886536,-0.09698060899972916,0.3850047290325165,0.5267614722251892,-0.08672711253166199,0.37542539834976196,0.6122591495513916,-0.06112593784928322,0.28218406438827515,0.4181804358959198,-0.0442332923412323,0.33712199330329895,0.4192706048488617,-0.08770687878131866,0.34149497747421265,0.5135019421577454,-0.07815955579280853,0.3350202143192291,0.5777091979980469,-0.057108450680971146
0.3391501307487488,0.6984741687774658,-3.948512414808647e-07,0.4237712323665619,0.6508852243423462,-0.03881604224443436,0.49417394399642944,0.5277460217475891,-0.056933242827653885,0.48052462935447693,0.4072284698486328,-0.07482032477855682,0.4465501308441162,0.31896159052848816,-0.0881120041012764,0.45806434750556946,0.40781334042549133,-0.026638243347406387,0.503093957901001,0.3044590950012207,-0.08581120520830154,0.5163640379905701,0.34615278244018555,-0.12136045843362808,0.5121402740478516,0.42611977458000183,-0.13224703073501587,0.3972714841365814,0.3933863341808319,-0.024573301896452904,0.4460076093673706,0.3868754208087921,-0.09009353816509247,0.43961432576179504,0.5089156031608582,-0.10346250981092453,0.42698603868484497,0.6050685048103333,-0.09536723047494888,0.3407062292098999,0.39831846952438354,-0.03170216083526611,0.39172637462615967,0.4056636095046997,-0.09431536495685577,0.38478735089302063,0.5244777202606201,-0.08451913297176361,0.3746901750564575,0.6085555553436279,-0.05943988636136055,0.28239601850509644,0.4168893098831177,-0.04243931546807289,0.3373514711856842,0.4204442501068115,-0.08513825386762619,0.3413584530353546,0.5136500597000122,-0.07573200762271881,0.334814190864563,0.5767960548400879,-0.05486644059419632
0.33909910917282104,0.6984976530075073,-3.935945755983994e-07,0.42383360862731934,0.6506879329681396,-0.03879223018884659,0.4943373203277588,0.5275297164916992,-0.056948471814394,0.4808652400970459,0.40677568316459656,-0.0748516246676445,0.44670891761779785,0.3184663653373718,-0.08819197863340378,0.4578767418861389,0.40777039527893066,-0.026875296607613564,0.5031704902648926,0.3049409091472626,-0.08613894134759903,0.5165420174598694,0.3460673689842224,-0.12170455604791641,0.5122824907302856,0.42570674419403076,-0.13259881734848022,0.39713236689567566,0.3931375741958618,-0.02482760325074196,0.44616514444351196,0.386859267950058,-0.09037105739116669,0.4396955668926239,0.5088026523590088,-0.10364434868097305,0.4268691837787628,0.6051127910614014,-0.09549184143543243,0.3406069278717041,0.3980632722377777,-0.031963348388671875,0.3918493092060089,0.40608876943588257,-0.094601571559906,0.3848908543586731,0.5248229503631592,-0.0847451463341713,0.3747992217540741,0.6089662313461304,-0.059619683772325516,0.2823517620563507,0.4166853427886963,-0.042706746608018875,0.337460458278656,0.4207080900669098,-0.08537311106920242,0.34151560068130493,0.5137972831726074,-0.07596193253993988,0.3350028395652771,0.5769316554069519,-0.05510750412940979
0.33759090304374695,0.6972988247871399,-4.198834346880176e-07,0.4219651520252228,0.6502261161804199,-0.039494454860687256,0.49274003505706787,0.5275431275367737,-0.0579829141497612,0.47944068908691406,0.4069759249687195,-0.07597725093364716,0.44562268257141113,0.3178900480270386,-0.089413121342659,0.456240177154541,0.4097409248352051,-0.029285114258527756,0.5038367509841919,0.30801090598106384,-0.0894211009144783,0.5161945223808289,0.35079118609428406,-0.125062495470047,0.5097091197967529,0.43176084756851196,-0.1356779783964157,0.396043598651886,0.3944072425365448,-0.026835696771740913,0.44537055492401123,0.38905569911003113,-0.09270987659692764,0.43792951107025146,0.5115232467651367,-0.10521190613508224,0.4240545928478241,0.6082355976104736,-0.09639338403940201,0.3401515483856201,0.3988402485847473,-0.033608511090278625,0.39017555117607117,0.40859630703926086,-0.0959458202123642,0.3825552761554718,0.5274487733840942,-0.08551684021949768,0.37185850739479065,0.6114837527275085,-0.06006627157330513,0.28249454498291016,0.4167969226837158,-0.04407498240470886,0.3355068564414978,0.4220978319644928,-0.08584389090538025,0.3386307656764984,0.5149092078208923,-0.07605032622814178,0.3316132724285126,0.5771554708480835,-0.05510742962360382
0.33721649646759033,0.6975973844528198,-4.152903159138077e-07,0.42114555835723877,0.6512800455093384,-0.03915037214756012,0.492803156375885,0.5282399654388428,-0.057354219257831573,0.4794835150241852,0.40803197026252747,-0.07501354813575745,0.44439589977264404,0.32116663455963135,-0.08822070062160492,0.45753127336502075,0.40929311513900757,-0.028131628409028053,0.5058078169822693,0.30978840589523315,-0.0879547968506813,0.516743004322052,0.35369712114334106,-0.12401209771633148,0.5091692209243774,0.43481332063674927,-0.13511492311954498,0.3969811201095581,0.39401814341545105,-0.025826135650277138,0.4453563392162323,0.38871511816978455,-0.09138119220733643,0.43788814544677734,0.5112450122833252,-0.10469981282949448,0.42456892132759094,0.6082644462585449,-0.0965689867734909,0.3405720889568329,0.39857250452041626,-0.03264516219496727,0.3896571695804596,0.4062405228614807,-0.09472814947366714,0.38213878870010376,0.5251585245132446,-0.08470089733600616,0.37156441807746887,0.6091696619987488,-0.05964824557304382,0.2823445796966553,0.41676896810531616,-0.0430741012096405,0.3351994454860687,0.42059147357940674,-0.08493299782276154,0.3385978937149048,0.5138753652572632,-0.07501760870218277,0.3319386839866638,0.5763363242149353,-0.05397548899054527
0.3380330204963684,0.697433590888977,-4.0725021221987845e-07,0.4213995039463043,0.652121901512146,-0.03926822543144226,0.49328935146331787,0.5285722613334656,-0.057513654232025146,0.48011988401412964,0.40779754519462585,-0.07509461045265198,0.44507959485054016,0.3203219771385193,-0.08826872706413269,0.45738959312438965,0.41011539101600647,-0.029119543731212616,0.5052840113639832,0.30895403027534485,-0.08855745941400528,0.516633152961731,0.35165801644325256,-0.12413960695266724,0.509479284286499,0.43197789788246155,-0.13499848544597626,0.3968968987464905,0.3947790265083313,-0.026692010462284088,0.4455433487892151,0.38919302821159363,-0.09194450080394745,0.43811923265457153,0.511545717716217,-0.10497640073299408,0.4246247112751007,0.6079237461090088,-0.09680422395467758,0.3406045436859131,0.3991265594959259,-0.03328758850693703,0.3898552358150482,0.4062803387641907,-0.09514085203409195,0.3822387158870697,0.5249152183532715,-0.0849989578127861,0.3714277148246765,0.6083301305770874,-0.060066401958465576,0.2824608087539673,0.41683492064476013,-0.043466128408908844,0.3354601562023163,0.4205302596092224,-0.08523403108119965,0.3388861119747162,0.5137558579444885,-0.07530674338340759,0.33206674456596375,0.5759534239768982,-0.05439377576112747
0.33554181456565857,0.6994493007659912,-4.009388590020535e-07,0.41855454444885254,0.6540599465370178,-0.039416972547769547,0.4904838800430298,0.530979573726654,-0.0574670284986496,0.47860854864120483,0.4108603298664093,-0.07507415115833282,0.44581568241119385,0.32193076610565186,-0.08801046758890152,0.45685213804244995,0.411616712808609,-0.02726893313229084,0.5031989216804504,0.30764493346214294,-0.08741454780101776,0.5151857733726501,0.35019955039024353,-0.12348136305809021,0.5092772245407104,0.4303119480609894,-0.13453595340251923,0.3969428837299347,0.3970157504081726,-0.02522866055369377,0.4454405903816223,0.38618963956832886,-0.09263566136360168,0.43784794211387634,0.5114690065383911,-0.1063474491238594,0.4242960810661316,0.6089320182800293,-0.0976945236325264,0.34069299697875977,0.4005841314792633,-0.03244352713227272,0.38919684290885925,0.40487706661224365,-0.0962003692984581,0.38120749592781067,0.526570200920105,-0.08559936285018921,0.37019357085227966,0.6106051206588745,-0.05939164385199547,0.281907320022583,0.4169551134109497,-0.04330192878842354,0.33432331681251526,0.41984301805496216,-0.08581125736236572,0.33663278818130493,0.5137794613838196,-0.07534902542829514,0.32873955368995667,0.5750983953475952,-0.05356812849640846
0.3371313214302063,0.7004404067993164,-3.861405843963439e-07,0.4209402799606323,0.6520905494689941,-0.03956134244799614,0.49210935831069946,0.5283531546592712,-0.05799918994307518,0.48142796754837036,0.4064596891403198,-0.07589896023273468,0.44976139068603516,0.31586992740631104,-0.08937986195087433,0.4548799395561218,0.41007572412490845,-0.028815804049372673,0.5001253485679626,0.3079780340194702,-0.08840282261371613,0.5130895376205444,0.3470720052719116,-0.1241680383682251,0.5087546706199646,0.4246627688407898,-0.13544636964797974,0.39512038230895996,0.396042138338089,-0.026409504935145378,0.4431585967540741,0.38728928565979004,-0.09270282089710236,0.4367954432964325,0.5105136036872864,-0.10593722015619278,0.4239692986011505,0.6074460744857788,-0.09785975515842438,0.33905139565467834,0.4011184573173523,-0.033064451068639755,0.38851645588874817,0.4037065804004669,-0.09657847136259079,0.3826144337654114,0.5242856740951538,-0.08598708361387253,0.37301087379455566,0.60988849401474,-0.060314252972602844,0.28050050139427185,0.41952893137931824,-0.04334501922130585,0.333707720041275,0.42052388191223145,-0.08730509132146835,0.3385143578052521,0.5135207176208496,-0.07800429314374924,0.33258765935897827,0.5762395858764648,-0.057106684893369675
0.33615463972091675,0.7005844116210938,-4.3160477503079164e-07,0.4202554225921631,0.6530468463897705,-0.03824751824140549,0.49247032403945923,0.5270916223526001,-0.05552181601524353,0.4788244664669037,0.4056684076786041,-0.07238815724849701,0.4445264935493469,0.31792616844177246,-0.08469691872596741,0.45746690034866333,0.4091038405895233,-0.026037946343421936,0.5031801462173462,0.3092105984687805,-0.08460196852684021,0.5138206481933594,0.3515966236591339,-0.11979055404663086,0.5066983103752136,0.43061989545822144,-0.130706325173378,0.39686110615730286,0.3943687081336975,-0.024040373042225838,0.4427244961261749,0.3870082497596741,-0.08894100040197372,0.436541348695755,0.5106131434440613,-0.10227297991514206,0.42421382665634155,0.607181191444397,-0.09434213489294052,0.34026971459388733,0.39922213554382324,-0.031054817140102386,0.3875608742237091,0.40383994579315186,-0.09323600679636002,0.3822404444217682,0.5250424742698669,-0.08305178582668304,0.3732539713382721,0.6099762916564941,-0.057892993092536926,0.2814030051231384,0.417924702167511,-0.041591204702854156,0.33316946029663086,0.4202449321746826,-0.08441095054149628,0.3375689387321472,0.514149010181427,-0.07494822889566422,0.33178016543388367,0.5763819217681885,-0.05411482974886894
0.3369636535644531,0.7010353803634644,-3.8262930956989294e-07,0.4209417402744293,0.6535401344299316,-0.039322469383478165,0.4922843873500824,0.5296289920806885,-0.05791117995977402,0.48025792837142944,0.40765780210494995,-0.07598761469125748,0.44603270292282104,0.3187769055366516,-0.08974428474903107,0.4551325738430023,0.4139550030231476,-0.02827783115208149,0.5003331303596497,0.310429185628891,-0.08789759874343872,0.5137060880661011,0.34891194105148315,-0.12358636409044266,0.5094898343086243,0.4270839989185333,-0.1347595453262329,0.39467278122901917,0.39978325366973877,-0.026276051998138428,0.4454403221607208,0.3867990970611572,-0.0926114022731781,0.4375646114349365,0.509381890296936,-0.10567668825387955,0.4225684702396393,0.6061533689498901,-0.09732453525066376,0.3386700749397278,0.40403562784194946,-0.03338974714279175,0.3900420665740967,0.40411177277565,-0.09688819944858551,0.3826279044151306,0.524249792098999,-0.086135134100914,0.3715471625328064,0.609224796295166,-0.06037234887480736,0.280287504196167,0.4219590723514557,-0.04405851289629936,0.33399561047554016,0.42167070508003235,-0.08761508017778397,0.3374488651752472,0.5154837369918823,-0.0778399333357811,0.3305220305919647,0.5787477493286133,-0.056795038282871246
0.3368896245956421,0.6987123489379883,-4.073100683399389e-07,0.4203009009361267,0.6529361009597778,-0.038597069680690765,0.4923325777053833,0.5291949510574341,-0.05669504776597023,0.47905319929122925,0.4077765941619873,-0.074351005256176,0.4438630938529968,0.3204047679901123,-0.08759812265634537,0.4569437801837921,0.4133801758289337,-0.02760840393602848,0.5015379786491394,0.3087223470211029,-0.08669579774141312,0.5133026242256165,0.34993019700050354,-0.1219368427991867,0.5074640512466431,0.4290013909339905,-0.13280647993087769,0.3957563638687134,0.39945778250694275,-0.02586374618113041,0.44481080770492554,0.38605421781539917,-0.09167153388261795,0.43742087483406067,0.5093038082122803,-0.10491582006216049,0.423199325799942,0.6059279441833496,-0.09674690663814545,0.33935943245887756,0.4038044512271881,-0.03311757370829582,0.38918355107307434,0.4036872684955597,-0.09618678689002991,0.38231465220451355,0.5243331789970398,-0.0859108418226242,0.3717382550239563,0.6088438034057617,-0.060556862503290176,0.280913770198822,0.42179128527641296,-0.04379451274871826,0.33375880122184753,0.4202890992164612,-0.08709418028593063,0.3373887538909912,0.5146521329879761,-0.07737121731042862,0.3306644558906555,0.5778106451034546,-0.05641212686896324
0.33619168400764465,0.6994361877441406,-3.834519191059371e-07,0.4196939468383789,0.653666615486145,-0.038917697966098785,0.4914007782936096,0.5309364795684814,-0.05714661628007889,0.47940871119499207,0.4091120958328247,-0.0749056413769722,0.44575342535972595,0.31991153955459595,-0.08836831152439117,0.4554610252380371,0.41371822357177734,-0.027222296223044395,0.5005882978439331,0.3104659914970398,-0.08637099713087082,0.5139452219009399,0.3485415577888489,-0.12187949568033218,0.5094339847564697,0.42689356207847595,-0.1328921616077423,0.3951382040977478,0.39876237511634827,-0.025205155834555626,0.44544491171836853,0.38686007261276245,-0.09109070897102356,0.43754810094833374,0.5091293454170227,-0.10427248477935791,0.4225706458091736,0.6056848168373108,-0.09592897444963455,0.3393997848033905,0.40265339612960815,-0.032255060970783234,0.3902067542076111,0.4044332802295685,-0.09520076960325241,0.3824300765991211,0.5242279171943665,-0.0846719890832901,0.37111422419548035,0.6085830926895142,-0.05910990387201309,0.2812381088733673,0.4203743636608124,-0.04282881319522858,0.33490997552871704,0.4219624400138855,-0.08581961691379547,0.3378903567790985,0.5159348845481873,-0.07598558068275452,0.3306540548801422,0.5790659785270691,-0.054910894483327866
0.3381149172782898,0.6985964179039001,-3.888045796429651e-07,0.4216238260269165,0.6540551781654358,-0.04012518376111984,0.49402549862861633,0.5290414690971375,-0.05883488431572914,0.4818804860115051,0.40842753648757935,-0.0768282413482666,0.4487610161304474,0.32036131620407104,-0.09017084538936615,0.45761948823928833,0.40997275710105896,-0.028795113787055016,0.504417359828949,0.30804184079170227,-0.08845867961645126,0.5167209506034851,0.34884172677993774,-0.12401777505874634,0.5109866857528687,0.4285491406917572,-0.13494977355003357,0.3969061076641083,0.3965177536010742,-0.02642759494483471,0.446308970451355,0.3874889016151428,-0.09316983819007874,0.43876609206199646,0.510739266872406,-0.10641094297170639,0.42488425970077515,0.6070001125335693,-0.09789292514324188,0.3407934308052063,0.40158867835998535,-0.03329775482416153,0.3917005658149719,0.40384119749069214,-0.09700321406126022,0.3839890956878662,0.5237656831741333,-0.08660046011209488,0.3726208508014679,0.6073466539382935,-0.06094440817832947,0.28276869654655457,0.4200427830219269,-0.04376848414540291,0.33636197447776794,0.4206555485725403,-0.08738449215888977,0.3394554555416107,0.5143921971321106,-0.07766424864530563,0.33225926756858826,0.5761579275131226,-0.05650115758180618
0.3389262557029724,0.7001515626907349,-3.8269428159765084e-07,0.4249214828014374,0.651750922203064,-0.04012703523039818,0.4952571988105774,0.5276082158088684,-0.059377431869506836,0.4812889099121094,0.4066409468650818,-0.07805962860584259,0.4470641613006592,0.3177313506603241,-0.09224319458007812,0.45716536045074463,0.4105415940284729,-0.02921181172132492,0.5034745931625366,0.3095718026161194,-0.08980465680360794,0.5172713994979858,0.34884586930274963,-0.12615598738193512,0.5129165649414062,0.42779913544654846,-0.13755600154399872,0.39671576023101807,0.39562565088272095,-0.027083128690719604,0.44735953211784363,0.3896862268447876,-0.09467244148254395,0.43959397077560425,0.5124658346176147,-0.1081911101937294,0.4249553680419922,0.609054446220398,-0.0997418463230133,0.3408013880252838,0.4002172350883484,-0.0342431366443634,0.3921477496623993,0.4071657657623291,-0.09860654175281525,0.38393738865852356,0.5270001292228699,-0.0882590264081955,0.3725912868976593,0.6111003160476685,-0.062375545501708984,0.2828499376773834,0.41843605041503906,-0.04507705569267273,0.3367113471031189,0.42248469591140747,-0.0886845663189888,0.33940649032592773,0.5163386464118958,-0.0789601057767868,0.33205506205558777,0.5785537362098694,-0.05771471560001373
0.3383816182613373,0.6991576552391052,-3.960754781928699e-07,0.4247889518737793,0.6514061689376831,-0.03969542309641838,0.4960426390171051,0.527275800704956,-0.058118510991334915,0.48152637481689453,0.4067709743976593,-0.076106496155262,0.44684988260269165,0.31906479597091675,-0.08955495804548264,0.45811811089515686,0.4108888804912567,-0.027499685063958168,0.5037646293640137,0.30855894088745117,-0.08743415772914886,0.5166551470756531,0.3497030735015869,-0.12324406206607819,0.5115852952003479,0.4290369153022766,-0.13427279889583588,0.39744696021080017,0.39648738503456116,-0.025276007130742073,0.4462611675262451,0.38923949003219604,-0.09246011823415756,0.43904411792755127,0.5124434232711792,-0.10624358057975769,0.42542338371276855,0.6087725162506104,-0.09793902933597565,0.3413589894771576,0.400826096534729,-0.032354339957237244,0.3910009562969208,0.4066370725631714,-0.09666000306606293,0.38332754373550415,0.5274232625961304,-0.08686316758394241,0.3727805018424988,0.6120232343673706,-0.0612071231007576,0.28345584869384766,0.4185437560081482,-0.04303339496254921,0.33642062544822693,0.42181992530822754,-0.08688949793577194,0.33949217200279236,0.5164263248443604,-0.07765921950340271,0.33269602060317993,0.5792162418365479,-0.056632135063409805
0.33409547805786133,0.7225391864776611,-1.8326851147776324e-07,0.38538041710853577,0.6937080025672913,-0.015839090570807457,0.4243999719619751,0.6312456727027893,-0.02320958487689495,0.42277196049690247,0.5687665939331055,-0.032007329165935516,0.4105185866355896,0.521267831325531,-0.038538236171007156,0.40388381481170654,0.5695235729217529,-0.007645286154001951,0.4304712414741516,0.5120888352394104,-0.037309590727090836,0.43956536054611206,0.5333582758903503,-0.05468146502971649,0.43761104345321655,0.5716153979301453,-0.05957135558128357,0.37302887439727783,0.5637862086296082,-0.009054150432348251,0.40256911516189575,0.5492887496948242,-0.04326661676168442,0.3986857235431671,0.6164597272872925,-0.04965851455926895,0.38879433274269104,0.669055700302124,-0.04461805894970894,0.34330761432647705,0.5648354887962341,-0.015219476073980331,0.3757302165031433,0.56010901927948,-0.04822288453578949,0.3712957799434662,0.6255544424057007,-0.04204481467604637,0.3622489869594574,0.6723020672798157,-0.02760610729455948,0.31099754571914673,0.5718567371368408,-0.022894874215126038,0.34304967522621155,0.5659486055374146,-0.04403993859887123,0.3447536826133728,0.6124433875083923,-0.037737276405096054,0.33843839168548584,0.6450974345207214,-0.02597949281334877
0.3207435607910156,0.7267296314239502,-1.6083571097169624e-07,0.3668239116668701,0.698819637298584,-0.015206469222903252,0.4035377502441406,0.6434352993965149,-0.022660207003355026,0.40262192487716675,0.5879904627799988,-0.03170478343963623,0.3899177312850952,0.5455845594406128,-0.038957949727773666,0.38310137391090393,0.5841251015663147,-0.008251297287642956,0.4050229489803314,0.5255282521247864,-0.03730085492134094,0.41261062026023865,0.5436468720436096,-0.05468207597732544,0.41090837121009827,0.5808755159378052,-0.0594215989112854,0.3538442850112915,0.5817588567733765,-0.009637366980314255,0.3783220052719116,0.5626256465911865,-0.04234779626131058,0.3755245506763458,0.6235242486000061,-0.04903339222073555,0.3675103187561035,0.6737611293792725,-0.04471234232187271,0.3249194920063019,0.5841426253318787,-0.015511971898376942,0.3516814708709717,0.5739737749099731,-0.04781629517674446,0.348305881023407,0.634139895439148,-0.04265220835804939,0.3402869701385498,0.6791954636573792,-0.02910589426755905,0.2932431697845459,0.5900259017944336,-0.022690195590257645,0.3220617175102234,0.574880838394165,-0.043443821370601654,0.32453709840774536,0.6190571784973145,-0.03676803410053253,0.3184426724910736,0.6532800197601318,-0.024858564138412476
0.3204435110092163,0.725348711013794,-1.6118760015615408e-07,0.36837637424468994,0.6961855888366699,-0.015329099260270596,0.40513941645622253,0.6395773887634277,-0.022739823907613754,0.40170493721961975,0.5825477242469788,-0.03175773099064827,0.3874164819717407,0.5404209494590759,-0.03900023549795151,0.3812263011932373,0.5834819674491882,-0.008203106001019478,0.40345871448516846,0.5251913666725159,-0.036873433738946915,0.41236940026283264,0.5440206527709961,-0.05390544235706329,0.412227988243103,0.5802217721939087,-0.05872957408428192,0.3511413335800171,0.5807145833969116,-0.009489667601883411,0.3771049380302429,0.5641463398933411,-0.04233670234680176,0.375095397233963,0.6263071298599243,-0.048831433057785034,0.367188423871994,0.6768400073051453,-0.04452166706323624,0.32262110710144043,0.5828052163124084,-0.015298213809728622,0.3515723943710327,0.5745241045951843,-0.047188762575387955,0.3483976423740387,0.6350693106651306,-0.04172263666987419,0.3401592969894409,0.6802330017089844,-0.028212163597345352,0.29161736369132996,0.589065432548523,-0.02247880958020687,0.3214358687400818,0.5758015513420105,-0.04250890016555786,0.32368749380111694,0.6192989945411682,-0.03580950200557709,0.3171883523464203,0.6524414420127869,-0.024176131933927536
0.3208414316177368,0.7238242626190186,-1.6680883163644467e-07,0.3678509593009949,0.6961353421211243,-0.01581171527504921,0.4044613540172577,0.6399871706962585,-0.023438071832060814,0.3997756838798523,0.583771824836731,-0.032423343509435654,0.3844922184944153,0.542588472366333,-0.039558105170726776,0.3808547854423523,0.5834198594093323,-0.009236650541424751,0.40302497148513794,0.5250637531280518,-0.03799165040254593,0.4116097688674927,0.5437772274017334,-0.0549587681889534,0.410910964012146,0.5801069736480713,-0.05965793505311012,0.35098057985305786,0.5804572701454163,-0.010187563486397266,0.37690454721450806,0.5639722943305969,-0.04316523298621178,0.37510600686073303,0.626068651676178,-0.049571435898542404,0.36720582842826843,0.6764602661132812,-0.04506910964846611,0.3226298391819,0.582343339920044,-0.015613669529557228,0.350882887840271,0.5740758180618286,-0.04758182540535927,0.3480719029903412,0.6347505450248718,-0.042250726372003555,0.3400702178478241,0.6798277497291565,-0.02876286581158638,0.291780948638916,0.5884864926338196,-0.022424867376685143,0.3209191858768463,0.5757764577865601,-0.0426761619746685,0.3233567774295807,0.6195681095123291,-0.03623440861701965,0.3169632852077484,0.6526922583580017,-0.024694859981536865
0.31642940640449524,0.7283926606178284,-1.5700661037953978e-07,0.36376383900642395,0.6990486979484558,-0.01629381999373436,0.4001101553440094,0.6402454376220703,-0.023766476660966873,0.39677730202674866,0.5806155800819397,-0.03227713331580162,0.3821079432964325,0.5347692966461182,-0.03921099007129669,0.3783084750175476,0.5861916542053223,-0.007945378310978413,0.39987438917160034,0.5304000377655029,-0.03673688322305679,0.4069581925868988,0.5444089770317078,-0.05418353155255318,0.40518221259117126,0.5798335075378418,-0.05917990580201149,0.3482930660247803,0.5823425650596619,-0.008425173349678516,0.3722488284111023,0.563885509967804,-0.03962518274784088,0.36861541867256165,0.6227899789810181,-0.045849815011024475,0.36069217324256897,0.6727191209793091,-0.04187401756644249,0.31884095072746277,0.5847012996673584,-0.013520161621272564,0.34547102451324463,0.573885440826416,-0.04451308026909828,0.34155431389808655,0.6325491070747375,-0.038717810064554214,0.3341333568096161,0.677518904209137,-0.02545730583369732,0.28677135705947876,0.5923817157745361,-0.020007431507110596,0.315289169549942,0.5792859196662903,-0.040102291852235794,0.31732016801834106,0.6235293745994568,-0.03334449231624603,0.31147485971450806,0.6576718688011169,-0.02175525203347206
0.30849483609199524,0.7269468903541565,-1.387538759445306e-07,0.35455265641212463,0.6982664465904236,-0.013723945245146751,0.3910825252532959,0.6405425667762756,-0.019587745890021324,0.3889896869659424,0.5859836935997009,-0.026894759386777878,0.37601932883262634,0.5464606285095215,-0.03265182673931122,0.3693116009235382,0.5867465734481812,-0.005162653513252735,0.38604921102523804,0.5287821888923645,-0.030788280069828033,0.3948526084423065,0.5377551317214966,-0.046117182821035385,0.39682820439338684,0.568314254283905,-0.05038653314113617,0.3400956392288208,0.584985613822937,-0.006576405838131905,0.3639148771762848,0.5630066990852356,-0.03747815638780594,0.36078134179115295,0.6201997399330139,-0.04375052452087402,0.3526630699634552,0.6684919595718384,-0.039330970495939255,0.3118073642253876,0.5876848101615906,-0.0121541703119874,0.33791404962539673,0.5728769302368164,-0.0428323969244957,0.33496570587158203,0.6303133368492126,-0.037759751081466675,0.32766789197921753,0.6745977401733398,-0.02463546395301819,0.2809216380119324,0.5946066975593567,-0.018865074962377548,0.3072093725204468,0.5792096257209778,-0.038942933082580566,0.310085654258728,0.6210159063339233,-0.03317209333181381,0.30524760484695435,0.6533503532409668,-0.02222510240972042
0.30852895975112915,0.7242674231529236,-1.665808611051034e-07,0.35423392057418823,0.6998817920684814,-0.01535713393241167,0.39222729206085205,0.641501247882843,-0.02212275005877018,0.38847094774246216,0.5838154554367065,-0.0295498538762331,0.3730011284351349,0.5441280603408813,-0.03524428978562355,0.3701767027378082,0.5866345167160034,-0.010176891461014748,0.3874717652797699,0.525355339050293,-0.03604336082935333,0.39541515707969666,0.5402423739433289,-0.05103199556469917,0.39560484886169434,0.5743036866188049,-0.055181778967380524,0.34019383788108826,0.5848119854927063,-0.01061740517616272,0.36294904351234436,0.5628699064254761,-0.041391778737306595,0.36102917790412903,0.6224304437637329,-0.04711207002401352,0.3539389967918396,0.6705628633499146,-0.042808134108781815,0.3115983009338379,0.5877329707145691,-0.014970434829592705,0.33653029799461365,0.5716418623924255,-0.04504808038473129,0.33430391550064087,0.6302293539047241,-0.039325177669525146,0.3274686932563782,0.6739696264266968,-0.026470055803656578,0.2808336317539215,0.5952214598655701,-0.020514467731118202,0.30676305294036865,0.5792638063430786,-0.04087570309638977,0.3090254068374634,0.6227051615715027,-0.03496471419930458,0.3035523593425751,0.6553177833557129,-0.024158209562301636
0.30785804986953735,0.7251016497612,-1.59106107844309e-07,0.35258179903030396,0.700580358505249,-0.01503754686564207,0.3897840082645416,0.6443997621536255,-0.02201913297176361,0.3888295292854309,0.5898244976997375,-0.029904285445809364,0.37515950202941895,0.5506080389022827,-0.036056771874427795,0.36892324686050415,0.5863025188446045,-0.00987923238426447,0.3872435986995697,0.5254684090614319,-0.03612983971834183,0.3957007825374603,0.5393988490104675,-0.05146054923534393,0.39585477113723755,0.5732337236404419,-0.05566997826099396,0.33987224102020264,0.584627628326416,-0.010704695247113705,0.3634456992149353,0.5624852180480957,-0.041634637862443924,0.3609880208969116,0.6229619979858398,-0.04727526009082794,0.35290688276290894,0.6712284684181213,-0.04276462271809578,0.3116792142391205,0.5878867506980896,-0.015469657257199287,0.33709731698036194,0.5715299248695374,-0.04608234390616417,0.33463582396507263,0.6311509609222412,-0.04021184891462326,0.32711130380630493,0.6754679083824158,-0.026967467740178108,0.28092119097709656,0.5952553749084473,-0.02142108976840973,0.30691850185394287,0.5790557265281677,-0.042234163731336594,0.30986475944519043,0.6229962110519409,-0.0360732302069664,0.3047809302806854,0.6563188433647156,-0.02484181523323059
0.3045981824398041,0.7263612747192383,-1.6987446826988162e-07,0.34971776604652405,0.7002220153808594,-0.015678076073527336,0.3866232931613922,0.64161217212677,-0.022502200677990913,0.3841453790664673,0.5837253928184509,-0.03002038411796093,0.3694760501384735,0.5433501601219177,-0.03584152087569237,0.36497679352760315,0.5856274366378784,-0.01040347944945097,0.38172078132629395,0.5267049670219421,-0.03743576258420944,0.3885635435581207,0.5406662821769714,-0.05315763130784035,0.3881489932537079,0.5747069120407104,-0.05738417059183121,0.33477911353111267,0.5831524133682251,-0.010527785867452621,0.35597148537635803,0.5667902827262878,-0.04186003655195236,0.3536078631877899,0.6265844702720642,-0.047366172075271606,0.34700024127960205,0.6750725507736206,-0.04263155907392502,0.3062331974506378,0.5860722661018372,-0.014762474223971367,0.3302963674068451,0.580218493938446,-0.04492620751261711,0.327399343252182,0.6382672190666199,-0.03922239691019058,0.3208683729171753,0.6810970306396484,-0.026190923526883125,0.2756216824054718,0.5927443504333496,-0.020366547629237175,0.300600528717041,0.5846759080886841,-0.03997733071446419,0.30274686217308044,0.6285507678985596,-0.03408470377326012,0.2981862425804138,0.6605980396270752,-0.023196863010525703
0.303847998380661,0.7271971702575684,-2.0668821321123687e-07,0.34823358058929443,0.6969060897827148,-0.015976596623659134,0.3810272514820099,0.6317256689071655,-0.022660106420516968,0.3743153512477875,0.5722703337669373,-0.030347725376486778,0.35868656635284424,0.5306207537651062,-0.036295607686042786,0.36197641491889954,0.5842700600624084,-0.01087096519768238,0.38124117255210876,0.5266727805137634,-0.03915758058428764,0.38513559103012085,0.5435068607330322,-0.05490030348300934,0.3816668689250946,0.5803364515304565,-0.0586884580552578,0.3316808044910431,0.5841903686523438,-0.011282437480986118,0.35372394323349,0.5666542053222656,-0.0435793362557888,0.34949377179145813,0.6259884238243103,-0.04908588156104088,0.34262022376060486,0.6746606826782227,-0.04412131384015083,0.3024978041648865,0.589813232421875,-0.016056131571531296,0.3260009288787842,0.5791237354278564,-0.04765741527080536,0.3219594955444336,0.6372016668319702,-0.04257235676050186,0.3152216374874115,0.680738627910614,-0.029195360839366913,0.2724703848361969,0.599112331867218,-0.021977845579385757,0.29485082626342773,0.580443263053894,-0.04156491532921791,0.29789116978645325,0.618050754070282,-0.03577689453959465,0.29362013936042786,0.6477381587028503,-0.02484758384525776
0.3026945888996124,0.7281836867332458,-2.0519205179425626e-07,0.34705623984336853,0.6980481147766113,-0.017233671620488167,0.3802706003189087,0.6362618207931519,-0.02553284540772438,0.372484028339386,0.5776106715202332,-0.03465360403060913,0.3569699823856354,0.535702645778656,-0.042031046003103256,0.35977891087532043,0.5851914882659912,-0.013721924275159836,0.378243088722229,0.5255948305130005,-0.04356485605239868,0.38395532965660095,0.5419880747795105,-0.060215119272470474,0.3822791576385498,0.5782132744789124,-0.0644778162240982,0.3292955756187439,0.586611807346344,-0.014067807234823704,0.3531201183795929,0.5668195486068726,-0.04867401346564293,0.34909787774086,0.6294812560081482,-0.05474626272916794,0.34137964248657227,0.6790453791618347,-0.04964376613497734,0.30025771260261536,0.5930993556976318,-0.01879575476050377,0.324250191450119,0.5798746347427368,-0.052397068589925766,0.3214781582355499,0.6397212147712708,-0.0472724549472332,0.31516411900520325,0.6836771965026855,-0.033245425671339035,0.26997384428977966,0.6032858490943909,-0.024671779945492744,0.2922952473163605,0.5795138478279114,-0.0455346405506134,0.29625728726387024,0.6156477332115173,-0.039738912135362625,0.29196712374687195,0.6443378329277039,-0.028422057628631592
0.3020473122596741,0.7286145687103271,-1.9561089459330105e-07,0.3467702269554138,0.6989545226097107,-0.016947060823440552,0.3802541196346283,0.6370417475700378,-0.025056032463908195,0.3728513717651367,0.5779714584350586,-0.03392092511057854,0.35716965794563293,0.5364152789115906,-0.0410524383187294,0.35874995589256287,0.584714412689209,-0.013306734152138233,0.3778002858161926,0.5257089734077454,-0.04293929785490036,0.38414114713668823,0.5415185689926147,-0.059492696076631546,0.38291415572166443,0.5775939226150513,-0.06374970823526382,0.32821252942085266,0.5852320194244385,-0.013642406091094017,0.35340237617492676,0.5667846202850342,-0.04799149930477142,0.34969884157180786,0.6294108033180237,-0.053769517689943314,0.3416609764099121,0.6790642738342285,-0.04848931357264519,0.2994672656059265,0.5906261801719666,-0.01831885054707527,0.3252042233943939,0.5799039006233215,-0.05207490921020508,0.32232895493507385,0.6407511234283447,-0.046761881560087204,0.3157695531845093,0.685259222984314,-0.03268986567854881,0.2694440484046936,0.6000350117683411,-0.02413329854607582,0.29392826557159424,0.5822964310646057,-0.045909345149993896,0.29812905192375183,0.6244329214096069,-0.04023033753037453,0.29434558749198914,0.6565993428230286,-0.028827402740716934
0.30165421962738037,0.7306435704231262,-1.8797321388319688e-07,0.347005695104599,0.6981748938560486,-0.017208974808454514,0.3795801103115082,0.6342459321022034,-0.025389958173036575,0.3714084327220917,0.575171709060669,-0.034223876893520355,0.35334616899490356,0.5332494378089905,-0.04127020016312599,0.35651078820228577,0.5855905413627625,-0.013014255091547966,0.3750878870487213,0.5268958806991577,-0.04272136092185974,0.3809680938720703,0.543926477432251,-0.05967767536640167,0.3801163136959076,0.5804140567779541,-0.06423872709274292,0.3252423405647278,0.586415708065033,-0.013319563120603561,0.34957462549209595,0.5677481889724731,-0.046731721609830856,0.34599608182907104,0.6282980442047119,-0.052591823041439056,0.33907443284988403,0.6777392029762268,-0.04800226166844368,0.29532912373542786,0.5920313596725464,-0.018075307831168175,0.32170161604881287,0.5801135301589966,-0.051398321986198425,0.3198525011539459,0.6392617225646973,-0.04610373079776764,0.3147223889827728,0.6840541362762451,-0.03249342367053032,0.2638924717903137,0.601601243019104,-0.024063115939497948,0.29057538509368896,0.5816442370414734,-0.04588955640792847,0.29584571719169617,0.6253930926322937,-0.03988613188266754,0.293235182762146,0.6604059934616089,-0.028490852564573288
0.3002075254917145,0.7319439649581909,-1.79347537709873e-07,0.3453989028930664,0.701130747795105,-0.01643829606473446,0.3774363696575165,0.6376487016677856,-0.024334486573934555,0.3683714270591736,0.5791163444519043,-0.03302273526787758,0.35049211978912354,0.5374534726142883,-0.0398428738117218,0.3548278510570526,0.5873836278915405,-0.012344298884272575,0.37527284026145935,0.5283564329147339,-0.04143097251653671,0.38092902302742004,0.5459684729576111,-0.057634275406599045,0.3790209889411926,0.5826826095581055,-0.061763565987348557,0.3233441412448883,0.5877411365509033,-0.01288067176938057,0.34790003299713135,0.5665032267570496,-0.045459404587745667,0.3460955321788788,0.6280310153961182,-0.05057835951447487,0.3400750756263733,0.6786574125289917,-0.04559072107076645,0.29323551058769226,0.592666745185852,-0.017826614901423454,0.32034316658973694,0.5797293782234192,-0.05052395164966583,0.31919944286346436,0.6404172778129578,-0.04498257860541344,0.31393304467201233,0.6860877871513367,-0.0314406156539917,0.261688232421875,0.6022178530693054,-0.02392907813191414,0.29064878821372986,0.583682119846344,-0.04562513902783394,0.29595112800598145,0.6293808221817017,-0.039740875363349915,0.29265663027763367,0.6653407216072083,-0.028546174988150597
0.2997008264064789,0.732639729976654,-1.6838478700265114e-07,0.34471550583839417,0.7003604173660278,-0.01516182254999876,0.37667375802993774,0.6380848288536072,-0.022711502388119698,0.3678392767906189,0.5804669260978699,-0.03131888061761856,0.3506605625152588,0.539535641670227,-0.03817404434084892,0.35459598898887634,0.5873259902000427,-0.010636097751557827,0.3739449381828308,0.5292341709136963,-0.03882644325494766,0.380325585603714,0.543592631816864,-0.05477094650268555,0.3795461356639862,0.5780668258666992,-0.05902336165308952,0.32336336374282837,0.587723433971405,-0.01178792491555214,0.34740516543388367,0.5666539669036865,-0.04364047944545746,0.3467247784137726,0.6266278028488159,-0.04883879795670509,0.34137120842933655,0.6764410138130188,-0.0441124252974987,0.29365941882133484,0.5929356217384338,-0.01721663773059845,0.3204832375049591,0.579663872718811,-0.049178726971149445,0.3204006552696228,0.6393150091171265,-0.043697651475667953,0.31563735008239746,0.6850280165672302,-0.03041069395840168,0.26216357946395874,0.6031233072280884,-0.023766597732901573,0.29037362337112427,0.5849806666374207,-0.04520442709326744,0.29627421498298645,0.6295779943466187,-0.03957025334239006,0.2933136820793152,0.6650444865226746,-0.028657497838139534
0.2990594804286957,0.7324948310852051,-1.689422646222738e-07,0.34362512826919556,0.7027602195739746,-0.016023240983486176,0.3771580755710602,0.6454724669456482,-0.024588795378804207,0.3719013035297394,0.589850664138794,-0.03416420519351959,0.35632026195526123,0.5493537187576294,-0.04181409254670143,0.35527336597442627,0.5898157358169556,-0.012208890169858932,0.37499481439590454,0.5302030444145203,-0.04141361266374588,0.3804965317249298,0.5443627238273621,-0.05817772448062897,0.378617525100708,0.5786005258560181,-0.062984399497509,0.32454362511634827,0.5884543061256409,-0.013226751238107681,0.34874778985977173,0.5681527256965637,-0.046702947467565536,0.347778856754303,0.6298170685768127,-0.05267113819718361,0.3420565724372864,0.6797847747802734,-0.04801007732748985,0.29573681950569153,0.5925410389900208,-0.018511321395635605,0.3221939206123352,0.5785050988197327,-0.0509776696562767,0.32231107354164124,0.6382966637611389,-0.04543619602918625,0.31777089834213257,0.6835712194442749,-0.03200198709964752,0.26512619853019714,0.6023635268211365,-0.025119848549365997,0.2929067611694336,0.5867637991905212,-0.047156449407339096,0.29798540472984314,0.6301968097686768,-0.041813988238573074,0.294553279876709,0.6642804145812988,-0.030877314507961273
0.299888551235199,0.7316583395004272,-1.6083549780887552e-07,0.34447306394577026,0.7026326060295105,-0.017307467758655548,0.3774394690990448,0.6407885551452637,-0.026349831372499466,0.3688182830810547,0.581652820110321,-0.0360892191529274,0.3514178991317749,0.5395863056182861,-0.043751440942287445,0.3547901213169098,0.5876562595367432,-0.01327346358448267,0.37515708804130554,0.5281093120574951,-0.04333857074379921,0.38168415427207947,0.5466641187667847,-0.06051110103726387,0.3804226219654083,0.5837664008140564,-0.06543873995542526,0.3233643174171448,0.5871439576148987,-0.013871551491320133,0.3496297597885132,0.567741334438324,-0.04787956923246384,0.34869784116744995,0.6305859684944153,-0.053685080260038376,0.34267139434814453,0.67998206615448,-0.048962969332933426,0.29419082403182983,0.5915926098823547,-0.018961593508720398,0.32264867424964905,0.5781620740890503,-0.05189843475818634,0.3222236931324005,0.6391171813011169,-0.045809924602508545,0.3169839382171631,0.6835026144981384,-0.032060813158750534,0.26367154717445374,0.6011782288551331,-0.02545853517949581,0.2931166887283325,0.5866549611091614,-0.04749838262796402,0.297842413187027,0.6315417885780334,-0.04172429442405701,0.2940296530723572,0.6647999286651611,-0.03061128966510296
0.2995432913303375,0.7324298024177551,-1.7456885359479202e-07,0.34399107098579407,0.7026858329772949,-0.01772484928369522,0.3766363859176636,0.6412209272384644,-0.02701212652027607,0.3683520257472992,0.5819011926651001,-0.036958158016204834,0.35142195224761963,0.5390453338623047,-0.044732868671417236,0.3546660542488098,0.5890992283821106,-0.013894526287913322,0.37535378336906433,0.5287941694259644,-0.04451916739344597,0.38122570514678955,0.546895444393158,-0.06179516389966011,0.37884029746055603,0.584533154964447,-0.06655915826559067,0.32365185022354126,0.5886605978012085,-0.014373653568327427,0.34919506311416626,0.5678982734680176,-0.048736803233623505,0.3481653928756714,0.6311257481575012,-0.054301511496305466,0.3423367142677307,0.681311309337616,-0.04922865703701973,0.29477423429489136,0.5929436683654785,-0.01944011077284813,0.32237708568573,0.5789390802383423,-0.05279330909252167,0.32188552618026733,0.6399602890014648,-0.04653880372643471,0.31683415174484253,0.6848908066749573,-0.032454874366521835,0.2642921209335327,0.6023398041725159,-0.02594684436917305,0.29319024085998535,0.586505115032196,-0.04818063974380493,0.2978338599205017,0.6310949921607971,-0.042241375893354416,0.29397109150886536,0.6649624705314636,-0.030856814235448837
0.3000107705593109,0.7326184511184692,-1.5744629422442813e-07,0.34550780057907104,0.7020183801651001,-0.015444470569491386,0.3786870241165161,0.644925594329834,-0.023135535418987274,0.3730943202972412,0.5899331569671631,-0.031993649899959564,0.3585485517978668,0.5494443774223328,-0.038932088762521744,0.3567172586917877,0.5884982347488403,-0.01045933086425066,0.37497973442077637,0.5289843082427979,-0.038974035531282425,0.3811700642108917,0.5438606142997742,-0.05534357950091362,0.38067102432250977,0.578728973865509,-0.05979010462760925,0.3257503807544708,0.5879678726196289,-0.011619669385254383,0.3498813211917877,0.5663386583328247,-0.045060720294713974,0.34920719265937805,0.6265802383422852,-0.05144887417554855,0.34411269426345825,0.6774253249168396,-0.0467844158411026,0.29638901352882385,0.591861367225647,-0.01701652631163597,0.3231460452079773,0.580234706401825,-0.05002553015947342,0.32215723395347595,0.640263557434082,-0.04531354084610939,0.3171319365501404,0.6865189075469971,-0.03191564232110977,0.2651102840900421,0.6003220677375793,-0.02363506145775318,0.29307928681373596,0.5851172804832458,-0.045884788036346436,0.29760122299194336,0.6300833821296692,-0.040721770375967026,0.2939373552799225,0.6660463213920593,-0.0296267531812191
0.30078279972076416,0.7323998212814331,-1.459670073700181e-07,0.3460085391998291,0.7009904384613037,-0.01544172503054142,0.3784402310848236,0.6426106691360474,-0.02326221950352192,0.37235528230667114,0.5861319899559021,-0.03233339264988899,0.3574385643005371,0.5441341400146484,-0.03948819637298584,0.35539743304252625,0.587431788444519,-0.010549524798989296,0.37508371472358704,0.5280582904815674,-0.03962472081184387,0.3817538321018219,0.5454120635986328,-0.05636543780565262,0.3814670443534851,0.5813851952552795,-0.0609433576464653,0.3245556652545929,0.5873548984527588,-0.011852801777422428,0.35054445266723633,0.5657297968864441,-0.04539474844932556,0.3495209813117981,0.6261329054832458,-0.05173575505614281,0.3438822627067566,0.6763285398483276,-0.04713953658938408,0.29501545429229736,0.5913169384002686,-0.01746351085603237,0.32332348823547363,0.5789166688919067,-0.050642721354961395,0.3219771385192871,0.6392210721969604,-0.04556811600923538,0.31636282801628113,0.6852035522460938,-0.03193206712603569,0.26351475715637207,0.5995476841926575,-0.024288902059197426,0.2928446829319,0.5840388536453247,-0.04651349037885666,0.29759883880615234,0.6293537616729736,-0.04098953679203987,0.2938922345638275,0.6652581691741943,-0.029646210372447968
0.30047357082366943,0.7322794198989868,-1.6151454929058673e-07,0.34583941102027893,0.7012079358100891,-0.015670789405703545,0.3784041702747345,0.6438223719596863,-0.023630699142813683,0.3723859488964081,0.5882455706596375,-0.0327388197183609,0.35798490047454834,0.5467061996459961,-0.039836447685956955,0.35652869939804077,0.5879026651382446,-0.010880328714847565,0.3754771947860718,0.5286720991134644,-0.03994668647646904,0.38148605823516846,0.5450249314308167,-0.05660979449748993,0.38045501708984375,0.5810162425041199,-0.06110598146915436,0.32560402154922485,0.587596595287323,-0.012006341479718685,0.35006383061408997,0.5662056803703308,-0.04558497294783592,0.34941133856773376,0.6264294385910034,-0.05191025137901306,0.34442299604415894,0.6771673560142517,-0.047204721719026566,0.2962731719017029,0.5915767550468445,-0.017445268109440804,0.3233001232147217,0.5803099274635315,-0.05047740787267685,0.3222959041595459,0.6404172778129578,-0.045584410429000854,0.3173764646053314,0.6865438222885132,-0.03206658735871315,0.2651439309120178,0.6002734899520874,-0.024144897237420082,0.2934495210647583,0.585504412651062,-0.046289145946502686,0.29785674810409546,0.6305322647094727,-0.041004858911037445,0.2941845655441284,0.6662567257881165,-0.029815904796123505
0.30058610439300537,0.728763997554779,-1.7031364052400022e-07,0.34648218750953674,0.7000519633293152,-0.017761319875717163,0.3796795606613159,0.6378019452095032,-0.026604970917105675,0.37020647525787354,0.5786735415458679,-0.03581402078270912,0.352408230304718,0.5380520820617676,-0.0429425910115242,0.3565914034843445,0.5862887501716614,-0.014681074768304825,0.3751690685749054,0.5263869166374207,-0.04407742992043495,0.38133347034454346,0.5434994697570801,-0.06044231355190277,0.3804819583892822,0.5810034871101379,-0.06482124328613281,0.32516834139823914,0.5863420963287354,-0.014543144963681698,0.3497903645038605,0.5666417479515076,-0.04784378781914711,0.3488559424877167,0.6281953454017639,-0.05289727449417114,0.3435191810131073,0.6774872541427612,-0.047742076218128204,0.296050101518631,0.5908706784248352,-0.01881677284836769,0.32292020320892334,0.5789600014686584,-0.05139557644724846,0.32236447930336,0.6385228633880615,-0.04551925137639046,0.3175225555896759,0.6824444532394409,-0.03195668384432793,0.2656487822532654,0.6000066995620728,-0.024457165971398354,0.2932423949241638,0.5846021771430969,-0.04598473757505417,0.2980436682701111,0.6285697221755981,-0.040372371673583984,0.29477545619010925,0.66152024269104,-0.029545249417424202
0.3003610372543335,0.7283751964569092,-1.725502158933523e-07,0.34621337056159973,0.699870765209198,-0.017830101773142815,0.3787674605846405,0.6383885741233826,-0.0268334299325943,0.37021955847740173,0.5800847411155701,-0.03627829626202583,0.35315072536468506,0.539307713508606,-0.04369629919528961,0.35614997148513794,0.5864173173904419,-0.014237728901207447,0.3746618926525116,0.527062177658081,-0.043734099715948105,0.38119059801101685,0.5434960722923279,-0.06038936227560043,0.3803466260433197,0.5814793109893799,-0.06488128751516342,0.3251047730445862,0.5864049196243286,-0.014197669923305511,0.350450336933136,0.5675219297409058,-0.04760947450995445,0.3487504720687866,0.6290080547332764,-0.05287962779402733,0.3425450026988983,0.678963840007782,-0.047750089317560196,0.29627323150634766,0.5910884737968445,-0.0186034943908453,0.32319560647010803,0.5794674754142761,-0.05118768289685249,0.3222687542438507,0.6387021541595459,-0.04533787816762924,0.31718817353248596,0.6831406950950623,-0.03169337287545204,0.26613664627075195,0.6004199385643005,-0.024409152567386627,0.29335829615592957,0.5840646624565125,-0.04596199467778206,0.2983969748020172,0.627937376499176,-0.04014207422733307,0.29548949003219604,0.6618233919143677,-0.02904820814728737
0.30047157406806946,0.7280585765838623,-1.7075340963401686e-07,0.346061110496521,0.6998738050460815,-0.017770301550626755,0.37871918082237244,0.6385946869850159,-0.026600725948810577,0.37006676197052,0.5805278420448303,-0.03582492470741272,0.3535254895687103,0.5396111011505127,-0.04301924630999565,0.3560072183609009,0.5860880017280579,-0.014034286141395569,0.37467512488365173,0.5271722078323364,-0.04326510429382324,0.3812011778354645,0.5434935688972473,-0.05978592857718468,0.3803977072238922,0.5811191201210022,-0.06425347924232483,0.325083464384079,0.5860182642936707,-0.013946928083896637,0.3504689335823059,0.567767322063446,-0.047156739979982376,0.3487703204154968,0.6291887760162354,-0.052431534975767136,0.3425661325454712,0.6788488626480103,-0.04735015705227852,0.29639673233032227,0.5907160639762878,-0.018276168033480644,0.32320523262023926,0.5795080661773682,-0.0506722591817379,0.32211750745773315,0.6386469602584839,-0.04482724890112877,0.3169519007205963,0.6827203631401062,-0.03125212341547012,0.26638248562812805,0.6000617742538452,-0.0239969864487648,0.293303519487381,0.5840287208557129,-0.0454244390130043,0.29824280738830566,0.6279211044311523,-0.03959666192531586,0.2952832877635956,0.6614734530448914,-0.02853476256132126
0.30141186714172363,0.7289695143699646,-1.7119779727181594e-07,0.34502214193344116,0.7009180188179016,-0.01764797419309616,0.37955448031425476,0.6418682932853699,-0.026272468268871307,0.3733375668525696,0.5849004983901978,-0.0355071984231472,0.35672426223754883,0.5441593527793884,-0.042819373309612274,0.3582113981246948,0.5858196020126343,-0.012143408879637718,0.377094030380249,0.5274893641471863,-0.04156197980046272,0.3829096555709839,0.5429942011833191,-0.05848480015993118,0.3814046084880829,0.5792795419692993,-0.06310047209262848,0.3274036943912506,0.5852919220924377,-0.012309187091886997,0.3506794273853302,0.5645768642425537,-0.04602544754743576,0.3487713634967804,0.6268367767333984,-0.051902636885643005,0.34297412633895874,0.6773444414138794,-0.04679156839847565,0.29831621050834656,0.5899022817611694,-0.01697603240609169,0.32334327697753906,0.5772818922996521,-0.049987610429525375,0.32168683409690857,0.6381855607032776,-0.044237129390239716,0.3163727819919586,0.683732271194458,-0.03017682023346424,0.2674846351146698,0.599119246006012,-0.02305026911199093,0.29235151410102844,0.5823723673820496,-0.04473942518234253,0.2964663803577423,0.6258082985877991,-0.038734130561351776,0.29280561208724976,0.6592944860458374,-0.027174238115549088
0.3013705015182495,0.7287699580192566,-1.776904099415333e-07,0.3453254997730255,0.7015453577041626,-0.018425853922963142,0.37998539209365845,0.6402151584625244,-0.02728898450732231,0.37268441915512085,0.5805302858352661,-0.03643179312348366,0.35447415709495544,0.5387831926345825,-0.0436599925160408,0.3587946593761444,0.5861712098121643,-0.012991972267627716,0.3774615526199341,0.5280336737632751,-0.042472343891859055,0.3831799626350403,0.5432735085487366,-0.059266578406095505,0.3820874094963074,0.5795796513557434,-0.06393222510814667,0.327904611825943,0.5853699445724487,-0.01274905540049076,0.35114049911499023,0.5648373365402222,-0.04640420526266098,0.34900152683258057,0.6276143789291382,-0.051903918385505676,0.3433070778846741,0.6781817674636841,-0.046692024916410446,0.29893139004707336,0.5897496938705444,-0.01705816760659218,0.3238118290901184,0.577148973941803,-0.050074152648448944,0.32215002179145813,0.6384016275405884,-0.04373180493712425,0.31687599420547485,0.6832525730133057,-0.029493199661374092,0.2681932747364044,0.5986579060554504,-0.022829722613096237,0.292671799659729,0.5823991298675537,-0.044480931013822556,0.2961849272251129,0.626456081867218,-0.03819526731967926,0.2921980321407318,0.6590180993080139,-0.026660284027457237
0.30135729908943176,0.7287558317184448,-1.7308319399944594e-07,0.3454107940196991,0.7012104988098145,-0.018041646108031273,0.38002103567123413,0.6401792168617249,-0.026758546009659767,0.3735254406929016,0.5808544158935547,-0.03581739217042923,0.35538363456726074,0.5391783714294434,-0.04303188994526863,0.35864537954330444,0.5860884189605713,-0.01276229228824377,0.3772253096103668,0.5281750559806824,-0.04209062084555626,0.38312774896621704,0.5430458188056946,-0.05879191681742668,0.3823113441467285,0.5786248445510864,-0.06342054903507233,0.3280450701713562,0.5854434967041016,-0.012707037851214409,0.3513903021812439,0.5644460320472717,-0.04633628949522972,0.34902942180633545,0.6271013617515564,-0.05183679983019829,0.34312549233436584,0.6774961948394775,-0.04659577086567879,0.29904553294181824,0.5899016261100769,-0.01714523509144783,0.32382896542549133,0.5770548582077026,-0.050234273076057434,0.3220174014568329,0.6382246613502502,-0.04392315819859505,0.3167007267475128,0.6829648017883301,-0.02964404784142971,0.2682110369205475,0.5987011790275574,-0.022990068420767784,0.2925305664539337,0.5817444920539856,-0.04467096924781799,0.2961382567882538,0.6258683800697327,-0.03833228722214699,0.29229751229286194,0.6586794853210449,-0.026739967986941338
0.3022783398628235,0.7273386716842651,-1.7230345861207752e-07,0.34680289030075073,0.6984672546386719,-0.0175681933760643,0.380290687084198,0.6365932822227478,-0.025723252445459366,0.37212058901786804,0.5768875479698181,-0.034292202442884445,0.3553149104118347,0.5351418256759644,-0.04092421755194664,0.3585669696331024,0.5848783254623413,-0.011947773396968842,0.37671715021133423,0.5271308422088623,-0.040777403861284256,0.3828573226928711,0.543938159942627,-0.057397715747356415,0.3819813132286072,0.5804349184036255,-0.06205207481980324,0.327797532081604,0.5850756168365479,-0.011927695013582706,0.350851833820343,0.5650391578674316,-0.04483165219426155,0.3495667278766632,0.6251164078712463,-0.05075705051422119,0.34426888823509216,0.6741088628768921,-0.0461910106241703,0.2990370988845825,0.5898865461349487,-0.016365444287657738,0.3240116536617279,0.5770782232284546,-0.04882059991359711,0.32302621006965637,0.6362711191177368,-0.04328599572181702,0.31833896040916443,0.6805020570755005,-0.029832899570465088,0.26869165897369385,0.599037766456604,-0.022196657955646515,0.2939302325248718,0.5825850963592529,-0.04398983344435692,0.2980077266693115,0.6268671751022339,-0.03839607536792755,0.2947714626789093,0.6604664325714111,-0.027413038536906242
0.3024985194206238,0.7277123928070068,-1.739108199672046e-07,0.3469584286212921,0.6984834671020508,-0.017387954518198967,0.3799722492694855,0.6366673707962036,-0.025446666404604912,0.372005432844162,0.5775414109230042,-0.03400467708706856,0.35598406195640564,0.5355802178382874,-0.04069878160953522,0.35808175802230835,0.5856153964996338,-0.012022535316646099,0.3759997487068176,0.5272315144538879,-0.04081055521965027,0.38262444734573364,0.5442340970039368,-0.05741322785615921,0.38198205828666687,0.5808122158050537,-0.06204327195882797,0.3275524377822876,0.5861642360687256,-0.012153461575508118,0.3507871925830841,0.5656111240386963,-0.04509197920560837,0.3495962619781494,0.6260541677474976,-0.0509776696562767,0.3439498245716095,0.6753814220428467,-0.04637714847922325,0.29882001876831055,0.5912700295448303,-0.016714688390493393,0.3237132728099823,0.5776306390762329,-0.04943838715553284,0.32288843393325806,0.6372867226600647,-0.04393089562654495,0.3180139660835266,0.6820929646492004,-0.03037753328680992,0.268319308757782,0.6006377339363098,-0.02260781079530716,0.2937716245651245,0.5825391411781311,-0.04476875439286232,0.2983349561691284,0.6269631385803223,-0.03909267485141754,0.2948858141899109,0.6614513397216797,-0.02792191319167614
0.30225369334220886,0.7275568246841431,-1.7424629561446636e-07,0.3465774655342102,0.6984964609146118,-0.016848595812916756,0.3796940743923187,0.6377096772193909,-0.024808507412672043,0.37198764085769653,0.5793720483779907,-0.03338620811700821,0.3559119403362274,0.538031280040741,-0.040120869874954224,0.35831478238105774,0.585628867149353,-0.01174880936741829,0.37639498710632324,0.5271685123443604,-0.04034408554434776,0.3828414976596832,0.5438722968101501,-0.0568721629679203,0.3818628787994385,0.580422043800354,-0.0614282451570034,0.32781118154525757,0.5859821438789368,-0.012023716233670712,0.3508625626564026,0.5658187866210938,-0.04465606436133385,0.3496566712856293,0.625941276550293,-0.05050461366772652,0.3439103066921234,0.6749427318572998,-0.045925166457891464,0.29902371764183044,0.5909224152565002,-0.016643809154629707,0.32368233799934387,0.5774385333061218,-0.048939067870378494,0.32292914390563965,0.6368951797485352,-0.04342840984463692,0.3180515170097351,0.6817440986633301,-0.02996980771422386,0.26839199662208557,0.6002169847488403,-0.022567950189113617,0.29355305433273315,0.5826646089553833,-0.044453974813222885,0.29831862449645996,0.6269872188568115,-0.038777101784944534,0.2951781451702118,0.6615281105041504,-0.02760971523821354
0.30200278759002686,0.7269515991210938,-1.7772131855053885e-07,0.34648096561431885,0.6986895799636841,-0.018343307077884674,0.37941762804985046,0.6344751119613647,-0.026954565197229385,0.3709086775779724,0.5733630657196045,-0.03588630631566048,0.3525563180446625,0.5317223072052002,-0.042841941118240356,0.3578396141529083,0.5853485465049744,-0.012888163328170776,0.3772154450416565,0.5267332196235657,-0.04211057722568512,0.3840024471282959,0.5445596575737,-0.05848763510584831,0.3830786645412445,0.581516444683075,-0.06294737011194229,0.3272421956062317,0.5846282839775085,-0.012640034779906273,0.3513084948062897,0.5641201138496399,-0.04575401172041893,0.3494604229927063,0.6259132027626038,-0.050962965935468674,0.3430965840816498,0.674389660358429,-0.04589726775884628,0.2984793186187744,0.5888367295265198,-0.016974639147520065,0.32473868131637573,0.5746856331825256,-0.04938061162829399,0.3226616382598877,0.6351510882377625,-0.04302918538451195,0.31653881072998047,0.6788622736930847,-0.02912980504333973,0.2684880197048187,0.5976769924163818,-0.02277611382305622,0.29413095116615295,0.5822514295578003,-0.044096264988183975,0.2976062595844269,0.6262251734733582,-0.03821049630641937,0.2932714521884918,0.6585885882377625,-0.02722957357764244
0.3014862835407257,0.7265625,-1.800275271079954e-07,0.34619632363319397,0.6982400417327881,-0.018151763826608658,0.37940508127212524,0.634319543838501,-0.026737980544567108,0.3707728385925293,0.5736889839172363,-0.0356844998896122,0.3527487516403198,0.5320509672164917,-0.04271618649363518,0.35700854659080505,0.5849895477294922,-0.01306009292602539,0.3771928548812866,0.5272024869918823,-0.042340170592069626,0.38414061069488525,0.544755220413208,-0.05881958082318306,0.3829023241996765,0.5818207263946533,-0.06331848353147507,0.32647705078125,0.5841787457466125,-0.012885063886642456,0.35126012563705444,0.5646030902862549,-0.045961491763591766,0.3494683802127838,0.6263174414634705,-0.051195189356803894,0.34275156259536743,0.6750606894493103,-0.04617533087730408,0.297894686460495,0.5884518623352051,-0.01725662127137184,0.32461902499198914,0.5749902129173279,-0.049596939235925674,0.32257604598999023,0.6353162527084351,-0.04335629567503929,0.3162255883216858,0.6790773868560791,-0.029554111883044243,0.26812031865119934,0.5974446535110474,-0.023050103336572647,0.2940930128097534,0.5821791291236877,-0.04426852613687515,0.2976393401622772,0.6259881258010864,-0.0383576825261116,0.2930595576763153,0.6582528352737427,-0.027364201843738556
0.3014153242111206,0.7260828018188477,-1.7801158946895157e-07,0.3457590639591217,0.6982470154762268,-0.018377885222434998,0.3791636824607849,0.634687602519989,-0.027111811563372612,0.3706434965133667,0.5741114020347595,-0.03614366054534912,0.35261282324790955,0.5323460102081299,-0.04322373494505882,0.3567236661911011,0.5850141644477844,-0.013427020981907845,0.3772906959056854,0.5272469520568848,-0.04284854233264923,0.3842512369155884,0.5449582934379578,-0.05936528369784355,0.3828554153442383,0.5817767977714539,-0.06387420743703842,0.32630985975265503,0.584086000919342,-0.013142826966941357,0.351088285446167,0.5645980834960938,-0.046427931636571884,0.34931302070617676,0.6264602541923523,-0.051703907549381256,0.3425794243812561,0.6751195788383484,-0.04666798934340477,0.29780420660972595,0.5882242918014526,-0.017412688583135605,0.32447320222854614,0.574576199054718,-0.04985910281538963,0.3224644660949707,0.6351274251937866,-0.043609246611595154,0.31611397862434387,0.6789331436157227,-0.029763439670205116,0.26802393794059753,0.5971407890319824,-0.023122919723391533,0.29401203989982605,0.5821736454963684,-0.04443275183439255,0.29762256145477295,0.6260261535644531,-0.038623981177806854,0.29308193922042847,0.6580821871757507,-0.02766716107726097
0.30149853229522705,0.7258096933364868,-1.766992596685668e-07,0.3466399908065796,0.6984785795211792,-0.01771308109164238,0.3798423111438751,0.6346571445465088,-0.025991832837462425,0.36981117725372314,0.5744666457176208,-0.03452358767390251,0.3504006564617157,0.5333890914916992,-0.04111963137984276,0.35673901438713074,0.5852872729301453,-0.01197779644280672,0.37638136744499207,0.5272909998893738,-0.04027878865599632,0.3832048773765564,0.5435733199119568,-0.056182894855737686,0.38280752301216125,0.5794180035591125,-0.060594137758016586,0.3261435329914093,0.5836130976676941,-0.011913739144802094,0.35098549723625183,0.5638611316680908,-0.04438727721571922,0.3493756353855133,0.625630259513855,-0.04956676810979843,0.3435266613960266,0.6749522089958191,-0.04459015652537346,0.29754316806793213,0.5875675678253174,-0.016315847635269165,0.32396578788757324,0.5746575593948364,-0.04841608926653862,0.32304665446281433,0.6355445384979248,-0.04226863756775856,0.3183642327785492,0.679807186126709,-0.028582533821463585,0.26754793524742126,0.5965704917907715,-0.02210879884660244,0.2935922145843506,0.5817480683326721,-0.04354534670710564,0.29840797185897827,0.6267486810684204,-0.037854451686143875,0.2957622706890106,0.659757137298584,-0.027045635506510735
0.3013792634010315,0.7257641553878784,-1.756755381165931e-07,0.3464112877845764,0.6985766887664795,-0.017684202641248703,0.37974783778190613,0.6347621083259583,-0.02587113156914711,0.3699619174003601,0.5747362375259399,-0.034301627427339554,0.35093751549720764,0.5336880683898926,-0.04080626741051674,0.3566106855869293,0.5854389071464539,-0.011931375600397587,0.37625014781951904,0.5273722410202026,-0.04013931378722191,0.38306835293769836,0.5435481667518616,-0.05597192049026489,0.38259372115135193,0.5792191028594971,-0.0603346973657608,0.32614266872406006,0.5840573906898499,-0.011847532354295254,0.3508671820163727,0.5637676119804382,-0.044304732233285904,0.3493732810020447,0.6254789233207703,-0.04950062185525894,0.34353798627853394,0.6747445464134216,-0.044525377452373505,0.2975897490978241,0.5881004333496094,-0.01622297242283821,0.32381466031074524,0.5742725133895874,-0.04835687577724457,0.3229932188987732,0.6352094411849976,-0.04227590560913086,0.31831052899360657,0.6795828342437744,-0.028607148677110672,0.26754462718963623,0.5971556901931763,-0.021964246407151222,0.2934083044528961,0.581445038318634,-0.04349493980407715,0.2983691692352295,0.6264098882675171,-0.03785513713955879,0.29573336243629456,0.6596184372901917,-0.027049938216805458
0.3014988899230957,0.7257454991340637,-1.7362887660965498e-07,0.34651127457618713,0.698582649230957,-0.017692051827907562,0.37982383370399475,0.6347723603248596,-0.02585691213607788,0.36997148394584656,0.5747846961021423,-0.034262631088495255,0.35098040103912354,0.5338093042373657,-0.040731076151132584,0.3567195236682892,0.585383951663971,-0.011842852458357811,0.37628063559532166,0.5273915529251099,-0.040034934878349304,0.38310739398002625,0.5434550046920776,-0.055891964584589005,0.382693886756897,0.5791084170341492,-0.060283560305833817,0.32621851563453674,0.5839698910713196,-0.011768396012485027,0.3508751690387726,0.5637094378471375,-0.044243134558200836,0.3494265377521515,0.6254214644432068,-0.04947308450937271,0.34365183115005493,0.6746538877487183,-0.044504765421152115,0.2976609766483307,0.5880502462387085,-0.016155526041984558,0.3238215744495392,0.5743423700332642,-0.04826706647872925,0.32301002740859985,0.6352236866950989,-0.04217630624771118,0.31831851601600647,0.679470419883728,-0.02851010113954544,0.26760196685791016,0.597160816192627,-0.02192056179046631,0.2934409976005554,0.581666111946106,-0.04341152310371399,0.29834097623825073,0.6265344619750977,-0.03774923086166382,0.295646071434021,0.6595763564109802,-0.026940185576677322
0.3020116686820984,0.7264710664749146,-1.7327859325177997e-07,0.3464357256889343,0.6976346969604492,-0.017626844346523285,0.37906569242477417,0.6381382942199707,-0.026131313294172287,0.3728518486022949,0.5806752443313599,-0.03510584309697151,0.3563830256462097,0.5388231873512268,-0.04238199070096016,0.35735151171684265,0.5832142233848572,-0.01264219544827938,0.37647950649261475,0.5284472703933716,-0.04176590219140053,0.3827133774757385,0.5421095490455627,-0.05863029509782791,0.3819473087787628,0.5758984088897705,-0.06338965147733688,0.3270743489265442,0.5811203718185425,-0.012534421868622303,0.3510769009590149,0.5664731860160828,-0.04617152363061905,0.3486711382865906,0.627476155757904,-0.052415404468774796,0.34236735105514526,0.6768307685852051,-0.04768527299165726,0.2984893023967743,0.5851411819458008,-0.016734210774302483,0.32361534237861633,0.5777608156204224,-0.04986152425408363,0.3213135302066803,0.6374975442886353,-0.04479716718196869,0.31619659066200256,0.6821120977401733,-0.0312090702354908,0.2685624957084656,0.5940935015678406,-0.022272860631346703,0.29343900084495544,0.581663966178894,-0.044531162828207016,0.2969294488430023,0.6263217329978943,-0.03930192068219185,0.2929880917072296,0.66031813621521,-0.028186004608869553
0.30201002955436707,0.7261658310890198,-1.7331065294001746e-07,0.3464201092720032,0.6975212693214417,-0.017913926392793655,0.3790096342563629,0.6372485756874084,-0.026531066745519638,0.37197110056877136,0.5789777636528015,-0.035517368465662,0.35473594069480896,0.5368184447288513,-0.042754169553518295,0.357750803232193,0.5830826163291931,-0.012878872454166412,0.37762272357940674,0.528619110584259,-0.0421186126768589,0.38338813185691833,0.5425816178321838,-0.058953069150447845,0.38203907012939453,0.5767707228660583,-0.06363961845636368,0.3272761404514313,0.5810443162918091,-0.012620431371033192,0.3513171672821045,0.5665783882141113,-0.046088140457868576,0.3487400412559509,0.6273250579833984,-0.05217299610376358,0.34250521659851074,0.6764885187149048,-0.04741036146879196,0.2986427843570709,0.5850182771682739,-0.016726063564419746,0.3239436149597168,0.5779281854629517,-0.049684394150972366,0.32139313220977783,0.6375247240066528,-0.04453004151582718,0.31612998247146606,0.6819325089454651,-0.030990399420261383,0.26870474219322205,0.5939423441886902,-0.022202441468834877,0.2939307391643524,0.5822499990463257,-0.04431406408548355,0.2973388731479645,0.6271199584007263,-0.0390654131770134,0.2935029864311218,0.6610757112503052,-0.02800695039331913
0.3021039068698883,0.7262245416641235,-1.7058417256521352e-07,0.34656283259391785,0.6975014805793762,-0.01787896454334259,0.3790600299835205,0.637721061706543,-0.026583898812532425,0.3722776174545288,0.5798422694206238,-0.03568405285477638,0.3554283678531647,0.537672221660614,-0.04303980991244316,0.3578602969646454,0.583031952381134,-0.0128772659227252,0.3774944543838501,0.5287691950798035,-0.042177677154541016,0.38328009843826294,0.5425010323524475,-0.05914580449461937,0.38207173347473145,0.5765879154205322,-0.06393714994192123,0.3273804485797882,0.580880343914032,-0.012690666131675243,0.35140347480773926,0.5666269659996033,-0.04629822447896004,0.34888821840286255,0.627332866191864,-0.05249030888080597,0.34269410371780396,0.6766400337219238,-0.04776899516582489,0.2987101078033447,0.5848141312599182,-0.016853049397468567,0.32395002245903015,0.577836275100708,-0.04993004724383354,0.3215204179286957,0.6374555230140686,-0.0447683148086071,0.3163505494594574,0.6820876598358154,-0.0311823058873415,0.2687186002731323,0.5937236547470093,-0.02239147201180458,0.2938074469566345,0.5819987654685974,-0.04466325044631958,0.2972794771194458,0.6269538998603821,-0.03939415514469147,0.29350143671035767,0.6611177921295166,-0.02826305665075779
0.30312055349349976,0.7251613736152649,-1.907396836031694e-07,0.3476486802101135,0.6981246471405029,-0.018027521669864655,0.38100460171699524,0.6358696818351746,-0.0267459899187088,0.3730955719947815,0.5757628679275513,-0.035570502281188965,0.3550051748752594,0.5341786742210388,-0.04258745163679123,0.36061084270477295,0.5880803465843201,-0.015130066312849522,0.37868496775627136,0.5278989672660828,-0.04368021711707115,0.3837379217147827,0.5426121950149536,-0.05957329645752907,0.3816083073616028,0.5764582753181458,-0.06401605904102325,0.33019259572029114,0.586312472820282,-0.014684382826089859,0.35140401124954224,0.5673819780349731,-0.04709682986140251,0.34981656074523926,0.6281218528747559,-0.0522952526807785,0.3442620038986206,0.6760869026184082,-0.04770606756210327,0.30180612206459045,0.590013325214386,-0.01844087429344654,0.3243914246559143,0.5755001902580261,-0.049987997859716415,0.32425156235694885,0.6355205178260803,-0.04364236816763878,0.32032322883605957,0.6798376441001892,-0.030214251950383186,0.271782249212265,0.5988315343856812,-0.023617016151547432,0.29445499181747437,0.5817198753356934,-0.04496707767248154,0.29945337772369385,0.6255717277526855,-0.03920695558190346,0.2972401976585388,0.6588557958602905,-0.028410805389285088
0.3030366599559784,0.7245653867721558,-1.8437744131460931e-07,0.3479548394680023,0.6982653141021729,-0.018603462725877762,0.3810122013092041,0.6360366940498352,-0.027632180601358414,0.372957319021225,0.574569821357727,-0.03665229305624962,0.3545648455619812,0.5320529341697693,-0.04391547292470932,0.3606911897659302,0.5891329646110535,-0.01507110707461834,0.37802475690841675,0.5289044976234436,-0.04398150369524956,0.3837392330169678,0.5435807108879089,-0.06013859808444977,0.3829900920391083,0.5781295895576477,-0.0647275522351265,0.3306950628757477,0.5883638858795166,-0.014585163444280624,0.3516874611377716,0.565780758857727,-0.047521308064460754,0.3497527241706848,0.6263343691825867,-0.05285818129777908,0.3445124626159668,0.6750186085700989,-0.04820437356829643,0.3025592565536499,0.5924631953239441,-0.01841849274933338,0.32510724663734436,0.5760400891304016,-0.05089564993977547,0.3242094814777374,0.6357782483100891,-0.044550277292728424,0.3198762536048889,0.6797930002212524,-0.030802583321928978,0.2728251516819,0.6005838513374329,-0.023648526519536972,0.29503771662712097,0.5802120566368103,-0.04524966701865196,0.2993781864643097,0.6242082715034485,-0.0391618013381958,0.2967678904533386,0.6580872535705566,-0.028155798092484474
0.3034171760082245,0.7243401408195496,-1.8153464509396144e-07,0.3482929468154907,0.6979609727859497,-0.018358677625656128,0.3814076781272888,0.6359922885894775,-0.027138665318489075,0.3734901249408722,0.5741477012634277,-0.035949889570474625,0.3557097613811493,0.531139612197876,-0.043038398027420044,0.36112073063850403,0.5886410474777222,-0.014413567259907722,0.37839919328689575,0.5288642644882202,-0.04303776100277901,0.38387152552604675,0.5441312193870544,-0.05907272547483444,0.38315531611442566,0.5783118009567261,-0.06361215561628342,0.33121833205223083,0.5880715250968933,-0.013949760235846043,0.3518965542316437,0.5659236907958984,-0.046660762280225754,0.34980273246765137,0.6260231733322144,-0.05218532681465149,0.3446521461009979,0.6743354201316833,-0.04769641533493996,0.3029894232749939,0.5924050807952881,-0.017772464081645012,0.3252522945404053,0.5762823820114136,-0.050097256898880005,0.32434022426605225,0.6359362006187439,-0.04389854520559311,0.32020464539527893,0.6799712181091309,-0.030255116522312164,0.27306661009788513,0.6007147431373596,-0.022960681468248367,0.295150488615036,0.5809472799301147,-0.04444131627678871,0.29929932951927185,0.6250115633010864,-0.03845183923840523,0.29673877358436584,0.6587240099906921,-0.02751917578279972
0.3042639493942261,0.7240002751350403,-1.660840069916958e-07,0.3480095863342285,0.6984044313430786,-0.01824945956468582,0.3809261918067932,0.6386433839797974,-0.02687828429043293,0.3738318979740143,0.5803357362747192,-0.03579825162887573,0.3573005199432373,0.5384085774421692,-0.04260170832276344,0.36160925030708313,0.584828794002533,-0.011973031796514988,0.3797626197338104,0.528226375579834,-0.040487054735422134,0.3856586217880249,0.5439220070838928,-0.05689502879977226,0.38470548391342163,0.5792971849441528,-0.0615411251783371,0.33186444640159607,0.5832169055938721,-0.011518154293298721,0.3541363775730133,0.5658267140388489,-0.04405539110302925,0.35189929604530334,0.626055121421814,-0.04963817819952965,0.34624096751213074,0.6741352677345276,-0.044824808835983276,0.3038809299468994,0.5872592329978943,-0.015579232014715672,0.328398197889328,0.5784533023834229,-0.047074541449546814,0.32629019021987915,0.6373902559280396,-0.04089399427175522,0.3209618926048279,0.679836630821228,-0.027240430936217308,0.2744087278842926,0.5960092544555664,-0.02122618444263935,0.29919084906578064,0.5860984921455383,-0.04167339205741882,0.30159932374954224,0.6285802721977234,-0.03581991419196129,0.2973867356777191,0.6586124300956726,-0.02494272030889988
0.30444490909576416,0.7238960266113281,-1.728159020331077e-07,0.34815385937690735,0.6979925036430359,-0.017924748361110687,0.38083940744400024,0.6389032006263733,-0.026479104533791542,0.3736289143562317,0.5813074111938477,-0.03540840744972229,0.3574332892894745,0.5398534536361694,-0.042265888303518295,0.36212995648384094,0.5845797061920166,-0.011629439890384674,0.3798758387565613,0.5284864902496338,-0.039976779371500015,0.3854779601097107,0.5435161590576172,-0.05633203312754631,0.3842035233974457,0.5791054964065552,-0.06089390069246292,0.3321313261985779,0.5826839804649353,-0.011187758296728134,0.3538548946380615,0.5669077634811401,-0.04328550770878792,0.35135066509246826,0.6270074844360352,-0.048621442168951035,0.34559953212738037,0.67516028881073,-0.04369230940937996,0.30407482385635376,0.586689829826355,-0.015251247212290764,0.32805511355400085,0.5794925093650818,-0.04633927717804909,0.32578274607658386,0.6381797194480896,-0.040097009390592575,0.32051539421081543,0.6807197332382202,-0.026498712599277496,0.27461981773376465,0.5957010984420776,-0.02090035378932953,0.2991867661476135,0.5869179368019104,-0.041128162294626236,0.30140963196754456,0.6295741200447083,-0.035225965082645416,0.297235906124115,0.6597068905830383,-0.024302786216139793
0.3044032156467438,0.7237951159477234,-1.7140983743502147e-07,0.3480508327484131,0.6979889869689941,-0.018003901466727257,0.38081926107406616,0.6388949751853943,-0.026565803214907646,0.3738131523132324,0.5811961889266968,-0.03546828776597977,0.35749250650405884,0.5397343635559082,-0.04232114180922508,0.3620590567588806,0.5845834016799927,-0.011747944168746471,0.3797767758369446,0.5285599231719971,-0.040104035288095474,0.38546693325042725,0.5435337424278259,-0.05647152662277222,0.38424256443977356,0.5789336562156677,-0.06104316934943199,0.33210527896881104,0.5827367305755615,-0.01126626506447792,0.3538890480995178,0.5667170882225037,-0.04342404380440712,0.3513699173927307,0.6268165111541748,-0.04878969117999077,0.3455483913421631,0.675005316734314,-0.04385918751358986,0.3040447533130646,0.5867483615875244,-0.015282327309250832,0.3281225860118866,0.5794609189033508,-0.04647517576813698,0.32574665546417236,0.6381998658180237,-0.040277156978845596,0.32038140296936035,0.6807807683944702,-0.02666427567601204,0.27458155155181885,0.5956961512565613,-0.020876405760645866,0.2992091476917267,0.5868954658508301,-0.04120795801281929,0.3014070689678192,0.6296637058258057,-0.0353529155254364,0.29716354608535767,0.6599169969558716,-0.02443593181669712
0.30451980233192444,0.724446713924408,-1.740318822385234e-07,0.3481113612651825,0.6969863772392273,-0.017481112852692604,0.38094016909599304,0.6409459710121155,-0.026236437261104584,0.3747014105319977,0.5855347514152527,-0.035497650504112244,0.35978764295578003,0.5450448393821716,-0.042770832777023315,0.36208707094192505,0.5864169597625732,-0.012695697136223316,0.3801599144935608,0.5299058556556702,-0.04125054180622101,0.3847540318965912,0.5457196831703186,-0.05800635367631912,0.3822970390319824,0.5802486538887024,-0.06297283619642258,0.3329157829284668,0.5856775641441345,-0.012633420526981354,0.3541122078895569,0.5677987337112427,-0.04521545395255089,0.3526611328125,0.6265937089920044,-0.051635995507240295,0.34724661707878113,0.6748214364051819,-0.04765370488166809,0.3048727512359619,0.5903250575065613,-0.01678573340177536,0.3277618885040283,0.5776672959327698,-0.04795718193054199,0.3267480731010437,0.6355130672454834,-0.042483847588300705,0.32182466983795166,0.6790735721588135,-0.029476618394255638,0.2753887176513672,0.5998196601867676,-0.022410893812775612,0.2987446188926697,0.5864554643630981,-0.04296990483999252,0.30205756425857544,0.6280579566955566,-0.037487879395484924,0.2979404330253601,0.6595063209533691,-0.026836583390831947
0.30432629585266113,0.7247684001922607,-1.624639907049641e-07,0.3475501537322998,0.6979021430015564,-0.017265934497117996,0.38112398982048035,0.6426546573638916,-0.02574784867465496,0.37590980529785156,0.5874891877174377,-0.03467130661010742,0.3612145781517029,0.5471537709236145,-0.04169759526848793,0.36248713731765747,0.5872476696968079,-0.01214683335274458,0.3789411783218384,0.5303241014480591,-0.0398106575012207,0.3840221166610718,0.5444107055664062,-0.05603037774562836,0.38296329975128174,0.5773069262504578,-0.06086541339755058,0.3334469199180603,0.5866435170173645,-0.012075891718268394,0.3538808524608612,0.567171037197113,-0.044155754148960114,0.3523222506046295,0.6247731447219849,-0.05053456127643585,0.3474007844924927,0.6722360849380493,-0.04659045860171318,0.3053739368915558,0.5913398861885071,-0.01612408086657524,0.32772916555404663,0.5774008631706238,-0.0475655160844326,0.32669878005981445,0.6350993514060974,-0.04246002808213234,0.3223278820514679,0.6787923574447632,-0.029629329219460487,0.27573880553245544,0.6005725860595703,-0.021556856110692024,0.2982642352581024,0.5865470767021179,-0.04308697581291199,0.3013862669467926,0.6292358636856079,-0.038177113980054855,0.2978875935077667,0.6617923378944397,-0.027780961245298386
0.23902209103107452,0.83717942237854,-2.3546019178866118e-07,0.27275317907333374,0.8010965585708618,-0.017785314470529556,0.29038259387016296,0.7359144687652588,-0.024639876559376717,0.2855657637119293,0.6788638234138489,-0.03188107907772064,0.26766133308410645,0.6365762948989868,-0.03701432794332504,0.2696547508239746,0.6903961896896362,-0.0049974448047578335,0.29084312915802,0.6590185761451721,-0.03418543562293053,0.2942596971988678,0.6972905397415161,-0.05209925025701523,0.28956693410873413,0.7389240860939026,-0.05725586786866188,0.24376411736011505,0.6902790665626526,-0.0038215769454836845,0.2644846737384796,0.6774994134902954,-0.032821111381053925,0.2652212083339691,0.7368259429931641,-0.0397755429148674,0.2612563669681549,0.7827128767967224,-0.036372046917676926,0.21845769882202148,0.698413074016571,-0.00772157683968544,0.2401052862405777,0.6921310424804688,-0.03619613125920296,0.24304868280887604,0.7485156655311584,-0.03230126574635506,0.24180614948272705,0.7890164852142334,-0.020262887701392174,0.1923837959766388,0.7128415703773499,-0.01309502124786377,0.21409717202186584,0.7020907402038574,-0.02972518280148506,0.21979227662086487,0.738472044467926,-0.024193400517106056,0.21779730916023254,0.7641341686248779,-0.014030441641807556
0.2405909299850464,0.8361229300498962,-2.2976499280957796e-07,0.27553728222846985,0.7992284893989563,-0.01656605489552021,0.29350048303604126,0.7377831935882568,-0.02250007539987564,0.29110199213027954,0.6847720742225647,-0.028912261128425598,0.278560996055603,0.6426694393157959,-0.033487509936094284,0.27572861313819885,0.6915477514266968,-0.003673552768304944,0.2976865768432617,0.6620639562606812,-0.03150736540555954,0.2995561361312866,0.6919249892234802,-0.04900893568992615,0.29410168528556824,0.728351891040802,-0.05428295210003853,0.24962618947029114,0.6900970339775085,-0.002760580275207758,0.2687319219112396,0.6769315004348755,-0.03144098073244095,0.2670171856880188,0.7349596619606018,-0.03828395903110504,0.26213616132736206,0.7807764410972595,-0.03460276126861572,0.223263218998909,0.6968992352485657,-0.006693246308714151,0.24240824580192566,0.6885898113250732,-0.03528460115194321,0.24452641606330872,0.7444244027137756,-0.031503401696681976,0.24345581233501434,0.7861764430999756,-0.019256610423326492,0.19552922248840332,0.7111296653747559,-0.011965841054916382,0.2139221876859665,0.6984121799468994,-0.029823506250977516,0.22082577645778656,0.7350404858589172,-0.024631863459944725,0.22076542675495148,0.7625744342803955,-0.014184429310262203
0.24020080268383026,0.834231436252594,-2.2930663590159384e-07,0.27555811405181885,0.7987602949142456,-0.018362727016210556,0.2918921113014221,0.7347564101219177,-0.02514435350894928,0.2875295877456665,0.6794010996818542,-0.03193283453583717,0.27220386266708374,0.6371533870697021,-0.03650498762726784,0.2758578360080719,0.6894649863243103,-0.006720744539052248,0.2996380031108856,0.6593453288078308,-0.03554427623748779,0.29954665899276733,0.6944071054458618,-0.05291695520281792,0.29139453172683716,0.7334601283073425,-0.05792922154068947,0.24908392131328583,0.688122570514679,-0.005073589738458395,0.26803353428840637,0.6760407090187073,-0.0341649055480957,0.2663281261920929,0.7344415187835693,-0.04068581759929657,0.2612752616405487,0.779310405254364,-0.03693081811070442,0.22240769863128662,0.695250391960144,-0.008388416841626167,0.24179132282733917,0.6882834434509277,-0.037050578743219376,0.24443046748638153,0.7443605661392212,-0.032856546342372894,0.2431393414735794,0.7848179340362549,-0.02057563327252865,0.19484387338161469,0.7093027830123901,-0.01317284069955349,0.21490657329559326,0.6982541084289551,-0.03075919859111309,0.22118382155895233,0.7355194091796875,-0.025357527658343315,0.2199089229106903,0.7616898417472839,-0.015016543678939342
0.24090954661369324,0.8342075943946838,-2.2647552100352186e-07,0.27539053559303284,0.7986838817596436,-0.018452180549502373,0.291994571685791,0.7354953289031982,-0.02546357922255993,0.288857638835907,0.6799624562263489,-0.03261085972189903,0.27486294507980347,0.6365833878517151,-0.037603944540023804,0.27468469738960266,0.6907110214233398,-0.00667176116257906,0.29741227626800537,0.6592856645584106,-0.03588268160820007,0.2980848550796509,0.6927362680435181,-0.05360180884599686,0.29078203439712524,0.7307501435279846,-0.05879508703947067,0.24854648113250732,0.6897480487823486,-0.005064178258180618,0.2676764130592346,0.676942765712738,-0.03482997044920921,0.26653486490249634,0.7352383732795715,-0.0417807474732399,0.2614762485027313,0.780070960521698,-0.03826863318681717,0.22245535254478455,0.6967214941978455,-0.008445747196674347,0.24163471162319183,0.6881246566772461,-0.03776814788579941,0.24468106031417847,0.7438927292823792,-0.03363804146647453,0.24349437654018402,0.7844262719154358,-0.021248754113912582,0.19511277973651886,0.7106349468231201,-0.013295959681272507,0.21442310512065887,0.6978275179862976,-0.03133400157094002,0.22133396565914154,0.7340328097343445,-0.02600499428808689,0.2205081582069397,0.7604646682739258,-0.015621073544025421
0.2416650354862213,0.8349822163581848,-2.389461997154285e-07,0.2761721611022949,0.7988100647926331,-0.01448148488998413,0.2938917875289917,0.7388826012611389,-0.02005033753812313,0.2929333448410034,0.6871050596237183,-0.026348304003477097,0.28165164589881897,0.6472676992416382,-0.030642909929156303,0.2803550064563751,0.6949350237846375,-0.005494451150298119,0.3016211986541748,0.6607853174209595,-0.03177057206630707,0.3011605143547058,0.6923035383224487,-0.047132499516010284,0.29470252990722656,0.7291114330291748,-0.05126991122961044,0.2533486485481262,0.6934497952461243,-0.005684191826730967,0.2707274556159973,0.6743133664131165,-0.03265474736690521,0.2695397734642029,0.7322956323623657,-0.03769544139504433,0.2659412920475006,0.7775886058807373,-0.03326664865016937,0.2260151207447052,0.6994674205780029,-0.0102360425516963,0.2440403252840042,0.687985360622406,-0.03710253909230232,0.24690701067447662,0.743139386177063,-0.032210107892751694,0.24604324996471405,0.7841964960098267,-0.019939027726650238,0.19731132686138153,0.7126284241676331,-0.015885937958955765,0.21623113751411438,0.6957277655601501,-0.03192785009741783,0.2232896089553833,0.7324358820915222,-0.025460874661803246,0.2231343388557434,0.7608730792999268,-0.014796871691942215
0.24152185022830963,0.8331804275512695,-2.2977225455633743e-07,0.2745409309864044,0.801770806312561,-0.014890485443174839,0.29428112506866455,0.7435855269432068,-0.02134089730679989,0.297128826379776,0.6925349831581116,-0.028454123064875603,0.28926730155944824,0.6524306535720825,-0.0332438163459301,0.27842894196510315,0.6944384574890137,-0.007025690283626318,0.3006821870803833,0.6576881408691406,-0.03417878970503807,0.30051445960998535,0.6921541690826416,-0.04979643598198891,0.2930777370929718,0.7304537296295166,-0.053859591484069824,0.2518119513988495,0.6932432651519775,-0.0072202966548502445,0.2701300382614136,0.6746960282325745,-0.034314535558223724,0.2695219814777374,0.7330306172370911,-0.03914586454629898,0.2650291919708252,0.7764565944671631,-0.03477437049150467,0.22495685517787933,0.6995736956596375,-0.01178238820284605,0.24319379031658173,0.6882114410400391,-0.03847472742199898,0.24676352739334106,0.7429870367050171,-0.033044636249542236,0.24546274542808533,0.7815678715705872,-0.020706569775938988,0.19729353487491608,0.7130817770957947,-0.017489975318312645,0.2157212793827057,0.6973702311515808,-0.03328936919569969,0.22352372109889984,0.733637273311615,-0.026499897241592407,0.22370633482933044,0.7608004808425903,-0.015705326572060585
0.24144963920116425,0.8342484831809998,-2.2945123134832102e-07,0.2743806838989258,0.8013741970062256,-0.014512781985104084,0.2937311828136444,0.7455300092697144,-0.021079204976558685,0.29792559146881104,0.6957383751869202,-0.028561865910887718,0.29346132278442383,0.6550185680389404,-0.033954452723264694,0.2781352996826172,0.6957048177719116,-0.005775701254606247,0.29907023906707764,0.6598041653633118,-0.03279154747724533,0.2996320426464081,0.6918415427207947,-0.04883033409714699,0.29340440034866333,0.72907555103302,-0.053261931985616684,0.2519264817237854,0.6944131851196289,-0.006155716720968485,0.26984739303588867,0.6749829053878784,-0.03360588103532791,0.2698969841003418,0.7325764298439026,-0.039188530296087265,0.2658889889717102,0.7767725586891174,-0.035195380449295044,0.22547601163387299,0.7002636194229126,-0.01087864674627781,0.24321335554122925,0.6882697343826294,-0.037964146584272385,0.24686120450496674,0.7427347898483276,-0.033080849796533585,0.24556495249271393,0.7824485301971436,-0.02086757682263851,0.1979321986436844,0.713435709476471,-0.016709323972463608,0.21555520594120026,0.696835994720459,-0.03297606110572815,0.22343528270721436,0.7329995036125183,-0.02656238153576851,0.22350475192070007,0.7610679864883423,-0.0158507339656353
0.2410377860069275,0.8373810052871704,-2.2049597703244217e-07,0.2749141752719879,0.8010779023170471,-0.015211068093776703,0.2932472825050354,0.7420266270637512,-0.020797690376639366,0.2964495122432709,0.6903205513954163,-0.027253367006778717,0.28970247507095337,0.6481323838233948,-0.03174988552927971,0.27850162982940674,0.6934954524040222,-0.0022628752049058676,0.29918375611305237,0.662568211555481,-0.02938886173069477,0.30046990513801575,0.6918582916259766,-0.046321410685777664,0.2948322892189026,0.7283501029014587,-0.05119338631629944,0.25260260701179504,0.692006528377533,-0.0020762409549206495,0.26966187357902527,0.6750332117080688,-0.03026646189391613,0.26796630024909973,0.7318106293678284,-0.03688465431332588,0.26363250613212585,0.7778770923614502,-0.03301187604665756,0.22591012716293335,0.6981561779975891,-0.0066668991930782795,0.24321044981479645,0.6889024376869202,-0.03478149697184563,0.24556627869606018,0.7437892556190491,-0.031200408935546875,0.2447621375322342,0.7854503989219666,-0.019160239025950432,0.19815990328788757,0.7112253308296204,-0.012535457499325275,0.2147819548845291,0.6958644390106201,-0.029765581712126732,0.22170744836330414,0.7313284277915955,-0.02444818988442421,0.2218567132949829,0.759175181388855,-0.014114112593233585
0.24027685821056366,0.8359953761100769,-2.220934760543969e-07,0.2747958302497864,0.8004817366600037,-0.01570519432425499,0.2936195433139801,0.7407848238945007,-0.021556265652179718,0.29585057497024536,0.687629222869873,-0.028213031589984894,0.2877950072288513,0.6450215578079224,-0.032840196043252945,0.27813097834587097,0.6914618611335754,-0.00261691864579916,0.2992463707923889,0.6613191962242126,-0.029978064820170403,0.29995304346084595,0.6936051249504089,-0.046948857605457306,0.29402950406074524,0.7318735718727112,-0.05179990082979202,0.25191447138786316,0.6901875138282776,-0.0022505808155983686,0.2693726122379303,0.6739746332168579,-0.030274540185928345,0.26708734035491943,0.7310280799865723,-0.03686470910906792,0.26261669397354126,0.7766554951667786,-0.033070702105760574,0.2251954972743988,0.6967604160308838,-0.006706893444061279,0.24348407983779907,0.6875933408737183,-0.034775953739881516,0.24547076225280762,0.7427371144294739,-0.03113815002143383,0.24460096657276154,0.7842516899108887,-0.019159162417054176,0.19769591093063354,0.7101625204086304,-0.012458566576242447,0.21594086289405823,0.6950597763061523,-0.02962515689432621,0.22228717803955078,0.7306227684020996,-0.024221273139119148,0.22181373834609985,0.7578797936439514,-0.013905712403357029
0.2405959814786911,0.8360965251922607,-2.262248415263457e-07,0.274958074092865,0.7999400496482849,-0.015461690723896027,0.2941818833351135,0.7415021061897278,-0.021355096250772476,0.2976398766040802,0.689561128616333,-0.02818411774933338,0.29080280661582947,0.6473762392997742,-0.032935671508312225,0.27731239795684814,0.6913992762565613,-0.0018607752863317728,0.2980542778968811,0.6615883708000183,-0.02928517758846283,0.29862159490585327,0.6950691342353821,-0.04640686511993408,0.29275545477867126,0.7340825200080872,-0.051291435956954956,0.2515096366405487,0.6905704736709595,-0.0016187833389267325,0.269235759973526,0.6740760207176208,-0.02980017475783825,0.26738688349723816,0.7314398288726807,-0.036679454147815704,0.2631790041923523,0.7775173187255859,-0.03296613320708275,0.22513402998447418,0.697296142578125,-0.006226515397429466,0.2431759238243103,0.6880322694778442,-0.03430737927556038,0.24537914991378784,0.7429443001747131,-0.030876124277710915,0.244576096534729,0.7846550941467285,-0.018939562141895294,0.197854146361351,0.7106873989105225,-0.012128114700317383,0.215488001704216,0.695367157459259,-0.029256202280521393,0.22206054627895355,0.7308413982391357,-0.023946471512317657,0.22183668613433838,0.7585756182670593,-0.01362023688852787
0.2407137155532837,0.8360658884048462,-2.400217624654033e-07,0.2758718430995941,0.8009526133537292,-0.01655745692551136,0.2961309254169464,0.7451027035713196,-0.023545805364847183,0.3007563650608063,0.6943440437316895,-0.031122207641601562,0.2968542277812958,0.6520095467567444,-0.03631734848022461,0.27881672978401184,0.6916041970252991,-0.0050496431067585945,0.3007120192050934,0.6620078086853027,-0.03310288116335869,0.29920294880867004,0.6979058980941772,-0.05006738752126694,0.2917121648788452,0.7381880283355713,-0.05478135123848915,0.25239288806915283,0.6896528601646423,-0.0043827868066728115,0.27168163657188416,0.6748493313789368,-0.03298138827085495,0.26894643902778625,0.7337196469306946,-0.0392707884311676,0.26447567343711853,0.7803783416748047,-0.03517281264066696,0.22583766281604767,0.6954745054244995,-0.008585033938288689,0.24556173384189606,0.6886957287788391,-0.036263857036828995,0.24659568071365356,0.7431706786155701,-0.032590601593256,0.24514785408973694,0.7846444249153137,-0.02069360390305519,0.19895340502262115,0.7082504034042358,-0.014197148382663727,0.21564099192619324,0.6961435675621033,-0.03026779554784298,0.22166484594345093,0.7292938828468323,-0.02514219842851162,0.22163565456867218,0.7547115087509155,-0.015200936235487461
0.24117238819599152,0.8364502191543579,-2.2565211565961363e-07,0.27542439103126526,0.8013121485710144,-0.01615857146680355,0.2961418628692627,0.7460821270942688,-0.02317378669977188,0.30325257778167725,0.6965609192848206,-0.031083472073078156,0.3014230728149414,0.6550101041793823,-0.036719437688589096,0.27700936794281006,0.691601037979126,-0.0030492402147501707,0.2966347932815552,0.6621662378311157,-0.030942654237151146,0.2965103089809418,0.6979045867919922,-0.0480937622487545,0.29079073667526245,0.7375214695930481,-0.05292600020766258,0.25099098682403564,0.6906018853187561,-0.0027948806528002024,0.27045878767967224,0.6738272905349731,-0.03171732276678085,0.26850709319114685,0.7318679094314575,-0.038773443549871445,0.26415523886680603,0.7782637476921082,-0.0348818264901638,0.22499215602874756,0.6968436241149902,-0.007419990375638008,0.2446267306804657,0.6890084743499756,-0.03552714362740517,0.24620579183101654,0.7433821558952332,-0.032276298850774765,0.24501846730709076,0.7845791578292847,-0.020305650308728218,0.19873511791229248,0.7096706032752991,-0.013431054539978504,0.21490298211574554,0.6965395212173462,-0.029879333451390266,0.2216167151927948,0.7297678589820862,-0.02485668659210205,0.22225016355514526,0.7556008696556091,-0.014755290001630783
0.24003194272518158,0.8352391719818115,-2.1920098447480996e-07,0.27519968152046204,0.8014386892318726,-0.016749508678913116,0.29672837257385254,0.744757354259491,-0.02355900965631008,0.3031677007675171,0.6941273212432861,-0.031062014400959015,0.2991875410079956,0.6520482897758484,-0.036430880427360535,0.27698448300361633,0.692182719707489,-0.00347497989423573,0.29705801606178284,0.6620597243309021,-0.03123055212199688,0.2974274456501007,0.6961966753005981,-0.04828185960650444,0.29195404052734375,0.7347304821014404,-0.053090788424015045,0.2506609261035919,0.6906597018241882,-0.002777303336188197,0.27078160643577576,0.673980176448822,-0.03194866701960564,0.26913419365882874,0.7320812940597534,-0.039075855165719986,0.2645411491394043,0.7788245677947998,-0.03515978530049324,0.22432035207748413,0.696458101272583,-0.006961589679121971,0.24457882344722748,0.6878263354301453,-0.03538310155272484,0.24616089463233948,0.7430891990661621,-0.032197505235672,0.24465228617191315,0.7850626111030579,-0.020177697762846947,0.1976982057094574,0.7088635563850403,-0.012564904056489468,0.21493764221668243,0.6965975761413574,-0.029597289860248566,0.22151581943035126,0.7309260964393616,-0.02488897182047367,0.22159098088741302,0.7576344609260559,-0.014895554631948471
0.24225254356861115,0.834347128868103,-2.1974513231270976e-07,0.27727290987968445,0.7984568476676941,-0.016323424875736237,0.2958338260650635,0.7393165826797485,-0.022197358310222626,0.29777926206588745,0.6868259310722351,-0.028584353625774384,0.2902861535549164,0.64442378282547,-0.03283664956688881,0.27964144945144653,0.6914199590682983,-0.004192554857581854,0.30166202783584595,0.6612349152565002,-0.031289584934711456,0.3017740845680237,0.6931143999099731,-0.04772551730275154,0.2949354350566864,0.7298833131790161,-0.052300333976745605,0.25349709391593933,0.6894925832748413,-0.0032430060673505068,0.27232691645622253,0.6757271885871887,-0.031529854983091354,0.27012088894844055,0.7339227199554443,-0.03754708543419838,0.2650468349456787,0.779804527759552,-0.03333250433206558,0.2267087697982788,0.6952963471412659,-0.00711011840030551,0.24624003469944,0.68776535987854,-0.03513585776090622,0.24782787263393402,0.7436023950576782,-0.031162168830633163,0.24616894125938416,0.7855424880981445,-0.01895243301987648,0.19912967085838318,0.7080589532852173,-0.012357736937701702,0.21827533841133118,0.6968035697937012,-0.029488341882824898,0.22437867522239685,0.7316359877586365,-0.024507399648427963,0.22331993281841278,0.7578723430633545,-0.014492982067167759
0.24326151609420776,0.8331501483917236,-2.3401139515044633e-07,0.27825504541397095,0.7971756458282471,-0.01769196055829525,0.2951435148715973,0.7340703010559082,-0.023835625499486923,0.29163721203804016,0.6791590452194214,-0.030160939320921898,0.2801183760166168,0.6358346939086914,-0.03423795849084854,0.2811196446418762,0.6913635730743408,-0.006256108172237873,0.3044198453426361,0.6592116951942444,-0.03455495089292526,0.3037635087966919,0.6926354765892029,-0.05136198177933693,0.2956896424293518,0.7318227887153625,-0.05586132034659386,0.2543802857398987,0.6900591850280762,-0.004777108319103718,0.2720596194267273,0.6758580803871155,-0.033722106367349625,0.2702521085739136,0.7348173260688782,-0.039712511003017426,0.26576706767082214,0.7806146740913391,-0.035549361258745193,0.22735412418842316,0.6963409185409546,-0.008277113549411297,0.2461344450712204,0.6878818273544312,-0.03703317791223526,0.24785122275352478,0.744438886642456,-0.03279499709606171,0.24580448865890503,0.7858569025993347,-0.020364873111248016,0.19907766580581665,0.7089964747428894,-0.0131595553830266,0.21823661029338837,0.6952254176139832,-0.030321413651108742,0.22377610206604004,0.7302414774894714,-0.024717707186937332,0.22146780788898468,0.7557589411735535,-0.014338448643684387
0.24201084673404694,0.8349564671516418,-2.185185365988218e-07,0.2767948508262634,0.7995274066925049,-0.016056710854172707,0.2964516580104828,0.7410720586776733,-0.021861108019948006,0.29901188611984253,0.688840389251709,-0.028247294947504997,0.2924935519695282,0.6452531814575195,-0.032683730125427246,0.27980366349220276,0.6930692791938782,-0.0038303264882415533,0.30124062299728394,0.6613849401473999,-0.03080376610159874,0.30264103412628174,0.6902320981025696,-0.047170184552669525,0.2969874143600464,0.7254434823989868,-0.051663871854543686,0.2536536455154419,0.6910054683685303,-0.003145053517073393,0.27206745743751526,0.6745338439941406,-0.03191140666604042,0.2705657184123993,0.7332470417022705,-0.03823874890804291,0.2660517394542694,0.7802357077598572,-0.03394446521997452,0.22687885165214539,0.6964466571807861,-0.007214839570224285,0.24595193564891815,0.6883421540260315,-0.03590846434235573,0.24792270362377167,0.7448537349700928,-0.0322878323495388,0.24651513993740082,0.7869595289230347,-0.019968096166849136,0.19913232326507568,0.7087911367416382,-0.012564504519104958,0.21716396510601044,0.6963356733322144,-0.029893161728978157,0.22363559901714325,0.7312480807304382,-0.02487812377512455,0.2228771150112152,0.7575477361679077,-0.01473790779709816
0.24343959987163544,0.8338360786437988,-2.0955286572643672e-07,0.2789292633533478,0.7958509922027588,-0.016097160056233406,0.29627835750579834,0.7347704172134399,-0.022060154005885124,0.2951821982860565,0.6809605956077576,-0.028579210862517357,0.28476664423942566,0.6380486488342285,-0.033158186823129654,0.278433620929718,0.6879238486289978,-0.00425019022077322,0.30201101303100586,0.6600102782249451,-0.03186119347810745,0.3033423125743866,0.6916656494140625,-0.04885043576359749,0.29681146144866943,0.7287079691886902,-0.05378204956650734,0.25218459963798523,0.6869543790817261,-0.003581664990633726,0.2714170515537262,0.6749534606933594,-0.03146888315677643,0.2703964412212372,0.7319388389587402,-0.037628572434186935,0.2664487659931183,0.7767397165298462,-0.033855192363262177,0.22574010491371155,0.694275438785553,-0.007716027088463306,0.24618536233901978,0.6894031763076782,-0.035906560719013214,0.24900391697883606,0.7449122667312622,-0.03203580528497696,0.24831558763980865,0.7858798503875732,-0.020014725625514984,0.1988101452589035,0.7086904048919678,-0.013158733025193214,0.21826675534248352,0.6983372569084167,-0.03058803267776966,0.2248181253671646,0.7340996265411377,-0.025504769757390022,0.22435961663722992,0.7603165507316589,-0.015432223677635193
0.24356140196323395,0.8331670165061951,-2.257403224348309e-07,0.27933716773986816,0.7955461740493774,-0.01685984991490841,0.29621005058288574,0.7330996990203857,-0.022906644269824028,0.2925601303577423,0.6785886287689209,-0.029277950525283813,0.28037917613983154,0.6355230808258057,-0.033634476363658905,0.2794562578201294,0.6877722144126892,-0.005466335918754339,0.30369776487350464,0.6591530442237854,-0.03367074206471443,0.30447918176651,0.6920585036277771,-0.05089737847447395,0.29725897312164307,0.7306968569755554,-0.055808041244745255,0.2526356279850006,0.6870243549346924,-0.0044280169531702995,0.2713330388069153,0.6743629574775696,-0.032658882439136505,0.26997676491737366,0.7318632006645203,-0.03870654106140137,0.2658914625644684,0.7773756384849548,-0.034761782735586166,0.22584094107151031,0.694661557674408,-0.008282525464892387,0.24570971727371216,0.6889449954032898,-0.036523520946502686,0.2483692169189453,0.7447927594184875,-0.032384272664785385,0.24767519533634186,0.7859849333763123,-0.020132938399910927,0.1985107809305191,0.709216296672821,-0.01349051482975483,0.21791881322860718,0.6970864534378052,-0.030587000772356987,0.22414076328277588,0.7330136299133301,-0.02498335763812065,0.223314106464386,0.7594178318977356,-0.014545979909598827
0.24380512535572052,0.833760142326355,-2.180251499339647e-07,0.27902835607528687,0.7951911687850952,-0.016213657334446907,0.2961684465408325,0.7337716221809387,-0.022129613906145096,0.2944311797618866,0.6797456741333008,-0.028634633868932724,0.2834397852420807,0.6365541219711304,-0.03324415162205696,0.2781350016593933,0.6888941526412964,-0.004323474131524563,0.3015047311782837,0.659583330154419,-0.03228868916630745,0.3035229444503784,0.6913620233535767,-0.04943086579442024,0.2976306974887848,0.7287630438804626,-0.054315149784088135,0.251886785030365,0.6883108615875244,-0.0036301801446825266,0.27128949761390686,0.6745073199272156,-0.03192829340696335,0.27023181319236755,0.7316675186157227,-0.0381755605340004,0.2658884525299072,0.7769893407821655,-0.03428751230239868,0.22552227973937988,0.6957100033760071,-0.007796524092555046,0.24570342898368835,0.6892529726028442,-0.03611830994486809,0.24844904243946075,0.7449337840080261,-0.03209817782044411,0.24760769307613373,0.786199152469635,-0.01982235535979271,0.19846734404563904,0.7101433277130127,-0.013290523551404476,0.2172943502664566,0.6976669430732727,-0.030460326001048088,0.22399377822875977,0.733035683631897,-0.025052174925804138,0.22355590760707855,0.7595076560974121,-0.014713501557707787
0.24253752827644348,0.8356832265853882,-2.2896610119005345e-07,0.2773765027523041,0.8007234930992126,-0.015741584822535515,0.2973010241985321,0.7419672012329102,-0.021490534767508507,0.299049437046051,0.6903326511383057,-0.02809884585440159,0.2892829179763794,0.649610698223114,-0.032744862139225006,0.2816329896450043,0.6915193200111389,-0.0023860689252614975,0.3037468194961548,0.6607348918914795,-0.029256749898195267,0.3048546016216278,0.6934183239936829,-0.046042051166296005,0.2980652153491974,0.7316616773605347,-0.050927046686410904,0.25534045696258545,0.6907624006271362,-0.002104364335536957,0.2715162932872772,0.6724063754081726,-0.028736963868141174,0.2698204815387726,0.728495717048645,-0.03510289266705513,0.2650134563446045,0.7723631262779236,-0.03171855956315994,0.2284158319234848,0.6982342600822449,-0.006625075358897448,0.24546422064304352,0.6848103404045105,-0.033768441528081894,0.24781666696071625,0.7395100593566895,-0.029868291690945625,0.24645796418190002,0.7806017994880676,-0.018132030963897705,0.2003919929265976,0.7121310830116272,-0.01245133113116026,0.21665897965431213,0.693309485912323,-0.029135527089238167,0.22368501126766205,0.7282692790031433,-0.023259975016117096,0.22345301508903503,0.7558730840682983,-0.012766930274665356
0.2898998558521271,0.7169404029846191,-2.2883105543769489e-07,0.3278435468673706,0.7079229950904846,-0.026994401589035988,0.3564460277557373,0.683073103427887,-0.04872128739953041,0.35375717282295227,0.6524796485900879,-0.06711641699075699,0.3377031683921814,0.6301098465919495,-0.08294060826301575,0.36199724674224854,0.5579073429107666,-0.04088592901825905,0.37816300988197327,0.6243067383766174,-0.08176355808973312,0.372545063495636,0.6795912981033325,-0.10741226375102997,0.36558201909065247,0.7175561785697937,-0.11880272626876831,0.31960880756378174,0.5540502071380615,-0.04103762283921242,0.3332761228084564,0.648483157157898,-0.07549799233675003,0.3355141878128052,0.7107318639755249,-0.08278809487819672,0.33559688925743103,0.7440523505210876,-0.0818752646446228,0.2794392704963684,0.5732285976409912,-0.04523587226867676,0.29985731840133667,0.6696336269378662,-0.07358554005622864,0.3067428767681122,0.7128983736038208,-0.06861044466495514,0.31018659472465515,0.7250111103057861,-0.059007678180933,0.2465047389268875,0.6043210029602051,-0.05225280672311783,0.2694995105266571,0.6773780584335327,-0.06709948182106018,0.28181713819503784,0.7112526893615723,-0.06160465627908707,0.2886367738246918,0.7159060835838318,-0.05272870883345604
0.28787940740585327,0.7196133136749268,-2.5276270321228367e-07,0.3270791172981262,0.7080249190330505,-0.025281989946961403,0.3569221794605255,0.6784758567810059,-0.04516901075839996,0.35856929421424866,0.6479287147521973,-0.06218189373612404,0.3477420210838318,0.6295775175094604,-0.07680664211511612,0.35880446434020996,0.5591897368431091,-0.03772556409239769,0.3784215748310089,0.6185604929924011,-0.07592608034610748,0.3735925853252411,0.6726846098899841,-0.09962652623653412,0.3672066330909729,0.7109168171882629,-0.10978365689516068,0.3184112310409546,0.5540912747383118,-0.03731093183159828,0.33442196249961853,0.6444764137268066,-0.07013896852731705,0.3359854519367218,0.7063473463058472,-0.0771380066871643,0.33666473627090454,0.7417356371879578,-0.0762006863951683,0.2793644666671753,0.5708414316177368,-0.040737420320510864,0.29968950152397156,0.6638849377632141,-0.06780313700437546,0.3059734106063843,0.7097039818763733,-0.06458044052124023,0.3092047870159149,0.7281675338745117,-0.056390151381492615,0.24638473987579346,0.5990495681762695,-0.04678549990057945,0.269103467464447,0.6692705750465393,-0.06056975945830345,0.2803415060043335,0.7061753273010254,-0.056453071534633636,0.28631123900413513,0.7165940999984741,-0.04886686056852341
0.2873990535736084,0.7196753621101379,-2.519215911434003e-07,0.32683631777763367,0.7073801755905151,-0.024954786524176598,0.3573231101036072,0.6771571040153503,-0.04476955533027649,0.3591770529747009,0.6453759670257568,-0.06174455210566521,0.3488352298736572,0.6265184283256531,-0.07635044306516647,0.3592223525047302,0.5584548711776733,-0.0372047945857048,0.37770968675613403,0.6191086173057556,-0.0757484957575798,0.3730769157409668,0.6727926135063171,-0.09992961585521698,0.3671359121799469,0.711251437664032,-0.11040016263723373,0.3186732530593872,0.5534157156944275,-0.03690430894494057,0.33458492159843445,0.6439950466156006,-0.06998047232627869,0.33588555455207825,0.7049599289894104,-0.07716210186481476,0.3364541530609131,0.7406763434410095,-0.07633452862501144,0.27969834208488464,0.5700145959854126,-0.04046734422445297,0.3002309203147888,0.6631132960319519,-0.06757301837205887,0.30578669905662537,0.7085221409797668,-0.064171701669693,0.30883365869522095,0.7273315787315369,-0.05590255931019783,0.24688731133937836,0.5984834432601929,-0.0466933399438858,0.2695235311985016,0.669014573097229,-0.06080569699406624,0.2797139585018158,0.705712080001831,-0.056870173662900925,0.2851191759109497,0.7159724235534668,-0.04937486723065376
0.2868952751159668,0.7182965874671936,-2.529785660954076e-07,0.32591816782951355,0.7055860757827759,-0.02232874184846878,0.35591280460357666,0.6764678955078125,-0.04071282222867012,0.358928382396698,0.6444580554962158,-0.056809693574905396,0.34819284081459045,0.6250888109207153,-0.0708107128739357,0.356310099363327,0.5605149269104004,-0.03436746820807457,0.37620460987091064,0.6156313419342041,-0.07142411917448044,0.37434500455856323,0.6698099374771118,-0.095216765999794,0.36908313632011414,0.7096911668777466,-0.10528835654258728,0.31696581840515137,0.5564318895339966,-0.034993976354599,0.33493685722351074,0.6423139572143555,-0.06548184156417847,0.3365035653114319,0.7025574445724487,-0.07230494916439056,0.33580678701400757,0.7383724451065063,-0.07162772864103317,0.27900832891464233,0.5727145075798035,-0.03918079659342766,0.3017571270465851,0.6606049537658691,-0.06409404426813126,0.3056257963180542,0.7039529085159302,-0.06042930483818054,0.30662834644317627,0.7219774127006531,-0.052362676709890366,0.2463543564081192,0.6000868678092957,-0.045833688229322433,0.2703114151954651,0.6643810868263245,-0.05800360441207886,0.2793620526790619,0.7004671096801758,-0.05268352851271629,0.2833460569381714,0.7119329571723938,-0.04449588805437088
0.28659021854400635,0.7143019437789917,-2.3716823704944545e-07,0.3263075351715088,0.7033132314682007,-0.023269573226571083,0.35668593645095825,0.6765146255493164,-0.04278405010700226,0.35971134901046753,0.6472278237342834,-0.05983371660113335,0.34904059767723083,0.6309031248092651,-0.07515563070774078,0.36013320088386536,0.5603825449943542,-0.03730340301990509,0.37649470567703247,0.6179289817810059,-0.07460353523492813,0.37386587262153625,0.6703715920448303,-0.09873174130916595,0.3684787154197693,0.7085422277450562,-0.10930506139993668,0.3192718029022217,0.5558726787567139,-0.03780446574091911,0.33561718463897705,0.6411813497543335,-0.06886238604784012,0.33730262517929077,0.701770544052124,-0.07606876641511917,0.33660539984703064,0.7386698126792908,-0.07585085928440094,0.28018608689308167,0.5722997784614563,-0.041715092957019806,0.3017432987689972,0.6586822271347046,-0.06737621873617172,0.30699625611305237,0.7035738229751587,-0.06420984864234924,0.3091121315956116,0.7240045666694641,-0.056483637541532516,0.24665512144565582,0.6002740859985352,-0.048038966953754425,0.2703089118003845,0.6632787585258484,-0.06094128638505936,0.28080326318740845,0.6995071172714233,-0.056147582828998566,0.2863823175430298,0.7121187448501587,-0.04844435304403305
0.289552241563797,0.7145277857780457,-2.4125640152306005e-07,0.327758252620697,0.7019069790840149,-0.023206135258078575,0.3561556339263916,0.6764224767684937,-0.04295998811721802,0.3551851809024811,0.6501129865646362,-0.06046973913908005,0.3397255539894104,0.6347916722297668,-0.07583831995725632,0.3618772327899933,0.5592046976089478,-0.03505135700106621,0.3767295479774475,0.6214649677276611,-0.07272515445947647,0.3717629313468933,0.6742240190505981,-0.09663347899913788,0.3656437397003174,0.7118070125579834,-0.107310950756073,0.3198506534099579,0.5540758967399597,-0.036173686385154724,0.3327179253101349,0.643413245677948,-0.06807016581296921,0.3364390730857849,0.7047364115715027,-0.07536709308624268,0.33841824531555176,0.7384130954742432,-0.07493562251329422,0.2800105810165405,0.5714071989059448,-0.04091693460941315,0.29921475052833557,0.6630213260650635,-0.06821923702955246,0.3078479468822479,0.7097008228302002,-0.06484287232160568,0.3132845461368561,0.7274175882339478,-0.05650133267045021,0.24720139801502228,0.6010057926177979,-0.048076339066028595,0.26948636770248413,0.6704699397087097,-0.062482334673404694,0.28222689032554626,0.7074223756790161,-0.05779996141791344,0.2901688516139984,0.717747151851654,-0.04970439523458481
0.2882010340690613,0.7166796922683716,-2.446496978336654e-07,0.326756089925766,0.7046076059341431,-0.023256581276655197,0.3550553321838379,0.6782525777816772,-0.042919859290122986,0.3533753752708435,0.6496657729148865,-0.06036192551255226,0.33854398131370544,0.6313250064849854,-0.07548000663518906,0.361131876707077,0.5593273639678955,-0.033971235156059265,0.37749120593070984,0.6199630498886108,-0.07159297168254852,0.37261858582496643,0.6744683980941772,-0.09529531747102737,0.3665166199207306,0.7135924100875854,-0.10571128129959106,0.3194493055343628,0.5542294979095459,-0.03501325473189354,0.33321428298950195,0.6436923146247864,-0.06728514283895493,0.3369804322719574,0.7061997056007385,-0.07487025856971741,0.33900246024131775,0.7407803535461426,-0.0744161382317543,0.27980560064315796,0.5717037320137024,-0.03976115211844444,0.30000683665275574,0.6628942489624023,-0.06757359951734543,0.30830031633377075,0.710063636302948,-0.06463206559419632,0.3131355047225952,0.7281630039215088,-0.056378502398729324,0.24721434712409973,0.6014300584793091,-0.046861160546541214,0.27056819200515747,0.6708204746246338,-0.06171566992998123,0.2832816243171692,0.7078415751457214,-0.05743635445833206,0.2908095717430115,0.7180135250091553,-0.04946400597691536
0.28858792781829834,0.7148065567016602,-2.416393272142159e-07,0.3276200294494629,0.7013794183731079,-0.02262949012219906,0.35677576065063477,0.6756123304367065,-0.042066190391778946,0.35587164759635925,0.6493634581565857,-0.05942664295434952,0.33975085616111755,0.6342392563819885,-0.07444807887077332,0.3610369861125946,0.5594297051429749,-0.03446033224463463,0.37704193592071533,0.6197319030761719,-0.07173117995262146,0.3724798858165741,0.6745223999023438,-0.09477715194225311,0.36615586280822754,0.7135440111160278,-0.10463371872901917,0.31926459074020386,0.5549702644348145,-0.03567402809858322,0.3332044184207916,0.6463481783866882,-0.0673094391822815,0.3369419276714325,0.7075337171554565,-0.07420534640550613,0.3379838764667511,0.7398557066917419,-0.07347366213798523,0.2797391414642334,0.5721727013587952,-0.04049583524465561,0.29998549818992615,0.6647933721542358,-0.06752367317676544,0.3083568811416626,0.7104569673538208,-0.06401268392801285,0.3126651644706726,0.726330578327179,-0.05563141033053398,0.24739760160446167,0.6012633442878723,-0.047665033489465714,0.27060675621032715,0.6713736653327942,-0.06174774095416069,0.2832428812980652,0.7081576585769653,-0.05683447793126106,0.2902831435203552,0.7176904082298279,-0.04856923595070839
0.28889337182044983,0.7145628929138184,-2.556495815042581e-07,0.32566648721694946,0.7086325287818909,-0.025756530463695526,0.35626834630966187,0.6833126544952393,-0.04570988193154335,0.3549908399581909,0.6501701474189758,-0.06248840317130089,0.3400094509124756,0.6226831078529358,-0.07655970752239227,0.36252152919769287,0.5601105093955994,-0.03722510486841202,0.37950029969215393,0.6189414262771606,-0.07591801136732101,0.37464824318885803,0.6722147464752197,-0.10027508437633514,0.36824047565460205,0.708279550075531,-0.1109427809715271,0.32068613171577454,0.5531244277954102,-0.03715784475207329,0.33518028259277344,0.6490586996078491,-0.06916583329439163,0.3364906311035156,0.7099501490592957,-0.07685151696205139,0.33648982644081116,0.7381063103675842,-0.07691100984811783,0.2808000147342682,0.5695405602455139,-0.040946055203676224,0.30103278160095215,0.6667624115943909,-0.06833487749099731,0.3063805103302002,0.7099181413650513,-0.06424960494041443,0.30866584181785583,0.7193048596382141,-0.05582447350025177,0.24663302302360535,0.5977634191513062,-0.04730953648686409,0.27018406987190247,0.6689164042472839,-0.06236617639660835,0.28187885880470276,0.7058435082435608,-0.056841518729925156,0.2880401611328125,0.7125517129898071,-0.04796771705150604
0.28820323944091797,0.7147384285926819,-2.6126517127522675e-07,0.32547107338905334,0.7085953950881958,-0.02579941786825657,0.3564213514328003,0.6832257509231567,-0.04590420797467232,0.35527536273002625,0.6504117846488953,-0.06277883052825928,0.3396254777908325,0.6240848898887634,-0.07700043171644211,0.36263442039489746,0.5600034594535828,-0.03770343214273453,0.37963661551475525,0.6193980574607849,-0.07627332210540771,0.3745574355125427,0.6729965806007385,-0.10065694898366928,0.36814984679222107,0.709365725517273,-0.1114143431186676,0.32084450125694275,0.5530551671981812,-0.03764868900179863,0.33541661500930786,0.6486839652061462,-0.06954172998666763,0.3363271951675415,0.70981764793396,-0.07719118148088455,0.33602702617645264,0.7384511232376099,-0.0772734135389328,0.28089645504951477,0.5695581436157227,-0.04138648882508278,0.301077276468277,0.6665980815887451,-0.06835690140724182,0.30612045526504517,0.7095805406570435,-0.06419913470745087,0.30819305777549744,0.7190229892730713,-0.05583706870675087,0.2467082142829895,0.5976782441139221,-0.047724541276693344,0.27015000581741333,0.6683117747306824,-0.06226111575961113,0.28161340951919556,0.7050284147262573,-0.05654771625995636,0.2875777781009674,0.711800217628479,-0.04767879843711853
0.289279580116272,0.7172787189483643,-2.400293226401118e-07,0.3258676528930664,0.7091695666313171,-0.02362138405442238,0.355563759803772,0.6842637062072754,-0.043725915253162384,0.35657939314842224,0.6512798070907593,-0.06129112467169762,0.34296560287475586,0.6253241896629333,-0.0764128714799881,0.36023661494255066,0.5583836436271667,-0.03580386936664581,0.37996751070022583,0.6163268089294434,-0.0742642879486084,0.3766021728515625,0.6698285341262817,-0.09894964098930359,0.37107253074645996,0.7082188129425049,-0.10974182188510895,0.3200012445449829,0.5528175830841064,-0.03634997084736824,0.3366624414920807,0.644647479057312,-0.06802758574485779,0.3377075493335724,0.7043368220329285,-0.07588821649551392,0.3374907374382019,0.73636394739151,-0.07612013071775436,0.2811993360519409,0.5696951746940613,-0.0404897965490818,0.30299532413482666,0.6630449295043945,-0.0673847422003746,0.3088447153568268,0.7079620361328125,-0.06400325894355774,0.3120693564414978,0.7248752117156982,-0.05590485781431198,0.24837684631347656,0.598785936832428,-0.047112978994846344,0.2727491855621338,0.6682310700416565,-0.06169692054390907,0.2850550413131714,0.705695390701294,-0.057107795029878616,0.29229626059532166,0.7168244123458862,-0.048865705728530884
0.2891198396682739,0.7160055041313171,-2.504675080672314e-07,0.32696911692619324,0.7053443193435669,-0.022792009636759758,0.3564292788505554,0.6792557835578918,-0.04227578639984131,0.3577825427055359,0.6477517485618591,-0.05923571065068245,0.34475672245025635,0.6260755658149719,-0.07398231327533722,0.3604543209075928,0.5580787062644958,-0.035919949412345886,0.3802095651626587,0.6175991296768188,-0.07343924790620804,0.3763570785522461,0.6718024015426636,-0.09735290706157684,0.3704374134540558,0.7108551859855652,-0.10771678388118744,0.32034188508987427,0.5532280802726746,-0.03654420003294945,0.3367403447628021,0.6448855400085449,-0.0671931803226471,0.337371289730072,0.704098105430603,-0.07455892860889435,0.3368697166442871,0.7363969087600708,-0.0747380182147026,0.28138142824172974,0.5702186822891235,-0.040557634085416794,0.3026426434516907,0.6633836627006531,-0.06650908291339874,0.30798932909965515,0.7072564959526062,-0.06329216808080673,0.3107088804244995,0.7238386869430542,-0.05561692267656326,0.24819059669971466,0.5984503030776978,-0.04692864045500755,0.2721371352672577,0.6672468781471252,-0.06067037582397461,0.2840861976146698,0.704599916934967,-0.05578433722257614,0.2906777262687683,0.7162256240844727,-0.04759998619556427
0.2896044850349426,0.7162948846817017,-2.456804679695779e-07,0.32708507776260376,0.7060855031013489,-0.023046281188726425,0.3564392924308777,0.6797590255737305,-0.042567797005176544,0.3574315309524536,0.647756040096283,-0.05959566310048103,0.3443024754524231,0.6254374384880066,-0.07428484410047531,0.36040830612182617,0.5580729842185974,-0.035736799240112305,0.3803636133670807,0.6170706152915955,-0.07353802025318146,0.3765479326248169,0.6714485287666321,-0.09737583994865417,0.3707214295864105,0.7104200720787048,-0.10763836652040482,0.31991153955459595,0.5530506372451782,-0.036343589425086975,0.3361433744430542,0.6448508501052856,-0.06751108914613724,0.3373677730560303,0.7042584419250488,-0.07495292276144028,0.33743879199028015,0.7356058359146118,-0.07505416125059128,0.28082841634750366,0.5701679587364197,-0.04043398052453995,0.3023321032524109,0.6637704372406006,-0.06705586612224579,0.30818790197372437,0.7079761624336243,-0.06393074989318848,0.3112187385559082,0.7237915396690369,-0.05613480508327484,0.247732013463974,0.5986537337303162,-0.04688821732997894,0.2722409963607788,0.667755126953125,-0.06114741414785385,0.2843782305717468,0.7051706910133362,-0.0564986877143383,0.29101306200027466,0.7162141799926758,-0.04836570844054222
0.29054540395736694,0.7237521409988403,-2.6008123654719384e-07,0.3293125033378601,0.7114540338516235,-0.023688260465860367,0.357770711183548,0.6832934617996216,-0.04266268014907837,0.3570510149002075,0.6504237055778503,-0.059051040560007095,0.34355470538139343,0.6254427433013916,-0.07281787693500519,0.3594907820224762,0.5605039596557617,-0.03343256190419197,0.37933143973350525,0.6195564866065979,-0.07057962566614151,0.37612757086753845,0.673486590385437,-0.09401409327983856,0.369945228099823,0.7117509841918945,-0.10407287627458572,0.3194981813430786,0.5551773905754089,-0.033522725105285645,0.33482956886291504,0.6479285359382629,-0.06466631591320038,0.3373541533946991,0.7104740738868713,-0.0720207542181015,0.3374985456466675,0.7442706823348999,-0.07161089777946472,0.28103920817375183,0.572462260723114,-0.03736799210309982,0.3018222749233246,0.6671546697616577,-0.06340604275465012,0.30748000741004944,0.7115979790687561,-0.060028087347745895,0.3095400333404541,0.727578341960907,-0.05194232612848282,0.24890050292015076,0.6023837924003601,-0.043740928173065186,0.2721547484397888,0.6726130247116089,-0.05732287839055061,0.2825101315975189,0.7088019251823425,-0.052972953766584396,0.2876763343811035,0.7184038162231445,-0.04509839043021202
0.28596630692481995,0.7232877016067505,-2.9574886184491334e-07,0.3271653652191162,0.7122771143913269,-0.023455612361431122,0.35737594962120056,0.6835441589355469,-0.042621929198503494,0.3580498695373535,0.6481991410255432,-0.05899327993392944,0.3451896011829376,0.6225431561470032,-0.0730753168463707,0.3587644100189209,0.5593093037605286,-0.034217361360788345,0.3813899755477905,0.6197763681411743,-0.0704776719212532,0.37835022807121277,0.6737268567085266,-0.09406125545501709,0.3716451823711395,0.7123753428459167,-0.10447899252176285,0.32026243209838867,0.5543792247772217,-0.03431060537695885,0.3377262055873871,0.644869327545166,-0.0644213929772377,0.3367418646812439,0.7077333927154541,-0.07204670459032059,0.33405405282974243,0.7441444396972656,-0.07214798033237457,0.2825404405593872,0.5720018148422241,-0.037798378616571426,0.3035614490509033,0.6636399030685425,-0.06272000074386597,0.30727359652519226,0.7098059058189392,-0.05936785414814949,0.30792972445487976,0.7296832203865051,-0.05158500373363495,0.2504631578922272,0.6017490029335022,-0.04372668266296387,0.2726022005081177,0.6682130694389343,-0.05629151314496994,0.280335396528244,0.705288827419281,-0.05124684050679207,0.2828790247440338,0.717241108417511,-0.043119292706251144
0.28786274790763855,0.7242721915245056,-2.562741201472818e-07,0.32849037647247314,0.7130849957466125,-0.02462678588926792,0.35783618688583374,0.6859791278839111,-0.04446108266711235,0.35824307799339294,0.6511538624763489,-0.0612991601228714,0.34590497612953186,0.6240988969802856,-0.07528632134199142,0.35814136266708374,0.5587981939315796,-0.0342082604765892,0.38091471791267395,0.6190502047538757,-0.07157689332962036,0.3783349394798279,0.6731432676315308,-0.09569370001554489,0.37153300642967224,0.7129908204078674,-0.10620616376399994,0.31926268339157104,0.5536887645721436,-0.03410356864333153,0.33688414096832275,0.6446847915649414,-0.06561305373907089,0.33791157603263855,0.7075394988059998,-0.07378929108381271,0.3367973566055298,0.7445863485336304,-0.07371897995471954,0.28149113059043884,0.5712510347366333,-0.03768080845475197,0.3031670153141022,0.6657596826553345,-0.06300036609172821,0.30762261152267456,0.7098641991615295,-0.05970197916030884,0.308849573135376,0.7276521325111389,-0.05179500952363014,0.2498370110988617,0.6015166640281677,-0.04395618662238121,0.27224040031433105,0.6713732481002808,-0.056801341474056244,0.2801324427127838,0.707156240940094,-0.052050232887268066,0.2829239070415497,0.7174294590950012,-0.04396022483706474
0.28790056705474854,0.7267704606056213,-2.457781533848902e-07,0.3278132677078247,0.714740514755249,-0.02671147510409355,0.35773640871047974,0.6847313046455383,-0.04732483625411987,0.35684335231781006,0.6503894925117493,-0.0646565705537796,0.3427787721157074,0.6275588870048523,-0.07898528128862381,0.35780206322669983,0.5614905953407288,-0.03658275678753853,0.38081490993499756,0.6219683885574341,-0.07546503841876984,0.37723925709724426,0.6774213314056396,-0.0998121052980423,0.37087535858154297,0.7160249948501587,-0.11058523505926132,0.3175657093524933,0.5562190413475037,-0.03595627844333649,0.33693423867225647,0.6455850005149841,-0.06901348382234573,0.33691707253456116,0.7061091065406799,-0.07697301357984543,0.33502960205078125,0.7372181415557861,-0.07685735076665878,0.27924293279647827,0.5736284255981445,-0.03941825404763222,0.30282726883888245,0.6670916676521301,-0.06731602549552917,0.30790215730667114,0.7113874554634094,-0.06402294337749481,0.3094097971916199,0.7249638438224792,-0.055863767862319946,0.24717292189598083,0.6032388806343079,-0.0456557497382164,0.27205851674079895,0.6725215315818787,-0.06036387383937836,0.28243207931518555,0.7087008953094482,-0.05606288090348244,0.2865481972694397,0.7165154814720154,-0.048346295952796936
0.28868451714515686,0.7269338369369507,-2.5093422095778806e-07,0.3287743330001831,0.7151384949684143,-0.0267607681453228,0.3588978052139282,0.6852032542228699,-0.04757218435406685,0.35736921429634094,0.651110827922821,-0.0650254562497139,0.34347736835479736,0.6301514506340027,-0.07955104112625122,0.3596392273902893,0.5612106919288635,-0.03664511814713478,0.38074272871017456,0.6232953667640686,-0.07559134066104889,0.37689095735549927,0.6786079406738281,-0.10011566430330276,0.3708321452140808,0.7165740132331848,-0.11122166365385056,0.31926658749580383,0.5557399392127991,-0.03626829758286476,0.33731868863105774,0.6425690054893494,-0.06976275146007538,0.3369712829589844,0.7043290734291077,-0.07812009006738663,0.3354438543319702,0.7362716794013977,-0.0782831534743309,0.2807753384113312,0.5728411674499512,-0.03994494676589966,0.3027660846710205,0.6645101308822632,-0.06812524050474167,0.307662695646286,0.7102246880531311,-0.06516343355178833,0.30941495299339294,0.7245936393737793,-0.0573519766330719,0.24830511212348938,0.6022505164146423,-0.046384796500205994,0.27173730731010437,0.6704208254814148,-0.06114804372191429,0.28166356682777405,0.7072972059249878,-0.05696358159184456,0.2854713499546051,0.7152563333511353,-0.04954753816127777
0.28837448358535767,0.7274599075317383,-2.4699298251107393e-07,0.3290604054927826,0.7154730558395386,-0.027140703052282333,0.3589017689228058,0.6851775646209717,-0.047971680760383606,0.3578268587589264,0.6508960127830505,-0.06535458564758301,0.34479570388793945,0.6295280456542969,-0.07977278530597687,0.3592986464500427,0.5609616637229919,-0.03705963119864464,0.3812168836593628,0.6237824559211731,-0.07602188736200333,0.37707987427711487,0.6789746284484863,-0.10048766434192657,0.37072330713272095,0.7170186638832092,-0.11151549965143204,0.31925278902053833,0.5554451942443848,-0.03637028485536575,0.337322473526001,0.6436411738395691,-0.06997797638177872,0.33676284551620483,0.7046566009521484,-0.07827223092317581,0.3353605270385742,0.7366011738777161,-0.07833898812532425,0.28071436285972595,0.5724301934242249,-0.039766572415828705,0.302605539560318,0.6647232174873352,-0.06797673553228378,0.30718305706977844,0.7099226713180542,-0.06499186903238297,0.3090067505836487,0.7244479060173035,-0.057079099118709564,0.24813351035118103,0.6016194224357605,-0.04597233980894089,0.27125173807144165,0.6703521013259888,-0.06089642271399498,0.28089451789855957,0.706811785697937,-0.056888628751039505,0.2846728563308716,0.7146761417388916,-0.04947849363088608
0.28919994831085205,0.7285156846046448,-2.300500483443102e-07,0.3308178186416626,0.7156640291213989,-0.02263660542666912,0.35997331142425537,0.6844758987426758,-0.04135475307703018,0.35666555166244507,0.6488091349601746,-0.05770733207464218,0.34243905544281006,0.6283880472183228,-0.0718025416135788,0.3607698678970337,0.5627782344818115,-0.029956912621855736,0.38179224729537964,0.6193259358406067,-0.06633937358856201,0.37839657068252563,0.6732993125915527,-0.09047185629606247,0.37184813618659973,0.7127944231033325,-0.10134447365999222,0.3211575448513031,0.5579361319541931,-0.030861351639032364,0.3386528789997101,0.639502763748169,-0.060972779989242554,0.3396552801132202,0.7008634805679321,-0.06922801584005356,0.3387990891933441,0.738089919090271,-0.06974580138921738,0.2827303111553192,0.5748716592788696,-0.035575613379478455,0.3050507605075836,0.661005973815918,-0.061339132487773895,0.30896708369255066,0.7069951891899109,-0.0591946616768837,0.3093504309654236,0.7274664640426636,-0.05215742811560631,0.2499447464942932,0.6036726832389832,-0.04269733652472496,0.2747376561164856,0.6673709154129028,-0.0562928169965744,0.2839464843273163,0.7052857279777527,-0.05216606706380844,0.2876225411891937,0.717801570892334,-0.044838063418865204
0.2897718548774719,0.7310329079627991,-2.5854592422547285e-07,0.33084535598754883,0.7170238494873047,-0.021252915263175964,0.3610236346721649,0.6849005222320557,-0.038661178201436996,0.36287063360214233,0.6469333171844482,-0.05405920743942261,0.3502458930015564,0.6211814880371094,-0.0670803114771843,0.3620181083679199,0.564044713973999,-0.027619054540991783,0.38274267315864563,0.6168581247329712,-0.06312759965658188,0.38002198934555054,0.6696889996528625,-0.08712605386972427,0.3725355863571167,0.7104067206382751,-0.09754073619842529,0.3234556317329407,0.5568679571151733,-0.027951041236519814,0.3385520875453949,0.6396305561065674,-0.05579455941915512,0.34004825353622437,0.6987794637680054,-0.06332682073116302,0.34010329842567444,0.7363914251327515,-0.06380107998847961,0.2855452001094818,0.571517825126648,-0.0320516936480999,0.3070414066314697,0.6570076942443848,-0.05567349120974541,0.3118220865726471,0.7026247382164001,-0.0527782179415226,0.31359201669692993,0.7263273596763611,-0.045505523681640625,0.2528015673160553,0.5983130931854248,-0.03866138309240341,0.2770019471645355,0.6589836478233337,-0.05115782469511032,0.28742682933807373,0.6960611343383789,-0.04676182195544243,0.2921227514743805,0.7107136845588684,-0.039019014686346054
0.29013901948928833,0.7248300909996033,-2.5923290536411514e-07,0.3325197100639343,0.7118028402328491,-0.020627347752451897,0.362407922744751,0.6825130581855774,-0.03823379427194595,0.3620797097682953,0.648121178150177,-0.05405353754758835,0.3466551899909973,0.6278842091560364,-0.0677674263715744,0.36454471945762634,0.5636104941368103,-0.02908935584127903,0.382750928401947,0.6217297315597534,-0.06466034799814224,0.37876421213150024,0.6745966076850891,-0.08833572268486023,0.3713715970516205,0.7148255109786987,-0.0986194834113121,0.32485878467559814,0.5566961765289307,-0.03026052564382553,0.3389521837234497,0.6423318386077881,-0.05906044319272041,0.33961519598960876,0.7019364237785339,-0.0669667050242424,0.3388676345348358,0.7413776516914368,-0.06734485179185867,0.2860582172870636,0.5718572735786438,-0.034904900938272476,0.30432838201522827,0.6606224775314331,-0.0591934509575367,0.3103811740875244,0.7072153687477112,-0.05753032863140106,0.3135116398334503,0.7326247692108154,-0.05083174258470535,0.25281089544296265,0.5988485813140869,-0.041889648884534836,0.2739490270614624,0.6643131971359253,-0.054758794605731964,0.28556227684020996,0.7015078663825989,-0.05137152969837189,0.2922244668006897,0.7170748710632324,-0.04441113770008087
0.28863728046417236,0.7277247905731201,-2.547398310071003e-07,0.32919856905937195,0.7149146795272827,-0.021625515073537827,0.35800132155418396,0.6824314594268799,-0.039097677916288376,0.3589978814125061,0.6461168527603149,-0.05431167036294937,0.34939849376678467,0.621928334236145,-0.06729686260223389,0.3595561981201172,0.5657870769500732,-0.0303187258541584,0.3806557357311249,0.6219316720962524,-0.06616336107254028,0.3771899342536926,0.6754818558692932,-0.08949273824691772,0.3700646162033081,0.7149366736412048,-0.099357008934021,0.32097238302230835,0.5603524446487427,-0.030743785202503204,0.3382701873779297,0.6430099606513977,-0.05999322608113289,0.3399132490158081,0.7036721110343933,-0.06705725193023682,0.3394332528114319,0.7425102591514587,-0.0666269063949585,0.2830043137073517,0.5753557682037354,-0.03477717936038971,0.30429646372795105,0.6607216000556946,-0.0598432831466198,0.3090263605117798,0.7083715796470642,-0.056951865553855896,0.3104868233203888,0.7328227758407593,-0.04908100515604019,0.25040197372436523,0.6022751331329346,-0.04110030084848404,0.27341723442077637,0.6639580726623535,-0.054326288402080536,0.2814621031284332,0.701916515827179,-0.04990033060312271,0.2843323051929474,0.7169919610023499,-0.041923779994249344
0.2867065668106079,0.7300830483436584,-3.0021163865967537e-07,0.3286302089691162,0.7175897359848022,-0.021408341825008392,0.3586602807044983,0.6846281290054321,-0.03892891854047775,0.356353759765625,0.6470236778259277,-0.05403253808617592,0.34476086497306824,0.6192108392715454,-0.06681172549724579,0.36122435331344604,0.5636056065559387,-0.030522065237164497,0.38022682070732117,0.6224309206008911,-0.06537433713674545,0.3764345049858093,0.6754730939865112,-0.08864451199769974,0.36853697896003723,0.7142091989517212,-0.09900541603565216,0.32147133350372314,0.5560726523399353,-0.03098839335143566,0.33556899428367615,0.6475080847740173,-0.05886244773864746,0.3375777006149292,0.7068049311637878,-0.06655848026275635,0.33727824687957764,0.7434598207473755,-0.06748218089342117,0.2829437255859375,0.57115238904953,-0.03484387323260307,0.3019424378871918,0.6624512672424316,-0.057974159717559814,0.3090004026889801,0.7084883451461792,-0.05510996654629707,0.3121170401573181,0.7310953140258789,-0.04841364920139313,0.24976347386837006,0.5985884666442871,-0.041127417236566544,0.27169153094291687,0.665341317653656,-0.05337774381041527,0.2821441888809204,0.7026413083076477,-0.04918129742145538,0.28688251972198486,0.7158561944961548,-0.041929129511117935
0.2860162556171417,0.7272211313247681,-2.960200049528794e-07,0.3286188244819641,0.7145085334777832,-0.021605120971798897,0.35950303077697754,0.6817827224731445,-0.03914739191532135,0.35763803124427795,0.6445470452308655,-0.05420453101396561,0.34631890058517456,0.6183933019638062,-0.06709721684455872,0.3593403100967407,0.5640323162078857,-0.0324212945997715,0.38138335943222046,0.6228481531143188,-0.06711231917142868,0.37667277455329895,0.676780104637146,-0.08992341160774231,0.368220716714859,0.7162924408912659,-0.10007636249065399,0.3198626637458801,0.5575379729270935,-0.03307056427001953,0.33687496185302734,0.6476207375526428,-0.06125945970416069,0.3378104567527771,0.7068076729774475,-0.06916950643062592,0.3365282714366913,0.7425307035446167,-0.0702982023358345,0.2818590998649597,0.5734919309616089,-0.03690716251730919,0.3033296465873718,0.6626008152961731,-0.05990465357899666,0.3077985644340515,0.706743061542511,-0.05706482380628586,0.3083711266517639,0.7268186211585999,-0.050606656819581985,0.24906040728092194,0.6011826395988464,-0.043091680854558945,0.27225011587142944,0.6649848818778992,-0.05530860275030136,0.28245651721954346,0.7011166214942932,-0.050755780190229416,0.28676503896713257,0.7132578492164612,-0.04342207312583923
0.28765445947647095,0.7254643440246582,-2.8562331522152817e-07,0.3287886679172516,0.7132791876792908,-0.021602965891361237,0.359507292509079,0.6808583736419678,-0.03919751197099686,0.35788336396217346,0.6439660787582397,-0.05437568575143814,0.3461351692676544,0.6190322041511536,-0.06740330904722214,0.35881420969963074,0.5645852088928223,-0.03233306109905243,0.3807294964790344,0.6216459274291992,-0.06737510859966278,0.37647169828414917,0.6758353114128113,-0.09028061479330063,0.3687877953052521,0.7155142426490784,-0.10037800669670105,0.3195291757583618,0.5576608777046204,-0.032861437648534775,0.33715564012527466,0.6470208764076233,-0.061535079032182693,0.3378717601299286,0.7071114182472229,-0.06938119977712631,0.3365573287010193,0.7429070472717285,-0.07029684633016586,0.28174346685409546,0.5728492736816406,-0.03664086386561394,0.3039094805717468,0.6609749794006348,-0.06050015985965729,0.3080871105194092,0.7062397003173828,-0.05796825885772705,0.308624267578125,0.7269966006278992,-0.05144050344824791,0.2491297721862793,0.5998390913009644,-0.04269125312566757,0.272909551858902,0.6632065773010254,-0.05547838658094406,0.2829510271549225,0.7002114653587341,-0.051263295114040375,0.2872132956981659,0.7130906581878662,-0.04405003413558006
0.2884233593940735,0.7251849174499512,-2.920488668678445e-07,0.32843831181526184,0.7135114073753357,-0.02103305608034134,0.35792237520217896,0.6812821626663208,-0.03863415867090225,0.35706886649131775,0.6443098187446594,-0.053979791700839996,0.3471091687679291,0.6185881495475769,-0.06719804555177689,0.3592391312122345,0.5646026730537415,-0.03168357163667679,0.3801720440387726,0.6218876242637634,-0.06694820523262024,0.37620821595191956,0.6757286190986633,-0.09006278961896896,0.3688647449016571,0.7148240208625793,-0.10027898102998734,0.32005348801612854,0.558129072189331,-0.03266533091664314,0.3376506567001343,0.6445073485374451,-0.061370640993118286,0.33867213129997253,0.7054473757743835,-0.06893561035394669,0.33741334080696106,0.7418709397315979,-0.06964240968227386,0.2821492552757263,0.5735877752304077,-0.03692612797021866,0.30417293310165405,0.6595341563224792,-0.06093475967645645,0.30907344818115234,0.706186056137085,-0.05803327634930611,0.310003399848938,0.7281842827796936,-0.05116667225956917,0.249440997838974,0.6010484099388123,-0.04342877119779587,0.2728421092033386,0.6628159880638123,-0.05602896958589554,0.28220975399017334,0.6995071768760681,-0.05163189023733139,0.28568407893180847,0.7123947143554688,-0.0443560853600502
0.2874794006347656,0.7249269485473633,-2.7923664447371266e-07,0.32497650384902954,0.7158539891242981,-0.022544419392943382,0.35414913296699524,0.6869115233421326,-0.040640689432621,0.3546273112297058,0.6505395770072937,-0.05627722665667534,0.34397661685943604,0.6229945421218872,-0.06934427469968796,0.3595932722091675,0.5650323033332825,-0.03158345818519592,0.37987473607063293,0.6213457584381104,-0.06812149286270142,0.3758360743522644,0.6745976209640503,-0.09149698913097382,0.36921772360801697,0.7128474116325378,-0.10132108628749847,0.3204374611377716,0.5580239295959473,-0.03156203404068947,0.3357580900192261,0.6450857520103455,-0.061354588717222214,0.33565622568130493,0.705220639705658,-0.06829946488142014,0.33459728956222534,0.74045729637146,-0.06767749041318893,0.28218740224838257,0.5727767944335938,-0.035205449908971786,0.3020671010017395,0.661774218082428,-0.06048974767327309,0.3069809675216675,0.7082685828208923,-0.0570954792201519,0.3088109791278839,0.72933429479599,-0.04881642758846283,0.2494402974843979,0.5994551181793213,-0.04126540198922157,0.27206796407699585,0.6648529767990112,-0.05440310761332512,0.28163233399391174,0.701615035533905,-0.04993803799152374,0.28552597761154175,0.7135460376739502,-0.04179733246564865
0.2874813377857208,0.7248266935348511,-2.674462962204416e-07,0.32470574975013733,0.7149608731269836,-0.0221942737698555,0.3537498116493225,0.686557412147522,-0.0403355211019516,0.35391706228256226,0.6507591605186462,-0.0561055913567543,0.3429841101169586,0.6245114207267761,-0.06930440664291382,0.3598945140838623,0.5644601583480835,-0.0310360100120306,0.3795492351055145,0.6215884685516357,-0.06747383624315262,0.3756451904773712,0.6748533844947815,-0.09094135463237762,0.36911094188690186,0.712815523147583,-0.10087104141712189,0.3207606375217438,0.5576741099357605,-0.031217969954013824,0.3358580470085144,0.6447914838790894,-0.06042613461613655,0.33629798889160156,0.7041639089584351,-0.06725820153951645,0.33563628792762756,0.738762617111206,-0.06677650660276413,0.2824554145336151,0.5726304054260254,-0.03508059307932854,0.30212798714637756,0.6621583700180054,-0.05968198552727699,0.3072367012500763,0.7075560092926025,-0.05615461990237236,0.30921003222465515,0.72782301902771,-0.048032503575086594,0.24952930212020874,0.5995985865592957,-0.04140550270676613,0.2720673978328705,0.665296733379364,-0.05397958680987358,0.2821645736694336,0.7011709213256836,-0.049400631338357925,0.28664377331733704,0.7123457789421082,-0.041362959891557693
0.2872401177883148,0.7249219417572021,-2.6918871753878193e-07,0.324428528547287,0.7153774499893188,-0.022778810933232307,0.3536393940448761,0.6870627403259277,-0.04110177978873253,0.3536893427371979,0.65113765001297,-0.05690637230873108,0.34284502267837524,0.6244888305664062,-0.07004714012145996,0.36004194617271423,0.5645824670791626,-0.031576525419950485,0.3798849284648895,0.6216306686401367,-0.06807819753885269,0.37558257579803467,0.6749380826950073,-0.09149426221847534,0.3687663674354553,0.7130704522132874,-0.1013965979218483,0.3209005892276764,0.5575163960456848,-0.03149351477622986,0.33523479104042053,0.6453011631965637,-0.06097004562616348,0.33560052514076233,0.704676628112793,-0.06794116646051407,0.33518365025520325,0.7392717003822327,-0.06749442964792252,0.2825395464897156,0.5723065137863159,-0.035118915140628815,0.3014385402202606,0.6627390384674072,-0.059830717742443085,0.3065210282802582,0.7079322338104248,-0.05637408420443535,0.30873405933380127,0.727885901927948,-0.04828794673085213,0.24958235025405884,0.5990631580352783,-0.04125981777906418,0.2714930474758148,0.665716290473938,-0.053910475224256516,0.28164342045783997,0.7016420364379883,-0.049419552087783813,0.28635072708129883,0.712666392326355,-0.04141639173030853
0.2883307635784149,0.7251847386360168,-2.7591818252403755e-07,0.3285287618637085,0.7150225639343262,-0.021941347047686577,0.3574298620223999,0.6840939521789551,-0.03967186063528061,0.35686632990837097,0.6474551558494568,-0.05500110611319542,0.34581458568573,0.6201594471931458,-0.06797376275062561,0.3606511056423187,0.5658422708511353,-0.030349094420671463,0.3803348243236542,0.6226645112037659,-0.06559879332780838,0.37650266289711,0.6757569313049316,-0.08880310505628586,0.3694906234741211,0.7150245308876038,-0.09902544319629669,0.32121899724006653,0.5581822991371155,-0.03065858595073223,0.3357805907726288,0.6449882984161377,-0.060448624193668365,0.3377818465232849,0.7067552804946899,-0.06866875290870667,0.337924599647522,0.7447687387466431,-0.06916908919811249,0.28292080760002136,0.5725647211074829,-0.03442602604627609,0.30269676446914673,0.659872829914093,-0.05967707559466362,0.3088252544403076,0.7058555483818054,-0.05784685164690018,0.3109489381313324,0.7277075052261353,-0.05105745419859886,0.2503436207771301,0.5993379354476929,-0.04046068340539932,0.27354177832603455,0.663177490234375,-0.05416560545563698,0.2845694422721863,0.700098991394043,-0.05071226507425308,0.28917941451072693,0.7134924530982971,-0.04366494342684746
0.2889598608016968,0.7251930832862854,-2.7663807600220025e-07,0.32850751280784607,0.7153878808021545,-0.022097593173384666,0.35736653208732605,0.6843739151954651,-0.039677735418081284,0.3572511076927185,0.6476314067840576,-0.054769366979599,0.3467840850353241,0.6199091672897339,-0.06754742562770844,0.35939455032348633,0.5664796829223633,-0.030530203133821487,0.38035205006599426,0.6220862865447998,-0.06556234508752823,0.3767334222793579,0.6749762296676636,-0.08840469270944595,0.3698034882545471,0.7140986919403076,-0.09834112972021103,0.32010209560394287,0.5591647028923035,-0.030538450926542282,0.3356581926345825,0.6447845697402954,-0.0600958950817585,0.3374437987804413,0.7070785760879517,-0.06794045865535736,0.33723917603492737,0.7448469400405884,-0.06818867474794388,0.2821580767631531,0.5736610889434814,-0.034008316695690155,0.3026101589202881,0.6595492362976074,-0.059277184307575226,0.30867376923561096,0.7061203122138977,-0.05737556517124176,0.31066176295280457,0.7281005382537842,-0.05049259215593338,0.2501177191734314,0.6004647016525269,-0.039675403386354446,0.27344006299972534,0.66294926404953,-0.05328873544931412,0.2836931645870209,0.7000194191932678,-0.049721185117959976,0.2875477969646454,0.71338951587677,-0.042585067451000214
0.288656622171402,0.7238231301307678,-2.76337601690102e-07,0.3284088373184204,0.7142767906188965,-0.02229454182088375,0.3572925925254822,0.6837804317474365,-0.03985976800322533,0.3572332262992859,0.6480880975723267,-0.05490942671895027,0.3471333980560303,0.6210969686508179,-0.0677265077829361,0.3598261773586273,0.5671193599700928,-0.030917279422283173,0.3798835575580597,0.6229349970817566,-0.06563791632652283,0.37660443782806396,0.6755114197731018,-0.08827031403779984,0.3698686957359314,0.7141339778900146,-0.09817595034837723,0.3205384314060211,0.560050368309021,-0.03079928085207939,0.3351886570453644,0.6454141736030579,-0.06031612306833267,0.3374785780906677,0.7076220512390137,-0.06831289082765579,0.3374618887901306,0.7452491521835327,-0.06870339810848236,0.2825396656990051,0.5746728777885437,-0.034064605832099915,0.30161234736442566,0.6597457528114319,-0.05926160886883736,0.3083437979221344,0.7063838243484497,-0.05755975842475891,0.3106832206249237,0.7285288572311401,-0.05084161087870598,0.2504059970378876,0.6014677882194519,-0.03951958939433098,0.2727317214012146,0.6633705496788025,-0.05325039103627205,0.2830817699432373,0.7001696228981018,-0.04993772506713867,0.28693923354148865,0.7135970592498779,-0.042995281517505646
0.2874443233013153,0.7257764935493469,-2.5690630423014227e-07,0.3269314467906952,0.71559077501297,-0.023191401734948158,0.3571189045906067,0.6853938102722168,-0.041548050940036774,0.3583395779132843,0.6494787931442261,-0.057074688374996185,0.3468122184276581,0.6262894868850708,-0.07019916921854019,0.36094027757644653,0.5648974180221558,-0.03238854184746742,0.38011205196380615,0.6232834458351135,-0.06771381199359894,0.37603306770324707,0.6759341359138489,-0.09052105993032455,0.3694904148578644,0.7136114835739136,-0.10043546557426453,0.3221616744995117,0.5585965514183044,-0.032136693596839905,0.33762243390083313,0.6430429220199585,-0.06087438017129898,0.3384368419647217,0.703394889831543,-0.06776197254657745,0.33787524700164795,0.7399792671203613,-0.06773600727319717,0.28374603390693665,0.5733410120010376,-0.035515669733285904,0.3031483292579651,0.660344123840332,-0.060275375843048096,0.30909866094589233,0.7069064974784851,-0.05787617340683937,0.31163495779037476,0.7295101284980774,-0.05084327608346939,0.2508009672164917,0.6004222631454468,-0.04130319505929947,0.272976279258728,0.6643292307853699,-0.054652776569128036,0.2821967601776123,0.7021985650062561,-0.05113888904452324,0.28613775968551636,0.7163803577423096,-0.04421026632189751
0.2870827615261078,0.728270947933197,-2.4530706355108123e-07,0.327455073595047,0.7156717777252197,-0.0219713281840086,0.3581591248512268,0.6847724914550781,-0.03974330797791481,0.3588457405567169,0.6480215787887573,-0.05500392988324165,0.3473336100578308,0.6262423396110535,-0.06784185022115707,0.35940462350845337,0.5640367865562439,-0.029930394142866135,0.3806963562965393,0.6220769286155701,-0.06525257229804993,0.37699970602989197,0.6752976775169373,-0.08816681057214737,0.3704051077365875,0.7138571739196777,-0.09800127148628235,0.3210035562515259,0.5583400130271912,-0.0303136445581913,0.3379649817943573,0.6411315202713013,-0.05893494188785553,0.3393762409687042,0.7007820010185242,-0.06612648069858551,0.33963367342948914,0.738264799118042,-0.06611111760139465,0.2830333411693573,0.5733209848403931,-0.034387361258268356,0.30397897958755493,0.6606640219688416,-0.05917837470769882,0.309510201215744,0.7063038349151611,-0.05734678730368614,0.3118886649608612,0.7289595603942871,-0.05055374279618263,0.2502431571483612,0.6001958847045898,-0.0407896414399147,0.2735273838043213,0.6643632054328918,-0.054071635007858276,0.28369805216789246,0.7022701501846313,-0.05066433548927307,0.28852811455726624,0.7168910503387451,-0.04374133422970772
0.28643879294395447,0.7275947332382202,-2.5614227183723415e-07,0.3283606171607971,0.7158715128898621,-0.022885506972670555,0.3602832853794098,0.6856815218925476,-0.04116404429078102,0.36043068766593933,0.6494234204292297,-0.056759610772132874,0.34897300601005554,0.6281627416610718,-0.0699552446603775,0.36093229055404663,0.5641214847564697,-0.03176821395754814,0.3812927007675171,0.6223742961883545,-0.06726381927728653,0.3773900270462036,0.6758213639259338,-0.09041346609592438,0.37079355120658875,0.7143739461898804,-0.10048098862171173,0.32198652625083923,0.5577776432037354,-0.03176536411046982,0.3380480110645294,0.6413851976394653,-0.0605364665389061,0.33952096104621887,0.7005916833877563,-0.06793534010648727,0.33995360136032104,0.7382553815841675,-0.06811635196208954,0.28378891944885254,0.5725483298301697,-0.035370465368032455,0.3033909201622009,0.6606287360191345,-0.05996549874544144,0.31046000123023987,0.7067798376083374,-0.05800261348485947,0.3142959177494049,0.7307873368263245,-0.05114951729774475,0.25081878900527954,0.5991345047950745,-0.04142386466264725,0.27314722537994385,0.6633933782577515,-0.05449270084500313,0.2846500873565674,0.700886607170105,-0.050996918231248856,0.29074200987815857,0.7159465551376343,-0.04399232566356659
0.28627312183380127,0.7260957956314087,-2.5951175075533683e-07,0.3272239863872528,0.71294105052948,-0.022995974868535995,0.35716670751571655,0.6824594736099243,-0.041366349905729294,0.35954737663269043,0.6477187275886536,-0.057451941072940826,0.349945068359375,0.6247360706329346,-0.07114017009735107,0.3592497706413269,0.565719485282898,-0.032711125910282135,0.38033637404441833,0.6209188103675842,-0.06987942010164261,0.3770829737186432,0.6746225357055664,-0.09364734590053558,0.36944031715393066,0.713841438293457,-0.10356089472770691,0.32046544551849365,0.5589421391487122,-0.03273851051926613,0.33608734607696533,0.6475679874420166,-0.06365326046943665,0.33635976910591125,0.7072908282279968,-0.07113571465015411,0.3343043923377991,0.7418307065963745,-0.07073464244604111,0.2824115753173828,0.5732715129852295,-0.0364910364151001,0.3031298518180847,0.6623439788818359,-0.062423113733530045,0.306623250246048,0.7087128162384033,-0.0590268149971962,0.3071170151233673,0.7291663885116577,-0.050659067928791046,0.24949879944324493,0.5991358757019043,-0.042717207223176956,0.2722645103931427,0.6618002653121948,-0.056530412286520004,0.2793359160423279,0.6998820304870605,-0.051624733954668045,0.2815678119659424,0.7136130928993225,-0.04300924018025398
0.28629249334335327,0.7260698080062866,-2.6351253268330765e-07,0.327714204788208,0.7132120728492737,-0.022287961095571518,0.35744544863700867,0.6821981072425842,-0.04044530913233757,0.3584849536418915,0.6462980508804321,-0.05638546496629715,0.34752357006073,0.6221145987510681,-0.06991884857416153,0.3606351315975189,0.56634920835495,-0.031555306166410446,0.3793257474899292,0.6225350499153137,-0.06828109920024872,0.3758050203323364,0.6754185557365417,-0.0917343720793724,0.3688301742076874,0.713982880115509,-0.10165265947580338,0.32140591740608215,0.5592302083969116,-0.03195952624082565,0.3366861939430237,0.6450644135475159,-0.06277799606323242,0.3371848464012146,0.7055301070213318,-0.07032077759504318,0.3355858325958252,0.7414359450340271,-0.07006160169839859,0.2830379605293274,0.5731351375579834,-0.03604605048894882,0.30381637811660767,0.6608456373214722,-0.06190607696771622,0.3081117570400238,0.7079831957817078,-0.05881679430603981,0.3090515434741974,0.7294939756393433,-0.05087483674287796,0.2500118315219879,0.5993074774742126,-0.04255780205130577,0.2729836106300354,0.662093460559845,-0.05642418563365936,0.2805527448654175,0.7000670433044434,-0.052128832787275314,0.2828402519226074,0.7135816216468811,-0.04425002261996269
0.28715547919273376,0.7264664173126221,-2.517576263016963e-07,0.32580623030662537,0.7140017151832581,-0.02193339727818966,0.3545847237110138,0.6816103458404541,-0.039565324783325195,0.3555130362510681,0.6460321545600891,-0.054978858679533005,0.3462117612361908,0.6234617829322815,-0.06807658076286316,0.3584957718849182,0.5628618597984314,-0.029950248077511787,0.37968793511390686,0.6196479797363281,-0.06568592041730881,0.3756216764450073,0.6739403009414673,-0.08907461911439896,0.36820274591445923,0.7132382392883301,-0.09911522269248962,0.32018765807151794,0.558418869972229,-0.030528796836733818,0.33704161643981934,0.6408905386924744,-0.05980361998081207,0.33826911449432373,0.7015712857246399,-0.06718963384628296,0.33814018964767456,0.740477442741394,-0.06706205755472183,0.2824000120162964,0.5746067762374878,-0.03476189821958542,0.30368322134017944,0.6593878865242004,-0.059677425771951675,0.3084745407104492,0.7070358395576477,-0.05683765560388565,0.31000396609306335,0.7321860790252686,-0.04912395775318146,0.24970640242099762,0.6022903323173523,-0.0413844957947731,0.27274155616760254,0.6639321446418762,-0.05480813607573509,0.2823939919471741,0.701741635799408,-0.05061250552535057,0.2868877649307251,0.7171707153320312,-0.04283135384321213
0.2875876724720001,0.7267563939094543,-2.606142288641422e-07,0.32799121737480164,0.7136956453323364,-0.021691294386982918,0.35838013887405396,0.6821115016937256,-0.03890516236424446,0.35844001173973083,0.6468241214752197,-0.05355753004550934,0.34872931241989136,0.6258171200752258,-0.06588713824748993,0.35868313908576965,0.5670349597930908,-0.032665152102708817,0.3783734440803528,0.6247397661209106,-0.0675848051905632,0.3743431568145752,0.6773421764373779,-0.0892646461725235,0.36760374903678894,0.7155037522315979,-0.09831922501325607,0.31908684968948364,0.5597057938575745,-0.03293461352586746,0.3341006636619568,0.6449754238128662,-0.06223544478416443,0.33528080582618713,0.704409658908844,-0.0685853362083435,0.33509141206741333,0.74083411693573,-0.06771623343229294,0.28082025051116943,0.5740280151367188,-0.03655479848384857,0.2992592751979828,0.6622967720031738,-0.06161879748106003,0.3056120276451111,0.7086124420166016,-0.05888667330145836,0.3090910017490387,0.7313675880432129,-0.051447153091430664,0.2478589117527008,0.6003075838088989,-0.04245523735880852,0.26853203773498535,0.6679453253746033,-0.05654687434434891,0.27984341979026794,0.706813633441925,-0.053308118134737015,0.2864759564399719,0.7216947078704834,-0.04621727019548416
0.2869304120540619,0.7259721755981445,-2.567325623203942e-07,0.3273538053035736,0.7138103246688843,-0.02202771231532097,0.3578108847141266,0.6828002333641052,-0.039463091641664505,0.35749632120132446,0.6477802395820618,-0.05427728220820427,0.34678930044174194,0.6264051198959351,-0.06679205596446991,0.3584323823451996,0.5673306584358215,-0.03304862976074219,0.37841615080833435,0.625037670135498,-0.06783667206764221,0.37402820587158203,0.6774128079414368,-0.08945214748382568,0.3669009804725647,0.7152729034423828,-0.09853310137987137,0.31893616914749146,0.55992591381073,-0.03323023393750191,0.3341345489025116,0.6456682682037354,-0.06255330890417099,0.33548930287361145,0.705045223236084,-0.06921613961458206,0.335248738527298,0.7412078976631165,-0.06866249442100525,0.2807272672653198,0.5741789937019348,-0.03673241659998894,0.29911017417907715,0.6621387004852295,-0.061841513961553574,0.3059254586696625,0.7083148956298828,-0.05937155708670616,0.30943775177001953,0.7310839891433716,-0.052186839282512665,0.24781401455402374,0.6004436612129211,-0.04251686483621597,0.26854798197746277,0.6674749851226807,-0.05678050220012665,0.28020501136779785,0.7063950896263123,-0.0536603145301342,0.28698810935020447,0.7217780947685242,-0.046692926436662674
0.2840577960014343,0.7233508229255676,-2.6971184752255795e-07,0.323569118976593,0.7125445604324341,-0.021271470934152603,0.3531694710254669,0.684808611869812,-0.03907135874032974,0.354958713054657,0.6510244011878967,-0.05489594489336014,0.34630343317985535,0.6281281113624573,-0.06872845441102982,0.35715174674987793,0.5681532025337219,-0.03145598992705345,0.3774637281894684,0.6227902173995972,-0.06703361123800278,0.37330901622772217,0.6750499606132507,-0.09015314280986786,0.3662974536418915,0.7131940722465515,-0.10000629723072052,0.31846991181373596,0.5618873238563538,-0.03186323493719101,0.33366355299949646,0.6494990587234497,-0.06127028912305832,0.3327922523021698,0.7089455723762512,-0.06863169372081757,0.33072128891944885,0.7443245053291321,-0.06851354986429214,0.2803835868835449,0.5763157606124878,-0.03560598939657211,0.29934021830558777,0.6633991003036499,-0.06038827821612358,0.3029868006706238,0.7091513276100159,-0.057564590126276016,0.3038855493068695,0.7316468358039856,-0.049873169511556625,0.24739457666873932,0.6018732190132141,-0.04157780855894089,0.2684660255908966,0.6655816435813904,-0.054587624967098236,0.27696701884269714,0.7033523321151733,-0.05004533380270004,0.2808810770511627,0.7188684344291687,-0.04190356656908989
0.2851550877094269,0.7239516973495483,-2.451923535318201e-07,0.32459986209869385,0.7124699950218201,-0.02147139608860016,0.35368484258651733,0.6838110685348511,-0.0395209863781929,0.35402071475982666,0.6493120193481445,-0.0555681437253952,0.3433806300163269,0.6263895630836487,-0.06943881511688232,0.3578786551952362,0.5670475363731384,-0.030967555940151215,0.3767775297164917,0.6233802437782288,-0.06713083386421204,0.3723728060722351,0.6760780215263367,-0.09029807150363922,0.3654862642288208,0.7140681147575378,-0.100103959441185,0.31862571835517883,0.5610978603363037,-0.031624626368284225,0.33394721150398254,0.6478984355926514,-0.06190968304872513,0.33369630575180054,0.7077559232711792,-0.06938005983829498,0.3321068584918976,0.743305504322052,-0.06902523338794708,0.2802862823009491,0.5760768055915833,-0.03581893444061279,0.2996677756309509,0.6641072630882263,-0.06131718307733536,0.30460864305496216,0.7099606990814209,-0.05850638076663017,0.30672386288642883,0.7319687604904175,-0.05065121129155159,0.2475181519985199,0.6029761433601379,-0.042311958968639374,0.2691454291343689,0.6686513423919678,-0.055804431438446045,0.27944356203079224,0.7060413360595703,-0.051719795912504196,0.28529199957847595,0.7204447388648987,-0.043931812047958374
0.28457024693489075,0.723381519317627,-2.5679457849037135e-07,0.32459598779678345,0.7120271921157837,-0.021279150620102882,0.35437890887260437,0.6839953660964966,-0.03936246037483215,0.3548661768436432,0.6503018140792847,-0.05549366772174835,0.3437176048755646,0.6280761957168579,-0.06954564899206161,0.35760223865509033,0.5669772624969482,-0.031306859105825424,0.37703490257263184,0.6225736737251282,-0.06721649318933487,0.3725067973136902,0.6753926873207092,-0.09033019840717316,0.36547285318374634,0.7135273814201355,-0.10013886541128159,0.3184451162815094,0.561653196811676,-0.032073866575956345,0.334296315908432,0.6485370397567749,-0.061964500695466995,0.33383092284202576,0.7082676887512207,-0.06931167840957642,0.33182138204574585,0.7435783743858337,-0.06900691241025925,0.28024575114250183,0.5770137906074524,-0.036267589777708054,0.29997947812080383,0.6641323566436768,-0.061375685036182404,0.3045040965080261,0.7097468972206116,-0.058403145521879196,0.30603235960006714,0.7316553592681885,-0.05055202916264534,0.24762983620166779,0.6039490103721619,-0.04272150993347168,0.2693776786327362,0.668626606464386,-0.055875569581985474,0.2791796624660492,0.7061631679534912,-0.0513610802590847,0.28440138697624207,0.7209976315498352,-0.04329727590084076
0.2866981327533722,0.7239757776260376,-2.5702726702547807e-07,0.32551702857017517,0.7133178114891052,-0.021511966362595558,0.3546436131000519,0.6837306618690491,-0.038972966372966766,0.35262465476989746,0.6496140360832214,-0.053976334631443024,0.34012553095817566,0.6270800828933716,-0.06653351336717606,0.3574233055114746,0.5650515556335449,-0.03160624951124191,0.3748883903026581,0.6219234466552734,-0.0665726289153099,0.37066757678985596,0.6748790740966797,-0.08839600533246994,0.3640621304512024,0.7125962376594543,-0.09746865183115005,0.31784680485725403,0.5589495897293091,-0.032288528978824615,0.3319719731807709,0.6483973264694214,-0.06060155853629112,0.3337414264678955,0.7076444625854492,-0.06667402386665344,0.3339765965938568,0.7399740219116211,-0.06597437709569931,0.27974793314933777,0.5747686624526978,-0.036443956196308136,0.29951509833335876,0.6645534634590149,-0.060672733932733536,0.3052692115306854,0.7090074419975281,-0.05687062069773674,0.3076878488063812,0.725932776927948,-0.04898587241768837,0.24753832817077637,0.6025692224502563,-0.042890291661024094,0.27025675773620605,0.6695629358291626,-0.055435143411159515,0.2805112898349762,0.7062882781028748,-0.0502873919904232,0.2854664921760559,0.7163904905319214,-0.04212037846446037
0.2853896915912628,0.7236186861991882,-2.735030761868984e-07,0.32493358850479126,0.7133800983428955,-0.02188476361334324,0.3552559018135071,0.6840868592262268,-0.039283160120248795,0.3539544939994812,0.6494796872138977,-0.0541471503674984,0.34184661507606506,0.6260444521903992,-0.06652266532182693,0.3584006726741791,0.5651134252548218,-0.03237272426486015,0.375016450881958,0.6216248869895935,-0.06693289428949356,0.3708847165107727,0.6739364266395569,-0.08823131769895554,0.36441072821617126,0.7115188241004944,-0.09693092107772827,0.31865063309669495,0.5589954257011414,-0.03255252540111542,0.3311745822429657,0.650260329246521,-0.06050632521510124,0.3328511416912079,0.7083595991134644,-0.06642241775989532,0.33338817954063416,0.7395516037940979,-0.06577036529779434,0.28024986386299133,0.5748146772384644,-0.036126233637332916,0.2986399531364441,0.6652920246124268,-0.06009276956319809,0.3046361804008484,0.7087817192077637,-0.056262556463479996,0.30752572417259216,0.725357174873352,-0.04847288131713867,0.24725235998630524,0.6021246314048767,-0.04201788455247879,0.26923418045043945,0.6686390042304993,-0.0548492856323719,0.2806343138217926,0.7052539587020874,-0.049971893429756165,0.2867554724216461,0.7157436609268188,-0.041879408061504364
0.2857173979282379,0.7245863676071167,-2.67523319052998e-07,0.3250161409378052,0.7137486934661865,-0.021635005250573158,0.35509228706359863,0.6845999956130981,-0.03905894234776497,0.35416242480278015,0.6499965190887451,-0.054017748683691025,0.3414894640445709,0.6268532872200012,-0.06643830984830856,0.358112096786499,0.5647401809692383,-0.03205123543739319,0.3746193051338196,0.6220500469207764,-0.06680522859096527,0.37027522921562195,0.674475371837616,-0.08828914910554886,0.3635629415512085,0.7122887969017029,-0.09708579629659653,0.31863945722579956,0.5589760541915894,-0.03245716542005539,0.3306206166744232,0.6504701375961304,-0.06043105944991112,0.3324703276157379,0.7083302140235901,-0.06632313132286072,0.33338338136672974,0.7397560477256775,-0.06566010415554047,0.28034430742263794,0.5750874876976013,-0.03627312555909157,0.2986903786659241,0.6660807728767395,-0.06009923294186592,0.30402684211730957,0.7091713547706604,-0.05600055679678917,0.30659398436546326,0.725366473197937,-0.04804018884897232,0.24754855036735535,0.6028646230697632,-0.04245028272271156,0.2693212926387787,0.6694026589393616,-0.0550190769135952,0.27981582283973694,0.705647349357605,-0.049837663769721985,0.2853444218635559,0.7158535122871399,-0.04155087098479271
0.2832258343696594,0.7245373129844666,-2.7321632956045505e-07,0.32253801822662354,0.7118508815765381,-0.02125563658773899,0.3518942594528198,0.6818290948867798,-0.038879577070474625,0.352870911359787,0.6480920314788818,-0.05443567410111427,0.3423137962818146,0.6256126165390015,-0.06763047724962234,0.35401907563209534,0.567536473274231,-0.03229954093694687,0.3756837248802185,0.618963360786438,-0.06776906549930573,0.37124282121658325,0.6728348135948181,-0.08989168703556061,0.3635479509830475,0.7130624055862427,-0.09892955422401428,0.315067857503891,0.5624191761016846,-0.03294680640101433,0.33149123191833496,0.6501415371894836,-0.06278136372566223,0.3331840932369232,0.7106987237930298,-0.06934152543544769,0.33302226662635803,0.7460280060768127,-0.06857156753540039,0.2776455283164978,0.5783473253250122,-0.03695138916373253,0.29931166768074036,0.6663778424263,-0.06257138401269913,0.3053700923919678,0.7132681608200073,-0.059156399220228195,0.30768248438835144,0.7358410954475403,-0.05092299357056618,0.24606329202651978,0.6055244207382202,-0.043156370520591736,0.2697867453098297,0.6702240109443665,-0.057009272277355194,0.28030332922935486,0.7091795206069946,-0.052351612597703934,0.2855006158351898,0.7246118783950806,-0.04399389401078224
0.28384190797805786,0.7236660718917847,-2.6712012868301827e-07,0.32269400358200073,0.7121297717094421,-0.020759927108883858,0.3517327904701233,0.6824556589126587,-0.03810472786426544,0.35159173607826233,0.6488146185874939,-0.05347566306591034,0.339969664812088,0.6258408427238464,-0.06662001460790634,0.3552064001560211,0.5685871243476868,-0.03078661672770977,0.37496259808540344,0.6210336089134216,-0.06569400429725647,0.37017205357551575,0.6738125085830688,-0.08812582492828369,0.36253106594085693,0.7122999429702759,-0.09758221358060837,0.3159487247467041,0.5627484321594238,-0.03154489025473595,0.33074259757995605,0.6508640050888062,-0.060415878891944885,0.33314448595046997,0.7109615206718445,-0.0672747790813446,0.33325284719467163,0.7462596297264099,-0.06701311469078064,0.2782260775566101,0.5779241323471069,-0.03565746173262596,0.2983904182910919,0.666362464427948,-0.06030398607254028,0.30530989170074463,0.7125006318092346,-0.057430658489465714,0.30786263942718506,0.734841525554657,-0.04994300752878189,0.24605070054531097,0.6047027111053467,-0.0419682115316391,0.26872557401657104,0.6699712872505188,-0.05560901388525963,0.28005775809288025,0.7089306712150574,-0.05152412876486778,0.2858993411064148,0.72467041015625,-0.043774813413619995
0.2845718264579773,0.723140299320221,-2.4418633870482154e-07,0.32351571321487427,0.7101150751113892,-0.021007733419537544,0.35320210456848145,0.6794420480728149,-0.038454074412584305,0.3564343750476837,0.6485674977302551,-0.053839754313230515,0.34801027178764343,0.6347684860229492,-0.06722094118595123,0.35573282837867737,0.5657848119735718,-0.03066273406147957,0.37376880645751953,0.6239895224571228,-0.06584062427282333,0.3698365390300751,0.6766970753669739,-0.08823642134666443,0.36374834179878235,0.7143737077713013,-0.09756908565759659,0.31673192977905273,0.5610237121582031,-0.031181294471025467,0.3332052230834961,0.6428670883178711,-0.06079879403114319,0.3340212106704712,0.7032803893089294,-0.06751176714897156,0.33279117941856384,0.7407625317573547,-0.06644932180643082,0.2789835035800934,0.5757548809051514,-0.035109743475914,0.29971885681152344,0.6610814332962036,-0.060608409345149994,0.30586305260658264,0.7084813117980957,-0.05840073898434639,0.30805209279060364,0.7327733635902405,-0.05053555965423584,0.2469777762889862,0.6019318699836731,-0.0411849319934845,0.2701584994792938,0.6652073264122009,-0.0543089359998703,0.28123873472213745,0.7029933929443359,-0.05051509663462639,0.2867642045021057,0.7183628678321838,-0.042935021221637726
0.28518760204315186,0.7250223755836487,-2.6943843067783746e-07,0.3225240409374237,0.7155036330223083,-0.02294575795531273,0.352029949426651,0.6869223117828369,-0.04165069758892059,0.3514181077480316,0.6526398062705994,-0.057716820389032364,0.3371639549732208,0.6288986206054688,-0.07134698331356049,0.3590174615383148,0.5679305791854858,-0.03294751048088074,0.37541377544403076,0.6241803169250488,-0.0693281888961792,0.3704589903354645,0.6749088764190674,-0.09293954074382782,0.3639858663082123,0.7118067741394043,-0.10340598225593567,0.3197573125362396,0.5609842538833618,-0.03342748433351517,0.33330073952674866,0.6465293765068054,-0.06403156369924545,0.33284950256347656,0.7069113850593567,-0.07149584591388702,0.3315410912036896,0.7431124448776245,-0.07110036164522171,0.28149089217185974,0.5755655765533447,-0.03748824819922447,0.3000505864620209,0.6655891537666321,-0.06292551010847092,0.30450963973999023,0.7101255059242249,-0.05934302136301994,0.3064457178115845,0.7288203239440918,-0.051137231290340424,0.24871933460235596,0.602719783782959,-0.04404372349381447,0.27080556750297546,0.6703057289123535,-0.05722637474536896,0.28094393014907837,0.7075837850570679,-0.05232289433479309,0.28632938861846924,0.7192623019218445,-0.04420243576169014
0.2855786681175232,0.7258360385894775,-2.6009516318481474e-07,0.3238103985786438,0.7167880535125732,-0.022237662225961685,0.3528507947921753,0.6881449222564697,-0.0406651496887207,0.34992164373397827,0.6541609168052673,-0.056671660393476486,0.3350284993648529,0.6320927739143372,-0.07026871293783188,0.3588714599609375,0.5674411058425903,-0.03144843876361847,0.37600451707839966,0.6241465210914612,-0.06754064559936523,0.37098824977874756,0.6759386658668518,-0.09111818671226501,0.364507794380188,0.7135940194129944,-0.1015167310833931,0.3195763826370239,0.5600209832191467,-0.032218366861343384,0.33359962701797485,0.6462568044662476,-0.062402430921792984,0.3337141275405884,0.706754207611084,-0.0699881836771965,0.33268624544143677,0.7433342933654785,-0.06968934834003448,0.28126224875450134,0.5743813514709473,-0.03656316548585892,0.299673467874527,0.6644740700721741,-0.0612008310854435,0.30515924096107483,0.7095140218734741,-0.05791592225432396,0.3077183961868286,0.729140043258667,-0.05000291392207146,0.24871505796909332,0.6014853715896606,-0.04338563606142998,0.27020758390426636,0.6694022417068481,-0.055511459708213806,0.28095927834510803,0.7060317993164062,-0.05058411881327629,0.2868569791316986,0.7177104949951172,-0.04259813576936722
0.2860746383666992,0.7257323265075684,-2.6284621412742126e-07,0.3242272138595581,0.7168015837669373,-0.022622955963015556,0.3534524440765381,0.6879348754882812,-0.04103787615895271,0.350346177816391,0.6542505025863647,-0.05692519620060921,0.3350183665752411,0.6326617002487183,-0.07036853581666946,0.359170526266098,0.5682132244110107,-0.03200901299715042,0.37593042850494385,0.624693751335144,-0.06826771050691605,0.37096551060676575,0.6765061020851135,-0.0918259471654892,0.3644647002220154,0.7142764329910278,-0.10218211263418198,0.31962695717811584,0.5601366758346558,-0.03260611370205879,0.33344966173171997,0.6464552879333496,-0.0629003569483757,0.3336155116558075,0.7066536545753479,-0.07037758082151413,0.33259472250938416,0.7427396774291992,-0.06996087729930878,0.2812562584877014,0.5740584135055542,-0.036805715411901474,0.2992357015609741,0.6647952795028687,-0.06149665638804436,0.3047350347042084,0.709659993648529,-0.058051496744155884,0.3074624538421631,0.7285166382789612,-0.050053928047418594,0.24864935874938965,0.6005421280860901,-0.04352176934480667,0.26990562677383423,0.669476330280304,-0.05572013929486275,0.2808114290237427,0.7064698934555054,-0.05068948492407799,0.2869064509868622,0.7178961038589478,-0.04261869564652443
0.28473609685897827,0.7233308553695679,-2.7091363108411315e-07,0.32177379727363586,0.7133688926696777,-0.02185645140707493,0.3527598977088928,0.6831087470054626,-0.038943421095609665,0.35493987798690796,0.650527834892273,-0.05343740060925484,0.3465659022331238,0.6294053196907043,-0.06558471918106079,0.35571926832199097,0.5675190687179565,-0.031612198799848557,0.3768104314804077,0.6228163838386536,-0.06543392688035965,0.3719181716442108,0.6761038303375244,-0.0868324562907219,0.36430054903030396,0.7148562073707581,-0.0956830084323883,0.31756189465522766,0.5620992183685303,-0.03182534873485565,0.33426567912101746,0.6485275626182556,-0.05989040061831474,0.3348093032836914,0.7092459797859192,-0.06636802107095718,0.3333774209022522,0.7449689507484436,-0.06584269553422928,0.2801976799964905,0.5772173404693604,-0.03538195788860321,0.2999432682991028,0.6639167070388794,-0.058625154197216034,0.3043525815010071,0.7087175250053406,-0.055293843150138855,0.3046172559261322,0.7291107177734375,-0.047847114503383636,0.24739031493663788,0.6031147837638855,-0.04122811555862427,0.268720418214798,0.668086588382721,-0.053347572684288025,0.278664767742157,0.706240713596344,-0.04841466620564461,0.282967746257782,0.7201722860336304,-0.04040014371275902
0.28504273295402527,0.7235279083251953,-2.71310227617505e-07,0.3209652900695801,0.7148200869560242,-0.022106878459453583,0.35127022862434387,0.6854400634765625,-0.03943927213549614,0.353443443775177,0.6516956686973572,-0.0540863573551178,0.34528055787086487,0.6273933053016663,-0.06635996699333191,0.35563501715660095,0.5685811042785645,-0.032132070511579514,0.3762519657611847,0.6226490139961243,-0.06597892194986343,0.3719310462474823,0.6752794981002808,-0.08735823631286621,0.36436763405799866,0.7135783433914185,-0.09618624299764633,0.317685604095459,0.5624657869338989,-0.03211873397231102,0.3341299295425415,0.6480477452278137,-0.060297008603811264,0.334844708442688,0.7093818783760071,-0.06684351712465286,0.3332786560058594,0.7451791167259216,-0.0663611888885498,0.2804615795612335,0.577091634273529,-0.03538857772946358,0.30001190304756165,0.6630666851997375,-0.05909763276576996,0.3044854998588562,0.708974301815033,-0.05562910810112953,0.304581880569458,0.7303221225738525,-0.04795350134372711,0.24774274230003357,0.602937638759613,-0.04090597853064537,0.2691374719142914,0.6670811176300049,-0.053710196167230606,0.2791077792644501,0.7062402963638306,-0.048815589398145676,0.283355712890625,0.7213731408119202,-0.040622860193252563
0.2843976318836212,0.7220644354820251,-2.695684031550627e-07,0.3204856812953949,0.7135961055755615,-0.02184336446225643,0.35087746381759644,0.6849051117897034,-0.03915965184569359,0.3533756732940674,0.6518598794937134,-0.05385275185108185,0.34467649459838867,0.6279004216194153,-0.06627066433429718,0.3560304641723633,0.568537712097168,-0.03174293413758278,0.37616047263145447,0.6235628724098206,-0.06544552743434906,0.37175390124320984,0.6756560802459717,-0.0869535505771637,0.3641394376754761,0.7138172388076782,-0.09594879299402237,0.3181089460849762,0.56243497133255,-0.031927015632390976,0.3342147469520569,0.647091805934906,-0.059931810945272446,0.3350760042667389,0.7084184288978577,-0.066535584628582,0.33365100622177124,0.7450326681137085,-0.06612133979797363,0.2807670533657074,0.5770111083984375,-0.03536096587777138,0.30009615421295166,0.6622166037559509,-0.05909309163689613,0.30486375093460083,0.7084669470787048,-0.055652305483818054,0.30521461367607117,0.7307177782058716,-0.0479590967297554,0.24795058369636536,0.602892279624939,-0.04101300239562988,0.2692869007587433,0.6667197942733765,-0.05397017300128937,0.2793269753456116,0.7058925032615662,-0.04910016804933548,0.283651202917099,0.7213034629821777,-0.04091582074761391
0.28738337755203247,0.7280941009521484,-2.424271769996267e-07,0.3270953893661499,0.7173628211021423,-0.02285834215581417,0.3551909327507019,0.6870505809783936,-0.041312698274850845,0.35321658849716187,0.6517302989959717,-0.057140085846185684,0.3380798101425171,0.6276723146438599,-0.07028983533382416,0.3587889075279236,0.5654553771018982,-0.03022775985300541,0.3750818967819214,0.6241193413734436,-0.06665417551994324,0.3714655935764313,0.6758307814598083,-0.09005498886108398,0.3655349612236023,0.7130722999572754,-0.10031209141016006,0.31962960958480835,0.5582618117332458,-0.030622826889157295,0.33291929960250854,0.6429237127304077,-0.06144319102168083,0.33527427911758423,0.70533686876297,-0.0693109855055809,0.33649885654449463,0.7417961359024048,-0.06917164474725723,0.2815202474594116,0.5727368593215942,-0.034860339015722275,0.3000043034553528,0.6623134613037109,-0.06071857735514641,0.30686476826667786,0.7088673114776611,-0.05821438506245613,0.3110174238681793,0.7284849882125854,-0.05080419033765793,0.24970030784606934,0.6009170413017273,-0.041657909750938416,0.270991712808609,0.6684426665306091,-0.05539175868034363,0.281436026096344,0.7065696120262146,-0.051831331104040146,0.2873683571815491,0.7187339067459106,-0.04479927942156792
0.286027729511261,0.7297220230102539,-2.8558645226439694e-07,0.3272978961467743,0.7165435552597046,-0.02056761458516121,0.3574146330356598,0.6837754845619202,-0.037423025816679,0.35503971576690674,0.6468446850776672,-0.05199649930000305,0.3400939702987671,0.623116135597229,-0.06410644203424454,0.3592275083065033,0.5650331974029541,-0.028540266677737236,0.37624675035476685,0.6234006285667419,-0.06313633173704147,0.3732725977897644,0.6763213872909546,-0.08566895127296448,0.36712247133255005,0.7148905992507935,-0.09549414366483688,0.3202091455459595,0.5577302575111389,-0.029342345893383026,0.3326105773448944,0.6441089510917664,-0.05770745128393173,0.3344191312789917,0.7044646739959717,-0.06517168879508972,0.33521685004234314,0.7406877279281616,-0.065428227186203,0.28211790323257446,0.5722254514694214,-0.03357236459851265,0.29953277111053467,0.6613449454307556,-0.05715770274400711,0.30536696314811707,0.7070099711418152,-0.054450854659080505,0.3088586926460266,0.7274084687232971,-0.047562915831804276,0.24970433115959167,0.5991047024726868,-0.040191650390625,0.2709938883781433,0.6648731231689453,-0.05231989547610283,0.2825528085231781,0.7031052708625793,-0.048101816326379776,0.2889702320098877,0.7163535952568054,-0.04087143391370773
0.28642094135284424,0.7299438714981079,-2.718358587117109e-07,0.3286321759223938,0.715995192527771,-0.021442027762532234,0.3591139614582062,0.6829433441162109,-0.03848368674516678,0.3576875329017639,0.6472002267837524,-0.053324807435274124,0.34394845366477966,0.6254070401191711,-0.06571245193481445,0.35872530937194824,0.5657654404640198,-0.028226880356669426,0.3770821988582611,0.6228950023651123,-0.0635647103190422,0.37400174140930176,0.6762586236000061,-0.08653461188077927,0.36721086502075195,0.7148112654685974,-0.09638737887144089,0.31985265016555786,0.5593366026878357,-0.02869580313563347,0.33309775590896606,0.643186092376709,-0.05796310678124428,0.33494120836257935,0.7041433453559875,-0.06576595455408096,0.33550208806991577,0.7400751113891602,-0.06586340069770813,0.2819795310497284,0.5737594962120056,-0.03281526267528534,0.299999862909317,0.6610058546066284,-0.05723356455564499,0.3055821359157562,0.7072000503540039,-0.05479304865002632,0.3084321916103363,0.7275947332382202,-0.04763822257518768,0.24955956637859344,0.5998660326004028,-0.039372269064188004,0.2711683511734009,0.6633572578430176,-0.05166632682085037,0.28239303827285767,0.7012362480163574,-0.04735010489821434,0.2883343994617462,0.7141762971878052,-0.039874117821455
0.2856306731700897,0.7260222434997559,-2.8479635716394114e-07,0.32577499747276306,0.7153254747390747,-0.022877516224980354,0.3557249903678894,0.6839354634284973,-0.04037563502788544,0.3529732823371887,0.6469216346740723,-0.05528964474797249,0.34088316559791565,0.6222806572914124,-0.06767181307077408,0.35934823751449585,0.5685631036758423,-0.030928604304790497,0.3774409294128418,0.6234700679779053,-0.06656873971223831,0.37375301122665405,0.6771484017372131,-0.08932595700025558,0.36730867624282837,0.7155367732048035,-0.09896750748157501,0.3199928402900696,0.561128556728363,-0.03068040870130062,0.3329365849494934,0.6473109722137451,-0.05972753465175629,0.333265095949173,0.7061697244644165,-0.06692137569189072,0.33316004276275635,0.7382609248161316,-0.06683604419231415,0.2815708816051483,0.5746703147888184,-0.0341595783829689,0.29916390776634216,0.663853108882904,-0.05866581201553345,0.3037669360637665,0.707982063293457,-0.055655304342508316,0.3057747781276703,0.7243462800979614,-0.04825364053249359,0.24805948138237,0.5991096496582031,-0.040090762078762054,0.26938188076019287,0.6640728712081909,-0.052548304200172424,0.27918609976768494,0.7005978226661682,-0.04773319885134697,0.2834288775920868,0.7104808688163757,-0.0398327000439167
0.2849632203578949,0.7257147431373596,-2.792968984977051e-07,0.32447299361228943,0.7172081470489502,-0.0232342928647995,0.35440880060195923,0.6894102692604065,-0.041547711938619614,0.35214900970458984,0.6530382633209229,-0.05719577893614769,0.3387376666069031,0.626952052116394,-0.07010545581579208,0.36023837327957153,0.5688368678092957,-0.03125765919685364,0.3770451843738556,0.6242808103561401,-0.06755169481039047,0.37231960892677307,0.6764934062957764,-0.09074529260396957,0.36597296595573425,0.7139028310775757,-0.10076862573623657,0.3210843503475189,0.5594562292098999,-0.031000681221485138,0.33321860432624817,0.6472837924957275,-0.061143577098846436,0.3327881395816803,0.707266092300415,-0.06855692714452744,0.3321923613548279,0.7400677800178528,-0.06834885478019714,0.2824942469596863,0.5721028447151184,-0.03456937521696091,0.2993905544281006,0.6639461517333984,-0.059325993061065674,0.3036723732948303,0.7079197764396667,-0.056234512478113174,0.30563026666641235,0.7234066724777222,-0.04874590039253235,0.2489796280860901,0.5973906517028809,-0.040696967393159866,0.26918044686317444,0.6657259464263916,-0.05323728173971176,0.2782745063304901,0.7010729312896729,-0.048975858837366104,0.28218963742256165,0.7090306282043457,-0.04151299223303795
0.285584419965744,0.7265114784240723,-2.6136879682781e-07,0.3250688314437866,0.7174508571624756,-0.023430895060300827,0.35474517941474915,0.6893712878227234,-0.04188736900687218,0.35239771008491516,0.6529879570007324,-0.0577089786529541,0.33878985047340393,0.6268923282623291,-0.07076068967580795,0.3598586916923523,0.5683631896972656,-0.030819978564977646,0.37703660130500793,0.6237956285476685,-0.06751923263072968,0.3726062476634979,0.6757686734199524,-0.09096080809831619,0.3660382628440857,0.713459312915802,-0.10109204053878784,0.3207971155643463,0.5593531727790833,-0.030641818419098854,0.3330746293067932,0.6460796594619751,-0.061325397342443466,0.33329159021377563,0.7064348459243774,-0.06905794143676758,0.3330380320549011,0.7397741675376892,-0.06892209500074387,0.28237760066986084,0.5722460150718689,-0.03440817445516586,0.30005136132240295,0.6643430590629578,-0.05980910733342171,0.3043769896030426,0.7084563970565796,-0.057116735726594925,0.3061787188053131,0.7236459851264954,-0.04975128173828125,0.24908345937728882,0.5979640483856201,-0.040739741176366806,0.27019166946411133,0.6671208739280701,-0.05379602685570717,0.2795671224594116,0.7025846838951111,-0.04987885057926178,0.28374138474464417,0.7101480960845947,-0.04260816052556038
0.2857365906238556,0.7245525121688843,-2.5153678961942205e-07,0.3257770836353302,0.7139134407043457,-0.022154690697789192,0.3562420904636383,0.6840848326683044,-0.04024941474199295,0.35645225644111633,0.6502483487129211,-0.056028787046670914,0.3431815803050995,0.6292786002159119,-0.06971154361963272,0.3593844175338745,0.5656368136405945,-0.030432673171162605,0.3773115873336792,0.6239319443702698,-0.06610378623008728,0.37197738885879517,0.6761038899421692,-0.08954203873872757,0.3645350933074951,0.7145866751670837,-0.09983836859464645,0.3196292817592621,0.55911785364151,-0.031049853190779686,0.33297741413116455,0.6423021554946899,-0.06066010147333145,0.334179162979126,0.7040203213691711,-0.06848468631505966,0.3343394994735718,0.7427753806114197,-0.0687127485871315,0.2809351980686188,0.5735129117965698,-0.03533593937754631,0.2990650236606598,0.6599284410476685,-0.06073534116148949,0.30592143535614014,0.7069844007492065,-0.059273652732372284,0.30919939279556274,0.7297555208206177,-0.05270490422844887,0.2480478435754776,0.6003506779670715,-0.04192139208316803,0.26919102668762207,0.6656482815742493,-0.055321838706731796,0.28022900223731995,0.7045484185218811,-0.05190757289528847,0.28584131598472595,0.7192710041999817,-0.04512447863817215
0.2880403697490692,0.7232591509819031,-2.741118123594788e-07,0.32700246572494507,0.7130180597305298,-0.021826252341270447,0.35608917474746704,0.68437659740448,-0.039936572313308716,0.35502803325653076,0.6509411931037903,-0.05583398416638374,0.3396325409412384,0.6280965805053711,-0.06931070983409882,0.358702152967453,0.5639128684997559,-0.03202488273382187,0.3756187856197357,0.6210550665855408,-0.06810352951288223,0.37093058228492737,0.674613893032074,-0.09163309633731842,0.36407509446144104,0.7133022546768188,-0.1019638329744339,0.3197874128818512,0.5575020909309387,-0.032849155366420746,0.3318265676498413,0.6495479941368103,-0.06262445449829102,0.3327394127845764,0.7097495198249817,-0.07043729722499847,0.33324918150901794,0.7443351745605469,-0.07084690779447556,0.2816696763038635,0.5730522871017456,-0.03711049631237984,0.3000556230545044,0.6654540300369263,-0.061254002153873444,0.3046323359012604,0.7096627354621887,-0.05801878124475479,0.30694425106048584,0.7273039817810059,-0.0506882481276989,0.24892182648181915,0.6005727052688599,-0.04387111961841583,0.27079084515571594,0.6677926778793335,-0.05628124251961708,0.27994364500045776,0.7044646143913269,-0.051450226455926895,0.2842799127101898,0.7156292200088501,-0.04363629221916199
0.28784868121147156,0.7223301529884338,-2.820359270572226e-07,0.3269025385379791,0.7121442556381226,-0.021544814109802246,0.3557368814945221,0.6842908263206482,-0.03958621621131897,0.3561224341392517,0.651611864566803,-0.05548321455717087,0.34141653776168823,0.6310153603553772,-0.06918484717607498,0.35931843519210815,0.5649670958518982,-0.03235786035656929,0.37533044815063477,0.6216714382171631,-0.06814198195934296,0.37122276425361633,0.6746851801872253,-0.09149178862571716,0.3649138808250427,0.7135726809501648,-0.10171957314014435,0.3206256031990051,0.5586329698562622,-0.03333128243684769,0.33239826560020447,0.6471527218818665,-0.06295420229434967,0.33339205384254456,0.7082475423812866,-0.0705902948975563,0.3336666226387024,0.7452456951141357,-0.0707847848534584,0.28259333968162537,0.5743743181228638,-0.037608906626701355,0.3005094826221466,0.6644880771636963,-0.06206453964114189,0.30591854453086853,0.7098878622055054,-0.05932356044650078,0.30866795778274536,0.7305067777633667,-0.052082616835832596,0.24971680343151093,0.6021444201469421,-0.044255632907152176,0.27098777890205383,0.6678857207298279,-0.0567421019077301,0.2805166244506836,0.7044981718063354,-0.052110955119132996,0.28510671854019165,0.7173060178756714,-0.044416844844818115
0.28583621978759766,0.7152605652809143,-1.7708244115510752e-07,0.32357317209243774,0.7051784992218018,-0.024911824613809586,0.34981632232666016,0.6833018064498901,-0.04663341864943504,0.3483668863773346,0.6600420475006104,-0.06612372398376465,0.3328584134578705,0.6467412114143372,-0.08386752754449844,0.3553204834461212,0.5683220028877258,-0.039388883858919144,0.3691587746143341,0.6234828233718872,-0.07894416153430939,0.3647763729095459,0.6742017269134521,-0.10383135825395584,0.3594502806663513,0.7111549377441406,-0.11496102064847946,0.31468746066093445,0.5653109550476074,-0.04082506522536278,0.32719990611076355,0.6500118374824524,-0.07663087546825409,0.33036497235298157,0.7125095725059509,-0.08585606515407562,0.332185298204422,0.7505952715873718,-0.08580013364553452,0.27571916580200195,0.5830729007720947,-0.04585601016879082,0.29452571272850037,0.6676113605499268,-0.07725465297698975,0.30297884345054626,0.7153414487838745,-0.07583898305892944,0.308296263217926,0.737724781036377,-0.0677473396062851,0.24353614449501038,0.6128233075141907,-0.053095120936632156,0.2656625509262085,0.6777419447898865,-0.07154210656881332,0.2784871459007263,0.7161027193069458,-0.0685662105679512,0.287036269903183,0.7303817868232727,-0.06094810739159584
0.2850072383880615,0.7153609991073608,-2.3493218748171785e-07,0.32192787528038025,0.7075399160385132,-0.024191584438085556,0.3492230474948883,0.6860917210578918,-0.044727206230163574,0.34521517157554626,0.6610375642776489,-0.06275812536478043,0.32885244488716125,0.6460051536560059,-0.07867223024368286,0.35702964663505554,0.567819356918335,-0.036309048533439636,0.3683529794216156,0.6241694092750549,-0.07397592067718506,0.36318153142929077,0.6760111451148987,-0.09812627732753754,0.35735633969306946,0.7142536640167236,-0.10900817066431046,0.31640031933784485,0.5623899698257446,-0.037662167102098465,0.3255300521850586,0.6474416851997375,-0.07138634473085403,0.3282715082168579,0.7114140391349792,-0.07999243587255478,0.32960790395736694,0.7494193315505981,-0.07954300194978714,0.27765119075775146,0.5791198015213013,-0.04252124950289726,0.2933112382888794,0.6665260791778564,-0.07152318209409714,0.3007689118385315,0.7134814262390137,-0.06911061704158783,0.30530741810798645,0.732749879360199,-0.06071166321635246,0.24499419331550598,0.6079992651939392,-0.04961727187037468,0.26511603593826294,0.6765228509902954,-0.0659242644906044,0.2781883478164673,0.7153139114379883,-0.061610832810401917,0.28694212436676025,0.7273099422454834,-0.053228091448545456
0.2865932285785675,0.7155473232269287,-2.191853099020591e-07,0.32334399223327637,0.7077644467353821,-0.024683291092514992,0.35037511587142944,0.6860104203224182,-0.04583687335252762,0.34550702571868896,0.6606060266494751,-0.06438305228948593,0.3277283310890198,0.6452881097793579,-0.08086586743593216,0.3568902611732483,0.5666967034339905,-0.03772885724902153,0.36788037419319153,0.6230651140213013,-0.07607995718717575,0.36336103081703186,0.6749551296234131,-0.1006888672709465,0.3581506013870239,0.7130271196365356,-0.11183176189661026,0.3160962760448456,0.5623533725738525,-0.03919953480362892,0.3254718482494354,0.6465991139411926,-0.0737670287489891,0.3283996880054474,0.7108450531959534,-0.08264041692018509,0.32994353771209717,0.7493350505828857,-0.08228448778390884,0.27747392654418945,0.5799122452735901,-0.04417584091424942,0.2934088706970215,0.6659826040267944,-0.0736897885799408,0.3014726936817169,0.7131134867668152,-0.0711909681558609,0.30651554465293884,0.732907772064209,-0.06267744302749634,0.24510373175144196,0.6094794869422913,-0.051425330340862274,0.265475332736969,0.6763154864311218,-0.06782682985067368,0.27896374464035034,0.7146345973014832,-0.06328005343675613,0.28809937834739685,0.7266911268234253,-0.05477853864431381
0.28648483753204346,0.7204879522323608,-2.4930457698246755e-07,0.3247123658657074,0.7093055844306946,-0.02303740382194519,0.3517882227897644,0.6798397302627563,-0.04137777164578438,0.3512454628944397,0.6502071619033813,-0.05719267949461937,0.33817583322525024,0.6329399943351746,-0.07147103548049927,0.3579773008823395,0.5676195621490479,-0.035433489829301834,0.37058520317077637,0.6296560764312744,-0.07044469565153122,0.3659070134162903,0.6809336543083191,-0.09343665838241577,0.36038142442703247,0.717647135257721,-0.10383053123950958,0.317731648683548,0.5634661316871643,-0.03540831431746483,0.327188640832901,0.6521030068397522,-0.06547348201274872,0.32835984230041504,0.7105299234390259,-0.0734095424413681,0.3285643756389618,0.7465940117835999,-0.07382832467556,0.2789281904697418,0.5802057981491089,-0.03856616094708443,0.29325225949287415,0.6649067997932434,-0.06464884430170059,0.30046722292900085,0.7091212272644043,-0.06343801319599152,0.3050915002822876,0.7313595414161682,-0.05679174140095711,0.24644401669502258,0.6079680919647217,-0.0439213328063488,0.2655794620513916,0.6713579893112183,-0.05920856446027756,0.2778097093105316,0.7094494104385376,-0.05666027590632439,0.2859061658382416,0.7258309125900269,-0.05001433193683624
0.28569352626800537,0.7199749946594238,-2.3271034876870544e-07,0.3244231641292572,0.7071878910064697,-0.02131704054772854,0.35246631503105164,0.6812442541122437,-0.03991415724158287,0.35548362135887146,0.6585013270378113,-0.056576382368803024,0.3456472158432007,0.6486519575119019,-0.07172174751758575,0.3566998243331909,0.5665078163146973,-0.03377941623330116,0.3714626431465149,0.6268144845962524,-0.06946162134408951,0.36622756719589233,0.678845226764679,-0.09242729097604752,0.35992711782455444,0.7174354791641235,-0.10251705348491669,0.31684547662734985,0.5628446936607361,-0.035182248800992966,0.3286011517047882,0.647449254989624,-0.06645146757364273,0.3297581970691681,0.7089588642120361,-0.07454317063093185,0.3298948407173157,0.7481496930122375,-0.07429706305265427,0.2783377170562744,0.580028772354126,-0.03971685841679573,0.2951190769672394,0.6644818782806396,-0.06658997386693954,0.3014985918998718,0.7106651663780212,-0.06560666859149933,0.3051608204841614,0.7336910963058472,-0.058478280901908875,0.24663546681404114,0.6082808971405029,-0.046244580298662186,0.2673816680908203,0.6730870008468628,-0.06086625158786774,0.27909520268440247,0.7114747762680054,-0.0576157383620739,0.28667786717414856,0.7274144291877747,-0.05032242089509964
0.286861389875412,0.7217389345169067,-2.534760028538585e-07,0.3261246979236603,0.7106344103813171,-0.019838251173496246,0.3542676270008087,0.6864826679229736,-0.03746895119547844,0.35579589009284973,0.6568125486373901,-0.05325869098305702,0.3429664373397827,0.6405972242355347,-0.06731799989938736,0.3566508889198303,0.5687932372093201,-0.030228320509195328,0.3757438063621521,0.626989483833313,-0.06518353521823883,0.37226027250289917,0.6759112477302551,-0.08864996582269669,0.3650397062301636,0.7133600115776062,-0.09931645542383194,0.3187335133552551,0.5648940205574036,-0.032505642622709274,0.33735668659210205,0.6403632164001465,-0.06095901504158974,0.33634498715400696,0.7006011605262756,-0.06813212484121323,0.33226877450942993,0.7393770217895508,-0.06805558502674103,0.2819826006889343,0.5810412168502808,-0.037872470915317535,0.3033343255519867,0.6610167026519775,-0.06252039968967438,0.3073509633541107,0.7073385119438171,-0.05896219611167908,0.30739524960517883,0.7312210202217102,-0.05089784413576126,0.2509075999259949,0.6094419956207275,-0.04528770595788956,0.27262312173843384,0.6692898273468018,-0.05826914310455322,0.28092706203460693,0.7064269781112671,-0.05238840728998184,0.2840415835380554,0.7213410139083862,-0.04375631734728813
0.7763272523880005,0.785834550857544,-6.841628419351764e-07,0.7167035341262817,0.7627895474433899,-0.011779666878283024,0.6750857830047607,0.6873302459716797,-0.018881531432271004,0.6750850677490234,0.6124676465988159,-0.02832055650651455,0.6877725720405579,0.5494332909584045,-0.034717366099357605,0.6675281524658203,0.6223258972167969,-0.0036476850509643555,0.6354606747627258,0.5945555567741394,-0.03672168403863907,0.6578732132911682,0.6402294039726257,-0.05690872669219971,0.6819777488708496,0.6832837462425232,-0.06312394142150879,0.7020220756530762,0.5981539487838745,-0.007488196715712547,0.6957154273986816,0.61953204870224,-0.04160202667117119,0.7170892357826233,0.6894254088401794,-0.04950171709060669,0.7316005229949951,0.7388814687728882,-0.04534845054149628,0.7395131587982178,0.5909273028373718,-0.016354277729988098,0.735392153263092,0.623535692691803,-0.04487229138612747,0.7465695738792419,0.6915440559387207,-0.03865315020084381,0.7540072202682495,0.7351783514022827,-0.025278912857174873,0.777123212814331,0.5934791564941406,-0.026986155658960342,0.7662428021430969,0.6084566712379456,-0.039105579257011414,0.7699201703071594,0.6600936055183411,-0.029760774224996567,0.7755892276763916,0.6896926760673523,-0.016922054812312126
0.7388902902603149,0.7498829960823059,-6.286022653512191e-07,0.68028724193573,0.7303920984268188,-0.011603031307458878,0.6382780075073242,0.6635081171989441,-0.018972216174006462,0.638260006904602,0.5930827856063843,-0.028617875650525093,0.6519050598144531,0.5333884954452515,-0.035342514514923096,0.633904218673706,0.6007459759712219,-0.00425088033080101,0.6018485426902771,0.5747559666633606,-0.03692017123103142,0.6257433891296387,0.6184590458869934,-0.05688599869608879,0.6501103639602661,0.659502387046814,-0.06304429471492767,0.6678324937820435,0.574431300163269,-0.008461720310151577,0.6583073139190674,0.591431736946106,-0.04242474585771561,0.6824982166290283,0.6561643481254578,-0.050811558961868286,0.6980726718902588,0.7014828324317932,-0.046720825135707855,0.7045718431472778,0.5642879605293274,-0.01738901250064373,0.699400782585144,0.5954723954200745,-0.04660840705037117,0.7148679494857788,0.6609686613082886,-0.04102984070777893,0.7238638401031494,0.7026214599609375,-0.02737140655517578,0.7416164875030518,0.5628587007522583,-0.02781751938164234,0.7293765544891357,0.5794205069541931,-0.040453337132930756,0.7363867163658142,0.6288479566574097,-0.030772989615797997,0.7436934113502502,0.6563848257064819,-0.01722148060798645
0.7400220632553101,0.7475548982620239,-6.116399617894785e-07,0.681424081325531,0.7286343574523926,-0.01165931485593319,0.6377599239349365,0.666889488697052,-0.019574450328946114,0.6359778046607971,0.5988052487373352,-0.02945331297814846,0.6526846885681152,0.5413769483566284,-0.036399468779563904,0.6323146820068359,0.5987786650657654,-0.00561608886346221,0.6016315221786499,0.5746048092842102,-0.03746302053332329,0.6259580254554749,0.6178205013275146,-0.05715553089976311,0.6508320569992065,0.6585982441902161,-0.0634690374135971,0.6667307615280151,0.572881281375885,-0.009445960633456707,0.6577251553535461,0.5909023880958557,-0.04282297194004059,0.6826720833778381,0.6552072167396545,-0.05137027055025101,0.6989421844482422,0.7013288736343384,-0.04754497483372688,0.7039564251899719,0.5631596446037292,-0.01761658489704132,0.6996818780899048,0.5952468514442444,-0.04671654477715492,0.7145326137542725,0.6596618890762329,-0.04220208525657654,0.7229993939399719,0.7021956443786621,-0.029356742277741432,0.7411766648292542,0.5626005530357361,-0.027174338698387146,0.7306362390518188,0.5785554647445679,-0.040741145610809326,0.7368161678314209,0.6274024844169617,-0.03220801800489426,0.743315577507019,0.6564854383468628,-0.019365927204489708
0.740477979183197,0.74607253074646,-6.171267159515992e-07,0.6824324131011963,0.7286638021469116,-0.01126676332205534,0.638107180595398,0.6678951382637024,-0.01896202564239502,0.6353632807731628,0.5994157791137695,-0.02878488600254059,0.650959849357605,0.5417120456695557,-0.035758186131715775,0.6336930394172668,0.6009742021560669,-0.005332936532795429,0.6012853980064392,0.5749408006668091,-0.0370444729924202,0.6250833868980408,0.6170755624771118,-0.056531500071287155,0.6500075459480286,0.6571259498596191,-0.06275199353694916,0.6674737334251404,0.574999988079071,-0.009229455143213272,0.6576288342475891,0.5916129350662231,-0.04236641153693199,0.6821607947349548,0.6549781560897827,-0.050734665244817734,0.6981907486915588,0.700639545917511,-0.0469510443508625,0.7039389610290527,0.5646063089370728,-0.017470519989728928,0.6991980075836182,0.5962514877319336,-0.04641762003302574,0.7139389514923096,0.6596545577049255,-0.04204035922884941,0.7222390174865723,0.7021892070770264,-0.029448341578245163,0.7406419515609741,0.5631609559059143,-0.02707441709935665,0.7304057478904724,0.5802720189094543,-0.04080002382397652,0.7365148663520813,0.6292687058448792,-0.03269822895526886,0.7427085041999817,0.6591362357139587,-0.020270034670829773
0.7329246401786804,0.752263069152832,-6.296735932664888e-07,0.6751487851142883,0.7340264916419983,-0.010473563335835934,0.6322092413902283,0.6678086519241333,-0.01739252172410488,0.6303460597991943,0.5989207625389099,-0.026901671662926674,0.6432397961616516,0.5412198901176453,-0.03366697579622269,0.6284441351890564,0.6029380559921265,-0.003717371728271246,0.5956953167915344,0.5736972689628601,-0.03573191165924072,0.6196051836013794,0.6175026893615723,-0.055344946682453156,0.6443795561790466,0.6586298942565918,-0.06142082065343857,0.6628322601318359,0.5776858925819397,-0.008552059531211853,0.6509401798248291,0.5890448689460754,-0.04280640929937363,0.6752098202705383,0.6554543375968933,-0.05112987384200096,0.6920385360717773,0.7037768959999084,-0.04664863646030426,0.7000898122787476,0.5679689645767212,-0.01796000637114048,0.691964328289032,0.5953121781349182,-0.047705307602882385,0.7078933119773865,0.6621883511543274,-0.04223155975341797,0.7185248732566833,0.7068620324134827,-0.028258558362722397,0.7375888228416443,0.5667762756347656,-0.028669971972703934,0.7229030728340149,0.5773916244506836,-0.04210415482521057,0.7290958762168884,0.6287692189216614,-0.032412491738796234,0.7369890213012695,0.660201370716095,-0.018684105947613716
0.7324150800704956,0.7481302618980408,-6.174176974127477e-07,0.6742151379585266,0.731046736240387,-0.013158145360648632,0.6295956373214722,0.6630338430404663,-0.020290344953536987,0.6252790093421936,0.5912521481513977,-0.02921520546078682,0.6362012624740601,0.5311269164085388,-0.035002823919057846,0.6242173910140991,0.5962188243865967,-0.005434940569102764,0.592932939529419,0.5707464814186096,-0.038482606410980225,0.6175227761268616,0.6140327453613281,-0.05873722955584526,0.6434345841407776,0.6554039716720581,-0.06502679735422134,0.6582822799682617,0.5697052478790283,-0.008421885780990124,0.6497588157653809,0.5883634686470032,-0.0426296666264534,0.6744372844696045,0.6530028581619263,-0.05131852254271507,0.6919254064559937,0.6998614072799683,-0.04753383994102478,0.6954416632652283,0.5598933696746826,-0.01622181013226509,0.6907598376274109,0.5932068824768066,-0.04638621211051941,0.7062461376190186,0.6599796414375305,-0.041263215243816376,0.716673731803894,0.7051199078559875,-0.02791355922818184,0.7322630286216736,0.5591947436332703,-0.025751657783985138,0.7226995229721069,0.5779359936714172,-0.04068455100059509,0.728629469871521,0.6303209662437439,-0.0327121876180172,0.735805869102478,0.6618046164512634,-0.020175933837890625
0.7330866456031799,0.7478652596473694,-6.151412890176289e-07,0.6741549968719482,0.7311598658561707,-0.011777968145906925,0.6280996203422546,0.6664150953292847,-0.019283821806311607,0.623788058757782,0.5979320406913757,-0.02905883640050888,0.6380749344825745,0.5408246517181396,-0.03577013313770294,0.6252660751342773,0.5999911427497864,-0.005480619613081217,0.5929467678070068,0.5698271989822388,-0.038909777998924255,0.6166801452636719,0.6125218272209167,-0.05896074324846268,0.6422127485275269,0.6539115309715271,-0.06500224769115448,0.6596707105636597,0.5752259492874146,-0.009488720446825027,0.6489352583885193,0.5872971415519714,-0.04551917314529419,0.6730844974517822,0.6522424221038818,-0.054359063506126404,0.690329372882843,0.7001221179962158,-0.05004033073782921,0.6966904401779175,0.565218985080719,-0.018170922994613647,0.6892204880714417,0.5924369096755981,-0.0500202514231205,0.7048041820526123,0.6586876511573792,-0.04537706822156906,0.7151950001716614,0.7039089202880859,-0.03156999871134758,0.7331637144088745,0.5636754035949707,-0.02820643037557602,0.7199256420135498,0.573453426361084,-0.04350467771291733,0.7259983420372009,0.624458372592926,-0.035017818212509155,0.7337141036987305,0.6566667556762695,-0.02190430648624897
0.7344115972518921,0.7475827932357788,-6.056444590285537e-07,0.6736152768135071,0.7308976650238037,-0.011769095435738564,0.6272342801094055,0.666419506072998,-0.019295431673526764,0.6224027872085571,0.597892701625824,-0.029099708423018456,0.6334856748580933,0.5410346388816833,-0.03595472499728203,0.6239790320396423,0.599654495716095,-0.00559090543538332,0.5922983288764954,0.5706974864006042,-0.03900569677352905,0.6160677075386047,0.6112880110740662,-0.05927245691418648,0.6421453952789307,0.6517841219902039,-0.0653986930847168,0.6586064100265503,0.574880838394165,-0.009549044072628021,0.6508134603500366,0.5890671610832214,-0.04537566378712654,0.6749117374420166,0.653801679611206,-0.054586898535490036,0.6923999190330505,0.7023827433586121,-0.05073127895593643,0.6956784725189209,0.5648525953292847,-0.018087631091475487,0.6903948187828064,0.5928251147270203,-0.04999121278524399,0.7057271003723145,0.6586132645606995,-0.04549718275666237,0.716099202632904,0.7045423984527588,-0.031941067427396774,0.7316850423812866,0.563417375087738,-0.02798238955438137,0.7204096913337708,0.5738077163696289,-0.043811578303575516,0.7272855043411255,0.624656617641449,-0.03546823188662529,0.7353567481040955,0.6573958992958069,-0.022352296859025955
0.731362521648407,0.7420341372489929,-5.966290359538107e-07,0.6715570688247681,0.7234291434288025,-0.010814790613949299,0.6259612441062927,0.6614187955856323,-0.0182826966047287,0.6211658120155334,0.5964860916137695,-0.028265131637454033,0.6318081617355347,0.542716383934021,-0.035520486533641815,0.6226084232330322,0.5945923328399658,-0.0036639426834881306,0.5938239097595215,0.5635923743247986,-0.03562483936548233,0.6171548366546631,0.6038507223129272,-0.05498189479112625,0.6407524347305298,0.6456860303878784,-0.06072019040584564,0.6575295329093933,0.5702242255210876,-0.008293794468045235,0.6485666036605835,0.5793405175209045,-0.041618045419454575,0.6718013882637024,0.6448509097099304,-0.05020543560385704,0.6876479983329773,0.6940398216247559,-0.046362001448869705,0.6949542164802551,0.560478687286377,-0.017367899417877197,0.6887951493263245,0.5849934816360474,-0.04739438369870186,0.7034479379653931,0.6507326364517212,-0.042795706540346146,0.7125269770622253,0.6951397657394409,-0.029659420251846313,0.732085645198822,0.5590000152587891,-0.027581728994846344,0.7190955281257629,0.5682624578475952,-0.04178853705525398,0.7262039184570312,0.617303729057312,-0.03268773481249809,0.734231173992157,0.6470078229904175,-0.019447920843958855
0.7337203621864319,0.7295515537261963,-5.354072527552489e-07,0.6790809631347656,0.7065221071243286,-0.005731952842324972,0.6368589997291565,0.6582634449005127,-0.012920200824737549,0.6218367218971252,0.6028338670730591,-0.024372760206460953,0.6209473609924316,0.5532588362693787,-0.03374290093779564,0.6370835304260254,0.5829207897186279,0.006988458335399628,0.6038627028465271,0.5486260652542114,-0.023905325680971146,0.6164569854736328,0.585477888584137,-0.04373319819569588,0.63506680727005,0.6246334314346313,-0.05016706511378288,0.668334424495697,0.5642176270484924,-0.0003885518235620111,0.6466925144195557,0.5553026795387268,-0.0318106971681118,0.6665131449699402,0.6145045161247253,-0.04185131564736366,0.6848551630973816,0.6578660011291504,-0.0391295850276947,0.7017425894737244,0.5552142262458801,-0.012030507437884808,0.6844510436058044,0.5660881400108337,-0.039645954966545105,0.6976085901260376,0.6223081350326538,-0.03559185937047005,0.7104266285896301,0.660460352897644,-0.023401504382491112,0.7369006872177124,0.5546498894691467,-0.024493705481290817,0.717085063457489,0.5640676617622375,-0.03660660237073898,0.7217564582824707,0.6070281863212585,-0.028222259134054184,0.7305190563201904,0.6332592964172363,-0.01600690558552742
0.7338074445724487,0.7285382747650146,-5.252405230748991e-07,0.6775503158569336,0.7037896513938904,-0.004744345787912607,0.63606858253479,0.6537414789199829,-0.011640521697700024,0.6255819797515869,0.5959901809692383,-0.022722579538822174,0.6342527270317078,0.5470133423805237,-0.032199837267398834,0.6363874673843384,0.5842114686965942,0.006305662449449301,0.601718544960022,0.5513235330581665,-0.023893430829048157,0.6156368851661682,0.5883301496505737,-0.043922241777181625,0.6354202628135681,0.6276167631149292,-0.050969719886779785,0.6685225963592529,0.5646933317184448,-0.0017040937673300505,0.6456817388534546,0.5540343523025513,-0.03169772028923035,0.6640670299530029,0.6123847365379333,-0.041685234755277634,0.6815030574798584,0.655623197555542,-0.03953864797949791,0.7028512358665466,0.5559982657432556,-0.013675054535269737,0.6827309131622314,0.5649592876434326,-0.04040088132023811,0.6958162784576416,0.6203964948654175,-0.03690095990896225,0.7093307375907898,0.6583150625228882,-0.025539223104715347,0.7384015321731567,0.5561844706535339,-0.02635776437819004,0.7149879932403564,0.5662699341773987,-0.03883563354611397,0.7207670211791992,0.6092219352722168,-0.03078554756939411,0.7316460609436035,0.6354886889457703,-0.01893129013478756
0.7345105409622192,0.7279571890830994,-5.199615884521336e-07,0.6784156560897827,0.7041538953781128,-0.005079965107142925,0.6368286609649658,0.655337929725647,-0.012097249738872051,0.6252138018608093,0.5990574359893799,-0.023175546899437904,0.6321341395378113,0.550700306892395,-0.0325973816215992,0.63632732629776,0.5834417939186096,0.006018331740051508,0.6017523407936096,0.552100658416748,-0.0241624154150486,0.6162463426589966,0.5894786715507507,-0.04410115256905556,0.6363345384597778,0.6278645992279053,-0.051115598529577255,0.6681140661239624,0.5638809204101562,-0.0018450848292559385,0.6452153325080872,0.5543753504753113,-0.03180430829524994,0.6638320684432983,0.6128029823303223,-0.04168045148253441,0.6815477013587952,0.6550913453102112,-0.03941880166530609,0.7020800113677979,0.5551199316978455,-0.013700300827622414,0.6821557283401489,0.5655137896537781,-0.040459610521793365,0.695666491985321,0.6207512617111206,-0.0369923859834671,0.7096064686775208,0.6575904488563538,-0.02564159221947193,0.7374147772789001,0.5553218722343445,-0.02629878930747509,0.7143569588661194,0.5670661330223083,-0.038980256766080856,0.7208027243614197,0.6098182797431946,-0.031108027324080467,0.7321474552154541,0.635124146938324,-0.019302427768707275
0.7371426820755005,0.7101825475692749,-4.975228193870862e-07,0.6845952868461609,0.6895031929016113,-0.010303417220711708,0.6444422602653503,0.6375346779823303,-0.01891137845814228,0.6379827857017517,0.5780842900276184,-0.030971650034189224,0.6508235335350037,0.5294123291969299,-0.03983570635318756,0.6395761370658875,0.5677524209022522,0.004418628755956888,0.6092374920845032,0.5346472859382629,-0.02946305274963379,0.6315231323242188,0.5762866735458374,-0.04944388195872307,0.6543676257133484,0.614213764667511,-0.05528782680630684,0.6727266311645508,0.5477890968322754,-0.0016181363025680184,0.6551697254180908,0.5349969267845154,-0.03588586673140526,0.6767429709434509,0.5968960523605347,-0.04490325599908829,0.6920167207717896,0.6352789402008057,-0.04018215835094452,0.7073401808738708,0.5400700569152832,-0.012842497788369656,0.6937633156776428,0.5468646287918091,-0.042714983224868774,0.7072160840034485,0.6055567264556885,-0.037187255918979645,0.7165523767471313,0.6368237137794495,-0.022971229627728462,0.7433770298957825,0.5408889055252075,-0.025342995300889015,0.7273334264755249,0.5476672053337097,-0.036791037768125534,0.731448769569397,0.5910365581512451,-0.026856325566768646,0.7374297380447388,0.6116556525230408,-0.013480533845722675
0.7371000647544861,0.7078486680984497,-4.953330403623113e-07,0.6833961606025696,0.6866523027420044,-0.009916628710925579,0.6425649523735046,0.6369692087173462,-0.018297383561730385,0.6365643739700317,0.5788987874984741,-0.029632266610860825,0.650740385055542,0.5312371850013733,-0.037959348410367966,0.6377675533294678,0.5661548972129822,0.0026794513687491417,0.6108527183532715,0.5364081859588623,-0.030512766912579536,0.6337140202522278,0.5789072513580322,-0.05101190134882927,0.6563891172409058,0.617879331111908,-0.05753245949745178,0.6718622446060181,0.5462870597839355,-0.003280133940279484,0.6569125056266785,0.5323612093925476,-0.03662119433283806,0.6773891448974609,0.593336820602417,-0.04572352021932602,0.6924141049385071,0.6360688805580139,-0.041278596967458725,0.706924319267273,0.5382539629936218,-0.014025279320776463,0.6964378952980042,0.5472636222839355,-0.04279513657093048,0.7083157896995544,0.6048203110694885,-0.03811516612768173,0.7164302468299866,0.640163242816925,-0.024723075330257416,0.7424690127372742,0.5390806794166565,-0.025994688272476196,0.7282299995422363,0.5487914085388184,-0.037292495369911194,0.7313594818115234,0.5928996205329895,-0.02795306034386158,0.7364275455474854,0.6170503497123718,-0.014950328506529331
0.7358865737915039,0.6971629858016968,-4.776503601533477e-07,0.6817795038223267,0.6819590926170349,-0.01822112500667572,0.6418878436088562,0.6190870404243469,-0.02856636792421341,0.6436132192611694,0.5504583716392517,-0.03949133679270744,0.6583479046821594,0.49597764015197754,-0.04654983803629875,0.6338295936584473,0.5688506960868835,-0.011086840182542801,0.6140856742858887,0.5238086581230164,-0.04518695920705795,0.6418477296829224,0.5645248293876648,-0.06438527256250381,0.6641256213188171,0.6057272553443909,-0.07010849565267563,0.6690798997879028,0.545520007610321,-0.012206104584038258,0.6707761287689209,0.5293083786964417,-0.04891093820333481,0.6955016255378723,0.5957224369049072,-0.05680375173687935,0.7057757377624512,0.6431980729103088,-0.051684390753507614,0.7050529718399048,0.5333393812179565,-0.01845521293580532,0.7094462513923645,0.533382773399353,-0.050237856805324554,0.7233776450157166,0.5976765155792236,-0.04420127347111702,0.7262789011001587,0.6383784413337708,-0.02999046817421913,0.7402809262275696,0.528631329536438,-0.026511043310165405,0.7406110167503357,0.5285718441009521,-0.041786082088947296,0.7456070184707642,0.577528715133667,-0.03330504149198532,0.7463075518608093,0.6053295135498047,-0.020784659311175346
0.7381812334060669,0.6959660053253174,-4.968745770383975e-07,0.6838793754577637,0.6817001104354858,-0.016209570690989494,0.6429736018180847,0.6217858195304871,-0.02610853686928749,0.6419347524642944,0.5540252327919006,-0.03699622303247452,0.6546400189399719,0.4976010024547577,-0.04434064030647278,0.6343688368797302,0.5673875212669373,-0.009256016463041306,0.6129449605941772,0.5251152515411377,-0.043527912348508835,0.6414418816566467,0.5644134879112244,-0.06367859244346619,0.6647732257843018,0.6054149270057678,-0.06995135545730591,0.6698041558265686,0.5449396371841431,-0.01148860715329647,0.6701638698577881,0.530350387096405,-0.0482044480741024,0.6946432590484619,0.5945613980293274,-0.05702712759375572,0.7056509852409363,0.6430505514144897,-0.05266324430704117,0.7057565450668335,0.5334063172340393,-0.018650595098733902,0.707970142364502,0.5355895757675171,-0.05109936371445656,0.7216838598251343,0.5990456342697144,-0.04621931537985802,0.7247220277786255,0.6416118741035461,-0.03261123225092888,0.7406404614448547,0.529096245765686,-0.027244750410318375,0.73785400390625,0.5288079380989075,-0.04329840466380119,0.7436278462409973,0.5776305198669434,-0.03489825502038002,0.7451338768005371,0.6073521375656128,-0.022141629830002785
0.7375704646110535,0.696510374546051,-4.944608349433111e-07,0.6831660866737366,0.681755781173706,-0.016037866473197937,0.6425926089286804,0.6221588253974915,-0.026060495525598526,0.6422247886657715,0.5551288723945618,-0.03722551837563515,0.6548188924789429,0.49983885884284973,-0.04490497335791588,0.6344392895698547,0.5682992339134216,-0.009286832064390182,0.612442135810852,0.5256576538085938,-0.043918538838624954,0.6412243843078613,0.5647647380828857,-0.06448203325271606,0.6647127866744995,0.605686366558075,-0.07096027582883835,0.6699793934822083,0.5460839867591858,-0.011804886162281036,0.6701511740684509,0.5299813747406006,-0.04892967641353607,0.6945860981941223,0.594211220741272,-0.05802247300744057,0.7053436636924744,0.6433815956115723,-0.053750939667224884,0.7059493064880371,0.5346366167068481,-0.019255351275205612,0.707797110080719,0.5355061292648315,-0.05196965113282204,0.7215996980667114,0.5988826155662537,-0.04715738445520401,0.7245492935180664,0.6420740485191345,-0.03349033743143082,0.7409175038337708,0.5303111672401428,-0.028112446889281273,0.7377610802650452,0.5281408429145813,-0.04415075480937958,0.7434514164924622,0.5771017670631409,-0.035473741590976715,0.7448205351829529,0.6077542901039124,-0.022520193830132484
0.7370681762695312,0.6958295702934265,-4.934231014885881e-07,0.6832387447357178,0.6814519166946411,-0.016799939796328545,0.6425544023513794,0.621590793132782,-0.02707613818347454,0.6421539783477783,0.5542930960655212,-0.03826988860964775,0.6550572514533997,0.4985765218734741,-0.04586819186806679,0.634050726890564,0.5674447417259216,-0.010214119218289852,0.6123622059822083,0.5255411267280579,-0.04500550776720047,0.641357958316803,0.5649864673614502,-0.06550814211368561,0.6649697422981262,0.6058719158172607,-0.0719638392329216,0.6696166396141052,0.5451467037200928,-0.01237880252301693,0.6702696681022644,0.5300151109695435,-0.049695421010255814,0.6948729753494263,0.5944323539733887,-0.05863327160477638,0.7056190371513367,0.6430405378341675,-0.05424650013446808,0.7056570649147034,0.5338715314865112,-0.019537970423698425,0.7083708643913269,0.5357508063316345,-0.05249256268143654,0.7221279144287109,0.599174439907074,-0.04764533415436745,0.7248038053512573,0.6417787075042725,-0.033955082297325134,0.7405900955200195,0.5297375917434692,-0.02817700244486332,0.7384623885154724,0.528907060623169,-0.04445572942495346,0.7440274357795715,0.5777965784072876,-0.03601923957467079,0.7450438737869263,0.6078336834907532,-0.02323167957365513
0.73443603515625,0.697931706905365,-5.006720584788127e-07,0.680777370929718,0.6825628280639648,-0.016577880829572678,0.6394639015197754,0.6208809018135071,-0.025773363187909126,0.6391649842262268,0.5518653988838196,-0.03657758608460426,0.6506852507591248,0.49483516812324524,-0.04350664094090462,0.630586564540863,0.5723718404769897,-0.005659962072968483,0.6080597639083862,0.5245040655136108,-0.04199760779738426,0.6353866457939148,0.5634216666221619,-0.061870139092206955,0.6584139466285706,0.6035054922103882,-0.06697406619787216,0.6656560897827148,0.5502719879150391,-0.008286760188639164,0.6621201634407043,0.5277219414710999,-0.04675658047199249,0.6873807311058044,0.5967511534690857,-0.05434586480259895,0.6991153359413147,0.641608476638794,-0.047920919954776764,0.7015706300735474,0.538345217704773,-0.016631221398711205,0.7010810971260071,0.5309097766876221,-0.0509263351559639,0.7157769203186035,0.5999466180801392,-0.043616339564323425,0.7196683883666992,0.6380386352539062,-0.027092497795820236,0.7374585866928101,0.5324944853782654,-0.026514682918787003,0.7331253290176392,0.5170403122901917,-0.04107716679573059,0.737183690071106,0.5641856789588928,-0.029875485226511955,0.7368416786193848,0.5891820788383484,-0.015034391544759274
0.7353137135505676,0.6980118155479431,-5.262375566417177e-07,0.6818314790725708,0.6839650869369507,-0.01621401496231556,0.6391043066978455,0.6224217414855957,-0.02557063102722168,0.6380205154418945,0.5543823838233948,-0.036713678389787674,0.6507747173309326,0.4988164007663727,-0.04388605058193207,0.6302241086959839,0.5709272623062134,-0.0059502567164599895,0.6064385175704956,0.523159384727478,-0.04261699691414833,0.634898841381073,0.5645541548728943,-0.06250117719173431,0.6581218838691711,0.6055473685264587,-0.06756779551506042,0.6654104590415955,0.5483428239822388,-0.009008776396512985,0.6611415147781372,0.5270701050758362,-0.04741722717881203,0.6865651607513428,0.595761775970459,-0.05503949150443077,0.697658896446228,0.6397753953933716,-0.048748698085546494,0.7013729214668274,0.5363430976867676,-0.017763247713446617,0.699776828289032,0.5317058563232422,-0.052025213837623596,0.7149733304977417,0.6001483201980591,-0.04505796730518341,0.7185222506523132,0.6374959349632263,-0.02895348332822323,0.737278938293457,0.5300226211547852,-0.02799181081354618,0.7314830422401428,0.5182862281799316,-0.04232068359851837,0.7365395426750183,0.5662528276443481,-0.031054440885782242,0.7370325922966003,0.5910559892654419,-0.016290200874209404
0.7355998158454895,0.6981770992279053,-5.29415842720482e-07,0.6816933155059814,0.6846346855163574,-0.016064701601862907,0.6386534571647644,0.6250956654548645,-0.025843853130936623,0.6378694772720337,0.5587704181671143,-0.03747278451919556,0.6508515477180481,0.5048166513442993,-0.04520443081855774,0.6294466257095337,0.5700648427009583,-0.006539723835885525,0.6061916351318359,0.5220915079116821,-0.04279584810137749,0.6342938542366028,0.5633436441421509,-0.06294674426317215,0.6575888395309448,0.604752242565155,-0.06850910931825638,0.6648487448692322,0.5470563173294067,-0.009752045385539532,0.6622348427772522,0.5273856520652771,-0.04787212610244751,0.6871601939201355,0.5961779356002808,-0.05594406649470329,0.697880208492279,0.6412172913551331,-0.05031617358326912,0.7009421586990356,0.5352528095245361,-0.018489422276616096,0.7012072801589966,0.5321326851844788,-0.05258689448237419,0.7155702114105225,0.6002997159957886,-0.04625682160258293,0.7181739807128906,0.6391341686248779,-0.03088834136724472,0.7366195917129517,0.5292919874191284,-0.028676288202404976,0.7326361536979675,0.5183579921722412,-0.043464817106723785,0.7372483015060425,0.5670207738876343,-0.0326576866209507,0.7367404699325562,0.5938730835914612,-0.01828962005674839
0.7326028347015381,0.7025631070137024,-5.476496198753011e-07,0.6778339147567749,0.6874240636825562,-0.016683846712112427,0.6357191205024719,0.6203686594963074,-0.025937626138329506,0.6364403963088989,0.5501178503036499,-0.03702928125858307,0.6494618058204651,0.49315112829208374,-0.04414927214384079,0.6282265186309814,0.5713029503822327,-0.0053597064688801765,0.6021323800086975,0.5202512741088867,-0.04264886677265167,0.6288003921508789,0.5618472695350647,-0.06334251165390015,0.6522190570831299,0.6054609417915344,-0.06869139522314072,0.6644655466079712,0.5476741194725037,-0.00815792940557003,0.6598516702651978,0.5273069143295288,-0.048251375555992126,0.6840377449989319,0.5975757241249084,-0.05701804906129837,0.6952915191650391,0.6452653408050537,-0.05101250484585762,0.7009398937225342,0.5353612899780273,-0.016817975789308548,0.697829008102417,0.5329451560974121,-0.052645061165094376,0.7124243974685669,0.6033668518066406,-0.04663391411304474,0.7160654067993164,0.644859790802002,-0.03052741475403309,0.7360302209854126,0.5287701487541199,-0.02690628170967102,0.726629376411438,0.5198352336883545,-0.04229366034269333,0.7333062887191772,0.5691807866096497,-0.03123105876147747,0.7360734939575195,0.5955047011375427,-0.01614469848573208
0.7335627675056458,0.7030564546585083,-5.487532916959026e-07,0.677900493144989,0.6863605380058289,-0.01574474573135376,0.6346026659011841,0.6226896643638611,-0.025196364149451256,0.6346943974494934,0.5540471076965332,-0.036829132586717606,0.6491578221321106,0.4973395764827728,-0.044627267867326736,0.6275704503059387,0.569577693939209,-0.0045435805805027485,0.6018694043159485,0.5198433995246887,-0.0414394848048687,0.6278612613677979,0.5610928535461426,-0.06210875138640404,0.6507983207702637,0.6042644381523132,-0.06767401099205017,0.6634825468063354,0.5461488366127014,-0.007943209260702133,0.6583487391471863,0.52696692943573,-0.04738589748740196,0.6828490495681763,0.5960078239440918,-0.05626803636550903,0.6946006417274475,0.6433810591697693,-0.05061511695384979,0.7001326084136963,0.5339239835739136,-0.01703140325844288,0.6970288753509521,0.5323320627212524,-0.052391327917575836,0.711578369140625,0.6015861630439758,-0.04655836522579193,0.7155919075012207,0.643491804599762,-0.030800696462392807,0.7357377409934998,0.5277753472328186,-0.027538560330867767,0.7264994382858276,0.5197082161903381,-0.043156012892723083,0.7327426671981812,0.568294107913971,-0.032498594373464584,0.7354518175125122,0.5956547856330872,-0.017705466598272324
0.7336103320121765,0.7032801508903503,-5.539238259189005e-07,0.6781799793243408,0.6870050430297852,-0.016057418659329414,0.6346405744552612,0.6238645315170288,-0.025867674499750137,0.635164737701416,0.5564563274383545,-0.037845976650714874,0.64984530210495,0.5006527900695801,-0.04590241238474846,0.6273923516273499,0.5691024661064148,-0.004586821421980858,0.6014344096183777,0.5199626684188843,-0.04175860062241554,0.6275513768196106,0.5617386102676392,-0.0625978484749794,0.6505597233772278,0.6050773859024048,-0.06828485429286957,0.6632346510887146,0.5451268553733826,-0.007923203520476818,0.6582247614860535,0.5263788104057312,-0.04752105847001076,0.6825962662696838,0.5959039330482483,-0.05655123293399811,0.6939151287078857,0.6429891586303711,-0.050973329693078995,0.7000079154968262,0.532721757888794,-0.01701042428612709,0.6968626379966736,0.5321260094642639,-0.052472423762083054,0.711259663105011,0.6014227271080017,-0.04675521329045296,0.7147883176803589,0.6426947116851807,-0.031102707609534264,0.735538125038147,0.5265489816665649,-0.02753889188170433,0.7260315418243408,0.5201530456542969,-0.04313413426280022,0.7324120402336121,0.5688686370849609,-0.03247981518507004,0.7350899577140808,0.5956912636756897,-0.017707563936710358
0.724541962146759,0.7073827981948853,-5.568130063693388e-07,0.6673686504364014,0.6843274831771851,-0.012126745656132698,0.6278342008590698,0.6165865659713745,-0.020098542794585228,0.6303563117980957,0.5459473133087158,-0.030854247510433197,0.6416410803794861,0.4897429943084717,-0.03862837329506874,0.6258165240287781,0.5674872398376465,-0.0026698352303355932,0.5978548526763916,0.5200799703598022,-0.036912910640239716,0.6218748688697815,0.5597580671310425,-0.05699155479669571,0.6444225311279297,0.6023499965667725,-0.06255393475294113,0.6614572405815125,0.5471984148025513,-0.007271781098097563,0.6551605463027954,0.5295892357826233,-0.04419627785682678,0.6761000752449036,0.5971305966377258,-0.05381356552243233,0.6873331069946289,0.6484768986701965,-0.04947088286280632,0.6975905299186707,0.5368306636810303,-0.016846561804413795,0.6920191645622253,0.5362143516540527,-0.04966979846358299,0.7033002972602844,0.6052378416061401,-0.045245736837387085,0.7070728540420532,0.6508626937866211,-0.031230028718709946,0.7331237196922302,0.5330801010131836,-0.02747916802763939,0.7216333746910095,0.5235161185264587,-0.04160072281956673,0.7245652675628662,0.573165237903595,-0.0313897579908371,0.7264813780784607,0.6049061417579651,-0.01743231900036335
0.7245692610740662,0.7076724767684937,-5.525114943338849e-07,0.669887900352478,0.6838186979293823,-0.013331531547009945,0.6297594308853149,0.6165508031845093,-0.02150445245206356,0.630821943283081,0.5452709794044495,-0.03214048221707344,0.6426840424537659,0.48705071210861206,-0.03939090296626091,0.6262030601501465,0.5684804916381836,-0.0025360938161611557,0.5983773469924927,0.5198816657066345,-0.03744592145085335,0.621808648109436,0.5605751872062683,-0.05691644549369812,0.6442384719848633,0.6035158634185791,-0.061886224895715714,0.6617332696914673,0.5489473342895508,-0.006602924782782793,0.6533815860748291,0.5284677743911743,-0.04491882026195526,0.6764898300170898,0.5971065163612366,-0.05370350554585457,0.6897159218788147,0.6464806795120239,-0.048176005482673645,0.697883665561676,0.5382950901985168,-0.015949537977576256,0.6914452910423279,0.5340914726257324,-0.04985377565026283,0.7045273184776306,0.603238046169281,-0.043873708695173264,0.7101706266403198,0.646503210067749,-0.028363121673464775,0.7337436676025391,0.533596932888031,-0.026538796722888947,0.721451997756958,0.5215564966201782,-0.04128247871994972,0.7249183058738708,0.571337878704071,-0.03065081685781479,0.7278432846069336,0.6012502312660217,-0.016203170642256737
0.7240044474601746,0.7072105407714844,-5.46681008017913e-07,0.6676689982414246,0.6868062019348145,-0.01450256910175085,0.6271876096725464,0.6205085515975952,-0.022613365203142166,0.6271246075630188,0.5485303997993469,-0.032808974385261536,0.6360563635826111,0.48897236585617065,-0.03974488750100136,0.6206362247467041,0.5677412152290344,-0.00302634434774518,0.5916036367416382,0.5215990543365479,-0.038466259837150574,0.6159047484397888,0.5614868402481079,-0.059023696929216385,0.6401417255401611,0.6037743091583252,-0.06462711840867996,0.6563988327980042,0.5463871359825134,-0.006174956914037466,0.649904727935791,0.5320714116096497,-0.04430769011378288,0.6739640831947327,0.6008843183517456,-0.05350925400853157,0.6878759860992432,0.6489070057868958,-0.04858662933111191,0.6931672692298889,0.5354835391044617,-0.014664697460830212,0.6884660124778748,0.5324955582618713,-0.04949750378727913,0.7025734782218933,0.6029784083366394,-0.04334544017910957,0.7092777490615845,0.64621502161026,-0.02749302051961422,0.7292024493217468,0.5320925116539001,-0.024450063705444336,0.7187020182609558,0.5188180208206177,-0.04128718003630638,0.7240234613418579,0.5702458620071411,-0.030872691422700882,0.7286573648452759,0.600983202457428,-0.01586257852613926
0.7184826135635376,0.7062246203422546,-5.667021696353913e-07,0.6610363125801086,0.6869062185287476,-0.015529965981841087,0.618032693862915,0.6155701875686646,-0.02366286888718605,0.6178802847862244,0.542330801486969,-0.033767156302928925,0.6304900050163269,0.48167094588279724,-0.040382422506809235,0.6148062944412231,0.5660368204116821,-0.0035125475842505693,0.586471676826477,0.5170227289199829,-0.038963690400123596,0.6108301281929016,0.5566582083702087,-0.05987394601106644,0.6343598961830139,0.6000903248786926,-0.06618356704711914,0.650791347026825,0.5434470176696777,-0.00633525475859642,0.6476365327835083,0.5343015193939209,-0.04558943212032318,0.6716320514678955,0.6030288338661194,-0.055866025388240814,0.6833279728889465,0.6519982814788818,-0.05183993652462959,0.6874792575836182,0.5323399901390076,-0.014639781787991524,0.6854228377342224,0.5350988507270813,-0.0492885448038578,0.6993772387504578,0.6042575836181641,-0.04382878914475441,0.7034367918968201,0.6472394466400146,-0.02912273444235325,0.7227882146835327,0.5283209681510925,-0.0244918130338192,0.7153440713882446,0.5241822600364685,-0.041107177734375,0.7210400700569153,0.5761004090309143,-0.03150635212659836,0.7237909436225891,0.6059393882751465,-0.017551148310303688
0.7202768921852112,0.6090681552886963,-5.00561270655453e-07,0.6639159321784973,0.5904872417449951,-0.013189224526286125,0.6215028166770935,0.5328025817871094,-0.02246169000864029,0.6202564835548401,0.4650413393974304,-0.03446276858448982,0.6310470700263977,0.40971919894218445,-0.04362311586737633,0.6171404123306274,0.47294285893440247,-0.0025325273163616657,0.5922935605049133,0.4253695011138916,-0.035787880420684814,0.6142010688781738,0.4645863473415375,-0.055516861379146576,0.635487973690033,0.50645911693573,-0.06128920614719391,0.6530999541282654,0.45388537645339966,-0.006621675565838814,0.6470775604248047,0.43441885709762573,-0.04326260834932327,0.6695626378059387,0.5037512183189392,-0.0524575412273407,0.6828774809837341,0.5572470426559448,-0.04771443083882332,0.6900582313537598,0.4447818994522095,-0.015705754980444908,0.6849463582038879,0.4393271505832672,-0.04946855828166008,0.6994541883468628,0.5074435472488403,-0.04384288191795349,0.7088497877120972,0.5553157925605774,-0.028443003073334694,0.7272711396217346,0.44360294938087463,-0.025833653286099434,0.7163621187210083,0.4287671148777008,-0.04306051880121231,0.7212896347045898,0.4784714877605438,-0.033440977334976196,0.7277064919471741,0.5137810111045837,-0.01911715790629387
0.7208689451217651,0.6079696416854858,-5.19310844993015e-07,0.6643494963645935,0.5881817936897278,-0.013347647152841091,0.6218094229698181,0.5278587341308594,-0.022576261311769485,0.6184366345405579,0.45719143748283386,-0.03419558331370354,0.6287917494773865,0.39986279606819153,-0.04309619218111038,0.6184729933738708,0.4760613441467285,-0.0055290632881224155,0.5914124846458435,0.42853203415870667,-0.039806414395570755,0.6143301725387573,0.46236279606819153,-0.06017255038022995,0.6369922161102295,0.4998689889907837,-0.06673210114240646,0.6553129553794861,0.4569161832332611,-0.010284153744578362,0.6473632454872131,0.4352472126483917,-0.04762227460741997,0.6693410277366638,0.5015575289726257,-0.05671821907162666,0.6824985146522522,0.5518220067024231,-0.052462413907051086,0.6923841238021851,0.44742926955223083,-0.019952839240431786,0.685806155204773,0.44154489040374756,-0.05479661002755165,0.6999077200889587,0.5084571242332458,-0.0488046295940876,0.7072542309761047,0.554063618183136,-0.03359133377671242,0.729381799697876,0.4452883005142212,-0.030647072941064835,0.7173744440078735,0.4297569990158081,-0.048704132437705994,0.7227709293365479,0.48081961274147034,-0.038528889417648315,0.7276638150215149,0.515920877456665,-0.024128155782818794
0.7213979959487915,0.6081392765045166,-5.337187758414075e-07,0.664779782295227,0.5884422063827515,-0.013007220812141895,0.6222106218338013,0.5265412330627441,-0.021654890850186348,0.6188064813613892,0.454923540353775,-0.03265048936009407,0.6289077997207642,0.39709922671318054,-0.040794942528009415,0.6183444857597351,0.4761466979980469,-0.005597639828920364,0.5914654731750488,0.42984792590141296,-0.03949538245797157,0.6159482002258301,0.46582508087158203,-0.05919564887881279,0.6392973065376282,0.5041623115539551,-0.06526682525873184,0.6553013920783997,0.4570281207561493,-0.010343525558710098,0.6464948058128357,0.4356173872947693,-0.04701674357056618,0.6692003011703491,0.5018525719642639,-0.055341556668281555,0.6829653382301331,0.5516348481178284,-0.05067121982574463,0.6926129460334778,0.447374552488327,-0.019989563152194023,0.6848954558372498,0.44200342893600464,-0.054298654198646545,0.699821949005127,0.5090559720993042,-0.04779226332902908,0.7081717252731323,0.5544179081916809,-0.03237655386328697,0.7299904227256775,0.4449804723262787,-0.0306581798940897,0.7168702483177185,0.4299929440021515,-0.04842887073755264,0.7224639654159546,0.4814043939113617,-0.03813101351261139,0.7279312610626221,0.5162366032600403,-0.02375466749072075
0.7177245020866394,0.5948501825332642,-5.253780273051234e-07,0.6633310914039612,0.5803537368774414,-0.018215389922261238,0.620587944984436,0.5100069046020508,-0.027848251163959503,0.6207368969917297,0.4324817657470703,-0.038825344294309616,0.6312791109085083,0.370466411113739,-0.04596208781003952,0.6123174428939819,0.4611862599849701,-0.007293789181858301,0.5878002047538757,0.40950649976730347,-0.04288363829255104,0.614347517490387,0.45208412408828735,-0.06240931153297424,0.6378588080406189,0.49512165784835815,-0.06780123710632324,0.6490927338600159,0.44089749455451965,-0.00945649016648531,0.6466443538665771,0.41834506392478943,-0.049187757074832916,0.6732144355773926,0.49042218923568726,-0.057347800582647324,0.6857731342315674,0.5412904024124146,-0.05148804560303688,0.6869522929191589,0.4309726059436798,-0.01736484281718731,0.6857879161834717,0.4197537899017334,-0.052506234496831894,0.7021589875221252,0.4930996298789978,-0.04426519200205803,0.7073309421539307,0.539292573928833,-0.027395596727728844,0.7243413329124451,0.42779698967933655,-0.027042988687753677,0.7178366184234619,0.4111715257167816,-0.04449399560689926,0.7242582440376282,0.4639221131801605,-0.03394148498773575,0.7268859148025513,0.49566155672073364,-0.019331451505422592
0.7190967202186584,0.5954069495201111,-5.536464300348598e-07,0.6613072752952576,0.5766201019287109,-0.016060270369052887,0.6192752122879028,0.5069458484649658,-0.025324998423457146,0.6201453804969788,0.43067389726638794,-0.036329250782728195,0.6305984854698181,0.3689010739326477,-0.04383360594511032,0.6138080954551697,0.46165931224823,-0.007701508700847626,0.5866283178329468,0.41008129715919495,-0.04390193521976471,0.6130906939506531,0.45135390758514404,-0.0646524727344513,0.6377512812614441,0.49417421221733093,-0.07084522396326065,0.6508018374443054,0.44217416644096375,-0.010790335945785046,0.6476390957832336,0.42028045654296875,-0.05080796405673027,0.672705888748169,0.49133336544036865,-0.05969366803765297,0.6848987340927124,0.5421870946884155,-0.054631009697914124,0.6878635287284851,0.43200254440307617,-0.019263457506895065,0.6857172846794128,0.42240867018699646,-0.054558053612709045,0.7000339031219482,0.49387702345848083,-0.04718464985489845,0.7039709091186523,0.5394401550292969,-0.031038997694849968,0.7241550087928772,0.428536593914032,-0.029242120683193207,0.7169579267501831,0.4113757610321045,-0.04617347940802574,0.7220861315727234,0.46456533670425415,-0.035156138241291046,0.7237542867660522,0.4976470470428467,-0.02034492790699005
0.7189574241638184,0.5960653424263,-5.559351734518714e-07,0.6607301831245422,0.5769714117050171,-0.01607675664126873,0.618378758430481,0.5070063471794128,-0.025353744626045227,0.6198006868362427,0.43083474040031433,-0.036429502069950104,0.6305288672447205,0.3693491816520691,-0.04403211921453476,0.6134330034255981,0.4608565866947174,-0.007270837668329477,0.5864107012748718,0.4098789095878601,-0.04322011396288872,0.6128735542297363,0.4507351219654083,-0.06393354386091232,0.6374484896659851,0.493399977684021,-0.0701550617814064,0.6506534814834595,0.4412064552307129,-0.010440167039632797,0.6474516987800598,0.4205208122730255,-0.050361163914203644,0.6722996234893799,0.49149465560913086,-0.05949510633945465,0.6845800280570984,0.543012797832489,-0.05460192635655403,0.6879039406776428,0.4309651255607605,-0.01901191845536232,0.6855089068412781,0.4230586886405945,-0.0543481670320034,0.6998113393783569,0.494547963142395,-0.047431979328393936,0.7039949297904968,0.5407472848892212,-0.03158169612288475,0.7242963314056396,0.42733797430992126,-0.029084721580147743,0.7165064811706543,0.41178154945373535,-0.04619676619768143,0.7218301296234131,0.46517425775527954,-0.03543833643198013,0.7239475250244141,0.49858394265174866,-0.020776117220520973
0.7185536026954651,0.5930008292198181,-5.60864066301292e-07,0.6608008742332458,0.5772264003753662,-0.017717313021421432,0.6165018677711487,0.5056743621826172,-0.027138780802488327,0.6176732778549194,0.42905646562576294,-0.038066692650318146,0.6300699710845947,0.36728435754776,-0.04519873857498169,0.6105718016624451,0.4587247669696808,-0.008320658467710018,0.5847508311271667,0.40458422899246216,-0.04452371969819069,0.6121701598167419,0.44569098949432373,-0.06471306085586548,0.6357361078262329,0.4884645938873291,-0.07054688781499863,0.6479031443595886,0.4367414712905884,-0.01060704980045557,0.6465210318565369,0.4172923266887665,-0.05076071247458458,0.6728544235229492,0.48985931277275085,-0.05944529175758362,0.683870792388916,0.5414354801177979,-0.05409025400876999,0.6854174733161926,0.42569220066070557,-0.018509989604353905,0.6851611733436584,0.4194706678390503,-0.05439302325248718,0.7008975744247437,0.4926355183124542,-0.04726448655128479,0.7044283747673035,0.5397622585296631,-0.0311075858771801,0.7216230630874634,0.4218451678752899,-0.028064286336302757,0.7164351344108582,0.40781575441360474,-0.046294186264276505,0.7228193283081055,0.4621769189834595,-0.03606123477220535,0.7242180109024048,0.49648818373680115,-0.021483836695551872
0.7189584374427795,0.5934672355651855,-5.512860070666648e-07,0.659996747970581,0.5768319964408875,-0.018758242949843407,0.6151660680770874,0.5060325264930725,-0.029092561453580856,0.6167224049568176,0.4294189512729645,-0.04088357836008072,0.6281181573867798,0.367885559797287,-0.048911530524492264,0.6104438900947571,0.46003592014312744,-0.00922799576073885,0.584845244884491,0.4039490520954132,-0.0469607375562191,0.6130279898643494,0.4448354244232178,-0.06861872225999832,0.6366028785705566,0.48871126770973206,-0.07530345022678375,0.6481821537017822,0.43875056505203247,-0.011665459722280502,0.6470141410827637,0.41613900661468506,-0.05358720198273659,0.67347252368927,0.4891943633556366,-0.06346160918474197,0.6836957335472107,0.5423681735992432,-0.05875883251428604,0.685849130153656,0.42757195234298706,-0.01988253742456436,0.6855255961418152,0.41708695888519287,-0.057198721915483475,0.7013179063796997,0.4900144934654236,-0.05033918097615242,0.7037914991378784,0.5382276773452759,-0.034139446914196014,0.7213211059570312,0.4235946834087372,-0.029809722676873207,0.7158868312835693,0.405875563621521,-0.04906759038567543,0.723810613155365,0.4596230685710907,-0.03853507339954376,0.7258902192115784,0.49406975507736206,-0.023539191111922264
0.7193650007247925,0.5935894250869751,-5.510715368473029e-07,0.6601081490516663,0.5766461491584778,-0.01868361420929432,0.6146577000617981,0.5048705339431763,-0.02889935113489628,0.6159543991088867,0.4278407096862793,-0.040663283318281174,0.6276977062225342,0.3655959963798523,-0.04870430380105972,0.6103188395500183,0.4596453309059143,-0.008325069211423397,0.5852130055427551,0.4043610692024231,-0.0460091270506382,0.6134001016616821,0.4441864490509033,-0.06781123578548431,0.6370178461074829,0.48759058117866516,-0.07463975250720978,0.647956371307373,0.43804091215133667,-0.010844273492693901,0.6469718813896179,0.4162127375602722,-0.052822865545749664,0.6734364032745361,0.48860013484954834,-0.06305469572544098,0.6838017106056213,0.5418015718460083,-0.058554138988256454,0.6857202649116516,0.4266006648540497,-0.019192460924386978,0.6854345202445984,0.4177957773208618,-0.05648814141750336,0.7012420892715454,0.4902895390987396,-0.04998628422617912,0.7037926316261292,0.538265585899353,-0.034024208784103394,0.7213382124900818,0.42244812846183777,-0.029264487326145172,0.7156431674957275,0.40654075145721436,-0.04826395586133003,0.7236434817314148,0.46006911993026733,-0.03783763572573662,0.7259151935577393,0.4940197467803955,-0.022977834567427635
0.7183552384376526,0.5927987098693848,-5.317230034052045e-07,0.6599153876304626,0.5765919089317322,-0.018061058595776558,0.6154200434684753,0.5054239630699158,-0.028504416346549988,0.6172714233398438,0.4299186170101166,-0.040412772446870804,0.6295809745788574,0.3695932924747467,-0.04861706867814064,0.6093325614929199,0.4582734704017639,-0.010248806327581406,0.5853577256202698,0.40176284313201904,-0.047861214727163315,0.6133592128753662,0.4408012628555298,-0.06972102075815201,0.6361969709396362,0.4849942624568939,-0.07663704454898834,0.6477783918380737,0.43682196736335754,-0.013309207744896412,0.6474286913871765,0.41380804777145386,-0.05483696609735489,0.6731242537498474,0.48523446917533875,-0.06483861804008484,0.6826731562614441,0.5389430522918701,-0.06031319871544838,0.6863264441490173,0.4256875813007355,-0.02190343849360943,0.6878414750099182,0.41764652729034424,-0.058424580842256546,0.702532947063446,0.4894198179244995,-0.05190387740731239,0.7031862139701843,0.5372676849365234,-0.036278124898672104,0.7230455875396729,0.4214826822280884,-0.03214474767446518,0.7195941209793091,0.40614041686058044,-0.049975212663412094,0.726043701171875,0.4594012200832367,-0.03911174461245537,0.725610613822937,0.4933069050312042,-0.024307122454047203
0.7177399396896362,0.5940260887145996,-5.482779101839697e-07,0.6588501930236816,0.5776387453079224,-0.017242204397916794,0.6144310235977173,0.5063389539718628,-0.02720414474606514,0.6181580424308777,0.4312940835952759,-0.03873233497142792,0.631745457649231,0.37246692180633545,-0.04663444682955742,0.6094152927398682,0.45684346556663513,-0.009952535852789879,0.5840111970901489,0.40190961956977844,-0.04660847410559654,0.6114686131477356,0.4412771761417389,-0.06785275787115097,0.6346903443336487,0.485263466835022,-0.07450585812330246,0.647793173789978,0.4350920021533966,-0.013152927160263062,0.6480845212936401,0.4151075780391693,-0.0541268028318882,0.6735435724258423,0.4878953993320465,-0.06386840343475342,0.6831849813461304,0.5425404906272888,-0.059253670275211334,0.6860179901123047,0.4240648150444031,-0.021736260503530502,0.6878172159194946,0.4183090627193451,-0.05749156326055527,0.7023594379425049,0.49050188064575195,-0.05108491703867912,0.703359842300415,0.5384735465049744,-0.03570754453539848,0.7223175764083862,0.42021650075912476,-0.031911700963974,0.7192496657371521,0.4062768220901489,-0.04927984997630119,0.7255326509475708,0.45974594354629517,-0.03854973614215851,0.7253644466400146,0.49339234828948975,-0.023900600150227547
0.718926727771759,0.595594048500061,-5.58999431632401e-07,0.6611301898956299,0.5799984335899353,-0.01801372319459915,0.6167175769805908,0.5108151435852051,-0.02824338711798191,0.6188470721244812,0.4375796616077423,-0.03978933393955231,0.629445493221283,0.3800121247768402,-0.0475994348526001,0.6097238063812256,0.45592647790908813,-0.010803655721247196,0.5865494608879089,0.40012043714523315,-0.047507144510746,0.61419677734375,0.4434618651866913,-0.06824108958244324,0.6370518803596497,0.4888589680194855,-0.07453615963459015,0.649057149887085,0.43501508235931396,-0.013584584929049015,0.6476941704750061,0.41222378611564636,-0.054560381919145584,0.6740046143531799,0.4860396087169647,-0.06365890055894852,0.6850473880767822,0.5396556258201599,-0.058492593467235565,0.6879246830940247,0.4244537353515625,-0.021823331713676453,0.688309907913208,0.4170805513858795,-0.058460112661123276,0.7032399773597717,0.48963242769241333,-0.052046842873096466,0.7051373720169067,0.5375499725341797,-0.03640259802341461,0.7245175838470459,0.4206663966178894,-0.03159231320023537,0.7198094129562378,0.4058154821395874,-0.05045953020453453,0.7261978387832642,0.4607889950275421,-0.04019954800605774,0.7266550064086914,0.49609825015068054,-0.02557508461177349
0.7197783589363098,0.5960588455200195,-5.602581154562358e-07,0.6618043780326843,0.5797666311264038,-0.018270494416356087,0.6174250245094299,0.5099050402641296,-0.02849164791405201,0.6193212270736694,0.43558719754219055,-0.040021974593400955,0.6296265721321106,0.3766006827354431,-0.04774806275963783,0.6098640561103821,0.4559444785118103,-0.010335337370634079,0.5862221717834473,0.3997914791107178,-0.04714389145374298,0.6138028502464294,0.44319552183151245,-0.06800081580877304,0.6367077231407166,0.48883184790611267,-0.07435932010412216,0.6491466164588928,0.43489381670951843,-0.012910114601254463,0.6480741500854492,0.41264644265174866,-0.05377606302499771,0.6742764115333557,0.4860241413116455,-0.06300181150436401,0.6850137114524841,0.5391016602516174,-0.05803847312927246,0.6880199313163757,0.4243066608905792,-0.02101975493133068,0.6886241436004639,0.41653209924697876,-0.05763948708772659,0.7034430503845215,0.48934775590896606,-0.051132455468177795,0.70522540807724,0.5372498035430908,-0.03547719493508339,0.7246903777122498,0.42061689496040344,-0.03071776032447815,0.7203391194343567,0.40613028407096863,-0.049780379980802536,0.7264217138290405,0.46124038100242615,-0.039667993783950806,0.7265120148658752,0.49657946825027466,-0.02511361986398697
0.7199373841285706,0.5962726473808289,-5.598154757535667e-07,0.6614029407501221,0.5799298882484436,-0.018204908818006516,0.6169064044952393,0.5104106664657593,-0.028601547703146935,0.6190304756164551,0.4361191391944885,-0.040396545082330704,0.629850447177887,0.3774206340312958,-0.048408035188913345,0.6100447177886963,0.45607274770736694,-0.010462267324328423,0.5859301090240479,0.40007781982421875,-0.047373585402965546,0.613653838634491,0.4431142210960388,-0.06849551945924759,0.6368211507797241,0.4887789785861969,-0.07504019886255264,0.6493160724639893,0.43487048149108887,-0.013209350407123566,0.6481136679649353,0.41294065117836,-0.05415092408657074,0.6739875674247742,0.48602020740509033,-0.06364870816469193,0.6845504641532898,0.5396373271942139,-0.05892721563577652,0.6881519556045532,0.42422422766685486,-0.02146090753376484,0.6885640621185303,0.4163374602794647,-0.05797571316361427,0.7031679749488831,0.4890596568584442,-0.05152003467082977,0.7048429846763611,0.5375072360038757,-0.035966888070106506,0.7247647643089294,0.42058277130126953,-0.03132852166891098,0.7203981876373291,0.4056411385536194,-0.050191495567560196,0.7263320088386536,0.46059727668762207,-0.039935290813446045,0.726387619972229,0.4963862895965576,-0.025324733927845955
0.7215813398361206,0.5954100489616394,-5.67412087093544e-07,0.6628015041351318,0.5785790681838989,-0.017565041780471802,0.6169486045837402,0.5116962194442749,-0.028389781713485718,0.6175249814987183,0.4384370446205139,-0.04093998670578003,0.6300941705703735,0.3791537880897522,-0.0498681515455246,0.6117628812789917,0.4532008767127991,-0.008253058418631554,0.5858554840087891,0.4014417231082916,-0.04587016627192497,0.6126409769058228,0.44050633907318115,-0.06823183596134186,0.636298418045044,0.483830064535141,-0.07556422799825668,0.6497880816459656,0.42912977933883667,-0.011271143332123756,0.647285521030426,0.4150964617729187,-0.05272679030895233,0.6732645630836487,0.487476110458374,-0.06300714612007141,0.6854373812675476,0.5418095588684082,-0.0586249902844429,0.6882205009460449,0.417263388633728,-0.019940156489610672,0.6865534782409668,0.4198515713214874,-0.05675739049911499,0.7019710540771484,0.49144262075424194,-0.05107877776026726,0.7064855694770813,0.540044903755188,-0.03582358732819557,0.7252508997917175,0.4131404757499695,-0.030278971418738365,0.7172789573669434,0.408115416765213,-0.049375198781490326,0.7242724895477295,0.46222513914108276,-0.039954423904418945,0.7276706695556641,0.4966948628425598,-0.02572541870176792
0.7211391925811768,0.595647394657135,-5.772296276518318e-07,0.6620548963546753,0.5769650340080261,-0.017285404726862907,0.6173149943351746,0.5049158334732056,-0.027380431070923805,0.6176064610481262,0.4275684356689453,-0.038816265761852264,0.6294680833816528,0.36422014236450195,-0.046576790511608124,0.6115309000015259,0.4542487561702728,-0.010469505563378334,0.5848414301872253,0.40265944600105286,-0.046787094324827194,0.6124220490455627,0.4448384940624237,-0.06764855235815048,0.6366463303565979,0.4898398816585541,-0.07406876981258392,0.6496779918670654,0.43257832527160645,-0.013110972940921783,0.648485541343689,0.4163137674331665,-0.05368567258119583,0.6735120415687561,0.4883538484573364,-0.0631139725446701,0.684505820274353,0.5431556105613708,-0.05857134982943535,0.687859058380127,0.42179352045059204,-0.021049166098237038,0.688169002532959,0.41958916187286377,-0.05691651627421379,0.7022665143013,0.49138110876083374,-0.05059992894530296,0.7049819231033325,0.540494441986084,-0.03539456054568291,0.724596381187439,0.41859182715415955,-0.030544713139533997,0.7189550995826721,0.4086996018886566,-0.04897031933069229,0.7245873808860779,0.46434542536735535,-0.03904274106025696,0.7260482311248779,0.5009732842445374,-0.024783464148640633
0.7212479114532471,0.5953507423400879,-5.80378582526464e-07,0.662167489528656,0.5766738653182983,-0.01726130209863186,0.6174382567405701,0.5046819448471069,-0.027343669906258583,0.6179184317588806,0.42758941650390625,-0.03877563774585724,0.6293671131134033,0.36464357376098633,-0.04653039574623108,0.6116835474967957,0.45476263761520386,-0.010707569308578968,0.5851708650588989,0.4027726650238037,-0.04699815809726715,0.612800657749176,0.4453810453414917,-0.06784918904304504,0.6369102001190186,0.49058765172958374,-0.07431020587682724,0.6499062180519104,0.4331583082675934,-0.013419121503829956,0.648629367351532,0.41656693816185,-0.05401476100087166,0.6736593842506409,0.4887809157371521,-0.06346803158521652,0.6845349073410034,0.5435550808906555,-0.0589737743139267,0.6881418228149414,0.422332227230072,-0.021409597247838974,0.6881697177886963,0.4197148084640503,-0.057171840220689774,0.7023271322250366,0.49140578508377075,-0.05079006403684616,0.704972505569458,0.5403470993041992,-0.03560126945376396,0.7249051332473755,0.418961763381958,-0.03095320612192154,0.7188427448272705,0.4085138142108917,-0.04919465631246567,0.7246498465538025,0.46386218070983887,-0.039092227816581726,0.7262923121452332,0.5000776648521423,-0.024790562689304352
0.7215346097946167,0.5949216485023499,-5.800915232612169e-07,0.6623152494430542,0.5765761733055115,-0.01737700030207634,0.6175594329833984,0.5047227740287781,-0.027537479996681213,0.6180136203765869,0.4274998903274536,-0.0390072762966156,0.62952721118927,0.3643350601196289,-0.04676558077335358,0.6116032004356384,0.4550299644470215,-0.010916751809418201,0.5850363373756409,0.4028964042663574,-0.04751032218337059,0.6127963066101074,0.4457179009914398,-0.06856735050678253,0.6370418667793274,0.49111413955688477,-0.07512493431568146,0.6498538255691528,0.43327510356903076,-0.013613531365990639,0.6484940648078918,0.41658028960227966,-0.05444938316941261,0.6736847758293152,0.4890516698360443,-0.06389129906892776,0.6846533417701721,0.543809175491333,-0.059346187859773636,0.6881265044212341,0.4223591685295105,-0.0216196458786726,0.6879957318305969,0.4195869266986847,-0.0575052835047245,0.7023442387580872,0.4915071427822113,-0.05091008171439171,0.7050779461860657,0.5403013825416565,-0.035548135638237,0.7249205112457275,0.41897231340408325,-0.03120284713804722,0.7187938094139099,0.4083530008792877,-0.049423933029174805,0.7247357964515686,0.46373045444488525,-0.03914123773574829,0.7264474630355835,0.49965551495552063,-0.024711230769753456
0.721503496170044,0.5987207293510437,-5.61271235710592e-07,0.6609542369842529,0.5818489789962769,-0.0166696235537529,0.6146901845932007,0.5111333727836609,-0.026222694665193558,0.6141947507858276,0.4324563145637512,-0.037580374628305435,0.6268801689147949,0.36912888288497925,-0.04559744894504547,0.6107566356658936,0.4616006314754486,-0.007634367793798447,0.582841157913208,0.409862756729126,-0.044897641986608505,0.6101042032241821,0.44817760586738586,-0.06690903753042221,0.6351001858711243,0.4904094338417053,-0.07397919148206711,0.6477118730545044,0.43999549746513367,-0.01082141138613224,0.6448109149932861,0.42132285237312317,-0.05193269997835159,0.671417236328125,0.4925834834575653,-0.06182616576552391,0.6842140555381775,0.545769453048706,-0.05745205283164978,0.6852493286132812,0.4283128082752228,-0.019595159217715263,0.6843647956848145,0.423097163438797,-0.05635722354054451,0.7003144025802612,0.4943970739841461,-0.05023149028420448,0.7050585150718689,0.541778564453125,-0.03478691726922989,0.7219610810279846,0.4239548444747925,-0.029922375455498695,0.7160186767578125,0.4108206629753113,-0.04854870215058327,0.723167359828949,0.4644550085067749,-0.0387159064412117,0.7261149287223816,0.4981759786605835,-0.02447671815752983
0.7211871147155762,0.5974477529525757,-5.799928430860746e-07,0.6622925400733948,0.5822508335113525,-0.017027270048856735,0.6156011819839478,0.510694682598114,-0.02720361389219761,0.6161429286003113,0.4323931932449341,-0.03901758790016174,0.6275771260261536,0.36962419748306274,-0.04736240208148956,0.6102774143218994,0.45942628383636475,-0.009348145686089993,0.5840185284614563,0.4093301594257355,-0.0474323146045208,0.6131096482276917,0.45117777585983276,-0.06988482177257538,0.6381023526191711,0.49525490403175354,-0.07732347398996353,0.6481676697731018,0.43842431902885437,-0.013102359138429165,0.6440961956977844,0.41930052638053894,-0.054547019302845,0.6705090403556824,0.49263691902160645,-0.06419233232736588,0.6828086376190186,0.5462813377380371,-0.05963096767663956,0.6865276098251343,0.4278438985347748,-0.022500019520521164,0.6844866275787354,0.4227012097835541,-0.0589449442923069,0.7000079154968262,0.49593210220336914,-0.05188138782978058,0.7036996483802795,0.5434155464172363,-0.036117490381002426,0.7238944172859192,0.42413994669914246,-0.033512089401483536,0.7159448862075806,0.4137338399887085,-0.05148417130112648,0.7228191494941711,0.46890580654144287,-0.04057973623275757,0.7255175113677979,0.5018808245658875,-0.02589208073914051
0.7195732593536377,0.6030542850494385,-5.569739300881338e-07,0.659271776676178,0.5863475799560547,-0.016717027872800827,0.6135123372077942,0.5135576128959656,-0.02607901021838188,0.6138167381286621,0.4342818558216095,-0.03713091090321541,0.6260250210762024,0.3698422610759735,-0.04492175951600075,0.6089259386062622,0.4645563066005707,-0.0072203888557851315,0.5804646611213684,0.4142491817474365,-0.0434638075530529,0.6073935031890869,0.45051074028015137,-0.06521515548229218,0.6318956613540649,0.4924493134021759,-0.0722566694021225,0.6459243893623352,0.44180944561958313,-0.010186003521084785,0.6442614793777466,0.4256644546985626,-0.05082133784890175,0.670181393623352,0.49671968817710876,-0.06148219481110573,0.6818485856056213,0.5514362454414368,-0.05762793496251106,0.6835479736328125,0.42970362305641174,-0.018589269369840622,0.683620035648346,0.4269925355911255,-0.054927144199609756,0.6989253759384155,0.49902114272117615,-0.049694765359163284,0.7025467157363892,0.5478776693344116,-0.034838348627090454,0.7199833393096924,0.425214946269989,-0.02848834916949272,0.7147973775863647,0.41508689522743225,-0.04675282537937164,0.7217631340026855,0.46858346462249756,-0.0371830090880394,0.7239219546318054,0.5022526383399963,-0.023100778460502625
0.7194079756736755,0.6022767424583435,-5.847618353982398e-07,0.6602522730827332,0.5862957835197449,-0.017340075224637985,0.614109218120575,0.5135369300842285,-0.02715362049639225,0.6144413352012634,0.43510201573371887,-0.0385969914495945,0.6263651847839355,0.3709084093570709,-0.046410806477069855,0.6085992455482483,0.4619426131248474,-0.00807648804038763,0.5815986394882202,0.41186410188674927,-0.04483991116285324,0.6090990304946899,0.4530913829803467,-0.066217802464962,0.6328901052474976,0.4970690906047821,-0.07294927537441254,0.6461935043334961,0.439505010843277,-0.011041227728128433,0.6441879868507385,0.4259116053581238,-0.05180643871426582,0.6700172424316406,0.49821555614471436,-0.061859726905822754,0.6811400055885315,0.5511903762817383,-0.05761975422501564,0.6843453049659729,0.4282054007053375,-0.019615691155195236,0.6840682625770569,0.4293248951435089,-0.05571647360920906,0.6988531947135925,0.5021718740463257,-0.04997976869344711,0.7014443874359131,0.5498250126838684,-0.0350472591817379,0.7212096452713013,0.4240295886993408,-0.02980513870716095,0.7150922417640686,0.41834932565689087,-0.04757260903716087,0.7215601801872253,0.4729400873184204,-0.03784218057990074,0.7231953144073486,0.5057697296142578,-0.023905260488390923
0.7192350625991821,0.602584719657898,-5.757275971518538e-07,0.659628689289093,0.5853559374809265,-0.016836296766996384,0.6135759353637695,0.5125928521156311,-0.02629886381328106,0.6143321990966797,0.43442437052726746,-0.03745903819799423,0.6267322897911072,0.3704279363155365,-0.04506588354706764,0.6081209778785706,0.46219149231910706,-0.007523389998823404,0.5808835029602051,0.41294971108436584,-0.043536458164453506,0.607998251914978,0.4525797665119171,-0.06466995179653168,0.6317638754844666,0.49564987421035767,-0.07142172753810883,0.6454558968544006,0.439349502325058,-0.010481182485818863,0.6448057889938354,0.42637038230895996,-0.050638459622859955,0.6702290773391724,0.49792179465293884,-0.060873594135046005,0.6807366609573364,0.5512472987174988,-0.05692067742347717,0.6834905743598938,0.4278411865234375,-0.018901580944657326,0.6847572922706604,0.4293852150440216,-0.05440550297498703,0.6991819739341736,0.5015013217926025,-0.04897497221827507,0.701268196105957,0.5491493940353394,-0.03439733758568764,0.7202796936035156,0.4238956570625305,-0.02890808694064617,0.7160198092460632,0.4176821708679199,-0.0463535375893116,0.7221880555152893,0.47140049934387207,-0.03682310879230499,0.7231979370117188,0.504262387752533,-0.02308257482945919
0.7186480164527893,0.6062348484992981,-5.877625994799018e-07,0.6591299176216125,0.5884904265403748,-0.01760118640959263,0.614009439945221,0.5153356790542603,-0.027641119435429573,0.6152783632278442,0.43679025769233704,-0.03914441168308258,0.6265515685081482,0.37366780638694763,-0.04706057161092758,0.6081943511962891,0.46747320890426636,-0.010064865462481976,0.5810861587524414,0.41519099473953247,-0.04787173494696617,0.6093332171440125,0.45785462856292725,-0.06977147608995438,0.634008526802063,0.5036024451255798,-0.07649283856153488,0.6461256742477417,0.4456680119037628,-0.013026541098952293,0.64366215467453,0.42655739188194275,-0.05447512865066528,0.6693945527076721,0.500507652759552,-0.06381735950708389,0.6812928318977356,0.5560865998268127,-0.05883992463350296,0.6845393180847168,0.43447816371917725,-0.021623078733682632,0.6842283010482788,0.42849504947662354,-0.05874288082122803,0.6992273330688477,0.5022206902503967,-0.05210009589791298,0.7030145525932312,0.5518043041229248,-0.03613145276904106,0.7216042280197144,0.43062713742256165,-0.0317886658012867,0.715438723564148,0.41649702191352844,-0.05080898106098175,0.7227347493171692,0.4724194407463074,-0.04023885726928711,0.7259153723716736,0.5083271265029907,-0.025282155722379684
0.719290018081665,0.6064141988754272,-5.719159617001424e-07,0.6606199145317078,0.589175283908844,-0.01719765178859234,0.6147775650024414,0.5175963044166565,-0.026894891634583473,0.6155408024787903,0.4391045868396759,-0.03819534555077553,0.628146767616272,0.3754962682723999,-0.045835286378860474,0.6090138554573059,0.46828100085258484,-0.008402254432439804,0.5819962024688721,0.4150426685810089,-0.04496440291404724,0.6091459393501282,0.455575555562973,-0.0660940632224083,0.6330548524856567,0.4991525113582611,-0.07279308885335922,0.6466381549835205,0.4470287263393402,-0.011374467983841896,0.6439100503921509,0.42754483222961426,-0.05181881785392761,0.6704298257827759,0.49990859627723694,-0.061135657131671906,0.6822586059570312,0.5526973605155945,-0.05650457739830017,0.6846213340759277,0.43621358275413513,-0.019889527931809425,0.6846811771392822,0.4284663200378418,-0.05600710213184357,0.6999010443687439,0.5014603137969971,-0.04899265617132187,0.7031034231185913,0.5492064952850342,-0.033180542290210724,0.7216092348098755,0.432649165391922,-0.03002168796956539,0.7171220779418945,0.41666069626808167,-0.04848966374993324,0.7234896421432495,0.4713561534881592,-0.03810988366603851,0.7249606847763062,0.5058724880218506,-0.023585878312587738
0.7188658118247986,0.6062018871307373,-5.739454422837298e-07,0.6599329710006714,0.5886069536209106,-0.016873156651854515,0.6146177053451538,0.5168843269348145,-0.02643919549882412,0.6156691312789917,0.4384218752384186,-0.03770839795470238,0.627647340297699,0.37498724460601807,-0.04537756368517876,0.609188437461853,0.4696752727031708,-0.008512208238244057,0.5819999575614929,0.41510123014450073,-0.04481926187872887,0.6089808344841003,0.4559573233127594,-0.065594382584095,0.6325406432151794,0.49949607253074646,-0.07204881310462952,0.6469215154647827,0.4485783278942108,-0.011628824286162853,0.6439876556396484,0.4276983141899109,-0.05178255960345268,0.6705376505851746,0.4997565746307373,-0.06088840216398239,0.6821973919868469,0.5522098541259766,-0.05619039013981819,0.684920608997345,0.4376484453678131,-0.020196737721562386,0.6844953298568726,0.4282049238681793,-0.056145112961530685,0.7001100182533264,0.5011631846427917,-0.04889052361249924,0.7036629915237427,0.5489693284034729,-0.032936178147792816,0.721990168094635,0.43387407064437866,-0.03032374382019043,0.7167360186576843,0.4158642888069153,-0.04867077246308327,0.723552942276001,0.47038429975509644,-0.03798604756593704,0.7255789041519165,0.5052908658981323,-0.023265235126018524
0.7212353348731995,0.6112065315246582,-5.967785909888335e-07,0.6605921387672424,0.5939484238624573,-0.01619819551706314,0.613926351070404,0.5204690098762512,-0.025312209501862526,0.6133960485458374,0.44156238436698914,-0.03634762018918991,0.6239712834358215,0.377588152885437,-0.044028569012880325,0.6106563806533813,0.4707624018192291,-0.0063178944401443005,0.5803601145744324,0.4211962819099426,-0.043400321155786514,0.6067929267883301,0.46173810958862305,-0.06539713591337204,0.6317276954650879,0.505258321762085,-0.072354257106781,0.6476729512214661,0.44836801290512085,-0.009798767976462841,0.641754686832428,0.43287160992622375,-0.05120289698243141,0.6673519015312195,0.5045046806335449,-0.06168573722243309,0.6807178854942322,0.5574498176574707,-0.05739176645874977,0.6854113936424255,0.4359051287174225,-0.018923934549093246,0.6812241077423096,0.43437695503234863,-0.05570930615067482,0.697060763835907,0.5067662000656128,-0.0502626933157444,0.7030309438705444,0.5540503263473511,-0.03499995917081833,0.7223796248435974,0.43012821674346924,-0.029540132731199265,0.7112204432487488,0.42184698581695557,-0.04755769297480583,0.719112753868103,0.475841760635376,-0.037633903324604034,0.7245776653289795,0.5079118013381958,-0.023252315819263458
0.716362476348877,0.6213456392288208,-6.057450150365185e-07,0.6562541723251343,0.6047413945198059,-0.016918424516916275,0.6088437438011169,0.5299279093742371,-0.02582765370607376,0.6063874959945679,0.4508332312107086,-0.036723192781209946,0.6170682907104492,0.3855215311050415,-0.043966058641672134,0.603999674320221,0.4803234338760376,-0.005420477595180273,0.5729444026947021,0.428605318069458,-0.042539894580841064,0.6007902026176453,0.470645546913147,-0.06448451429605484,0.6268129944801331,0.5157718062400818,-0.07123900949954987,0.6406433582305908,0.4574843645095825,-0.008331366814672947,0.637422502040863,0.44421297311782837,-0.04918798804283142,0.664300799369812,0.5154145359992981,-0.05965682119131088,0.6764438152313232,0.5674465894699097,-0.055593106895685196,0.6785397529602051,0.44574397802352905,-0.016964107751846313,0.6768088936805725,0.4436136484146118,-0.05341527611017227,0.6930907964706421,0.5163057446479797,-0.04709341749548912,0.6975021958351135,0.5637093782424927,-0.03139067813754082,0.7150905132293701,0.4409967362880707,-0.027243737131357193,0.7073037624359131,0.429487943649292,-0.04543868824839592,0.7158013582229614,0.4838539659976959,-0.03471396118402481,0.7201840877532959,0.5177463889122009,-0.019558487460017204
0.7149940729141235,0.6281888484954834,-5.979195520922076e-07,0.6534539461135864,0.6079221963882446,-0.015628794208168983,0.6060000658035278,0.5334323644638062,-0.02433730848133564,0.6042119264602661,0.4533573389053345,-0.0352957658469677,0.6172528266906738,0.38582873344421387,-0.042886245995759964,0.6027282476425171,0.4821811020374298,-0.0032786563970148563,0.5699866414070129,0.43664616346359253,-0.03938978165388107,0.596080482006073,0.47687622904777527,-0.06136992573738098,0.6217467784881592,0.5203988552093506,-0.06844673305749893,0.6394850015640259,0.4591769576072693,-0.006585340481251478,0.6326215267181396,0.4504767954349518,-0.04651715233922005,0.6591079831123352,0.5202595591545105,-0.0577140636742115,0.6732683777809143,0.5726571083068848,-0.054408103227615356,0.6777414679527283,0.447457492351532,-0.015438949689269066,0.6731308102607727,0.45105382800102234,-0.051416464149951935,0.6893158555030823,0.5235088467597961,-0.04631975293159485,0.6952716708183289,0.5718563795089722,-0.031531237065792084,0.7149310111999512,0.4434357285499573,-0.02581370249390602,0.7047950029373169,0.4370185434818268,-0.04359295219182968,0.7116605639457703,0.4906453788280487,-0.033851366490125656,0.7157778739929199,0.5246332883834839,-0.019579684361815453
0.7133058309555054,0.6258928775787354,-5.942742404840828e-07,0.6519322395324707,0.6075494289398193,-0.015196042135357857,0.6042959690093994,0.532912015914917,-0.0237539354711771,0.6019482612609863,0.4527851343154907,-0.03460720181465149,0.6134725213050842,0.3860776424407959,-0.04216495156288147,0.5996013879776001,0.4825936257839203,-0.003921282012015581,0.5672786831855774,0.43597501516342163,-0.04028533399105072,0.5932219624519348,0.4740719199180603,-0.062346071004867554,0.618671178817749,0.5177096724510193,-0.06935159116983414,0.636488676071167,0.4591408967971802,-0.007621387485414743,0.6292087435722351,0.44950342178344727,-0.04748738557100296,0.6549469828605652,0.518352746963501,-0.05831991136074066,0.6684973239898682,0.5717058181762695,-0.05477224662899971,0.6751235127449036,0.44695717096328735,-0.016849400475621223,0.6701863408088684,0.4499776363372803,-0.05254115164279938,0.6864152550697327,0.5217048525810242,-0.04712706059217453,0.6922942399978638,0.570624589920044,-0.03225970268249512,0.7130061388015747,0.4426993727684021,-0.027602391317486763,0.7025632858276367,0.4371609687805176,-0.04543767496943474,0.710020899772644,0.4911044239997864,-0.035655878484249115,0.71470046043396,0.5254220366477966,-0.021359413862228394
0.7135295271873474,0.6257009506225586,-5.93521122027596e-07,0.6521164178848267,0.6077675223350525,-0.015195324085652828,0.6042240858078003,0.5332280397415161,-0.023721154779195786,0.601729154586792,0.4530606269836426,-0.03455232083797455,0.613135814666748,0.3863397240638733,-0.04212562367320061,0.5995351076126099,0.4827251434326172,-0.0038172106724232435,0.5671272873878479,0.43598702549934387,-0.04019252210855484,0.5930562615394592,0.47423455119132996,-0.06237488612532616,0.6185212731361389,0.5176517963409424,-0.0695631355047226,0.6364132761955261,0.45935922861099243,-0.007590025197714567,0.6293525099754333,0.449316143989563,-0.047582074999809265,0.6553969383239746,0.5182675123214722,-0.05849146842956543,0.668947160243988,0.5713397264480591,-0.055021606385707855,0.675030529499054,0.4471829831600189,-0.01689511351287365,0.6703568696975708,0.44937625527381897,-0.05266096815466881,0.6866347193717957,0.5212239623069763,-0.04715389013290405,0.692297101020813,0.5701231956481934,-0.03227613493800163,0.7128705382347107,0.44288912415504456,-0.02773243747651577,0.7028898000717163,0.43707284331321716,-0.04574182257056236,0.7105420231819153,0.4914177358150482,-0.03594911843538284,0.7151681184768677,0.5258066654205322,-0.021653270348906517
0.7134041786193848,0.6307868361473083,-5.996852792122809e-07,0.6510127782821655,0.6084750294685364,-0.0073257447220385075,0.602569580078125,0.5410923957824707,-0.013553057797253132,0.5960736870765686,0.46204137802124023,-0.024004017934203148,0.6064200401306152,0.39340466260910034,-0.03212239220738411,0.6010693907737732,0.4851146638393402,0.005563163198530674,0.5636945366859436,0.438286155462265,-0.028348535299301147,0.5848516225814819,0.4734930396080017,-0.04901280626654625,0.6083462834358215,0.514974057674408,-0.055291302502155304,0.6372253894805908,0.46310266852378845,-0.001972145400941372,0.6187337636947632,0.44687727093696594,-0.03768002986907959,0.6418195962905884,0.5128589868545532,-0.04770943149924278,0.6566058397293091,0.5623646974563599,-0.04426019638776779,0.6751311421394348,0.45076408982276917,-0.014508191496133804,0.6586898565292358,0.4502820372581482,-0.046683430671691895,0.6736226081848145,0.5188052654266357,-0.04076196625828743,0.6825656890869141,0.5631678700447083,-0.026276130229234695,0.7143996357917786,0.4457542896270752,-0.02788115292787552,0.6924044489860535,0.4403573274612427,-0.041332829743623734,0.6983855366706848,0.49046456813812256,-0.030141247436404228,0.7049648761749268,0.520213782787323,-0.01586960069835186
0.7134296298027039,0.631324052810669,-6.112743449193658e-07,0.6513356566429138,0.6088023781776428,-0.006616389844566584,0.6018574237823486,0.5414795875549316,-0.012401599436998367,0.5955053567886353,0.46223756670951843,-0.02257581613957882,0.6067695021629333,0.39433199167251587,-0.03038446232676506,0.6009917855262756,0.48570114374160767,0.006764100398868322,0.5638291239738464,0.43817418813705444,-0.02677447907626629,0.5846235752105713,0.47444653511047363,-0.04703216254711151,0.6079483032226562,0.5161423087120056,-0.053119074553251266,0.6371767520904541,0.4641232192516327,-0.0010001230984926224,0.6183996200561523,0.4445834159851074,-0.03656482696533203,0.6415426731109619,0.5114250183105469,-0.046166446059942245,0.6570845246315002,0.5603779554367065,-0.042221128940582275,0.6751279234886169,0.451636403799057,-0.013748828321695328,0.6591769456863403,0.44794002175331116,-0.04555186629295349,0.6737799644470215,0.5164008140563965,-0.039165206253528595,0.6831523180007935,0.5588852763175964,-0.024320069700479507,0.7149661183357239,0.44590237736701965,-0.027315031737089157,0.6928685903549194,0.43806183338165283,-0.040254924446344376,0.6986134648323059,0.4875743091106415,-0.028889475390315056,0.705730140209198,0.5152958631515503,-0.01456645131111145
0.7134841084480286,0.6315625309944153,-6.106338332756422e-07,0.6513707041740417,0.6088836193084717,-0.006771292071789503,0.601922869682312,0.5416205525398254,-0.012720147147774696,0.5955296754837036,0.46230506896972656,-0.023049553856253624,0.6066399812698364,0.39421358704566956,-0.03098231554031372,0.6008202433586121,0.48583218455314636,0.00669819675385952,0.5636270642280579,0.4380323886871338,-0.02706509456038475,0.5844860672950745,0.4743311107158661,-0.04746200516819954,0.6078308820724487,0.5161141157150269,-0.05360228940844536,0.6370609402656555,0.46427035331726074,-0.0010830668034031987,0.6182082891464233,0.4443979561328888,-0.03689027577638626,0.6415534019470215,0.5113161206245422,-0.04655725508928299,0.6573059558868408,0.5603355765342712,-0.04258902370929718,0.6750491261482239,0.45177164673805237,-0.0138884661719203,0.6590324640274048,0.44777384400367737,-0.045862287282943726,0.6737677454948425,0.5162972807884216,-0.03941788896918297,0.683307945728302,0.5587841868400574,-0.02447010576725006,0.7149296402931213,0.4460022449493408,-0.027532361447811127,0.6926460862159729,0.43800264596939087,-0.04055589810013771,0.6985037922859192,0.4875558018684387,-0.029139399528503418,0.7057887315750122,0.5152894258499146,-0.014740112237632275
0.709298849105835,0.6385866403579712,-7.812599278622656e-07,0.6447631120681763,0.6168169379234314,-0.007803021930158138,0.5947470664978027,0.5439746975898743,-0.014124012552201748,0.5881903767585754,0.46430158615112305,-0.024048171937465668,0.5965994000434875,0.39163637161254883,-0.031210271641612053,0.5904601216316223,0.4674149751663208,0.0021987047512084246,0.5518872737884521,0.44173282384872437,-0.03332354500889778,0.5702164173126221,0.4906955063343048,-0.05401778966188431,0.5933173894882202,0.5357956886291504,-0.06010478734970093,0.6271624565124512,0.4416626989841461,-0.005163397639989853,0.6058886051177979,0.4701327979564667,-0.04339773580431938,0.6299084424972534,0.5462155342102051,-0.052443407475948334,0.6489580273628235,0.5946890115737915,-0.048074591904878616,0.6683384776115417,0.43186670541763306,-0.01777593605220318,0.6475286483764648,0.47197937965393066,-0.05132744461297989,0.6647281050682068,0.544928789138794,-0.045125655829906464,0.6774765849113464,0.5873755812644958,-0.030273009091615677,0.7111720442771912,0.43148723244667053,-0.03151765838265419,0.6836082935333252,0.45139768719673157,-0.046496763825416565,0.6918051838874817,0.5049628019332886,-0.03684856370091438,0.7031921744346619,0.5318806767463684,-0.023027783259749413
0.710586667060852,0.641545295715332,-7.847172582842177e-07,0.6441399455070496,0.6165652275085449,-0.007502750959247351,0.5946683287620544,0.5419884324073792,-0.013726972974836826,0.5890065431594849,0.46205446124076843,-0.02361924946308136,0.5974573493003845,0.38987189531326294,-0.030715759843587875,0.5913535952568054,0.4651435315608978,0.003090948797762394,0.5502862930297852,0.44253283739089966,-0.0321991853415966,0.5702399611473083,0.4936707615852356,-0.05321676284074783,0.5946692824363708,0.5402522087097168,-0.059529468417167664,0.6289510130882263,0.4400814473628998,-0.004132989328354597,0.6045897006988525,0.46629324555397034,-0.041873592883348465,0.6288904547691345,0.5419328808784485,-0.05139836296439171,0.6483207941055298,0.5915637016296387,-0.04729020595550537,0.6700032353401184,0.4304980933666229,-0.016442321240901947,0.6465219855308533,0.47022315859794617,-0.04949819669127464,0.6635127067565918,0.5441638827323914,-0.043458323925733566,0.6766995787620544,0.5884798169136047,-0.028585078194737434,0.7119326591491699,0.4307093322277069,-0.02990933321416378,0.6825328469276428,0.4528854191303253,-0.04491719603538513,0.6908330917358398,0.5079164505004883,-0.03538760542869568,0.7029954791069031,0.5364828705787659,-0.02137879468500614
0.7113284468650818,0.642633855342865,-7.80073833084316e-07,0.6446862816810608,0.6175559163093567,-0.007637687027454376,0.5955815315246582,0.5420717597007751,-0.013867364265024662,0.5889617204666138,0.4617766737937927,-0.02375161461532116,0.596562922000885,0.3889915347099304,-0.030765146017074585,0.5905769467353821,0.4665352702140808,0.0027620410546660423,0.5495537519454956,0.44262394309043884,-0.03270946443080902,0.5700867176055908,0.49423763155937195,-0.05349300801753998,0.5954152345657349,0.5415318608283997,-0.05941104516386986,0.6281759142875671,0.44148436188697815,-0.004170714877545834,0.6044155359268188,0.46559882164001465,-0.04195941984653473,0.6298580169677734,0.5406506657600403,-0.051093075424432755,0.6501457691192627,0.5898174047470093,-0.04656982421875,0.6691555380821228,0.43153733015060425,-0.016140785068273544,0.6468971967697144,0.46896985173225403,-0.04901047423481941,0.664880633354187,0.5429901480674744,-0.042385656386613846,0.6787599325180054,0.586790919303894,-0.027018962427973747,0.7109452486038208,0.4310861825942993,-0.02931981161236763,0.6828078031539917,0.45146581530570984,-0.04403143376111984,0.6912819743156433,0.5061675310134888,-0.034188468009233475,0.7032070159912109,0.5344513058662415,-0.019856063649058342
0.7139641642570496,0.6416506767272949,-8.028641218515986e-07,0.6481999754905701,0.6132940053939819,-0.006096843164414167,0.5995776653289795,0.5395494103431702,-0.012007957324385643,0.5902180671691895,0.46184253692626953,-0.02185947075486183,0.5965427756309509,0.39064186811447144,-0.02955637499690056,0.6015108823776245,0.4539565443992615,0.002985212719067931,0.5596720576286316,0.435479998588562,-0.0305128525942564,0.5749964714050293,0.4860813617706299,-0.050749629735946655,0.5972834825515747,0.5333857536315918,-0.05695429444313049,0.639256477355957,0.4306078553199768,-0.00431264191865921,0.6115269064903259,0.4572438597679138,-0.03806571289896965,0.6342641115188599,0.5316697359085083,-0.04695111885666847,0.6533634662628174,0.5804265737533569,-0.0437573604285717,0.6798002123832703,0.4235621392726898,-0.016106408089399338,0.6546726226806641,0.4637075662612915,-0.04638025164604187,0.672416627407074,0.5349852442741394,-0.040459536015987396,0.686856746673584,0.5786631107330322,-0.02675715833902359,0.7211658954620361,0.426891565322876,-0.028868943452835083,0.6925684213638306,0.44846710562705994,-0.04288114607334137,0.7008376121520996,0.4952801764011383,-0.03407283127307892,0.7120248079299927,0.5197370648384094,-0.02106458693742752
0.7141847610473633,0.6399303078651428,-7.509794386351132e-07,0.6481054425239563,0.6134762167930603,-0.00839109718799591,0.598948061466217,0.5402073860168457,-0.014958642423152924,0.5910213589668274,0.46085959672927856,-0.025114189833402634,0.5992931723594666,0.3884296119213104,-0.03258340060710907,0.5943307876586914,0.4593810439109802,0.003039600793272257,0.5545615553855896,0.4361783564090729,-0.032727137207984924,0.5742312073707581,0.4859039783477783,-0.0544230118393898,0.5984545350074768,0.5336790680885315,-0.06075533851981163,0.6329228281974792,0.43112611770629883,-0.0033298672642558813,0.6116796731948853,0.45931142568588257,-0.03881433978676796,0.6357520222663879,0.5333205461502075,-0.048523347824811935,0.6537554264068604,0.5818180441856384,-0.044882822781801224,0.6749879121780396,0.4214250147342682,-0.01468594092875719,0.656890332698822,0.4642940163612366,-0.046229537576436996,0.6743475198745728,0.5369451642036438,-0.040516097098588943,0.6868014931678772,0.5800731182098389,-0.02595561556518078,0.7174069881439209,0.42210087180137634,-0.02731107361614704,0.6938893795013428,0.4466683864593506,-0.04125889763236046,0.7019633650779724,0.4975280463695526,-0.031549401581287384,0.7117618918418884,0.5241650342941284,-0.01710033230483532
0.714758038520813,0.6415947675704956,-7.848859127079777e-07,0.648108959197998,0.612734317779541,-0.0066915275529026985,0.5994908809661865,0.5382911562919617,-0.013036706484854221,0.5923976302146912,0.4586484432220459,-0.02336897701025009,0.601860523223877,0.3856479525566101,-0.031174352392554283,0.597684919834137,0.46009892225265503,0.0023569436743855476,0.5557067394256592,0.43735215067863464,-0.0323796384036541,0.574471116065979,0.48781055212020874,-0.053082361817359924,0.5983656048774719,0.5346227288246155,-0.05919281020760536,0.6359128952026367,0.43453580141067505,-0.005264433566480875,0.609920859336853,0.4591822326183319,-0.04084070771932602,0.633713960647583,0.5329806208610535,-0.050128694623708725,0.6524413228034973,0.581485390663147,-0.04642024263739586,0.6776757836341858,0.4256466329097748,-0.017575372010469437,0.6546371579170227,0.4653313159942627,-0.049109410494565964,0.6724591851234436,0.5374136567115784,-0.04325997456908226,0.6858828067779541,0.5811957120895386,-0.028789596632122993,0.7206630110740662,0.4266279935836792,-0.0309249646961689,0.6922810673713684,0.44689953327178955,-0.044581472873687744,0.699341356754303,0.49694186449050903,-0.034758128225803375,0.7093815207481384,0.524833619594574,-0.020642457529902458
0.716966450214386,0.6490944623947144,-8.699677209733636e-07,0.6510061025619507,0.6198537349700928,-0.007601763121783733,0.6048226952552795,0.5425684452056885,-0.013471734710037708,0.5994021892547607,0.4662530720233917,-0.022254906594753265,0.611846387386322,0.39896681904792786,-0.029029816389083862,0.6046698093414307,0.4484369456768036,-0.002761195646598935,0.5670918226242065,0.4459080696105957,-0.03220231831073761,0.582575261592865,0.5010737180709839,-0.050641678273677826,0.6041242480278015,0.5462523102760315,-0.05688907951116562,0.643608033657074,0.4227673411369324,-0.008570011705160141,0.6228086352348328,0.47631803154945374,-0.03548337519168854,0.6397545337677002,0.5524048209190369,-0.04219455644488335,0.6542797684669495,0.6018276810646057,-0.039734795689582825,0.6859551668167114,0.42010778188705444,-0.018323611468076706,0.6681902408599854,0.4870826303958893,-0.04134056344628334,0.6789692640304565,0.555963397026062,-0.035820577293634415,0.6881370544433594,0.6006502509117126,-0.025209708139300346,0.7288280725479126,0.43091148138046265,-0.02960582822561264,0.7085275650024414,0.4736635088920593,-0.03934139385819435,0.7118201851844788,0.5259152054786682,-0.031234541907906532,0.7188270092010498,0.5570956468582153,-0.02001199685037136
0.7160337567329407,0.6442086696624756,-7.848109362385003e-07,0.6532583236694336,0.6186981201171875,-0.0096202427521348,0.6065601706504822,0.5441505908966064,-0.015772048383951187,0.6006314754486084,0.4683615565299988,-0.024011338129639626,0.6111246943473816,0.4001491367816925,-0.0297246016561985,0.6030435562133789,0.4515076279640198,-0.002876333426684141,0.5653845071792603,0.44469577074050903,-0.0332830585539341,0.5808748602867126,0.4942874312400818,-0.05225002393126488,0.6027637720108032,0.5384677648544312,-0.058290380984544754,0.6415696740150452,0.42229515314102173,-0.007343941833823919,0.6229897141456604,0.47372716665267944,-0.03403579816222191,0.6387798190116882,0.5469633936882019,-0.0402090847492218,0.6532335877418518,0.5949566960334778,-0.0371590219438076,0.6836465001106262,0.41771578788757324,-0.016146140173077583,0.6687764525413513,0.4845208525657654,-0.03879551216959953,0.6785191893577576,0.5521584153175354,-0.032191406935453415,0.6877337694168091,0.5950299501419067,-0.02094787359237671,0.7264930605888367,0.42631518840789795,-0.026891859248280525,0.7087118625640869,0.47122418880462646,-0.03734199330210686,0.7112175226211548,0.5242568850517273,-0.0292134378105402,0.7174124717712402,0.5543875098228455,-0.017723333090543747
0.7162492275238037,0.6440837979316711,-7.943363584672625e-07,0.6535622477531433,0.6185441017150879,-0.0101823965087533,0.6069836616516113,0.5445525646209717,-0.0164425540715456,0.600392758846283,0.4700399935245514,-0.024788206443190575,0.6104979515075684,0.4022600054740906,-0.03037182055413723,0.6040639877319336,0.4497995972633362,-0.002701494377106428,0.5658193230628967,0.44558119773864746,-0.03368714079260826,0.581791341304779,0.49696871638298035,-0.05264522507786751,0.603844940662384,0.5405623912811279,-0.058449797332286835,0.6423076391220093,0.421373188495636,-0.007050123997032642,0.6227609515190125,0.4730353057384491,-0.03435732051730156,0.6387977600097656,0.546001672744751,-0.04058487340807915,0.6528806686401367,0.5929762125015259,-0.03726901113986969,0.684079647064209,0.4174174666404724,-0.015862667933106422,0.6689196825027466,0.4840529263019562,-0.03917945548892021,0.6787126660346985,0.5519837737083435,-0.032654691487550735,0.687274694442749,0.594592273235321,-0.02104339934885502,0.7267164587974548,0.4266928434371948,-0.026645123958587646,0.7093965411186218,0.46929025650024414,-0.037196122109889984,0.7114182710647583,0.5218106508255005,-0.02899754047393799,0.7167691588401794,0.5520399808883667,-0.01720680668950081
0.7243250608444214,0.6637487411499023,-8.990143669507233e-07,0.6611083745956421,0.6330739259719849,-0.014766497537493706,0.6145725250244141,0.5612850189208984,-0.022935910150408745,0.6030322313308716,0.4911201596260071,-0.03182666003704071,0.6109100580215454,0.4291665256023407,-0.036645859479904175,0.6174260377883911,0.4429999589920044,-0.008924323134124279,0.5784231424331665,0.4796999990940094,-0.03983207419514656,0.5984815359115601,0.5466933250427246,-0.05709095671772957,0.6201228499412537,0.5860663056373596,-0.06196338310837746,0.6574574708938599,0.421979695558548,-0.011320432648062706,0.6332521438598633,0.5081902742385864,-0.039255011826753616,0.6539000272750854,0.581454873085022,-0.044879209250211716,0.6690434217453003,0.6189613938331604,-0.04132205992937088,0.7000241875648499,0.4257051646709442,-0.01790015958249569,0.6777955889701843,0.5156621932983398,-0.04169715195894241,0.6907653212547302,0.5801460146903992,-0.03452090919017792,0.7014697194099426,0.6148562431335449,-0.02252749726176262,0.7423062920570374,0.44315457344055176,-0.02683907002210617,0.7204194664955139,0.5032700896263123,-0.03742849454283714,0.7242312431335449,0.5496701598167419,-0.02956259809434414,0.7331709265708923,0.5726324319839478,-0.01750973053276539
0.7244192957878113,0.6586225628852844,-8.121651262626983e-07,0.6592174172401428,0.6304505467414856,-0.01431200373917818,0.6057524085044861,0.5709567666053772,-0.02314753085374832,0.58208167552948,0.5130175948143005,-0.032448362559080124,0.5810257792472839,0.4698362350463867,-0.037401169538497925,0.6178419589996338,0.43777090311050415,-0.008027387782931328,0.5811191201210022,0.47738561034202576,-0.03979561850428581,0.5994765758514404,0.5436846613883972,-0.059011172503232956,0.6206824779510498,0.5842300653457642,-0.06531208753585815,0.658720076084137,0.4192203879356384,-0.010714487172663212,0.6331591010093689,0.5104016661643982,-0.038355495780706406,0.6509169936180115,0.5815496444702148,-0.04390449821949005,0.6656369566917419,0.6173462867736816,-0.04080944508314133,0.7013907432556152,0.42578479647636414,-0.017621103674173355,0.6769299507141113,0.5200903415679932,-0.04081810265779495,0.6893621683120728,0.5808224081993103,-0.03315022587776184,0.7005007266998291,0.6132208704948425,-0.021372515708208084,0.7432444095611572,0.44551265239715576,-0.027036499232053757,0.7200368046760559,0.5106706023216248,-0.0390160009264946,0.7236179113388062,0.5557764768600464,-0.03177317604422569,0.732862114906311,0.5765708684921265,-0.0199836865067482
0.7284090518951416,0.664146900177002,-8.036228678065527e-07,0.6596139669418335,0.6347506046295166,-0.015425343066453934,0.6129904985427856,0.5626663565635681,-0.02437429502606392,0.6097030639648438,0.4925646185874939,-0.033602915704250336,0.626822292804718,0.4327179789543152,-0.03796782344579697,0.6116830706596375,0.44983071088790894,-0.013240394182503223,0.5781905055046082,0.48282670974731445,-0.04718877002596855,0.5991866588592529,0.5440433621406555,-0.06553220003843307,0.6210749745368958,0.5826773047447205,-0.07133877277374268,0.654194712638855,0.4226888120174408,-0.016236860305070877,0.6374588012695312,0.5186850428581238,-0.048973239958286285,0.6587456464767456,0.5921016335487366,-0.054928649216890335,0.6747053265571594,0.630143940448761,-0.05093130096793175,0.6991763114929199,0.4242742359638214,-0.023731978610157967,0.6846332550048828,0.5303998589515686,-0.0503121018409729,0.6983047127723694,0.5962666869163513,-0.04206051304936409,0.7082275152206421,0.6286516189575195,-0.02908109873533249,0.7423673272132874,0.4423161447048187,-0.03399563580751419,0.7251936197280884,0.5203296542167664,-0.04659978300333023,0.7303739786148071,0.5676867961883545,-0.039338093250989914,0.7379610538482666,0.5848602652549744,-0.027769066393375397
0.7302914261817932,0.6633718013763428,-8.385816840927873e-07,0.662247896194458,0.6381733417510986,-0.018162613734602928,0.6159862279891968,0.5625711679458618,-0.02802046202123165,0.6141235828399658,0.4897109270095825,-0.03755101189017296,0.6317961812019348,0.4279326796531677,-0.042234763503074646,0.6163800954818726,0.4540913999080658,-0.01641622930765152,0.5814749598503113,0.4750302731990814,-0.05045391991734505,0.6026419401168823,0.5392282605171204,-0.0691697895526886,0.6241366863250732,0.5833799839019775,-0.07538915425539017,0.6594720482826233,0.4240594804286957,-0.017705826088786125,0.6401201486587524,0.5142561197280884,-0.05000002682209015,0.660311758518219,0.5908275246620178,-0.05566113814711571,0.6755807995796204,0.6297348141670227,-0.05166999623179436,0.7046927809715271,0.4241368770599365,-0.02383790723979473,0.6894766688346863,0.5263078808784485,-0.04953918978571892,0.7012325525283813,0.5907716155052185,-0.04140636697411537,0.7096922993659973,0.6199871301651001,-0.028857555240392685,0.7479453682899475,0.44025906920433044,-0.03290872275829315,0.7308682799339294,0.5129987597465515,-0.04505605250597,0.7353799343109131,0.5600965023040771,-0.03781196475028992,0.742193341255188,0.5762157440185547,-0.02661595679819584
0.7307345867156982,0.663711428642273,-8.084484193204844e-07,0.6648043990135193,0.6396575570106506,-0.019101323559880257,0.6180353760719299,0.5640744566917419,-0.028804903849959373,0.6146664023399353,0.48952367901802063,-0.03793536126613617,0.6302927136421204,0.4248274266719818,-0.041610587388277054,0.6170375347137451,0.4533524215221405,-0.015432278625667095,0.5806382894515991,0.4755088686943054,-0.051125284284353256,0.6017196774482727,0.5362573862075806,-0.06937909126281738,0.6236326694488525,0.5747462511062622,-0.07490620017051697,0.6592342257499695,0.42368102073669434,-0.016749979928135872,0.6409953236579895,0.5148617029190063,-0.05145268887281418,0.6614086031913757,0.5902477502822876,-0.056352704763412476,0.6759063601493835,0.6238793730735779,-0.051286667585372925,0.7045971751213074,0.423962265253067,-0.023470811545848846,0.6906061768531799,0.5282207727432251,-0.05139416083693504,0.7028519511222839,0.5926129817962646,-0.04216912388801575,0.7107954621315002,0.6172217726707458,-0.02855512872338295,0.7485482692718506,0.43930840492248535,-0.033291567116975784,0.7313485145568848,0.5148999094963074,-0.04662824794650078,0.7355412840843201,0.5624331831932068,-0.03943272680044174,0.7416050434112549,0.5747796893119812,-0.028084615245461464
0.7306305170059204,0.6636313199996948,-8.070742865129432e-07,0.6646153330802917,0.6389954090118408,-0.019219977781176567,0.6175903677940369,0.5637050271034241,-0.028992557898163795,0.6144473552703857,0.4896119236946106,-0.03820500895380974,0.6310555934906006,0.4257185459136963,-0.04190462827682495,0.6165558099746704,0.45324984192848206,-0.015339965000748634,0.5803683400154114,0.47566860914230347,-0.05131686106324196,0.6019126176834106,0.5365942120552063,-0.06970597803592682,0.6239487528800964,0.5748440623283386,-0.07525435835123062,0.6588238477706909,0.4236212372779846,-0.016640903428196907,0.640830934047699,0.5148136615753174,-0.05146319791674614,0.6614838242530823,0.59027099609375,-0.05629533529281616,0.675887405872345,0.6234340667724609,-0.051119934767484665,0.7043402791023254,0.42390716075897217,-0.023405035957694054,0.6906580328941345,0.5283272862434387,-0.051466748118400574,0.7030379176139832,0.5926618576049805,-0.0421794056892395,0.7109193801879883,0.6167547702789307,-0.02844034880399704,0.7484945058822632,0.43923452496528625,-0.03328419476747513,0.7314441204071045,0.5150250792503357,-0.04656542092561722,0.7357593774795532,0.5624591112136841,-0.03924376145005226,0.7418742775917053,0.5745095610618591,-0.02776596136391163
0.7285522818565369,0.6686007976531982,-8.233960784309602e-07,0.6639363169670105,0.6399195194244385,-0.017785653471946716,0.6176267862319946,0.5672739148139954,-0.02748054265975952,0.6089876890182495,0.4963814318180084,-0.03700722008943558,0.6226258277893066,0.43480032682418823,-0.04153357818722725,0.6179835796356201,0.4500126540660858,-0.013823030516505241,0.5848315954208374,0.48219192028045654,-0.049150820821523666,0.6074690222740173,0.5469274520874023,-0.0686439573764801,0.6294049620628357,0.5844929814338684,-0.07517607510089874,0.6595645546913147,0.42426273226737976,-0.01588428020477295,0.6422475576400757,0.515992283821106,-0.04948333278298378,0.6615568995475769,0.591823935508728,-0.054921846836805344,0.675241231918335,0.6302042007446289,-0.05049858242273331,0.703763484954834,0.4267064929008484,-0.022986983880400658,0.68846595287323,0.5292513370513916,-0.05067681521177292,0.7011967897415161,0.5967350006103516,-0.04153110831975937,0.7100201845169067,0.6305186748504639,-0.02773769572377205,0.7469309568405151,0.4442996382713318,-0.03303146734833717,0.7289069294929504,0.5197721123695374,-0.0466783232986927,0.7337097525596619,0.5689852237701416,-0.03924398869276047,0.7410603165626526,0.5879762768745422,-0.027297409251332283
0.7282652258872986,0.6701417565345764,-8.363777510567161e-07,0.6625975370407104,0.6393557786941528,-0.017913851886987686,0.6164796948432922,0.5653811693191528,-0.02753550559282303,0.608557939529419,0.4942285716533661,-0.03704715892672539,0.6217021942138672,0.43228352069854736,-0.04130491986870766,0.619911789894104,0.44698214530944824,-0.01289150957018137,0.5853200554847717,0.48134946823120117,-0.04875608906149864,0.6081559658050537,0.5490432977676392,-0.06839314848184586,0.6304028034210205,0.5875676870346069,-0.07488453388214111,0.6615946888923645,0.42238855361938477,-0.014981134794652462,0.6414874196052551,0.514928936958313,-0.04881404712796211,0.6601885557174683,0.5916138887405396,-0.0540655143558979,0.6738898754119873,0.6288248896598816,-0.049421899020671844,0.7056475877761841,0.425741583108902,-0.02233055606484413,0.6884413957595825,0.528374969959259,-0.05004742741584778,0.7003287672996521,0.5957388877868652,-0.04044989496469498,0.7091193199157715,0.6276628971099854,-0.026313889771699905,0.7488975524902344,0.44385474920272827,-0.03272846341133118,0.7298596501350403,0.5191696286201477,-0.046142153441905975,0.7338390350341797,0.5682917237281799,-0.038555167615413666,0.7410870790481567,0.5857591032981873,-0.026483498513698578
0.7280806303024292,0.6702000498771667,-8.323222004946729e-07,0.6620479822158813,0.6389908790588379,-0.017722012475132942,0.6153132915496826,0.5663077235221863,-0.027168096974492073,0.6062063574790955,0.4969007968902588,-0.03645911440253258,0.618023693561554,0.4365392327308655,-0.040368158370256424,0.6195056438446045,0.44436174631118774,-0.012682037428021431,0.5865461230278015,0.480802983045578,-0.047847408801317215,0.6091375946998596,0.5484011173248291,-0.06708263605833054,0.631538987159729,0.5863367319107056,-0.07347261905670166,0.6615461111068726,0.421019971370697,-0.01488433312624693,0.6424378752708435,0.5155730843544006,-0.04791527986526489,0.6600584983825684,0.5914133787155151,-0.05300453305244446,0.6734309792518616,0.6274893879890442,-0.048461008816957474,0.70566725730896,0.42549070715904236,-0.022236527875065804,0.6889711618423462,0.5291774272918701,-0.04923849552869797,0.6998511552810669,0.5950730443000793,-0.03974701091647148,0.7085720300674438,0.6251664757728577,-0.025964956730604172,0.7490149736404419,0.44449493288993835,-0.03268975391983986,0.7305400371551514,0.5200465321540833,-0.045925773680210114,0.7338321208953857,0.5682782530784607,-0.03846173733472824,0.7409519553184509,0.5849794745445251,-0.026552965864539146
0.7277116775512695,0.6678310036659241,-7.869171554375498e-07,0.66017085313797,0.6404142379760742,-0.015390361659228802,0.6100634932518005,0.5778375267982483,-0.023752732202410698,0.5956549644470215,0.5189416408538818,-0.03266007825732231,0.6054242849349976,0.47087013721466064,-0.03590874373912811,0.6157208681106567,0.45343148708343506,-0.011236707679927349,0.5829632878303528,0.4914393126964569,-0.04476851597428322,0.6015874147415161,0.5547807216644287,-0.06145470216870308,0.6210700273513794,0.5836442112922668,-0.06693620979785919,0.6568166017532349,0.4314500093460083,-0.014989846386015415,0.6397184133529663,0.5365289449691772,-0.04458945617079735,0.6573539972305298,0.603184700012207,-0.04733043909072876,0.6695703864097595,0.6175608038902283,-0.04281829297542572,0.7013131380081177,0.4368114471435547,-0.023647548630833626,0.6851266622543335,0.5462655425071716,-0.04843620955944061,0.6959303021430969,0.6039443016052246,-0.0374150350689888,0.7044904828071594,0.6146984696388245,-0.02425028383731842,0.7443162798881531,0.4564017355442047,-0.03540823981165886,0.7265809774398804,0.536715567111969,-0.04775327444076538,0.732479453086853,0.5794852375984192,-0.0397765189409256,0.7416639924049377,0.5838403701782227,-0.02823292277753353
0.7251133322715759,0.666720986366272,-7.865876341384137e-07,0.6594686508178711,0.643614649772644,-0.017368771135807037,0.611707866191864,0.5781846642494202,-0.025965580716729164,0.6008136868476868,0.5166423916816711,-0.03452904522418976,0.6124037504196167,0.46536785364151,-0.037712182849645615,0.6133658289909363,0.45727065205574036,-0.013332606293261051,0.5803228616714478,0.4902658462524414,-0.0475660040974617,0.5995325446128845,0.5543380379676819,-0.0647592544555664,0.6188344359397888,0.5844051837921143,-0.07039040327072144,0.6553231477737427,0.4320615828037262,-0.01571115478873253,0.6396856904029846,0.5336878299713135,-0.04569949209690094,0.6570398211479187,0.601949155330658,-0.048576049506664276,0.6676373481750488,0.6194736361503601,-0.04382975026965141,0.7005574107170105,0.43589580059051514,-0.02322131209075451,0.6865212917327881,0.5458090901374817,-0.04780574515461922,0.6981142163276672,0.6043964624404907,-0.0367734469473362,0.7058491706848145,0.617233395576477,-0.023423902690410614,0.7438151836395264,0.453943133354187,-0.03394003584980965,0.7274069786071777,0.5372081398963928,-0.045851919800043106,0.734278678894043,0.5807929635047913,-0.037690017372369766,0.7431825399398804,0.5863218307495117,-0.025931164622306824
0.7240725755691528,0.6658682823181152,-7.853803936086479e-07,0.6592537760734558,0.6439764499664307,-0.018471209332346916,0.6119177341461182,0.5777562856674194,-0.02708454057574272,0.6014410257339478,0.5151404142379761,-0.03533421456813812,0.6138393878936768,0.4626879096031189,-0.037905704230070114,0.6131375432014465,0.45771920680999756,-0.013731569983065128,0.5802562832832336,0.4903286397457123,-0.04816552251577377,0.599673330783844,0.5548450946807861,-0.06470948457717896,0.6185266375541687,0.5839633941650391,-0.069785475730896,0.6553339958190918,0.4320420026779175,-0.015550131909549236,0.6393424868583679,0.5336223840713501,-0.04546289145946503,0.6572901606559753,0.6015838384628296,-0.04761609062552452,0.6676827669143677,0.6159076690673828,-0.042346637696027756,0.7006558179855347,0.435721218585968,-0.022720536217093468,0.6867520809173584,0.5455743074417114,-0.04775194451212883,0.6987579464912415,0.6035045981407166,-0.036309536546468735,0.7065466046333313,0.6128072142601013,-0.02264387160539627,0.7438961863517761,0.453635573387146,-0.033159397542476654,0.7276272177696228,0.5373920202255249,-0.04532184079289436,0.7343674898147583,0.5817527770996094,-0.037009675055742264,0.7429954409599304,0.5860180258750916,-0.025154756382107735
0.7228788137435913,0.6751444339752197,-7.776120583002921e-07,0.6554795503616333,0.6520073413848877,-0.018382029607892036,0.6043292284011841,0.5917593836784363,-0.028794273734092712,0.5867234468460083,0.5364803671836853,-0.03856990486383438,0.5978419780731201,0.4929634928703308,-0.0428774356842041,0.6168534159660339,0.46213480830192566,-0.015363531187176704,0.5830932259559631,0.5059555172920227,-0.048619940876960754,0.5994669795036316,0.5687602162361145,-0.06580574065446854,0.6169348955154419,0.5919196009635925,-0.07268991321325302,0.6584917902946472,0.44312193989753723,-0.018311521038413048,0.6353679299354553,0.5548955202102661,-0.04762156307697296,0.6533375382423401,0.6201056838035583,-0.05015445873141289,0.6673519015312195,0.6263089776039124,-0.046213578432798386,0.7023019790649414,0.45228034257888794,-0.02624271810054779,0.681117832660675,0.564034104347229,-0.04987930878996849,0.6909389495849609,0.6192770004272461,-0.03761022910475731,0.699286937713623,0.6233052015304565,-0.02458229474723339,0.7441968321800232,0.4759570360183716,-0.03765120729804039,0.7244391441345215,0.5630662441253662,-0.04949025809764862,0.7291755676269531,0.6053876280784607,-0.0412752702832222,0.7380475997924805,0.6054290533065796,-0.030178846791386604
0.7239910960197449,0.6705689430236816,-7.327929552047863e-07,0.6548343896865845,0.650734007358551,-0.019793294370174408,0.6028874516487122,0.5915904641151428,-0.030475132167339325,0.5887668132781982,0.5368118286132812,-0.04000404104590416,0.6013814806938171,0.49172142148017883,-0.04346872866153717,0.6141772270202637,0.46161919832229614,-0.01776639185845852,0.5794735550880432,0.5084783434867859,-0.05209179222583771,0.5975203514099121,0.5714266300201416,-0.06898234039545059,0.6163675785064697,0.5915762186050415,-0.07560649514198303,0.6575493812561035,0.4409221410751343,-0.01991991139948368,0.6350863575935364,0.5540850758552551,-0.05029923841357231,0.6520696878433228,0.6183301210403442,-0.05238990858197212,0.6647812128067017,0.6209895610809326,-0.04811277240514755,0.7021405696868896,0.4489644169807434,-0.02718178555369377,0.6816442012786865,0.565058171749115,-0.05159185454249382,0.6913315653800964,0.6192878484725952,-0.0381670705974102,0.6997498273849487,0.6199803352355957,-0.024450404569506645,0.7438627481460571,0.4710168242454529,-0.038119763135910034,0.724151074886322,0.5613096356391907,-0.0509687177836895,0.7296832799911499,0.6026376485824585,-0.042447008192539215,0.7388774156570435,0.6003933548927307,-0.03094503842294216
0.720297634601593,0.6718254685401917,-7.543581546087808e-07,0.6538772583007812,0.6500372886657715,-0.018491419032216072,0.6031585931777954,0.5922498106956482,-0.02866607904434204,0.5851227045059204,0.5395411849021912,-0.03818574175238609,0.5930425524711609,0.4954317808151245,-0.04223550856113434,0.6145725250244141,0.46193450689315796,-0.015562020242214203,0.5797313451766968,0.506973385810852,-0.05009736493229866,0.5968996286392212,0.5696320533752441,-0.06803886592388153,0.616051197052002,0.5921874046325684,-0.07501009106636047,0.6578031778335571,0.44195032119750977,-0.01837000623345375,0.634782075881958,0.5540444850921631,-0.048111770302057266,0.6511709094047546,0.6193269491195679,-0.050779473036527634,0.6641106009483337,0.6253358721733093,-0.04684145376086235,0.702214777469635,0.45064130425453186,-0.026278769597411156,0.6804333925247192,0.5654879212379456,-0.050549015402793884,0.6897076368331909,0.6207998394966125,-0.03804263472557068,0.6984023451805115,0.6245914101600647,-0.024731703102588654,0.7440662980079651,0.47337865829467773,-0.037681471556425095,0.7231695652008057,0.5630603432655334,-0.04996331408619881,0.7270499467849731,0.6075103878974915,-0.041202958673238754,0.7357104420661926,0.6096665859222412,-0.029495080932974815
0.7211325168609619,0.6777797341346741,-7.563612030025979e-07,0.6509960889816284,0.6579095125198364,-0.02388196438550949,0.6008433699607849,0.5964676737785339,-0.03733903542160988,0.5870233774185181,0.5434154868125916,-0.04894643276929855,0.6000425219535828,0.4986218810081482,-0.054452214390039444,0.6209929585456848,0.4672633409500122,-0.024738579988479614,0.5808202624320984,0.5128697752952576,-0.06320637464523315,0.5956510901451111,0.5779749751091003,-0.08250782638788223,0.6155568361282349,0.6029736399650574,-0.09018798917531967,0.6631627678871155,0.4486156105995178,-0.025482578203082085,0.6334652304649353,0.5672961473464966,-0.060316052287817,0.6515953540802002,0.6343536972999573,-0.06391099840402603,0.6683772802352905,0.638378381729126,-0.05986303836107254,0.7064340114593506,0.4600337743759155,-0.031744204461574554,0.6811819672584534,0.5816555023193359,-0.06020045652985573,0.691692590713501,0.6366320252418518,-0.0473884679377079,0.7027853727340698,0.6366865634918213,-0.03282196447253227,0.7458219528198242,0.48615697026252747,-0.041877053678035736,0.7232297658920288,0.5793689489364624,-0.057931479066610336,0.730983555316925,0.6164706349372864,-0.0507858470082283,0.743257462978363,0.6098698377609253,-0.03951633721590042
0.7196626663208008,0.6758027076721191,-7.43719738238724e-07,0.6508287787437439,0.6585253477096558,-0.023662474006414413,0.5996756553649902,0.6005500555038452,-0.03696657717227936,0.5802066922187805,0.549915075302124,-0.04843980073928833,0.5875563621520996,0.506340742111206,-0.053936753422021866,0.619574248790741,0.46734994649887085,-0.024606797844171524,0.5819187164306641,0.5119953751564026,-0.06143004819750786,0.5952863693237305,0.576822817325592,-0.0794130340218544,0.6145849227905273,0.6037814617156982,-0.08626911789178848,0.6622922420501709,0.44875726103782654,-0.025297658517956734,0.6339829564094543,0.5681146383285522,-0.05831633880734444,0.650381863117218,0.6357688307762146,-0.06121101230382919,0.6665746569633484,0.64139723777771,-0.05697900429368019,0.7059996128082275,0.4600610136985779,-0.03127947449684143,0.6803476810455322,0.5809434056282043,-0.058644261211156845,0.6897201538085938,0.6358038187026978,-0.045419853180646896,0.7013168931007385,0.6369953155517578,-0.030859535560011864,0.7459254264831543,0.48567283153533936,-0.0410304069519043,0.7227526903152466,0.5768934488296509,-0.05684933811426163,0.7282203435897827,0.6164296865463257,-0.049077972769737244,0.7399027943611145,0.6131812334060669,-0.037365540862083435
0.7222203612327576,0.6782774329185486,-7.337661145356833e-07,0.6537166237831116,0.6631152033805847,-0.025642188265919685,0.6032695770263672,0.603627622127533,-0.039118845015764236,0.5899305939674377,0.5513177514076233,-0.05015980824828148,0.6042970418930054,0.5045207142829895,-0.05468008294701576,0.616246223449707,0.47228917479515076,-0.0260819923132658,0.5771978497505188,0.5196933746337891,-0.06495577096939087,0.5930987000465393,0.5851474404335022,-0.08416604995727539,0.612402617931366,0.6049831509590149,-0.09221268445253372,0.6591445803642273,0.4505145251750946,-0.025718677788972855,0.6317121982574463,0.5723404884338379,-0.060249488800764084,0.6485310196876526,0.6389340758323669,-0.0625733733177185,0.6632595062255859,0.6369894742965698,-0.05771597847342491,0.7038219571113586,0.4603990316390991,-0.03116198629140854,0.6812081336975098,0.5867757201194763,-0.05896025896072388,0.6896082162857056,0.640473484992981,-0.04385202378034592,0.6991717219352722,0.6349477767944336,-0.02809719368815422,0.7442823648452759,0.4855746030807495,-0.040852345526218414,0.722497284412384,0.5848771929740906,-0.05786622688174248,0.7288843393325806,0.6234483122825623,-0.05033140257000923,0.7404252886772156,0.6147250533103943,-0.038445256650447845
0.7195062041282654,0.6799492835998535,-7.396551495730819e-07,0.6517218947410583,0.6615912914276123,-0.02288701757788658,0.6023225784301758,0.6031982898712158,-0.03580618277192116,0.5885244607925415,0.5500493049621582,-0.04694541171193123,0.6035717725753784,0.5019633769989014,-0.05198259651660919,0.6144267320632935,0.4734153151512146,-0.023324064910411835,0.5768744945526123,0.5230191946029663,-0.06150750815868378,0.5929855108261108,0.5847022533416748,-0.08116166293621063,0.6131477952003479,0.6036962866783142,-0.0896836519241333,0.6579680442810059,0.4517086446285248,-0.024266228079795837,0.6305577158927917,0.5747758150100708,-0.057391416281461716,0.6477128267288208,0.6403931379318237,-0.05963238701224327,0.6630890965461731,0.640930712223053,-0.055154118686914444,0.7031427621841431,0.4613918364048004,-0.030836116522550583,0.6795304417610168,0.5874621868133545,-0.05727698653936386,0.6884210109710693,0.6398980617523193,-0.04241030663251877,0.698352575302124,0.6368381977081299,-0.02720397338271141,0.7447682619094849,0.48662078380584717,-0.04148336872458458,0.7218895554542542,0.5842489004135132,-0.0569215789437294,0.7266364693641663,0.6237929463386536,-0.04904879257082939,0.737288773059845,0.618303656578064,-0.03742239996790886
0.720225989818573,0.6790768504142761,-7.410425837406365e-07,0.6521042585372925,0.6619440317153931,-0.022959427908062935,0.6025087833404541,0.6036638021469116,-0.03588149696588516,0.589384913444519,0.5499280691146851,-0.04704416170716286,0.6043651103973389,0.5014293193817139,-0.052192989736795425,0.614081859588623,0.4735705852508545,-0.02382025681436062,0.5760887861251831,0.5228872299194336,-0.06235630437731743,0.5924240946769714,0.5848749279975891,-0.08204454928636551,0.6130719184875488,0.6044195294380188,-0.09040005505084991,0.6577979922294617,0.4514807164669037,-0.02484380453824997,0.6301645040512085,0.5746442675590515,-0.058320552110672,0.6480145454406738,0.6418196558952332,-0.0602501779794693,0.664168655872345,0.643684983253479,-0.05534333363175392,0.7029010057449341,0.4610045254230499,-0.031546808779239655,0.6792574524879456,0.587626039981842,-0.05845325067639351,0.6883279085159302,0.6414971947669983,-0.043387677520513535,0.6986929178237915,0.6395500898361206,-0.027810538187623024,0.7444537878036499,0.48626020550727844,-0.04230005666613579,0.7213578224182129,0.5845719575881958,-0.057687461376190186,0.7257953882217407,0.6260254383087158,-0.04934918135404587,0.7364106774330139,0.6225868463516235,-0.03729557245969772
0.716890275478363,0.6783413887023926,-7.629881793036475e-07,0.6506680846214294,0.6608161330223083,-0.02302386239171028,0.6019860506057739,0.6031099557876587,-0.036162279546260834,0.5882294178009033,0.5512930154800415,-0.04731468856334686,0.6012148261070251,0.5032725930213928,-0.05196871608495712,0.6118844151496887,0.47358596324920654,-0.02577071636915207,0.5744654536247253,0.5196553468704224,-0.0640709325671196,0.5888919830322266,0.5845333933830261,-0.08226965367794037,0.6077191829681396,0.6135830879211426,-0.08911760151386261,0.655372142791748,0.45176970958709717,-0.026437217369675636,0.628477931022644,0.5770271420478821,-0.0594651997089386,0.6462538242340088,0.6426801681518555,-0.06082887202501297,0.6611403822898865,0.646537721157074,-0.05567328631877899,0.7005130648612976,0.461884081363678,-0.03254270181059837,0.6771256923675537,0.5889766216278076,-0.05836153030395508,0.6856957077980042,0.6402411460876465,-0.042373865842819214,0.6938804388046265,0.638290286064148,-0.02658013068139553,0.7420507669448853,0.48786044120788574,-0.04267068952322006,0.7192657589912415,0.5863506197929382,-0.05855920538306236,0.7249652743339539,0.6236377358436584,-0.05040445923805237,0.7351357936859131,0.6168991327285767,-0.038334909826517105
0.717543363571167,0.6779924035072327,-7.509194119847962e-07,0.6519086360931396,0.6618471741676331,-0.024246541783213615,0.6033834218978882,0.6046667098999023,-0.037912216037511826,0.5908381938934326,0.5526279211044312,-0.049256764352321625,0.6052846908569336,0.5038955211639404,-0.054030586034059525,0.6121037602424622,0.4731980860233307,-0.026160044595599174,0.5754100680351257,0.5209338068962097,-0.06506910175085068,0.5897660255432129,0.5845717787742615,-0.08408686518669128,0.6078504920005798,0.6090517044067383,-0.09196077287197113,0.6554446220397949,0.4507713317871094,-0.026522217318415642,0.6289581656455994,0.5763810276985168,-0.06088775023818016,0.6461775898933411,0.6433395147323608,-0.06307195872068405,0.6610061526298523,0.6447561979293823,-0.058450885117053986,0.7006067633628845,0.4607740044593811,-0.03245356306433678,0.6785502433776855,0.590333104133606,-0.05941195785999298,0.6864246726036072,0.6425666809082031,-0.04372682794928551,0.6944603323936462,0.6379202604293823,-0.028169039636850357,0.7415984869003296,0.4869890511035919,-0.04256414994597435,0.7195545434951782,0.589679479598999,-0.05941268429160118,0.7259216904640198,0.6264879703521729,-0.051779888570308685,0.7366055250167847,0.6168137788772583,-0.04015304893255234
0.717860996723175,0.6783696413040161,-7.546274218839244e-07,0.6516242027282715,0.6614871621131897,-0.02424701116979122,0.603342592716217,0.6040148735046387,-0.038040440529584885,0.5916991829872131,0.5515170693397522,-0.04947924613952637,0.6070506572723389,0.5028195381164551,-0.05441456288099289,0.6118968725204468,0.47345009446144104,-0.026770470663905144,0.5750346779823303,0.5220957398414612,-0.06532062590122223,0.5896088480949402,0.5860803723335266,-0.08398613333702087,0.607584536075592,0.6110734939575195,-0.09166557341814041,0.6554428935050964,0.451235830783844,-0.027112554758787155,0.6288790702819824,0.5762839317321777,-0.06114218384027481,0.6463064551353455,0.6431853771209717,-0.06332544982433319,0.6610109210014343,0.6450570821762085,-0.05889475345611572,0.7007622718811035,0.46121954917907715,-0.0329272635281086,0.6783017516136169,0.5900925993919373,-0.05974379554390907,0.6864904165267944,0.642422616481781,-0.044574491679668427,0.6945469975471497,0.6383941173553467,-0.029512479901313782,0.7419002056121826,0.4874206483364105,-0.04284689202904701,0.7194008231163025,0.5893617272377014,-0.05944700911641121,0.7257450222969055,0.6262314319610596,-0.05200091004371643,0.73631352186203,0.6171910166740417,-0.040700044482946396
0.7176999449729919,0.6768413782119751,-7.188813242464676e-07,0.6469208002090454,0.6610173583030701,-0.02328510582447052,0.5977489948272705,0.6013932228088379,-0.036858659237623215,0.5933700203895569,0.5475372672080994,-0.04819526523351669,0.6187520623207092,0.5044664740562439,-0.05274190008640289,0.6090226769447327,0.47363874316215515,-0.02582995407283306,0.5716624855995178,0.5270372629165649,-0.06410438567399979,0.5872936844825745,0.5913955569267273,-0.08386820554733276,0.6066099405288696,0.6135824918746948,-0.09256375581026077,0.6535047292709351,0.4528364837169647,-0.02621057815849781,0.6287297606468201,0.582526683807373,-0.0585351400077343,0.6473302841186523,0.6407058835029602,-0.05999664217233658,0.6617797613143921,0.6341747641563416,-0.055446892976760864,0.6994191408157349,0.463110089302063,-0.03209531679749489,0.6776865124702454,0.5917451977729797,-0.0559893436729908,0.6871013045310974,0.6388187408447266,-0.03924696147441864,0.6957682967185974,0.6320463418960571,-0.023395705968141556,0.7413939833641052,0.4886848032474518,-0.04237595945596695,0.7203959226608276,0.586723804473877,-0.057828180491924286,0.7285838723182678,0.6171671152114868,-0.050249285995960236,0.7405431270599365,0.6035383343696594,-0.038599543273448944
0.7166072130203247,0.6776113510131836,-7.141412652345025e-07,0.6490656137466431,0.6623743772506714,-0.02503877691924572,0.5987725853919983,0.6094347238540649,-0.0397370308637619,0.5829387903213501,0.5606874227523804,-0.05193929746747017,0.5972880721092224,0.5163165926933289,-0.05745084956288338,0.6096723675727844,0.4723184108734131,-0.02648988552391529,0.5740422606468201,0.5256350636482239,-0.0652749165892601,0.5904586911201477,0.587878406047821,-0.0853988528251648,0.6093924641609192,0.6042928695678711,-0.0944211483001709,0.6534627079963684,0.45215916633605957,-0.026335619390010834,0.6287068128585815,0.5799052119255066,-0.06004779413342476,0.6468660235404968,0.6408870220184326,-0.06286010146141052,0.6615655422210693,0.6353023648262024,-0.05890391767024994,0.6989037394523621,0.46273571252822876,-0.03167115896940231,0.6771026849746704,0.5926615595817566,-0.05805010721087456,0.6873039603233337,0.6404286623001099,-0.042905502021312714,0.6967975497245789,0.633150577545166,-0.027518220245838165,0.7403922080993652,0.4886574447154999,-0.04129932448267937,0.7190060615539551,0.5895094871520996,-0.058241866528987885,0.7279819250106812,0.6192970871925354,-0.05134270340204239,0.7404652833938599,0.6048280596733093,-0.03987467288970947
0.717301607131958,0.6771683692932129,-7.098505534486321e-07,0.6482927799224854,0.6616553068161011,-0.025134598836302757,0.5980291366577148,0.6060541868209839,-0.039683952927589417,0.586583137512207,0.5554139614105225,-0.05166143178939819,0.6063487529754639,0.5117946267127991,-0.05691000819206238,0.6089147925376892,0.4726783037185669,-0.02691306360065937,0.5738431811332703,0.5269659161567688,-0.06588121503591537,0.5905166268348694,0.5889708399772644,-0.08617225289344788,0.6092686057090759,0.6049167513847351,-0.0954647958278656,0.6531104445457458,0.45241788029670715,-0.026821281760931015,0.6285474896430969,0.5798812508583069,-0.060512445867061615,0.6461061239242554,0.6402360796928406,-0.06311351805925369,0.660102128982544,0.6336364150047302,-0.05918142572045326,0.6987794637680054,0.4629269540309906,-0.032293420284986496,0.6771008372306824,0.5924878120422363,-0.058258235454559326,0.6867614388465881,0.640449047088623,-0.04284057766199112,0.695955216884613,0.6326109766960144,-0.027522286400198936,0.7405024170875549,0.48871633410453796,-0.04216079041361809,0.7190088629722595,0.589526355266571,-0.058647509664297104,0.7276397943496704,0.6195357441902161,-0.051639776676893234,0.7399453520774841,0.6048609614372253,-0.0403701514005661
0.7169544100761414,0.6810189485549927,-7.482630053345929e-07,0.6492536067962646,0.664415180683136,-0.02480090595781803,0.5976396799087524,0.6071991920471191,-0.03770191967487335,0.5792554020881653,0.556949257850647,-0.04808811470866203,0.5915413498878479,0.512973427772522,-0.05138901248574257,0.6107231974601746,0.47301337122917175,-0.024309692904353142,0.5718367099761963,0.5253053903579712,-0.061131689697504044,0.5879066586494446,0.5896300673484802,-0.07789269834756851,0.6061087846755981,0.6065923571586609,-0.08442384004592896,0.6534615755081177,0.4521205723285675,-0.024249829351902008,0.6261021494865417,0.580312192440033,-0.05737823620438576,0.644511878490448,0.6436179876327515,-0.05865048989653587,0.659204363822937,0.6366612911224365,-0.052962835878133774,0.698377788066864,0.4629383385181427,-0.029727155342698097,0.6749891042709351,0.5916621685028076,-0.05672752857208252,0.6840531229972839,0.6412551999092102,-0.04127173125743866,0.6926224827766418,0.6319707632064819,-0.025104602798819542,0.7395939826965332,0.48896223306655884,-0.03931552916765213,0.7175800800323486,0.5888972878456116,-0.057017501443624496,0.7243577241897583,0.6220489740371704,-0.05021677166223526,0.7350473403930664,0.6085605621337891,-0.03836679831147194
0.717211902141571,0.6822637319564819,-7.373924972853274e-07,0.6507540941238403,0.6657505035400391,-0.026145966723561287,0.5982533693313599,0.6144765615463257,-0.04092486947774887,0.5725557804107666,0.5687437653541565,-0.05318979546427727,0.5769997835159302,0.5246686935424805,-0.05840316787362099,0.6113404631614685,0.4727380573749542,-0.02544494718313217,0.5718370676040649,0.524767279624939,-0.06376811116933823,0.5882906913757324,0.5888869166374207,-0.08195657283067703,0.6072423458099365,0.6051831841468811,-0.0894412249326706,0.6540877223014832,0.4528747498989105,-0.025321630761027336,0.6242634654045105,0.5801482796669006,-0.05980312451720238,0.6429216265678406,0.6456495523452759,-0.062305010855197906,0.6581625938415527,0.6395372748374939,-0.057649169117212296,0.6989317536354065,0.46401625871658325,-0.030887901782989502,0.6725742220878601,0.5913323163986206,-0.05943434312939644,0.682532012462616,0.6422702670097351,-0.04473594203591347,0.6920656561851501,0.6334086060523987,-0.029117131605744362,0.7405082583427429,0.48986202478408813,-0.04056046903133392,0.7160463929176331,0.5867502093315125,-0.058706287294626236,0.7219234704971313,0.6221259832382202,-0.05173997953534126,0.7326804995536804,0.6104474067687988,-0.03997593745589256
0.7178647518157959,0.681634783744812,-7.186328048192081e-07,0.6525557041168213,0.6667525172233582,-0.026907294988632202,0.6004474759101868,0.6155225038528442,-0.04198906198143959,0.5790578126907349,0.5696524977684021,-0.05435897409915924,0.5885932445526123,0.526340126991272,-0.05955673009157181,0.6084451675415039,0.4727868437767029,-0.025028416886925697,0.5706783533096313,0.5310583114624023,-0.06290413439273834,0.5903663635253906,0.594965398311615,-0.08124934881925583,0.6104006171226501,0.6066271662712097,-0.08934284001588821,0.6523880958557129,0.45267483592033386,-0.024485448375344276,0.6243749856948853,0.580883264541626,-0.05908684432506561,0.6445375680923462,0.6463421583175659,-0.06196989864110947,0.6597781181335449,0.6381700038909912,-0.05767786502838135,0.6981606483459473,0.4630933403968811,-0.029690520837903023,0.6742247939109802,0.5927623510360718,-0.0579221248626709,0.6851040720939636,0.6442683339118958,-0.043778859078884125,0.6946517825126648,0.6338891983032227,-0.02879052422940731,0.7404142618179321,0.48811009526252747,-0.03910902515053749,0.7170204520225525,0.5871941447257996,-0.0568026527762413,0.7244707345962524,0.6214965581893921,-0.0501619391143322,0.73587566614151,0.6072986125946045,-0.03893878683447838
0.7183033227920532,0.6834503412246704,-7.592183237647987e-07,0.6513418555259705,0.6679909825325012,-0.02602660097181797,0.5983908772468567,0.6142950057983398,-0.040270306169986725,0.5775451064109802,0.5644294023513794,-0.051705487072467804,0.5862516760826111,0.516656219959259,-0.05595358833670616,0.607215166091919,0.47546446323394775,-0.026559052988886833,0.5723903775215149,0.5315843224525452,-0.06310728937387466,0.5905950665473938,0.5959804058074951,-0.07963930815458298,0.6097155809402466,0.611995279788971,-0.0864468365907669,0.6511251330375671,0.4550788104534149,-0.026193922385573387,0.6263000965118408,0.5837969779968262,-0.059649039059877396,0.645889937877655,0.6478462815284729,-0.061820149421691895,0.6610769033432007,0.6423574090003967,-0.05741878226399422,0.6972904801368713,0.46504297852516174,-0.03119673579931259,0.6747646331787109,0.5948169827461243,-0.058539580553770065,0.6854246854782104,0.6463116407394409,-0.0436408706009388,0.6953327655792236,0.638592541217804,-0.028453074395656586,0.7404806613922119,0.48981717228889465,-0.04033587872982025,0.717491090297699,0.5883005261421204,-0.057783134281635284,0.7240273952484131,0.6234292387962341,-0.05089278891682625,0.7349922060966492,0.6118781566619873,-0.039663106203079224
0.7185149788856506,0.6844258308410645,-7.13869098944997e-07,0.652998149394989,0.6695876121520996,-0.027829909697175026,0.5997254252433777,0.6206964254379272,-0.043623603880405426,0.5740483403205872,0.5766313076019287,-0.05620763078331947,0.5758466720581055,0.53276526927948,-0.06152747571468353,0.6084221005439758,0.47393208742141724,-0.027688389644026756,0.5723241567611694,0.5331500172615051,-0.06306279450654984,0.5922095775604248,0.5954238772392273,-0.07890941202640533,0.6118521094322205,0.6060032248497009,-0.08586863428354263,0.6524046063423157,0.45500290393829346,-0.026944052428007126,0.625092625617981,0.5819323062896729,-0.06038207933306694,0.6450939774513245,0.6456449031829834,-0.06349486857652664,0.6603446006774902,0.6374518871307373,-0.060000207275152206,0.6984473466873169,0.4659397602081299,-0.031460028141736984,0.673843502998352,0.5947308540344238,-0.059057679027318954,0.6854596734046936,0.6458232998847961,-0.045460037887096405,0.6961227059364319,0.6360361576080322,-0.03139932453632355,0.741539716720581,0.49110880494117737,-0.04016268253326416,0.7173591256141663,0.5880529284477234,-0.05774901434779167,0.724483847618103,0.6227594614028931,-0.05142638087272644,0.7360566854476929,0.6102273464202881,-0.040856555104255676
0.7224368453025818,0.6833356618881226,-7.080737987052999e-07,0.6552368402481079,0.669574499130249,-0.025326164439320564,0.6045570373535156,0.6183152794837952,-0.04005530849099159,0.5874534249305725,0.5693420767784119,-0.052340712398290634,0.597565233707428,0.5234389305114746,-0.05792538821697235,0.6056032776832581,0.4778473377227783,-0.02510363794863224,0.5704790949821472,0.5366451740264893,-0.06294240802526474,0.5913094282150269,0.5990512371063232,-0.08219774812459946,0.6129181385040283,0.613153338432312,-0.090668685734272,0.6507658958435059,0.4581128656864166,-0.024977119639515877,0.6271384358406067,0.5824416279792786,-0.05791955813765526,0.6489351391792297,0.6452251076698303,-0.06082664430141449,0.6650278568267822,0.6390728950500488,-0.05725419521331787,0.6973609924316406,0.46801984310150146,-0.030387064442038536,0.6770961284637451,0.5957973003387451,-0.057053904980421066,0.6897922158241272,0.6464129090309143,-0.04366464167833328,0.7003007531166077,0.6381475329399109,-0.029734276235103607,0.740418016910553,0.4923751950263977,-0.03987671062350273,0.7202704548835754,0.5915385484695435,-0.05535973608493805,0.7280014753341675,0.6264612674713135,-0.04843414947390556,0.7387670278549194,0.6143062114715576,-0.037704478949308395
0.7198543548583984,0.6846194267272949,-7.499318144255085e-07,0.6534861326217651,0.668546199798584,-0.02383984625339508,0.6027376055717468,0.6197772026062012,-0.03827963396906853,0.5784581303596497,0.5730712413787842,-0.05069867894053459,0.5806536674499512,0.5266627073287964,-0.05653388798236847,0.6090502738952637,0.4776155352592468,-0.024830808863043785,0.5712404251098633,0.5328629612922668,-0.06131204962730408,0.5897127985954285,0.5951139330863953,-0.07861699163913727,0.6108015775680542,0.6140090227127075,-0.08535581827163696,0.652126669883728,0.45805829763412476,-0.025298520922660828,0.6269421577453613,0.5841933488845825,-0.05857497453689575,0.6491848230361938,0.6470785737037659,-0.06140384450554848,0.6661880612373352,0.6455831527709961,-0.05732959508895874,0.6974610090255737,0.4679498076438904,-0.03088313899934292,0.6753246784210205,0.5961921811103821,-0.05788975954055786,0.6881153583526611,0.6461919546127319,-0.04482956975698471,0.6982839107513428,0.6420214176177979,-0.030817825347185135,0.7400871515274048,0.49288254976272583,-0.04028339311480522,0.7186591029167175,0.5918174386024475,-0.05585991218686104,0.7256675362586975,0.6263573169708252,-0.04912891238927841,0.7356749773025513,0.6165868639945984,-0.03836425021290779
0.7219434380531311,0.6840382814407349,-7.320829240597959e-07,0.6555545926094055,0.6693931221961975,-0.024424739181995392,0.6037007570266724,0.6199252605438232,-0.038619376718997955,0.5796043872833252,0.5717881917953491,-0.050569985061883926,0.5824716687202454,0.5244582295417786,-0.055713776499032974,0.6090689897537231,0.47823795676231384,-0.024821240454912186,0.5709720849990845,0.5335136651992798,-0.061414361000061035,0.5900250673294067,0.5949724912643433,-0.07830622792243958,0.6116584539413452,0.611825168132782,-0.08494449406862259,0.6524165868759155,0.4580894410610199,-0.025040259584784508,0.6265366673469543,0.5847180485725403,-0.05884737893939018,0.6496205925941467,0.6479200124740601,-0.06122805178165436,0.6674400568008423,0.644616425037384,-0.05667911097407341,0.6979062557220459,0.46801406145095825,-0.03056843765079975,0.6756519675254822,0.5976417064666748,-0.05835632607340813,0.6895238757133484,0.6473502516746521,-0.044977813959121704,0.7008693814277649,0.6409830451011658,-0.030545836314558983,0.7406156063079834,0.49290648102760315,-0.03996920958161354,0.7184539437294006,0.593543291091919,-0.0564628466963768,0.7257204055786133,0.6293606162071228,-0.04994048923254013,0.7361776232719421,0.6193748116493225,-0.039122264832258224
0.7204750180244446,0.6826496720314026,-7.347651944655809e-07,0.6537959575653076,0.6622675061225891,-0.01797688938677311,0.6008294820785522,0.6032054424285889,-0.027589619159698486,0.5792655348777771,0.5499923825263977,-0.03673480451107025,0.592253565788269,0.5216021537780762,-0.0406777448952198,0.6157045960426331,0.4744289219379425,-0.010668297298252583,0.5873185992240906,0.5158870220184326,-0.03967289254069328,0.6014775633811951,0.5829870700836182,-0.05543643236160278,0.615169882774353,0.6057778596878052,-0.06187061592936516,0.6569734215736389,0.4560237228870392,-0.013171655125916004,0.6366589069366455,0.5618924498558044,-0.037016648799180984,0.6515453457832336,0.6204085350036621,-0.040014561265707016,0.6626829504966736,0.6228869557380676,-0.037219151854515076,0.7009559273719788,0.4635615646839142,-0.020282918587327003,0.6826707124710083,0.5723686814308167,-0.03941701725125313,0.6914382576942444,0.6204798817634583,-0.029159775003790855,0.6985673904418945,0.6213790774345398,-0.01838110201060772,0.7424314022064209,0.48377731442451477,-0.030814658850431442,0.7250999808311462,0.566860556602478,-0.039566896855831146,0.7302775979042053,0.6043520569801331,-0.031223135069012642,0.7388603687286377,0.6035031080245972,-0.020514553412795067
0.7182728052139282,0.6804873943328857,-7.148260010580998e-07,0.6530874371528625,0.6592490077018738,-0.016938745975494385,0.6017130613327026,0.6023383140563965,-0.026560256257653236,0.5824325680732727,0.5520668029785156,-0.03585397079586983,0.595001757144928,0.5198572874069214,-0.04014863446354866,0.6153160333633423,0.4742381274700165,-0.011423337273299694,0.5870245099067688,0.5163821578025818,-0.0417553074657917,0.599614679813385,0.5797179341316223,-0.058680709451436996,0.6129509806632996,0.6017725467681885,-0.06582604348659515,0.6577940583229065,0.4561551511287689,-0.014559927396476269,0.6378531455993652,0.5629303455352783,-0.03929595276713371,0.6511257886886597,0.6216674447059631,-0.04256855696439743,0.6617204546928406,0.6259228587150574,-0.039975445717573166,0.7021436095237732,0.464298814535141,-0.022181319072842598,0.6830133199691772,0.5747218728065491,-0.041550420224666595,0.6904711723327637,0.6245740056037903,-0.030054420232772827,0.6971361041069031,0.6271581649780273,-0.018500706180930138,0.7436697483062744,0.4851585030555725,-0.03330506384372711,0.725965678691864,0.5698757767677307,-0.042888395488262177,0.7306068539619446,0.6081076264381409,-0.034199636429548264,0.7391934990882874,0.6071888208389282,-0.023061322048306465
0.7187877893447876,0.6800229549407959,-7.084260573719803e-07,0.6531165242195129,0.6593774557113647,-0.01706325262784958,0.6011708974838257,0.6010991930961609,-0.026198534294962883,0.581904411315918,0.5488623976707458,-0.034783750772476196,0.5951620936393738,0.5168159604072571,-0.03808565065264702,0.6163108944892883,0.47410789132118225,-0.011460257694125175,0.5877757668495178,0.516316294670105,-0.04132306948304176,0.600429117679596,0.5794830918312073,-0.05777828022837639,0.6138045191764832,0.6019235849380493,-0.06474826484918594,0.6583155989646912,0.45559799671173096,-0.014296161010861397,0.6384682655334473,0.5632046461105347,-0.038730721920728683,0.6521410942077637,0.619440495967865,-0.04172347113490105,0.6627824902534485,0.6218481063842773,-0.0390554741024971,0.7023031711578369,0.46381184458732605,-0.021633975207805634,0.6838423013687134,0.5746566653251648,-0.04039446637034416,0.6918013095855713,0.6217733025550842,-0.02854303829371929,0.6986362934112549,0.6222119927406311,-0.017002440989017487,0.7433976531028748,0.4845937490463257,-0.03257365897297859,0.7263766527175903,0.5697895884513855,-0.042232245206832886,0.7312732934951782,0.6060088872909546,-0.03392006829380989,0.7396757006645203,0.6030511260032654,-0.023070208728313446
0.7255328297615051,0.6737607717514038,-6.924974513822235e-07,0.6626421809196472,0.6547822952270508,-0.011549700982868671,0.6107930541038513,0.590575098991394,-0.018704695627093315,0.6015264391899109,0.5200034379959106,-0.02688826061785221,0.6196762919425964,0.46111810207366943,-0.03175656870007515,0.6131037473678589,0.48250168561935425,-0.006360018625855446,0.5920954346656799,0.48112043738365173,-0.037928126752376556,0.607823371887207,0.5332614779472351,-0.058406952768564224,0.6222016215324402,0.5776873826980591,-0.06618843227624893,0.6530553102493286,0.45320984721183777,-0.010122253559529781,0.6481565237045288,0.5075730681419373,-0.03951237350702286,0.6645340919494629,0.5768330097198486,-0.046935342252254486,0.6771723031997681,0.6241258382797241,-0.04398459196090698,0.6966864466667175,0.4496455490589142,-0.01800788752734661,0.6925143599510193,0.5195688605308533,-0.04257015883922577,0.7024096250534058,0.5830385684967041,-0.03655519708991051,0.7104676961898804,0.6242259740829468,-0.025061316788196564,0.7392328977584839,0.4607090353965759,-0.028037404641509056,0.7302228212356567,0.5159704685211182,-0.042193394154310226,0.7340216040611267,0.5658971071243286,-0.03623151034116745,0.7416808605194092,0.5927416086196899,-0.02516535297036171
0.7364583015441895,0.6729658842086792,-6.935013061593054e-07,0.6717253923416138,0.6529989242553711,-0.013920671306550503,0.6211084723472595,0.578596293926239,-0.02287719026207924,0.6182195544242859,0.4963047206401825,-0.033962853252887726,0.6348797082901001,0.4262427091598511,-0.0414566770195961,0.6178716421127319,0.5052419900894165,-0.006484595127403736,0.5856475830078125,0.47490251064300537,-0.045074038207530975,0.6130273342132568,0.5229236483573914,-0.06850553303956985,0.6395646929740906,0.5707635283470154,-0.07604938745498657,0.6566207408905029,0.4777442514896393,-0.010637643747031689,0.6467160582542419,0.4958624243736267,-0.050312403589487076,0.6719629168510437,0.5705337524414062,-0.05965382978320122,0.6871737241744995,0.6242881417274475,-0.055150169879198074,0.6987948417663574,0.46761468052864075,-0.02037012204527855,0.6923354268074036,0.5023254752159119,-0.053750861436128616,0.7073938250541687,0.5752254724502563,-0.0471997931599617,0.7146251797676086,0.6220170855522156,-0.03225426375865936,0.7415310740470886,0.4681735038757324,-0.03192377835512161,0.7288051247596741,0.4875023663043976,-0.0468333400785923,0.7341820597648621,0.5408620834350586,-0.037159569561481476,0.7394072413444519,0.5694913268089294,-0.023253852501511574
0.7322580218315125,0.6956387162208557,-5.706418733097962e-07,0.6718257069587708,0.6768043041229248,-0.011978872120380402,0.6269689798355103,0.6120489239692688,-0.02001696452498436,0.6230258345603943,0.5382336974143982,-0.0310909915715456,0.6280022859573364,0.47619059681892395,-0.03908411040902138,0.6195180416107178,0.5649018883705139,-2.326061985513661e-05,0.588987410068512,0.5172723531723022,-0.034892529249191284,0.6136347055435181,0.5545127391815186,-0.05577954277396202,0.6385405659675598,0.5956037044525146,-0.0620250441133976,0.6546995043754578,0.5443291664123535,-0.005147311836481094,0.6467315554618835,0.5266873836517334,-0.04262610524892807,0.6717395186424255,0.5920600891113281,-0.05217700079083443,0.6866855621337891,0.641143262386322,-0.04805263131856918,0.6914520263671875,0.5330557227134705,-0.0155398054048419,0.6843279600143433,0.5280547738075256,-0.04849841073155403,0.7009748816490173,0.5953445434570312,-0.0416240431368351,0.7094519734382629,0.6391602158546448,-0.026233278214931488,0.7286826968193054,0.5282109975814819,-0.027219120413064957,0.7143678665161133,0.5172837972640991,-0.04167146608233452,0.7224857807159424,0.5655668377876282,-0.030161123722791672,0.72915118932724,0.5950499773025513,-0.015353827737271786
0.732092559337616,0.69505375623703,-5.693462981071207e-07,0.6718167066574097,0.6763182878494263,-0.012454594485461712,0.6266941428184509,0.6114258766174316,-0.020524045452475548,0.6224480271339417,0.5372838973999023,-0.03154640644788742,0.6283847093582153,0.47466719150543213,-0.039455294609069824,0.6194446086883545,0.5641821622848511,-0.0001058404814102687,0.5888646245002747,0.517882764339447,-0.03509529307484627,0.6140524744987488,0.5554745197296143,-0.05606820061802864,0.6394482851028442,0.5963010191917419,-0.06234586611390114,0.6544418931007385,0.5431018471717834,-0.004888748284429312,0.6469488739967346,0.5271134376525879,-0.04218357801437378,0.6721010804176331,0.5923049449920654,-0.05168886482715607,0.6870605945587158,0.6405009627342224,-0.047581858932971954,0.6910616159439087,0.5317044258117676,-0.015025854110717773,0.6848085522651672,0.5279672741889954,-0.04801188036799431,0.7015119194984436,0.5951954126358032,-0.04126686230301857,0.7100312113761902,0.6385287046432495,-0.025954658165574074,0.7280603647232056,0.5268603563308716,-0.02649328112602234,0.7146885991096497,0.5166609883308411,-0.041144538670778275,0.7228308916091919,0.5651107430458069,-0.029877979308366776,0.729464590549469,0.594427764415741,-0.015158376656472683
0.7264961004257202,0.6843098402023315,-5.547694286178739e-07,0.6679774522781372,0.6704767346382141,-0.014152967371046543,0.6223531365394592,0.6049195528030396,-0.022625388577580452,0.6182259917259216,0.5303583741188049,-0.033581964671611786,0.6249096393585205,0.46876055002212524,-0.04104180634021759,0.6135668754577637,0.5552774667739868,-0.0020733505953103304,0.5846648216247559,0.5079567432403564,-0.038779519498348236,0.6111829280853271,0.547538161277771,-0.06037520989775658,0.637376606464386,0.5898019075393677,-0.06672006845474243,0.6489224433898926,0.5333893299102783,-0.006435167044401169,0.6417357921600342,0.5150797367095947,-0.046020276844501495,0.6680380702018738,0.5822316408157349,-0.05562205985188484,0.6833015084266663,0.6308062672615051,-0.05066853389143944,0.6859942674636841,0.5219411849975586,-0.016363980248570442,0.6810489892959595,0.5171756148338318,-0.05102488771080971,0.699044406414032,0.5865838527679443,-0.043842997401952744,0.7070937752723694,0.6295856237411499,-0.027558226138353348,0.7231401801109314,0.5170232653617859,-0.02775486744940281,0.7111811637878418,0.5066328048706055,-0.04338570311665535,0.7197266221046448,0.5553434491157532,-0.03212311863899231,0.7255783081054688,0.5826972126960754,-0.0170083437114954
0.728761613368988,0.683371901512146,-5.539409926313965e-07,0.6691610813140869,0.6695055365562439,-0.013925241306424141,0.6225528717041016,0.6044102311134338,-0.02201930806040764,0.617963433265686,0.5298526287078857,-0.03255628049373627,0.6234192252159119,0.4678190350532532,-0.03978687897324562,0.615616500377655,0.5563197135925293,-0.0017081524711102247,0.5853182077407837,0.509199321269989,-0.03680896759033203,0.6104293465614319,0.5463380217552185,-0.05775177478790283,0.6356223821640015,0.5870146751403809,-0.0641835406422615,0.6505575776100159,0.5343846678733826,-0.005856653209775686,0.642081081867218,0.5160011649131775,-0.044134173542261124,0.6670598387718201,0.5804694890975952,-0.054067373275756836,0.6819943189620972,0.6291741728782654,-0.04985111579298973,0.6865758895874023,0.5221193432807922,-0.015396300703287125,0.6806707978248596,0.5190902352333069,-0.04902995005249977,0.6977510452270508,0.5865378379821777,-0.042781516909599304,0.7055648565292358,0.6297574043273926,-0.027537427842617035,0.7223811745643616,0.516175389289856,-0.02639026753604412,0.7098368406295776,0.5077779293060303,-0.04172263294458389,0.718601644039154,0.5559033751487732,-0.030999790877103806,0.7247747182846069,0.5838462114334106,-0.016515573486685753
0.728411853313446,0.6832146644592285,-5.547361183744215e-07,0.6690765619277954,0.66893070936203,-0.013966917060315609,0.623397171497345,0.6041631102561951,-0.022287365049123764,0.6188867688179016,0.5300814509391785,-0.03308245539665222,0.623657763004303,0.46848586201667786,-0.040593087673187256,0.6156190037727356,0.5560619235038757,-0.002040756866335869,0.5856982469558716,0.5087922811508179,-0.03742080554366112,0.610803484916687,0.5460779666900635,-0.0586102120578289,0.6358698606491089,0.5872060656547546,-0.0651247501373291,0.6505337953567505,0.5339159369468689,-0.006249714642763138,0.6424899101257324,0.516002357006073,-0.044632911682128906,0.6671527028083801,0.5806410908699036,-0.054791126400232315,0.6817547678947449,0.6300337314605713,-0.05074010789394379,0.6866730451583862,0.5216248631477356,-0.015832509845495224,0.6809276938438416,0.5195124745368958,-0.04958869516849518,0.6978745460510254,0.5870884656906128,-0.04356199875473976,0.7055090069770813,0.6309456825256348,-0.02843783050775528,0.7225989699363708,0.5158863067626953,-0.02683922089636326,0.7097521424293518,0.5079846978187561,-0.042197566479444504,0.7185084819793701,0.5560917854309082,-0.03142104297876358,0.724716067314148,0.5845087766647339,-0.016871310770511627
0.7272561192512512,0.679965615272522,-5.355688017516513e-07,0.6673752665519714,0.6646426320075989,-0.013216432183980942,0.6211422085762024,0.6010409593582153,-0.02116304077208042,0.6161718368530273,0.5271521806716919,-0.03200709819793701,0.6222506761550903,0.46546244621276855,-0.03940948471426964,0.614362895488739,0.5553114414215088,0.0010438484605401754,0.5833708047866821,0.5065582990646362,-0.035000380128622055,0.609484076499939,0.5433009266853333,-0.056850556284189224,0.6359096169471741,0.5836023092269897,-0.06367314606904984,0.6484047174453735,0.5341667532920837,-0.003448860254138708,0.639018714427948,0.5133686065673828,-0.04225817322731018,0.6656659841537476,0.57710862159729,-0.05244583636522293,0.6819421052932739,0.623601496219635,-0.04834631085395813,0.6841945648193359,0.521981954574585,-0.013574338518083096,0.6781198382377625,0.5131558179855347,-0.04746053367853165,0.6964061260223389,0.5807728171348572,-0.04068860784173012,0.7055705189704895,0.6239050030708313,-0.024937132373452187,0.7201629877090454,0.5156034827232361,-0.025255512446165085,0.7076912522315979,0.5040338039398193,-0.04067206382751465,0.7162237763404846,0.5520956516265869,-0.030005458742380142,0.7226990461349487,0.5800681710243225,-0.015524747781455517
0.7277228236198425,0.6800330877304077,-5.434024501482781e-07,0.6679482460021973,0.6661022901535034,-0.013598068617284298,0.6210495829582214,0.6006293296813965,-0.021627213805913925,0.6169034838676453,0.5261370539665222,-0.03246092423796654,0.6222070455551147,0.46496161818504333,-0.04001687467098236,0.6133769154548645,0.5544673204421997,0.00022248282039072365,0.583698034286499,0.505735456943512,-0.03564443811774254,0.6096143126487732,0.5426247715950012,-0.05744146555662155,0.635347843170166,0.5825013518333435,-0.06446092575788498,0.6480101346969604,0.532788097858429,-0.004387553781270981,0.6386587619781494,0.5112611055374146,-0.043721891939640045,0.6643653512001038,0.5765884518623352,-0.0543774738907814,0.6804457306861877,0.6256611943244934,-0.05042576417326927,0.6840630173683167,0.5203577280044556,-0.014597980305552483,0.6775041818618774,0.5139917135238647,-0.048888348042964935,0.6949824690818787,0.5830785632133484,-0.04277666658163071,0.7033947706222534,0.6275733709335327,-0.02743389457464218,0.7199212908744812,0.5141618847846985,-0.02632788009941578,0.7068101167678833,0.5050833225250244,-0.04188956320285797,0.7157268524169922,0.5540165901184082,-0.03139243274927139,0.7224338054656982,0.5820197463035583,-0.017141995951533318
0.7261908650398254,0.6821089386940002,-5.592409024757217e-07,0.6678946614265442,0.6695196628570557,-0.014367880299687386,0.6213453412055969,0.6029564142227173,-0.023062728345394135,0.6165205240249634,0.5275821089744568,-0.034093208611011505,0.6215819716453552,0.4659925699234009,-0.04185717552900314,0.6138231754302979,0.5551203489303589,-0.003282932797446847,0.5828797221183777,0.5080891847610474,-0.039454780519008636,0.6083717942237854,0.5440526008605957,-0.06117019057273865,0.6339238882064819,0.5839616060256958,-0.06807944923639297,0.648603618144989,0.5319972634315491,-0.007540159393101931,0.6389970779418945,0.5124644637107849,-0.04722752049565315,0.6644137501716614,0.579208254814148,-0.057329289615154266,0.6804665327072144,0.6308482885360718,-0.05297611281275749,0.6844136714935303,0.518973171710968,-0.017318109050393105,0.6778149604797363,0.5179184675216675,-0.051553793251514435,0.6950048804283142,0.586773157119751,-0.04541216418147087,0.7037206292152405,0.6319406628608704,-0.030215950682759285,0.7198311686515808,0.5127074718475342,-0.02864866703748703,0.7072093486785889,0.5102563500404358,-0.04378031566739082,0.7159854173660278,0.5589175820350647,-0.03353683277964592,0.7227837443351746,0.5864759087562561,-0.019667845219373703
0.7271395921707153,0.6821141839027405,-5.618573482024658e-07,0.6686567664146423,0.6687426567077637,-0.014458009041845798,0.6227557063102722,0.6020421385765076,-0.02298816852271557,0.6172594428062439,0.5262598395347595,-0.03374612703919411,0.621706485748291,0.4634082019329071,-0.04127674922347069,0.6147991418838501,0.5546020269393921,-0.0032591407652944326,0.5836398601531982,0.5084267854690552,-0.0386999249458313,0.6088929772377014,0.5447257161140442,-0.05986249819397926,0.6345140933990479,0.5847069025039673,-0.06643722206354141,0.6492873430252075,0.5320779085159302,-0.0070709604769945145,0.6399036645889282,0.5144010186195374,-0.045475952327251434,0.6649389863014221,0.5802021026611328,-0.05520519241690636,0.6808929443359375,0.6308493614196777,-0.0509810671210289,0.6849877834320068,0.5194786787033081,-0.01633594185113907,0.6784153580665588,0.5188034772872925,-0.04981399327516556,0.6952157616615295,0.5872504115104675,-0.04371742159128189,0.7040173411369324,0.6320899128913879,-0.028790757060050964,0.7205553650856018,0.5134184956550598,-0.02715161256492138,0.7074775695800781,0.5100025534629822,-0.04219035804271698,0.7158263921737671,0.5587161183357239,-0.03214371204376221,0.7225387096405029,0.5869805812835693,-0.0184525977820158
0.7263982892036438,0.6826267242431641,-5.534512865779107e-07,0.6684491634368896,0.6686235070228577,-0.014857259579002857,0.6231978535652161,0.6021438241004944,-0.0236371997743845,0.617759108543396,0.526449978351593,-0.03452202305197716,0.621660590171814,0.4636530876159668,-0.0422060564160347,0.6145734190940857,0.5547751188278198,-0.003944491036236286,0.5835049152374268,0.5089460611343384,-0.039911430329084396,0.6090244054794312,0.5449140667915344,-0.06162252649664879,0.6348773241043091,0.5850952863693237,-0.0685015618801117,0.6493753790855408,0.5319854617118835,-0.007607312873005867,0.6403571367263794,0.5149286389350891,-0.04637420177459717,0.6656408905982971,0.5805975794792175,-0.05636055767536163,0.6813773512840271,0.6310742497444153,-0.052340760827064514,0.6852980852127075,0.5192984938621521,-0.016738461330533028,0.6790549755096436,0.5184706449508667,-0.05039794743061066,0.6960954666137695,0.5867605209350586,-0.044205259531736374,0.7045910954475403,0.6314444541931152,-0.029245713725686073,0.7206781506538391,0.5134310722351074,-0.027467766776680946,0.7085673213005066,0.5102651715278625,-0.04268240928649902,0.7167630791664124,0.5589902400970459,-0.03260722756385803,0.722809374332428,0.587103545665741,-0.01884346827864647
0.726611852645874,0.6849523782730103,-5.423130460258108e-07,0.668671190738678,0.6699545979499817,-0.012895061634480953,0.6229427456855774,0.6046555042266846,-0.020394986495375633,0.6187008619308472,0.5292590260505676,-0.030576715245842934,0.6232739090919495,0.4669756293296814,-0.03755875304341316,0.6153323650360107,0.5586264133453369,-0.0002592153614386916,0.5821493268013,0.511211633682251,-0.03452927619218826,0.6050389409065247,0.5469332933425903,-0.0547780841588974,0.6303821206092834,0.5865254402160645,-0.06079597771167755,0.6495316624641418,0.5380414128303528,-0.004665485117584467,0.6384201049804688,0.5176904201507568,-0.0421348474919796,0.6631872653961182,0.5818369388580322,-0.05099640414118767,0.6797970533370972,0.6291636228561401,-0.0461401641368866,0.684695839881897,0.5269384980201721,-0.014549932442605495,0.6773924827575684,0.5209108591079712,-0.04699043557047844,0.6943456530570984,0.5885492563247681,-0.03973470255732536,0.7034580111503601,0.630530595779419,-0.024115372449159622,0.7201058268547058,0.5224120616912842,-0.02595757134258747,0.7073287963867188,0.5131824016571045,-0.03984636813402176,0.7145311832427979,0.561587393283844,-0.028887713328003883,0.7201016545295715,0.5887017846107483,-0.014704703353345394
0.7279360294342041,0.6845420598983765,-5.476877618093567e-07,0.6683399081230164,0.6699625849723816,-0.012676426209509373,0.6214895248413086,0.6055002808570862,-0.020549876615405083,0.6170070767402649,0.5309798121452332,-0.031251560896635056,0.6230887174606323,0.46916043758392334,-0.038689471781253815,0.6153209209442139,0.560430645942688,-0.0005150894285179675,0.5840682983398438,0.5109348893165588,-0.03484935313463211,0.608287513256073,0.5480585694313049,-0.05497673898935318,0.633156955242157,0.5876748561859131,-0.061041999608278275,0.6498521566390991,0.5403679013252258,-0.005347555503249168,0.6383277177810669,0.5167739987373352,-0.04286648705601692,0.6634365916252136,0.581070065498352,-0.051814377307891846,0.680227518081665,0.6286098957061768,-0.04707447811961174,0.6853437423706055,0.5289413928985596,-0.015560758300125599,0.6768983602523804,0.5203837156295776,-0.04798896238207817,0.693721354007721,0.5881502032279968,-0.04071259871125221,0.7030948400497437,0.6309464573860168,-0.02511579729616642,0.7212982773780823,0.5231837034225464,-0.027243906632065773,0.7060781121253967,0.5123140215873718,-0.04097995162010193,0.7137001752853394,0.5604446530342102,-0.02971189096570015,0.7204563021659851,0.5881155729293823,-0.015443911775946617
0.7283772230148315,0.6842395067214966,-5.578854143095668e-07,0.6698654890060425,0.6709873080253601,-0.012886466458439827,0.622663140296936,0.6063624024391174,-0.020728453993797302,0.6178189516067505,0.53179532289505,-0.0313008613884449,0.6224223375320435,0.4703253209590912,-0.038529735058546066,0.6147841811180115,0.5611137747764587,-0.0015167368110269308,0.583659827709198,0.5108240246772766,-0.036147590726614,0.6083520650863647,0.5492954254150391,-0.05620124563574791,0.6335585117340088,0.5897876024246216,-0.06215143948793411,0.6494594812393188,0.5405929684638977,-0.006351091433316469,0.6381718516349792,0.5171868801116943,-0.04394001513719559,0.6634472012519836,0.5823152661323547,-0.05256412550806999,0.6800415515899658,0.6293398141860962,-0.04765576124191284,0.6851378679275513,0.5289255380630493,-0.016587883234024048,0.6765986680984497,0.5202082395553589,-0.04862989857792854,0.693511962890625,0.5881344676017761,-0.04084780812263489,0.7023676633834839,0.6299847960472107,-0.0251238364726305,0.7211224436759949,0.5230891704559326,-0.028335662558674812,0.705985963344574,0.5124548077583313,-0.04142370447516441,0.7136456370353699,0.5606871247291565,-0.029712500050663948,0.7201094627380371,0.5873149037361145,-0.015325087122619152
0.726553201675415,0.6879895925521851,-5.480821982928319e-07,0.6659358143806458,0.6725586652755737,-0.012142041698098183,0.6206282377243042,0.6074283719062805,-0.020229240879416466,0.6163853406906128,0.5330191254615784,-0.03143680468201637,0.6199887990951538,0.4715741276741028,-0.03956099972128868,0.6125487685203552,0.5622250437736511,1.1688800441334024e-05,0.5830679535865784,0.5114452838897705,-0.03596491739153862,0.6083651781082153,0.5489405393600464,-0.0575445294380188,0.6339738965034485,0.5901684165000916,-0.06408637017011642,0.6471618413925171,0.5423126220703125,-0.0055307443253695965,0.6382021307945251,0.5160282850265503,-0.04437681660056114,0.6634064316749573,0.5816923379898071,-0.054262902587652206,0.6794887185096741,0.6316547393798828,-0.049795109778642654,0.6831620931625366,0.5305423140525818,-0.01648635044693947,0.6763395667076111,0.5200111269950867,-0.04980210214853287,0.6941564083099365,0.5883270502090454,-0.04273210093379021,0.7036136984825134,0.6320821046829224,-0.02696271985769272,0.7196462750434875,0.5244720578193665,-0.028859082609415054,0.7057363986968994,0.5114092826843262,-0.04292464628815651,0.7143339514732361,0.5592858195304871,-0.03126630187034607,0.7208287715911865,0.5873039960861206,-0.016480213031172752
0.7261115908622742,0.6886948943138123,-5.644345151267771e-07,0.6657048463821411,0.6717631220817566,-0.011207464151084423,0.6203857660293579,0.6056023836135864,-0.01880856417119503,0.6164466738700867,0.5313979387283325,-0.0297254491597414,0.620324432849884,0.47030290961265564,-0.03764248639345169,0.6120564937591553,0.5619873404502869,0.00044203028664924204,0.5827483534812927,0.5105857253074646,-0.035058509558439255,0.6078528165817261,0.5498772263526917,-0.05606718361377716,0.6332169771194458,0.5917245149612427,-0.062370747327804565,0.6467990279197693,0.5425111651420593,-0.00552433030679822,0.6374679803848267,0.5170322060585022,-0.043912533670663834,0.6632127165794373,0.5835817456245422,-0.05344562605023384,0.6796865463256836,0.6329851746559143,-0.04892892390489578,0.6830734014511108,0.5310100317001343,-0.01676897518336773,0.6758626103401184,0.5195306539535522,-0.049509938806295395,0.6934232115745544,0.5885904431343079,-0.04189375787973404,0.7023398280143738,0.6324154138565063,-0.02599979005753994,0.7197141647338867,0.5251572728157043,-0.02936483733355999,0.7051008343696594,0.5104029178619385,-0.04291808605194092,0.7135174870491028,0.5593520402908325,-0.03072277270257473,0.7200583219528198,0.5881770849227905,-0.01573740877211094
0.7259575724601746,0.6887130737304688,-5.700724727830675e-07,0.6655972003936768,0.6714679002761841,-0.011218496598303318,0.620371401309967,0.6055495142936707,-0.018923884257674217,0.6163256764411926,0.5312122702598572,-0.029956500977277756,0.6202021837234497,0.4698212742805481,-0.03796681761741638,0.6120896935462952,0.5616477131843567,0.0003775074437726289,0.5827019214630127,0.5103268623352051,-0.03514110669493675,0.6077536940574646,0.549837589263916,-0.05610404908657074,0.6331002712249756,0.5917640328407288,-0.062377091497182846,0.6467978954315186,0.5420829057693481,-0.005571506451815367,0.6372842192649841,0.5170708894729614,-0.04398806393146515,0.6631182432174683,0.5835345387458801,-0.053499024361371994,0.6797249913215637,0.6329197883605957,-0.048976968973875046,0.6830073595046997,0.530471682548523,-0.01680377684533596,0.6756545305252075,0.519871175289154,-0.049520574510097504,0.693356454372406,0.5887429118156433,-0.0419313870370388,0.702548086643219,0.6323330402374268,-0.026067407801747322,0.7197217345237732,0.5244771838188171,-0.029398180544376373,0.7049212455749512,0.5104273557662964,-0.04289662837982178,0.713409423828125,0.5591341257095337,-0.030806759372353554,0.7201276421546936,0.5876131653785706,-0.015923412516713142
0.7242745757102966,0.6872395277023315,-5.777047817900893e-07,0.6650066375732422,0.6715958714485168,-0.012497133575379848,0.6193038821220398,0.604905903339386,-0.02029014378786087,0.6152740716934204,0.5309106707572937,-0.03080594912171364,0.6202185750007629,0.46970194578170776,-0.037995804101228714,0.6120092272758484,0.5584011077880859,-0.0012835689121857285,0.5811782479286194,0.5107128620147705,-0.03525625169277191,0.6053151488304138,0.5485389828681946,-0.055490050464868546,0.6300452947616577,0.5900063514709473,-0.06170576065778732,0.6460660099983215,0.5365437865257263,-0.005953668151050806,0.6375465989112854,0.52099609375,-0.04335881397128105,0.6623030304908752,0.5853430032730103,-0.052955739200115204,0.6781834959983826,0.6350142955780029,-0.048975564539432526,0.681542158126831,0.523943305015564,-0.015832485631108284,0.6750450134277344,0.5228802561759949,-0.04701371118426323,0.6915060877799988,0.588732123374939,-0.040486689656972885,0.7001380920410156,0.6321097612380981,-0.026049979031085968,0.7171885371208191,0.5174183249473572,-0.027290569618344307,0.7035334706306458,0.5147839784622192,-0.04035358875989914,0.7111818194389343,0.5616563558578491,-0.029940569773316383,0.7175769209861755,0.5887207984924316,-0.016468821093440056
0.7234804630279541,0.6869797110557556,-5.624758614430903e-07,0.6644497513771057,0.6713152527809143,-0.012762658298015594,0.6191204190254211,0.6050928235054016,-0.020802035927772522,0.6149740219116211,0.5307157039642334,-0.03144117817282677,0.6204540729522705,0.4689660966396332,-0.03882570192217827,0.6120139360427856,0.5584676265716553,-0.0016459922771900892,0.5805700421333313,0.5115454196929932,-0.036037374287843704,0.604256272315979,0.5476446747779846,-0.056677449494600296,0.6290975213050842,0.5886428952217102,-0.0630389079451561,0.6460311412811279,0.5366209149360657,-0.00606666412204504,0.6367666125297546,0.5203438997268677,-0.04394838958978653,0.6614656448364258,0.5842725038528442,-0.053642578423023224,0.6776643991470337,0.6347155570983887,-0.04953862354159355,0.6814014315605164,0.5240055322647095,-0.015733862295746803,0.6748135685920715,0.5231977105140686,-0.04762251675128937,0.6914344429969788,0.5893112421035767,-0.04138408228754997,0.7004817724227905,0.6333876848220825,-0.0268230102956295,0.7169833183288574,0.5175216197967529,-0.02696906216442585,0.703833281993866,0.514962375164032,-0.040760286152362823,0.711187481880188,0.5619385242462158,-0.030816664919257164,0.7173445820808411,0.5895487070083618,-0.017458191141486168
0.722708523273468,0.6868472099304199,-5.625660151054035e-07,0.6637055277824402,0.6714164018630981,-0.01255629863590002,0.6187329292297363,0.6047033667564392,-0.020507153123617172,0.6150317192077637,0.5305303335189819,-0.031015828251838684,0.6206498146057129,0.469136506319046,-0.03832889720797539,0.6119832396507263,0.5582416653633118,-0.002116079442203045,0.580586850643158,0.5116177201271057,-0.03651093691587448,0.6042344570159912,0.5475541353225708,-0.057025495916604996,0.6290200352668762,0.5883932113647461,-0.06326036900281906,0.6461511850357056,0.5364841818809509,-0.006639709696173668,0.636792004108429,0.5203185081481934,-0.04468151926994324,0.6613852977752686,0.5844154357910156,-0.05430134758353233,0.6773882508277893,0.6350384950637817,-0.05004942789673805,0.6816434264183044,0.5239967107772827,-0.01632639765739441,0.6748769283294678,0.5237575769424438,-0.04848022386431694,0.6916022300720215,0.5902207493782043,-0.04220942407846451,0.7005096077919006,0.6343600153923035,-0.02749457210302353,0.717316746711731,0.5176435708999634,-0.02750656194984913,0.7038248181343079,0.515022873878479,-0.041407112032175064,0.7114893198013306,0.5623421669006348,-0.03126775473356247,0.7178620100021362,0.5899026393890381,-0.017708024010062218
0.725633442401886,0.6877171397209167,-5.559053875003883e-07,0.6657645106315613,0.6726069450378418,-0.012848068960011005,0.6200671792030334,0.6059442162513733,-0.020622842013835907,0.61662358045578,0.531805694103241,-0.03120921365916729,0.622528612613678,0.4705652892589569,-0.038531433790922165,0.6141040325164795,0.5601394772529602,-4.4619264372158796e-05,0.5826455950737,0.5117003321647644,-0.035687316209077835,0.6064585447311401,0.5491560697555542,-0.057073257863521576,0.631407618522644,0.5907907485961914,-0.06372183561325073,0.6486206650733948,0.5391563177108765,-0.0048758843913674355,0.638081431388855,0.5188707113265991,-0.04456980898976326,0.6623175144195557,0.5852959156036377,-0.05493299663066864,0.6779688596725464,0.6350795030593872,-0.050480879843235016,0.684167742729187,0.5273931622505188,-0.01519626472145319,0.6760483980178833,0.5241654515266418,-0.04896124079823494,0.6924006342887878,0.5921880006790161,-0.042671967297792435,0.7008275985717773,0.6344092488288879,-0.027219677343964577,0.719787061214447,0.521514356136322,-0.02700664848089218,0.7053911089897156,0.5162656307220459,-0.041319143027067184,0.7133171558380127,0.5634483695030212,-0.030650243163108826,0.7199391722679138,0.5883368849754333,-0.016431430354714394
0.7262981534004211,0.687522828578949,-5.51679192994925e-07,0.666405975818634,0.6732756495475769,-0.013066248036921024,0.6202692985534668,0.6063035726547241,-0.02072158455848694,0.6167259216308594,0.5321862101554871,-0.031136255711317062,0.6226031184196472,0.4710988402366638,-0.03811245039105415,0.6137662529945374,0.5605621933937073,0.00011659467418212444,0.5833441019058228,0.5110888481140137,-0.03528459370136261,0.6075351238250732,0.5489422082901001,-0.0562860444188118,0.6326480507850647,0.5907573103904724,-0.06262648850679398,0.6484277844429016,0.5391453504562378,-0.004524423275142908,0.6385599970817566,0.518775999546051,-0.043788038194179535,0.6628687977790833,0.5846852660179138,-0.0538245253264904,0.6788412928581238,0.633747398853302,-0.04917922988533974,0.6841234564781189,0.5271342396736145,-0.014689062722027302,0.6763253211975098,0.5238543152809143,-0.047797542065382004,0.6927525997161865,0.5915032029151917,-0.04114159941673279,0.7013213634490967,0.6330564022064209,-0.02562401443719864,0.7198446393013,0.5210922956466675,-0.026432199403643608,0.7058905959129333,0.516323983669281,-0.04008428379893303,0.713861882686615,0.5633105635643005,-0.029226141050457954,0.7204790711402893,0.5875489115715027,-0.014999772422015667
0.7261138558387756,0.6877641081809998,-5.527407438421506e-07,0.666450023651123,0.6735162734985352,-0.012878995388746262,0.6201032996177673,0.6066398024559021,-0.020486000925302505,0.6163135170936584,0.5325096845626831,-0.03093036636710167,0.6222612857818604,0.4714048206806183,-0.037985093891620636,0.6136385798454285,0.5604880452156067,0.0003896982525475323,0.5833954215049744,0.5110378265380859,-0.034968554973602295,0.6077414751052856,0.5486013293266296,-0.05604695528745651,0.6328349113464355,0.5902058482170105,-0.06247255951166153,0.6482674479484558,0.5391613841056824,-0.004420572891831398,0.6385852694511414,0.5186762809753418,-0.04363181069493294,0.6627873182296753,0.5845755338668823,-0.05379591882228851,0.678532063961029,0.6338605880737305,-0.049283597618341446,0.6840213537216187,0.5272025465965271,-0.014743444509804249,0.6763840317726135,0.5239009857177734,-0.04782344773411751,0.6926954388618469,0.591668963432312,-0.04126165062189102,0.7009548544883728,0.6333636045455933,-0.025863371789455414,0.719815194606781,0.5212141275405884,-0.02661929465830326,0.7060113549232483,0.5165165066719055,-0.040117282420396805,0.7138140201568604,0.5637414455413818,-0.029180720448493958,0.7201370596885681,0.5881257653236389,-0.014975201338529587
0.7253018617630005,0.6876829266548157,-5.579851176662487e-07,0.6658637523651123,0.6714203357696533,-0.012614049017429352,0.6205326318740845,0.6075242757797241,-0.02084978111088276,0.6161392331123352,0.53368079662323,-0.03194316849112511,0.6214805841445923,0.4725915193557739,-0.0397554486989975,0.6145133376121521,0.5613405704498291,-0.0007238179678097367,0.583429217338562,0.5129489302635193,-0.036163486540317535,0.6085414886474609,0.5501806139945984,-0.057204470038414,0.6338403820991516,0.5904240012168884,-0.06370672583580017,0.648758053779602,0.5406482219696045,-0.005698047578334808,0.6383624076843262,0.5206331014633179,-0.04499204084277153,0.6639367938041687,0.585162878036499,-0.05520862713456154,0.6800057291984558,0.63372403383255,-0.05105355754494667,0.6839547157287598,0.528184175491333,-0.01604318805038929,0.6761063933372498,0.5246827602386475,-0.049868881702423096,0.6930914521217346,0.5922185778617859,-0.04364994168281555,0.7015185952186584,0.6352115273475647,-0.028416601940989494,0.7195195555686951,0.5210376381874084,-0.027806052938103676,0.7047715783119202,0.5156716108322144,-0.042347509413957596,0.7130938172340393,0.5633946061134338,-0.03176083415746689,0.7196011543273926,0.5899852514266968,-0.01773083582520485
0.7252594232559204,0.6871463060379028,-5.57065334305662e-07,0.6661939024925232,0.6712324619293213,-0.012685800902545452,0.6213855743408203,0.6068623661994934,-0.02076682448387146,0.6168566346168518,0.5330545902252197,-0.03162606805562973,0.6216953992843628,0.4717852473258972,-0.03926658630371094,0.6147368550300598,0.5610499382019043,-0.00097939046099782,0.5843163728713989,0.512811541557312,-0.03611143305897713,0.6092737317085266,0.55020672082901,-0.0569138266146183,0.6342305541038513,0.5905339121818542,-0.0632607489824295,0.648884654045105,0.5404362678527832,-0.0057573094964027405,0.6390722393989563,0.5216163396835327,-0.04442578926682472,0.6643301844596863,0.5856700539588928,-0.05448591336607933,0.6800777912139893,0.6338397860527039,-0.05041031911969185,0.6841158270835876,0.5281726121902466,-0.015866979956626892,0.6765864491462708,0.5257514715194702,-0.04929973557591438,0.693437933921814,0.5927463173866272,-0.04325255751609802,0.701630711555481,0.6355642676353455,-0.028299657627940178,0.7196160554885864,0.521370530128479,-0.027375603094697,0.7050879001617432,0.5159421563148499,-0.041920196264982224,0.7133050560951233,0.5637456178665161,-0.03147303685545921,0.7196228504180908,0.5909060835838318,-0.01756892167031765
0.7249603867530823,0.6864289045333862,-5.508760523298406e-07,0.6661902070045471,0.6709012389183044,-0.0127548947930336,0.6214015483856201,0.6064191460609436,-0.02078402228653431,0.6170831918716431,0.5330504775047302,-0.03150688484311104,0.6220974922180176,0.472085177898407,-0.039036739617586136,0.6147216558456421,0.5611086487770081,-0.0013991432497277856,0.5843551754951477,0.5129392743110657,-0.036283813416957855,0.6091396808624268,0.549842894077301,-0.05697185546159744,0.6340276598930359,0.5900576114654541,-0.06327130645513535,0.6487642526626587,0.540435254573822,-0.006036993581801653,0.6394447088241577,0.521629810333252,-0.04437931627035141,0.66416335105896,0.5853032469749451,-0.05435505509376526,0.6793656945228577,0.6335384249687195,-0.05029624328017235,0.6838740706443787,0.5282166600227356,-0.015952318906784058,0.6770142316818237,0.5258609056472778,-0.04907090589404106,0.6935473680496216,0.5924432873725891,-0.04311385378241539,0.7013676762580872,0.6350898742675781,-0.028315940871834755,0.7191906571388245,0.5214989185333252,-0.027266941964626312,0.7054652571678162,0.5158442258834839,-0.04169359430670738,0.7135694622993469,0.5636433362960815,-0.0313236340880394,0.719601571559906,0.5908812284469604,-0.017499342560768127
0.7250337600708008,0.6844696402549744,-5.596263576990168e-07,0.6667505502700806,0.666759729385376,-0.012031029909849167,0.6240073442459106,0.6030357480049133,-0.02020459622144699,0.6200460195541382,0.5308048725128174,-0.031236741691827774,0.6226040124893188,0.47083422541618347,-0.0391424298286438,0.6158808469772339,0.5571269392967224,-0.0006702919490635395,0.5852065682411194,0.5112305283546448,-0.03555169701576233,0.6089769005775452,0.5493888854980469,-0.05636667087674141,0.6338716149330139,0.5898615121841431,-0.06274637579917908,0.650016188621521,0.5363316535949707,-0.00588104035705328,0.6395299434661865,0.51808100938797,-0.043282777070999146,0.662900984287262,0.5818973183631897,-0.053128164261579514,0.6784399747848511,0.6299725770950317,-0.04926849529147148,0.685549795627594,0.5248466730117798,-0.016299987211823463,0.6765950918197632,0.5226467847824097,-0.04871726036071777,0.6928229928016663,0.5893232822418213,-0.04236089438199997,0.7016143202781677,0.6313366889953613,-0.02749316208064556,0.7214797735214233,0.5195224285125732,-0.028058983385562897,0.7045174837112427,0.5137708187103271,-0.0420362614095211,0.7127726674079895,0.5609742403030396,-0.031133264303207397,0.720367968082428,0.5872765779495239,-0.017032891511917114
0.7233428955078125,0.684451162815094,-5.523805839402485e-07,0.6642860174179077,0.6652788519859314,-0.011369195766746998,0.6221555471420288,0.6003556251525879,-0.01912377029657364,0.6193553805351257,0.5284409523010254,-0.029708456248044968,0.6233332753181458,0.46851062774658203,-0.03740372881293297,0.6161335110664368,0.5551658868789673,-0.000931316229980439,0.5844730138778687,0.5124659538269043,-0.03560219332575798,0.6079363226890564,0.5491196513175964,-0.05692069232463837,0.6331591010093689,0.5905923843383789,-0.06359867006540298,0.6501970887184143,0.5341732501983643,-0.006065148860216141,0.6400455236434937,0.5193414092063904,-0.043131351470947266,0.6634224057197571,0.5824971199035645,-0.0531747080385685,0.6787121295928955,0.6324098110198975,-0.04959073290228844,0.6856297850608826,0.5227395296096802,-0.016235698014497757,0.6772279739379883,0.5234907865524292,-0.04795321449637413,0.6936418414115906,0.5895765423774719,-0.041663434356451035,0.7024639248847961,0.6332784295082092,-0.027044987305998802,0.7210320830345154,0.5182895660400391,-0.027743196114897728,0.7059105634689331,0.5157722234725952,-0.04127010330557823,0.7133037447929382,0.5631201267242432,-0.030425986275076866,0.7197799682617188,0.5909226536750793,-0.016380228102207184
0.7231902480125427,0.6847723722457886,-5.494028982866439e-07,0.6646888852119446,0.6649001240730286,-0.011043364182114601,0.6227470636367798,0.5999696850776672,-0.01848624087870121,0.6196826696395874,0.5280448198318481,-0.02881123498082161,0.6241940259933472,0.4674604535102844,-0.03620695695281029,0.6165710091590881,0.5547066330909729,2.9325083232834004e-05,0.5845212936401367,0.5119765996932983,-0.034424830228090286,0.6072178483009338,0.5490434765815735,-0.05534521862864494,0.6318413019180298,0.5908710956573486,-0.061630960553884506,0.6506070494651794,0.5342071056365967,-0.005096224136650562,0.6392571926116943,0.5186501145362854,-0.04195493087172508,0.662676990032196,0.5819323658943176,-0.051709726452827454,0.6782087087631226,0.6312512755393982,-0.04778597876429558,0.6860237121582031,0.5232040286064148,-0.015287339687347412,0.6770666241645813,0.5228813886642456,-0.047144923359155655,0.6935433149337769,0.5893989205360413,-0.04089910909533501,0.702495813369751,0.6329354643821716,-0.0261152945458889,0.7216280102729797,0.5188992023468018,-0.026739975437521935,0.7059974670410156,0.515133798122406,-0.04040432348847389,0.7133046388626099,0.5624822974205017,-0.029686374589800835,0.7198072075843811,0.5901787281036377,-0.015615026466548443
0.7259584665298462,0.6827952265739441,-5.203933142183814e-07,0.6655008792877197,0.6657053232192993,-0.011771630495786667,0.6207560300827026,0.6029518842697144,-0.01908891275525093,0.616367757320404,0.5308352112770081,-0.02919141761958599,0.623762845993042,0.46964389085769653,-0.03602202236652374,0.6141970157623291,0.5557184219360352,0.0012194140581414104,0.5851333141326904,0.5089622139930725,-0.03399251028895378,0.6101560592651367,0.5454447865486145,-0.05535361170768738,0.6354842782020569,0.5872614979743958,-0.0617184191942215,0.6483147144317627,0.5347809195518494,-0.003256574971601367,0.6390939950942993,0.5155177712440491,-0.04068489000201225,0.6642502546310425,0.5783474445343018,-0.05064624175429344,0.6801618933677673,0.6261434555053711,-0.04660777002573013,0.6835294365882874,0.5230299830436707,-0.013026287779211998,0.6772836446762085,0.5182814002037048,-0.04590821638703346,0.6935933828353882,0.5844221115112305,-0.039942122995853424,0.7020527720451355,0.6278053522109985,-0.02493509277701378,0.7188649773597717,0.5178682208061218,-0.024111751466989517,0.7062602043151855,0.5106637477874756,-0.03888171538710594,0.7138057947158813,0.5579925179481506,-0.028704270720481873,0.719813346862793,0.5863552689552307,-0.014613733626902103
0.7261155843734741,0.6821528673171997,-5.362182378121361e-07,0.6657636165618896,0.6666707992553711,-0.012331822887063026,0.6208022832870483,0.601974606513977,-0.02018764056265354,0.6176376938819885,0.5290082693099976,-0.030854027718305588,0.6238512396812439,0.46853387355804443,-0.038171350955963135,0.6132839322090149,0.5564016103744507,-0.00040255195926874876,0.5847514867782593,0.5072717070579529,-0.03571505472064018,0.6102103590965271,0.5448907017707825,-0.05691012740135193,0.6357351541519165,0.5862427949905396,-0.06343037635087967,0.6476626992225647,0.5352162718772888,-0.005339523311704397,0.6397900581359863,0.5140411853790283,-0.04349217563867569,0.664149284362793,0.578153133392334,-0.053482454270124435,0.6796966195106506,0.6268718838691711,-0.04934237524867058,0.6831528544425964,0.5233467221260071,-0.015597072429955006,0.6770578026771545,0.5193009972572327,-0.04817889258265495,0.6931760311126709,0.5854243040084839,-0.04195332154631615,0.7013587951660156,0.6278381943702698,-0.027006151154637337,0.7188165783882141,0.5175382494926453,-0.027284130454063416,0.7054568529129028,0.5107339024543762,-0.04121047630906105,0.7135996222496033,0.5574159026145935,-0.03044927679002285,0.720249354839325,0.5839413404464722,-0.01630592532455921
0.7264785766601562,0.6819552779197693,-5.406865284385276e-07,0.6661058664321899,0.6672024726867676,-0.01237011980265379,0.6208944320678711,0.602338433265686,-0.020381974056363106,0.6178431510925293,0.5291920304298401,-0.03113221935927868,0.6238608956336975,0.4690718650817871,-0.03856930509209633,0.6127620935440063,0.5564582943916321,-0.0014840234071016312,0.5848623514175415,0.5072178840637207,-0.036921221762895584,0.6107614040374756,0.5451300740242004,-0.05814562365412712,0.6361178159713745,0.5866224765777588,-0.06477963179349899,0.6473725438117981,0.5351492762565613,-0.0065267025493085384,0.6400132775306702,0.5130264759063721,-0.0449361726641655,0.6649407148361206,0.5780521631240845,-0.05481494963169098,0.6801374554634094,0.627517580986023,-0.0506230965256691,0.6829794049263,0.5232136845588684,-0.01681577041745186,0.6776870489120483,0.5186883807182312,-0.04943229258060455,0.6940779089927673,0.5856230854988098,-0.04286063089966774,0.701607346534729,0.628533124923706,-0.02777465246617794,0.7185744643211365,0.517612099647522,-0.028535164892673492,0.7064988613128662,0.5104919075965881,-0.04225301742553711,0.7146909832954407,0.5577772259712219,-0.031173868104815483,0.7205620408058167,0.5845848917961121,-0.016942767426371574
0.7249898314476013,0.6834847331047058,-5.632344937112066e-07,0.6642818450927734,0.6666055917739868,-0.01185002364218235,0.6187884211540222,0.6008790731430054,-0.019266581162810326,0.6154341101646423,0.5279852747917175,-0.02970365434885025,0.6207689046859741,0.4678902328014374,-0.03696737065911293,0.6134382486343384,0.5536529421806335,0.0012294008629396558,0.5839406251907349,0.5083720684051514,-0.03340964764356613,0.6083882451057434,0.5461782813072205,-0.05467884615063667,0.6338342428207397,0.5870782136917114,-0.061495691537857056,0.6469541192054749,0.531691312789917,-0.003906917758285999,0.638042688369751,0.5163891911506653,-0.04172583296895027,0.6623711585998535,0.5807334184646606,-0.05235721915960312,0.6787638068199158,0.6306886672973633,-0.048827096819877625,0.6819300651550293,0.5193344354629517,-0.014393409714102745,0.6755477786064148,0.52051842212677,-0.04606790095567703,0.6913301348686218,0.5866612792015076,-0.04053378477692604,0.6997653245925903,0.6304024457931519,-0.026426775380969048,0.7168246507644653,0.5137225985527039,-0.026423249393701553,0.7032220959663391,0.5130261182785034,-0.039616458117961884,0.7107253670692444,0.5595287680625916,-0.029553811997175217,0.7172050476074219,0.5862410068511963,-0.016172433272004128
0.7243654727935791,0.6838780641555786,-5.572190389102616e-07,0.6639883518218994,0.665885865688324,-0.012027667835354805,0.6193236112594604,0.6007815003395081,-0.01965251751244068,0.6158291101455688,0.5278784036636353,-0.030268248170614243,0.6210635900497437,0.4674018919467926,-0.037676483392715454,0.6137831211090088,0.5551900863647461,0.0010666962480172515,0.5840910077095032,0.5078064203262329,-0.033680737018585205,0.6080302596092224,0.5458395481109619,-0.05486811324954033,0.632738471031189,0.5875461101531982,-0.06154532730579376,0.6473501920700073,0.5339027047157288,-0.003882970893755555,0.6378617286682129,0.5170203447341919,-0.041725996881723404,0.6622570753097534,0.581032931804657,-0.05224822089076042,0.6784761548042297,0.6306953430175781,-0.04865911230444908,0.6823214292526245,0.5216273665428162,-0.01418223511427641,0.6750044226646423,0.5200340747833252,-0.046267297118902206,0.6909440159797668,0.5863882303237915,-0.04052828997373581,0.699694037437439,0.630495548248291,-0.026126423850655556,0.7173490524291992,0.5157538056373596,-0.025992315262556076,0.7026748061180115,0.512303352355957,-0.03997794911265373,0.7099795341491699,0.5595623254776001,-0.02996748872101307,0.7165964245796204,0.5877951383590698,-0.01641649752855301
0.7244015336036682,0.6839702129364014,-5.581300115409249e-07,0.6641860604286194,0.6659994125366211,-0.012142324820160866,0.6197495460510254,0.6008585691452026,-0.019765587523579597,0.6161481738090515,0.5278493165969849,-0.03035222552716732,0.6210636496543884,0.46732819080352783,-0.03770547732710838,0.6138724684715271,0.5552546977996826,0.000988072482869029,0.5841242074966431,0.5077547430992126,-0.03376302123069763,0.6081122756004333,0.5458419322967529,-0.05487929284572601,0.6328960061073303,0.587561845779419,-0.06149701029062271,0.6474279165267944,0.5338546633720398,-0.00387506908737123,0.6379029154777527,0.5170348882675171,-0.04173433780670166,0.6623871326446533,0.5810712575912476,-0.052155185490846634,0.6787016987800598,0.6305942535400391,-0.04848586395382881,0.6824139356613159,0.5215640664100647,-0.014106710441410542,0.6751194000244141,0.5201590061187744,-0.046243954449892044,0.6910621523857117,0.586509108543396,-0.040447261184453964,0.6998983025550842,0.6304409503936768,-0.025990182533860207,0.7174903154373169,0.5157191753387451,-0.02585991658270359,0.7028621435165405,0.5122287273406982,-0.039879538118839264,0.7101701498031616,0.5594214797019958,-0.02987850457429886,0.7168459892272949,0.5875074863433838,-0.016325434669852257
0.7235009670257568,0.6821317672729492,-5.372847908802214e-07,0.6623350977897644,0.6638303399085999,-0.011938855051994324,0.6174255013465881,0.601379930973053,-0.01974208652973175,0.6128870248794556,0.5280824899673462,-0.030822530388832092,0.6202189922332764,0.4664453864097595,-0.03860362619161606,0.6133036017417908,0.5581142902374268,0.0024824996944516897,0.5814130902290344,0.5078649520874023,-0.03279143199324608,0.6046512126922607,0.5443910956382751,-0.053947459906339645,0.6290033459663391,0.5849030613899231,-0.060361627489328384,0.6471144556999207,0.5377098321914673,-0.002602207940071821,0.6347864866256714,0.5158668756484985,-0.04087870940566063,0.65952068567276,0.5787370204925537,-0.05096384510397911,0.6761161684989929,0.6254147887229919,-0.046855419874191284,0.6823626756668091,0.5254010558128357,-0.013214697130024433,0.672075092792511,0.5171732306480408,-0.046500008553266525,0.688898503780365,0.584037184715271,-0.0398738868534565,0.699028491973877,0.6269301772117615,-0.024292100220918655,0.7185181975364685,0.518589437007904,-0.025289401412010193,0.7016400098800659,0.5082640051841736,-0.03966188058257103,0.7085313200950623,0.5552971959114075,-0.02887057699263096,0.7153110504150391,0.583497166633606,-0.014574672095477581
0.7234481573104858,0.6817956566810608,-5.463600700750249e-07,0.6640122532844543,0.6649340987205505,-0.01276025827974081,0.6189234256744385,0.602033257484436,-0.021211866289377213,0.6140288710594177,0.5285326242446899,-0.03268084675073624,0.6195831894874573,0.46654266119003296,-0.04079729691147804,0.6122336983680725,0.5580594539642334,0.0002757481415756047,0.5815088152885437,0.5071043968200684,-0.03550787642598152,0.6056880950927734,0.5446483492851257,-0.05677470564842224,0.6301940083503723,0.5854364037513733,-0.06331916153430939,0.6463098526000977,0.5376959443092346,-0.004754570312798023,0.635106086730957,0.5142375826835632,-0.043748851865530014,0.6599369645118713,0.5785018801689148,-0.05379870906472206,0.6760355234146118,0.626128077507019,-0.049546584486961365,0.6819149255752563,0.5255275368690491,-0.015297149308025837,0.6726434230804443,0.516636312007904,-0.04891393706202507,0.6893004775047302,0.5844516158103943,-0.04206392914056778,0.6983173489570618,0.6273421049118042,-0.026372898370027542,0.7183742523193359,0.5189653038978577,-0.027321020141243935,0.701841413974762,0.5078609585762024,-0.04170292243361473,0.7092319130897522,0.555513858795166,-0.030564166605472565,0.7158357501029968,0.5831443071365356,-0.016150813549757004
0.7243623733520508,0.6785315275192261,-5.442539077193942e-07,0.6639256477355957,0.6644951701164246,-0.01357466634362936,0.6179317831993103,0.5998035669326782,-0.021817222237586975,0.6148699522018433,0.5254915952682495,-0.03274920582771301,0.6207084059715271,0.4645827114582062,-0.040309272706508636,0.6109544038772583,0.5559381246566772,-0.0011204795446246862,0.5817038416862488,0.5045180320739746,-0.03620050475001335,0.6061933636665344,0.543289065361023,-0.05683767795562744,0.6303547620773315,0.5843338370323181,-0.06321077048778534,0.6457683444023132,0.5347080826759338,-0.005759325809776783,0.6353544592857361,0.5109720230102539,-0.04389764741063118,0.6604233384132385,0.5756681561470032,-0.053445082157850266,0.6767054796218872,0.6234558820724487,-0.04902135953307152,0.6815974116325378,0.5220171213150024,-0.01586500182747841,0.6729238629341125,0.5137794017791748,-0.04833752289414406,0.6903345584869385,0.5801162123680115,-0.041171133518218994,0.6994220018386841,0.6219558119773865,-0.025677911937236786,0.7175745368003845,0.5149341821670532,-0.02758336439728737,0.701813817024231,0.5046723484992981,-0.041612204164266586,0.7105851173400879,0.5513719916343689,-0.03042932040989399,0.7176848649978638,0.5777279734611511,-0.016073912382125854
0.7240928411483765,0.6787036061286926,-5.463892875923193e-07,0.6633036732673645,0.6642741560935974,-0.013383801095187664,0.6174560189247131,0.5985351800918579,-0.0216695386916399,0.6148738861083984,0.5239841341972351,-0.03274863585829735,0.620752215385437,0.46313172578811646,-0.04050073400139809,0.6110318899154663,0.5551154017448425,-0.0010034652659669518,0.5819454193115234,0.5040437579154968,-0.03622444346547127,0.6060854196548462,0.5429284572601318,-0.05691973865032196,0.6299914121627808,0.5838499069213867,-0.06330916285514832,0.6461020708084106,0.5346249938011169,-0.0059352172538638115,0.635204553604126,0.5092189311981201,-0.04485651105642319,0.6600481867790222,0.5749329924583435,-0.05464927479624748,0.6762644052505493,0.6239349842071533,-0.05005979537963867,0.6819827556610107,0.5224142670631409,-0.016324961557984352,0.6730296015739441,0.5139714479446411,-0.049448128789663315,0.6903574466705322,0.5815428495407104,-0.04246053099632263,0.6991674304008484,0.6241803169250488,-0.02676238864660263,0.7178438305854797,0.5159289240837097,-0.0282693263143301,0.7021307349205017,0.5054537057876587,-0.04219094663858414,0.7104941606521606,0.5524789094924927,-0.030840905383229256,0.7170514464378357,0.5790880918502808,-0.01637486182153225
0.7242031097412109,0.6787509918212891,-5.481392122419493e-07,0.6632651686668396,0.6644793748855591,-0.013535621576011181,0.6174625754356384,0.5990060567855835,-0.021883636713027954,0.6148152351379395,0.5245334506034851,-0.03298698365688324,0.6207363605499268,0.4637361168861389,-0.04075021296739578,0.6112033724784851,0.5553086400032043,-0.0011774655431509018,0.5820163488388062,0.5040355920791626,-0.03645002841949463,0.6061229705810547,0.5429837703704834,-0.057174213230609894,0.6300158500671387,0.5841047763824463,-0.0635717511177063,0.6461982727050781,0.534805953502655,-0.005987965036183596,0.6353076100349426,0.5099338293075562,-0.0448862724006176,0.6602609157562256,0.5754678845405579,-0.054696690291166306,0.6765751838684082,0.6243309378623962,-0.05016962066292763,0.6820313930511475,0.5225405693054199,-0.01626673899590969,0.6730806231498718,0.51417076587677,-0.04947493597865105,0.6904458999633789,0.5815885663032532,-0.042579129338264465,0.6993935108184814,0.6242972016334534,-0.026946045458316803,0.7178888320922852,0.5159156322479248,-0.028104376047849655,0.7020778059959412,0.5054542422294617,-0.04230450466275215,0.7104633450508118,0.5525652170181274,-0.03111584112048149,0.7171410322189331,0.5795286893844604,-0.016702400520443916
0.7246996760368347,0.6771227121353149,-5.465667527460027e-07,0.6653134226799011,0.6595326066017151,-0.011721636168658733,0.6205421686172485,0.5968948602676392,-0.020123232156038284,0.6159341931343079,0.5225762724876404,-0.031684380024671555,0.6214434504508972,0.46034377813339233,-0.04002435877919197,0.6128374338150024,0.5517389178276062,-0.000940939411520958,0.5834745168685913,0.5008656978607178,-0.03588608279824257,0.6078466773033142,0.5398030281066895,-0.05631500855088234,0.6313649415969849,0.5806252956390381,-0.0626017302274704,0.6471751928329468,0.5323757529258728,-0.006685781758278608,0.6348036527633667,0.505803108215332,-0.04452759400010109,0.6600610613822937,0.5694344639778137,-0.05390097200870514,0.6765580773353577,0.6174173355102539,-0.04956291988492012,0.6827137470245361,0.5208490490913391,-0.017617302015423775,0.6728969812393188,0.5098781585693359,-0.04964830353856087,0.6897936463356018,0.575814425945282,-0.04230436310172081,0.6989837288856506,0.6187791228294373,-0.02682552859187126,0.7190966010093689,0.5146763324737549,-0.029980838298797607,0.7021638751029968,0.5014826655387878,-0.04309097304940224,0.7090412378311157,0.5474258065223694,-0.031567662954330444,0.7152188420295715,0.5754175186157227,-0.017321789637207985
0.7239090204238892,0.6780946254730225,-5.477489821714698e-07,0.6645787358283997,0.6597537994384766,-0.012095458805561066,0.620704710483551,0.5956813097000122,-0.02047419361770153,0.6167066097259521,0.5219114422798157,-0.031907156109809875,0.6202521920204163,0.46031397581100464,-0.04012860730290413,0.6130270957946777,0.5506093502044678,-0.0009647017577663064,0.5833789110183716,0.5001627802848816,-0.03615656867623329,0.6073053479194641,0.5386002659797668,-0.05696714296936989,0.631345272064209,0.5805866718292236,-0.06329499930143356,0.6473379135131836,0.5308459997177124,-0.00651334086433053,0.6352997422218323,0.5056456327438354,-0.04429418966174126,0.6597972512245178,0.5688268542289734,-0.054035067558288574,0.6765130162239075,0.6180074214935303,-0.049929842352867126,0.6828481554985046,0.5192087888717651,-0.01733994297683239,0.6733896136283875,0.5102477669715881,-0.04940794035792351,0.6899327635765076,0.5765692591667175,-0.042499691247940063,0.6994426846504211,0.6202640533447266,-0.02729782462120056,0.7191592454910278,0.5133688449859619,-0.0296462569385767,0.7025027275085449,0.5015352368354797,-0.04302417114377022,0.7092713117599487,0.5478792786598206,-0.031765010207891464,0.7155576944351196,0.5762326121330261,-0.017617523670196533
0.7240590453147888,0.6788620352745056,-5.439194978862361e-07,0.663963794708252,0.6594902276992798,-0.011905398219823837,0.6199681758880615,0.5968527793884277,-0.020185615867376328,0.615434467792511,0.5233961343765259,-0.0315273143351078,0.6194584965705872,0.4617171585559845,-0.03967062756419182,0.6134830713272095,0.5498220324516296,-0.00010225020378129557,0.582896888256073,0.5012792944908142,-0.03497399017214775,0.6069188117980957,0.5385111570358276,-0.05592519789934158,0.6314171552658081,0.579789400100708,-0.062375862151384354,0.6475643515586853,0.53004390001297,-0.00545065151527524,0.6349936723709106,0.5067965388298035,-0.04266176000237465,0.659460723400116,0.568996012210846,-0.052501797676086426,0.6764784455299377,0.6182969212532043,-0.04863548278808594,0.6827532649040222,0.5182615518569946,-0.016086852177977562,0.6727088093757629,0.511299729347229,-0.04790407046675682,0.6893150806427002,0.5771955847740173,-0.04146714136004448,0.6995391845703125,0.6213696002960205,-0.02663332037627697,0.7188602089881897,0.5124074220657349,-0.028216993436217308,0.7021662592887878,0.5029694437980652,-0.04183660447597504,0.7084212303161621,0.5494076013565063,-0.03127739205956459,0.7145044803619385,0.5784077644348145,-0.01756531000137329
0.7261477112770081,0.6724327206611633,-5.305612376105273e-07,0.6664385199546814,0.65756756067276,-0.012160773389041424,0.6195828318595886,0.5952202081680298,-0.020319493487477303,0.6161023378372192,0.5211501717567444,-0.031509775668382645,0.6239544749259949,0.4600811302661896,-0.03956271708011627,0.6134893894195557,0.5479205250740051,-7.188379095168784e-05,0.5840355157852173,0.4979419708251953,-0.034886207431554794,0.6073734164237976,0.534522533416748,-0.05559845641255379,0.6319690942764282,0.57443767786026,-0.06203804165124893,0.6479355096817017,0.5283173322677612,-0.005422510672360659,0.6360829472541809,0.5016266107559204,-0.04377813637256622,0.6603574752807617,0.5662277340888977,-0.053374018520116806,0.6774144172668457,0.615047037601471,-0.04877854138612747,0.6835837364196777,0.5168517231941223,-0.016092369332909584,0.6743179559707642,0.5056962370872498,-0.04938264191150665,0.6906828284263611,0.5731882452964783,-0.04272027686238289,0.7004480361938477,0.6169003844261169,-0.027189044281840324,0.7198150753974915,0.5107385516166687,-0.028126418590545654,0.703496515750885,0.4982910752296448,-0.042731523513793945,0.7097855806350708,0.5461589097976685,-0.031945016235113144,0.7160925269126892,0.5752524137496948,-0.017793092876672745
0.7252047061920166,0.6709610819816589,-5.425715698947897e-07,0.6658927798271179,0.6560693383216858,-0.012625182047486305,0.619899332523346,0.5927754044532776,-0.021136192604899406,0.6166017055511475,0.5187109112739563,-0.032427120953798294,0.6231435537338257,0.4582310914993286,-0.040517307817935944,0.6133339405059814,0.5458835959434509,-0.0015982702607288957,0.5840336680412292,0.4977155029773712,-0.03620508685708046,0.6075357794761658,0.5357875227928162,-0.05665675923228264,0.6317816376686096,0.5760261416435242,-0.0630793645977974,0.6480157971382141,0.526025652885437,-0.006801523733884096,0.6355690956115723,0.5004578232765198,-0.045028816908597946,0.6598333120346069,0.5654454827308655,-0.05454537272453308,0.6769644618034363,0.6151248216629028,-0.05005687475204468,0.6835900545120239,0.5144401788711548,-0.017253747209906578,0.6737629175186157,0.5061459541320801,-0.05012138932943344,0.6901219487190247,0.5732899308204651,-0.043531399220228195,0.6997690200805664,0.6169368624687195,-0.02827569656074047,0.71950364112854,0.5085288286209106,-0.029093731194734573,0.702544629573822,0.4987860321998596,-0.04307103529572487,0.709820568561554,0.5463536977767944,-0.03223828598856926,0.717014729976654,0.5744113326072693,-0.018323106691241264
0.7249584197998047,0.6718400716781616,-5.353073220248916e-07,0.6651930809020996,0.6571440100669861,-0.012504886835813522,0.6194821000099182,0.5929390788078308,-0.02059459686279297,0.6165704727172852,0.5192111730575562,-0.03149177506566048,0.6229917407035828,0.459349662065506,-0.03925390914082527,0.6132437586784363,0.5457413792610168,-0.0007870312547311187,0.5844529271125793,0.4980728328227997,-0.03541944921016693,0.6081683039665222,0.5355448126792908,-0.05618390068411827,0.6328752636909485,0.5757928490638733,-0.0626968964934349,0.6480339765548706,0.5259772539138794,-0.005886147264391184,0.6363162398338318,0.5003579258918762,-0.04417412728071213,0.65972501039505,0.5651121735572815,-0.054071348160505295,0.6766582727432251,0.6156637072563171,-0.0496721975505352,0.683693528175354,0.5144428610801697,-0.01626771129667759,0.6743102669715881,0.5065229535102844,-0.04932442307472229,0.6901031136512756,0.5737623572349548,-0.04326360300183296,0.6997339725494385,0.6182336211204529,-0.028147121891379356,0.7194686532020569,0.5087957382202148,-0.028014138340950012,0.7030169367790222,0.49966225028038025,-0.04228048771619797,0.7100387215614319,0.5473242402076721,-0.031722985208034515,0.7171870470046997,0.5759124159812927,-0.017795126885175705
0.7268636226654053,0.6695271730422974,-5.204252602197812e-07,0.6675689816474915,0.6548342704772949,-0.012175067327916622,0.6219732761383057,0.5928266048431396,-0.02005234733223915,0.6179574131965637,0.5196851491928101,-0.030773626640439034,0.6227110028266907,0.4600401222705841,-0.03853399679064751,0.6172376275062561,0.54559725522995,-0.0011696894653141499,0.5887492299079895,0.495613157749176,-0.033908601850271225,0.6114761829376221,0.5311833024024963,-0.05354467034339905,0.6348962783813477,0.5709155201911926,-0.05974424630403519,0.6512699723243713,0.5265211462974548,-0.006025317125022411,0.6408299207687378,0.5021839737892151,-0.042356353253126144,0.664562463760376,0.5634024143218994,-0.05221337825059891,0.6800753474235535,0.6121541857719421,-0.048597607761621475,0.685985267162323,0.5150895714759827,-0.015821214765310287,0.678413987159729,0.5056469440460205,-0.0474548302590847,0.6948142647743225,0.56960129737854,-0.0418005995452404,0.7033364772796631,0.6136540770530701,-0.027680622413754463,0.720953106880188,0.5084810256958008,-0.026887770742177963,0.7060624361038208,0.4960653483867645,-0.04100322723388672,0.7129215598106384,0.5413782596588135,-0.030788827687501907,0.7184581160545349,0.5707325339317322,-0.01732376031577587
0.7267752289772034,0.6694319248199463,-5.210276299294492e-07,0.6672060489654541,0.654402494430542,-0.012077304534614086,0.621786892414093,0.5924316644668579,-0.01994987018406391,0.6175992488861084,0.51922607421875,-0.030673624947667122,0.6225167512893677,0.4594894051551819,-0.038479678332805634,0.6174875497817993,0.5457243919372559,-0.0012272644089534879,0.5890522003173828,0.49571701884269714,-0.033639371395111084,0.6113874912261963,0.531267523765564,-0.053038306534290314,0.634513795375824,0.5707566738128662,-0.05917234346270561,0.6513842940330505,0.5267728567123413,-0.006050559692084789,0.6409544944763184,0.5023496747016907,-0.042076051235198975,0.6644503474235535,0.5633371472358704,-0.05181698501110077,0.6799496412277222,0.6121864318847656,-0.048251111060380936,0.6859285831451416,0.5153734087944031,-0.01576894521713257,0.6784471869468689,0.5057992339134216,-0.04721087962388992,0.6945909857749939,0.5695018172264099,-0.0416092649102211,0.7031227350234985,0.6137747168540955,-0.027621803805232048,0.7208305597305298,0.5088375806808472,-0.026741495355963707,0.7060977220535278,0.49611103534698486,-0.0408247672021389,0.712767481803894,0.5415538549423218,-0.030724624171853065,0.7182461023330688,0.5715416073799133,-0.01740817166864872
0.728097140789032,0.6714478731155396,-5.107157790007477e-07,0.6698271036148071,0.6472226977348328,-0.004881009459495544,0.6277475357055664,0.5942488312721252,-0.011335830204188824,0.61348956823349,0.5336853861808777,-0.022647742182016373,0.6146094799041748,0.48097312450408936,-0.03198470547795296,0.6307688355445862,0.5384289622306824,0.007629632018506527,0.6073789596557617,0.4855441153049469,-0.022773023694753647,0.6236302852630615,0.5183104276657104,-0.041841015219688416,0.6403730511665344,0.559697687625885,-0.047607600688934326,0.6624398827552795,0.5253481864929199,-0.00028714240761473775,0.6476675271987915,0.4908750653266907,-0.032461341470479965,0.666644275188446,0.5495184063911438,-0.043272268027067184,0.6805289387702942,0.6023330688476562,-0.04077453166246414,0.69530189037323,0.5167184472084045,-0.012344998307526112,0.6835012435913086,0.5011581182479858,-0.04130581393837929,0.6951057314872742,0.560085654258728,-0.038214389234781265,0.7030029892921448,0.6075933575630188,-0.026004930958151817,0.7298718690872192,0.5134013295173645,-0.024760616943240166,0.7135374546051025,0.4940696060657501,-0.03703675419092178,0.717151403427124,0.5359432697296143,-0.027657272294163704,0.7212640047073364,0.5702143311500549,-0.015022744424641132
0.7269482016563416,0.672083854675293,-5.014604198549932e-07,0.6699477434158325,0.646442711353302,-0.004647103138267994,0.6285467147827148,0.5915992856025696,-0.009842724539339542,0.6163834929466248,0.5286695957183838,-0.019892556592822075,0.6170392036437988,0.4749075770378113,-0.028103865683078766,0.6318249702453613,0.5373485684394836,0.008708866313099861,0.6077713370323181,0.4864497780799866,-0.020589984953403473,0.6228911876678467,0.5194136500358582,-0.038778554648160934,0.6393177509307861,0.5598868131637573,-0.04399251565337181,0.6643917560577393,0.5252112150192261,0.0011750401463359594,0.6499168872833252,0.49306631088256836,-0.03018813580274582,0.6676443815231323,0.5527016520500183,-0.04027937352657318,0.6814374923706055,0.6038650870323181,-0.037471089512109756,0.6973556876182556,0.5179768800735474,-0.010537009686231613,0.6861281991004944,0.5009718537330627,-0.03947114571928978,0.6957442164421082,0.5613459348678589,-0.03594892844557762,0.7036387920379639,0.6086686253547668,-0.023352986201643944,0.7314377427101135,0.5160516500473022,-0.022597521543502808,0.7158274054527283,0.49089860916137695,-0.035294488072395325,0.717215359210968,0.531994104385376,-0.025981754064559937,0.7209154367446899,0.566597044467926,-0.013294395059347153
0.7266355752944946,0.6570114493370056,-4.130952220293693e-07,0.6783272624015808,0.6213000416755676,-0.0031281509436666965,0.643852174282074,0.563821017742157,-0.007321879267692566,0.630424439907074,0.5103318691253662,-0.01648137904703617,0.6313642859458923,0.4661635756492615,-0.023944169282913208,0.6560198664665222,0.5067065954208374,0.01129916962236166,0.6384099125862122,0.4536932706832886,-0.0164957195520401,0.6403284668922424,0.4849435091018677,-0.03380267322063446,0.6453961133956909,0.5224179029464722,-0.03921308368444443,0.6855329275131226,0.5025285482406616,0.0015647322870790958,0.6679033637046814,0.4529924988746643,-0.02632862515747547,0.6694857478141785,0.5032514929771423,-0.0368148572742939,0.674272894859314,0.543763279914856,-0.03482317179441452,0.7160859704017639,0.5050360560417175,-0.012061689049005508,0.7041372060775757,0.48295849561691284,-0.038451410830020905,0.7005196809768677,0.5351396203041077,-0.03675419092178345,0.7001234889030457,0.5694150924682617,-0.026098167523741722,0.7469089031219482,0.5150898694992065,-0.025938162580132484,0.7347263097763062,0.4864625334739685,-0.03536727651953697,0.7286262512207031,0.5224075317382812,-0.025796405971050262,0.7267237901687622,0.5487015247344971,-0.01401753444224596
0.7333582639694214,0.6560952663421631,-4.453521853520215e-07,0.685377836227417,0.6289176344871521,-0.0023690001107752323,0.6474277973175049,0.5716276168823242,-0.004528426565229893,0.6370282173156738,0.5125206112861633,-0.011338772252202034,0.6415268182754517,0.46685415506362915,-0.01654946617782116,0.6540170311927795,0.5143451690673828,0.011843097396194935,0.6349896192550659,0.4602559804916382,-0.014340843074023724,0.6356566548347473,0.4892103970050812,-0.02936903014779091,0.6402075886726379,0.5227768421173096,-0.033477913588285446,0.6847248673439026,0.5071783065795898,0.0025750291533768177,0.6681897044181824,0.45728006958961487,-0.024815058335661888,0.670905590057373,0.5098191499710083,-0.033776216208934784,0.6768186092376709,0.547899603843689,-0.03038281388580799,0.7170923948287964,0.5074024796485901,-0.010372625663876534,0.7053390145301819,0.48157644271850586,-0.037814777344465256,0.7030021548271179,0.5374844670295715,-0.03463859111070633,0.7038437128067017,0.5706251859664917,-0.022540828213095665,0.7499738335609436,0.5160162448883057,-0.023315202444791794,0.7360142469406128,0.4865191876888275,-0.035081177949905396,0.7309703826904297,0.5270488858222961,-0.025378266349434853,0.7311803102493286,0.5534482002258301,-0.01287903543561697
0.7311502695083618,0.6548076272010803,-4.5021508299214474e-07,0.6838957071304321,0.6262373328208923,-0.0025445176288485527,0.6470890045166016,0.5687887668609619,-0.005772915668785572,0.6364126205444336,0.5110306143760681,-0.013691747561097145,0.6406710147857666,0.46452710032463074,-0.020048202946782112,0.6555286049842834,0.5097448229789734,0.01073115598410368,0.6361193656921387,0.4577938914299011,-0.016903948038816452,0.6369462013244629,0.488258421421051,-0.033161044120788574,0.6414331793785095,0.5240311622619629,-0.0378112755715847,0.6864135265350342,0.502347469329834,0.0012047449126839638,0.6677510738372803,0.45665016770362854,-0.02743886411190033,0.6710171103477478,0.5117125511169434,-0.03688498213887215,0.6779545545578003,0.5523294806480408,-0.03356834873557091,0.7187405228614807,0.5027531981468201,-0.01204743329435587,0.7047222256660461,0.48221734166145325,-0.039771683514118195,0.702385663986206,0.5387539267539978,-0.03656058758497238,0.7036200761795044,0.5737597942352295,-0.02435282990336418,0.7513564825057983,0.5117055773735046,-0.025317160412669182,0.7351325154304504,0.48792168498039246,-0.03649689629673958,0.7291617393493652,0.5287407636642456,-0.026434611529111862,0.7287963032722473,0.5556159615516663,-0.013670084066689014
0.749014139175415,0.6304516196250916,-3.333042002395814e-07,0.7044394016265869,0.5904080867767334,-0.009782505221664906,0.6744807362556458,0.5293781161308289,-0.016910741105675697,0.6718952655792236,0.4669906198978424,-0.027518413960933685,0.6847589612007141,0.41468343138694763,-0.036166224628686905,0.6773630976676941,0.4849381446838379,0.00767881004139781,0.6655246019363403,0.4340690076351166,-0.02057863213121891,0.6703649163246155,0.45655012130737305,-0.03938939794898033,0.6763768196105957,0.4834553599357605,-0.04685194045305252,0.7079273462295532,0.4828275144100189,0.001459505409002304,0.7044395804405212,0.4425727427005768,-0.0279537420719862,0.7051409482955933,0.4899566173553467,-0.0398993194103241,0.7046423554420471,0.5257063508033752,-0.039902329444885254,0.7389847636222839,0.4873005449771881,-0.009277251549065113,0.7371907234191895,0.45889177918434143,-0.03742905706167221,0.7325318455696106,0.5086914896965027,-0.034942977130413055,0.7293350696563721,0.5414494276046753,-0.024374354630708694,0.7694399356842041,0.49985840916633606,-0.02085261605679989,0.7628213167190552,0.4707460403442383,-0.03323571756482124,0.7564094662666321,0.5068665742874146,-0.02432166412472725,0.7531618475914001,0.5327731370925903,-0.012793431058526039
0.7519880533218384,0.6331432461738586,-3.6489464605438116e-07,0.7052971124649048,0.5918018221855164,-0.009220379404723644,0.6743525862693787,0.531508207321167,-0.015687763690948486,0.6701273322105408,0.46929433941841125,-0.02584105171263218,0.6818362474441528,0.41681021451950073,-0.034315597265958786,0.6869723796844482,0.4836222231388092,0.01226835884153843,0.6773195266723633,0.4350879490375519,-0.01503201574087143,0.6742938756942749,0.4623538851737976,-0.034635335206985474,0.674719512462616,0.49583595991134644,-0.04272552207112312,0.7164298892021179,0.48317214846611023,0.0065666441805660725,0.7085645198822021,0.44665706157684326,-0.019076012074947357,0.7036287188529968,0.4910747706890106,-0.03169192001223564,0.702164351940155,0.5266650915145874,-0.03376156464219093,0.7468729019165039,0.48876580595970154,-0.003910057246685028,0.7386305332183838,0.45851314067840576,-0.028460662811994553,0.7303063273429871,0.5056039690971375,-0.026645414531230927,0.7274760603904724,0.5401595830917358,-0.01810004748404026,0.7779115438461304,0.5019054412841797,-0.015400045551359653,0.7649933099746704,0.4694414436817169,-0.026449017226696014,0.7560470104217529,0.5048116445541382,-0.018237048760056496,0.7535544633865356,0.5334467887878418,-0.007943167351186275
0.7511334419250488,0.6294170618057251,-3.273886761689937e-07,0.7040886878967285,0.5906792879104614,-0.009962530806660652,0.6718759536743164,0.5307762622833252,-0.01680719666182995,0.6679061055183411,0.46818989515304565,-0.02662544511258602,0.6844310760498047,0.41734054684638977,-0.03475278615951538,0.6848563551902771,0.4809553325176239,0.008603655733168125,0.6747870445251465,0.4326518476009369,-0.018378308042883873,0.6734766364097595,0.4570131003856659,-0.037350188940763474,0.6738030910491943,0.48767808079719543,-0.045105863362550735,0.7150911688804626,0.48067498207092285,0.0034300561528652906,0.7078748345375061,0.4435282349586487,-0.022961383685469627,0.703772783279419,0.48759493231773376,-0.03525494784116745,0.7016518712043762,0.5248669981956482,-0.0364854522049427,0.7461175322532654,0.4876570403575897,-0.0061681331135332584,0.738585352897644,0.4591488838195801,-0.03168131038546562,0.7304732799530029,0.5054087042808533,-0.03058747947216034,0.7268913984298706,0.5403540134429932,-0.02195790223777294,0.7774530053138733,0.5029118657112122,-0.016625581309199333,0.765316903591156,0.47371169924736023,-0.02927444502711296,0.7559539079666138,0.5090046525001526,-0.022180303931236267,0.752134382724762,0.5380502343177795,-0.012150767259299755
0.7742944359779358,0.5970221161842346,-2.8788215900021896e-07,0.7270604968070984,0.5588693618774414,-0.004285453353077173,0.6965258121490479,0.4996212422847748,-0.007526864297688007,0.6936829686164856,0.4435737729072571,-0.015087313018739223,0.701768159866333,0.39900800585746765,-0.021280638873577118,0.7052414417266846,0.4531439244747162,0.013658829964697361,0.6921473741531372,0.40111297369003296,-0.010056030936539173,0.6939864158630371,0.4318159818649292,-0.02572811208665371,0.6990187764167786,0.46200037002563477,-0.031389251351356506,0.7339310050010681,0.45100337266921997,0.0050471085123717785,0.7226567268371582,0.39206022024154663,-0.01841781660914421,0.7191306948661804,0.4315583407878876,-0.028882566839456558,0.7216136455535889,0.4661778211593628,-0.02800779417157173,0.7646006941795349,0.4569641351699829,-0.007304225116968155,0.7549905776977539,0.4207595884799957,-0.031687233597040176,0.7492352724075317,0.47130781412124634,-0.029262563213706017,0.7503222227096558,0.5048477649688721,-0.018729595467448235,0.7963261604309082,0.47164323925971985,-0.019988887012004852,0.7821808457374573,0.4388188123703003,-0.03122037462890148,0.775780439376831,0.47651806473731995,-0.021654222160577774,0.7770771384239197,0.5035873651504517,-0.009690712206065655
0.775901734828949,0.6007536053657532,-3.5702686318472843e-07,0.727944552898407,0.5612894296646118,-0.00373216369189322,0.6965528130531311,0.5036251544952393,-0.007504013832658529,0.6904236674308777,0.44898906350135803,-0.015714529901742935,0.6977105140686035,0.4050358235836029,-0.022106679156422615,0.707558810710907,0.4509243667125702,0.013444283045828342,0.694288969039917,0.4003121554851532,-0.011682134121656418,0.6948674917221069,0.4380270838737488,-0.028105655685067177,0.7005577087402344,0.4720362722873688,-0.03409046307206154,0.7366811633110046,0.4493630528450012,0.004150972235947847,0.724647045135498,0.3948538303375244,-0.02008672058582306,0.7210617065429688,0.44046175479888916,-0.030101045966148376,0.724873960018158,0.4764842391014099,-0.028960229828953743,0.7683193683624268,0.45538192987442017,-0.008988521993160248,0.7550632953643799,0.4229286015033722,-0.03191268444061279,0.7497845888137817,0.47240424156188965,-0.02812652289867401,0.7518932819366455,0.5028366446495056,-0.017687851563096046,0.8007835149765015,0.4707447290420532,-0.022705236449837685,0.7836081385612488,0.4402310848236084,-0.03202863782644272,0.7775007486343384,0.4779781103134155,-0.02150420844554901,0.7801356911659241,0.5027902126312256,-0.009515131823718548
0.7949737906455994,0.5822333693504333,-3.5519113339432806e-07,0.7416098713874817,0.5472559928894043,-0.01348512340337038,0.7075676918029785,0.48441630601882935,-0.02189973182976246,0.7130536437034607,0.41581833362579346,-0.03298836946487427,0.7330294847488403,0.36132511496543884,-0.04060124233365059,0.707516610622406,0.43613412976264954,0.004079598467797041,0.6967326402664185,0.3808508813381195,-0.02744459919631481,0.7146876454353333,0.4179948568344116,-0.047428250312805176,0.7284622192382812,0.459944486618042,-0.05376064404845238,0.7428272366523743,0.43006840348243713,0.0004443924699444324,0.7439796924591064,0.3849824368953705,-0.035481978207826614,0.7593260407447815,0.448864609003067,-0.046995364129543304,0.7667882442474365,0.5053799152374268,-0.043007612228393555,0.7771273851394653,0.43136948347091675,-0.008245171047747135,0.7800571918487549,0.40901732444763184,-0.04062476381659508,0.7849303483963013,0.4721265435218811,-0.03759787976741791,0.785283088684082,0.5217312574386597,-0.023374048992991447,0.8103074431419373,0.43977081775665283,-0.01821076311171055,0.8100649118423462,0.4132734537124634,-0.033787548542022705,0.8066149950027466,0.4554363787174225,-0.0256049707531929,0.801444411277771,0.49307793378829956,-0.012468021363019943
0.7958045601844788,0.582323431968689,-3.96679638470232e-07,0.7409768104553223,0.5485661029815674,-0.011926975101232529,0.7069454193115234,0.4848570227622986,-0.02055143006145954,0.7101091146469116,0.4164051115512848,-0.032456446439027786,0.7269282937049866,0.36333519220352173,-0.041135478764772415,0.70697021484375,0.4365912675857544,0.006429960951209068,0.6983537077903748,0.37774771451950073,-0.026728974655270576,0.7170833349227905,0.41705745458602905,-0.04862024635076523,0.7321192026138306,0.4610155522823334,-0.05614147707819939,0.7421543002128601,0.4313507676124573,0.0010952478041872382,0.7442891001701355,0.38081467151641846,-0.03698113188147545,0.7589671015739441,0.44765880703926086,-0.05006445571780205,0.7665855884552002,0.5072838068008423,-0.04666890203952789,0.7766401171684265,0.4321666359901428,-0.009329304099082947,0.7786418199539185,0.40613847970962524,-0.042495813220739365,0.7837644815444946,0.4711609482765198,-0.039161376655101776,0.7838220000267029,0.5207751393318176,-0.02472304366528988,0.8102278709411621,0.44016319513320923,-0.020873025059700012,0.8060036301612854,0.4145093262195587,-0.035463880747556686,0.8035171627998352,0.46148356795310974,-0.025666680186986923,0.7999805212020874,0.49933022260665894,-0.011674953624606133
0.796269416809082,0.5818443298339844,-3.8190802342796815e-07,0.7406539916992188,0.5475538969039917,-0.012424541637301445,0.706319272518158,0.48367056250572205,-0.021406980231404305,0.7117157578468323,0.41546034812927246,-0.03345365822315216,0.730109691619873,0.36393940448760986,-0.042193301022052765,0.7051429748535156,0.4383140504360199,0.003788379952311516,0.6968713998794556,0.3774828314781189,-0.02913089655339718,0.7179220914840698,0.4151510000228882,-0.05107663944363594,0.7331879138946533,0.4592818021774292,-0.05890960618853569,0.7406608462333679,0.4318163990974426,-0.0011228166986256838,0.7452176809310913,0.38274601101875305,-0.0381147563457489,0.760887086391449,0.4478098452091217,-0.05084228515625,0.7668258547782898,0.5070931911468506,-0.04811619967222214,0.7755295038223267,0.43158289790153503,-0.011009113863110542,0.7799399495124817,0.40645602345466614,-0.042837955057621,0.785401463508606,0.4696422815322876,-0.039690423756837845,0.7836616039276123,0.5193349123001099,-0.026365259662270546,0.8089098930358887,0.43883225321769714,-0.022136840969324112,0.8071948289871216,0.41493821144104004,-0.0361512117087841,0.8047979474067688,0.4610598683357239,-0.02670438215136528,0.7999373078346252,0.4990261197090149,-0.013476942665874958
0.7964050769805908,0.5780915021896362,-4.211937607578875e-07,0.742464542388916,0.5451564788818359,-0.014155872166156769,0.7107207775115967,0.4784206449985504,-0.024040717631578445,0.7179788947105408,0.40777862071990967,-0.03639911487698555,0.7335050106048584,0.3513451814651489,-0.0453072190284729,0.7078348994255066,0.43381667137145996,-0.001614693901501596,0.6971554160118103,0.37287262082099915,-0.03512788936495781,0.7175007462501526,0.4110972583293915,-0.05608685687184334,0.7327389121055603,0.4562513530254364,-0.06314058601856232,0.7436234951019287,0.42663177847862244,-0.005734353791922331,0.7483744025230408,0.3860263228416443,-0.04270774498581886,0.7653726935386658,0.4513095021247864,-0.05362852290272713,0.7720049023628235,0.5071449875831604,-0.05038671940565109,0.7784828543663025,0.4261043667793274,-0.014955087564885616,0.7831176519393921,0.40434935688972473,-0.046155352145433426,0.7902567386627197,0.46763402223587036,-0.04119035229086876,0.7895381450653076,0.5140812397003174,-0.0275074802339077,0.8121963739395142,0.4319995939731598,-0.025670113041996956,0.8106947541236877,0.40954825282096863,-0.03926094248890877,0.8106818795204163,0.4547557830810547,-0.029456641525030136,0.8080949783325195,0.48787280917167664,-0.01641188934445381
0.7970225811004639,0.5796195864677429,-4.1937795458579785e-07,0.7416513562202454,0.5457054376602173,-0.01304354052990675,0.7094323039054871,0.4786159098148346,-0.02246270887553692,0.7170453667640686,0.4078778326511383,-0.03473617509007454,0.7344809174537659,0.35391873121261597,-0.043408188968896866,0.7060500383377075,0.43414825201034546,0.000287249858956784,0.6980496048927307,0.371235728263855,-0.034657370299100876,0.7197166681289673,0.41281870007514954,-0.05628998577594757,0.7347655296325684,0.4586643874645233,-0.06336499750614166,0.7424113154411316,0.42724093794822693,-0.004891595337539911,0.7465708255767822,0.3815256357192993,-0.04291475564241409,0.7635499238967896,0.44942525029182434,-0.05329432338476181,0.7701309323310852,0.5057812333106995,-0.049034494906663895,0.7783001661300659,0.42708373069763184,-0.01533577498048544,0.7827677726745605,0.40334203839302063,-0.04752127453684807,0.7899224162101746,0.468464195728302,-0.04095077142119408,0.7892795205116272,0.5152738690376282,-0.025511445477604866,0.8130689859390259,0.4335006773471832,-0.027261914685368538,0.8114941120147705,0.4073719382286072,-0.04066761955618858,0.8113758563995361,0.4538000226020813,-0.028965750709176064,0.8086222410202026,0.48807117342948914,-0.01427801325917244
0.7956926822662354,0.5800402164459229,-4.264543633780704e-07,0.7407626509666443,0.5455316305160522,-0.013606037013232708,0.7090917229652405,0.4785744547843933,-0.02358333393931389,0.7169272899627686,0.4079388380050659,-0.03632260859012604,0.733657956123352,0.3541080355644226,-0.04549042508006096,0.7060853242874146,0.43416592478752136,-0.0016754450043663383,0.6985551714897156,0.3706653416156769,-0.036740656942129135,0.7198656797409058,0.4122278392314911,-0.058170925825834274,0.734707236289978,0.45813247561454773,-0.06513912230730057,0.7424744367599487,0.4273589849472046,-0.006674124859273434,0.7469227313995361,0.38145044445991516,-0.04469437524676323,0.7640663981437683,0.44952303171157837,-0.054871320724487305,0.7708227634429932,0.5061365962028503,-0.05062238499522209,0.7782673835754395,0.42709073424339294,-0.016873594373464584,0.7827339172363281,0.40370887517929077,-0.04921794310212135,0.7899705767631531,0.46876487135887146,-0.042791347950696945,0.789462685585022,0.5158652067184448,-0.027565715834498405,0.8130246996879578,0.43336841464042664,-0.02854922227561474,0.8113982677459717,0.40695011615753174,-0.04219195246696472,0.8110664486885071,0.4533211588859558,-0.030712803825736046,0.8079892992973328,0.4883500635623932,-0.016281912103295326
0.7932049632072449,0.5862478017807007,-4.205079164876224e-07,0.739380419254303,0.547063946723938,-0.005456441082060337,0.7051767110824585,0.48548388481140137,-0.010878180153667927,0.7059056162834167,0.41981497406959534,-0.02130056917667389,0.7200112342834473,0.3686470091342926,-0.02969932369887829,0.708175003528595,0.4367476999759674,0.012815437279641628,0.6934398412704468,0.38235634565353394,-0.017570432275533676,0.7064947485923767,0.41977256536483765,-0.0373719222843647,0.7206280827522278,0.4614272117614746,-0.043817758560180664,0.7411051392555237,0.4310636818408966,0.0043201809749007225,0.729008674621582,0.3794494867324829,-0.028773628175258636,0.7406407594680786,0.4366666376590729,-0.041377320885658264,0.7528377771377563,0.4888436794281006,-0.03856395557522774,0.7744550108909607,0.43084216117858887,-0.008668613620102406,0.7643381953239441,0.40897971391677856,-0.03830759599804878,0.7672055959701538,0.4694391191005707,-0.03641469404101372,0.770780086517334,0.5137946605682373,-0.023779908195137978,0.808306872844696,0.43793579936027527,-0.022252701222896576,0.7935346961021423,0.4178811013698578,-0.03342393785715103,0.7886818051338196,0.4612610638141632,-0.023784756660461426,0.7875482439994812,0.4944072663784027,-0.010817325673997402
0.7931402921676636,0.5819549560546875,-3.803345123287727e-07,0.7399929761886597,0.5455098152160645,-0.007564831059426069,0.7029889822006226,0.4886670708656311,-0.013736916705965996,0.6985170245170593,0.4247514605522156,-0.024486972019076347,0.7115612626075745,0.3743501603603363,-0.03296882286667824,0.7091326713562012,0.4337445795536041,0.013023879379034042,0.6945880055427551,0.3817391097545624,-0.017807260155677795,0.7069118618965149,0.4196430444717407,-0.03866397216916084,0.720526397228241,0.4618448317050934,-0.04584048315882683,0.7414513826370239,0.42743197083473206,0.005738495383411646,0.7295739650726318,0.3771352171897888,-0.027698785066604614,0.7403562068939209,0.43242892622947693,-0.04153457283973694,0.7519012093544006,0.4841363728046417,-0.039510663598775864,0.774587094783783,0.4275953471660614,-0.006202823482453823,0.7661848068237305,0.4068516790866852,-0.03658735752105713,0.7693101763725281,0.46423280239105225,-0.03580304607748985,0.7727817893028259,0.5086628794670105,-0.02366793341934681,0.8075804114341736,0.4356426000595093,-0.01890099048614502,0.7946430444717407,0.4144526422023773,-0.03153103217482567,0.7906298637390137,0.45583024621009827,-0.022785184904932976,0.7900702953338623,0.48999160528182983,-0.009994381107389927
0.791836142539978,0.580432116985321,-3.6481688425737957e-07,0.7396503686904907,0.5453733801841736,-0.008318272419273853,0.7031456828117371,0.48750853538513184,-0.014714157208800316,0.7011418342590332,0.423952579498291,-0.025409072637557983,0.716288685798645,0.3751513957977295,-0.03391588479280472,0.7080914974212646,0.4335159957408905,0.011564638465642929,0.6935706734657288,0.3819911479949951,-0.01931552216410637,0.7060588002204895,0.4195058345794678,-0.04006380960345268,0.7192600965499878,0.46123477816581726,-0.04713619872927666,0.7408707737922668,0.42762717604637146,0.004533744417130947,0.7281074523925781,0.3750694692134857,-0.029228011146187782,0.7388472557067871,0.4295247495174408,-0.04334370046854019,0.7500694394111633,0.48140785098075867,-0.0412164144217968,0.7744297981262207,0.4279462993144989,-0.007052426692098379,0.7665383219718933,0.40696001052856445,-0.0384301021695137,0.7696759104728699,0.46586763858795166,-0.03822329267859459,0.7718815207481384,0.5109452605247498,-0.025993550196290016,0.8077353835105896,0.4359002113342285,-0.019296957179903984,0.7947075366973877,0.4144725203514099,-0.03281693905591965,0.7912022471427917,0.4575064182281494,-0.024158794432878494,0.79000324010849,0.49268922209739685,-0.011180862784385681
0.7632109522819519,0.5870059728622437,-4.218017295443133e-07,0.7116901874542236,0.5503202080726624,-0.004430008586496115,0.6747521162033081,0.4905208945274353,-0.009607993066310883,0.6613233685493469,0.4360068142414093,-0.019548017531633377,0.6726702451705933,0.4002741873264313,-0.02799319475889206,0.6937397122383118,0.42856350541114807,0.0104958675801754,0.681071937084198,0.3801679015159607,-0.018518948927521706,0.6752880811691284,0.4253503978252411,-0.0373479500412941,0.6761451959609985,0.4657737910747528,-0.04446105659008026,0.7224900126457214,0.4271458387374878,0.0006909738294780254,0.7078812718391418,0.3907216787338257,-0.027050143107771873,0.7025204300880432,0.4454004764556885,-0.036834027618169785,0.7080621123313904,0.4828605055809021,-0.03545626625418663,0.7537649273872375,0.4327273368835449,-0.01342068612575531,0.7380950450897217,0.4104689955711365,-0.03801647573709488,0.7335613369941711,0.46356478333473206,-0.03293709456920624,0.7382432818412781,0.4964121878147125,-0.02157912775874138,0.7864439487457275,0.4466097950935364,-0.028389960527420044,0.7678281664848328,0.42131203413009644,-0.03809815272688866,0.7606449127197266,0.4623386859893799,-0.02686307206749916,0.7632845640182495,0.4903864562511444,-0.01412222534418106
0.7628012895584106,0.5893280506134033,-4.421975461355032e-07,0.7114578485488892,0.5506397485733032,-0.003065908094868064,0.6735771894454956,0.4932827353477478,-0.0081375353038311,0.65821772813797,0.439948707818985,-0.018262164667248726,0.6696329116821289,0.40307408571243286,-0.026638036593794823,0.6905634999275208,0.43275853991508484,0.01266819890588522,0.6770022511482239,0.3824583888053894,-0.015962952747941017,0.6730161309242249,0.4269753694534302,-0.03422784060239792,0.676252007484436,0.46647772192955017,-0.04074842110276222,0.7199503779411316,0.430618554353714,0.002715006470680237,0.7057597637176514,0.3882831931114197,-0.02512536384165287,0.7013891935348511,0.4418262541294098,-0.034875232726335526,0.7074121832847595,0.47973427176475525,-0.03283708542585373,0.7518157958984375,0.4352510869503021,-0.011373230256140232,0.736717939376831,0.41074782609939575,-0.03601299226284027,0.7329034209251404,0.4631930887699127,-0.03089820221066475,0.7378718256950378,0.49612584710121155,-0.019075119867920876,0.7846293449401855,0.4489292502403259,-0.026109863072633743,0.7665847539901733,0.4223414659500122,-0.035516031086444855,0.7609379291534424,0.4624039828777313,-0.02417798340320587,0.7651379704475403,0.4891469478607178,-0.011170380748808384
0.7256468534469604,0.6135969161987305,-5.271789405014715e-07,0.6729547381401062,0.5731649398803711,0.0021515940316021442,0.635714590549469,0.5141116380691528,0.0009472532547079027,0.621086061000824,0.45934975147247314,-0.006294500082731247,0.623435378074646,0.4195224940776825,-0.012265397235751152,0.6537817716598511,0.4569717049598694,0.016779853031039238,0.6372592449188232,0.40655386447906494,-0.009978516027331352,0.6337497234344482,0.4526015520095825,-0.02644847333431244,0.6388056874275208,0.49714112281799316,-0.03153999149799347,0.6820718050003052,0.4535128176212311,0.005499599501490593,0.6591167449951172,0.41919389367103577,-0.021249821409583092,0.6604190468788147,0.47400033473968506,-0.029875067993998528,0.6734752058982849,0.5127424597740173,-0.027477765455842018,0.7127559781074524,0.4535805284976959,-0.00965032260864973,0.6882209777832031,0.43106162548065186,-0.03335880488157272,0.6892268657684326,0.4850892126560211,-0.027848167344927788,0.7005622386932373,0.5200745463371277,-0.01597531884908676,0.7463349103927612,0.46058109402656555,-0.025045225396752357,0.7198069095611572,0.4349696934223175,-0.035189032554626465,0.7157213091850281,0.4775521755218506,-0.02479815110564232,0.7240737676620483,0.5070732831954956,-0.012191404588520527
0.7161433696746826,0.6162137985229492,-5.450038429444248e-07,0.6655149459838867,0.579075276851654,-0.0010081204818561673,0.6278349757194519,0.516984760761261,-0.0031792991794645786,0.6132256388664246,0.45813122391700745,-0.010975703597068787,0.6210650205612183,0.4130413234233856,-0.016892816871404648,0.6489590406417847,0.45951321721076965,0.016381828114390373,0.6343207359313965,0.40942442417144775,-0.012043413706123829,0.6333271265029907,0.4582853317260742,-0.02896842360496521,0.6409832239151001,0.5028693079948425,-0.03407560661435127,0.6771742105484009,0.45512640476226807,0.006842347793281078,0.6562338471412659,0.4206884801387787,-0.02247011289000511,0.6591344475746155,0.4787753224372864,-0.03206152096390724,0.671752393245697,0.5194551944732666,-0.029303280636668205,0.707718551158905,0.4550304710865021,-0.006986378226429224,0.6854837536811829,0.43186327815055847,-0.034541014581918716,0.6872032284736633,0.4879387617111206,-0.029621845111250877,0.6977134943008423,0.5254305005073547,-0.016585586592555046,0.740181028842926,0.4622313678264618,-0.021056443452835083,0.7155675292015076,0.4356157183647156,-0.03450597822666168,0.7125389575958252,0.47807684540748596,-0.025088442489504814,0.7209035754203796,0.5092470645904541,-0.012016154825687408
0.7156299352645874,0.6156285405158997,-5.324665721673227e-07,0.6654328107833862,0.5786125659942627,0.00015328997687902302,0.6277998685836792,0.5171546936035156,-0.0013945099199190736,0.6127691268920898,0.45865800976753235,-0.008625365793704987,0.6203814744949341,0.4135356545448303,-0.014252210967242718,0.6483418941497803,0.4632934033870697,0.017242364585399628,0.6347047686576843,0.4134761691093445,-0.009763656184077263,0.6332627534866333,0.4581126272678375,-0.026439271867275238,0.6401849389076233,0.5022549629211426,-0.03166686370968819,0.6762996912002563,0.4583333432674408,0.007631118409335613,0.6568113565444946,0.4231380820274353,-0.01990780420601368,0.6589158177375793,0.4774411916732788,-0.029708972200751305,0.6704800128936768,0.5185744166374207,-0.02765330858528614,0.7068900465965271,0.45772218704223633,-0.005990094039589167,0.6858253479003906,0.43292975425720215,-0.032153867185115814,0.6871421933174133,0.4857156574726105,-0.0279774721711874,0.6969830393791199,0.5235345363616943,-0.015962127596139908,0.7393947243690491,0.4641788899898529,-0.019752634689211845,0.7158880233764648,0.43611854314804077,-0.033175189048051834,0.7130138874053955,0.476826548576355,-0.02443028800189495,0.720726490020752,0.5087541341781616,-0.012022554874420166
0.6865158081054688,0.6311423182487488,-5.094337893751799e-07,0.6263883709907532,0.6031556129455566,-0.004005862399935722,0.5842951536178589,0.538860023021698,-0.005519094876945019,0.5750965476036072,0.4727708101272583,-0.010928629897534847,0.580576479434967,0.42559489607810974,-0.013790525496006012,0.6006160974502563,0.4782755672931671,0.010475201532244682,0.5849554538726807,0.4313577711582184,-0.016565093770623207,0.5875654816627502,0.48243939876556396,-0.031466253101825714,0.5945475101470947,0.5219946503639221,-0.03566743806004524,0.6331769824028015,0.4716302752494812,0.0023548391181975603,0.615029513835907,0.4348798394203186,-0.026374451816082,0.6199923753738403,0.49400925636291504,-0.03445032611489296,0.6306915879249573,0.5319124460220337,-0.031117554754018784,0.6677877306938171,0.46897923946380615,-0.009844763204455376,0.6483950018882751,0.4433668255805969,-0.03499402478337288,0.6522969603538513,0.5001654624938965,-0.02844586782157421,0.6620407700538635,0.5344338417053223,-0.015538257546722889,0.7052919864654541,0.47265493869781494,-0.02270687185227871,0.6822041273117065,0.44473689794540405,-0.03352193906903267,0.6814714670181274,0.4869590103626251,-0.0230295117944479,0.6888218522071838,0.5134502649307251,-0.010278930887579918
0.6828444004058838,0.633009672164917,-4.7370252787004574e-07,0.6186568737030029,0.6068772673606873,-0.0073293596506118774,0.5738745927810669,0.5436853170394897,-0.011798098683357239,0.562694251537323,0.47281861305236816,-0.019938597455620766,0.575617253780365,0.4173838496208191,-0.025466175749897957,0.5935161709785461,0.48651430010795593,0.007889285683631897,0.5809749364852905,0.43185296654701233,-0.020481759682297707,0.581945538520813,0.480095237493515,-0.037798553705215454,0.5874300599098206,0.525154709815979,-0.04357137158513069,0.625881552696228,0.47804221510887146,0.0016630352474749088,0.612082302570343,0.4381667375564575,-0.025229068472981453,0.6171126961708069,0.49332234263420105,-0.034710999578237534,0.6261210441589355,0.5353422164916992,-0.033429667353630066,0.6600931286811829,0.47439464926719666,-0.008855332620441914,0.6453302502632141,0.44626304507255554,-0.032470859587192535,0.6480907201766968,0.49877119064331055,-0.026947608217597008,0.6559581756591797,0.5376673340797424,-0.015443040989339352,0.6964566707611084,0.47790026664733887,-0.020386233925819397,0.6786530017852783,0.4440605938434601,-0.029977569356560707,0.6773053407669067,0.48292818665504456,-0.019547054544091225,0.683856189250946,0.5142518877983093,-0.007292544934898615
0.6794769167900085,0.6363503932952881,-4.730410125830531e-07,0.6145263910293579,0.6097000241279602,-0.0083811329677701,0.5699368119239807,0.5451217293739319,-0.013095319271087646,0.5585340857505798,0.4720216989517212,-0.021467052400112152,0.5739935636520386,0.41494131088256836,-0.027123844251036644,0.5898962020874023,0.48690521717071533,0.00813812855631113,0.5776059627532959,0.4284585118293762,-0.021060334518551826,0.5779014825820923,0.47475993633270264,-0.039153654128313065,0.5828502178192139,0.5218179225921631,-0.04508857801556587,0.6233059167861938,0.4780541956424713,0.0026928933802992105,0.6106558442115784,0.43898138403892517,-0.023454995825886726,0.6152420043945312,0.4945703148841858,-0.03260262683033943,0.6232923865318298,0.5377760529518127,-0.03141935542225838,0.6587554812431335,0.47465214133262634,-0.007346549071371555,0.6450752019882202,0.44589656591415405,-0.030818110331892967,0.6468851566314697,0.49904873967170715,-0.02489345148205757,0.6541545987129211,0.5402539968490601,-0.013188492506742477,0.69632488489151,0.47858375310897827,-0.0185182336717844,0.6788349151611328,0.4437589645385742,-0.027802379801869392,0.6762647032737732,0.4825476408004761,-0.01688392646610737,0.6816884875297546,0.5157607793807983,-0.004266329109668732
0.6391809582710266,0.6478543281555176,-5.001864451514848e-07,0.578931450843811,0.6127811074256897,-0.009311622940003872,0.5368326306343079,0.5382400751113892,-0.012963565066456795,0.5267332792282104,0.46283581852912903,-0.02027934417128563,0.5333993434906006,0.40374255180358887,-0.02484719641506672,0.543999433517456,0.4828462600708008,0.010669545270502567,0.5293380618095398,0.44489914178848267,-0.027731455862522125,0.5354137420654297,0.4954124689102173,-0.05061544105410576,0.5416405200958252,0.5262387990951538,-0.05881346017122269,0.5793679356575012,0.4742908775806427,0.0021298022475093603,0.5661324858665466,0.44509023427963257,-0.03495123237371445,0.5710116624832153,0.5121819376945496,-0.04490913078188896,0.577084481716156,0.5405846834182739,-0.04174038767814636,0.6190360188484192,0.4724414646625519,-0.012559753842651844,0.6012290120124817,0.45031213760375977,-0.045282501727342606,0.6041937470436096,0.5175444483757019,-0.03453943878412247,0.6105173826217651,0.5420980453491211,-0.017234835773706436,0.6601073145866394,0.4795167148113251,-0.028767919167876244,0.6390830874443054,0.4548897445201874,-0.04095430672168732,0.6343883872032166,0.5073379278182983,-0.025546539574861526,0.6386510729789734,0.5304303765296936,-0.008708965964615345
0.6352421045303345,0.6463934183120728,-5.422942876975867e-07,0.579020619392395,0.6120555400848389,-0.008641109801828861,0.5365477800369263,0.5392725467681885,-0.013069042935967445,0.5266742706298828,0.46522530913352966,-0.02145536243915558,0.5348142385482788,0.40435606241226196,-0.027261052280664444,0.5427773594856262,0.4827922284603119,0.012140207923948765,0.527292013168335,0.4451257586479187,-0.02544005960226059,0.5364243984222412,0.49625280499458313,-0.04876900836825371,0.5453155040740967,0.5322774052619934,-0.05697769671678543,0.5776290893554688,0.47351157665252686,0.003855908289551735,0.5642258524894714,0.4430965483188629,-0.032577406615018845,0.5716347098350525,0.5097245573997498,-0.04408033937215805,0.5788174867630005,0.5439869165420532,-0.041519541293382645,0.6165200471878052,0.4722314476966858,-0.01021517813205719,0.6011059880256653,0.4473651647567749,-0.04272099956870079,0.6047803163528442,0.5127168297767639,-0.03397785872220993,0.6106081604957581,0.5428833961486816,-0.017665285617113113,0.6567115783691406,0.48090028762817383,-0.02550249546766281,0.6377958655357361,0.45238223671913147,-0.0387767031788826,0.6351186037063599,0.5027510523796082,-0.024687983095645905,0.6397605538368225,0.5290271639823914,-0.008275273256003857
0.633051335811615,0.6452295780181885,-5.383794814406428e-07,0.5776275396347046,0.6115720272064209,-0.008069491013884544,0.5362120270729065,0.5389841794967651,-0.012170877307653427,0.5266402959823608,0.46616411209106445,-0.020066184923052788,0.5337918400764465,0.40642842650413513,-0.025491662323474884,0.5440729856491089,0.4826093316078186,0.01035279594361782,0.5287481546401978,0.44456547498703003,-0.02540683187544346,0.5359257459640503,0.49480605125427246,-0.0472402386367321,0.5434844493865967,0.5299232602119446,-0.054959736764431,0.5787442326545715,0.4735395014286041,0.0021238953340798616,0.565091609954834,0.44343101978302,-0.0321517176926136,0.5704943537712097,0.5080140233039856,-0.04262436926364899,0.5767070055007935,0.5405427813529968,-0.040183037519454956,0.6172338724136353,0.47291210293769836,-0.011519229039549828,0.60222989320755,0.4483931064605713,-0.04204066842794418,0.6042382121086121,0.5115669369697571,-0.03315889835357666,0.6093523502349854,0.5399901270866394,-0.017676275223493576,0.6569226980209351,0.48224303126335144,-0.026333874091506004,0.6388549208641052,0.4551272392272949,-0.038643185049295425,0.6350229382514954,0.503909707069397,-0.024910567328333855,0.6391339302062988,0.5287989974021912,-0.00931139849126339
0.6104848384857178,0.6538446545600891,-5.753431082666793e-07,0.5489211678504944,0.6370993852615356,-0.005809588357806206,0.49376800656318665,0.5676190853118896,-0.006803988013416529,0.47874248027801514,0.4906744956970215,-0.01129242591559887,0.4835732877254486,0.43690225481987,-0.013468495570123196,0.5139113664627075,0.49474799633026123,0.009876641444861889,0.4895787239074707,0.4449716806411743,-0.02477949857711792,0.49203550815582275,0.48857083916664124,-0.04416077584028244,0.4997117519378662,0.5186526775360107,-0.05051819235086441,0.5503872632980347,0.48226282000541687,0.001356356660835445,0.5285825729370117,0.4511820077896118,-0.03360171988606453,0.539171040058136,0.5250377655029297,-0.040221307426691055,0.5536391735076904,0.5538029074668884,-0.034464430063962936,0.5899885296821594,0.47719186544418335,-0.01261600386351347,0.5674328804016113,0.4527086317539215,-0.04523797705769539,0.5749752521514893,0.5246891379356384,-0.033818040043115616,0.5870990753173828,0.5516699552536011,-0.01603209599852562,0.6321130394935608,0.4790439307689667,-0.0274238009005785,0.6058149337768555,0.4518735408782959,-0.04292016848921776,0.6054450869560242,0.5095944404602051,-0.02900349535048008,0.6154786348342896,0.5343864560127258,-0.01266211923211813
0.6074677109718323,0.6599257588386536,-6.609094498344348e-07,0.5467919111251831,0.6437317728996277,-0.005068005993962288,0.4914631247520447,0.5691156387329102,-0.0065726302564144135,0.47959503531455994,0.48726776242256165,-0.012300606817007065,0.48759257793426514,0.42826178669929504,-0.015118139795958996,0.5069395303726196,0.49547314643859863,0.006372853182256222,0.47556906938552856,0.4400617778301239,-0.029763899743556976,0.48815488815307617,0.4956814646720886,-0.04826586693525314,0.5040306448936462,0.5328913331031799,-0.05320980027318001,0.5461909174919128,0.482094407081604,-0.0033094538375735283,0.5237166285514832,0.4442971348762512,-0.03999921306967735,0.5383074283599854,0.5198988914489746,-0.046762995421886444,0.5525380969047546,0.5539084672927856,-0.0402030386030674,0.5876590609550476,0.4778676927089691,-0.01802936941385269,0.5665474534034729,0.45090916752815247,-0.05137718468904495,0.5760204195976257,0.5240803360939026,-0.0393068827688694,0.586302638053894,0.5548593997955322,-0.020518407225608826,0.6298502087593079,0.48298364877700806,-0.03337856009602547,0.6060035824775696,0.45178383588790894,-0.04793968424201012,0.606157124042511,0.5081812739372253,-0.03272078558802605,0.6146999001502991,0.5353842377662659,-0.015268156304955482
0.6095182299613953,0.6668047904968262,-7.016252538960543e-07,0.5485454797744751,0.6485804915428162,-0.0037243091501295567,0.49202510714530945,0.5730172395706177,-0.005407625809311867,0.48093336820602417,0.4893437623977661,-0.012382332235574722,0.49583175778388977,0.4313218891620636,-0.016493484377861023,0.5066245198249817,0.49442073702812195,0.008494667708873749,0.47320157289505005,0.4348199665546417,-0.03146788105368614,0.4859747886657715,0.4878532886505127,-0.05267242342233658,0.5030704140663147,0.528587818145752,-0.05863777920603752,0.5459038615226746,0.48211461305618286,-0.002411435591056943,0.5226263999938965,0.44436410069465637,-0.043430306017398834,0.5405452251434326,0.5220818519592285,-0.05119748413562775,0.5556687116622925,0.5587291717529297,-0.044438671320676804,0.5878652930259705,0.4779731333255768,-0.018825815990567207,0.5656846761703491,0.45087748765945435,-0.055923961102962494,0.5778146386146545,0.5279039740562439,-0.043568067252635956,0.5882887244224548,0.5623577833175659,-0.023583436384797096,0.6313273906707764,0.4821498692035675,-0.03587183356285095,0.6053775548934937,0.4499359726905823,-0.05216241627931595,0.6066611409187317,0.5086265206336975,-0.03690239042043686,0.6155257225036621,0.5379860997200012,-0.018994871526956558
0.5922326445579529,0.6886993050575256,-6.825765694884467e-07,0.5240787863731384,0.6649940013885498,-0.008241276256740093,0.47031170129776,0.5702292323112488,-0.012463253922760487,0.464984267950058,0.47279155254364014,-0.020649978891015053,0.4806530475616455,0.391513466835022,-0.026944786310195923,0.4705233871936798,0.5051934719085693,0.007330012042075396,0.43573081493377686,0.45072245597839355,-0.031118571758270264,0.4453265070915222,0.49287328124046326,-0.05377607047557831,0.4606366753578186,0.5340937972068787,-0.06117025762796402,0.5138940215110779,0.48560500144958496,-0.0011318010510876775,0.4923490881919861,0.45598316192626953,-0.040217991918325424,0.5113427042961121,0.5387959480285645,-0.04901784285902977,0.529815137386322,0.5905343294143677,-0.04385340213775635,0.5621709227561951,0.47812384366989136,-0.015492862090468407,0.5406651496887207,0.4600277841091156,-0.05094550922513008,0.5534663200378418,0.5435374975204468,-0.03965941444039345,0.5677323341369629,0.5899662971496582,-0.02088020183146,0.6122435927391052,0.48070028424263,-0.03090848959982395,0.5841881632804871,0.4537205100059509,-0.04679163917899132,0.5853228569030762,0.5171558260917664,-0.0323566198348999,0.5952371954917908,0.5520272254943848,-0.015422655269503593
0.5980826020240784,0.6929736137390137,-7.295907948901004e-07,0.5223892331123352,0.6654343605041504,-0.005233569070696831,0.4682975113391876,0.5691059231758118,-0.008766576647758484,0.46457239985466003,0.46907514333724976,-0.017511218786239624,0.47814154624938965,0.3882128894329071,-0.02396189607679844,0.4716775119304657,0.5051127076148987,0.00878982525318861,0.4326223134994507,0.44198155403137207,-0.029631804674863815,0.4482998847961426,0.4916927218437195,-0.052165884524583817,0.4675561189651489,0.5395463705062866,-0.05923358350992203,0.5174553394317627,0.4865415096282959,-0.002063638297840953,0.491534948348999,0.4491673707962036,-0.04127174988389015,0.5128397345542908,0.5334832668304443,-0.05013072118163109,0.5308148264884949,0.5893902778625488,-0.044782914221286774,0.5658437013626099,0.4792385399341583,-0.01850632205605507,0.5394793748855591,0.4568386375904083,-0.05262983217835426,0.5545169711112976,0.5426604151725769,-0.039689209312200546,0.5686163902282715,0.5928035378456116,-0.02010085992515087,0.6165710687637329,0.48143628239631653,-0.036025192588567734,0.585184633731842,0.4529331624507904,-0.0485689602792263,0.5883326530456543,0.5168497562408447,-0.031075369566679,0.5979825854301453,0.5520883202552795,-0.01266583800315857
0.6011916995048523,0.6997736692428589,-7.874411949160276e-07,0.523158073425293,0.6672781705856323,-0.003467655973508954,0.46837306022644043,0.5709875822067261,-0.007297617383301258,0.4624810218811035,0.47095948457717896,-0.017191456630825996,0.4773321747779846,0.3893361985683441,-0.02459147199988365,0.4731406569480896,0.5009990334510803,0.011983743868768215,0.4340287446975708,0.4395473897457123,-0.026803117245435715,0.45205649733543396,0.4944647252559662,-0.050090521574020386,0.47403761744499207,0.5470843315124512,-0.057527095079422,0.5183362364768982,0.48375219106674194,-7.173004996730015e-05,0.4942370057106018,0.4488879144191742,-0.0391547717154026,0.5134764313697815,0.5335230827331543,-0.048825155943632126,0.5289560556411743,0.5928180813789368,-0.044300395995378494,0.5661268830299377,0.47726505994796753,-0.017721835523843765,0.5412417650222778,0.4589352607727051,-0.051486946642398834,0.5550410747528076,0.5443571209907532,-0.039539191871881485,0.5677854418754578,0.5969329476356506,-0.020866157487034798,0.6169145107269287,0.4804511070251465,-0.0363948829472065,0.5851895809173584,0.45711973309516907,-0.04862715303897858,0.5872081518173218,0.5218570828437805,-0.03175237774848938,0.595443844795227,0.5597403049468994,-0.013760550878942013
0.5708757042884827,0.7207925915718079,-8.211055160245451e-07,0.49275070428848267,0.6895117163658142,-0.005423589143902063,0.43816396594047546,0.579253077507019,-0.00872296653687954,0.43354344367980957,0.4717711806297302,-0.01721840165555477,0.43589285016059875,0.3854411244392395,-0.024603024125099182,0.44330763816833496,0.49984899163246155,0.008895287290215492,0.4033464193344116,0.44768011569976807,-0.03088090382516384,0.4105246067047119,0.5051315426826477,-0.05543927848339081,0.4258202016353607,0.5606395602226257,-0.06353535503149033,0.492066353559494,0.48168808221817017,-0.0029744936618953943,0.4615376889705658,0.45304369926452637,-0.042218949645757675,0.4785088896751404,0.5447814464569092,-0.05287732556462288,0.49829503893852234,0.6060189008712769,-0.04952860623598099,0.5451638102531433,0.4769848883152008,-0.020633986219763756,0.5121209025382996,0.4617686867713928,-0.054388247430324554,0.5244826674461365,0.552730143070221,-0.04338551685214043,0.5401918888092041,0.6069806814193726,-0.025935586541891098,0.5994764566421509,0.483829528093338,-0.0393001064658165,0.5609825253486633,0.4628440737724304,-0.05215129628777504,0.5606314539909363,0.5315994024276733,-0.03608274087309837,0.5706932544708252,0.5702850222587585,-0.01895713433623314
0.5744608044624329,0.7243664264678955,-8.443693673143571e-07,0.49322009086608887,0.6923100352287292,-0.005984400864690542,0.4348721504211426,0.5836241245269775,-0.009963465854525566,0.43042731285095215,0.4769195318222046,-0.01954622007906437,0.4425591230392456,0.3889181613922119,-0.027072392404079437,0.44338083267211914,0.5006185173988342,0.011905701830983162,0.402242511510849,0.4438720941543579,-0.03023120015859604,0.41127943992614746,0.5037230253219604,-0.05572325736284256,0.42773857712745667,0.559351921081543,-0.06406944990158081,0.4913422465324402,0.48339033126831055,2.5029585231095552e-05,0.457511842250824,0.45092594623565674,-0.04149913787841797,0.47621244192123413,0.5432641506195068,-0.05167291685938835,0.4981861412525177,0.6021319031715393,-0.04668237641453743,0.5433823466300964,0.4787617325782776,-0.018217455595731735,0.5084092020988464,0.4602775573730469,-0.054879527539014816,0.5214666128158569,0.552108883857727,-0.04232194274663925,0.5392794013023376,0.6037919521331787,-0.022396884858608246,0.5979413986206055,0.4848431348800659,-0.037666186690330505,0.558720052242279,0.46108898520469666,-0.05203907564282417,0.5583892464637756,0.5305759906768799,-0.03487223759293556,0.5702341794967651,0.567599892616272,-0.01612221822142601
0.5756898522377014,0.7291485071182251,-8.593101483711507e-07,0.4920891523361206,0.6902266144752502,-0.004048557486385107,0.4351685047149658,0.5819060802459717,-0.00812425184994936,0.43013399839401245,0.47742927074432373,-0.018667330965399742,0.4407547414302826,0.3895673155784607,-0.027410704642534256,0.4445813000202179,0.5002531409263611,0.014511719346046448,0.40296968817710876,0.44186919927597046,-0.027942899614572525,0.41028255224227905,0.5013594627380371,-0.05456346273422241,0.4257984161376953,0.558836817741394,-0.06357669830322266,0.49228066205978394,0.4844810366630554,0.0014408911811187863,0.45834386348724365,0.4521705210208893,-0.04059474170207977,0.4768311679363251,0.544582724571228,-0.0526045523583889,0.4984368085861206,0.6051843166351318,-0.04892464727163315,0.5437321662902832,0.4801846146583557,-0.017724260687828064,0.5082488656044006,0.46164047718048096,-0.054461874067783356,0.5208770036697388,0.5536542534828186,-0.04294676333665848,0.5382266640663147,0.6071207523345947,-0.02373286709189415,0.5977700352668762,0.48666805028915405,-0.03795107081532478,0.5580669045448303,0.4621407389640808,-0.05195090174674988,0.5573738217353821,0.5314894914627075,-0.034533943980932236,0.5686904788017273,0.5700221657752991,-0.015567141585052013
0.5482993125915527,0.7352966070175171,-8.594531664130045e-07,0.461483359336853,0.6989423036575317,-0.0035005267709493637,0.3979963958263397,0.5874894857406616,-0.0059102377854287624,0.3914989233016968,0.47434189915657043,-0.01465634722262621,0.40305113792419434,0.3836490511894226,-0.021788522601127625,0.4137324094772339,0.49896594882011414,0.01610206626355648,0.3658340275287628,0.4436701536178589,-0.026886042207479477,0.36795103549957275,0.5005824565887451,-0.0529644712805748,0.38195157051086426,0.5560625791549683,-0.06134391203522682,0.46198442578315735,0.4810718894004822,0.0028219069354236126,0.42503055930137634,0.45428070425987244,-0.041738275438547134,0.44568711519241333,0.5483458638191223,-0.054247744381427765,0.4705699384212494,0.6078711748123169,-0.050356827676296234,0.5154359340667725,0.4751676917076111,-0.016896581277251244,0.4761452078819275,0.4613790214061737,-0.05630546435713768,0.49309149384498596,0.5543968081474304,-0.0451243631541729,0.513809084892273,0.6053388118743896,-0.025529557839035988,0.5723044872283936,0.4800967276096344,-0.037487007677555084,0.5257037281990051,0.4568186402320862,-0.05358366295695305,0.5294772982597351,0.5283119678497314,-0.03681715577840805,0.5465013980865479,0.5652881860733032,-0.01782921515405178
0.5517861843109131,0.7451995611190796,-9.063635388883995e-07,0.4616314172744751,0.7044042944908142,-0.0020383524242788553,0.39786088466644287,0.5945562720298767,-0.004157216288149357,0.39169424772262573,0.4832308888435364,-0.013897497206926346,0.40537029504776,0.3907870650291443,-0.022317415103316307,0.4159919023513794,0.5051034688949585,0.02636299654841423,0.3745538592338562,0.44666239619255066,-0.01569356396794319,0.3737350106239319,0.4991694688796997,-0.043249137699604034,0.3839176297187805,0.55061274766922,-0.053455546498298645,0.46355971693992615,0.4868055284023285,0.01160074956715107,0.42335599660873413,0.4535606801509857,-0.03378714993596077,0.44103097915649414,0.5516252517700195,-0.0483650341629982,0.4666963219642639,0.6174989342689514,-0.04472065716981888,0.5154421925544739,0.4803853929042816,-0.009862220846116543,0.4720083177089691,0.4591224193572998,-0.05131174623966217,0.4873993396759033,0.5571450591087341,-0.04046797752380371,0.5094555020332336,0.613947868347168,-0.01961139589548111,0.5713664889335632,0.4853901267051697,-0.032230839133262634,0.5236028432846069,0.4542725086212158,-0.050248052924871445,0.5261064767837524,0.5268492698669434,-0.03327812999486923,0.5424273014068604,0.5669581294059753,-0.013391047716140747
0.5507901310920715,0.7432674169540405,-8.958771786637953e-07,0.4597127139568329,0.6983680725097656,-0.0014214017428457737,0.3968072533607483,0.5880926251411438,-0.003550440538674593,0.3907604217529297,0.4769652187824249,-0.013405750505626202,0.4077056050300598,0.3862569332122803,-0.021666167303919792,0.4167211353778839,0.4995760917663574,0.023370059207081795,0.36818358302116394,0.44191497564315796,-0.018330983817577362,0.3700089454650879,0.4979970455169678,-0.044824182987213135,0.3840378224849701,0.5517899990081787,-0.05403311923146248,0.4641416370868683,0.4829616844654083,0.008639964275062084,0.42147698998451233,0.45275866985321045,-0.036882828921079636,0.44194671511650085,0.5459045171737671,-0.051372554153203964,0.46831801533699036,0.6101453304290771,-0.04774218425154686,0.5155407190322876,0.4772275388240814,-0.012372618541121483,0.4705343246459961,0.46147456765174866,-0.05335325747728348,0.48883378505706787,0.5562408566474915,-0.04355520382523537,0.5121947526931763,0.6126594543457031,-0.023497387766838074,0.571265459060669,0.4829638600349426,-0.03419490531086922,0.5218948721885681,0.45646098256111145,-0.05186866968870163,0.5257292985916138,0.5266488790512085,-0.03584674745798111,0.5428789258003235,0.5665184855461121,-0.016619114205241203
0.5218081474304199,0.7416307330131531,-9.103678735300491e-07,0.43250134587287903,0.7101557850837708,-0.002356403274461627,0.3652704358100891,0.5968188643455505,-0.004329738672822714,0.3556918799877167,0.4804878830909729,-0.013274960219860077,0.35768717527389526,0.388333797454834,-0.020555604249238968,0.36883294582366943,0.5091766119003296,0.017104797065258026,0.3214282691478729,0.43493297696113586,-0.029423590749502182,0.3336843252182007,0.49860817193984985,-0.057967741042375565,0.35351401567459106,0.56675785779953,-0.06644746661186218,0.4209510385990143,0.48815855383872986,0.0026335115544497967,0.38604649901390076,0.451856404542923,-0.04487517476081848,0.40726593136787415,0.5540151596069336,-0.058654289692640305,0.4290856122970581,0.6232131719589233,-0.05438879132270813,0.4788922369480133,0.4799889326095581,-0.01853174716234207,0.43931514024734497,0.45857036113739014,-0.06035207211971283,0.45660752058029175,0.5611695647239685,-0.04925716668367386,0.4755857288837433,0.6214088797569275,-0.02870568446815014,0.5402467846870422,0.48168203234672546,-0.040326930582523346,0.49149882793426514,0.46037426590919495,-0.058837439864873886,0.4960549771785736,0.5382526516914368,-0.04168593883514404,0.5128005743026733,0.5796149969100952,-0.021418606862425804
0.5243568420410156,0.7486760020256042,-9.964521723304642e-07,0.429129421710968,0.7149723172187805,-0.0016862258780747652,0.35959210991859436,0.6001846790313721,-0.004989830311387777,0.35043883323669434,0.481342613697052,-0.016206514090299606,0.36366552114486694,0.38619527220726013,-0.02481723204255104,0.3653784990310669,0.5109673738479614,0.016169339418411255,0.3247775435447693,0.43020308017730713,-0.030730295926332474,0.34083354473114014,0.49659818410873413,-0.05879729613661766,0.3622433543205261,0.5681313276290894,-0.06719107180833817,0.4199424982070923,0.49102798104286194,0.0005809292779304087,0.38918668031692505,0.4509950280189514,-0.046348247677087784,0.41249728202819824,0.5524054765701294,-0.05857004597783089,0.4344046413898468,0.6268513202667236,-0.05351119861006737,0.47793465852737427,0.48258084058761597,-0.021659990772604942,0.44224047660827637,0.4621991813182831,-0.062399785965681076,0.4598924517631531,0.564391016960144,-0.049785930663347244,0.47776877880096436,0.630527913570404,-0.02869044803082943,0.539901852607727,0.4841597378253937,-0.044720444828271866,0.4946758449077606,0.45852768421173096,-0.060373932123184204,0.49832963943481445,0.5351473689079285,-0.0412614680826664,0.5116266012191772,0.5823915004730225,-0.02035846933722496
0.5269376039505005,0.7551075220108032,-9.98445557343075e-07,0.4292932450771332,0.7195857763290405,-0.0029189528431743383,0.35907554626464844,0.6030138731002808,-0.007091334089636803,0.3506973087787628,0.4834694266319275,-0.01922628842294216,0.36155974864959717,0.38863420486450195,-0.028762217611074448,0.366010457277298,0.5115987658500671,0.01521091628819704,0.325835257768631,0.42698848247528076,-0.033783432096242905,0.340709924697876,0.4935484230518341,-0.06384584307670593,0.3614347577095032,0.5682280659675598,-0.0733620673418045,0.4216859042644501,0.49187496304512024,-0.0005759861087426543,0.3918249011039734,0.44988784193992615,-0.04971199110150337,0.4131152033805847,0.5540315508842468,-0.06331031769514084,0.4333610534667969,0.6320751905441284,-0.058944281190633774,0.4801237881183624,0.48432183265686035,-0.023265767842531204,0.44502556324005127,0.4618039131164551,-0.06578833609819412,0.46069836616516113,0.5651613473892212,-0.05346931144595146,0.4766702651977539,0.633837103843689,-0.032367683947086334,0.5420302152633667,0.48717036843299866,-0.046879105269908905,0.4978253245353699,0.4596092104911804,-0.06422600895166397,0.5008859634399414,0.5373759269714355,-0.04500206559896469,0.5132941007614136,0.586799681186676,-0.02366115339100361
0.5006688237190247,0.7724227905273438,-1.1256153129579616e-06,0.40237587690353394,0.7373476028442383,-0.010473278351128101,0.32876670360565186,0.6186094880104065,-0.018130086362361908,0.32274293899536133,0.48827075958251953,-0.03211117908358574,0.34657880663871765,0.38122960925102234,-0.04250481352210045,0.33715587854385376,0.5175508260726929,0.006726435851305723,0.28778988122940063,0.4409690499305725,-0.0475696362555027,0.3064798414707184,0.5152542591094971,-0.07862084358930588,0.3326762318611145,0.5876060128211975,-0.08794347941875458,0.39348435401916504,0.49295303225517273,-0.0057362946681678295,0.3587942123413086,0.46981191635131836,-0.06303241848945618,0.38382580876350403,0.589777410030365,-0.07446452975273132,0.4072088897228241,0.6715900897979736,-0.06679442524909973,0.45431962609291077,0.48336079716682434,-0.026671288534998894,0.41926664113998413,0.4733583331108093,-0.07776734232902527,0.4370233118534088,0.5924209356307983,-0.06365732848644257,0.45531246066093445,0.6672865152359009,-0.03848370537161827,0.5195655822753906,0.48723602294921875,-0.04922467842698097,0.47631484270095825,0.46210575103759766,-0.07318608462810516,0.4768226742744446,0.549909770488739,-0.05620924010872841,0.4881078004837036,0.6044566631317139,-0.03481397032737732
0.5014321804046631,0.7753669619560242,-1.1655276921374025e-06,0.4075150787830353,0.7428185343742371,-0.006193597335368395,0.33268415927886963,0.6226074695587158,-0.012437653727829456,0.3270016014575958,0.4922965168952942,-0.025545597076416016,0.34656307101249695,0.386760413646698,-0.03550208732485771,0.33624324202537537,0.5156683325767517,0.004794412292540073,0.2838042378425598,0.43207091093063354,-0.04424881562590599,0.3018713593482971,0.5044797658920288,-0.07076548784971237,0.3293673098087311,0.5799593329429626,-0.07771158963441849,0.39552953839302063,0.49188944697380066,-0.00915456935763359,0.3578370213508606,0.4652124047279358,-0.06195241957902908,0.38365185260772705,0.5824688673019409,-0.07158689200878143,0.4075125455856323,0.669231116771698,-0.06371999531984329,0.4569604694843292,0.48257046937942505,-0.030110692605376244,0.4188314378261566,0.4777594804763794,-0.07811357080936432,0.4381590485572815,0.597206711769104,-0.06471026688814163,0.4561014175415039,0.6755643486976624,-0.04134022817015648,0.5209906697273254,0.4847429096698761,-0.0519447959959507,0.47443583607673645,0.46523311734199524,-0.07480195164680481,0.4757486879825592,0.5553589463233948,-0.05765824019908905,0.4863339066505432,0.6144633889198303,-0.03682674095034599
0.5015782713890076,0.7785582542419434,-1.1754676734199165e-06,0.40425288677215576,0.7382126450538635,-0.006383335217833519,0.3311784267425537,0.6194074153900146,-0.013251825235784054,0.3249049782752991,0.4900355637073517,-0.027583647519350052,0.3444956839084625,0.38330990076065063,-0.038549765944480896,0.33739545941352844,0.5132599472999573,0.010419175960123539,0.2833873927593231,0.434323251247406,-0.03952963277697563,0.29977360367774963,0.5056557059288025,-0.06802597641944885,0.3263382315635681,0.5799751281738281,-0.0761016234755516,0.39596134424209595,0.4890158474445343,-0.0034257385414093733,0.3564108908176422,0.4691859781742096,-0.05741339176893234,0.3816378116607666,0.5846654772758484,-0.06962019950151443,0.40539103746414185,0.6722209453582764,-0.06319832056760788,0.4564500153064728,0.4782789349555969,-0.024631526321172714,0.416980504989624,0.4815038740634918,-0.0735173374414444,0.4357233941555023,0.6000203490257263,-0.06197533756494522,0.45345088839530945,0.6794594526290894,-0.03927673399448395,0.5195306539535522,0.47962820529937744,-0.046927690505981445,0.4718713164329529,0.4698067903518677,-0.06958228349685669,0.472781777381897,0.5599091053009033,-0.05337856709957123,0.48300236463546753,0.6193235516548157,-0.032853078097105026
0.4900166988372803,0.7973166704177856,-1.25003259654477e-06,0.39119061827659607,0.7610009908676147,-0.01044092420488596,0.31211549043655396,0.6356300711631775,-0.017821315675973892,0.30700796842575073,0.49752897024154663,-0.03219737857580185,0.33055752515792847,0.3840222656726837,-0.04271618276834488,0.3218942880630493,0.5260708332061768,0.0106735834851861,0.2629777789115906,0.45039135217666626,-0.04637087136507034,0.2844572067260742,0.5281983017921448,-0.07837144285440445,0.31562429666519165,0.6028090715408325,-0.08747361600399017,0.3811313509941101,0.4997894763946533,-0.0021325259003788233,0.3383144736289978,0.4838407039642334,-0.06623148918151855,0.366418719291687,0.6144099235534668,-0.07886776328086853,0.39277756214141846,0.7036426067352295,-0.06936334818601608,0.44368410110473633,0.49011552333831787,-0.023937057703733444,0.3999246656894684,0.49176329374313354,-0.08265244960784912,0.4202185869216919,0.6232581734657288,-0.06859740614891052,0.4396747946739197,0.7032157182693481,-0.04024079442024231,0.5091248154640198,0.4938547909259796,-0.04715724661946297,0.4568879008293152,0.4778757691383362,-0.075991190969944,0.4601719379425049,0.5735582113265991,-0.05913950875401497,0.474312424659729,0.6301314234733582,-0.035716746002435684
0.4919652044773102,0.7993212938308716,-1.2211726243549492e-06,0.39083272218704224,0.7617155313491821,-0.010062760673463345,0.31112974882125854,0.6423428058624268,-0.018902556970715523,0.3028970956802368,0.507634699344635,-0.035041920840740204,0.3242763876914978,0.39215022325515747,-0.04745674505829811,0.32391679286956787,0.5255164504051208,0.008469450287520885,0.263588011264801,0.44538143277168274,-0.04550265148282051,0.2777319550514221,0.5202710032463074,-0.07440058141946793,0.3044423460960388,0.5951914191246033,-0.08157940953969955,0.3840985596179962,0.49955806136131287,-0.004830357152968645,0.3394708037376404,0.4793413281440735,-0.06579745560884476,0.36440593004226685,0.6045341491699219,-0.07847011834383011,0.38984954357147217,0.6940194368362427,-0.06947730481624603,0.4466214179992676,0.4896751940250397,-0.026282627135515213,0.4031350910663605,0.49598464369773865,-0.08351261913776398,0.42172521352767944,0.6252120733261108,-0.071840301156044,0.4406583309173584,0.706204354763031,-0.045290589332580566,0.5116179585456848,0.49155765771865845,-0.04877294972538948,0.4608854055404663,0.4746982455253601,-0.07704129815101624,0.4626730978488922,0.5692974925041199,-0.06059308722615242,0.47500184178352356,0.6308681964874268,-0.03738215193152428
0.49214357137680054,0.7996923327445984,-1.2244147455930943e-06,0.39150774478912354,0.760163426399231,-0.009628315456211567,0.31200793385505676,0.6409320831298828,-0.018581626936793327,0.30406874418258667,0.5064521431922913,-0.03502531349658966,0.32657361030578613,0.3914061486721039,-0.04767736792564392,0.3231910467147827,0.5278448462486267,0.008599941618740559,0.2617940902709961,0.44620031118392944,-0.04522646963596344,0.2775379419326782,0.5216115713119507,-0.07428569346666336,0.30560609698295593,0.5975889563560486,-0.08150308579206467,0.3832373023033142,0.5017973780632019,-0.004694655537605286,0.3391595482826233,0.4795228838920593,-0.06569477915763855,0.36544373631477356,0.6041691899299622,-0.07833720743656158,0.39108774065971375,0.6939070820808411,-0.06924470514059067,0.44537419080734253,0.49126335978507996,-0.02600865811109543,0.402965784072876,0.49450260400772095,-0.08258486539125443,0.4225919544696808,0.6235413551330566,-0.07022980600595474,0.4417424499988556,0.704645574092865,-0.043299224227666855,0.5101860761642456,0.4925522804260254,-0.04840563237667084,0.46077725291252136,0.47402265667915344,-0.07553315162658691,0.4625919461250305,0.5681050419807434,-0.05834105238318443,0.47467827796936035,0.6293725967407227,-0.03478333726525307
0.4855305254459381,0.8193703889846802,-1.2740179045067634e-06,0.37584182620048523,0.7746813297271729,-0.00973066221922636,0.2953171730041504,0.6477834582328796,-0.017429178580641747,0.28947514295578003,0.5090594291687012,-0.03303264454007149,0.3156619966030121,0.3920450806617737,-0.04424121975898743,0.3089229464530945,0.533117413520813,0.015222892165184021,0.24886560440063477,0.46431854367256165,-0.04236944392323494,0.2715890407562256,0.5494867563247681,-0.07524652779102325,0.3023466467857361,0.6282356381416321,-0.08451057970523834,0.3700631260871887,0.5074769258499146,0.0015838202089071274,0.3237096965312958,0.4997694492340088,-0.0627121701836586,0.3554745316505432,0.6294689178466797,-0.07661622017621994,0.38328948616981506,0.7175811529159546,-0.06774017959833145,0.434123694896698,0.4984980821609497,-0.02123083919286728,0.3885875940322876,0.5099278688430786,-0.08033199608325958,0.4119708240032196,0.6440111994743347,-0.06639481335878372,0.43293142318725586,0.7269355058670044,-0.03744034841656685,0.5005728602409363,0.5032761693000793,-0.04559389129281044,0.44711342453956604,0.4927564561367035,-0.07332240045070648,0.4518831670284271,0.5900806188583374,-0.05514690279960632,0.46683767437934875,0.6487346887588501,-0.030322659760713577
0.4875394105911255,0.8188244104385376,-1.3088135801808676e-06,0.38086020946502686,0.7745538949966431,-0.011947555467486382,0.2987254858016968,0.655998170375824,-0.022346584126353264,0.2892453670501709,0.519271194934845,-0.039713166654109955,0.3147042393684387,0.40045857429504395,-0.05259658396244049,0.31198400259017944,0.5343047380447388,0.005114847794175148,0.24613414704799652,0.46526288986206055,-0.05202631279826164,0.26772820949554443,0.549809455871582,-0.08236627280712128,0.299477756023407,0.6288277506828308,-0.08987536281347275,0.3742865324020386,0.5078470706939697,-0.007361364085227251,0.3246958255767822,0.502483069896698,-0.07191650569438934,0.35771122574806213,0.6349272131919861,-0.08418736606836319,0.3869284987449646,0.7232920527458191,-0.07431399822235107,0.43853795528411865,0.4981485605239868,-0.02833368256688118,0.3921092748641968,0.5136505365371704,-0.0888441652059555,0.41552770137786865,0.6486108899116516,-0.07563821226358414,0.4369416832923889,0.7311001420021057,-0.04692899435758591,0.5057222247123718,0.5020676851272583,-0.05056668445467949,0.45376068353652954,0.490650475025177,-0.08052732050418854,0.4561055898666382,0.5901268720626831,-0.06373279541730881,0.4687730669975281,0.6533973813056946,-0.039527326822280884
0.4852081537246704,0.8196187615394592,-1.299871883020387e-06,0.3783027231693268,0.7730875015258789,-0.012183284386992455,0.2978461980819702,0.6539481282234192,-0.022908560931682587,0.2891920506954193,0.5178720355033875,-0.040764376521110535,0.3153436481952667,0.398747980594635,-0.054136309772729874,0.3130074441432953,0.5320584177970886,0.006755199749022722,0.24714124202728271,0.46461981534957886,-0.05104714259505272,0.26736557483673096,0.5501744747161865,-0.08200252056121826,0.2982999086380005,0.6289981603622437,-0.08974112570285797,0.37453699111938477,0.5062789916992188,-0.005783996544778347,0.32444533705711365,0.5029463768005371,-0.07082055509090424,0.3565601110458374,0.6340522170066833,-0.08394534885883331,0.38547226786613464,0.7202543020248413,-0.07452792674303055,0.43846383690834045,0.49733632802963257,-0.026976563036441803,0.392185777425766,0.5140219926834106,-0.08823740482330322,0.41472700238227844,0.6492370963096619,-0.07532433420419693,0.43538060784339905,0.7309859991073608,-0.04649077355861664,0.5052443742752075,0.5020973682403564,-0.04943425953388214,0.4530140459537506,0.4904371500015259,-0.07951037585735321,0.4555888772010803,0.5901694893836975,-0.06235693022608757,0.4684622585773468,0.6528027057647705,-0.03763959929347038
0.4793130159378052,0.8341620564460754,-1.3026217402511975e-06,0.37396109104156494,0.7921348214149475,-0.012405527755618095,0.29109662771224976,0.6634039878845215,-0.020113253965973854,0.2830200791358948,0.5243533849716187,-0.035787198692560196,0.30509740114212036,0.4078466296195984,-0.046020809561014175,0.30018678307533264,0.5501078367233276,0.017940238118171692,0.2336423695087433,0.4794098436832428,-0.042039141058921814,0.25982239842414856,0.5632050633430481,-0.07555278390645981,0.2943609356880188,0.6397237181663513,-0.0845160037279129,0.3625330328941345,0.5217550992965698,0.005251891911029816,0.3131873905658722,0.5165226459503174,-0.0648326575756073,0.3517167866230011,0.6511302590370178,-0.07966487109661102,0.38221585750579834,0.7380697727203369,-0.06957142055034637,0.4273970127105713,0.5100135207176208,-0.017550436779856682,0.380074679851532,0.5198227167129517,-0.08161334693431854,0.4062603712081909,0.657860279083252,-0.06710156053304672,0.4280082583427429,0.7413758039474487,-0.035825975239276886,0.494087815284729,0.5109479427337646,-0.04229569062590599,0.44131818413734436,0.5009413361549377,-0.07278183102607727,0.44520068168640137,0.6000252962112427,-0.05520790442824364,0.45903903245925903,0.6600869297981262,-0.02969352900981903
0.4792902171611786,0.8347950577735901,-1.325224616266496e-06,0.3666297197341919,0.7884789705276489,-0.011811983771622181,0.28590908646583557,0.6648996472358704,-0.021911775693297386,0.2789222002029419,0.5280028581619263,-0.039855390787124634,0.30241116881370544,0.4088766574859619,-0.053088098764419556,0.30009472370147705,0.5457334518432617,0.011883540078997612,0.23360277712345123,0.48004260659217834,-0.04803125560283661,0.2575615644454956,0.5641772150993347,-0.08179393410682678,0.2913282513618469,0.6428971886634827,-0.09109444171190262,0.36284804344177246,0.5162064433097839,-0.0016065475065261126,0.314791738986969,0.520039439201355,-0.0701809823513031,0.35068726539611816,0.6555742621421814,-0.08520244807004929,0.3816782236099243,0.7445592880249023,-0.07610295712947845,0.4287687838077545,0.5050113797187805,-0.02440345473587513,0.38268783688545227,0.5270386934280396,-0.08779820799827576,0.40756604075431824,0.6647459864616394,-0.07488402724266052,0.4299447238445282,0.7485095262527466,-0.045217156410217285,0.49710017442703247,0.5074005722999573,-0.048835381865501404,0.44479891657829285,0.49961745738983154,-0.07978519797325134,0.4477493464946747,0.599848747253418,-0.0625060424208641,0.46073657274246216,0.6627370715141296,-0.03715234622359276
0.4789925813674927,0.8353449106216431,-1.3325217196324957e-06,0.366729736328125,0.789635181427002,-0.01212327554821968,0.28598031401634216,0.6654026508331299,-0.022311614826321602,0.27941617369651794,0.5278195142745972,-0.040067583322525024,0.3035641610622406,0.40869632363319397,-0.053156740963459015,0.30039122700691223,0.5435861349105835,0.01035077404230833,0.23330679535865784,0.4796903431415558,-0.04936731234192848,0.2562418580055237,0.5642312169075012,-0.08289427310228348,0.28950172662734985,0.6429563760757446,-0.09208176285028458,0.3634026348590851,0.5143618583679199,-0.0027464539743959904,0.3142561614513397,0.5209245085716248,-0.07106184959411621,0.3503936529159546,0.6563910245895386,-0.08588536828756332,0.38166770339012146,0.7458226680755615,-0.07682539522647858,0.42929473519325256,0.5036561489105225,-0.025004034861922264,0.38213175535202026,0.5279127359390259,-0.08806047588586807,0.4074087142944336,0.6654719114303589,-0.07512173801660538,0.4299791157245636,0.7498637437820435,-0.045672912150621414,0.4973262846469879,0.5067751407623291,-0.048923999071121216,0.44448140263557434,0.500388503074646,-0.08011233806610107,0.4475070536136627,0.6009253859519958,-0.06317536532878876,0.4603600800037384,0.6645733714103699,-0.03807416185736656
0.47247257828712463,0.8380635976791382,-1.3426633813651279e-06,0.36356326937675476,0.7922948598861694,-0.011717854999005795,0.2834304869174957,0.6650273203849792,-0.020520677790045738,0.2773500680923462,0.5304581522941589,-0.03723582625389099,0.29913756251335144,0.4132395386695862,-0.04904286935925484,0.2940661907196045,0.5447941422462463,0.015547160059213638,0.2247283011674881,0.4831364154815674,-0.04314074292778969,0.2501584589481354,0.570173442363739,-0.077010378241539,0.2848860025405884,0.6481258273124695,-0.0866834819316864,0.35639688372612,0.514294445514679,0.002187479520216584,0.3065929412841797,0.5285008549690247,-0.06442726403474808,0.34290623664855957,0.6624930500984192,-0.07969110459089279,0.37285372614860535,0.747455894947052,-0.07118849456310272,0.4221336841583252,0.5042235851287842,-0.020701192319393158,0.3728530704975128,0.5329466462135315,-0.08144185692071915,0.39889389276504517,0.6693646311759949,-0.06760093569755554,0.4209672510623932,0.7497893571853638,-0.03814741224050522,0.48943236470222473,0.5087069272994995,-0.045535143464803696,0.43457701802253723,0.5108420848846436,-0.07410940527915955,0.4396531581878662,0.6105345487594604,-0.05588469281792641,0.4543442726135254,0.6684380173683167,-0.030268343165516853
0.47134700417518616,0.8395881652832031,-1.3566243524110178e-06,0.36057281494140625,0.7937337756156921,-0.012655097059905529,0.27943724393844604,0.6666544675827026,-0.022147012874484062,0.2736724615097046,0.5296450257301331,-0.039047691971063614,0.2975749969482422,0.41146284341812134,-0.05107441544532776,0.29322296380996704,0.5462655425071716,0.010514832101762295,0.2250598520040512,0.48366326093673706,-0.048514172434806824,0.25036323070526123,0.571363627910614,-0.08185986429452896,0.28450196981430054,0.6508577466011047,-0.09113654494285583,0.35659492015838623,0.5161057114601135,-0.002227809512987733,0.3069612681865692,0.5282394886016846,-0.0697062611579895,0.3426426947116852,0.663803219795227,-0.08466030657291412,0.37228962779045105,0.7526035308837891,-0.07593514770269394,0.42268282175064087,0.5056744813919067,-0.02422463893890381,0.3738403022289276,0.534318745136261,-0.0861097201704979,0.39924874901771545,0.6713080406188965,-0.07307131588459015,0.4209761619567871,0.7546969652175903,-0.043912507593631744,0.4899924397468567,0.5092615485191345,-0.0480613149702549,0.43609917163848877,0.5075381994247437,-0.07853066176176071,0.44076475501060486,0.6071105003356934,-0.06141331046819687,0.4549389183521271,0.6680285930633545,-0.03627924621105194
0.4710061848163605,0.8418982028961182,-1.3669944110006327e-06,0.3604874312877655,0.7959360480308533,-0.012514153495430946,0.2796024680137634,0.6679410934448242,-0.021832067519426346,0.273855984210968,0.5296791195869446,-0.038526859134435654,0.2973899841308594,0.4108737111091614,-0.05052245780825615,0.29453349113464355,0.5471930503845215,0.011013251729309559,0.22670720517635345,0.4837881922721863,-0.047286104410886765,0.2512943148612976,0.571317195892334,-0.0805705115199089,0.284731388092041,0.6520940065383911,-0.08996682614088058,0.35812485218048096,0.5173268914222717,-0.0016384745249524713,0.30778762698173523,0.5281537175178528,-0.06832820922136307,0.3425005376338959,0.6642418503761292,-0.08353069424629211,0.37203449010849,0.755642294883728,-0.07525495439767838,0.4240837097167969,0.5068892240524292,-0.02348650060594082,0.3742256760597229,0.5339913368225098,-0.0849272832274437,0.3985171914100647,0.6708598136901855,-0.07257088273763657,0.42015376687049866,0.7564691305160522,-0.04409920051693916,0.4909254014492035,0.5098860263824463,-0.04714003950357437,0.4368453621864319,0.5068157911300659,-0.07810835540294647,0.44107142090797424,0.6058716773986816,-0.061744797974824905,0.45507580041885376,0.668300449848175,-0.03718937560915947
0.4678639769554138,0.8407503962516785,-1.3291289633343695e-06,0.35804182291030884,0.7916552424430847,-0.014212314039468765,0.2789143919944763,0.6634758710861206,-0.02378659136593342,0.2748490273952484,0.5268564820289612,-0.04086149111390114,0.2970672845840454,0.40885624289512634,-0.05311301350593567,0.29216232895851135,0.5389978885650635,0.013719701208174229,0.22307534515857697,0.4812414050102234,-0.04515165463089943,0.24656552076339722,0.5669522881507874,-0.0794820562005043,0.2807624340057373,0.6440925002098083,-0.08936893939971924,0.35611796379089355,0.509221613407135,0.0014553734799847007,0.3059322237968445,0.5250237584114075,-0.06551527231931686,0.34149807691574097,0.6593300104141235,-0.08192622661590576,0.37242481112480164,0.7467867732048035,-0.07409002631902695,0.42245569825172424,0.5009171962738037,-0.020418135449290276,0.37397047877311707,0.5309084057807922,-0.08214037120342255,0.3990771174430847,0.6675961017608643,-0.069890595972538,0.4216673970222473,0.7510389089584351,-0.04104646295309067,0.4895421266555786,0.5064377784729004,-0.04442157596349716,0.4381519854068756,0.5013900995254517,-0.07498680800199509,0.4418151080608368,0.5977636575698853,-0.05814015865325928,0.4548891484737396,0.6579341888427734,-0.03288952633738518
0.4661240577697754,0.8413451910018921,-1.3448421896100626e-06,0.35566985607147217,0.7933945655822754,-0.012846008874475956,0.2774166166782379,0.662799060344696,-0.021581681445240974,0.2737414240837097,0.5255795121192932,-0.03817185387015343,0.2970770299434662,0.4083089232444763,-0.049931883811950684,0.2928905189037323,0.5411341786384583,0.01477317325770855,0.2240697145462036,0.4802424907684326,-0.044389206916093826,0.24744008481502533,0.5670932531356812,-0.07824648171663284,0.28127530217170715,0.6458491683006287,-0.08741704374551773,0.3567325472831726,0.5122286677360535,0.0020226002670824528,0.30532222986221313,0.5228754878044128,-0.06565350294113159,0.3405163288116455,0.6577486395835876,-0.08169353008270264,0.37082037329673767,0.7467019557952881,-0.07315294444561005,0.4229682683944702,0.5032451748847961,-0.02027915045619011,0.3728976249694824,0.5309784412384033,-0.08307230472564697,0.39843329787254333,0.6686445474624634,-0.07093904167413712,0.4211214482784271,0.7530099153518677,-0.04154278710484505,0.4899839162826538,0.5072122812271118,-0.04445642977952957,0.4368865489959717,0.5006712675094604,-0.07521381229162216,0.44076716899871826,0.5973891615867615,-0.058223657310009,0.4544028043746948,0.6581389307975769,-0.032678812742233276
0.4702703654766083,0.8374195694923401,-1.3199119166529272e-06,0.35879313945770264,0.791846752166748,-0.013914908282458782,0.2787953317165375,0.6619115471839905,-0.022793523967266083,0.2752632796764374,0.5218930244445801,-0.03902001678943634,0.2968306243419647,0.4033282399177551,-0.05027236044406891,0.29181066155433655,0.5356384515762329,0.014847579412162304,0.2229739874601364,0.4750305414199829,-0.04349298030138016,0.2468789517879486,0.5601558685302734,-0.0771404430270195,0.2819494605064392,0.6387998461723328,-0.08657532185316086,0.3569982051849365,0.5046030282974243,0.0026948514860123396,0.30539625883102417,0.5143074989318848,-0.0640217587351799,0.33997058868408203,0.6487487554550171,-0.07994629442691803,0.3710349202156067,0.7382451295852661,-0.07159788906574249,0.42401123046875,0.4947889447212219,-0.01919311285018921,0.37443897128105164,0.5239031910896301,-0.08088885247707367,0.3984719216823578,0.6622117757797241,-0.06891074776649475,0.42060142755508423,0.7474827766418457,-0.04020727425813675,0.49208569526672363,0.4991545081138611,-0.04318821430206299,0.43971842527389526,0.49781161546707153,-0.07374054938554764,0.44139519333839417,0.5976850390434265,-0.05743608996272087,0.4528089165687561,0.6600089073181152,-0.03273559734225273
0.4720357358455658,0.8352797031402588,-1.3224230315245222e-06,0.3591843843460083,0.790934681892395,-0.014621494337916374,0.2775001525878906,0.6615344285964966,-0.024419430643320084,0.27363309264183044,0.5210018157958984,-0.041574154049158096,0.2994515895843506,0.4014759063720703,-0.05350024998188019,0.2926313579082489,0.537420928478241,0.013179839588701725,0.22286750376224518,0.47342154383659363,-0.04625392332673073,0.2463509738445282,0.5594098567962646,-0.08050894737243652,0.2813010811805725,0.6379057765007019,-0.09033910930156708,0.35668936371803284,0.5070228576660156,0.0010888370452448726,0.3055954873561859,0.5138469934463501,-0.06664668768644333,0.34022894501686096,0.6483311653137207,-0.08222595602273941,0.370963454246521,0.737362802028656,-0.07368022203445435,0.4228619635105133,0.49705660343170166,-0.02085992507636547,0.37438398599624634,0.5204259753227234,-0.08321412652730942,0.39814865589141846,0.6590859889984131,-0.07039287686347961,0.42014822363853455,0.7445076704025269,-0.04110966622829437,0.4906694293022156,0.5008564591407776,-0.04499226436018944,0.4385962188243866,0.49399158358573914,-0.0757819265127182,0.44090235233306885,0.5937841534614563,-0.0589778758585453,0.4536800980567932,0.656433641910553,-0.033971913158893585
0.47276657819747925,0.8348373174667358,-1.3404592209553812e-06,0.3586333990097046,0.7903393507003784,-0.013140592724084854,0.2763914465904236,0.6605890393257141,-0.02272525057196617,0.2717498242855072,0.5199881792068481,-0.03979048505425453,0.2971855700016022,0.40024644136428833,-0.05193280428647995,0.29438430070877075,0.5380653738975525,0.012390000745654106,0.2252938598394394,0.47366824746131897,-0.04640636593103409,0.24785116314888,0.5603119730949402,-0.08000921458005905,0.2817802429199219,0.6403074860572815,-0.08943403512239456,0.3575580418109894,0.5093679428100586,-0.0001527143904240802,0.30614086985588074,0.5148428082466125,-0.0670771598815918,0.33976539969444275,0.6490784883499146,-0.08243965357542038,0.37075793743133545,0.7383260130882263,-0.07405662536621094,0.4230014681816101,0.4997059106826782,-0.02218191884458065,0.3738641142845154,0.5221737027168274,-0.0840417668223381,0.397117018699646,0.6598255038261414,-0.07170837372541428,0.41969743371009827,0.7446620464324951,-0.04296712204813957,0.49026113748550415,0.5029008388519287,-0.046099890023469925,0.43682214617729187,0.49467721581459045,-0.07667198777198792,0.4396113455295563,0.5941734313964844,-0.0600113570690155,0.4535819888114929,0.6569052338600159,-0.03524395823478699
0.47190919518470764,0.8329282402992249,-1.334041598965996e-06,0.3587462306022644,0.7865048050880432,-0.013448015786707401,0.27767276763916016,0.6577653288841248,-0.02320297248661518,0.2731805741786957,0.5186452865600586,-0.04035519063472748,0.2962581217288971,0.39903098344802856,-0.05264502391219139,0.2910407781600952,0.5350521802902222,0.010968782939016819,0.22138474881649017,0.46994632482528687,-0.047270964831113815,0.24454231560230255,0.5554975271224976,-0.07994897663593292,0.2787044644355774,0.6350052952766418,-0.08872728049755096,0.3559560477733612,0.5055134296417236,-0.001641883747652173,0.30423110723495483,0.5131976008415222,-0.06782811880111694,0.3407672345638275,0.6473970413208008,-0.08265964686870575,0.37290847301483154,0.7359713315963745,-0.07411942631006241,0.423120379447937,0.49575987458229065,-0.023584196344017982,0.37307000160217285,0.520146906375885,-0.08409619331359863,0.39876818656921387,0.6572098135948181,-0.07104363292455673,0.4223761558532715,0.7417455911636353,-0.04242638498544693,0.49195098876953125,0.49933525919914246,-0.047551244497299194,0.43844836950302124,0.492409884929657,-0.07710029929876328,0.4410884976387024,0.5915969014167786,-0.059945885092020035,0.4537661671638489,0.6546207666397095,-0.035196803510189056
0.4732021391391754,0.8312073349952698,-1.3332454500414315e-06,0.35859420895576477,0.7862464189529419,-0.013897576369345188,0.27551719546318054,0.6590995192527771,-0.0246576014906168,0.2702473998069763,0.5187801122665405,-0.04269162565469742,0.2967084050178528,0.3976544141769409,-0.05583474412560463,0.29062503576278687,0.5361044406890869,0.009164015762507915,0.22148476541042328,0.46976375579833984,-0.050893623381853104,0.24437882006168365,0.5553829073905945,-0.08516015112400055,0.27746105194091797,0.6354460120201111,-0.09501472860574722,0.35517939925193787,0.5069634318351746,-0.0033951448276638985,0.3053067624568939,0.5126147270202637,-0.0717248022556305,0.340445339679718,0.6471524834632874,-0.08735207468271255,0.37025949358940125,0.7373489737510681,-0.07926280796527863,0.4224218726158142,0.49670249223709106,-0.025313500314950943,0.3735188841819763,0.5185616612434387,-0.08809290081262589,0.3976127505302429,0.6560736894607544,-0.07558875530958176,0.4190828204154968,0.7420451641082764,-0.04696199670433998,0.49157214164733887,0.49969252943992615,-0.04910844564437866,0.4372381567955017,0.4912220537662506,-0.0807577595114708,0.44030308723449707,0.5917081832885742,-0.06409567594528198,0.4534837305545807,0.6563271880149841,-0.039346203207969666
0.47371238470077515,0.8311320543289185,-1.3408866834652144e-06,0.3580818474292755,0.7866472005844116,-0.013155844062566757,0.2758856415748596,0.656129777431488,-0.023188909515738487,0.2715804874897003,0.5155398845672607,-0.04061717167496681,0.2957296073436737,0.394905149936676,-0.0532904677093029,0.2918170988559723,0.5367737412452698,0.009516197256743908,0.2230105996131897,0.4692797362804413,-0.049959275871515274,0.24563468992710114,0.5552436113357544,-0.08343619108200073,0.27887052297592163,0.6361283659934998,-0.09267277270555496,0.3558317720890045,0.5080224871635437,-0.003367208642885089,0.3051154911518097,0.5114179253578186,-0.0711207464337349,0.3403349816799164,0.6466364860534668,-0.08592381328344345,0.3713919520378113,0.7375956177711487,-0.0772334635257721,0.42256003618240356,0.4975503087043762,-0.025630619376897812,0.3728952407836914,0.5197515487670898,-0.08770274370908737,0.3979809284210205,0.6570810079574585,-0.0749146118760109,0.4207993149757385,0.7427012920379639,-0.04626614972949028,0.49111655354499817,0.49961262941360474,-0.04975615069270134,0.43666788935661316,0.4912461042404175,-0.08055029064416885,0.4405503273010254,0.5923593044281006,-0.06355192512273788,0.45436757802963257,0.6568231582641602,-0.038850706070661545
0.4734194874763489,0.8327266573905945,-1.3375505432122736e-06,0.3583185076713562,0.7864264249801636,-0.013617063872516155,0.27642732858657837,0.6566390991210938,-0.023618122562766075,0.2717103064060211,0.5166172981262207,-0.04142880439758301,0.29480573534965515,0.3958962559700012,-0.05452198535203934,0.29103782773017883,0.5400058627128601,0.012812563218176365,0.22180533409118652,0.4706648588180542,-0.047647614032030106,0.24678915739059448,0.5562787652015686,-0.08203522115945816,0.281048983335495,0.636523962020874,-0.09153194725513458,0.355121374130249,0.5102574825286865,-0.00015633848670404404,0.3034314811229706,0.5107126235961914,-0.06931473314762115,0.3393731713294983,0.6476802825927734,-0.08514561504125595,0.3709935247898102,0.7400422692298889,-0.07636669278144836,0.4217338263988495,0.4988166391849518,-0.022970087826251984,0.37219470739364624,0.5186849236488342,-0.08766971528530121,0.3980869948863983,0.6590075492858887,-0.07565406709909439,0.4214630722999573,0.7464690804481506,-0.04621103033423424,0.4897651970386505,0.4999883770942688,-0.04757525399327278,0.435417503118515,0.4905354380607605,-0.08022463321685791,0.4403303861618042,0.5931622385978699,-0.06342115253210068,0.4550325572490692,0.6586764454841614,-0.03809578716754913
0.4731764793395996,0.8329248428344727,-1.3281268138598534e-06,0.3578486442565918,0.7852241396903992,-0.01334411185234785,0.27651917934417725,0.6557128429412842,-0.023194916546344757,0.27138394117355347,0.5162641406059265,-0.0408979207277298,0.29453548789024353,0.3954147696495056,-0.05395207554101944,0.29034385085105896,0.5397634506225586,0.014059607870876789,0.22129575908184052,0.47158926725387573,-0.04621616005897522,0.24722781777381897,0.5565662980079651,-0.08104115724563599,0.28191250562667847,0.6364227533340454,-0.09083162248134613,0.35444092750549316,0.5106655359268188,0.001062990166246891,0.30414751172065735,0.5118696093559265,-0.0674818754196167,0.34011906385421753,0.647909939289093,-0.08378224074840546,0.37079495191574097,0.7395925521850586,-0.07552499324083328,0.42136508226394653,0.4999052882194519,-0.021708039566874504,0.37231066823005676,0.5185121893882751,-0.08603043854236603,0.3974247872829437,0.6587331295013428,-0.07406936585903168,0.4196679890155792,0.746171236038208,-0.044803936034440994,0.4897744953632355,0.5020703673362732,-0.046224143356084824,0.4356582760810852,0.49121958017349243,-0.07861197739839554,0.44008582830429077,0.5943799018859863,-0.06137707456946373,0.454092800617218,0.6605748534202576,-0.0357498936355114
0.4761667847633362,0.8337262272834778,-1.3650080745719606e-06,0.3620344400405884,0.7892865538597107,-0.012497666291892529,0.2779357135295868,0.6590049266815186,-0.021738585084676743,0.27155137062072754,0.5182236433029175,-0.0387335903942585,0.29618072509765625,0.39785391092300415,-0.051035165786743164,0.29519838094711304,0.5403248071670532,0.009900449775159359,0.2244722992181778,0.46990954875946045,-0.049888741225004196,0.24589605629444122,0.5567870140075684,-0.08231457322835922,0.27905580401420593,0.635720431804657,-0.09055963158607483,0.3589029014110565,0.5116196274757385,-0.0032941403333097696,0.30583566427230835,0.5115253925323486,-0.07216980308294296,0.34122779965400696,0.6495768427848816,-0.08596982806921005,0.3736390173435211,0.7398713827133179,-0.07579411566257477,0.4250931441783905,0.5006482601165771,-0.025961337611079216,0.3742668032646179,0.5205937027931213,-0.08998335897922516,0.3999689817428589,0.6602518558502197,-0.07683944702148438,0.4241320788860321,0.7452802658081055,-0.04682878404855728,0.49320563673973083,0.5018588900566101,-0.050277963280677795,0.4383770823478699,0.4896383285522461,-0.08210200071334839,0.442352831363678,0.591075599193573,-0.06503863632678986,0.4570322036743164,0.6556254029273987,-0.039756909012794495
0.47508206963539124,0.8345528841018677,-1.3574391459769686e-06,0.3596520721912384,0.7877973318099976,-0.01244269497692585,0.2770596146583557,0.6567397117614746,-0.021989118307828903,0.2714788615703583,0.5169684886932373,-0.039245426654815674,0.2960326671600342,0.39689701795578003,-0.051827166229486465,0.295399934053421,0.5361776947975159,0.010617775842547417,0.22579626739025116,0.47048434615135193,-0.04923655465245247,0.24648767709732056,0.5567023754119873,-0.0824032872915268,0.2793394923210144,0.6349858045578003,-0.09122968465089798,0.3587267994880676,0.5084384679794312,-0.002704459009692073,0.3068697154521942,0.5125986337661743,-0.07111091166734695,0.3414682447910309,0.6499053239822388,-0.08554966002702713,0.3733402192592621,0.7392863035202026,-0.07609328627586365,0.4247756004333496,0.4989670515060425,-0.025446923449635506,0.37418124079704285,0.5216853618621826,-0.08887556195259094,0.399498850107193,0.6606184244155884,-0.07565769553184509,0.4235045611858368,0.7443563938140869,-0.04588095098733902,0.4929892122745514,0.5023581981658936,-0.0498877614736557,0.4378807246685028,0.4910491406917572,-0.08093126118183136,0.4414013624191284,0.5917407870292664,-0.06335034221410751,0.4556705355644226,0.654899537563324,-0.03785059228539467
0.47512054443359375,0.8341650366783142,-1.3485993122230866e-06,0.3601810336112976,0.7889367341995239,-0.013212530873715878,0.27772122621536255,0.6586053967475891,-0.0230050478130579,0.27203449606895447,0.5183137655258179,-0.04035969078540802,0.29611220955848694,0.3982800245285034,-0.052883848547935486,0.2952146530151367,0.5362944602966309,0.010422722436487675,0.22460822761058807,0.47040197253227234,-0.049948275089263916,0.2454928159713745,0.5570176839828491,-0.08340895175933838,0.2786894738674164,0.6350091695785522,-0.09237334877252579,0.3589078485965729,0.5080897212028503,-0.0026535741053521633,0.3060145974159241,0.5118138790130615,-0.0711963027715683,0.3405572474002838,0.6483535766601562,-0.08576595783233643,0.37234729528427124,0.7369914054870605,-0.07645180076360703,0.42521241307258606,0.4986475706100464,-0.025291334837675095,0.3739861845970154,0.5211461782455444,-0.08908199518918991,0.39901721477508545,0.6602787375450134,-0.07596933841705322,0.42269986867904663,0.74410080909729,-0.046237122267484665,0.49366044998168945,0.5021644830703735,-0.04972811043262482,0.4385121464729309,0.49138906598091125,-0.08147022873163223,0.44164854288101196,0.5920438766479492,-0.06440438330173492,0.4555828273296356,0.6553155779838562,-0.03914935141801834
0.48509201407432556,0.8282997012138367,-1.3240314729046077e-06,0.36983728408813477,0.7825220823287964,-0.013099691830575466,0.28337258100509644,0.6545878648757935,-0.022858744487166405,0.27631476521492004,0.513749361038208,-0.039668239653110504,0.3034062385559082,0.39269745349884033,-0.05133581906557083,0.2982001304626465,0.5317494869232178,0.008515140041708946,0.2297133356332779,0.4639923572540283,-0.04856761544942856,0.25377869606018066,0.5486615896224976,-0.0789838433265686,0.2886507213115692,0.6291564702987671,-0.0864112451672554,0.3627004623413086,0.50238436460495,-0.003962069284170866,0.3127458691596985,0.5049129724502563,-0.07023394852876663,0.3506634533405304,0.6407079100608826,-0.0830787941813469,0.38505202531814575,0.7298377156257629,-0.07274700701236725,0.4297839105129242,0.4928346872329712,-0.025443146005272865,0.3832445740699768,0.5123533010482788,-0.08659278601408005,0.4083138406276703,0.6510323286056519,-0.07217320799827576,0.43203580379486084,0.7349323630332947,-0.04225241765379906,0.49936971068382263,0.4975263774394989,-0.048756878823041916,0.44878342747688293,0.4895020127296448,-0.07871047407388687,0.45207202434539795,0.590546727180481,-0.06105641648173332,0.4659196138381958,0.6528667211532593,-0.03585308790206909
0.4841587245464325,0.8282342553138733,-1.3549412187785492e-06,0.3697151839733124,0.7837522625923157,-0.01388389803469181,0.28400012850761414,0.6553496718406677,-0.02442925237119198,0.27662789821624756,0.5125086903572083,-0.042188357561826706,0.30404841899871826,0.3895244002342224,-0.0547889806330204,0.2973592281341553,0.5334908962249756,0.007299932651221752,0.22859890758991241,0.4652562141418457,-0.05236205458641052,0.25401413440704346,0.5514153838157654,-0.08474265784025192,0.28925859928131104,0.6303822994232178,-0.09332791715860367,0.3612652122974396,0.5033988952636719,-0.00543210981413722,0.31139636039733887,0.5072325468063354,-0.07351437956094742,0.3490893542766571,0.6441124081611633,-0.08645174652338028,0.381836473941803,0.7332367300987244,-0.07629206776618958,0.4281978905200958,0.49337488412857056,-0.027653217315673828,0.3817606270313263,0.5155970454216003,-0.09081244468688965,0.40805014967918396,0.6555661559104919,-0.07605977356433868,0.431722491979599,0.7399866580963135,-0.04566027969121933,0.4973103404045105,0.4981973171234131,-0.05178522318601608,0.44527092576026917,0.4891992211341858,-0.08301270753145218,0.4492264986038208,0.5936733484268188,-0.06512445956468582,0.4636942446231842,0.6588691473007202,-0.03969201445579529
0.48468202352523804,0.8278428316116333,-1.3492021935235243e-06,0.36919912695884705,0.7832167744636536,-0.014005627483129501,0.28346875309944153,0.6558760404586792,-0.024838440120220184,0.27605485916137695,0.5133855938911438,-0.042782917618751526,0.3032742738723755,0.3901810050010681,-0.055597934871912,0.2973064184188843,0.5320767760276794,0.006991949398070574,0.22873280942440033,0.46562081575393677,-0.05221308022737503,0.2540742754936218,0.5513128638267517,-0.08454293012619019,0.28921955823898315,0.6302727460861206,-0.09324799478054047,0.3612779676914215,0.501851499080658,-0.005668149329721928,0.3114462196826935,0.508242130279541,-0.07292573899030685,0.34907856583595276,0.6440663933753967,-0.08603021502494812,0.38206154108047485,0.7326086759567261,-0.07632078975439072,0.4282536804676056,0.4922918677330017,-0.027742359787225723,0.38197237253189087,0.5167789459228516,-0.09033255279064178,0.4076187014579773,0.6555875539779663,-0.07612048834562302,0.4311256408691406,0.739472508430481,-0.04637472331523895,0.4974139928817749,0.49782854318618774,-0.0517260879278183,0.4454295039176941,0.49085474014282227,-0.08292753249406815,0.44916731119155884,0.5949227809906006,-0.06553375720977783,0.4635918140411377,0.6599274277687073,-0.04053101688623428
0.4883649945259094,0.8241331577301025,-1.314203245783574e-06,0.3768240213394165,0.7827582359313965,-0.015755372121930122,0.28983086347579956,0.6520639061927795,-0.02651664987206459,0.2834205627441406,0.50888991355896,-0.04394200071692467,0.3095824718475342,0.3868138790130615,-0.05556846037507057,0.2995114028453827,0.5363503098487854,0.005384300835430622,0.23173996806144714,0.4590505361557007,-0.054496873170137405,0.2594967186450958,0.5457844734191895,-0.08537409454584122,0.2958305776119232,0.6266195178031921,-0.09246311336755753,0.36569562554359436,0.5072749257087708,-0.006362628657370806,0.3172774016857147,0.4956936538219452,-0.07497695088386536,0.3581738770008087,0.6342087984085083,-0.08640190958976746,0.3935357332229614,0.721508264541626,-0.07417285442352295,0.43365684151649475,0.49684834480285645,-0.02779245190322399,0.3902050256729126,0.5055322051048279,-0.090955950319767,0.41726914048194885,0.6473336219787598,-0.07493524998426437,0.44075489044189453,0.7282605767250061,-0.04313378408551216,0.5038829445838928,0.49924835562705994,-0.051160234957933426,0.45460060238838196,0.48372882604599,-0.08044011145830154,0.4581229090690613,0.5855588912963867,-0.06126157194375992,0.4714229106903076,0.6445028185844421,-0.03520851582288742
0.4867745041847229,0.8264979124069214,-1.350702746094612e-06,0.37257835268974304,0.7804362773895264,-0.015438979491591454,0.28828948736190796,0.6483151912689209,-0.026510052382946014,0.2831798493862152,0.5037539601325989,-0.044605255126953125,0.3077419400215149,0.37891462445259094,-0.057238899171352386,0.29875558614730835,0.531297504901886,0.006847723387181759,0.232240229845047,0.45973363518714905,-0.05362394079566002,0.26232853531837463,0.5496148467063904,-0.0861235111951828,0.29892534017562866,0.6319054961204529,-0.09424855560064316,0.3646579384803772,0.5013809204101562,-0.005237160716205835,0.3167129456996918,0.500528872013092,-0.07393968105316162,0.3565117418766022,0.637782871723175,-0.08748521655797958,0.3889860212802887,0.7263352274894714,-0.07723011076450348,0.4325382113456726,0.4903029799461365,-0.027106687426567078,0.38789722323417664,0.5102632641792297,-0.0906977728009224,0.4152534604072571,0.6504707932472229,-0.07681819051504135,0.4381714463233948,0.7338258624076843,-0.04655865207314491,0.5022246241569519,0.49239957332611084,-0.050880126655101776,0.450504869222641,0.48382508754730225,-0.08099297434091568,0.4554607570171356,0.587778627872467,-0.0627177283167839,0.4697766602039337,0.6503679752349854,-0.03704714775085449
0.4862232208251953,0.825242817401886,-1.3414505701803137e-06,0.37216779589653015,0.7817479372024536,-0.016576409339904785,0.2869001626968384,0.6506505608558655,-0.02775268815457821,0.28167977929115295,0.5056225657463074,-0.04568305239081383,0.30842429399490356,0.38209038972854614,-0.05794358253479004,0.29925212264060974,0.5333400964736938,0.005577011499553919,0.23162193596363068,0.45992136001586914,-0.05505263805389404,0.261226624250412,0.5501172542572021,-0.08697999268770218,0.2978300154209137,0.6308964490890503,-0.09470026195049286,0.3649485111236572,0.503455400466919,-0.005846869666129351,0.3165200650691986,0.49837449193000793,-0.07594852894544601,0.35615992546081543,0.6368705630302429,-0.08930002152919769,0.3889700472354889,0.7256102561950684,-0.07829422503709793,0.43248051404953003,0.4920952022075653,-0.027040038257837296,0.38799017667770386,0.5084546208381653,-0.09237614274024963,0.4155999720096588,0.6508082151412964,-0.07830654084682465,0.4391575753688812,0.7353933453559875,-0.047097235918045044,0.5013754963874817,0.4939153790473938,-0.050163980573415756,0.4506317377090454,0.4828264117240906,-0.08201663941144943,0.4557309150695801,0.5870285630226135,-0.06430689245462418,0.4707905352115631,0.6501715779304504,-0.038448937237262726
0.48831772804260254,0.8217244148254395,-1.322649382018426e-06,0.37363001704216003,0.7802923917770386,-0.017803195863962173,0.2869810461997986,0.6501489877700806,-0.029834438115358353,0.28253862261772156,0.5058131217956543,-0.047970961779356,0.3096383213996887,0.38255152106285095,-0.06048649549484253,0.29997605085372925,0.5307422876358032,0.0014148049522191286,0.23204877972602844,0.4599916934967041,-0.05983644351363182,0.26135414838790894,0.5456178784370422,-0.09230703115463257,0.2982184886932373,0.6271481513977051,-0.10032762587070465,0.36619025468826294,0.4998798966407776,-0.009315825998783112,0.3181103765964508,0.4986211061477661,-0.0792418047785759,0.3588555157184601,0.6361682415008545,-0.09205485880374908,0.39260056614875793,0.7266772389411926,-0.08103317767381668,0.4340094327926636,0.48854753375053406,-0.029754864051938057,0.3905269503593445,0.5082900524139404,-0.09462977945804596,0.41822686791419983,0.6487613320350647,-0.08041546493768692,0.44089215993881226,0.7334418892860413,-0.04957989230751991,0.5033648610115051,0.49066412448883057,-0.052234940230846405,0.45438313484191895,0.4820692539215088,-0.08396948873996735,0.4591331481933594,0.5842843651771545,-0.06634926795959473,0.4720975458621979,0.6467376947402954,-0.04082046076655388
0.4887811541557312,0.8222520351409912,-1.3224808981249225e-06,0.37372326850891113,0.7801178097724915,-0.01826578937470913,0.28802475333213806,0.6497198343276978,-0.03056062012910843,0.28387919068336487,0.5051747560501099,-0.0490206740796566,0.3101447820663452,0.381023108959198,-0.061906103044748306,0.3000217080116272,0.5318381786346436,0.0018382316920906305,0.2323351949453354,0.46125704050064087,-0.060059554874897,0.26240187883377075,0.5474064946174622,-0.09338382631540298,0.2991319000720978,0.6290678977966309,-0.1019655093550682,0.36584505438804626,0.5001699924468994,-0.008849253877997398,0.3183477222919464,0.5006474256515503,-0.07925744354724884,0.3584713041782379,0.638433575630188,-0.09263671934604645,0.3908882737159729,0.7294692397117615,-0.0820968896150589,0.43359872698783875,0.48850709199905396,-0.029482053592801094,0.3901408016681671,0.509568452835083,-0.09493718296289444,0.4172733426094055,0.6498774886131287,-0.08134838193655014,0.4393393397331238,0.7352026700973511,-0.05090270936489105,0.5028674602508545,0.4905956983566284,-0.052203163504600525,0.45351067185401917,0.4824736416339874,-0.0845874696969986,0.45835721492767334,0.5854207277297974,-0.06746072322130203,0.47133511304855347,0.6489044427871704,-0.04220324382185936
0.48891183733940125,0.821845531463623,-1.3174303603591397e-06,0.3734220564365387,0.7791305184364319,-0.018136633560061455,0.2879248857498169,0.6489099264144897,-0.03053710050880909,0.2836497724056244,0.5053558945655823,-0.049214597791433334,0.3097984790802002,0.3814302682876587,-0.062370896339416504,0.3007534444332123,0.531067967414856,0.0024086558260023594,0.23280788958072662,0.4609290063381195,-0.059562984853982925,0.262387752532959,0.5468392372131348,-0.09314926713705063,0.2987823784351349,0.6285895705223083,-0.10187426209449768,0.36623209714889526,0.4994984269142151,-0.008366494439542294,0.31825536489486694,0.5006605386734009,-0.07892551273107529,0.3587913513183594,0.6383134126663208,-0.0926092192530632,0.3916544020175934,0.7296468019485474,-0.08220794051885605,0.4337697923183441,0.48792755603790283,-0.02908223308622837,0.39029189944267273,0.5099186301231384,-0.09461234509944916,0.41780218482017517,0.6498415470123291,-0.0812426507472992,0.4400780498981476,0.7358055114746094,-0.05085216462612152,0.5025213360786438,0.49010971188545227,-0.051894411444664,0.4536246657371521,0.4825054407119751,-0.08450104296207428,0.4587133526802063,0.5853161215782166,-0.06754305958747864,0.47150731086730957,0.649616003036499,-0.04227836802601814
0.487967848777771,0.8226405382156372,-1.3577528079622425e-06,0.37679076194763184,0.7809786796569824,-0.017129672691226006,0.29081642627716064,0.6507078409194946,-0.028660330921411514,0.28386491537094116,0.5064627528190613,-0.04691343382000923,0.30854493379592896,0.38272255659103394,-0.05980728194117546,0.30271825194358826,0.5304730534553528,0.005202914588153362,0.23276185989379883,0.4586975872516632,-0.05630287528038025,0.26045727729797363,0.5470209717750549,-0.08925985544919968,0.2959311008453369,0.628629207611084,-0.0976138710975647,0.3674869239330292,0.49972134828567505,-0.006175091955810785,0.3169172406196594,0.49937522411346436,-0.07711395621299744,0.35628843307495117,0.6393504738807678,-0.09101449698209763,0.38883256912231445,0.7305347323417664,-0.08048085123300552,0.43477123975753784,0.4883505702018738,-0.027520814910531044,0.3877805471420288,0.5075869560241699,-0.09377920627593994,0.4148496985435486,0.650000274181366,-0.08048229664564133,0.4373782277107239,0.7363060712814331,-0.04983409121632576,0.50303053855896,0.49010711908340454,-0.0508243590593338,0.45113545656204224,0.4820198714733124,-0.08414985239505768,0.45640304684638977,0.5857813358306885,-0.0675189271569252,0.4705265760421753,0.6494585871696472,-0.042294155806303024
0.4871937036514282,0.8232145309448242,-1.3696380847250111e-06,0.3761965334415436,0.7802754640579224,-0.017243068665266037,0.2911224961280823,0.6480292081832886,-0.028413835912942886,0.2850008010864258,0.5028993487358093,-0.04626839607954025,0.30977165699005127,0.3793600797653198,-0.05882139876484871,0.303661584854126,0.529051661491394,0.0047591980546712875,0.23225601017475128,0.45909741520881653,-0.056263960897922516,0.25947535037994385,0.5486649870872498,-0.08896300941705704,0.2952841520309448,0.6295254230499268,-0.09734242409467697,0.3679555654525757,0.4981977343559265,-0.00638852221891284,0.3171221911907196,0.5007438659667969,-0.07722492516040802,0.3559180796146393,0.640979528427124,-0.09131892025470734,0.3884021043777466,0.7320301532745361,-0.08109637349843979,0.43493425846099854,0.4869694709777832,-0.027425633743405342,0.3881804347038269,0.5084328651428223,-0.09366846829652786,0.414650559425354,0.651046097278595,-0.08074159175157547,0.43718841671943665,0.7375543117523193,-0.050406672060489655,0.5024954080581665,0.48907604813575745,-0.05046361684799194,0.45138785243034363,0.4811067581176758,-0.08414320647716522,0.45652639865875244,0.5848064422607422,-0.06799828261137009,0.47106245160102844,0.6486125588417053,-0.04306244105100632
0.4866064488887787,0.8240402340888977,-1.373031409457326e-06,0.3767419755458832,0.7809972763061523,-0.017168618738651276,0.2922833263874054,0.6480991840362549,-0.027977358549833298,0.286091685295105,0.5033490061759949,-0.04551544040441513,0.30970874428749084,0.38013607263565063,-0.057734254747629166,0.3039878010749817,0.529108464717865,0.0054638804867863655,0.23298859596252441,0.45940110087394714,-0.05573120713233948,0.26034340262413025,0.5494803786277771,-0.08826669305562973,0.29627954959869385,0.6303470134735107,-0.0963730663061142,0.3682318925857544,0.49895158410072327,-0.005709925666451454,0.3171358108520508,0.499409556388855,-0.0768580287694931,0.35612890124320984,0.6407859921455383,-0.0906870886683464,0.3887954652309418,0.7318812012672424,-0.07997861504554749,0.43535488843917847,0.4881438612937927,-0.026822328567504883,0.3881005346775055,0.5074304938316345,-0.09359616041183472,0.41480937600135803,0.6512494087219238,-0.08025871962308884,0.4376847743988037,0.7377524375915527,-0.04930289462208748,0.5031853914260864,0.4905283451080322,-0.049894046038389206,0.45160526037216187,0.480506956577301,-0.08383506536483765,0.45649453997612,0.5842963457107544,-0.06738884747028351,0.4708873927593231,0.6479715704917908,-0.04205050319433212
0.4882220923900604,0.8226594924926758,-1.334873445557605e-06,0.3741644024848938,0.7799857258796692,-0.017002396285533905,0.28924962878227234,0.6484208106994629,-0.028027523308992386,0.2845565676689148,0.5037782192230225,-0.04573862999677658,0.3118703365325928,0.3808727562427521,-0.05799880996346474,0.3025873899459839,0.532347559928894,0.005905952304601669,0.23394522070884705,0.4595105051994324,-0.05555691197514534,0.26105237007141113,0.5482460260391235,-0.08840486407279968,0.2969145178794861,0.6286147832870483,-0.09672798216342926,0.3676046133041382,0.5024874806404114,-0.005346835590898991,0.31771135330200195,0.4972968101501465,-0.07631395012140274,0.3562433421611786,0.6360677480697632,-0.0897069051861763,0.38943156599998474,0.7255967259407043,-0.07858655601739883,0.43500983715057373,0.491075336933136,-0.026596060022711754,0.3886786997318268,0.5058547258377075,-0.09295924007892609,0.4163709580898285,0.6483771204948425,-0.07863013446331024,0.4410623013973236,0.7339096069335938,-0.046987615525722504,0.5040444731712341,0.4928257465362549,-0.049873508512973785,0.45239880681037903,0.4798908829689026,-0.08368625491857529,0.45776641368865967,0.5853316783905029,-0.06642341613769531,0.4734189808368683,0.6503176093101501,-0.04041106626391411
0.48917871713638306,0.8214586973190308,-1.3243912917459966e-06,0.3741770386695862,0.7795478105545044,-0.016901612281799316,0.2888243794441223,0.6486551761627197,-0.027965709567070007,0.28394293785095215,0.5041788220405579,-0.04576558247208595,0.31023916602134705,0.38118743896484375,-0.0580197274684906,0.30144667625427246,0.5324068069458008,0.006495732348412275,0.23303678631782532,0.4577881097793579,-0.05436834692955017,0.2609010934829712,0.545311689376831,-0.0867583230137825,0.29666343331336975,0.6257327795028687,-0.09479314833879471,0.36677393317222595,0.502045214176178,-0.0049867830239236355,0.31695619225502014,0.49599161744117737,-0.07520647346973419,0.35650834441185,0.6346019506454468,-0.08846401423215866,0.3904806077480316,0.7240318655967712,-0.07731612026691437,0.43429940938949585,0.4907463788986206,-0.026489844545722008,0.3883412480354309,0.5061271786689758,-0.092344269156456,0.4164336919784546,0.64866703748703,-0.07802192866802216,0.4412287771701813,0.7335497736930847,-0.04649066552519798,0.5034125447273254,0.49260231852531433,-0.050002727657556534,0.45195090770721436,0.4807559847831726,-0.08293747156858444,0.4573993384838104,0.5860289335250854,-0.06528598070144653,0.4727764129638672,0.6502989530563354,-0.03925970196723938
0.48959633708000183,0.8224470019340515,-1.318664772043121e-06,0.37390419840812683,0.778941810131073,-0.016589060425758362,0.2892858684062958,0.648492157459259,-0.028201555833220482,0.2848052382469177,0.5035427808761597,-0.04659877344965935,0.30944010615348816,0.378811776638031,-0.059542689472436905,0.3002358078956604,0.5327675938606262,0.006551079452037811,0.2316807359457016,0.45917990803718567,-0.05492463707923889,0.2603139877319336,0.545129656791687,-0.088292196393013,0.29701071977615356,0.6256366968154907,-0.09693537652492523,0.366069495677948,0.5022757649421692,-0.005221160128712654,0.3170263469219208,0.4979163706302643,-0.07533751428127289,0.3570958077907562,0.6354027986526489,-0.08907509595155716,0.3908224403858185,0.7241202592849731,-0.07861414551734924,0.43399909138679504,0.4905054271221161,-0.027021611109375954,0.38844868540763855,0.5065047144889832,-0.09240203350782394,0.416225403547287,0.6479402780532837,-0.07818831503391266,0.4401772618293762,0.7319687008857727,-0.04714856296777725,0.5036980509757996,0.4919407069683075,-0.05081075429916382,0.4515328109264374,0.4812685251235962,-0.08278664946556091,0.4569319784641266,0.5865118503570557,-0.06459269672632217,0.4718291759490967,0.6501017808914185,-0.03852611407637596
0.49153661727905273,0.8177618384361267,-1.318556201113097e-06,0.37814342975616455,0.7728061676025391,-0.014593948610126972,0.29205113649368286,0.6443684101104736,-0.025710850954055786,0.2860833406448364,0.5026817917823792,-0.043830763548612595,0.31128716468811035,0.3817299008369446,-0.056685470044612885,0.30482855439186096,0.5274387001991272,0.0056344615295529366,0.2357892245054245,0.4561076760292053,-0.0540759451687336,0.2636104226112366,0.5408341288566589,-0.08638709783554077,0.2999263107776642,0.621630072593689,-0.09473992139101028,0.3703451156616211,0.4985169768333435,-0.006612672004848719,0.32185208797454834,0.49491918087005615,-0.07487865537405014,0.3619910776615143,0.6289847493171692,-0.08853982388973236,0.3955569565296173,0.7181641459465027,-0.07872682809829712,0.4379834234714508,0.48753196001052856,-0.028185652568936348,0.3937510848045349,0.5039002299308777,-0.09116414934396744,0.42098334431648254,0.6421000957489014,-0.07738763093948364,0.4434048533439636,0.7265428304672241,-0.04764377325773239,0.5073103904724121,0.48966625332832336,-0.051578786224126816,0.45639994740486145,0.4809473156929016,-0.08191139996051788,0.46060606837272644,0.5830257534980774,-0.06405926495790482,0.47347426414489746,0.646224856376648,-0.0389573760330677
0.4901820421218872,0.8199170827865601,-1.3283276985021075e-06,0.377972275018692,0.7743812203407288,-0.01659286580979824,0.29446128010749817,0.6454986333847046,-0.028149433434009552,0.28904423117637634,0.502444326877594,-0.04630611464381218,0.31288909912109375,0.37944716215133667,-0.05909072607755661,0.304697722196579,0.5276743769645691,0.004519689362496138,0.23598472774028778,0.4576909840106964,-0.055612292140722275,0.2657706141471863,0.5448939204216003,-0.08818435668945312,0.3027661442756653,0.6266610026359558,-0.09649642556905746,0.3698351979255676,0.4978055953979492,-0.006642457097768784,0.32198721170425415,0.497538685798645,-0.07515563070774078,0.36095279455184937,0.632585883140564,-0.08922521770000458,0.39212551712989807,0.722549557685852,-0.07969477772712708,0.4371309280395508,0.4870360493659973,-0.027381272986531258,0.39289775490760803,0.5055900812149048,-0.09168677031993866,0.4193350672721863,0.6442437171936035,-0.078946053981781,0.4410589337348938,0.7300773859024048,-0.04940519109368324,0.5056889057159424,0.4899739921092987,-0.04999333992600441,0.4550769627094269,0.4797946810722351,-0.08219476789236069,0.459852397441864,0.5824529528617859,-0.06529714167118073,0.47357648611068726,0.6475627422332764,-0.040237169712781906
0.49038058519363403,0.8191350698471069,-1.3322629683898413e-06,0.37852805852890015,0.7764254808425903,-0.017383677884936333,0.29419633746147156,0.6481630802154541,-0.029131639748811722,0.28820091485977173,0.5043509006500244,-0.04717245325446129,0.31182557344436646,0.38135039806365967,-0.05985447019338608,0.3053011894226074,0.5266364216804504,0.0031832207459956408,0.23598016798496246,0.45763707160949707,-0.056918468326330185,0.2650601863861084,0.5448494553565979,-0.08927969634532928,0.30183520913124084,0.6255350112915039,-0.09760823100805283,0.37062889337539673,0.4962671399116516,-0.007633696775883436,0.32211220264434814,0.49647757411003113,-0.07642608880996704,0.3606054186820984,0.6322877407073975,-0.09030657261610031,0.3919358551502228,0.7222877144813538,-0.08057329058647156,0.4380554258823395,0.4855740964412689,-0.02799857407808304,0.39333346486091614,0.5055127739906311,-0.09274297207593918,0.41912955045700073,0.6453864574432373,-0.07985819876194,0.44073429703712463,0.7315486669540405,-0.05016788840293884,0.5065453052520752,0.48899272084236145,-0.05029377341270447,0.45573240518569946,0.4804048240184784,-0.08337981253862381,0.46025606989860535,0.584284782409668,-0.06690762937068939,0.4740130305290222,0.6497172713279724,-0.042003288865089417
0.49990707635879517,0.8203134536743164,-1.2935433915117756e-06,0.38689786195755005,0.7772367000579834,-0.013793397694826126,0.2996937036514282,0.6489381790161133,-0.023827185854315758,0.2932125926017761,0.5059117078781128,-0.04110970348119736,0.31782233715057373,0.38439786434173584,-0.053114037960767746,0.3088262975215912,0.5349444150924683,0.007723725400865078,0.24257567524909973,0.4563966393470764,-0.052092283964157104,0.27253058552742004,0.5392582416534424,-0.0842595025897026,0.30888158082962036,0.6216151714324951,-0.09224874526262283,0.3754899501800537,0.5041562914848328,-0.004935017786920071,0.32992976903915405,0.489169716835022,-0.07341092824935913,0.3701671063899994,0.6238207221031189,-0.0871911495923996,0.4019950330257416,0.7155206799507141,-0.07688802480697632,0.44402220845222473,0.4908922016620636,-0.026934193447232246,0.40188324451446533,0.49710866808891296,-0.09014647454023361,0.42909377813339233,0.636243999004364,-0.07611888647079468,0.45069602131843567,0.722199022769928,-0.045730333775281906,0.514660120010376,0.49035584926605225,-0.050613876432180405,0.4643816649913788,0.4760221838951111,-0.08042753487825394,0.46906328201293945,0.5753155946731567,-0.061777520924806595,0.48178631067276,0.6366319060325623,-0.03597719222307205
0.500286877155304,0.8158432245254517,-1.2774416973115876e-06,0.3842889070510864,0.7718509435653687,-0.015456926077604294,0.29883629083633423,0.6477192640304565,-0.02741405926644802,0.2925550937652588,0.5061585307121277,-0.04626261070370674,0.3170642852783203,0.382538378238678,-0.05966254323720932,0.30851852893829346,0.5293056964874268,0.004386740271002054,0.24044354259967804,0.45603764057159424,-0.05539507791399956,0.2716156244277954,0.5405798554420471,-0.08788134157657623,0.309123158454895,0.6216495633125305,-0.09616035223007202,0.37502139806747437,0.49743416905403137,-0.0077294553630054,0.32752037048339844,0.4919655919075012,-0.07593852281570435,0.36909592151641846,0.623862624168396,-0.09013029932975769,0.40258511900901794,0.7135699987411499,-0.08040957897901535,0.44293007254600525,0.48491978645324707,-0.029030630365014076,0.40048089623451233,0.5037238597869873,-0.09211189299821854,0.42983877658843994,0.6413565278053284,-0.07850689440965652,0.45324528217315674,0.726947009563446,-0.0484074167907238,0.5120843648910522,0.4865275025367737,-0.052156563848257065,0.4629591107368469,0.47879841923713684,-0.08182886242866516,0.4680738151073456,0.5799499750137329,-0.0629986897110939,0.4810737073421478,0.644178032875061,-0.03688838705420494
0.4994927644729614,0.816083550453186,-1.2803681102013797e-06,0.38427576422691345,0.7721725702285767,-0.01503315195441246,0.29922211170196533,0.646712064743042,-0.026853356510400772,0.29355740547180176,0.5043716430664062,-0.04561709612607956,0.31703001260757446,0.3807644546031952,-0.059027187526226044,0.30703026056289673,0.5289589166641235,0.005311230663210154,0.2401188760995865,0.45624202489852905,-0.0548977330327034,0.2721289396286011,0.5402224659919739,-0.0881367027759552,0.3096749186515808,0.6221680641174316,-0.09693630784749985,0.37363401055336,0.49700796604156494,-0.007086399011313915,0.32741692662239075,0.49198058247566223,-0.0752568170428276,0.368428111076355,0.6237918138504028,-0.08988296985626221,0.4003066420555115,0.7145044803619385,-0.08069927245378494,0.44173896312713623,0.4842430055141449,-0.02878284640610218,0.3993845582008362,0.5023932456970215,-0.09154793620109558,0.4282519221305847,0.6394891738891602,-0.07834457606077194,0.45033329725265503,0.7254929542541504,-0.04889829829335213,0.5111401677131653,0.48539620637893677,-0.05230214446783066,0.46108323335647583,0.4804878532886505,-0.08196047693490982,0.4665972590446472,0.5818386673927307,-0.06364408135414124,0.4793199896812439,0.6452815532684326,-0.03811948746442795
0.5071329474449158,0.8170771598815918,-1.3249317589725251e-06,0.3933294713497162,0.7680981755256653,-0.01139050256460905,0.31001678109169006,0.6349964141845703,-0.020980291068553925,0.30467489361763,0.49756067991256714,-0.038004130125045776,0.3262101411819458,0.38027510046958923,-0.050022613257169724,0.3197874128818512,0.5245275497436523,0.00989502388983965,0.2575620412826538,0.45386600494384766,-0.046560972929000854,0.2872854769229889,0.5428539514541626,-0.07880230247974396,0.32422757148742676,0.6275110244750977,-0.08806232362985611,0.3849962055683136,0.4938526451587677,-0.0032339654862880707,0.3415699899196625,0.49012207984924316,-0.06688263267278671,0.37945929169654846,0.6191211342811584,-0.08159983903169632,0.4107871651649475,0.712572455406189,-0.07402714341878891,0.45246946811676025,0.48112958669662476,-0.025127004832029343,0.4094938635826111,0.4984741508960724,-0.08132687211036682,0.43706125020980835,0.6292067170143127,-0.06821715831756592,0.4599331319332123,0.7145071029663086,-0.04142417013645172,0.5219959020614624,0.4815372824668884,-0.04884880781173706,0.46838390827178955,0.48301932215690613,-0.07415187358856201,0.4754035472869873,0.5807255506515503,-0.05582032725214958,0.4919946491718292,0.641298234462738,-0.03196406364440918
