0.313984215259552,0.7956207394599915,4.6153610355759156e-07,0.3413245677947998,0.7468031048774719,-0.024150822311639786,0.34010082483291626,0.6758229732513428,-0.03227252513170242,0.30083751678466797,0.6296618580818176,-0.04016730189323425,0.26071697473526,0.6083739995956421,-0.04669491574168205,0.3339810073375702,0.5924418568611145,-0.009509764611721039,0.34176105260849,0.5108456611633301,-0.025744477286934853,0.34709373116493225,0.4620080292224884,-0.03566645085811615,0.34749987721443176,0.42081648111343384,-0.04052767902612686,0.2991885840892792,0.5999730825424194,-0.009849198162555695,0.272138774394989,0.5196258425712585,-0.030371950939297676,0.2545645833015442,0.4712655544281006,-0.04420008137822151,0.23760680854320526,0.43028777837753296,-0.04890027642250061,0.27139604091644287,0.6300347447395325,-0.013180176727473736,0.2619897723197937,0.612059473991394,-0.04895205423235893,0.28206661343574524,0.655412495136261,-0.05919354781508446,0.29335644841194153,0.6879645586013794,-0.053232885897159576,0.25166332721710205,0.6695043444633484,-0.01743181049823761,0.252580463886261,0.6509588956832886,-0.0461312010884285,0.2750077247619629,0.6824662685394287,-0.04740433767437935,0.29122859239578247,0.7125924825668335,-0.0392472967505455
0.316585898399353,0.7936774492263794,4.86193584947614e-07,0.34641486406326294,0.7464112043380737,-0.02486179582774639,0.34839358925819397,0.6735304594039917,-0.03254500776529312,0.31194519996643066,0.6242112517356873,-0.040016040205955505,0.2716708183288574,0.6009091734886169,-0.046022191643714905,0.34271466732025146,0.5929673910140991,-0.007233245763927698,0.3546638786792755,0.5150977969169617,-0.024054287001490593,0.3620311915874481,0.46698617935180664,-0.03477975353598595,0.36459219455718994,0.4267246127128601,-0.040232669562101364,0.3081294000148773,0.5998624563217163,-0.007829030975699425,0.285478413105011,0.5148842930793762,-0.02938190847635269,0.2727048099040985,0.4637552499771118,-0.043632619082927704,0.26036015152931213,0.42253684997558594,-0.048309098929166794,0.28034305572509766,0.6291621923446655,-0.011871790513396263,0.2724629044532776,0.6060473918914795,-0.049350809305906296,0.2928052842617035,0.6488146781921387,-0.060043204575777054,0.30407097935676575,0.6813485026359558,-0.05406755208969116,0.2605840563774109,0.6678032875061035,-0.016920417547225952,0.2651614844799042,0.6473405361175537,-0.047271158546209335,0.28758829832077026,0.6790626049041748,-0.0492645725607872,0.30295422673225403,0.7084724307060242,-0.041634924709796906
0.315549373626709,0.7945612668991089,4.712177883448021e-07,0.34632378816604614,0.7460296750068665,-0.022926172241568565,0.3482183814048767,0.6773297786712646,-0.031124167144298553,0.314983069896698,0.6274358034133911,-0.039564620703458786,0.2760099768638611,0.6040652990341187,-0.046537142246961594,0.3427666425704956,0.5934122800827026,-0.008717498742043972,0.35513490438461304,0.5156192183494568,-0.025724804028868675,0.36198824644088745,0.4672202467918396,-0.03654642775654793,0.3641063868999481,0.4264954924583435,-0.041943587362766266,0.30864861607551575,0.5989788174629211,-0.009942843578755856,0.28625553846359253,0.5157289505004883,-0.03091113269329071,0.2730574309825897,0.464812695980072,-0.04424908757209778,0.2604674994945526,0.4246814250946045,-0.04844656214118004,0.28070908784866333,0.6273916363716125,-0.014173517934978008,0.2733002007007599,0.6071652173995972,-0.04917365685105324,0.2945653200149536,0.6488312482833862,-0.05824963003396988,0.3070240020751953,0.682392954826355,-0.05174262821674347,0.2610587477684021,0.6657134294509888,-0.019472140818834305,0.2660719156265259,0.6479536294937134,-0.04716140776872635,0.28901153802871704,0.67775559425354,-0.04802541062235832,0.30488279461860657,0.7069271802902222,-0.03983641415834427
0.3149212598800659,0.7949264049530029,4.7013298853926244e-07,0.346229612827301,0.7473023533821106,-0.023487679660320282,0.34904682636260986,0.6778299808502197,-0.03174933046102524,0.3152969777584076,0.627661406993866,-0.040133874863386154,0.2759069502353668,0.6039782762527466,-0.047019749879837036,0.34263327717781067,0.5932702422142029,-0.008996039628982544,0.3553454279899597,0.515194296836853,-0.025737551972270012,0.3619517982006073,0.4666770100593567,-0.036241959780454636,0.3636307418346405,0.42609500885009766,-0.041508372873067856,0.30837950110435486,0.5992962718009949,-0.010111935436725616,0.2856477200984955,0.5151830315589905,-0.031214097514748573,0.27261003851890564,0.4640384316444397,-0.0445745512843132,0.2600826025009155,0.4237207770347595,-0.048757512122392654,0.28059548139572144,0.6280744671821594,-0.014271384105086327,0.2729504704475403,0.6065231561660767,-0.049829330295324326,0.29450997710227966,0.6487254500389099,-0.05912518501281738,0.3070923089981079,0.6823300719261169,-0.05262516066431999,0.26108449697494507,0.6664525270462036,-0.019483769312500954,0.2658277153968811,0.6476698517799377,-0.047759462147951126,0.28866761922836304,0.6777743697166443,-0.0488811619579792,0.3045939803123474,0.7069973945617676,-0.04081074520945549
0.31532859802246094,0.7939196825027466,4.688642150085798e-07,0.3460386097431183,0.7466779351234436,-0.02337143011391163,0.34924209117889404,0.6751260161399841,-0.03091811202466488,0.3126525282859802,0.6262512803077698,-0.03834031894803047,0.27328813076019287,0.602790355682373,-0.04419221356511116,0.34365221858024597,0.5940484404563904,-0.00855921022593975,0.3570995330810547,0.514424741268158,-0.023937910795211792,0.3643956482410431,0.46612751483917236,-0.0332629457116127,0.36619946360588074,0.42550989985466003,-0.037949927151203156,0.3090272843837738,0.5993325710296631,-0.009090378880500793,0.28676706552505493,0.5153876543045044,-0.02907397411763668,0.27423936128616333,0.465196430683136,-0.04220450296998024,0.26172375679016113,0.423944890499115,-0.04661336541175842,0.2814132869243622,0.6264374852180481,-0.01258195098489523,0.2741839289665222,0.6064298152923584,-0.04681709036231041,0.2936907708644867,0.6480799913406372,-0.056528206914663315,0.30405911803245544,0.6798190474510193,-0.05100177973508835,0.26201021671295166,0.6627417206764221,-0.017125682905316353,0.2671160399913788,0.6456418633460999,-0.044660285115242004,0.28942614793777466,0.6762169003486633,-0.04625486955046654,0.3053188920021057,0.7048233151435852,-0.038981396704912186
0.3149015009403229,0.7938003540039062,4.7071006292753736e-07,0.346179723739624,0.7464678287506104,-0.02328655496239662,0.3491613566875458,0.6757560968399048,-0.031178288161754608,0.3138894736766815,0.6264417767524719,-0.03905315324664116,0.274730920791626,0.6027287244796753,-0.04539915919303894,0.3436659872531891,0.5941440463066101,-0.009258927777409554,0.35739484429359436,0.5142245292663574,-0.025024235248565674,0.36443814635276794,0.4658459424972534,-0.034501850605010986,0.3659147620201111,0.42513972520828247,-0.03917204961180687,0.30914992094039917,0.5993908047676086,-0.009922508150339127,0.2872075140476227,0.5154736638069153,-0.030356373637914658,0.27445271611213684,0.46499747037887573,-0.04355704039335251,0.2618282735347748,0.4232974052429199,-0.047879211604595184,0.28134462237358093,0.626563549041748,-0.013481649570167065,0.274572491645813,0.6072341799736023,-0.04795103892683983,0.29403260350227356,0.6491619944572449,-0.05748039111495018,0.3044588267803192,0.6811310052871704,-0.0516543835401535,0.26194286346435547,0.662987470626831,-0.01809057593345642,0.2665415406227112,0.6455156803131104,-0.045465558767318726,0.28921008110046387,0.6754410266876221,-0.046757400035858154,0.3056836724281311,0.703933835029602,-0.039159782230854034
0.316902756690979,0.793169379234314,4.6700017719558673e-07,0.3474526107311249,0.7481874227523804,-0.024380244314670563,0.35048675537109375,0.6788347363471985,-0.03336643427610397,0.31548264622688293,0.6271712779998779,-0.04225397855043411,0.27659788727760315,0.6012040376663208,-0.049494460225105286,0.3445076644420624,0.5961997509002686,-0.01073077879846096,0.35774749517440796,0.5164476037025452,-0.02822723239660263,0.36543920636177063,0.46828627586364746,-0.03880806639790535,0.36795899271965027,0.4278332591056824,-0.04406581446528435,0.31059756875038147,0.6020921468734741,-0.011551888659596443,0.2882190942764282,0.51572585105896,-0.03398962318897247,0.2755906581878662,0.46395614743232727,-0.04798310250043869,0.26287534832954407,0.42279118299484253,-0.052503012120723724,0.2832309603691101,0.6299492716789246,-0.015403756871819496,0.2753881812095642,0.6064386963844299,-0.051757749170064926,0.2972007095813751,0.6474342346191406,-0.06097305566072464,0.3096368610858917,0.6796625852584839,-0.054409559816122055,0.26388680934906006,0.6666407585144043,-0.02035243809223175,0.2675744891166687,0.6458452939987183,-0.04893366992473602,0.2898828089237213,0.6756159067153931,-0.04991498216986656,0.3051401972770691,0.704433262348175,-0.04186660051345825
0.31691622734069824,0.792609691619873,4.783065605806769e-07,0.34743615984916687,0.7483699321746826,-0.02479068748652935,0.35030287504196167,0.6797450184822083,-0.03403724357485771,0.316705584526062,0.6279341578483582,-0.04310692846775055,0.27847182750701904,0.6012881398200989,-0.05045289918780327,0.3447127342224121,0.5961991548538208,-0.0119214141741395,0.35800284147262573,0.5162292718887329,-0.02980763465166092,0.3657231330871582,0.4682437479496002,-0.04040092974901199,0.3681491017341614,0.4279002845287323,-0.04546333849430084,0.31075605750083923,0.6015173196792603,-0.012475875206291676,0.28853678703308105,0.5152406692504883,-0.03506343439221382,0.27575039863586426,0.4634395241737366,-0.048724234104156494,0.2631704807281494,0.4225761890411377,-0.05288032442331314,0.2831175923347473,0.6287813186645508,-0.016092807054519653,0.276189923286438,0.6072447299957275,-0.0521862730383873,0.29723164439201355,0.648046612739563,-0.061198871582746506,0.3092101812362671,0.6802985072135925,-0.05447065085172653,0.263346791267395,0.6646930575370789,-0.0208960622549057,0.26797837018966675,0.6466119289398193,-0.04904112219810486,0.2901526689529419,0.6765925288200378,-0.04999862238764763,0.3052242398262024,0.7054440379142761,-0.041919905692338943
0.31685885787010193,0.792538046836853,4.545102854081051e-07,0.346829891204834,0.7464269399642944,-0.02280770055949688,0.3492977023124695,0.6738100051879883,-0.029506603255867958,0.31226807832717896,0.6253035664558411,-0.03622104227542877,0.27330639958381653,0.6028117537498474,-0.04162418842315674,0.3453461527824402,0.5961685180664062,-0.006794588174670935,0.35884401202201843,0.515282154083252,-0.02264329418540001,0.3663514256477356,0.4668446183204651,-0.032096125185489655,0.36832815408706665,0.42629536986351013,-0.036423202604055405,0.3114502727985382,0.6018202304840088,-0.007817923091351986,0.2896871268749237,0.5159643888473511,-0.02848058007657528,0.2768336236476898,0.4645383954048157,-0.04209082946181297,0.26405784487724304,0.4215547442436218,-0.04621603712439537,0.2840612232685089,0.6286699771881104,-0.011871738359332085,0.27763548493385315,0.6054462790489197,-0.0480385422706604,0.2960461676120758,0.6496163010597229,-0.05791347846388817,0.3055129647254944,0.6815049052238464,-0.05129527300596237,0.2645701766014099,0.6637824177742004,-0.016652468591928482,0.26746299862861633,0.6415789723396301,-0.04541212320327759,0.2868795096874237,0.6752450466156006,-0.0458088144659996,0.29952093958854675,0.7055099606513977,-0.03689800947904587
0.3174193501472473,0.792373538017273,4.626920429018355e-07,0.34672755002975464,0.7464585304260254,-0.0228880625218153,0.3493242859840393,0.6746706366539001,-0.029749520123004913,0.31338736414909363,0.6261430978775024,-0.03659581393003464,0.27438148856163025,0.6042202711105347,-0.04217647388577461,0.3453300893306732,0.595782458782196,-0.00735768536105752,0.3590025007724762,0.5144343376159668,-0.02282816730439663,0.3666225075721741,0.4659706950187683,-0.0320778526365757,0.36840322613716125,0.42540955543518066,-0.03625621274113655,0.31140828132629395,0.6014595627784729,-0.008181173354387283,0.28980013728141785,0.5159213542938232,-0.028186678886413574,0.27677908539772034,0.4643801152706146,-0.04163521155714989,0.2638205289840698,0.4211413860321045,-0.04580390453338623,0.2837368845939636,0.6284067034721375,-0.011968512088060379,0.2784498929977417,0.6069853901863098,-0.047231849282979965,0.296182781457901,0.6495857238769531,-0.05745815858244896,0.30491435527801514,0.6806965470314026,-0.051344357430934906,0.2641679644584656,0.6636198163032532,-0.016506226733326912,0.2671012580394745,0.6427968144416809,-0.04440196976065636,0.28693628311157227,0.6756911873817444,-0.04488478973507881,0.300012469291687,0.7061669826507568,-0.036205828189849854
0.3180690109729767,0.7941129803657532,4.873689363193989e-07,0.34769442677497864,0.7496640682220459,-0.02448529750108719,0.34912025928497314,0.6742252111434937,-0.0318450964987278,0.31226539611816406,0.6234543919563293,-0.03886264190077782,0.27261877059936523,0.5991222262382507,-0.04420974850654602,0.34607744216918945,0.5967501401901245,-0.008055465295910835,0.3599604070186615,0.5161834955215454,-0.024244213476777077,0.36786532402038574,0.46787363290786743,-0.033679861575365067,0.3696132302284241,0.42725715041160583,-0.03818251192569733,0.31199923157691956,0.6022409796714783,-0.0086015360429883,0.28953173756599426,0.5134198665618896,-0.030903561040759087,0.27705952525138855,0.4618043303489685,-0.044668056070804596,0.26406314969062805,0.4205542206764221,-0.048443157225847244,0.28395187854766846,0.6292304396629333,-0.012408959679305553,0.2768777310848236,0.6032896041870117,-0.050454363226890564,0.29729869961738586,0.6472725868225098,-0.06093257665634155,0.3077238202095032,0.6805480122566223,-0.054314013570547104,0.2630554735660553,0.6641571521759033,-0.017074260860681534,0.26950040459632874,0.6434852480888367,-0.04788554459810257,0.2912581264972687,0.6777635216712952,-0.04998017102479935,0.30471348762512207,0.7082160711288452,-0.04217805713415146
0.3179764449596405,0.7940481305122375,4.7566572902724147e-07,0.3474426865577698,0.7470306158065796,-0.024260900914669037,0.3482564389705658,0.6718389391899109,-0.031248075887560844,0.3102703392505646,0.6224062442779541,-0.03798124939203262,0.2706008553504944,0.598365306854248,-0.04296981915831566,0.3461310863494873,0.594626247882843,-0.006544793490320444,0.3600832223892212,0.5147883892059326,-0.022216644138097763,0.3672727644443512,0.46679583191871643,-0.03140167146921158,0.3686438202857971,0.4265570044517517,-0.0358373187482357,0.3118468225002289,0.6007502675056458,-0.007124818861484528,0.2895542085170746,0.5131267309188843,-0.028795957565307617,0.27733689546585083,0.4618709981441498,-0.04224136471748352,0.264843225479126,0.421085000038147,-0.04593590274453163,0.28384003043174744,0.6283052563667297,-0.01115826889872551,0.2765596807003021,0.6033535003662109,-0.048570193350315094,0.29730522632598877,0.6468660235404968,-0.05919618904590607,0.30796051025390625,0.6793781518936157,-0.05285550281405449,0.26354721188545227,0.6635808348655701,-0.016108868643641472,0.26986297965049744,0.643501341342926,-0.04631105810403824,0.2912692725658417,0.6768738031387329,-0.048689067363739014,0.30446910858154297,0.7061660289764404,-0.04129479080438614
0.31959548592567444,0.7948867678642273,4.804775812772277e-07,0.34852686524391174,0.7477461099624634,-0.023305164650082588,0.34872764348983765,0.6765400171279907,-0.030411576852202415,0.3129623830318451,0.6280360221862793,-0.037872277200222015,0.2740963399410248,0.6031889915466309,-0.04376579448580742,0.34602972865104675,0.5936278104782104,-0.004868730437010527,0.3595442771911621,0.5149579048156738,-0.021059678867459297,0.36695346236228943,0.46633052825927734,-0.03116145357489586,0.36844637989997864,0.4254962205886841,-0.03617415577173233,0.3124198019504547,0.5994861721992493,-0.0059965020045638084,0.29094505310058594,0.5135635137557983,-0.02807602658867836,0.2777002155780792,0.4622523784637451,-0.04251772537827492,0.26417332887649536,0.42090022563934326,-0.046878207474946976,0.2847388982772827,0.6274619698524475,-0.010436794720590115,0.2756900489330292,0.6054253578186035,-0.04740595817565918,0.29541268944740295,0.6481708884239197,-0.058069176971912384,0.3062557876110077,0.6804362535476685,-0.05184938386082649,0.26462626457214355,0.664330780506134,-0.01586087979376316,0.26877856254577637,0.6463931798934937,-0.04541369527578354,0.2901822030544281,0.679558515548706,-0.04755513742566109,0.3050643801689148,0.7095573544502258,-0.039890438318252563
0.3172973394393921,0.7946257591247559,4.802616331289755e-07,0.3464046120643616,0.7477127313613892,-0.023384131491184235,0.3487478196620941,0.6777943968772888,-0.03135703131556511,0.31422853469848633,0.6277579665184021,-0.0394325777888298,0.2754717171192169,0.602860689163208,-0.04577535390853882,0.34662461280822754,0.5962032079696655,-0.008175148628652096,0.3595302104949951,0.5161073803901672,-0.024860136210918427,0.36725643277168274,0.4677521586418152,-0.03459803760051727,0.36933794617652893,0.4274929165840149,-0.03921378403902054,0.31217119097709656,0.6008320450782776,-0.00907849706709385,0.28972065448760986,0.5162886381149292,-0.03084048256278038,0.276929646730423,0.4648212194442749,-0.04451604560017586,0.2646084427833557,0.42435622215270996,-0.04867497459053993,0.28399765491485596,0.6276695132255554,-0.013196679763495922,0.27918529510498047,0.6089485287666321,-0.04850192368030548,0.29803770780563354,0.6479322910308838,-0.05894013121724129,0.30772486329078674,0.6784527897834778,-0.05346040800213814,0.2638467252254486,0.6626812815666199,-0.018398486077785492,0.27218425273895264,0.6500349044799805,-0.04590005800127983,0.2931324541568756,0.6807007789611816,-0.048114679753780365,0.3063785135746002,0.7085344791412354,-0.04120912030339241
0.31650128960609436,0.7934309840202332,4.870236693932384e-07,0.3459719717502594,0.7462588548660278,-0.02374459058046341,0.34918665885925293,0.6758214235305786,-0.03153745085000992,0.31382396817207336,0.6254938840866089,-0.0391886830329895,0.27464812994003296,0.6018664836883545,-0.04516414925456047,0.34578585624694824,0.5955991744995117,-0.008068893104791641,0.3595466613769531,0.5151498317718506,-0.023884514346718788,0.3677206039428711,0.46702057123184204,-0.03324127569794655,0.37001660466194153,0.4273413419723511,-0.03767654299736023,0.31153538823127747,0.601037859916687,-0.008560414426028728,0.2895714342594147,0.515103280544281,-0.029243700206279755,0.2775859534740448,0.4635241627693176,-0.04257112741470337,0.2655755281448364,0.4225401282310486,-0.04663477838039398,0.2837628424167633,0.628206729888916,-0.01224804949015379,0.2779426574707031,0.6058658957481384,-0.04740886390209198,0.2973601222038269,0.64641273021698,-0.05800287425518036,0.30739647150039673,0.6778263449668884,-0.05245768651366234,0.2638147473335266,0.6637141704559326,-0.01689167693257332,0.27061745524406433,0.646377682685852,-0.04475010558962822,0.2915918231010437,0.6769453287124634,-0.046902429312467575,0.30504080653190613,0.7051734924316406,-0.039791837334632874
0.3193581998348236,0.793219268321991,4.899830514659698e-07,0.347637802362442,0.7476183176040649,-0.024054039269685745,0.35001686215400696,0.6753791570663452,-0.03072659857571125,0.31190094351768494,0.6280305981636047,-0.03711465746164322,0.2727700173854828,0.6038883924484253,-0.04178394004702568,0.3469594419002533,0.5944978594779968,-0.0038245872128754854,0.3594832122325897,0.5161067247390747,-0.01899978518486023,0.3682580590248108,0.4684697985649109,-0.02829456515610218,0.37129077315330505,0.428650438785553,-0.03280632942914963,0.31286805868148804,0.6012227535247803,-0.004294354934245348,0.2911171019077301,0.5148983001708984,-0.024694131687283516,0.2795453667640686,0.46384549140930176,-0.03849249333143234,0.267312616109848,0.4220842123031616,-0.04267801344394684,0.2850733995437622,0.6290037035942078,-0.008414353244006634,0.27971160411834717,0.605421245098114,-0.04551870375871658,0.29849329590797424,0.6459033489227295,-0.057921331375837326,0.3071487247943878,0.6752738952636719,-0.053015392273664474,0.2652832865715027,0.6652276515960693,-0.013303960673511028,0.272771954536438,0.6481849551200867,-0.04368789494037628,0.2939017415046692,0.6821213960647583,-0.04710184782743454,0.30653685331344604,0.7110195159912109,-0.040494851768016815
0.31936779618263245,0.7922108769416809,4.879797756984772e-07,0.34779486060142517,0.7464685440063477,-0.02453114464879036,0.3502689599990845,0.6756466627120972,-0.031885672360658646,0.31354784965515137,0.6274318099021912,-0.0389949195086956,0.27444180846214294,0.6032746434211731,-0.04439131170511246,0.34742504358291626,0.5926973223686218,-0.004482278134673834,0.35980403423309326,0.5152713060379028,-0.020446257665753365,0.3681687116622925,0.467913419008255,-0.03047408163547516,0.3711194396018982,0.42852115631103516,-0.035440824925899506,0.31290337443351746,0.5989657640457153,-0.005001765675842762,0.2910088300704956,0.5140101909637451,-0.026013972237706184,0.2790861129760742,0.4634600281715393,-0.040152888745069504,0.26700955629348755,0.42200779914855957,-0.0445140041410923,0.28479740023612976,0.6271756887435913,-0.009227942675352097,0.27979350090026855,0.6052780747413635,-0.04657904431223869,0.2987368702888489,0.6458315849304199,-0.058659639209508896,0.3076684772968292,0.6752599477767944,-0.053486280143260956,0.26471105217933655,0.6644101738929749,-0.014327097684144974,0.2712918519973755,0.6469972729682922,-0.04459785670042038,0.2924925684928894,0.6801303625106812,-0.04755691811442375,0.30549076199531555,0.7090319395065308,-0.04056013748049736
0.3223423659801483,0.795509934425354,4.60379595779159e-07,0.3509872555732727,0.7484400868415833,-0.021880563348531723,0.352558970451355,0.6768506169319153,-0.028860976919531822,0.3151819705963135,0.6290283799171448,-0.03575260937213898,0.27732357382774353,0.6061578989028931,-0.04129202663898468,0.3495073914527893,0.5997585654258728,-0.008850181475281715,0.3638201951980591,0.5191561579704285,-0.02418638952076435,0.3714172840118408,0.47019967436790466,-0.03320523723959923,0.3737607002258301,0.4291682243347168,-0.03750836104154587,0.3155254125595093,0.6044727563858032,-0.009924470447003841,0.2939693033695221,0.5190942287445068,-0.029718825593590736,0.2823168933391571,0.4667121171951294,-0.04264318570494652,0.2711023688316345,0.4243820309638977,-0.04695425182580948,0.2878760099411011,0.6307888031005859,-0.01364262867718935,0.28331437706947327,0.6079291105270386,-0.04724495857954025,0.3026616871356964,0.6478276252746582,-0.05684227868914604,0.31236395239830017,0.6797193288803101,-0.05128692835569382,0.2677575945854187,0.6648731827735901,-0.01820944808423519,0.2733359932899475,0.6476297378540039,-0.045318327844142914,0.29370811581611633,0.6794055700302124,-0.04656638577580452,0.30634060502052307,0.7094480991363525,-0.03900008276104927
0.3221943974494934,0.7943717241287231,4.49151542625259e-07,0.35102206468582153,0.7474358081817627,-0.021617775782942772,0.3537629246711731,0.6748555898666382,-0.02697514370083809,0.3164101243019104,0.6275066137313843,-0.031641650944948196,0.2778337001800537,0.6068034172058105,-0.0353616327047348,0.34925970435142517,0.596440315246582,-0.007279800716787577,0.3638966679573059,0.5169454216957092,-0.020176667720079422,0.3713986873626709,0.46847817301750183,-0.02839350327849388,0.3725912272930145,0.42817750573158264,-0.03273160755634308,0.314931184053421,0.6008556485176086,-0.007757674437016249,0.2941276431083679,0.5162110328674316,-0.0242206621915102,0.2815342843532562,0.4655539393424988,-0.036637015640735626,0.26935404539108276,0.4227161407470703,-0.041638683527708054,0.2875545024871826,0.6270812153816223,-0.0107326190918684,0.28230905532836914,0.5972867608070374,-0.04145745187997818,0.30064675211906433,0.6264714598655701,-0.05274444445967674,0.3109101355075836,0.649635374546051,-0.05016060918569565,0.26796263456344604,0.6624088287353516,-0.014412672258913517,0.27213260531425476,0.6425051689147949,-0.041741956025362015,0.29298481345176697,0.6765412092208862,-0.04437234625220299,0.307553231716156,0.708703875541687,-0.03837558254599571
0.32391342520713806,0.796338677406311,4.839231451114756e-07,0.35299205780029297,0.7504666447639465,-0.02295154333114624,0.3537004590034485,0.6771513819694519,-0.03040762059390545,0.31785231828689575,0.6273168921470642,-0.037753306329250336,0.2792420983314514,0.6050869226455688,-0.04360384866595268,0.35016676783561707,0.5976939797401428,-0.00960133969783783,0.3652901351451874,0.5175946950912476,-0.02603624202311039,0.37283989787101746,0.4678318500518799,-0.03562359884381294,0.37476643919944763,0.4266863465309143,-0.04023585096001625,0.3163522779941559,0.6022149324417114,-0.010721145197749138,0.29484960436820984,0.5160545110702515,-0.032305244356393814,0.2822030186653137,0.46221309900283813,-0.04576340690255165,0.2700464725494385,0.41898369789123535,-0.04995903745293617,0.2889014482498169,0.629105269908905,-0.014648349024355412,0.282913476228714,0.6053247451782227,-0.05009066313505173,0.302438348531723,0.6467776894569397,-0.05922052264213562,0.3129541575908661,0.6792569756507874,-0.05269034579396248,0.2689357399940491,0.6645179390907288,-0.01953728310763836,0.27488473057746887,0.6459850668907166,-0.04777160659432411,0.29554483294487,0.6787084937095642,-0.04868922382593155,0.30906522274017334,0.7088651657104492,-0.040487173944711685
0.3229913115501404,0.7951799035072327,4.772339252667734e-07,0.35291552543640137,0.7491447925567627,-0.02257789671421051,0.3541114032268524,0.6768736839294434,-0.029472284018993378,0.31726109981536865,0.6275942921638489,-0.03618743270635605,0.2786017060279846,0.6053324937820435,-0.0415646992623806,0.35026657581329346,0.5962334871292114,-0.00880310870707035,0.36600610613822937,0.5168492794036865,-0.02429436892271042,0.3730853497982025,0.4674134850502014,-0.033373765647411346,0.37448233366012573,0.42631763219833374,-0.037865955382585526,0.3159773349761963,0.6006138920783997,-0.009857777506113052,0.2950260639190674,0.5154226422309875,-0.030360378324985504,0.28218793869018555,0.4622277021408081,-0.043569158762693405,0.2701612114906311,0.4190216064453125,-0.04797980561852455,0.2882172763347626,0.627196729183197,-0.013668886385858059,0.28302130103111267,0.6024353504180908,-0.04828241840004921,0.30218690633773804,0.6421245336532593,-0.05804244056344032,0.31284186244010925,0.673174262046814,-0.05247627943754196,0.26809924840927124,0.6624664664268494,-0.018372759222984314,0.2745892107486725,0.6455739140510559,-0.04692378267645836,0.2955152690410614,0.6791895627975464,-0.04877813160419464,0.30950507521629333,0.7098596692085266,-0.04138878732919693
0.3242221176624298,0.7960631251335144,4.71595171802619e-07,0.3534212112426758,0.7508429884910583,-0.022221334278583527,0.35534870624542236,0.6779125928878784,-0.02948763035237789,0.3206862211227417,0.6286819577217102,-0.03679456189274788,0.2814842760562897,0.6058835387229919,-0.042780566960573196,0.3507939577102661,0.5980626940727234,-0.009871595539152622,0.36655721068382263,0.5164172053337097,-0.025182830169796944,0.3746700882911682,0.467772901058197,-0.03400036692619324,0.3767455816268921,0.42667657136917114,-0.038239311426877975,0.3163655996322632,0.6020210981369019,-0.011001327075064182,0.2947579026222229,0.5161193609237671,-0.03140497952699661,0.2821841835975647,0.46366167068481445,-0.04448655992746353,0.2698754072189331,0.4205865263938904,-0.04883773997426033,0.2882876396179199,0.6278795003890991,-0.01467567402869463,0.28222429752349854,0.6037605404853821,-0.04890308156609535,0.3017943203449249,0.6466529369354248,-0.05779915302991867,0.3120358884334564,0.6799554824829102,-0.05171183496713638,0.26807457208633423,0.6619713306427002,-0.01926576904952526,0.2734460234642029,0.6439969539642334,-0.04710361361503601,0.2948094308376312,0.6779342293739319,-0.048010632395744324,0.30911052227020264,0.7095486521720886,-0.040047165006399155
0.32378602027893066,0.795181155204773,4.81157428566803e-07,0.3534896969795227,0.7493529319763184,-0.021908480674028397,0.3557201027870178,0.6779620051383972,-0.029235413298010826,0.32127001881599426,0.6291579604148865,-0.036680061370134354,0.2822832465171814,0.6066709160804749,-0.042834099382162094,0.3503185510635376,0.5972333550453186,-0.010101699270308018,0.36628830432891846,0.5160964727401733,-0.02575087919831276,0.37439095973968506,0.4676644802093506,-0.03476307541131973,0.37663698196411133,0.4266595244407654,-0.03909778967499733,0.3158412575721741,0.601144552230835,-0.011428670026361942,0.2949080765247345,0.5157259702682495,-0.03189747780561447,0.2819088399410248,0.4630555510520935,-0.045016877353191376,0.26939699053764343,0.42012447118759155,-0.049443699419498444,0.28780508041381836,0.627262532711029,-0.015267711132764816,0.282095730304718,0.6038298606872559,-0.04922989383339882,0.30158543586730957,0.6455416083335876,-0.05826931446790695,0.3122475743293762,0.6783066987991333,-0.05241455137729645,0.2676246166229248,0.6620728969573975,-0.020023532211780548,0.2732085585594177,0.6462537050247192,-0.047673411667346954,0.2949654459953308,0.6790212988853455,-0.04890027269721031,0.30991169810295105,0.7097210884094238,-0.04121825098991394
0.3235878050327301,0.7965312600135803,4.878455115431279e-07,0.3537733852863312,0.7485034465789795,-0.021418528631329536,0.3552073836326599,0.6786906719207764,-0.028169449418783188,0.32057997584342957,0.631015956401825,-0.03486037626862526,0.28299516439437866,0.6089589595794678,-0.04030512645840645,0.34979161620140076,0.5971144437789917,-0.009748970158398151,0.36614423990249634,0.5168836116790771,-0.024164604023098946,0.3734871745109558,0.4675522744655609,-0.032905906438827515,0.3748370110988617,0.425950825214386,-0.03745226562023163,0.3152730166912079,0.6006080508232117,-0.010894609615206718,0.2947947084903717,0.5157561302185059,-0.02963196486234665,0.28229954838752747,0.4626045823097229,-0.0426805205643177,0.2706660032272339,0.41923755407333374,-0.04774792864918709,0.2875134348869324,0.626565158367157,-0.01438999641686678,0.28228604793548584,0.6032701134681702,-0.04593320190906525,0.3004082143306732,0.6395525336265564,-0.05606957897543907,0.3101249039173126,0.6694566011428833,-0.05209778621792793,0.2674742043018341,0.6620762348175049,-0.018834957852959633,0.27265045046806335,0.6461396813392639,-0.04509355127811432,0.2947288751602173,0.6767503619194031,-0.04724681377410889,0.31095144152641296,0.706977128982544,-0.040861815214157104
0.3228248059749603,0.797882080078125,4.889915317107807e-07,0.35339272022247314,0.7493362426757812,-0.021435707807540894,0.3554401397705078,0.6801150441169739,-0.028344903141260147,0.3214394450187683,0.6313974857330322,-0.035298656672239304,0.2839609980583191,0.6092867851257324,-0.04095914587378502,0.3499455153942108,0.597533106803894,-0.00961269624531269,0.3661195635795593,0.5171031951904297,-0.024288814514875412,0.3735203146934509,0.46769821643829346,-0.03324766084551811,0.3749641180038452,0.42607057094573975,-0.03782860189676285,0.3154792785644531,0.6006308794021606,-0.010784231126308441,0.29490014910697937,0.5155811309814453,-0.029704375192523003,0.2825236916542053,0.4623815417289734,-0.04272139444947243,0.2711712718009949,0.4192127585411072,-0.04761276766657829,0.2876799702644348,0.6265546679496765,-0.014334614388644695,0.2829890847206116,0.6047672033309937,-0.04599176347255707,0.3014396131038666,0.6424082517623901,-0.05572379007935524,0.311521977186203,0.6733905076980591,-0.051182158291339874,0.2674192786216736,0.6621100306510925,-0.01886323094367981,0.27269673347473145,0.6461100578308105,-0.04467826709151268,0.29467320442199707,0.6763460040092468,-0.04622960463166237,0.31083184480667114,0.7065963745117188,-0.03929300606250763
0.32155632972717285,0.7964937686920166,4.735124434773752e-07,0.3527996242046356,0.7495257258415222,-0.022543461993336678,0.35616493225097656,0.6761977076530457,-0.028159119188785553,0.3187008500099182,0.6282445788383484,-0.03268982842564583,0.2797792851924896,0.6055201888084412,-0.036228980869054794,0.35218900442123413,0.5963794589042664,-0.009157887659966946,0.3666872978210449,0.5164665579795837,-0.021956792101264,0.37415656447410583,0.4672183394432068,-0.030193626880645752,0.3751349449157715,0.42586255073547363,-0.03505672886967659,0.31700488924980164,0.5999025106430054,-0.00931602530181408,0.2970089316368103,0.515621542930603,-0.02508150041103363,0.2851105332374573,0.46300333738327026,-0.037394315004348755,0.27285221219062805,0.41935181617736816,-0.04320155829191208,0.28876739740371704,0.6251166462898254,-0.012179858982563019,0.28382766246795654,0.5916262269020081,-0.0408635176718235,0.2998093068599701,0.6092522144317627,-0.053918443620204926,0.30741649866104126,0.6252583861351013,-0.05467454344034195,0.26771610975265503,0.6594932079315186,-0.016106562688946724,0.27876779437065125,0.6481207013130188,-0.04344447702169418,0.2999584376811981,0.6804635524749756,-0.04955252632498741,0.3136853277683258,0.7103336453437805,-0.0474051795899868
0.32224950194358826,0.7958787679672241,4.838195195588924e-07,0.3531169891357422,0.7493658065795898,-0.023013800382614136,0.35602298378944397,0.6771060228347778,-0.028912803158164024,0.3198486566543579,0.6300960779190063,-0.033258095383644104,0.2808159291744232,0.606425404548645,-0.03686951473355293,0.35225582122802734,0.5948812961578369,-0.010065613314509392,0.3669268488883972,0.5169006586074829,-0.021773628890514374,0.3742574453353882,0.46816080808639526,-0.030236536636948586,0.3744957149028778,0.42634183168411255,-0.03596850857138634,0.3168010413646698,0.5988872051239014,-0.010072625242173672,0.29711124300956726,0.5157005786895752,-0.023523474112153053,0.2846701443195343,0.4628077447414398,-0.035333164036273956,0.27113568782806396,0.4176226854324341,-0.04185560718178749,0.2886432409286499,0.6250160932540894,-0.012812462635338306,0.28017911314964294,0.584075391292572,-0.03759494423866272,0.2919846773147583,0.5839447975158691,-0.050805386155843735,0.29643771052360535,0.5845929980278015,-0.05419231951236725,0.26809632778167725,0.6610255241394043,-0.016895217821002007,0.2789457142353058,0.6472572088241577,-0.04251799359917641,0.2987961769104004,0.677067756652832,-0.048630472272634506,0.3115641176700592,0.7054053544998169,-0.047802530229091644
0.3285461366176605,0.7906267642974854,4.831961177842459e-07,0.3577331304550171,0.7438709735870361,-0.021654553711414337,0.3608493506908417,0.6733381748199463,-0.028350526466965675,0.32829511165618896,0.6281107068061829,-0.03355642780661583,0.29000768065452576,0.6056061387062073,-0.038499582558870316,0.35513338446617126,0.5921359062194824,-0.012922002002596855,0.37037143111228943,0.5150815844535828,-0.025803733617067337,0.37809625267982483,0.4665132761001587,-0.03559267893433571,0.3787441849708557,0.42392441630363464,-0.04233146458864212,0.32042816281318665,0.5951233506202698,-0.014110779389739037,0.3018109202384949,0.5116299986839294,-0.027086680755019188,0.28781962394714355,0.4591290354728699,-0.0384058952331543,0.27259334921836853,0.41327643394470215,-0.04496902599930763,0.29277491569519043,0.6202440857887268,-0.017636341974139214,0.2826748490333557,0.5751964449882507,-0.03900335356593132,0.2913981080055237,0.5616483092308044,-0.05014372244477272,0.29475075006484985,0.5489912033081055,-0.054028626531362534,0.27309727668762207,0.6562148928642273,-0.022751880809664726,0.2830735146999359,0.6439104080200195,-0.04547128826379776,0.30166834592819214,0.6717711091041565,-0.049202486872673035,0.3143894672393799,0.697272539138794,-0.0475836917757988
0.3303202688694,0.781521737575531,4.962359412274964e-07,0.3609181344509125,0.7344160079956055,-0.021554743871092796,0.36539125442504883,0.6674551367759705,-0.029645631089806557,0.3313966393470764,0.6201730370521545,-0.037981703877449036,0.2932587265968323,0.5979236364364624,-0.044986773282289505,0.361175000667572,0.5885698199272156,-0.010034198872745037,0.37623342871665955,0.5100877285003662,-0.026956891641020775,0.3841634690761566,0.4615907669067383,-0.036819156259298325,0.38673174381256104,0.4219247102737427,-0.04127916321158409,0.32683441042900085,0.5921082496643066,-0.011457773856818676,0.30700555443763733,0.5055400133132935,-0.032847676426172256,0.29324594140052795,0.45360076427459717,-0.04607173427939415,0.280021607875824,0.41238924860954285,-0.04999138414859772,0.29853683710098267,0.6160771250724792,-0.015573504380881786,0.2902058959007263,0.5937005877494812,-0.05036216974258423,0.30815985798835754,0.6356759667396545,-0.0598696693778038,0.31813696026802063,0.6687987446784973,-0.05379410833120346,0.2775799036026001,0.6489243507385254,-0.02050822600722313,0.28237178921699524,0.6307170987129211,-0.04772406816482544,0.30432572960853577,0.6627996563911438,-0.04875700920820236,0.31976693868637085,0.6930074691772461,-0.04079192131757736
0.33038729429244995,0.7793605327606201,4.936681534672971e-07,0.36136069893836975,0.7338018417358398,-0.02072722651064396,0.36469748616218567,0.670280396938324,-0.028969235718250275,0.3331802487373352,0.6245751976966858,-0.03784232959151268,0.2971586287021637,0.6024585962295532,-0.04540190100669861,0.36079084873199463,0.5884751081466675,-0.011330997571349144,0.3766114413738251,0.5091598033905029,-0.028482628986239433,0.3850753605365753,0.4608778953552246,-0.03802531585097313,0.38722097873687744,0.42065489292144775,-0.04208847135305405,0.3266838788986206,0.5905866622924805,-0.013038518838584423,0.30628305673599243,0.505167543888092,-0.034768130630254745,0.29296380281448364,0.45282596349716187,-0.047320153564214706,0.2801109552383423,0.4117974042892456,-0.05051862448453903,0.29787224531173706,0.6139479875564575,-0.01723516173660755,0.29232990741729736,0.595828115940094,-0.05135445296764374,0.3101334571838379,0.6380869150161743,-0.060108985751867294,0.32000282406806946,0.6722366213798523,-0.05325022712349892,0.27707722783088684,0.6459434032440186,-0.022273071110248566,0.28349822759628296,0.6342020630836487,-0.04828350618481636,0.3038824796676636,0.6670117378234863,-0.0488310307264328,0.3172670304775238,0.6983005404472351,-0.04031073674559593
0.3368312120437622,0.7695906758308411,4.884942654825863e-07,0.36807456612586975,0.7222011089324951,-0.02073398232460022,0.37328577041625977,0.6548266410827637,-0.028482230380177498,0.3422790467739105,0.6058855056762695,-0.036364488303661346,0.3063393831253052,0.5863849520683289,-0.04296960309147835,0.368647962808609,0.5777922868728638,-0.01142111886292696,0.38510146737098694,0.49974218010902405,-0.027517547830939293,0.3929394483566284,0.45117759704589844,-0.03658922016620636,0.39603132009506226,0.4114789068698883,-0.040744349360466,0.3337940275669098,0.5818882584571838,-0.013107750564813614,0.31343919038772583,0.4972168505191803,-0.03323124721646309,0.30317485332489014,0.44562581181526184,-0.04491383582353592,0.2942180037498474,0.40499159693717957,-0.04822344332933426,0.3045961856842041,0.6061713099479675,-0.017239835113286972,0.2998364567756653,0.584932804107666,-0.050901927053928375,0.31949713826179504,0.6278632283210754,-0.05895356088876724,0.329994261264801,0.6626840233802795,-0.05225861072540283,0.2833517789840698,0.6397272944450378,-0.02219301648437977,0.29152390360832214,0.623667299747467,-0.048533160239458084,0.31303462386131287,0.6559062004089355,-0.048941876739263535,0.32617124915122986,0.6863317489624023,-0.04080173000693321
0.34205812215805054,0.7616430521011353,4.940802682540379e-07,0.37309712171554565,0.7117927074432373,-0.023396799340844154,0.37568747997283936,0.6426495313644409,-0.030712859705090523,0.34165820479393005,0.5939272046089172,-0.03728928416967392,0.30485209822654724,0.5734738111495972,-0.04241153225302696,0.3743903934955597,0.5700325965881348,-0.00943042989820242,0.3910921514034271,0.49057435989379883,-0.02473701909184456,0.4002106785774231,0.44179147481918335,-0.03388262912631035,0.40358635783195496,0.4027136266231537,-0.03805074840784073,0.33997029066085815,0.5737561583518982,-0.008754221722483635,0.3215290904045105,0.48993098735809326,-0.027706550434231758,0.31068214774131775,0.4390396475791931,-0.040141522884368896,0.29959145188331604,0.3973371982574463,-0.04408717900514603,0.3111506700515747,0.5973172187805176,-0.011000292375683784,0.3025591969490051,0.5737490057945251,-0.04441741481423378,0.3205394744873047,0.6158801317214966,-0.05390042066574097,0.3300778865814209,0.6491292119026184,-0.04800986126065254,0.2900559902191162,0.630106508731842,-0.014131667092442513,0.29156237840652466,0.6078364849090576,-0.040957555174827576,0.3112349510192871,0.6382647752761841,-0.04198100045323372,0.32406097650527954,0.66812664270401,-0.03407670930027962
0.34256505966186523,0.7613599896430969,4.764226844145014e-07,0.3739289939403534,0.7124373912811279,-0.02094021998345852,0.3773046135902405,0.644842267036438,-0.028523480519652367,0.3438929617404938,0.5973305702209473,-0.036226607859134674,0.3077233135700226,0.5762755274772644,-0.0428483746945858,0.37361958622932434,0.5692890882492065,-0.01002968568354845,0.39083197712898254,0.49079954624176025,-0.02558298408985138,0.400537371635437,0.4433583617210388,-0.0350755974650383,0.4039219617843628,0.40393882989883423,-0.039644502103328705,0.33923229575157166,0.5729654431343079,-0.0112092774361372,0.320430725812912,0.4874133765697479,-0.030808890238404274,0.3101961016654968,0.4362051486968994,-0.04349267855286598,0.2995758056640625,0.39350461959838867,-0.04770292714238167,0.31096529960632324,0.5971764922142029,-0.014796627685427666,0.302077978849411,0.5722063779830933,-0.0480043962597847,0.3205723762512207,0.6161623597145081,-0.05638822540640831,0.33057087659835815,0.6508405208587646,-0.04985830560326576,0.2904968857765198,0.6311569213867188,-0.01904730685055256,0.2914523184299469,0.6051239967346191,-0.045525286346673965,0.3121548593044281,0.6384415030479431,-0.04490292817354202,0.3262271285057068,0.6715550422668457,-0.03571012243628502
0.3452432155609131,0.7550088167190552,5.047223794463207e-07,0.3767683804035187,0.7069113254547119,-0.021385762840509415,0.3828018605709076,0.6375330686569214,-0.029326634481549263,0.353240042924881,0.5865976214408875,-0.03761936351656914,0.3154951333999634,0.563776433467865,-0.044718094170093536,0.3797931969165802,0.5597769021987915,-0.008815974928438663,0.39727678894996643,0.4822874665260315,-0.02513160929083824,0.40697863698005676,0.43358737230300903,-0.035288792103528976,0.4110192358493805,0.3940872550010681,-0.04048077017068863,0.34590330719947815,0.5633024573326111,-0.01064379047602415,0.3278673589229584,0.4772852659225464,-0.031860291957855225,0.3164573013782501,0.4249384105205536,-0.045684393495321274,0.3048260807991028,0.38306209444999695,-0.050440188497304916,0.31685325503349304,0.5884268283843994,-0.015049685724079609,0.3092528283596039,0.561322033405304,-0.04993290826678276,0.3288801908493042,0.6038313508033752,-0.058233048766851425,0.3395656645298004,0.6373798847198486,-0.051598966121673584,0.2947027087211609,0.6239864230155945,-0.02032691054046154,0.29937461018562317,0.6012483835220337,-0.04857891798019409,0.3217390179634094,0.6337214708328247,-0.049034539610147476,0.3371298313140869,0.6648419499397278,-0.04060124233365059
0.3498556613922119,0.7447420358657837,4.865568712375534e-07,0.38229843974113464,0.6997566819190979,-0.023279840126633644,0.386454701423645,0.6313267350196838,-0.031212033703923225,0.35587477684020996,0.5811465382575989,-0.039139341562986374,0.3200632333755493,0.5551718473434448,-0.04555791616439819,0.386366069316864,0.5518741011619568,-0.008581479080021381,0.4045461416244507,0.4751596450805664,-0.02515752986073494,0.41371846199035645,0.4261474907398224,-0.035309989005327225,0.4176428020000458,0.386511892080307,-0.04063984751701355,0.35227975249290466,0.5547550320625305,-0.009477301500737667,0.3329572379589081,0.46735531091690063,-0.032476820051670074,0.32112863659858704,0.4156964421272278,-0.04673466458916664,0.31024715304374695,0.37534743547439575,-0.05120781809091568,0.32403355836868286,0.579572856426239,-0.01327386312186718,0.31390801072120667,0.5447396636009216,-0.05064846947789192,0.33265137672424316,0.589200496673584,-0.059004660695791245,0.3436444103717804,0.6242876052856445,-0.051517996937036514,0.3040211796760559,0.6141932010650635,-0.017927682027220726,0.30771398544311523,0.5868322253227234,-0.04833033308386803,0.3269621729850769,0.621467649936676,-0.04918258264660835,0.339422345161438,0.6528344750404358,-0.04050960764288902
0.3533211350440979,0.7407368421554565,4.581716837037675e-07,0.38483044505119324,0.6947399973869324,-0.01905585266649723,0.3860548436641693,0.6262077689170837,-0.025360343977808952,0.3548048138618469,0.5796565413475037,-0.032512519508600235,0.31971532106399536,0.5592372417449951,-0.03832371532917023,0.38527941703796387,0.5475286245346069,-0.007314005400985479,0.40411990880966187,0.47080010175704956,-0.02247007191181183,0.41275739669799805,0.4236387610435486,-0.031096581369638443,0.41506290435791016,0.3844612240791321,-0.03560355305671692,0.35193535685539246,0.5511259436607361,-0.010167503729462624,0.333599716424942,0.46533504128456116,-0.03142879903316498,0.3214370310306549,0.41434574127197266,-0.04419856518507004,0.3093421161174774,0.3748663663864136,-0.04820140078663826,0.32417792081832886,0.576760470867157,-0.015512758865952492,0.3148391842842102,0.5468427538871765,-0.04945820942521095,0.3333289623260498,0.5879648923873901,-0.05768878385424614,0.3448961079120636,0.6213705539703369,-0.051340751349925995,0.3046340346336365,0.6120965480804443,-0.021603528410196304,0.30823713541030884,0.5921732783317566,-0.048923276364803314,0.3277861475944519,0.6245312094688416,-0.050253190100193024,0.34171178936958313,0.654446005821228,-0.04291587322950363
0.35527756810188293,0.735710620880127,4.7618817688999115e-07,0.3888474404811859,0.6925093531608582,-0.021531321108341217,0.3948725461959839,0.6248040199279785,-0.029266532510519028,0.36576440930366516,0.5749025940895081,-0.03715222701430321,0.3318757116794586,0.5470702052116394,-0.04360870271921158,0.39002525806427,0.5455824136734009,-0.010469106957316399,0.4087577164173126,0.4692677855491638,-0.026310019195079803,0.41837331652641296,0.4206775426864624,-0.03567696735262871,0.4225689768791199,0.38054656982421875,-0.040586601942777634,0.3569805324077606,0.5473923683166504,-0.011996460147202015,0.33871108293533325,0.46058374643325806,-0.033377889543771744,0.32807502150535583,0.40769872069358826,-0.046520330011844635,0.317731648683548,0.3660355806350708,-0.051076311618089676,0.3295053541660309,0.570289134979248,-0.015995508059859276,0.31985151767730713,0.5355396866798401,-0.050653912127017975,0.33841538429260254,0.5773376226425171,-0.05836918205022812,0.3489721119403839,0.6116836071014404,-0.051924340426921844,0.3091781437397003,0.603150486946106,-0.020823758095502853,0.3140774071216583,0.57685786485672,-0.0493977889418602,0.3340798020362854,0.6123835444450378,-0.05006663501262665,0.3473651111125946,0.6455624103546143,-0.04210942983627319
0.3545413911342621,0.7335457801818848,4.437544305346819e-07,0.3888915479183197,0.6929089426994324,-0.020463690161705017,0.3950933814048767,0.6233530044555664,-0.027042580768465996,0.36613500118255615,0.5727137923240662,-0.03354174643754959,0.3311709761619568,0.5485498905181885,-0.03880736604332924,0.389335572719574,0.544886589050293,-0.009969716891646385,0.40841299295425415,0.4686412215232849,-0.023465074598789215,0.41753971576690674,0.42121320962905884,-0.03154750168323517,0.42092618346214294,0.3809397220611572,-0.03632238507270813,0.3556100130081177,0.5446534752845764,-0.011199751868844032,0.3383418023586273,0.458923876285553,-0.03001871146261692,0.32702186703681946,0.40708568692207336,-0.04191144183278084,0.3159146308898926,0.3671262562274933,-0.04669685661792755,0.32762157917022705,0.5658146739006042,-0.014596831053495407,0.31631386280059814,0.5231663584709167,-0.04577886685729027,0.333247572183609,0.561379611492157,-0.05303027853369713,0.3436448872089386,0.5964645743370056,-0.04804474860429764,0.3066117763519287,0.5979903936386108,-0.018863653764128685,0.31109732389450073,0.5713962316513062,-0.04613208398222923,0.33073872327804565,0.6076971888542175,-0.04772118851542473,0.34416118264198303,0.6432963609695435,-0.04134465754032135
0.3582034707069397,0.7295380234718323,4.387120213777962e-07,0.3949725031852722,0.6819775700569153,-0.017632532864809036,0.4022895097732544,0.6110100746154785,-0.023567866533994675,0.3740653097629547,0.5587701201438904,-0.030099036172032356,0.3391110301017761,0.5389703512191772,-0.035679567605257034,0.3966293931007385,0.5429830551147461,-0.009165823459625244,0.41530680656433105,0.4688895046710968,-0.02297193370759487,0.4227459728717804,0.4205275774002075,-0.031687431037425995,0.4266509413719177,0.3796153664588928,-0.03710490092635155,0.3632925748825073,0.5441102385520935,-0.01208476722240448,0.34861326217651367,0.45894908905029297,-0.031008325517177582,0.3375002145767212,0.403277724981308,-0.04366162046790123,0.3274204134941101,0.3585819602012634,-0.049341000616550446,0.33532583713531494,0.5655033588409424,-0.016688024625182152,0.3225458264350891,0.5226320028305054,-0.0479685440659523,0.34032124280929565,0.561874508857727,-0.05409885197877884,0.35138362646102905,0.5979300737380981,-0.04823831096291542,0.3146059811115265,0.598598837852478,-0.021959252655506134,0.3196128308773041,0.5685213804244995,-0.04819111526012421,0.3402024805545807,0.6016225814819336,-0.04798336327075958,0.3536844253540039,0.6358672380447388,-0.04052973911166191
0.3593312203884125,0.7322576642036438,4.5165251094658743e-07,0.3958735764026642,0.685140073299408,-0.01764708012342453,0.4025193750858307,0.6118646264076233,-0.02357989363372326,0.37339189648628235,0.5587959289550781,-0.030168278142809868,0.3375890552997589,0.54071444272995,-0.035712383687496185,0.39677122235298157,0.5432238578796387,-0.008506049402058125,0.41481250524520874,0.46734267473220825,-0.021539274603128433,0.4230014383792877,0.418673574924469,-0.030025800690054893,0.42665427923202515,0.3769879937171936,-0.03561941534280777,0.3631404936313629,0.5445964336395264,-0.011583167128264904,0.34633487462997437,0.4587952494621277,-0.030018003657460213,0.33658289909362793,0.40342411398887634,-0.042645957320928574,0.32704615592956543,0.35930293798446655,-0.048529595136642456,0.33446523547172546,0.5669041872024536,-0.01634565182030201,0.32340675592422485,0.5219218730926514,-0.04742557555437088,0.34374910593032837,0.5622982382774353,-0.0535850003361702,0.35498344898223877,0.5992187261581421,-0.04778756573796272,0.3126586675643921,0.6009594798088074,-0.021780243143439293,0.3186021149158478,0.5672863125801086,-0.04841670021414757,0.34027230739593506,0.6001324653625488,-0.04830179736018181,0.3531005382537842,0.6350341439247131,-0.04083343595266342
0.3625313937664032,0.7300692200660706,4.3460687493279693e-07,0.40210336446762085,0.6847456693649292,-0.017320794984698296,0.4125886857509613,0.6106711626052856,-0.02271869219839573,0.3871533274650574,0.552662193775177,-0.02840299904346466,0.3523678481578827,0.5304097533226013,-0.03312413766980171,0.406497597694397,0.547632098197937,-0.009660585783421993,0.4255732297897339,0.4698861837387085,-0.021689651533961296,0.43418818712234497,0.4195252060890198,-0.02915089763700962,0.4386899769306183,0.3781484067440033,-0.0338926836848259,0.372422993183136,0.54720139503479,-0.011810134164988995,0.3590162396430969,0.4582928717136383,-0.028992943465709686,0.34931179881095886,0.4009695053100586,-0.041121382266283035,0.3397645950317383,0.3577042818069458,-0.04683689773082733,0.3433014750480652,0.5654608607292175,-0.01532157976180315,0.3318961262702942,0.5140356421470642,-0.04430282860994339,0.35066547989845276,0.5462377071380615,-0.051319316029548645,0.3617464303970337,0.5813801884651184,-0.04708855226635933,0.3199276030063629,0.5950597524642944,-0.019410155713558197,0.32778817415237427,0.5614638924598694,-0.04447786882519722,0.3492552638053894,0.5924853086471558,-0.045196644961833954,0.3622184097766876,0.6283069849014282,-0.03901263698935509
0.36399298906326294,0.7287021279335022,4.2935164401569637e-07,0.40240204334259033,0.6826100945472717,-0.01678602397441864,0.40974003076553345,0.6063739061355591,-0.02106756530702114,0.3797132670879364,0.55126953125,-0.02590898983180523,0.34365731477737427,0.5294999480247498,-0.029751043766736984,0.4066748321056366,0.542667806148529,-0.006252322345972061,0.4247516691684723,0.46753740310668945,-0.017185835167765617,0.4329160451889038,0.41883087158203125,-0.02385222725570202,0.43611931800842285,0.37845873832702637,-0.02815372124314308,0.37255632877349854,0.5434688925743103,-0.008652712218463421,0.3576422333717346,0.45662006735801697,-0.025535032153129578,0.34737473726272583,0.4004320502281189,-0.03760858625173569,0.3365423381328583,0.35642969608306885,-0.04315244033932686,0.3431209325790405,0.5630937218666077,-0.012708889320492744,0.3287214934825897,0.5128260850906372,-0.04399490728974342,0.34793317317962646,0.5508970022201538,-0.05269781872630119,0.3590410053730011,0.5882008671760559,-0.04849986732006073,0.3197619318962097,0.594074010848999,-0.017085371538996696,0.3265588879585266,0.5573416352272034,-0.04543398320674896,0.3490082919597626,0.5911023020744324,-0.04801678657531738,0.36328187584877014,0.6291558742523193,-0.042273689061403275
0.3656279742717743,0.7332333326339722,4.134481628170761e-07,0.4050131142139435,0.6869403123855591,-0.01758282072842121,0.41783300042152405,0.6115918159484863,-0.023337002843618393,0.39359575510025024,0.5506367683410645,-0.029902497306466103,0.3565693199634552,0.5280908942222595,-0.03557071089744568,0.4163516163825989,0.5512368083000183,-0.00921575352549553,0.4353887438774109,0.47108593583106995,-0.02234012447297573,0.44405317306518555,0.41815871000289917,-0.030401641502976418,0.44953685998916626,0.37514108419418335,-0.035189442336559296,0.38215264678001404,0.5494397282600403,-0.011951829306781292,0.36625730991363525,0.4594694674015045,-0.030358022078871727,0.3562673330307007,0.39986807107925415,-0.04276677221059799,0.3476484715938568,0.3538613021373749,-0.04826296120882034,0.3518258333206177,0.5668846964836121,-0.01629742607474327,0.3436168432235718,0.5196822881698608,-0.04816775396466255,0.3646411895751953,0.5610489845275879,-0.05484932288527489,0.376395583152771,0.6015876531600952,-0.04870947077870369,0.3264760673046112,0.5948437452316284,-0.02120964415371418,0.3338184058666229,0.5568250417709351,-0.04769927263259888,0.3556217551231384,0.5876107811927795,-0.047625571489334106,0.3685206174850464,0.6244336366653442,-0.03992669656872749
0.3659932613372803,0.7333956956863403,4.15731051361945e-07,0.4038262963294983,0.6901770830154419,-0.018135134130716324,0.4165439307689667,0.6147387623786926,-0.023894384503364563,0.3923945426940918,0.5519480109214783,-0.030677439644932747,0.35445553064346313,0.527249276638031,-0.03644116595387459,0.4148743450641632,0.5511589050292969,-0.007055050693452358,0.4339766502380371,0.4693748950958252,-0.018985217437148094,0.44314509630203247,0.4169078469276428,-0.02611863613128662,0.448036789894104,0.37445884943008423,-0.03054639883339405,0.38092583417892456,0.5499659776687622,-0.009764659218490124,0.3658190369606018,0.45849835872650146,-0.027562569826841354,0.35710760951042175,0.39942288398742676,-0.039735931903123856,0.3477681875228882,0.35381579399108887,-0.04523245617747307,0.35103631019592285,0.5679760575294495,-0.014370518736541271,0.3406241238117218,0.5155202150344849,-0.04710507020354271,0.3626600205898285,0.5584990382194519,-0.054447732865810394,0.3745967447757721,0.5996035933494568,-0.04853806272149086,0.3260877728462219,0.5972862839698792,-0.01948254555463791,0.33232754468917847,0.5541486740112305,-0.04812811315059662,0.3543213903903961,0.5873878002166748,-0.049178916960954666,0.36708420515060425,0.6274646520614624,-0.04191780835390091
0.37330901622772217,0.7379730343818665,4.524941061845311e-07,0.4120968282222748,0.6959836483001709,-0.019699299708008766,0.4255540668964386,0.6163475513458252,-0.025375232100486755,0.4016653299331665,0.5525160431861877,-0.03163697198033333,0.3639164865016937,0.526038408279419,-0.036960940808057785,0.4244232475757599,0.5556259155273438,-0.00983675941824913,0.4449808597564697,0.47055599093437195,-0.023119358345866203,0.45568376779556274,0.41583001613616943,-0.030362259596586227,0.4620714485645294,0.37266063690185547,-0.03393930196762085,0.38913390040397644,0.5549314618110657,-0.012226912193000317,0.37409356236457825,0.45755845308303833,-0.03131623938679695,0.3653683662414551,0.3958885669708252,-0.043855905532836914,0.3563815951347351,0.3473222851753235,-0.048631034791469574,0.35786959528923035,0.57319176197052,-0.01659010909497738,0.3533984124660492,0.5264477729797363,-0.051234710961580276,0.3731616735458374,0.572337806224823,-0.059141647070646286,0.3825361430644989,0.6135004758834839,-0.05247121304273605,0.3312239646911621,0.6009184718132019,-0.021472441032528877,0.33920544385910034,0.5581163763999939,-0.04942568391561508,0.36104217171669006,0.5897892117500305,-0.04903987795114517,0.37418419122695923,0.6275612711906433,-0.04058632254600525
0.37460407614707947,0.7367811799049377,4.4969337409384025e-07,0.4126812517642975,0.6920547485351562,-0.02041167952120304,0.4243672490119934,0.6147645711898804,-0.026694415137171745,0.3986886441707611,0.5521374344825745,-0.03361880034208298,0.3619898557662964,0.5259830355644226,-0.03944816067814827,0.4226016402244568,0.5531275868415833,-0.009778274223208427,0.4438192844390869,0.46764564514160156,-0.023410659283399582,0.4542882442474365,0.41432297229766846,-0.030846869572997093,0.46075037121772766,0.3717489242553711,-0.034419313073158264,0.3871663808822632,0.5535342693328857,-0.01195052731782198,0.37207356095314026,0.45736342668533325,-0.0317835807800293,0.36381539702415466,0.39648303389549255,-0.044629644602537155,0.35546743869781494,0.3479469120502472,-0.04942302405834198,0.3564356863498688,0.5725639462471008,-0.016213340684771538,0.34943750500679016,0.5263203382492065,-0.051530998200178146,0.3699728846549988,0.5745396614074707,-0.05915798246860504,0.3805735409259796,0.6164097785949707,-0.0518546961247921,0.3315783739089966,0.6011291742324829,-0.021071502938866615,0.33750277757644653,0.5580690503120422,-0.049455758184194565,0.35833367705345154,0.5896631479263306,-0.04884541407227516,0.3707393705844879,0.6264641284942627,-0.03986325487494469
0.37564966082572937,0.7399068474769592,4.7647560563746083e-07,0.41565144062042236,0.6962451934814453,-0.02215670794248581,0.4295310974121094,0.6157224178314209,-0.029232550412416458,0.40321314334869385,0.5494660139083862,-0.036379121243953705,0.36576446890830994,0.5195663571357727,-0.04239803925156593,0.42943739891052246,0.5545840263366699,-0.0129880765452981,0.4515168368816376,0.46542131900787354,-0.028300264850258827,0.4629308879375458,0.4093690514564514,-0.036518536508083344,0.47014591097831726,0.3642507791519165,-0.040296413004398346,0.392544150352478,0.5532571077346802,-0.014505849219858646,0.3792363107204437,0.45308080315589905,-0.035417526960372925,0.37055033445358276,0.38990843296051025,-0.04837189242243767,0.36169224977493286,0.34002286195755005,-0.05277712643146515,0.3607179820537567,0.5719205141067505,-0.01814497821033001,0.35827508568763733,0.5282591581344604,-0.05427815392613411,0.37872177362442017,0.5776383876800537,-0.06095677986741066,0.38855937123298645,0.6203407049179077,-0.05253038927912712,0.33392030000686646,0.6012455821037292,-0.022512583062052727,0.34139975905418396,0.5578752756118774,-0.05082766339182854,0.3625160753726959,0.589796245098114,-0.04883574694395065,0.3749499022960663,0.6267029643058777,-0.03861261531710625
0.3770650029182434,0.7440782189369202,4.553342023427831e-07,0.4166311025619507,0.6975539922714233,-0.02222992479801178,0.42918580770492554,0.6167452931404114,-0.029717978090047836,0.4029970169067383,0.5495811104774475,-0.037572044879198074,0.3657899498939514,0.5190898776054382,-0.04423508048057556,0.42808210849761963,0.5561500787734985,-0.01162586361169815,0.4509546160697937,0.4666866660118103,-0.026099056005477905,0.46249920129776,0.4120194613933563,-0.03400183469057083,0.4689914882183075,0.36679887771606445,-0.0379837304353714,0.39225655794143677,0.5548703670501709,-0.01352505013346672,0.37839552760124207,0.45348599553108215,-0.0342852920293808,0.3704264760017395,0.3904125988483429,-0.04749750718474388,0.36091312766075134,0.3396468162536621,-0.05240975320339203,0.36107319593429565,0.5736212730407715,-0.01763288676738739,0.35796910524368286,0.5264623165130615,-0.05369635298848152,0.38041356205940247,0.5757818222045898,-0.06055697798728943,0.3905407190322876,0.6177271008491516,-0.052412327378988266,0.3350982964038849,0.6032584309577942,-0.02247738279402256,0.34204214811325073,0.5557544231414795,-0.05044757202267647,0.3639710545539856,0.5875201225280762,-0.04821828380227089,0.3759797513484955,0.625299870967865,-0.03803858160972595
0.37501245737075806,0.7423758506774902,4.734820606699941e-07,0.4170892536640167,0.7014567255973816,-0.02328130044043064,0.43190449476242065,0.6192879676818848,-0.029865767806768417,0.406244158744812,0.5505551099777222,-0.0366782620549202,0.36636102199554443,0.520325779914856,-0.04247889667749405,0.431491494178772,0.5460417866706848,-0.01108572632074356,0.4543038606643677,0.45542043447494507,-0.02543431520462036,0.4652725160121918,0.3987143039703369,-0.03344060108065605,0.47134432196617126,0.3521435856819153,-0.03755846619606018,0.3940838575363159,0.5454444885253906,-0.012507137842476368,0.3795735239982605,0.4446241855621338,-0.03327985852956772,0.37010160088539124,0.3801156282424927,-0.047351378947496414,0.35980847477912903,0.32867127656936646,-0.05277605354785919,0.36212098598480225,0.5661391615867615,-0.016221094876527786,0.3551391363143921,0.5202336311340332,-0.05363829806447029,0.37688034772872925,0.570329487323761,-0.06201974302530289,0.3879527747631073,0.6135576963424683,-0.05454830825328827,0.33577483892440796,0.5977827310562134,-0.020646575838327408,0.3404306471347809,0.5506247878074646,-0.05134590342640877,0.3624403774738312,0.5856238603591919,-0.05055393651127815,0.3760937750339508,0.6265878081321716,-0.04076813533902168
0.37386956810951233,0.7488831877708435,4.539912765721965e-07,0.41632598638534546,0.7047157883644104,-0.023634735494852066,0.43009668588638306,0.6246829032897949,-0.031394265592098236,0.40553340315818787,0.5558717250823975,-0.039612799882888794,0.367775559425354,0.521090030670166,-0.04670850560069084,0.4299144148826599,0.5507047176361084,-0.012244007550179958,0.4537999927997589,0.4585975110530853,-0.0275315772742033,0.46485692262649536,0.40161484479904175,-0.03609246760606766,0.47103747725486755,0.3552654981613159,-0.04035492241382599,0.3926052749156952,0.5507173538208008,-0.013821102678775787,0.37852129340171814,0.44736069440841675,-0.036053139716386795,0.37013790011405945,0.38252177834510803,-0.05047571286559105,0.3609101474285126,0.3312761187553406,-0.05587979406118393,0.3605301082134247,0.5714191794395447,-0.017773324623703957,0.3544046878814697,0.5228914022445679,-0.056238457560539246,0.37647050619125366,0.5734005570411682,-0.0643945261836052,0.38724634051322937,0.6166126728057861,-0.05648777633905411,0.33562782406806946,0.6030365228652954,-0.022498957812786102,0.34201058745384216,0.5527793169021606,-0.05297645181417465,0.36460641026496887,0.5868186950683594,-0.05164270102977753,0.3779231011867523,0.6275511980056763,-0.04144638776779175
0.37873128056526184,0.7474647760391235,4.791106675838819e-07,0.41959911584854126,0.7012520432472229,-0.02294871024787426,0.43192070722579956,0.6151685118675232,-0.030353767797350883,0.40409237146377563,0.5448499917984009,-0.038348112255334854,0.3624098598957062,0.515162467956543,-0.04539283737540245,0.43120867013931274,0.5405542850494385,-0.012856780551373959,0.4521239101886749,0.44349706172943115,-0.027517937123775482,0.46226468682289124,0.38392168283462524,-0.03544243052601814,0.46754902601242065,0.3345450758934021,-0.03964152932167053,0.3930688500404358,0.5419190526008606,-0.015156041830778122,0.377586305141449,0.4393497407436371,-0.036561112850904465,0.3681841492652893,0.37306761741638184,-0.05072161555290222,0.3576596975326538,0.3195483088493347,-0.056403614580631256,0.35973626375198364,0.5636315941810608,-0.019621817395091057,0.35336533188819885,0.5154342651367188,-0.057731322944164276,0.37697383761405945,0.5681148171424866,-0.06541317701339722,0.38847634196281433,0.612549364566803,-0.057350605726242065,0.33288612961769104,0.5970498323440552,-0.02480366639792919,0.3378199338912964,0.544677734375,-0.05550215765833855,0.3607574999332428,0.5818092823028564,-0.05368920788168907,0.37417951226234436,0.6252661347389221,-0.04316404461860657
0.3770795166492462,0.750577986240387,4.602820808941033e-07,0.42055609822273254,0.7010507583618164,-0.022482918575406075,0.43350839614868164,0.6166340708732605,-0.030471788719296455,0.4055563807487488,0.5485253930091858,-0.03967410698533058,0.3651198446750641,0.5187501907348633,-0.04816383868455887,0.4295348525047302,0.5365625619888306,-0.010960635729134083,0.4528222978115082,0.4452785849571228,-0.027254458516836166,0.4630870819091797,0.38828688859939575,-0.036914970725774765,0.46812355518341064,0.34106773138046265,-0.041970252990722656,0.3909034729003906,0.5383790135383606,-0.014428166672587395,0.3755553364753723,0.43581336736679077,-0.037971995770931244,0.36619073152542114,0.37015607953071594,-0.05322139710187912,0.3563726544380188,0.31815093755722046,-0.059131018817424774,0.35757976770401,0.5619043707847595,-0.020321864634752274,0.3544994294643402,0.5165073871612549,-0.05930045619606972,0.3792620003223419,0.570466935634613,-0.06643377989530563,0.3916284441947937,0.6155681610107422,-0.05755665525794029,0.33078762888908386,0.5964120626449585,-0.02700790762901306,0.33598071336746216,0.5445153117179871,-0.05592609941959381,0.3583134710788727,0.5795639753341675,-0.052069779485464096,0.3715323805809021,0.6206144690513611,-0.04024724289774895
0.3788795471191406,0.7471691370010376,5.151704272066127e-07,0.422128826379776,0.6950299143791199,-0.021916553378105164,0.43392372131347656,0.6056327223777771,-0.02856629341840744,0.4027918577194214,0.5359169840812683,-0.036149222403764725,0.35943543910980225,0.5107362270355225,-0.04268617928028107,0.43112650513648987,0.5336074829101562,-0.009867520071566105,0.454096257686615,0.43761903047561646,-0.024907244369387627,0.46503210067749023,0.3782534599304199,-0.03326304629445076,0.4705642759799957,0.32992708683013916,-0.03727949410676956,0.39141181111335754,0.534069299697876,-0.013008936308324337,0.3749752342700958,0.4261500835418701,-0.03491169214248657,0.3651045262813568,0.357099711894989,-0.049612849950790405,0.3541406989097595,0.3025262951850891,-0.055043309926986694,0.3574420213699341,0.5557460784912109,-0.018329964950680733,0.34849029779434204,0.5113468766212463,-0.05723027139902115,0.3740069270133972,0.5666413903236389,-0.0657133162021637,0.38746747374534607,0.6139030456542969,-0.05737701430916786,0.33000078797340393,0.5889254808425903,-0.024302300065755844,0.33428746461868286,0.5406007170677185,-0.05439206585288048,0.3591475188732147,0.5767109990119934,-0.052218347787857056,0.3743579089641571,0.6187711358070374,-0.04127222299575806
0.37870922684669495,0.7521704435348511,4.800215265277075e-07,0.4227757155895233,0.6990229487419128,-0.021373167634010315,0.43403416872024536,0.610371470451355,-0.02871207892894745,0.40540409088134766,0.5402263402938843,-0.03734974190592766,0.36319416761398315,0.5151739120483398,-0.045239005237817764,0.42891934514045715,0.5328919291496277,-0.011788011528551579,0.4532771110534668,0.4381565451622009,-0.027775201946496964,0.46395647525787354,0.3792383670806885,-0.037158187478780746,0.4692750573158264,0.32997608184814453,-0.042185228317976,0.3894748091697693,0.5339703559875488,-0.015716079622507095,0.37392568588256836,0.42821580171585083,-0.03876351937651634,0.36427322030067444,0.360878050327301,-0.053720951080322266,0.35339659452438354,0.3072533905506134,-0.05956878140568733,0.3556768000125885,0.5571274757385254,-0.021659135818481445,0.3482412099838257,0.5094801187515259,-0.06113019958138466,0.37444522976875305,0.5667622685432434,-0.06849589943885803,0.38797980546951294,0.6151448488235474,-0.0595460943877697,0.32948875427246094,0.59233158826828,-0.028244681656360626,0.33423709869384766,0.5392325520515442,-0.05831185728311539,0.3593500852584839,0.5752502083778381,-0.055079683661460876,0.3745640814304352,0.6180576086044312,-0.043463096022605896
0.3803604245185852,0.7491205334663391,5.368207780520606e-07,0.42474427819252014,0.6983066201210022,-0.023174569010734558,0.4358559548854828,0.602781355381012,-0.02970816195011139,0.4029889702796936,0.532456636428833,-0.0370573066174984,0.359178364276886,0.5049208402633667,-0.04333319142460823,0.43122366070747375,0.5254160761833191,-0.01121404767036438,0.4538799226284027,0.427152156829834,-0.02678813599050045,0.4644899070262909,0.3660900294780731,-0.0355110764503479,0.46983709931373596,0.3163950443267822,-0.03980268910527229,0.3900986313819885,0.5266202092170715,-0.014316796325147152,0.37376832962036133,0.41850101947784424,-0.0370379313826561,0.3644733130931854,0.34909337759017944,-0.052539531141519547,0.35422030091285706,0.2937280535697937,-0.05843924731016159,0.35513556003570557,0.5495358109474182,-0.01967696286737919,0.34681034088134766,0.5066819787025452,-0.05994963273406029,0.3733292818069458,0.5643832683563232,-0.06867148727178574,0.38726601004600525,0.6125940084457397,-0.06030666455626488,0.3275353014469147,0.5843788981437683,-0.025795448571443558,0.332710862159729,0.5357692837715149,-0.05774974450469017,0.3588376045227051,0.5751099586486816,-0.05574973672628403,0.3754315972328186,0.6196814775466919,-0.04456893727183342
0.38008955121040344,0.7519299983978271,5.149682920091436e-07,0.4243250787258148,0.6988175511360168,-0.023167498409748077,0.4366992115974426,0.6064255237579346,-0.030991679057478905,0.40486279129981995,0.5367010831832886,-0.039984699338674545,0.3612624704837799,0.5077776312828064,-0.048028990626335144,0.43072593212127686,0.5251155495643616,-0.011718904599547386,0.45381486415863037,0.42847514152526855,-0.0287654846906662,0.4635128974914551,0.36853182315826416,-0.0388045497238636,0.4679449796676636,0.3178393542766571,-0.04433198273181915,0.38927125930786133,0.5272954702377319,-0.015976348891854286,0.37295302748680115,0.4192327857017517,-0.0406925268471241,0.36331045627593994,0.34998881816864014,-0.05682269483804703,0.3527972400188446,0.2944977283477783,-0.06321749836206436,0.35370123386383057,0.5527342557907104,-0.02261371538043022,0.34647512435913086,0.505918025970459,-0.06496156007051468,0.3738158941268921,0.5650600790977478,-0.07298850268125534,0.38802021741867065,0.613847553730011,-0.0638616606593132,0.3259223997592926,0.5906540155410767,-0.030004628002643585,0.33162087202072144,0.5402727127075195,-0.06350292265415192,0.3584862947463989,0.5796343088150024,-0.061041057109832764,0.3751291036605835,0.6240577697753906,-0.04932199418544769
0.38230836391448975,0.7501322627067566,5.491236265697808e-07,0.4259510040283203,0.6987711787223816,-0.024791283532977104,0.43778669834136963,0.6029143929481506,-0.03272695094347,0.40510064363479614,0.5307489037513733,-0.04147666320204735,0.3596952557563782,0.5022398829460144,-0.04901961237192154,0.43216896057128906,0.5198142528533936,-0.01113684568554163,0.4539075195789337,0.4205906093120575,-0.02846555784344673,0.4643957316875458,0.3590492010116577,-0.038374222815036774,0.46996086835861206,0.3094436824321747,-0.04305028170347214,0.3902662694454193,0.5222548842430115,-0.0147026302292943,0.37067610025405884,0.4093621075153351,-0.03964114189147949,0.3600013256072998,0.3381171226501465,-0.05578451603651047,0.34912770986557007,0.2824394702911377,-0.061233121901750565,0.3544543981552124,0.5478047132492065,-0.020892292261123657,0.34751996397972107,0.5034839510917664,-0.06451916694641113,0.37507227063179016,0.5644184350967407,-0.07274020463228226,0.3893250823020935,0.6146219968795776,-0.06256211549043655,0.3263399600982666,0.5850085020065308,-0.027833960950374603,0.3323958218097687,0.5342695713043213,-0.061152320355176926,0.3576706647872925,0.5763757824897766,-0.057254016399383545,0.3722420930862427,0.6221818327903748,-0.04393044486641884
0.38065770268440247,0.7544413805007935,5.235376647760859e-07,0.4263889491558075,0.7013686895370483,-0.025062989443540573,0.43831688165664673,0.6063081622123718,-0.03371633589267731,0.4071129858493805,0.5333912968635559,-0.043106429278850555,0.36117175221443176,0.5052961111068726,-0.051246464252471924,0.43120262026786804,0.5201981663703918,-0.013039899058640003,0.45363953709602356,0.4206888973712921,-0.03061455301940441,0.4632948338985443,0.3597516417503357,-0.04094516858458519,0.4683552086353302,0.308738112449646,-0.04656490683555603,0.38934606313705444,0.5227690935134888,-0.016533449292182922,0.3702159821987152,0.4119199216365814,-0.041914600878953934,0.35951846837997437,0.3410446345806122,-0.05812013894319534,0.3489939570426941,0.2853376865386963,-0.06439954042434692,0.35361337661743164,0.5490983128547668,-0.022564459592103958,0.34830179810523987,0.5022366642951965,-0.06529492139816284,0.3759818375110626,0.5616685748100281,-0.0723252072930336,0.39035564661026,0.6114969253540039,-0.06230856105685234,0.326008141040802,0.5869972705841064,-0.02956335060298443,0.3334513008594513,0.5370482206344604,-0.062292274087667465,0.3586883246898651,0.5774765610694885,-0.058486342430114746,0.3728335201740265,0.621733546257019,-0.04588877782225609
0.3806381821632385,0.7543939352035522,5.527467692445498e-07,0.42530056834220886,0.7016881704330444,-0.0255040992051363,0.436079204082489,0.6056441068649292,-0.03416917473077774,0.4004087746143341,0.5333007574081421,-0.04354468733072281,0.353688508272171,0.5035985708236694,-0.0517900213599205,0.4306008517742157,0.517846405506134,-0.012750697322189808,0.45328959822654724,0.4164711833000183,-0.03060733899474144,0.4636194407939911,0.35437676310539246,-0.041161902248859406,0.4685332179069519,0.3029637336730957,-0.046708282083272934,0.38754215836524963,0.5225169658660889,-0.016277020797133446,0.3679569661617279,0.4079766273498535,-0.04164211452007294,0.3572491705417633,0.3362002968788147,-0.05823572725057602,0.3459489941596985,0.27901604771614075,-0.06447146832942963,0.35099613666534424,0.5509588718414307,-0.022381503134965897,0.3452145755290985,0.5034736394882202,-0.06615342199802399,0.3732699155807495,0.5630955100059509,-0.07396804541349411,0.3870633542537689,0.6111792325973511,-0.06389258056879044,0.3224537968635559,0.5910272598266602,-0.029283562675118446,0.3302302062511444,0.54001384973526,-0.06348014622926712,0.356550931930542,0.582129716873169,-0.05976244434714317,0.37081825733184814,0.6267821192741394,-0.04661078751087189
0.38108667731285095,0.7565485239028931,5.411970960267354e-07,0.42615222930908203,0.7032351493835449,-0.02561970055103302,0.43670105934143066,0.606971800327301,-0.0346960686147213,0.4014495015144348,0.5345923900604248,-0.0446087047457695,0.35400161147117615,0.5048498511314392,-0.053432390093803406,0.43099266290664673,0.5178645849227905,-0.013287174515426159,0.45336461067199707,0.4174579083919525,-0.03152090683579445,0.46272557973861694,0.355352520942688,-0.04264823719859123,0.4673881232738495,0.30293530225753784,-0.048907700926065445,0.3874649703502655,0.5216213464736938,-0.01735716685652733,0.36792364716529846,0.40753602981567383,-0.04327675327658653,0.35672861337661743,0.3361990451812744,-0.05997214466333389,0.3453008532524109,0.27878859639167786,-0.06651448458433151,0.35046595335006714,0.5498226881027222,-0.024026749655604362,0.34348374605178833,0.4991791546344757,-0.06866460293531418,0.3717222809791565,0.562045156955719,-0.07585180550813675,0.385914146900177,0.61268150806427,-0.0654541477560997,0.32152026891708374,0.5901150107383728,-0.03157496824860573,0.32860133051872253,0.5365539193153381,-0.06669416278600693,0.3549678325653076,0.5800622701644897,-0.06276814639568329,0.3699101209640503,0.626064658164978,-0.049564532935619354
0.37909626960754395,0.7576313018798828,5.618525165118626e-07,0.42403507232666016,0.6983375549316406,-0.025223147124052048,0.43302515149116516,0.6012140512466431,-0.033040765672922134,0.3946918547153473,0.5306072235107422,-0.041897524148225784,0.34749817848205566,0.5024199485778809,-0.04965504631400108,0.42751649022102356,0.5136160254478455,-0.009474700316786766,0.44961172342300415,0.4111974239349365,-0.02733956091105938,0.4598344564437866,0.3486054241657257,-0.038432471454143524,0.4639836251735687,0.296261191368103,-0.044725313782691956,0.38470250368118286,0.5193505883216858,-0.013936885632574558,0.3648577034473419,0.40360450744628906,-0.039727188646793365,0.35362526774406433,0.331307053565979,-0.057183604687452316,0.34130460023880005,0.2723834812641144,-0.06405355036258698,0.34884947538375854,0.5509541034698486,-0.021234698593616486,0.3415678143501282,0.5003576278686523,-0.06612828373908997,0.369209885597229,0.5605859756469727,-0.07392972707748413,0.3824012279510498,0.6073552966117859,-0.06356755644083023,0.32140302658081055,0.5962408185005188,-0.029376016929745674,0.3275885283946991,0.5407156944274902,-0.06526678800582886,0.3548908233642578,0.5844120383262634,-0.06169502064585686,0.3699675500392914,0.6299557089805603,-0.04830414429306984
0.3782391846179962,0.7570319771766663,5.382086101235473e-07,0.42373284697532654,0.698208749294281,-0.025271203368902206,0.4331851005554199,0.602869987487793,-0.03336513787508011,0.39543208479881287,0.5331217050552368,-0.042523063719272614,0.34874463081359863,0.5024003386497498,-0.05050959438085556,0.4280445873737335,0.5131686329841614,-0.009628199972212315,0.44999808073043823,0.41184085607528687,-0.027783967554569244,0.4595898687839508,0.3494366407394409,-0.039062704890966415,0.4635471999645233,0.29693177342414856,-0.04546482861042023,0.38504159450531006,0.5178309679031372,-0.013715728186070919,0.3656649589538574,0.403857946395874,-0.03982846811413765,0.354021281003952,0.33310699462890625,-0.0569615438580513,0.3419451117515564,0.27584803104400635,-0.06354044377803802,0.34879541397094727,0.5480262041091919,-0.02070242166519165,0.340787410736084,0.4973026514053345,-0.06557939201593399,0.3681262135505676,0.5591475367546082,-0.0732419341802597,0.3817202150821686,0.6076024770736694,-0.06292679905891418,0.32081523537635803,0.5915805101394653,-0.028559774160385132,0.32747411727905273,0.5386092662811279,-0.06456687301397324,0.35416379570961,0.5832396745681763,-0.06143719702959061,0.3693375587463379,0.6288737058639526,-0.04841337352991104
0.3753008544445038,0.7581311464309692,5.573441512751742e-07,0.421467125415802,0.6979168653488159,-0.02427664026618004,0.4295639395713806,0.6038351058959961,-0.0335451140999794,0.39281776547431946,0.5318989157676697,-0.044255331158638,0.34635239839553833,0.5023275017738342,-0.05384696647524834,0.4247078001499176,0.5135704278945923,-0.01323225349187851,0.44793832302093506,0.40975111722946167,-0.03296300396323204,0.4587023854255676,0.34689658880233765,-0.04459187015891075,0.46358877420425415,0.2941701412200928,-0.05097659304738045,0.38145580887794495,0.5182005763053894,-0.018424032256007195,0.3612651526927948,0.4017639756202698,-0.04656296223402023,0.3499007821083069,0.3294687867164612,-0.06418128311634064,0.3383353352546692,0.2707127034664154,-0.07100742310285568,0.3448309302330017,0.5483921766281128,-0.026082288473844528,0.33621376752853394,0.49884170293807983,-0.07128635048866272,0.36456841230392456,0.5610166788101196,-0.07740802317857742,0.3789534866809845,0.6103895306587219,-0.0658622607588768,0.31667834520339966,0.5919071435928345,-0.03460560739040375,0.3203778564929962,0.5352354049682617,-0.06867840141057968,0.3476264178752899,0.5769227743148804,-0.06336135417222977,0.3631807565689087,0.6217308640480042,-0.048993661999702454
0.37497782707214355,0.7570449113845825,5.298147129906283e-07,0.4206456243991852,0.6993939876556396,-0.027366431429982185,0.4311971962451935,0.6050561666488647,-0.036651771515607834,0.3930623233318329,0.5320953726768494,-0.046600863337516785,0.3463734984397888,0.5015423893928528,-0.05518154054880142,0.4271467328071594,0.5126837491989136,-0.01295516174286604,0.44831302762031555,0.40948954224586487,-0.03228771314024925,0.4577546715736389,0.34707146883010864,-0.04400283470749855,0.46179237961769104,0.2944016456604004,-0.050619274377822876,0.38318219780921936,0.516757071018219,-0.016462452709674835,0.36204493045806885,0.40087050199508667,-0.04390908032655716,0.351086288690567,0.3307288885116577,-0.06139731407165527,0.3405792713165283,0.2733469009399414,-0.06816084682941437,0.34655749797821045,0.5471622943878174,-0.022929897531867027,0.3382691740989685,0.4972347021102905,-0.06880141794681549,0.3658640682697296,0.5609229803085327,-0.07624620199203491,0.380499005317688,0.6106052398681641,-0.06563255190849304,0.3181092441082001,0.59090256690979,-0.030475100502371788,0.3237176537513733,0.5380580425262451,-0.06650859117507935,0.3499087989330292,0.5809616446495056,-0.06315594911575317,0.36520278453826904,0.6243104934692383,-0.050120532512664795
0.37480396032333374,0.7572916746139526,5.681239940713567e-07,0.4207058846950531,0.7027402520179749,-0.02793063223361969,0.43020808696746826,0.603575587272644,-0.036511294543743134,0.3918635845184326,0.5298229455947876,-0.04577542096376419,0.3437865078449249,0.49765482544898987,-0.0535932257771492,0.4266754686832428,0.5089056491851807,-0.010495206341147423,0.4485648274421692,0.4055960178375244,-0.03038482926785946,0.45921987295150757,0.34197479486465454,-0.042738646268844604,0.46419236063957214,0.28930556774139404,-0.04966554790735245,0.3820735216140747,0.5149281024932861,-0.01430735643953085,0.36045709252357483,0.39728647470474243,-0.04329651594161987,0.349980890750885,0.3251263201236725,-0.06224324554204941,0.33896732330322266,0.2664017081260681,-0.0692901760339737,0.34522387385368347,0.546953558921814,-0.021360555663704872,0.33686670660972595,0.4988502264022827,-0.07035911828279495,0.3664500415325165,0.5630101561546326,-0.07919806241989136,0.38182538747787476,0.6113737225532532,-0.0683743879199028,0.31718122959136963,0.5918524265289307,-0.029403500258922577,0.32430586218833923,0.5414528846740723,-0.06856980174779892,0.3509295582771301,0.5881615281105042,-0.06613529473543167,0.36552685499191284,0.6324864625930786,-0.05290503799915314
0.3751203417778015,0.758341908454895,5.474527711157862e-07,0.4217514097690582,0.7017922401428223,-0.026971083134412766,0.43125441670417786,0.602601170539856,-0.03545256331562996,0.39317500591278076,0.5289287567138672,-0.044852178543806076,0.34511899948120117,0.49911656975746155,-0.05293518677353859,0.42641037702560425,0.5088960528373718,-0.010299965739250183,0.44870802760124207,0.40574121475219727,-0.029911942780017853,0.45835375785827637,0.3421284556388855,-0.04200070723891258,0.462966650724411,0.28911256790161133,-0.04876985400915146,0.38194650411605835,0.5145087242126465,-0.01446538232266903,0.36039555072784424,0.3974040150642395,-0.043101124465465546,0.3494380712509155,0.3260364532470703,-0.0614953488111496,0.33867785334587097,0.2679869830608368,-0.06834947317838669,0.34488150477409363,0.5459836721420288,-0.021754706278443336,0.3370613157749176,0.4973434507846832,-0.07009827345609665,0.36564382910728455,0.5628948211669922,-0.07817810773849487,0.3803793787956238,0.6129406094551086,-0.06702949851751328,0.3165092468261719,0.5900669097900391,-0.029987627640366554,0.32281494140625,0.5379990339279175,-0.06782785803079605,0.34868690371513367,0.5849374532699585,-0.06444210559129715,0.3629184663295746,0.6300119161605835,-0.050823770463466644
0.3775506019592285,0.7596842050552368,5.647723355650669e-07,0.4244888126850128,0.7011680006980896,-0.027343209832906723,0.433867484331131,0.6063600778579712,-0.03742669150233269,0.39629316329956055,0.5330488085746765,-0.048090215772390366,0.350057452917099,0.5001642107963562,-0.057378336787223816,0.4282528758049011,0.511963963508606,-0.015951860696077347,0.4505932331085205,0.4060419201850891,-0.03586267679929733,0.4603235423564911,0.3418165445327759,-0.04804683104157448,0.4644402861595154,0.28735724091529846,-0.0551077201962471,0.38338765501976013,0.5160756707191467,-0.019661812111735344,0.36221566796302795,0.3982844948768616,-0.04779389873147011,0.3510908782482147,0.3254636526107788,-0.06576618552207947,0.3406483232975006,0.2663353681564331,-0.07313896715641022,0.3455553948879242,0.546724259853363,-0.026016194373369217,0.3381394147872925,0.4962427616119385,-0.07134957611560822,0.366229385137558,0.5606479644775391,-0.07776551693677902,0.38099366426467896,0.6113868951797485,-0.06687381863594055,0.3165987730026245,0.5903853178024292,-0.03355168551206589,0.3233133852481842,0.5383390188217163,-0.06919548660516739,0.35020017623901367,0.5821632742881775,-0.06508991122245789,0.3657711148262024,0.6265403628349304,-0.051633138209581375
0.3770677149295807,0.7579466104507446,5.583224833571876e-07,0.42439204454421997,0.7021473050117493,-0.02712823823094368,0.43400701880455017,0.6052044630050659,-0.03579019010066986,0.3959974944591522,0.533423900604248,-0.04522246494889259,0.3499390482902527,0.5000156760215759,-0.0533558614552021,0.428270548582077,0.5098018050193787,-0.012449346482753754,0.4506309926509857,0.4057003855705261,-0.03198179230093956,0.4600091576576233,0.34133511781692505,-0.04393547773361206,0.46413660049438477,0.2873353362083435,-0.05064190551638603,0.3841266334056854,0.5147183537483215,-0.01614820584654808,0.3629413843154907,0.39798247814178467,-0.04401116818189621,0.35144442319869995,0.3250834047794342,-0.062061045318841934,0.34082427620887756,0.2664334177970886,-0.06909415125846863,0.34718072414398193,0.5455958843231201,-0.022850429639220238,0.3396221399307251,0.49696364998817444,-0.06918476521968842,0.36710208654403687,0.5609629154205322,-0.07694164663553238,0.38186079263687134,0.6106780767440796,-0.06642700731754303,0.3189751207828522,0.5886326432228088,-0.03063841722905636,0.3253438472747803,0.5400075316429138,-0.06722413748502731,0.3509560823440552,0.5845282077789307,-0.06419622153043747,0.36614078283309937,0.6281391978263855,-0.0512600801885128
0.37885674834251404,0.7569407224655151,5.42819748261536e-07,0.4271586537361145,0.7016615867614746,-0.02571829780936241,0.4379188120365143,0.6046533584594727,-0.035128213465213776,0.4038238525390625,0.531842052936554,-0.045606739819049835,0.3576143980026245,0.5001629590988159,-0.05500948056578636,0.4318002164363861,0.5087504982948303,-0.014420000836253166,0.45381736755371094,0.4048346281051636,-0.03462333604693413,0.46357864141464233,0.3398200273513794,-0.04703957587480545,0.4685518145561218,0.2854519486427307,-0.05409407988190651,0.3875408172607422,0.5143170356750488,-0.0190754234790802,0.36513715982437134,0.3976670205593109,-0.04716632515192032,0.3536231815814972,0.32593560218811035,-0.06460420042276382,0.3432644009590149,0.26939278841018677,-0.07135683298110962,0.3500700294971466,0.5458052754402161,-0.026440948247909546,0.3443514108657837,0.4953102171421051,-0.07262729108333588,0.37329038977622986,0.5570495128631592,-0.07972433418035507,0.3891604244709015,0.6070953011512756,-0.06911519914865494,0.3218785226345062,0.5893089175224304,-0.034751564264297485,0.32968518137931824,0.5400686860084534,-0.07100026309490204,0.35525161027908325,0.5845595598220825,-0.06733441352844238,0.3704042136669159,0.6297599673271179,-0.0541398786008358
0.3782537579536438,0.7577948570251465,5.562230853684014e-07,0.4278121292591095,0.7024380564689636,-0.0253777913749218,0.43844085931777954,0.6037189364433289,-0.033962734043598175,0.40192991495132446,0.5316429734230042,-0.04368656873703003,0.35558271408081055,0.5007895231246948,-0.05241834372282028,0.4302326738834381,0.5098317861557007,-0.013554120436310768,0.4533452093601227,0.4050157964229584,-0.0328904390335083,0.463734894990921,0.33948183059692383,-0.04451949894428253,0.4687003493309021,0.2852146029472351,-0.0508117601275444,0.38622087240219116,0.5150193572044373,-0.01793709211051464,0.3640969395637512,0.39609789848327637,-0.045567989349365234,0.35185423493385315,0.3217955231666565,-0.06334745138883591,0.34006649255752563,0.2628765404224396,-0.07013876736164093,0.3492806851863861,0.5452571511268616,-0.024888627231121063,0.3438108265399933,0.4955449104309082,-0.0709175392985344,0.37219539284706116,0.5575330257415771,-0.07873336225748062,0.38698646426200867,0.6074422597885132,-0.06814822554588318,0.32134807109832764,0.5872493982315063,-0.03264018893241882,0.32810959219932556,0.5344816446304321,-0.06821183860301971,0.35439231991767883,0.5788254737854004,-0.06418436765670776,0.3701675236225128,0.6255840063095093,-0.050515707582235336
0.38311854004859924,0.7583054304122925,5.693054845323786e-07,0.4304046034812927,0.7034703493118286,-0.02656126394867897,0.4393412172794342,0.6012750864028931,-0.03548649325966835,0.40279632806777954,0.5271956920623779,-0.04517676308751106,0.3540070354938507,0.4990992546081543,-0.05370183661580086,0.4356544017791748,0.5072618722915649,-0.014920338056981564,0.45917510986328125,0.40239617228507996,-0.03401711955666542,0.47008198499679565,0.3367021679878235,-0.045591700822114944,0.4754531681537628,0.28212255239486694,-0.05211113393306732,0.38952401280403137,0.5115203857421875,-0.018731599673628807,0.36851876974105835,0.39559048414230347,-0.04602014645934105,0.3568117320537567,0.32166194915771484,-0.06359470635652542,0.34470200538635254,0.26136815547943115,-0.070481076836586,0.35048991441726685,0.5412344336509705,-0.025143226608633995,0.3415653705596924,0.4934566020965576,-0.07183068990707397,0.3702729344367981,0.5588517189025879,-0.08026746660470963,0.3846476972103119,0.6114975810050964,-0.07013727724552155,0.32080239057540894,0.5835517048835754,-0.03251488879323006,0.3284311890602112,0.5335096716880798,-0.07013346999883652,0.3577258884906769,0.5786540508270264,-0.06784342974424362,0.3756093382835388,0.626408040523529,-0.05523888021707535
0.38389238715171814,0.7599610090255737,5.628601229545893e-07,0.43174538016319275,0.7031673789024353,-0.026177359744906425,0.4401513934135437,0.6024283170700073,-0.035158660262823105,0.40308254957199097,0.5295088887214661,-0.04531319439411163,0.35415592789649963,0.49949219822883606,-0.05446721985936165,0.43507030606269836,0.5073210597038269,-0.01319995615631342,0.45841485261917114,0.40305715799331665,-0.032902978360652924,0.4688343107700348,0.3375970125198364,-0.045213986188173294,0.4739944338798523,0.28289422392845154,-0.052223384380340576,0.38991469144821167,0.5121774673461914,-0.017521999776363373,0.36907699704170227,0.39697134494781494,-0.04568694531917572,0.3569532334804535,0.32258284091949463,-0.06413841247558594,0.34473204612731934,0.2612987458705902,-0.07158399373292923,0.3515859842300415,0.543157696723938,-0.024541860446333885,0.34360554814338684,0.49447962641716003,-0.07216999679803848,0.37240535020828247,0.5600169897079468,-0.0803719311952591,0.38694578409194946,0.6118782162666321,-0.0698230117559433,0.32280200719833374,0.5872810482978821,-0.032485801726579666,0.32861921191215515,0.5341399908065796,-0.07072360813617706,0.35713112354278564,0.5799940228462219,-0.06778580695390701,0.3748507499694824,0.6285713911056519,-0.054477792233228683
0.3880142271518707,0.7568300366401672,5.919669661125226e-07,0.4339880049228668,0.7031013369560242,-0.02835996262729168,0.4442530572414398,0.598250150680542,-0.03739340603351593,0.406194806098938,0.5215265154838562,-0.046814389526844025,0.35635122656822205,0.492658793926239,-0.05506708100438118,0.44063225388526917,0.5041813850402832,-0.01568920910358429,0.46343690156936646,0.39706623554229736,-0.035507507622241974,0.47510555386543274,0.3298659324645996,-0.0473206490278244,0.4817122519016266,0.2756986618041992,-0.053456731140613556,0.39468809962272644,0.5094605088233948,-0.019008126109838486,0.3722376227378845,0.39038053154945374,-0.0468020960688591,0.36117175221443176,0.31554311513900757,-0.06515685468912125,0.35036352276802063,0.255653977394104,-0.07200197875499725,0.35611456632614136,0.5396373867988586,-0.025134431198239326,0.348209947347641,0.4946035146713257,-0.07335405051708221,0.37725117802619934,0.560498833656311,-0.08319219201803207,0.39186131954193115,0.6130426526069641,-0.07327128201723099,0.3264291286468506,0.5818089246749878,-0.03219928219914436,0.3340121805667877,0.5318265557289124,-0.07072057574987411,0.36281564831733704,0.5781915783882141,-0.06854075938463211,0.3801902234554291,0.6266152858734131,-0.055638037621974945
0.38793930411338806,0.7570000886917114,5.798794404654473e-07,0.4371613562107086,0.7030850648880005,-0.0272844061255455,0.4460507035255432,0.6022657155990601,-0.03671688586473465,0.40928158164024353,0.5281582474708557,-0.047012265771627426,0.3616379201412201,0.4953794479370117,-0.05621630698442459,0.43884387612342834,0.5034867525100708,-0.01617918349802494,0.46274855732917786,0.39728766679763794,-0.0361265204846859,0.47346508502960205,0.33091652393341064,-0.04820450022816658,0.4786837100982666,0.27562373876571655,-0.05484594777226448,0.3935856521129608,0.5081605911254883,-0.02001466043293476,0.3717013895511627,0.3908035159111023,-0.04908687248826027,0.35967251658439636,0.3153305947780609,-0.06812965124845505,0.34828925132751465,0.25384455919265747,-0.07576803863048553,0.35513901710510254,0.5381142497062683,-0.02643098682165146,0.3501134216785431,0.4942082166671753,-0.07449545711278915,0.37937840819358826,0.5597341060638428,-0.0835694670677185,0.3945144712924957,0.6114800572395325,-0.0735810324549675,0.32551226019859314,0.579536497592926,-0.033802226185798645,0.333671510219574,0.5315914154052734,-0.07167093455791473,0.3619098365306854,0.5774597525596619,-0.06902527809143066,0.3797793388366699,0.6249660849571228,-0.056086841970682144
0.38822701573371887,0.7568349242210388,6.03287162448396e-07,0.43840545415878296,0.7024441361427307,-0.026924429461359978,0.44947800040245056,0.5996755957603455,-0.03565729781985283,0.4152551591396332,0.5246922969818115,-0.04530244693160057,0.36733120679855347,0.4924567639827728,-0.053933508694171906,0.4408043622970581,0.502368152141571,-0.015264946967363358,0.4652892053127289,0.39543217420578003,-0.034021370112895966,0.47643858194351196,0.3283814489841461,-0.04484669491648674,0.4818900227546692,0.27286285161972046,-0.050375375896692276,0.39649757742881775,0.5061183571815491,-0.019200416281819344,0.3757050633430481,0.3873153328895569,-0.046736884862184525,0.3643902540206909,0.31013113260269165,-0.06521062552928925,0.35342937707901,0.24910154938697815,-0.07235267013311386,0.3583300709724426,0.5349450707435608,-0.025756344199180603,0.35465529561042786,0.4942304491996765,-0.07292483001947403,0.38328486680984497,0.558893084526062,-0.08299645036458969,0.3977164328098297,0.6113547086715698,-0.07356483489274979,0.32853415608406067,0.5744519829750061,-0.03319966048002243,0.33702582120895386,0.5267631411552429,-0.06941521912813187,0.3656727075576782,0.5703259110450745,-0.06661200523376465,0.3837803602218628,0.6180461049079895,-0.05382215976715088
0.38787949085235596,0.7576407194137573,5.818038175675611e-07,0.4382462501525879,0.7033025622367859,-0.02805429697036743,0.44984304904937744,0.6012786626815796,-0.03723728284239769,0.41434842348098755,0.5253123641014099,-0.047151319682598114,0.3664539158344269,0.49230489134788513,-0.05597440153360367,0.44154292345046997,0.5022916793823242,-0.015347225591540337,0.46606603264808655,0.3937876224517822,-0.03414428234100342,0.47732824087142944,0.3264544606208801,-0.044974636286497116,0.48244914412498474,0.2704622447490692,-0.050462741404771805,0.39687323570251465,0.5051095485687256,-0.018872298300266266,0.37585780024528503,0.3856392800807953,-0.0467982292175293,0.36287379264831543,0.30956992506980896,-0.06520470976829529,0.34985554218292236,0.24846699833869934,-0.07211000472307205,0.35842785239219666,0.5328409075737,-0.025131018832325935,0.3527000844478607,0.49178361892700195,-0.07282766699790955,0.380420446395874,0.5589396953582764,-0.08208807557821274,0.39414817094802856,0.6121719479560852,-0.07179335504770279,0.3279550075531006,0.5716769099235535,-0.032401442527770996,0.3333406448364258,0.5188651084899902,-0.06880577653646469,0.3605648875236511,0.565493106842041,-0.064786396920681,0.37801727652549744,0.6159364581108093,-0.050829559564590454
0.3916495442390442,0.7580558061599731,5.970231882201915e-07,0.44015613198280334,0.7018568515777588,-0.026859689503908157,0.4510137438774109,0.5980144739151001,-0.035836026072502136,0.41559848189353943,0.5215335488319397,-0.04579141363501549,0.3672923743724823,0.48912373185157776,-0.05447071045637131,0.44452351331710815,0.4982583224773407,-0.013550897128880024,0.46865159273147583,0.39140501618385315,-0.03195949271321297,0.48039132356643677,0.32420027256011963,-0.04272667318582535,0.4860037565231323,0.2686092257499695,-0.04829707741737366,0.39940059185028076,0.5005327463150024,-0.0178416445851326,0.378147155046463,0.3815716505050659,-0.04465522617101669,0.36574849486351013,0.30521076917648315,-0.06254276633262634,0.3533690571784973,0.2443961501121521,-0.06923045963048935,0.36014944314956665,0.5290001034736633,-0.024889903143048286,0.35604289174079895,0.48926085233688354,-0.07161038368940353,0.38366296887397766,0.5555350184440613,-0.08116335421800613,0.3966348469257355,0.6081350445747375,-0.0713394358754158,0.329295814037323,0.5701261162757874,-0.03289134427905083,0.33792436122894287,0.5214383006095886,-0.0689588189125061,0.36667752265930176,0.5682628154754639,-0.06559963524341583,0.3844963014125824,0.6184511780738831,-0.05221601203083992
0.3918141722679138,0.7577204704284668,5.766501089965459e-07,0.4408939480781555,0.7024111151695251,-0.02834358625113964,0.45186781883239746,0.6005542874336243,-0.03787863999605179,0.41649457812309265,0.5243623852729797,-0.048045285046100616,0.36950165033340454,0.4882107675075531,-0.0568024218082428,0.44416317343711853,0.49737104773521423,-0.016026781871914864,0.46895942091941833,0.3901926279067993,-0.03505799546837807,0.48012757301330566,0.32324957847595215,-0.04601643607020378,0.48505961894989014,0.2669495940208435,-0.05164395645260811,0.3992793560028076,0.49924543499946594,-0.019248252734541893,0.3777831792831421,0.3812877833843231,-0.04679863899946213,0.3648979663848877,0.3058810532093048,-0.06476058065891266,0.35260507464408875,0.2451973557472229,-0.0715494304895401,0.3601669669151306,0.5271898508071899,-0.025253422558307648,0.35684722661972046,0.48832035064697266,-0.07207191735506058,0.38418519496917725,0.555188775062561,-0.08135926723480225,0.3975532650947571,0.6077125668525696,-0.07152989506721497,0.32963263988494873,0.5667591691017151,-0.032353922724723816,0.33811619877815247,0.5201533436775208,-0.06843380630016327,0.3653351664543152,0.5677542686462402,-0.06518278270959854,0.38274288177490234,0.6176150441169739,-0.05193285271525383
0.39579641819000244,0.7548776865005493,6.000219059387746e-07,0.44446641206741333,0.6968569755554199,-0.027225922793149948,0.455669105052948,0.5948315262794495,-0.037153296172618866,0.41972047090530396,0.5191436409950256,-0.04805709794163704,0.37133827805519104,0.4885143041610718,-0.057713624089956284,0.44925200939178467,0.4959089159965515,-0.01575048826634884,0.472204327583313,0.3886260986328125,-0.03747867792844772,0.48322468996047974,0.32106900215148926,-0.05014796555042267,0.48834162950515747,0.2650306224822998,-0.05646752193570137,0.40362781286239624,0.49908047914505005,-0.020420057699084282,0.38148412108421326,0.3765779733657837,-0.05055329576134682,0.3689868450164795,0.2986806035041809,-0.06924107670783997,0.3571522831916809,0.23736491799354553,-0.07568375766277313,0.3640548288822174,0.5288759469985962,-0.027991242706775665,0.36099228262901306,0.4910285174846649,-0.07695411145687103,0.39109566807746887,0.5569658875465393,-0.08637729287147522,0.40703701972961426,0.6097981333732605,-0.0755627453327179,0.33285999298095703,0.5699303150177002,-0.03658945485949516,0.34227705001831055,0.5278701186180115,-0.07268037647008896,0.36962056159973145,0.5734903216362,-0.0689273551106453,0.38586536049842834,0.6201601028442383,-0.05507846921682358
0.39555978775024414,0.7551215291023254,5.84233703193604e-07,0.44552499055862427,0.6952341794967651,-0.026457518339157104,0.4554557204246521,0.5938742756843567,-0.036187779158353806,0.41800743341445923,0.5197138786315918,-0.04703405126929283,0.3707302212715149,0.4880918860435486,-0.056548938155174255,0.44759687781333923,0.4944249391555786,-0.015804778784513474,0.47286471724510193,0.3871539235115051,-0.03646321967244148,0.48375850915908813,0.3198375105857849,-0.04829908534884453,0.48852652311325073,0.263293981552124,-0.05432712286710739,0.4017241895198822,0.49668699502944946,-0.020245207473635674,0.38129252195358276,0.3778607249259949,-0.04976433888077736,0.3685932755470276,0.3013961911201477,-0.06810487061738968,0.3564608693122864,0.23945626616477966,-0.07477749139070511,0.3619719445705414,0.525021493434906,-0.02733651176095009,0.3607203960418701,0.4879562258720398,-0.07532253861427307,0.38941437005996704,0.5561203360557556,-0.08420190960168839,0.403795063495636,0.6094860434532166,-0.07350631803274155,0.3308935761451721,0.5651010274887085,-0.03543027117848396,0.3408033549785614,0.5216464400291443,-0.07158918678760529,0.36812126636505127,0.5697516798973083,-0.0680832788348198,0.38479113578796387,0.6185523271560669,-0.05441572144627571
0.39622756838798523,0.7580167651176453,6.24051722297736e-07,0.4463140666484833,0.7023161053657532,-0.02878994680941105,0.458773672580719,0.6004261374473572,-0.03952273353934288,0.4231198728084564,0.5235432386398315,-0.051077671349048615,0.37398654222488403,0.48927828669548035,-0.060993023216724396,0.45114684104919434,0.4938724637031555,-0.01607966609299183,0.4758579134941101,0.3856145143508911,-0.03776160255074501,0.48827874660491943,0.3179311156272888,-0.05069197341799736,0.4943356215953827,0.2619183361530304,-0.057435814291238785,0.40498217940330505,0.4966728091239929,-0.020234515890479088,0.3836086392402649,0.3747735321521759,-0.05029383301734924,0.37189409136772156,0.2975669503211975,-0.06918343156576157,0.3605441451072693,0.2364422082901001,-0.07602120190858841,0.3649335503578186,0.5271375775337219,-0.027433209121227264,0.3640306890010834,0.4887112081050873,-0.07635532319545746,0.3935674726963043,0.5551019310951233,-0.08503400534391403,0.40850746631622314,0.6077910661697388,-0.07396960258483887,0.3335092067718506,0.5698072910308838,-0.035904660820961,0.3448426425457001,0.5286916494369507,-0.07360472530126572,0.373046875,0.5769996643066406,-0.07031217217445374,0.3899802267551422,0.6256939172744751,-0.05641695484519005
0.39623159170150757,0.7611181139945984,6.008274340274511e-07,0.4473989009857178,0.7036014795303345,-0.02787858434021473,0.459389865398407,0.6007704734802246,-0.03759711608290672,0.4226256012916565,0.5246492028236389,-0.04847783222794533,0.37435615062713623,0.48915034532546997,-0.057738058269023895,0.45061492919921875,0.4930786192417145,-0.013809729367494583,0.47624948620796204,0.38512280583381653,-0.03402295336127281,0.48781585693359375,0.3176587224006653,-0.04608441889286041,0.49313342571258545,0.2609986662864685,-0.052517037838697433,0.4044446349143982,0.49497950077056885,-0.01808859407901764,0.38374704122543335,0.3746930956840515,-0.047457754611968994,0.37192606925964355,0.29783982038497925,-0.06652338057756424,0.36093002557754517,0.23544743657112122,-0.07376597821712494,0.3647005259990692,0.5244202017784119,-0.025330420583486557,0.36420637369155884,0.4865557849407196,-0.07363568991422653,0.3926614224910736,0.5549254417419434,-0.08285152912139893,0.4068925976753235,0.6083192229270935,-0.0724182054400444,0.33361977338790894,0.566291093826294,-0.03380506485700607,0.34444794058799744,0.5249034762382507,-0.07125670462846756,0.37242603302001953,0.5741385817527771,-0.06854436546564102,0.3900514245033264,0.6239349842071533,-0.05519846826791763
0.3970637023448944,0.7640799880027771,6.130141514404386e-07,0.44833648204803467,0.7048798203468323,-0.027695126831531525,0.458708792924881,0.5991739630699158,-0.03772885352373123,0.42192456126213074,0.5207866430282593,-0.04914539307355881,0.372089684009552,0.48717859387397766,-0.059181857854127884,0.4514744281768799,0.49496519565582275,-0.014738173224031925,0.47752147912979126,0.38518911600112915,-0.035756055265665054,0.48992639780044556,0.3166966438293457,-0.04825014993548393,0.49598509073257446,0.25912797451019287,-0.05506550520658493,0.40542641282081604,0.49730896949768066,-0.019911985844373703,0.3848458528518677,0.3732832074165344,-0.05029686540365219,0.3729192018508911,0.29482728242874146,-0.06955675035715103,0.36097925901412964,0.2315521240234375,-0.0769302025437355,0.3650803565979004,0.5279784202575684,-0.02805289626121521,0.3648357689380646,0.4858993589878082,-0.0778188481926918,0.3941187560558319,0.5557310581207275,-0.08634012937545776,0.40793728828430176,0.6103087663650513,-0.07506124675273895,0.3328615427017212,0.5713551044464111,-0.0373593345284462,0.34391966462135315,0.521698534488678,-0.07509753853082657,0.3722477853298187,0.5705518126487732,-0.07097936421632767,0.3890824019908905,0.6211642026901245,-0.056694090366363525
0.39683687686920166,0.7643950581550598,6.02173088282143e-07,0.44889333844184875,0.7062881588935852,-0.02897525019943714,0.4600490927696228,0.6016520261764526,-0.039236441254615784,0.42203065752983093,0.523019015789032,-0.05070395767688751,0.37308409810066223,0.48687347769737244,-0.06064511835575104,0.4517024755477905,0.4949834942817688,-0.01504171546548605,0.4777269661426544,0.38512691855430603,-0.03614472970366478,0.48964494466781616,0.31694284081459045,-0.048575274646282196,0.4949483573436737,0.25962674617767334,-0.055325064808130264,0.40560248494148254,0.49750128388404846,-0.019655397161841393,0.3845759928226471,0.3729572892189026,-0.05039529874920845,0.3725391626358032,0.295010507106781,-0.06985750794410706,0.36056527495384216,0.2319512963294983,-0.07732436060905457,0.3654732406139374,0.5282345414161682,-0.027429349720478058,0.3663983643054962,0.4863925874233246,-0.07762840390205383,0.3953133225440979,0.5562139749526978,-0.08645309507846832,0.4089644253253937,0.6102572083473206,-0.07534696906805038,0.3332968056201935,0.5713046789169312,-0.036453764885663986,0.34443458914756775,0.521998941898346,-0.07439013570547104,0.3722164034843445,0.5709532499313354,-0.07049167901277542,0.38900208473205566,0.6214115023612976,-0.05638570711016655
0.39705029129981995,0.7624863386154175,6.301291364252393e-07,0.4491071105003357,0.704811692237854,-0.02947474643588066,0.46100082993507385,0.5989162921905518,-0.03922783210873604,0.41997429728507996,0.5233539938926697,-0.049730852246284485,0.3711758553981781,0.48830002546310425,-0.05851472169160843,0.45200520753860474,0.49156826734542847,-0.0151591831818223,0.4777909219264984,0.3815546929836273,-0.03563707694411278,0.49036702513694763,0.31301000714302063,-0.047096967697143555,0.49650007486343384,0.2558230757713318,-0.052647970616817474,0.40561574697494507,0.4936736822128296,-0.018424879759550095,0.38477399945259094,0.37052327394485474,-0.04804324731230736,0.3737967014312744,0.2926011085510254,-0.06671124696731567,0.36331644654273987,0.23024147748947144,-0.07317329943180084,0.3654438555240631,0.521983802318573,-0.024857699871063232,0.3647981286048889,0.48629698157310486,-0.07434212416410446,0.39277899265289307,0.5570234060287476,-0.08459979295730591,0.4060354232788086,0.6123247742652893,-0.07414407283067703,0.3330656588077545,0.5617350935935974,-0.03250362351536751,0.3458044230937958,0.5223293304443359,-0.07043421268463135,0.37299615144729614,0.5750125050544739,-0.06819581985473633,0.3888449966907501,0.6269347667694092,-0.0548989474773407
0.39665594696998596,0.7633916139602661,6.203561042639194e-07,0.44979506731033325,0.7051600217819214,-0.02895195037126541,0.4615887701511383,0.6002223491668701,-0.038756512105464935,0.42142143845558167,0.5246450304985046,-0.04965188354253769,0.37313705682754517,0.4889662265777588,-0.05891226604580879,0.452029287815094,0.49209633469581604,-0.014799753203988075,0.478109210729599,0.38215452432632446,-0.03559836000204086,0.49038276076316833,0.31341272592544556,-0.04756306856870651,0.4963257312774658,0.25571519136428833,-0.05362315475940704,0.40565064549446106,0.4943450093269348,-0.01859699748456478,0.38499441742897034,0.3715771436691284,-0.04864156246185303,0.37340492010116577,0.293364942073822,-0.06773968786001205,0.3624722957611084,0.2303709089756012,-0.07473833113908768,0.36532488465309143,0.5232101678848267,-0.025564046576619148,0.3656039237976074,0.4864044487476349,-0.07528936862945557,0.3938099443912506,0.5568767786026001,-0.08536839485168457,0.4075353741645813,0.6121184229850769,-0.07495313882827759,0.3330543637275696,0.5637316703796387,-0.03376208618283272,0.34546297788619995,0.5223803520202637,-0.0718826949596405,0.3730669915676117,0.5740671157836914,-0.0695362538099289,0.38997846841812134,0.6259874105453491,-0.056263864040374756
0.3966968357563019,0.763587236404419,6.366087177411828e-07,0.447670042514801,0.7053334712982178,-0.030667496845126152,0.4602217376232147,0.6013231873512268,-0.04212373495101929,0.4202111065387726,0.5230268836021423,-0.05411949008703232,0.3704040050506592,0.4877151846885681,-0.0643840879201889,0.4516657590866089,0.4924265146255493,-0.017503557726740837,0.4774406850337982,0.3797712028026581,-0.03869178891181946,0.4899488687515259,0.3103237748146057,-0.05092918127775192,0.4955727159976959,0.25239184498786926,-0.05701236426830292,0.40481528639793396,0.4951270818710327,-0.02086256816983223,0.38194146752357483,0.368375301361084,-0.051071226596832275,0.3697836697101593,0.28944116830825806,-0.07031361013650894,0.3581538796424866,0.22556403279304504,-0.07709261029958725,0.36467722058296204,0.5245715975761414,-0.027279099449515343,0.36311694979667664,0.48649418354034424,-0.07753261178731918,0.3915286362171173,0.5558938384056091,-0.08744645118713379,0.40480300784111023,0.609713077545166,-0.0764327347278595,0.3323792815208435,0.5656880736351013,-0.03488825261592865,0.341417133808136,0.517814576625824,-0.07292168587446213,0.3700387477874756,0.5682286620140076,-0.06905395537614822,0.3875984251499176,0.6205781698226929,-0.0543091781437397
0.39709994196891785,0.7644779682159424,6.290837291089701e-07,0.4490032494068146,0.706741988658905,-0.03072558157145977,0.4611591398715973,0.6024996042251587,-0.0418848991394043,0.4217512011528015,0.524678111076355,-0.05373510718345642,0.3730103373527527,0.48770713806152344,-0.06380616873502731,0.45081833004951477,0.49345433712005615,-0.01767275482416153,0.4770824611186981,0.38070058822631836,-0.038966529071331024,0.48928001523017883,0.3113783299922943,-0.050989892333745956,0.494550496339798,0.2532329261302948,-0.056945525109767914,0.4043760597705841,0.49668088555336,-0.021083299070596695,0.38217252492904663,0.3691229224205017,-0.051742073148489,0.3703363835811615,0.2897861897945404,-0.07087645679712296,0.35883575677871704,0.22615841031074524,-0.07770660519599915,0.364521861076355,0.5263939499855042,-0.02765711583197117,0.36486202478408813,0.4865144193172455,-0.0783194750547409,0.39351382851600647,0.5556403398513794,-0.08833646029233932,0.4069897532463074,0.609989583492279,-0.07753445953130722,0.33282002806663513,0.5672817826271057,-0.03546344116330147,0.343979150056839,0.5193200707435608,-0.07384387403726578,0.37280499935150146,0.5699213147163391,-0.07052019238471985,0.3905797302722931,0.6228970289230347,-0.056367479264736176
0.3986510634422302,0.7637092471122742,6.24472761501238e-07,0.45170027017593384,0.703919529914856,-0.028529152274131775,0.46227291226387024,0.597827136516571,-0.03888688609004021,0.4216909408569336,0.5220335125923157,-0.05040006712079048,0.37247419357299805,0.4891989827156067,-0.06047434359788895,0.452530175447464,0.49166616797447205,-0.01770242489874363,0.4777282476425171,0.3796020746231079,-0.03907361626625061,0.4896368384361267,0.3100322484970093,-0.05131784826517105,0.4949395954608917,0.251300185918808,-0.057678986340761185,0.4055056571960449,0.4951666593551636,-0.022165361791849136,0.38274598121643066,0.3696906268596649,-0.05317572131752968,0.37034958600997925,0.28990858793258667,-0.07290685176849365,0.3580182194709778,0.225738525390625,-0.08040133118629456,0.3650447130203247,0.5258237719535828,-0.029428305104374886,0.3634365499019623,0.4883166551589966,-0.07978148013353348,0.39360979199409485,0.5574632883071899,-0.0901116281747818,0.40845251083374023,0.6121125817298889,-0.07982387393712997,0.333446741104126,0.5676586031913757,-0.037789780646562576,0.34576308727264404,0.5227029323577881,-0.07547512650489807,0.3749638497829437,0.5712030529975891,-0.07249871641397476,0.3930246829986572,0.6218938827514648,-0.05903654545545578
0.39919501543045044,0.7637602686882019,6.283297580012004e-07,0.45229920744895935,0.7028743028640747,-0.027983056381344795,0.4629892408847809,0.5965862274169922,-0.03812066465616226,0.42216357588768005,0.5209242105484009,-0.04948665201663971,0.3729787766933441,0.4894331991672516,-0.05947863683104515,0.4524851441383362,0.49145182967185974,-0.01708906702697277,0.47776925563812256,0.37963011860847473,-0.03847138211131096,0.48978427052497864,0.3099824786186218,-0.050777822732925415,0.4949769973754883,0.25119200348854065,-0.05709179863333702,0.405498206615448,0.49453118443489075,-0.021716883406043053,0.3833716809749603,0.3694557845592499,-0.052588216960430145,0.3706074059009552,0.28959470987319946,-0.07228530943393707,0.35781726241111755,0.2254239320755005,-0.0796343982219696,0.3650033175945282,0.5246229767799377,-0.029095856472849846,0.36415940523147583,0.4888714849948883,-0.07899405807256699,0.3941921889781952,0.5575461387634277,-0.08918173611164093,0.40903961658477783,0.6118271350860596,-0.07873678207397461,0.3330032527446747,0.566075325012207,-0.03755582123994827,0.3445662558078766,0.5220198631286621,-0.07451031357049942,0.3735648989677429,0.5701800584793091,-0.07108418643474579,0.39178240299224854,0.6205364465713501,-0.05727965012192726
0.4033827781677246,0.7623556852340698,6.458726033997664e-07,0.45438700914382935,0.7007538676261902,-0.028622401878237724,0.4638318419456482,0.5963768362998962,-0.039822373539209366,0.42470040917396545,0.5211712121963501,-0.05228006839752197,0.37331056594848633,0.4899227023124695,-0.0632423385977745,0.4563908874988556,0.49005240201950073,-0.01614866405725479,0.4818744361400604,0.37808817625045776,-0.038230739533901215,0.4942779541015625,0.3077242374420166,-0.051488809287548065,0.5004898905754089,0.24913010001182556,-0.05859636515378952,0.4093620181083679,0.494289755821228,-0.021271027624607086,0.38639938831329346,0.3677203357219696,-0.0520031601190567,0.3736867904663086,0.2882971167564392,-0.07139444351196289,0.36175090074539185,0.22440677881240845,-0.0787878930568695,0.36833661794662476,0.5264008641242981,-0.029457086697220802,0.36742615699768066,0.48399022221565247,-0.08016456663608551,0.39728283882141113,0.5535921454429626,-0.08925498276948929,0.4113967716693878,0.6086021661758423,-0.07807739824056625,0.33604657649993896,0.57080078125,-0.03883156180381775,0.34671083092689514,0.5233391523361206,-0.07766769081354141,0.37601715326309204,0.5734248161315918,-0.07400946319103241,0.3934655487537384,0.6250801086425781,-0.05979111045598984
0.4030415117740631,0.7656384706497192,6.366186653394834e-07,0.4554702043533325,0.702337920665741,-0.027775688096880913,0.46390002965927124,0.5947815179824829,-0.037606146186590195,0.4229586124420166,0.5190999507904053,-0.0486605279147625,0.37231695652008057,0.48823976516723633,-0.05815931037068367,0.4547044336795807,0.49002981185913086,-0.015079354867339134,0.48133036494255066,0.3779270052909851,-0.035205237567424774,0.49291571974754333,0.3075699806213379,-0.04702325537800789,0.49759119749069214,0.24866268038749695,-0.053235575556755066,0.40756329894065857,0.4926706552505493,-0.01947895437479019,0.38667401671409607,0.3691980540752411,-0.0486803837120533,0.37410080432891846,0.28969287872314453,-0.06759520620107651,0.36182984709739685,0.22546207904815674,-0.07480049133300781,0.36645203828811646,0.5228651762008667,-0.026714187115430832,0.36821478605270386,0.48449307680130005,-0.07520231604576111,0.3976515829563141,0.5533018708229065,-0.08491192758083344,0.41110166907310486,0.6082499027252197,-0.07456813752651215,0.33423763513565063,0.5655379891395569,-0.03510713949799538,0.34726160764694214,0.5198232531547546,-0.07191554456949234,0.37748533487319946,0.5680469870567322,-0.06877601891756058,0.39616960287094116,0.619543731212616,-0.055202972143888474
0.4034653902053833,0.7656770348548889,6.307919875325751e-07,0.45557987689971924,0.7082948684692383,-0.029873279854655266,0.4674637019634247,0.6008696556091309,-0.040255799889564514,0.4288998544216156,0.5198730230331421,-0.05139429122209549,0.3764851689338684,0.48890137672424316,-0.060905784368515015,0.46042656898498535,0.49275967478752136,-0.017149925231933594,0.4855324625968933,0.3791161775588989,-0.03945028781890869,0.4976283609867096,0.309023916721344,-0.05221458151936531,0.5030995607376099,0.2511698603630066,-0.05882968753576279,0.4124537706375122,0.49643510580062866,-0.02114882878959179,0.38993027806282043,0.3687736392021179,-0.052624475210905075,0.3779924511909485,0.28992217779159546,-0.07158836722373962,0.3658865690231323,0.22732210159301758,-0.07813899964094162,0.37096384167671204,0.5274829864501953,-0.028375979512929916,0.3697403073310852,0.48770278692245483,-0.07995658367872238,0.4011578857898712,0.5581842064857483,-0.08945165574550629,0.4164867401123047,0.6136861443519592,-0.0780843123793602,0.3378611207008362,0.5700207948684692,-0.03688924014568329,0.3521808981895447,0.5305675864219666,-0.07677440345287323,0.38149335980415344,0.5822590589523315,-0.07459202408790588,0.39810651540756226,0.6320302486419678,-0.06114984676241875
0.4020945429801941,0.7606297731399536,6.358563382491411e-07,0.4551188349723816,0.7016922235488892,-0.029271334409713745,0.4659268856048584,0.5984753370285034,-0.039435554295778275,0.42384377121925354,0.5236132740974426,-0.05039047822356224,0.37546011805534363,0.4876047372817993,-0.05959353595972061,0.4564425051212311,0.49301907420158386,-0.016067486256361008,0.4840313196182251,0.3818759024143219,-0.03640997037291527,0.49557629227638245,0.31224435567855835,-0.047729190438985825,0.4998537600040436,0.25366511940956116,-0.053604692220687866,0.40911751985549927,0.49601247906684875,-0.0196115430444479,0.39055800437927246,0.3727497160434723,-0.0489838533103466,0.37920889258384705,0.29527604579925537,-0.06707031279802322,0.3677493929862976,0.23248261213302612,-0.07369747757911682,0.3682195544242859,0.5253938436508179,-0.026257619261741638,0.36966845393180847,0.4849380850791931,-0.07559695839881897,0.39737457036972046,0.5551083087921143,-0.08504033833742142,0.4100533127784729,0.6094817519187927,-0.07450418174266815,0.33557969331741333,0.5670103430747986,-0.034104328602552414,0.3494769036769867,0.5235388278961182,-0.07313401252031326,0.37954074144363403,0.5749838948249817,-0.07127838581800461,0.3983112573623657,0.6268107891082764,-0.05827746167778969
0.4013667702674866,0.7650782465934753,6.382056199072395e-07,0.45387163758277893,0.7039207816123962,-0.029840324074029922,0.46347877383232117,0.5951590538024902,-0.03969722241163254,0.4175697863101959,0.5205767750740051,-0.05045446380972862,0.36835262179374695,0.48649728298187256,-0.05954182520508766,0.4535490870475769,0.4895825684070587,-0.01585947535932064,0.47952285408973694,0.3749697506427765,-0.03716292232275009,0.4919251799583435,0.3044885993003845,-0.04905986785888672,0.49666279554367065,0.24496954679489136,-0.05486564338207245,0.40630531311035156,0.4938124418258667,-0.019831588491797447,0.38393715023994446,0.3648841381072998,-0.050782211124897,0.371062308549881,0.28480836749076843,-0.07043199986219406,0.357808917760849,0.21903595328330994,-0.07742920517921448,0.36594825983047485,0.5244362950325012,-0.027019405737519264,0.36540696024894714,0.4876638650894165,-0.07830869406461716,0.3939817547798157,0.5592602491378784,-0.08911077678203583,0.40738439559936523,0.6130023002624512,-0.07846099883317947,0.33382922410964966,0.565635085105896,-0.03534942865371704,0.3443114757537842,0.5208727717399597,-0.07395637035369873,0.37247151136398315,0.5737987756729126,-0.0709240734577179,0.390274316072464,0.6258882880210876,-0.056906431913375854
0.39995619654655457,0.7697205543518066,6.458038228629448e-07,0.45445987582206726,0.7093091607093811,-0.03062218613922596,0.4638638496398926,0.5974090099334717,-0.04027855023741722,0.41691121459007263,0.520505428314209,-0.05040581524372101,0.36500662565231323,0.4887782037258148,-0.0590144507586956,0.45594504475593567,0.4926069974899292,-0.01647467538714409,0.48161637783050537,0.3757742941379547,-0.03729249909520149,0.493945449590683,0.3038936257362366,-0.0487128421664238,0.49911946058273315,0.24351748824119568,-0.05404152348637581,0.4076322317123413,0.49533694982528687,-0.019444065168499947,0.3850556015968323,0.36597830057144165,-0.04952988773584366,0.37175312638282776,0.2852614223957062,-0.06847286224365234,0.358420193195343,0.21972176432609558,-0.07468245923519135,0.3663613200187683,0.5241996049880981,-0.025590740144252777,0.36491960287094116,0.4890495240688324,-0.07684314250946045,0.393904447555542,0.5620787143707275,-0.08808256685733795,0.4072944223880768,0.6183218359947205,-0.07734038680791855,0.3337278962135315,0.5637398958206177,-0.032892659306526184,0.3447863459587097,0.5217691659927368,-0.0723607987165451,0.3743886351585388,0.5772964954376221,-0.07006794959306717,0.39284637570381165,0.6320592761039734,-0.056105952709913254
0.4010903239250183,0.7696739435195923,6.450299565585738e-07,0.45485222339630127,0.7081310749053955,-0.029904568567872047,0.46432486176490784,0.5969191789627075,-0.03950205817818642,0.4167318642139435,0.5210574269294739,-0.04976901412010193,0.36558523774147034,0.4891180396080017,-0.058358293026685715,0.45457106828689575,0.4911189079284668,-0.015635887160897255,0.4807809293270111,0.37536120414733887,-0.035821765661239624,0.4932742714881897,0.30441582202911377,-0.04690065607428551,0.49788665771484375,0.2442685067653656,-0.052265748381614685,0.40694063901901245,0.4937632381916046,-0.01913323439657688,0.3845789432525635,0.3646020293235779,-0.04883887618780136,0.37171700596809387,0.28476187586784363,-0.06765779107809067,0.35838472843170166,0.21990451216697693,-0.07403034716844559,0.3663259446620941,0.5224864482879639,-0.025771863758563995,0.3675050437450409,0.4867740273475647,-0.07626472413539886,0.39576372504234314,0.5596722364425659,-0.08730541169643402,0.4081825315952301,0.6152005195617676,-0.07685928791761398,0.3343188464641571,0.5620354413986206,-0.03356841951608658,0.34816858172416687,0.5217254161834717,-0.07232323288917542,0.37661656737327576,0.578102171421051,-0.07010583579540253,0.393907755613327,0.6329243183135986,-0.05651604011654854
0.39857912063598633,0.7746200561523438,6.617276540055173e-07,0.45552578568458557,0.7150036096572876,-0.032636236399412155,0.46819308400154114,0.6074743866920471,-0.04363425821065903,0.42069441080093384,0.5316866040229797,-0.05514257028698921,0.36981499195098877,0.4939228594303131,-0.06464901566505432,0.4566717743873596,0.49341335892677307,-0.01616148091852665,0.4828735589981079,0.37662768363952637,-0.03775936737656593,0.4953460395336151,0.30387675762176514,-0.05038909614086151,0.5003713369369507,0.24261152744293213,-0.05679432675242424,0.40745028853416443,0.49608856439590454,-0.01897234283387661,0.38312429189682007,0.3646864891052246,-0.05046244338154793,0.36958810687065125,0.28350186347961426,-0.07079298049211502,0.35665327310562134,0.21725186705589294,-0.07804690301418304,0.36598050594329834,0.5259682536125183,-0.025298641994595528,0.36639106273651123,0.48677387833595276,-0.07831395417451859,0.3950393795967102,0.5606532692909241,-0.08976250886917114,0.4082096219062805,0.6166173219680786,-0.07895805686712265,0.3333481550216675,0.5673880577087402,-0.03298373147845268,0.3453909456729889,0.5231578946113586,-0.07434090971946716,0.37480428814888,0.5790709853172302,-0.07263786345720291,0.3935316503047943,0.633770227432251,-0.058760177344083786
0.39971664547920227,0.7802695035934448,6.725849175381882e-07,0.45365333557128906,0.7196924686431885,-0.033950984477996826,0.465889573097229,0.6110131740570068,-0.04705367609858513,0.4200340807437897,0.5319089889526367,-0.060484517365694046,0.3676196038722992,0.4947185516357422,-0.07189381867647171,0.4559480845928192,0.4954392910003662,-0.019720954820513725,0.482574999332428,0.3761971890926361,-0.043658461421728134,0.49532511830329895,0.3030523359775543,-0.057555440813302994,0.500667154788971,0.24085751175880432,-0.06452271342277527,0.40648794174194336,0.4991462826728821,-0.022826649248600006,0.3821234703063965,0.36576977372169495,-0.05632643401622772,0.3684696853160858,0.2836121618747711,-0.07719472050666809,0.35496407747268677,0.21596220135688782,-0.0844171866774559,0.3643999993801117,0.5308497548103333,-0.029416685923933983,0.36447542905807495,0.4927160143852234,-0.08413750678300858,0.3944154381752014,0.5679343342781067,-0.09482850879430771,0.4081251919269562,0.6240583062171936,-0.08288072794675827,0.3320181965827942,0.5742465257644653,-0.03743594139814377,0.3440392315387726,0.5296258926391602,-0.07933319360017776,0.37366819381713867,0.5877801179885864,-0.07615374773740768,0.39099588990211487,0.6436768174171448,-0.06080768257379532
0.4006204903125763,0.7812392711639404,6.85923964738322e-07,0.45404574275016785,0.719952404499054,-0.03656209260225296,0.46686798334121704,0.6129622459411621,-0.05123678222298622,0.4185153841972351,0.5338965654373169,-0.06599878519773483,0.3645840585231781,0.4955609440803528,-0.07856335490942001,0.45694994926452637,0.4972422122955322,-0.021492253988981247,0.4823669195175171,0.3763960003852844,-0.04663422331213951,0.4942968487739563,0.3029491901397705,-0.0612933449447155,0.49906980991363525,0.2398344874382019,-0.06881619244813919,0.40727105736732483,0.5018779039382935,-0.024145590141415596,0.38263964653015137,0.36710718274116516,-0.058859746903181076,0.3688400089740753,0.28418630361557007,-0.08033619821071625,0.3548506796360016,0.21501228213310242,-0.08813298493623734,0.3645534813404083,0.5345616340637207,-0.030666546896100044,0.3635854423046112,0.4921850264072418,-0.08766531944274902,0.3949525058269501,0.5685136914253235,-0.09876112639904022,0.40931227803230286,0.6254357695579529,-0.08670233935117722,0.3309457302093506,0.579110324382782,-0.03878092020750046,0.3414366841316223,0.5295562744140625,-0.08286406099796295,0.37323197722435,0.5861690044403076,-0.08027635514736176,0.39229366183280945,0.6420010924339294,-0.06513218581676483
0.39858683943748474,0.7886836528778076,6.906892622282612e-07,0.453338086605072,0.723704993724823,-0.031072910875082016,0.4629092812538147,0.6118489503860474,-0.042494527995586395,0.41662031412124634,0.5345146656036377,-0.055006444454193115,0.36367499828338623,0.5017232894897461,-0.06579753011465073,0.45335954427719116,0.49921005964279175,-0.01636621356010437,0.47963258624076843,0.37873199582099915,-0.03955969959497452,0.4923637807369232,0.30548959970474243,-0.05306489020586014,0.49761655926704407,0.24289190769195557,-0.059888388961553574,0.4037345051765442,0.5048431158065796,-0.021259469911456108,0.3784808814525604,0.3683376610279083,-0.05447740480303764,0.36422887444496155,0.2836987376213074,-0.07522297650575638,0.3495984375476837,0.2136041820049286,-0.08237317204475403,0.36109283566474915,0.5390487909317017,-0.02953360602259636,0.36111438274383545,0.49736452102661133,-0.08493319898843765,0.39299705624580383,0.5737639665603638,-0.09586881101131439,0.4078235328197479,0.6308894157409668,-0.08367936313152313,0.3274427056312561,0.5849384069442749,-0.03889724984765053,0.3407151699066162,0.5392637252807617,-0.08123145252466202,0.371988445520401,0.597075343132019,-0.07806381583213806,0.3900358974933624,0.6514647603034973,-0.06269441545009613
0.39621371030807495,0.8000291585922241,7.072775929373165e-07,0.45218217372894287,0.736418604850769,-0.03553752973675728,0.46274837851524353,0.6274832487106323,-0.047755271196365356,0.41989728808403015,0.5504549145698547,-0.06005319952964783,0.3710675835609436,0.5116177797317505,-0.06967762857675552,0.45133277773857117,0.5053065419197083,-0.018520619720220566,0.4784683287143707,0.3807331919670105,-0.042407047003507614,0.49118268489837646,0.30558812618255615,-0.05553324520587921,0.4954291880130768,0.2427423894405365,-0.06134876608848572,0.40126579999923706,0.5085539817810059,-0.020191555842757225,0.37302547693252563,0.37084871530532837,-0.05495435371994972,0.35904112458229065,0.288382887840271,-0.07562845945358276,0.34574732184410095,0.22041422128677368,-0.08138277381658554,0.3592590093612671,0.5404994487762451,-0.025690678507089615,0.3627597987651825,0.5070012211799622,-0.08058223128318787,0.39256900548934937,0.5816012024879456,-0.09150604158639908,0.4063061475753784,0.6364502310752869,-0.07865855097770691,0.3274248540401459,0.5839007496833801,-0.03288913890719414,0.34293514490127563,0.5484145879745483,-0.07332400977611542,0.3723089098930359,0.6061437129974365,-0.07030077278614044,0.390169620513916,0.6596032977104187,-0.05456973612308502
0.3949933350086212,0.8026686906814575,6.896575541759375e-07,0.4515484869480133,0.7379677891731262,-0.03465757891535759,0.4632207453250885,0.6294081807136536,-0.04714946821331978,0.41950368881225586,0.5528097748756409,-0.06024043262004852,0.36987051367759705,0.510971188545227,-0.07091302424669266,0.4503909945487976,0.5055719017982483,-0.0180826336145401,0.4788239598274231,0.38210612535476685,-0.042032863944768906,0.49171555042266846,0.307201623916626,-0.05584176257252693,0.4967291057109833,0.2441776990890503,-0.06256169080734253,0.3999122679233551,0.5096480250358582,-0.02069428190588951,0.3726051449775696,0.37219902873039246,-0.054388560354709625,0.3587196171283722,0.29087021946907043,-0.07544486224651337,0.34637999534606934,0.223782479763031,-0.08256352692842484,0.35742834210395813,0.5426630973815918,-0.027093326672911644,0.3602757155895233,0.5037693977355957,-0.08148237317800522,0.38950014114379883,0.5788731575012207,-0.09266166388988495,0.4029556214809418,0.634398341178894,-0.08096705377101898,0.3255653977394104,0.5878161191940308,-0.03513452783226967,0.3391753137111664,0.54658442735672,-0.07676052302122116,0.3699053227901459,0.6039800643920898,-0.07461559772491455,0.38963305950164795,0.6587243676185608,-0.05980662629008293
0.3950996398925781,0.8110159635543823,7.267512955877464e-07,0.44996178150177,0.746984601020813,-0.039253249764442444,0.4589013159275055,0.638392984867096,-0.05372471734881401,0.4114431142807007,0.5611762404441833,-0.06780145317316055,0.35973984003067017,0.5221580862998962,-0.07897978276014328,0.44820207357406616,0.5118569731712341,-0.02139851823449135,0.47249817848205566,0.38687604665756226,-0.04874797165393829,0.48506951332092285,0.31169605255126953,-0.0640324205160141,0.4896424114704132,0.24792805314064026,-0.07109825313091278,0.39760899543762207,0.5164186954498291,-0.022639557719230652,0.3670334219932556,0.37650203704833984,-0.060981567949056625,0.35162749886512756,0.29225629568099976,-0.08386820554733276,0.33722546696662903,0.2241288423538208,-0.0905638113617897,0.35530611872673035,0.5523249506950378,-0.028181670233607292,0.3534119725227356,0.521147608757019,-0.08741144090890884,0.38466447591781616,0.5958084464073181,-0.1002495288848877,0.40095147490501404,0.6500182151794434,-0.08753620833158493,0.32344239950180054,0.5999188423156738,-0.035504549741744995,0.3358166217803955,0.5687708258628845,-0.07893548160791397,0.36394622921943665,0.6267182230949402,-0.07714307308197021,0.37986302375793457,0.6768419742584229,-0.06177515909075737
0.39271748065948486,0.8118467330932617,7.060642133183137e-07,0.45063209533691406,0.747083306312561,-0.038065336644649506,0.46057364344596863,0.638043999671936,-0.05283070728182793,0.4102715849876404,0.5622938275337219,-0.06764518469572067,0.35701367259025574,0.5231840014457703,-0.0799466073513031,0.44735395908355713,0.5132578015327454,-0.02223101444542408,0.4729914367198944,0.3877940773963928,-0.049074046313762665,0.48527389764785767,0.3124012351036072,-0.06441113352775574,0.4896054267883301,0.24769327044487,-0.07209353893995285,0.3963261544704437,0.5176136493682861,-0.024440763518214226,0.36666348576545715,0.37786543369293213,-0.06182107701897621,0.35089999437332153,0.29515522718429565,-0.08421624451875687,0.33605363965034485,0.22687038779258728,-0.09172198921442032,0.3536957800388336,0.5530662536621094,-0.030738115310668945,0.35174524784088135,0.5137224793434143,-0.08923617750406265,0.3835228979587555,0.5909066200256348,-0.10027585178613663,0.39952027797698975,0.6469081044197083,-0.0874113216996193,0.32171282172203064,0.6012099981307983,-0.038797974586486816,0.333024799823761,0.5569517612457275,-0.08220475912094116,0.3632521331310272,0.6156275868415833,-0.07903636246919632,0.3821553885936737,0.6696096658706665,-0.06327057629823685
0.38770782947540283,0.8236038088798523,7.165372721829044e-07,0.4417783319950104,0.7563510537147522,-0.040046535432338715,0.4491896331310272,0.6465944647789001,-0.054684121161699295,0.39977139234542847,0.5677334070205688,-0.06858412176370621,0.3460252583026886,0.5350329279899597,-0.07945217937231064,0.44222915172576904,0.5198819041252136,-0.02040945366024971,0.46664419770240784,0.39065223932266235,-0.046795595437288284,0.47884106636047363,0.31308484077453613,-0.062136489897966385,0.4831158220767975,0.24954375624656677,-0.06950919330120087,0.39033353328704834,0.5237942337989807,-0.020613055676221848,0.35889896750450134,0.3864608407020569,-0.056985367089509964,0.3421628773212433,0.30159318447113037,-0.08013992756605148,0.3262818455696106,0.23469486832618713,-0.08764967322349548,0.34757697582244873,0.5600153207778931,-0.025194663554430008,0.34559398889541626,0.5242350101470947,-0.0812293067574501,0.3776727318763733,0.5940420627593994,-0.09413082152605057,0.39344552159309387,0.6482093334197998,-0.08233457803726196,0.31569308042526245,0.6084930300712585,-0.031726766377687454,0.32791370153427124,0.5723609328269958,-0.07176076620817184,0.35572969913482666,0.6216221451759338,-0.06955941766500473,0.3696240782737732,0.66815584897995,-0.054600466042757034
0.3867417275905609,0.820862352848053,7.21052117569343e-07,0.4430011808872223,0.7565703392028809,-0.039949238300323486,0.4500040113925934,0.6477999091148376,-0.05487469956278801,0.3981275260448456,0.5742149353027344,-0.0692678838968277,0.34407588839530945,0.5409502387046814,-0.08084050565958023,0.4427860677242279,0.5206970572471619,-0.02244194783270359,0.46741199493408203,0.39204657077789307,-0.048680346459150314,0.4805876314640045,0.31481218338012695,-0.06358125805854797,0.48456650972366333,0.25098833441734314,-0.07080259174108505,0.3912709653377533,0.5234739780426025,-0.023017603904008865,0.35836657881736755,0.3847593665122986,-0.05945448949933052,0.3413352966308594,0.30215322971343994,-0.08195928484201431,0.3252060115337372,0.23583826422691345,-0.08940912783145905,0.34854650497436523,0.5581410527229309,-0.02792591229081154,0.3464879095554352,0.5187193155288696,-0.08449236303567886,0.37790998816490173,0.592722475528717,-0.09711337089538574,0.39279717206954956,0.647555410861969,-0.08557800948619843,0.3172066807746887,0.6046446561813354,-0.03478863462805748,0.3310478627681732,0.56400066614151,-0.075148805975914,0.35859397053718567,0.6155447363853455,-0.07301048934459686,0.3729502260684967,0.6632043719291687,-0.05874797701835632
0.38321712613105774,0.8373333215713501,7.595497208967572e-07,0.4394356906414032,0.7729032039642334,-0.041985515505075455,0.44881734251976013,0.6681589484214783,-0.05881359800696373,0.40310755372047424,0.588418185710907,-0.0751023218035698,0.35266342759132385,0.5505008101463318,-0.08800052851438522,0.4383862614631653,0.5294172167778015,-0.023943470790982246,0.460289865732193,0.3996250629425049,-0.05324150249361992,0.47115492820739746,0.31931865215301514,-0.07050801068544388,0.474465936422348,0.254153847694397,-0.07924246042966843,0.38576412200927734,0.5351787209510803,-0.024200890213251114,0.3533480167388916,0.3966139853000641,-0.0636763870716095,0.3358335494995117,0.30876052379608154,-0.0880122035741806,0.31998544931411743,0.24111506342887878,-0.09616564959287643,0.34188568592071533,0.5735989809036255,-0.029090750962495804,0.3402245044708252,0.5329260230064392,-0.08802036195993423,0.37387293577194214,0.6028491854667664,-0.10134315490722656,0.3915858566761017,0.6601060032844543,-0.08950506150722504,0.3089251220226288,0.6247360706329346,-0.03629514202475548,0.32543134689331055,0.5955531001091003,-0.08074711263179779,0.3554815948009491,0.6463344693183899,-0.0817698985338211,0.37120741605758667,0.6940081119537354,-0.06832064688205719
0.3812046945095062,0.8376712799072266,7.406837880807871e-07,0.4384167790412903,0.7744042277336121,-0.03892118111252785,0.4502241611480713,0.6617476344108582,-0.0538921132683754,0.4008466601371765,0.582183837890625,-0.06875145435333252,0.3481733798980713,0.550071656703949,-0.0807362049818039,0.43861013650894165,0.5309237241744995,-0.024356061592698097,0.46092134714126587,0.4002390503883362,-0.05279066041111946,0.47317594289779663,0.32165470719337463,-0.06828911602497101,0.47684651613235474,0.2575768828392029,-0.0753646120429039,0.38472500443458557,0.5368214845657349,-0.025978974997997284,0.3522835373878479,0.3960415720939636,-0.06469817459583282,0.33641329407691956,0.31090065836906433,-0.08688320964574814,0.3209318220615387,0.24401798844337463,-0.09312302619218826,0.34096285700798035,0.5731736421585083,-0.031784139573574066,0.34371480345726013,0.5362409353256226,-0.09006532281637192,0.37925317883491516,0.6105908751487732,-0.10195544362068176,0.3973771631717682,0.6684966683387756,-0.08909190446138382,0.30888110399246216,0.6207704544067383,-0.039671242237091064,0.33217325806617737,0.5940318703651428,-0.08204834163188934,0.3613520562648773,0.6493266224861145,-0.08096379041671753,0.3753804862499237,0.6977435350418091,-0.0665329173207283
0.3815861642360687,0.8475139141082764,7.661035965611518e-07,0.434669554233551,0.7831323742866516,-0.04251322150230408,0.4424108564853668,0.6744078993797302,-0.05931931734085083,0.38841062784194946,0.5982730984687805,-0.07509795576334,0.33398351073265076,0.5649951100349426,-0.08760250359773636,0.4331284463405609,0.5366270542144775,-0.025310145691037178,0.4549204409122467,0.4044297933578491,-0.05412252992391586,0.4663068652153015,0.3238692283630371,-0.07123993337154388,0.46890562772750854,0.25731638073921204,-0.08028379827737808,0.379630446434021,0.5403534173965454,-0.02564549818634987,0.34634777903556824,0.39984941482543945,-0.06426779925823212,0.32865700125694275,0.3136892318725586,-0.08840756118297577,0.31202933192253113,0.24492451548576355,-0.0968538224697113,0.33551764488220215,0.5772215127944946,-0.03053828328847885,0.3324440121650696,0.5314455032348633,-0.08917133510112762,0.36480531096458435,0.6030685901641846,-0.10286413133144379,0.3812282979488373,0.6602884531021118,-0.09171625971794128,0.3019457757472992,0.627521276473999,-0.037721551954746246,0.3175605237483978,0.5953069925308228,-0.082720547914505,0.3480894863605499,0.6479374766349792,-0.08409220725297928,0.3648007810115814,0.696908712387085,-0.07109853625297546
0.38047489523887634,0.849096417427063,7.78067430928786e-07,0.435288667678833,0.7848488092422485,-0.041575223207473755,0.44487425684928894,0.673799455165863,-0.058334216475486755,0.38760507106781006,0.5997629761695862,-0.0744372010231018,0.33191412687301636,0.567992627620697,-0.08744499087333679,0.4341164827346802,0.540088951587677,-0.026150774210691452,0.4556683599948883,0.4062414765357971,-0.05545284226536751,0.4669620394706726,0.32535022497177124,-0.07203087955713272,0.4695180654525757,0.25799575448036194,-0.08045899868011475,0.37965402007102966,0.5457467436790466,-0.027566391974687576,0.34721285104751587,0.4026113450527191,-0.06735645979642868,0.32987868785858154,0.31595781445503235,-0.09115109592676163,0.3134279251098633,0.24697864055633545,-0.09912377595901489,0.3354596793651581,0.5828018188476562,-0.033394332975149155,0.3322257697582245,0.535309910774231,-0.09377451986074448,0.3658815026283264,0.6099668741226196,-0.10719244927167892,0.3840637803077698,0.6692075133323669,-0.09547390043735504,0.30167311429977417,0.6320557594299316,-0.041363947093486786,0.32072481513023376,0.5997691750526428,-0.0877966359257698,0.3526413142681122,0.6554864645004272,-0.08901260048151016,0.37067535519599915,0.705854594707489,-0.07584188133478165
0.3777308762073517,0.8613489866256714,7.513995115004946e-07,0.4310323894023895,0.7980461120605469,-0.04275314882397652,0.44263768196105957,0.6855140924453735,-0.05828631669282913,0.3860095739364624,0.6094648241996765,-0.07284583151340485,0.3284924626350403,0.5777281522750854,-0.0848609134554863,0.431562215089798,0.5437818765640259,-0.023275474086403847,0.4523640275001526,0.409074604511261,-0.05149972811341286,0.4636983275413513,0.32792359590530396,-0.06818374246358871,0.4657388925552368,0.2602997422218323,-0.07641967386007309,0.3770577013492584,0.5478739738464355,-0.02336265705525875,0.34418967366218567,0.40874940156936646,-0.0618315190076828,0.32487374544143677,0.32429420948028564,-0.08645588159561157,0.30600500106811523,0.25699344277381897,-0.09447381645441055,0.3328639268875122,0.584701418876648,-0.028185121715068817,0.3295731246471405,0.5437899827957153,-0.08839364349842072,0.3614542782306671,0.6185511946678162,-0.10495869070291519,0.37866923213005066,0.6774806976318359,-0.09466499090194702,0.2985805869102478,0.6345223784446716,-0.03501804918050766,0.31340137124061584,0.6026480197906494,-0.08125795423984528,0.34322434663772583,0.6578950881958008,-0.08367888629436493,0.3613384962081909,0.7088409662246704,-0.07073541730642319
0.3755173981189728,0.8649078607559204,7.589206916236435e-07,0.4294402003288269,0.8013033270835876,-0.04268064722418785,0.4423489272594452,0.6868399381637573,-0.058752261102199554,0.38841694593429565,0.6066389679908752,-0.07389859110116959,0.33376967906951904,0.5740821361541748,-0.08580097556114197,0.43170544505119324,0.5465829372406006,-0.024920260533690453,0.45299845933914185,0.4097917079925537,-0.052894074469804764,0.46544769406318665,0.32770150899887085,-0.06792095303535461,0.467849463224411,0.26025280356407166,-0.07459630072116852,0.3766591548919678,0.5503876805305481,-0.025154856964945793,0.3419189751148224,0.40658652782440186,-0.06419817358255386,0.3234154284000397,0.32196879386901855,-0.08666189014911652,0.30442509055137634,0.2553696930408478,-0.09240242838859558,0.3323790431022644,0.5851384401321411,-0.03010549396276474,0.3338207006454468,0.5445953607559204,-0.09040859341621399,0.3682931661605835,0.6243013143539429,-0.10448852181434631,0.38565027713775635,0.6853295564651489,-0.09197425097227097,0.29805120825767517,0.6315912008285522,-0.03725498169660568,0.32132911682128906,0.6027336716651917,-0.08126693964004517,0.3516257405281067,0.6612644791603088,-0.081776462495327,0.3675144612789154,0.7121176719665527,-0.0677923634648323
0.3786006569862366,0.8658229112625122,7.486343065465917e-07,0.43258553743362427,0.8018931150436401,-0.04187322035431862,0.4443006217479706,0.6851502656936646,-0.05769197270274162,0.39106959104537964,0.606109619140625,-0.07287286967039108,0.33623483777046204,0.574019730091095,-0.08487914502620697,0.43162792921066284,0.5454419255256653,-0.025138651952147484,0.45227372646331787,0.41063743829727173,-0.053664207458496094,0.462721049785614,0.3293818235397339,-0.0690164864063263,0.4636586308479309,0.2616843581199646,-0.07632076740264893,0.3767238259315491,0.5494272708892822,-0.026341773569583893,0.34195515513420105,0.40513065457344055,-0.06597262620925903,0.3219502568244934,0.31844621896743774,-0.08889075368642807,0.3014794886112213,0.25015246868133545,-0.09533911943435669,0.3328569531440735,0.58506178855896,-0.03219498693943024,0.33365267515182495,0.5458134412765503,-0.09251479059457779,0.3686613142490387,0.6218323707580566,-0.10721265524625778,0.3866017758846283,0.6810594797134399,-0.09573309123516083,0.2991880178451538,0.6326931118965149,-0.0403389148414135,0.323803573846817,0.6117767691612244,-0.08553630113601685,0.3562904894351959,0.6709690690040588,-0.08796432614326477,0.37427935004234314,0.7215362191200256,-0.07555269449949265
0.3807011544704437,0.8698834180831909,7.581094791930809e-07,0.43462786078453064,0.8049019575119019,-0.04440639168024063,0.4452246129512787,0.6894355416297913,-0.06197579950094223,0.38717374205589294,0.6101663112640381,-0.07856225967407227,0.33023005723953247,0.5748364329338074,-0.0916830375790596,0.4339216351509094,0.5488935112953186,-0.026110956445336342,0.4540684223175049,0.4120831787586212,-0.05579992011189461,0.4646618962287903,0.32963627576828003,-0.07211765646934509,0.4660525321960449,0.260595440864563,-0.08004409074783325,0.37857016921043396,0.5534883737564087,-0.02674447000026703,0.3438839912414551,0.40763354301452637,-0.06803444027900696,0.3231966495513916,0.3226495087146759,-0.09156206250190735,0.30310723185539246,0.25498437881469727,-0.09793420135974884,0.33401334285736084,0.5902526378631592,-0.03228694573044777,0.33234816789627075,0.5457349419593811,-0.09540010243654251,0.3667522668838501,0.6277061104774475,-0.10881763696670532,0.38498783111572266,0.6899048089981079,-0.09540345519781113,0.29948580265045166,0.639675498008728,-0.04014689102768898,0.3191811442375183,0.608446478843689,-0.08787307143211365,0.3516840636730194,0.6702841520309448,-0.08847947418689728,0.3705191910266876,0.7234578132629395,-0.07389751076698303
0.3792560398578644,0.8714860677719116,7.823817895769025e-07,0.4323377311229706,0.8078790903091431,-0.046812426298856735,0.44509750604629517,0.6946357488632202,-0.0658639594912529,0.390866756439209,0.6121932864189148,-0.08346454054117203,0.3347146511077881,0.5767501592636108,-0.09739766269922256,0.433247834444046,0.5499033331871033,-0.029026353731751442,0.4540148079395294,0.41258102655410767,-0.05954451113939285,0.46496355533599854,0.3305584490299225,-0.07635068148374557,0.4666168689727783,0.2616749107837677,-0.08453607559204102,0.37776216864585876,0.5534602999687195,-0.028664663434028625,0.34298574924468994,0.4080275893211365,-0.07061400264501572,0.3220796287059784,0.32206499576568604,-0.09452174603939056,0.30181729793548584,0.25293853878974915,-0.10113930702209473,0.33295702934265137,0.5901362895965576,-0.03333740681409836,0.332735538482666,0.5475085973739624,-0.09715285152196884,0.3671662509441376,0.6292259693145752,-0.11093250662088394,0.3853023052215576,0.6909594535827637,-0.09753789752721786,0.298490047454834,0.6395962834358215,-0.04053044319152832,0.3195093274116516,0.6095864772796631,-0.08864754438400269,0.3522329032421112,0.6709837317466736,-0.08963388949632645,0.3711039423942566,0.7236875295639038,-0.07512018084526062
0.37794291973114014,0.8702896237373352,7.527202683377254e-07,0.4329100549221039,0.8068684339523315,-0.04443801939487457,0.44366833567619324,0.691585898399353,-0.061633724719285965,0.38533860445022583,0.6123786568641663,-0.07786773145198822,0.3258325159549713,0.5786123871803284,-0.09088310599327087,0.43594789505004883,0.5494956970214844,-0.025029627606272697,0.4556494355201721,0.41290390491485596,-0.05441535264253616,0.4664904773235321,0.33001577854156494,-0.07099591195583344,0.46841728687286377,0.26069143414497375,-0.0793810486793518,0.38028383255004883,0.5533057451248169,-0.025667669251561165,0.3446674048900604,0.4073932468891144,-0.06657638400793076,0.3237546384334564,0.321133017539978,-0.09092555195093155,0.30390918254852295,0.2530113160610199,-0.09824684262275696,0.33573639392852783,0.5902509689331055,-0.03126600384712219,0.32984957098960876,0.54298996925354,-0.09452997893095016,0.36316078901290894,0.6230134963989258,-0.10980954021215439,0.381474107503891,0.6846176385879517,-0.09797081351280212,0.30223241448402405,0.640415608882904,-0.039093296974897385,0.32058244943618774,0.6084638237953186,-0.08820144832134247,0.3528822958469391,0.6703295707702637,-0.09088423103094101,0.3719739019870758,0.7241148948669434,-0.07783453911542892
0.3783918023109436,0.8724744319915771,7.563679673694423e-07,0.4331958293914795,0.8073689937591553,-0.041637491434812546,0.4437596797943115,0.6887593269348145,-0.05674833804368973,0.38684916496276855,0.6112157702445984,-0.07128781825304031,0.3268493115901947,0.5810496807098389,-0.08296914398670197,0.4348227381706238,0.5487582683563232,-0.02244289591908455,0.4553583860397339,0.41218578815460205,-0.04929289594292641,0.4665732979774475,0.3303912878036499,-0.06444515287876129,0.4682694673538208,0.26108697056770325,-0.07211670279502869,0.3798452913761139,0.5530523657798767,-0.023298971354961395,0.3447539806365967,0.4101005792617798,-0.06093444302678108,0.32491111755371094,0.32182207703590393,-0.08486242592334747,0.3052377700805664,0.25091931223869324,-0.09288477897644043,0.33554914593696594,0.589894711971283,-0.028708895668387413,0.32893136143684387,0.5474221110343933,-0.0886782705783844,0.36198490858078003,0.6248661875724792,-0.10539522022008896,0.37897789478302,0.6858463883399963,-0.09562107175588608,0.30203595757484436,0.6391800045967102,-0.036145057529211044,0.3220236599445343,0.6146926879882812,-0.08333400636911392,0.3546651303768158,0.6767817735671997,-0.0873413011431694,0.3728503882884979,0.7313016057014465,-0.07584135234355927
0.37973082065582275,0.8730389475822449,7.790179665789765e-07,0.4335560202598572,0.8107311725616455,-0.045425884425640106,0.44474631547927856,0.6984489560127258,-0.06276398152112961,0.3903924524784088,0.6192179918289185,-0.0788428857922554,0.3334750533103943,0.5833507180213928,-0.091537706553936,0.4351707100868225,0.553234875202179,-0.026943249627947807,0.457266628742218,0.4135584831237793,-0.056339189410209656,0.46907514333724976,0.32933688163757324,-0.07249636948108673,0.4711003005504608,0.2608039081096649,-0.0800863578915596,0.38067230582237244,0.5582187175750732,-0.02650209330022335,0.34556856751441956,0.41275501251220703,-0.0665702074766159,0.3266431987285614,0.3252892792224884,-0.09042509645223618,0.3088817000389099,0.2569732964038849,-0.09750808775424957,0.33671969175338745,0.5957866907119751,-0.031054235994815826,0.33337491750717163,0.5542098879814148,-0.09271442890167236,0.3657689690589905,0.6317194700241089,-0.1072375625371933,0.3826237618923187,0.6916199326515198,-0.09499486535787582,0.30414214730262756,0.6454183459281921,-0.03797749802470207,0.3226335644721985,0.6133915185928345,-0.08443539589643478,0.35315608978271484,0.6719753742218018,-0.08555008471012115,0.3696301579475403,0.7240003943443298,-0.07156544923782349
0.3824934959411621,0.8720978498458862,7.749727046757471e-07,0.4376080334186554,0.8100255727767944,-0.04468437656760216,0.4497324824333191,0.6966830492019653,-0.062432218343019485,0.39353829622268677,0.6169902086257935,-0.07906444370746613,0.3345966637134552,0.5814657211303711,-0.09235262870788574,0.43673548102378845,0.5521495342254639,-0.027558105066418648,0.459484726190567,0.4149050712585449,-0.05762312188744545,0.4708593189716339,0.331997275352478,-0.07424984127283096,0.4729677736759186,0.26287153363227844,-0.08244256675243378,0.381296843290329,0.5560028553009033,-0.027782373130321503,0.34579718112945557,0.4112170338630676,-0.0688401535153389,0.32684531807899475,0.32423135638237,-0.09300481528043747,0.30894574522972107,0.2552656829357147,-0.10034800320863724,0.3369767963886261,0.5929802656173706,-0.032822784036397934,0.33200526237487793,0.5528982877731323,-0.09539007395505905,0.3665164113044739,0.6319145560264587,-0.10994280129671097,0.3851471543312073,0.6929996609687805,-0.09781773388385773,0.3044413626194,0.6427930593490601,-0.0401836559176445,0.3235100209712982,0.6139482259750366,-0.08751396089792252,0.35604438185691833,0.6730291843414307,-0.08923067152500153,0.3742581307888031,0.7248696684837341,-0.07575936615467072
0.38028624653816223,0.8745507001876831,7.779553357067925e-07,0.4355710744857788,0.8125216364860535,-0.04431239515542984,0.45066410303115845,0.6948599815368652,-0.06140030175447464,0.39513951539993286,0.6127896308898926,-0.07726585865020752,0.3344539403915405,0.5801891684532166,-0.0897328108549118,0.43531712889671326,0.552947461605072,-0.027209119871258736,0.45844078063964844,0.4144761264324188,-0.05648628994822502,0.4704982042312622,0.3322039544582367,-0.07231496274471283,0.47251325845718384,0.26366567611694336,-0.07992637157440186,0.3800937533378601,0.5568493604660034,-0.02747817151248455,0.3453626036643982,0.41102761030197144,-0.06766930967569351,0.3276146352291107,0.3239135444164276,-0.09117831289768219,0.3097139298915863,0.25503820180892944,-0.09807664901018143,0.33626484870910645,0.5933272242546082,-0.03249687701463699,0.3342571556568146,0.5547090768814087,-0.09411783516407013,0.36925217509269714,0.6329338550567627,-0.10817346721887589,0.3869613707065582,0.6934861540794373,-0.09583849459886551,0.3037394881248474,0.6420153975486755,-0.03986213356256485,0.3263554573059082,0.6162799000740051,-0.08636733144521713,0.3590986132621765,0.6757923364639282,-0.08770495653152466,0.37596645951271057,0.7274338006973267,-0.07409900426864624
0.38091668486595154,0.8749345541000366,7.715952961007133e-07,0.4362051784992218,0.8103832602500916,-0.042310457676649094,0.4471149444580078,0.694150447845459,-0.05901060998439789,0.39013415575027466,0.6168898940086365,-0.07523085176944733,0.3299284875392914,0.5870330929756165,-0.08838080614805222,0.43467316031455994,0.5522170662879944,-0.025731464847922325,0.45754265785217285,0.41503357887268066,-0.05417593941092491,0.46904119849205017,0.3320823609828949,-0.07009100168943405,0.470909059047699,0.2630789279937744,-0.07817931473255157,0.3791326582431793,0.5580742359161377,-0.02718726173043251,0.344928503036499,0.4139246344566345,-0.06643865257501602,0.3263458013534546,0.32594460248947144,-0.09012841433286667,0.3082370460033417,0.25660499930381775,-0.09798138588666916,0.33479321002960205,0.5969335436820984,-0.03314890339970589,0.33318501710891724,0.5522367358207703,-0.09410789608955383,0.3679758608341217,0.6294170022010803,-0.10828309506177902,0.38533926010131836,0.6911501884460449,-0.09659983962774277,0.3022129535675049,0.6483070254325867,-0.04124319553375244,0.3243013918399811,0.6166778206825256,-0.08793745934963226,0.3579113781452179,0.675685703754425,-0.08932226151227951,0.37591201066970825,0.729580819606781,-0.075968436896801
0.38043004274368286,0.8754445314407349,7.96046037976339e-07,0.4358782172203064,0.8123773336410522,-0.0430636964738369,0.4471348822116852,0.6967957019805908,-0.06026950851082802,0.38925662636756897,0.6193729043006897,-0.07690417766571045,0.32858046889305115,0.5876122713088989,-0.09044349193572998,0.43551650643348694,0.5529335737228394,-0.026326129212975502,0.4578058123588562,0.4160160422325134,-0.055823639035224915,0.46953654289245605,0.3328067660331726,-0.0723625123500824,0.47195667028427124,0.2638063132762909,-0.08071990311145782,0.3796847462654114,0.5592122077941895,-0.027829140424728394,0.34461072087287903,0.4126428961753845,-0.06864190101623535,0.3257206380367279,0.32377636432647705,-0.09303901344537735,0.3081476092338562,0.2537873089313507,-0.10091306269168854,0.33508291840553284,0.5986593961715698,-0.033928144723176956,0.33210277557373047,0.5525027513504028,-0.09688682109117508,0.36665210127830505,0.6317422389984131,-0.11122546344995499,0.384840726852417,0.6941614151000977,-0.09899818897247314,0.3021789491176605,0.6504867672920227,-0.04213413596153259,0.32321101427078247,0.6189122796058655,-0.09081879258155823,0.35651251673698425,0.6798483729362488,-0.0925549790263176,0.3751657009124756,0.7337524890899658,-0.07894675433635712
0.3778303563594818,0.874151349067688,7.715316314715892e-07,0.4318220615386963,0.8114768862724304,-0.04803464561700821,0.44559329748153687,0.6992814540863037,-0.06659164279699326,0.3865848779678345,0.6193525791168213,-0.08349630236625671,0.3245610296726227,0.5846475958824158,-0.09697102010250092,0.434551477432251,0.5533123016357422,-0.025408854708075523,0.4567429721355438,0.416511207818985,-0.05551096051931381,0.46785885095596313,0.3339863419532776,-0.07335810363292694,0.4705248773097992,0.26553478837013245,-0.08289212733507156,0.3790905177593231,0.5579448938369751,-0.024494320154190063,0.3450942933559418,0.4163491725921631,-0.06515005975961685,0.3261687755584717,0.329594224691391,-0.09103657305240631,0.3088665306568146,0.2591605484485626,-0.1002148687839508,0.335147887468338,0.5970014333724976,-0.0290423221886158,0.3264390528202057,0.5521078705787659,-0.09247389435768127,0.359482079744339,0.6290044188499451,-0.10829108208417892,0.3775835931301117,0.6874946355819702,-0.09717272222042084,0.3029525578022003,0.6500023007392883,-0.03607620671391487,0.3146243691444397,0.6135284304618835,-0.08550799638032913,0.34564390778541565,0.6709915399551392,-0.08800102025270462,0.3637525737285614,0.722824215888977,-0.07488512992858887
0.37838760018348694,0.8717626929283142,7.467190812349145e-07,0.43157288432121277,0.8088512420654297,-0.04717700555920601,0.4439108371734619,0.6982811093330383,-0.06538675725460052,0.38510507345199585,0.6200271844863892,-0.08205822855234146,0.32429039478302,0.5841882824897766,-0.09556375443935394,0.434547483921051,0.5537816286087036,-0.02600184641778469,0.45685112476348877,0.41636213660240173,-0.05602752044796944,0.46765387058258057,0.33336544036865234,-0.07378999888896942,0.47018206119537354,0.2641665041446686,-0.08327677100896835,0.37932223081588745,0.5582432150840759,-0.024966362863779068,0.34579625725746155,0.4205135703086853,-0.06510698795318604,0.3259925842285156,0.3359086215496063,-0.0906619280576706,0.308322012424469,0.26638150215148926,-0.09982454776763916,0.33505284786224365,0.5963623523712158,-0.029226776212453842,0.3252004384994507,0.5541288256645203,-0.09153493493795395,0.3569589853286743,0.631521999835968,-0.10703103244304657,0.37453708052635193,0.6899937987327576,-0.09609849750995636,0.3027821183204651,0.64864581823349,-0.035956982523202896,0.31205737590789795,0.6141234040260315,-0.08476538211107254,0.34233903884887695,0.671607494354248,-0.08724463731050491,0.36045658588409424,0.7236581444740295,-0.07418536394834518
0.378451943397522,0.8709763884544373,7.558360834991618e-07,0.4317207932472229,0.809182345867157,-0.04687325283885002,0.444218248128891,0.6965233087539673,-0.06493742018938065,0.38590025901794434,0.618711531162262,-0.08141201734542847,0.3248632550239563,0.5844606757164001,-0.09470340609550476,0.43425533175468445,0.5540887117385864,-0.02648964896798134,0.4568052291870117,0.4164654612541199,-0.05602024123072624,0.46806615591049194,0.33393779397010803,-0.07326611876487732,0.47093406319618225,0.2648712694644928,-0.08247052133083344,0.3791552782058716,0.5589613318443298,-0.02555162087082863,0.34515419602394104,0.41983044147491455,-0.06533648073673248,0.3257825970649719,0.3348350524902344,-0.09053298830986023,0.30829596519470215,0.2647601366043091,-0.09949465841054916,0.3352697491645813,0.5968906283378601,-0.029748061671853065,0.3266870081424713,0.5527666807174683,-0.09198371320962906,0.3592754304409027,0.6304888129234314,-0.10729990899562836,0.37698861956596375,0.689570963382721,-0.09632765501737595,0.3037072718143463,0.6483111381530762,-0.03635971248149872,0.3164448142051697,0.615020215511322,-0.0855487734079361,0.34746235609054565,0.6739406585693359,-0.08820433914661407,0.36525583267211914,0.7266629338264465,-0.07529442012310028
0.3817217946052551,0.8708498477935791,7.939889314911852e-07,0.43514952063560486,0.808555006980896,-0.044200606644153595,0.4459892511367798,0.6944488286972046,-0.061357345432043076,0.38889142870903015,0.6193799376487732,-0.07759477943181992,0.33020922541618347,0.5848550796508789,-0.09069909155368805,0.4340219795703888,0.5533647537231445,-0.02645423449575901,0.45700156688690186,0.41521722078323364,-0.05628940463066101,0.46905532479286194,0.33273059129714966,-0.07262352854013443,0.47178271412849426,0.2642274498939514,-0.08042778074741364,0.3793798089027405,0.5605326294898987,-0.026807280257344246,0.34431183338165283,0.4152812063694,-0.06778472661972046,0.32456570863723755,0.32844534516334534,-0.09211748093366623,0.3056764602661133,0.25998902320861816,-0.09929266571998596,0.33585360646247864,0.5991091728210449,-0.03202296048402786,0.3292025327682495,0.559453547000885,-0.09533470869064331,0.3641951382160187,0.637700617313385,-0.11075925081968307,0.3838062584400177,0.6978899836540222,-0.09879671782255173,0.30381184816360474,0.6492787599563599,-0.03936026990413666,0.3212004601955414,0.6223058700561523,-0.08830942958593369,0.3541858494281769,0.6825954914093018,-0.09063413739204407,0.3734385371208191,0.7348775863647461,-0.07711555063724518
0.377719521522522,0.8773334622383118,7.826116643627756e-07,0.432156503200531,0.8158693313598633,-0.045032013207674026,0.4451235830783844,0.6977512240409851,-0.062067337334156036,0.3922829031944275,0.6148824691772461,-0.07778527587652206,0.33181294798851013,0.5828592777252197,-0.09023702889680862,0.43398696184158325,0.5557301044464111,-0.026978379115462303,0.45574063062667847,0.4172358512878418,-0.056313879787921906,0.46835047006607056,0.3346307575702667,-0.07251153886318207,0.4709983468055725,0.26643550395965576,-0.08032402396202087,0.37912723422050476,0.561072587966919,-0.02706184796988964,0.34483006596565247,0.4153556823730469,-0.06739886105060577,0.32636332511901855,0.32790040969848633,-0.09116488695144653,0.3076483905315399,0.25938063859939575,-0.09806907176971436,0.33519819378852844,0.5995374917984009,-0.03202419728040695,0.3334248960018158,0.5580039024353027,-0.09455850720405579,0.36789876222610474,0.6358194947242737,-0.10874176770448685,0.3853306472301483,0.6962713003158569,-0.09605205804109573,0.30287066102027893,0.649939239025116,-0.03928753361105919,0.3241354823112488,0.6191827654838562,-0.08682366460561752,0.3559548258781433,0.6793652176856995,-0.08782108873128891,0.37237676978111267,0.7322218418121338,-0.0736699253320694
0.37595033645629883,0.8788760900497437,7.459740913873247e-07,0.43044018745422363,0.8166230320930481,-0.044686563313007355,0.4440258741378784,0.6985528469085693,-0.06111736595630646,0.392759770154953,0.6139981746673584,-0.07640857249498367,0.3323887884616852,0.5809998512268066,-0.08848094940185547,0.4346563518047333,0.5549827814102173,-0.025171414017677307,0.456319659948349,0.4162372946739197,-0.05375403165817261,0.46837103366851807,0.3333272933959961,-0.06966263800859451,0.4707562029361725,0.26485827565193176,-0.07758205384016037,0.3804429769515991,0.5599169135093689,-0.025089247152209282,0.34649211168289185,0.4165019690990448,-0.06504033505916595,0.32755768299102783,0.33101314306259155,-0.08870731294155121,0.3087693452835083,0.2642791271209717,-0.09565082937479019,0.3363726735115051,0.5977640151977539,-0.030015716329216957,0.33318138122558594,0.5585095882415771,-0.09146670252084732,0.36639589071273804,0.6371873617172241,-0.1054181456565857,0.3834896683692932,0.6971315741539001,-0.0930664986371994,0.3037410080432892,0.647606611251831,-0.03743034601211548,0.3221955895423889,0.6202530264854431,-0.08435511589050293,0.35210317373275757,0.6817437410354614,-0.08582299202680588,0.3681402802467346,0.734197735786438,-0.07228634506464005
0.379404217004776,0.8737169504165649,7.26135624518065e-07,0.4336356520652771,0.8084147572517395,-0.043862804770469666,0.4450473189353943,0.6951654553413391,-0.060223329812288284,0.3884405493736267,0.6180607676506042,-0.07581047713756561,0.3287581205368042,0.5840747356414795,-0.08809646964073181,0.43461164832115173,0.5512551665306091,-0.02226429060101509,0.45583418011665344,0.4148511588573456,-0.049817051738500595,0.46659567952156067,0.33264562487602234,-0.06556135416030884,0.46881014108657837,0.2647455036640167,-0.0739208534359932,0.3806235194206238,0.5566561222076416,-0.022976119071245193,0.34575629234313965,0.4153234362602234,-0.06173820048570633,0.3270309567451477,0.3306710124015808,-0.08573929965496063,0.3099675178527832,0.26410111784935,-0.093846894800663,0.3371293842792511,0.5958006381988525,-0.02885366603732109,0.3310680389404297,0.5500441193580627,-0.09026967734098434,0.3628365397453308,0.6273321509361267,-0.10514543950557709,0.3792478144168854,0.6860039234161377,-0.09395329654216766,0.3050305247306824,0.6486740112304688,-0.03694939240813255,0.31886327266693115,0.6115099191665649,-0.08467932790517807,0.34918028116226196,0.6706711649894714,-0.08672261983156204,0.36631566286087036,0.7232436537742615,-0.07379662245512009
0.3807193338871002,0.8718293905258179,7.523521503571828e-07,0.43351462483406067,0.807977557182312,-0.04524732381105423,0.4446866810321808,0.6960601210594177,-0.06196123734116554,0.38787147402763367,0.6191689968109131,-0.07749097794294357,0.3293246030807495,0.5842735767364502,-0.08974897861480713,0.4349135160446167,0.5518932342529297,-0.023483438417315483,0.45661330223083496,0.41544830799102783,-0.05147724971175194,0.467591792345047,0.3331371247768402,-0.06744229048490524,0.4705578088760376,0.26537370681762695,-0.07547968626022339,0.38070622086524963,0.5579283237457275,-0.023009205237030983,0.3466666340827942,0.4169774651527405,-0.061525192111730576,0.3279672861099243,0.3312504291534424,-0.0854748785495758,0.3116411864757538,0.26394933462142944,-0.09325337409973145,0.3376641273498535,0.59727942943573,-0.027760948985815048,0.3312450349330902,0.5540624856948853,-0.08948393166065216,0.363925576210022,0.631046712398529,-0.1053265929222107,0.38213691115379333,0.6909047365188599,-0.0942862406373024,0.30633434653282166,0.6497535705566406,-0.03470395505428314,0.32043784856796265,0.6148256063461304,-0.08325415104627609,0.35165950655937195,0.6738360524177551,-0.085981085896492,0.37002888321876526,0.7269326448440552,-0.07297050952911377
0.3766147494316101,0.8746471405029297,7.64578601319954e-07,0.4339216947555542,0.8147780895233154,-0.0457548089325428,0.4489651024341583,0.700640857219696,-0.06363651156425476,0.3929496705532074,0.619572103023529,-0.08023630827665329,0.3329249620437622,0.5843210220336914,-0.09355161339044571,0.4357093870639801,0.5552511215209961,-0.02827265113592148,0.45806804299354553,0.41776007413864136,-0.057463373988866806,0.46858853101730347,0.33498021960258484,-0.07371821999549866,0.4703100025653839,0.2663387954235077,-0.08185980468988419,0.3796936571598053,0.5609436631202698,-0.02795739844441414,0.3465285003185272,0.41844165325164795,-0.06809636205434799,0.3281373381614685,0.3309946060180664,-0.0921068862080574,0.3107178807258606,0.2630607783794403,-0.09984730929136276,0.3345724642276764,0.5989066958427429,-0.03253130614757538,0.3331945240497589,0.5554419159889221,-0.09489133954048157,0.3690173923969269,0.6331369280815125,-0.10932046175003052,0.3875370919704437,0.6958640217781067,-0.09734228253364563,0.30064764618873596,0.6490574479103088,-0.0394383929669857,0.3226419687271118,0.6154618263244629,-0.08757568150758743,0.3569123446941376,0.6729552149772644,-0.08932781964540482,0.37503284215927124,0.7264485359191895,-0.07583330571651459
0.38527509570121765,0.8651725053787231,7.066180387482746e-07,0.43755948543548584,0.8068519830703735,-0.04152829945087433,0.44768857955932617,0.698656439781189,-0.056780505925416946,0.39660489559173584,0.6235689520835876,-0.07135940343141556,0.3401869237422943,0.5904750823974609,-0.08266092091798782,0.4392743408679962,0.5628638863563538,-0.02144584432244301,0.45930206775665283,0.43448466062545776,-0.047074608504772186,0.4695177674293518,0.35785794258117676,-0.06143878772854805,0.4719681143760681,0.29462820291519165,-0.06886317580938339,0.3877696990966797,0.5676776170730591,-0.021469036117196083,0.3524681627750397,0.43284091353416443,-0.057735517621040344,0.3359016478061676,0.3503269553184509,-0.08007863163948059,0.3208910822868347,0.28599685430526733,-0.08756355196237564,0.34674888849258423,0.6037359237670898,-0.02627231925725937,0.34125542640686035,0.5630642175674438,-0.08328396826982498,0.3749563992023468,0.6349769234657288,-0.09754030406475067,0.3926059901714325,0.6913651823997498,-0.08748399466276169,0.3176828622817993,0.6513716578483582,-0.033327095210552216,0.33628129959106445,0.6256835460662842,-0.0777389407157898,0.36658158898353577,0.6804505586624146,-0.08093199878931046,0.38285622000694275,0.7288450002670288,-0.06997077167034149
0.3796141743659973,0.8348387479782104,6.058137387299212e-07,0.4263991713523865,0.7757891416549683,-0.032818738371133804,0.4352838397026062,0.689847469329834,-0.046732716262340546,0.3955094516277313,0.6289780735969543,-0.060850515961647034,0.3508068323135376,0.5966680645942688,-0.07211767882108688,0.4293400049209595,0.5729919075965881,-0.018226392567157745,0.4477468729019165,0.4634210467338562,-0.0413399413228035,0.45787253975868225,0.398937851190567,-0.05456038564443588,0.46099036931991577,0.34477585554122925,-0.0612088218331337,0.38442718982696533,0.5757224559783936,-0.02001621201634407,0.355935275554657,0.45639997720718384,-0.05091714486479759,0.3417942523956299,0.38589245080947876,-0.06930994242429733,0.3282060921192169,0.3291338086128235,-0.07534869760274887,0.3467785716056824,0.6068750023841858,-0.025686169043183327,0.35019031167030334,0.5745565891265869,-0.07230120152235031,0.37809881567955017,0.6346977353096008,-0.08205437660217285,0.39056333899497986,0.6786032319068909,-0.07227054983377457,0.3189525604248047,0.6492258310317993,-0.03332316502928734,0.3341047167778015,0.6248999834060669,-0.06655965745449066,0.35784628987312317,0.6694784164428711,-0.06530583649873734,0.36962011456489563,0.7090463638305664,-0.053810812532901764
0.382396936416626,0.8313763737678528,6.281738933466841e-07,0.4276719093322754,0.7745189666748047,-0.03227164223790169,0.43461233377456665,0.6893665790557861,-0.04659971594810486,0.3928052484989166,0.6289665699005127,-0.06131145730614662,0.3478309214115143,0.5967352986335754,-0.07339297980070114,0.42796292901039124,0.5734453201293945,-0.019434824585914612,0.4458082318305969,0.4644477963447571,-0.04309217631816864,0.4559962749481201,0.40007728338241577,-0.056823018938302994,0.4597778618335724,0.34566938877105713,-0.06366877257823944,0.38303685188293457,0.5788445472717285,-0.021484745666384697,0.3546447157859802,0.4593983292579651,-0.052824467420578,0.34086647629737854,0.3868700861930847,-0.07173987478017807,0.32779672741889954,0.32926109433174133,-0.07801946252584457,0.3459468483924866,0.6112291812896729,-0.027190769091248512,0.34723982214927673,0.5793129205703735,-0.07461144030094147,0.3765067160129547,0.6377487778663635,-0.08546710759401321,0.390427827835083,0.6827495694160461,-0.07606662809848785,0.3186348080635071,0.6538211703300476,-0.03468213230371475,0.3340935707092285,0.6301316022872925,-0.06952046602964401,0.3603958189487457,0.6731021404266357,-0.06927143782377243,0.3739142119884491,0.7130947709083557,-0.057932909578084946
0.387382835149765,0.8019983768463135,5.960190492260153e-07,0.4310435950756073,0.7451508045196533,-0.029063187539577484,0.43666842579841614,0.6621265411376953,-0.041711609810590744,0.3960033655166626,0.6057940721511841,-0.05510542169213295,0.3543311357498169,0.5753483772277832,-0.06623581796884537,0.43304914236068726,0.5576635599136353,-0.017923690378665924,0.4503931999206543,0.45397859811782837,-0.040919605642557144,0.4591878354549408,0.3910210430622101,-0.05410948395729065,0.4618213176727295,0.3383099138736725,-0.06054640933871269,0.3905954658985138,0.562876284122467,-0.021009599789977074,0.363776832818985,0.446785569190979,-0.051431890577077866,0.3505799472332001,0.3769002854824066,-0.06918103247880936,0.3385245203971863,0.3199327886104584,-0.07505156099796295,0.3553055226802826,0.5929877161979675,-0.027439218014478683,0.3547615706920624,0.5601951479911804,-0.07320019602775574,0.38250285387039185,0.6181788444519043,-0.08234546333551407,0.39650022983551025,0.6622641682624817,-0.07263784110546112,0.3288801610469818,0.6324838399887085,-0.03548981249332428,0.34108227491378784,0.6042228937149048,-0.06867408752441406,0.36520394682884216,0.6468828320503235,-0.06698539853096008,0.37945476174354553,0.6863088607788086,-0.05545515939593315
0.39147481322288513,0.7982958555221558,5.95360859279026e-07,0.4328925311565399,0.7413085103034973,-0.02834799326956272,0.4356396794319153,0.6592981219291687,-0.04102158173918724,0.3968876600265503,0.6040605902671814,-0.05436858907341957,0.35700419545173645,0.5766734480857849,-0.06538896262645721,0.4313388764858246,0.5572474598884583,-0.018432237207889557,0.44921189546585083,0.4531080424785614,-0.040708400309085846,0.4589404761791229,0.39075490832328796,-0.053392741829156876,0.462407648563385,0.3387932777404785,-0.05938054993748665,0.3898731768131256,0.5634078979492188,-0.021558035165071487,0.36159464716911316,0.44651347398757935,-0.05111164227128029,0.34840184450149536,0.3767550587654114,-0.06851241737604141,0.33644288778305054,0.32106441259384155,-0.07401302456855774,0.3557469844818115,0.5945838689804077,-0.02771884761750698,0.35680830478668213,0.56346595287323,-0.072565957903862,0.38466331362724304,0.6188291311264038,-0.08159937709569931,0.3981951177120209,0.6613383889198303,-0.07171202450990677,0.33111539483070374,0.6349879503250122,-0.035323139280080795,0.3435291349887848,0.60392826795578,-0.0671941414475441,0.36760804057121277,0.6449403166770935,-0.06433768570423126,0.38058802485466003,0.6839314699172974,-0.051938869059085846
0.3897792100906372,0.7933205366134644,5.876729005649395e-07,0.43418189883232117,0.7398055791854858,-0.028168335556983948,0.4403325319290161,0.6570497155189514,-0.03988121822476387,0.40313324332237244,0.5979234576225281,-0.052202288061380386,0.3622947633266449,0.5655288100242615,-0.0623939074575901,0.4380112290382385,0.5558658242225647,-0.017026567831635475,0.4557158946990967,0.4540899395942688,-0.03863179683685303,0.4643479883670807,0.3918326497077942,-0.05146754905581474,0.46830183267593384,0.3393726348876953,-0.05793604254722595,0.39573410153388977,0.5590961575508118,-0.019478105008602142,0.3724841773509979,0.4475458860397339,-0.04784853383898735,0.3599706292152405,0.3782554268836975,-0.0653795674443245,0.3495979905128479,0.3217162787914276,-0.07168034464120865,0.35993629693984985,0.5867071151733398,-0.024938147515058517,0.35870540142059326,0.5541293621063232,-0.06894320994615555,0.38430407643318176,0.6120079755783081,-0.07799563556909561,0.3971373736858368,0.6580585241317749,-0.0688796192407608,0.3328436315059662,0.6250592470169067,-0.03192921355366707,0.34515881538391113,0.5953161120414734,-0.06582625210285187,0.37112927436828613,0.6381290555000305,-0.06479976326227188,0.38715997338294983,0.6803678870201111,-0.05354516953229904
0.3906783163547516,0.7908863425254822,5.807363550047739e-07,0.43424543738365173,0.7378761768341064,-0.02674102783203125,0.44099900126457214,0.6553820967674255,-0.038244690746068954,0.40467941761016846,0.5959125757217407,-0.050685372203588486,0.3636557459831238,0.565905749797821,-0.06130267307162285,0.43563371896743774,0.5530934929847717,-0.01706756092607975,0.45438241958618164,0.4514971375465393,-0.03790392726659775,0.4650251865386963,0.3906915485858917,-0.05025355517864227,0.46965694427490234,0.33907005190849304,-0.05641996115446091,0.3943476974964142,0.5577680468559265,-0.02026023156940937,0.37088674306869507,0.4466169774532318,-0.047693878412246704,0.3584069311618805,0.37780195474624634,-0.06490375846624374,0.3470962345600128,0.32233789563179016,-0.07109735161066055,0.35946962237358093,0.5874024629592896,-0.0262359119951725,0.35974177718162537,0.5560303330421448,-0.06944545358419418,0.3856273889541626,0.6116436123847961,-0.07890258729457855,0.39844605326652527,0.6558616161346436,-0.07011803239583969,0.3338778018951416,0.6279494762420654,-0.03350387513637543,0.34482690691947937,0.5958618521690369,-0.06645524501800537,0.3714550733566284,0.6368986964225769,-0.0650724396109581,0.3881798982620239,0.6790752410888672,-0.053610287606716156
0.3943028748035431,0.7868726849555969,5.387452688410121e-07,0.43900641798973083,0.7355923652648926,-0.024703703820705414,0.44758617877960205,0.6505802273750305,-0.03456521034240723,0.41522565484046936,0.5880874395370483,-0.045641448348760605,0.3747769296169281,0.5598400831222534,-0.05521409958600998,0.4407285153865814,0.5559359192848206,-0.01631229929625988,0.4599708318710327,0.4574867784976959,-0.035876158624887466,0.4692305028438568,0.39808329939842224,-0.046949610114097595,0.47332972288131714,0.3477504253387451,-0.05244267359375954,0.3998633623123169,0.5597758889198303,-0.020058706402778625,0.3771546185016632,0.4491186738014221,-0.047153573483228683,0.3654188811779022,0.3819171190261841,-0.06323608011007309,0.3548194169998169,0.3280332088470459,-0.06860054284334183,0.3650921881198883,0.587469220161438,-0.026275893673300743,0.36762359738349915,0.5566304922103882,-0.0694221556186676,0.39377525448799133,0.6138362884521484,-0.07797654718160629,0.4061538875102997,0.6600221395492554,-0.0687357485294342,0.3386613428592682,0.6248871088027954,-0.033645741641521454,0.3532162606716156,0.5957912802696228,-0.06659511476755142,0.37933769822120667,0.6380332112312317,-0.06504498422145844,0.3950660824775696,0.6806415319442749,-0.053765181452035904
0.3970864415168762,0.7861686944961548,5.68755240237806e-07,0.44012054800987244,0.7339937090873718,-0.024898888543248177,0.44655102491378784,0.6502086520195007,-0.035188429057598114,0.41387784481048584,0.5889461636543274,-0.04649694263935089,0.37497031688690186,0.5598522424697876,-0.05623086541891098,0.4397234320640564,0.5547588467597961,-0.017390144988894463,0.45944979786872864,0.45502984523773193,-0.037039414048194885,0.46961313486099243,0.39538276195526123,-0.04823467507958412,0.47333890199661255,0.34447044134140015,-0.053677961230278015,0.39953476190567017,0.5591254830360413,-0.020601823925971985,0.3769736886024475,0.4491797685623169,-0.047500982880592346,0.3651205897331238,0.38145941495895386,-0.06382520496845245,0.35402125120162964,0.32662367820739746,-0.06934943050146103,0.364982008934021,0.5867885947227478,-0.026119496673345566,0.3698910176753998,0.5581709742546082,-0.06825070083141327,0.3946903645992279,0.6134254336357117,-0.07678526639938354,0.40565890073776245,0.6576791405677795,-0.06762140989303589,0.33906787633895874,0.6243542432785034,-0.03278888761997223,0.35379576683044434,0.5961593985557556,-0.06505336612462997,0.3797391653060913,0.6388937830924988,-0.06322218477725983,0.3951539993286133,0.6825640797615051,-0.05151072144508362
0.40032556653022766,0.7855101227760315,5.241062126515317e-07,0.443896621465683,0.7360387444496155,-0.02371826209127903,0.4554172456264496,0.6553152799606323,-0.03189859166741371,0.42719316482543945,0.5964314341545105,-0.04108574613928795,0.3930618464946747,0.5653861165046692,-0.048616673797369,0.44449084997177124,0.5587394833564758,-0.01447465643286705,0.4647267460823059,0.4635438919067383,-0.03304389864206314,0.47433027625083923,0.40495583415031433,-0.04332493618130684,0.4790579080581665,0.35683709383010864,-0.0478040911257267,0.4045237600803375,0.5624344348907471,-0.017537062987685204,0.3836616575717926,0.454928994178772,-0.0426139198243618,0.3727369010448456,0.3895370364189148,-0.05765528231859207,0.36367300152778625,0.33852308988571167,-0.06226320192217827,0.370859831571579,0.5890219807624817,-0.02313615381717682,0.37621912360191345,0.5614726543426514,-0.063015878200531,0.3998500108718872,0.6143214702606201,-0.0715491846203804,0.41136202216148376,0.6572995185852051,-0.06285947561264038,0.3444511294364929,0.6250902414321899,-0.02990083210170269,0.35862112045288086,0.5990492105484009,-0.05998634919524193,0.3828641474246979,0.6391045451164246,-0.05831034108996391,0.3977290689945221,0.6790730953216553,-0.047161124646663666
0.3998481035232544,0.7867326140403748,4.4780114194509224e-07,0.43452155590057373,0.754144012928009,-0.02465973235666752,0.44794005155563354,0.6923855543136597,-0.034884531050920486,0.4178956151008606,0.6471929550170898,-0.04446163773536682,0.3850390315055847,0.6289830803871155,-0.052278727293014526,0.4431218206882477,0.6124522089958191,-0.017069820314645767,0.4582902193069458,0.5326154232025146,-0.03353825584053993,0.46545174717903137,0.4848397374153137,-0.04281698912382126,0.4696170389652252,0.4460201859474182,-0.04695335403084755,0.40982043743133545,0.6115314364433289,-0.01811036467552185,0.39789319038391113,0.5174180865287781,-0.03872133791446686,0.39139482378959656,0.4608868956565857,-0.050432007759809494,0.38528189063072205,0.41708534955978394,-0.05362033471465111,0.3822669982910156,0.6293930411338806,-0.02182670868933201,0.3870673179626465,0.5932366251945496,-0.05409844592213631,0.3994409143924713,0.6380983591079712,-0.05906511843204498,0.4029081463813782,0.6727932095527649,-0.0504002571105957,0.36012765765190125,0.655634880065918,-0.026846129447221756,0.3695770502090454,0.6178489923477173,-0.04764335975050926,0.38325297832489014,0.6454022526741028,-0.04259820654988289,0.3882865011692047,0.6720453500747681,-0.031788408756256104
0.4032497704029083,0.7901775240898132,4.67753523025749e-07,0.4376397728919983,0.7478009462356567,-0.023628322407603264,0.4457143247127533,0.6833812594413757,-0.033278025686740875,0.4116801917552948,0.6399555802345276,-0.042895108461380005,0.37906041741371155,0.6215018630027771,-0.0508296824991703,0.44222766160964966,0.6107449531555176,-0.015156550332903862,0.4576486051082611,0.5307894945144653,-0.03240656480193138,0.4640510082244873,0.482499361038208,-0.04201006889343262,0.46739462018013,0.4434596002101898,-0.04619661718606949,0.4093300700187683,0.6119740009307861,-0.017357202246785164,0.39465072751045227,0.5143775343894958,-0.039544135332107544,0.3874286711215973,0.45670247077941895,-0.051907241344451904,0.38112929463386536,0.41187143325805664,-0.055233508348464966,0.3821762204170227,0.6322823762893677,-0.02232925221323967,0.38629910349845886,0.5942368507385254,-0.05619748309254646,0.400726318359375,0.6402652263641357,-0.06117579713463783,0.4054940938949585,0.6766207218170166,-0.051897983998060226,0.35989391803741455,0.6596161127090454,-0.0285321194678545,0.36850810050964355,0.6191520690917969,-0.04925862327218056,0.38295993208885193,0.6443479061126709,-0.04352560266852379,0.38803577423095703,0.6700935363769531,-0.03223881497979164
0.40442100167274475,0.7919474244117737,4.7230938093889563e-07,0.43796399235725403,0.7487755417823792,-0.02343747206032276,0.4461115002632141,0.6828777194023132,-0.03313682600855827,0.41126513481140137,0.6391326189041138,-0.04260563477873802,0.3766259551048279,0.6231606602668762,-0.05039139837026596,0.44352060556411743,0.6139074563980103,-0.015491588972508907,0.4578193426132202,0.5316587090492249,-0.032685622572898865,0.4639475345611572,0.48251497745513916,-0.042003147304058075,0.46718865633010864,0.44337722659111023,-0.04582703486084938,0.4095979928970337,0.6149401664733887,-0.01756076142191887,0.394478976726532,0.5156292915344238,-0.03945589438080788,0.3867872655391693,0.45697396993637085,-0.05137312412261963,0.37974733114242554,0.4120514392852783,-0.05418943241238594,0.38126468658447266,0.6341784596443176,-0.022362424060702324,0.3844597637653351,0.595400869846344,-0.05585243180394173,0.39835989475250244,0.6405574083328247,-0.060761697590351105,0.4023243486881256,0.6761895418167114,-0.05128028988838196,0.3578241765499115,0.6601746082305908,-0.028313428163528442,0.3673042356967926,0.6197057962417603,-0.04859938099980354,0.3817685544490814,0.6454465389251709,-0.04259904846549034,0.3860124349594116,0.6711419224739075,-0.031014731153845787
0.40316084027290344,0.7911857962608337,4.693248172316089e-07,0.4369216561317444,0.7484002709388733,-0.022239957004785538,0.4462268054485321,0.6845009922981262,-0.03106147050857544,0.4130023121833801,0.6421316862106323,-0.04007432237267494,0.37905362248420715,0.6265600919723511,-0.04752971976995468,0.44206053018569946,0.6109870076179504,-0.012026146985590458,0.45683377981185913,0.5308289527893066,-0.028013987466692924,0.46317780017852783,0.48222923278808594,-0.037289123982191086,0.46658945083618164,0.4435485005378723,-0.04137343913316727,0.4090172052383423,0.6122236251831055,-0.014344552531838417,0.3942989706993103,0.5160937905311584,-0.034830398857593536,0.38719499111175537,0.4584057629108429,-0.046870775520801544,0.3809063732624054,0.4141266942024231,-0.050368715077638626,0.3815510869026184,0.6318882703781128,-0.019431481137871742,0.38538411259651184,0.5926392674446106,-0.05095747113227844,0.39908257126808167,0.6352653503417969,-0.05600843206048012,0.40318578481674194,0.669723391532898,-0.04754508659243584,0.3585943877696991,0.6581189632415771,-0.025709915906190872,0.367279589176178,0.6183913350105286,-0.044879380613565445,0.380921870470047,0.6429305076599121,-0.03916122391819954,0.3851865828037262,0.6682301163673401,-0.028291651979088783
0.4019591510295868,0.7925021648406982,4.6118768182168424e-07,0.4360058605670929,0.7499963045120239,-0.02321094460785389,0.4452745318412781,0.6848556995391846,-0.03234434872865677,0.41345635056495667,0.639683187007904,-0.04144471138715744,0.3800704777240753,0.6219806671142578,-0.04875057190656662,0.44215983152389526,0.611375093460083,-0.013211213052272797,0.4562298059463501,0.530117392539978,-0.02978949435055256,0.46222245693206787,0.4812370538711548,-0.03907031565904617,0.4651799201965332,0.4423968195915222,-0.04290253296494484,0.4090251326560974,0.6121829748153687,-0.014995604753494263,0.39433541893959045,0.5166120529174805,-0.036349717527627945,0.3866516649723053,0.45897918939590454,-0.04851575195789337,0.3798582851886749,0.4142982065677643,-0.05150448530912399,0.3813340365886688,0.6315122246742249,-0.019636692479252815,0.3871235251426697,0.5959518551826477,-0.05244437977671623,0.4023398756980896,0.6398568153381348,-0.05799197778105736,0.4076765179634094,0.6747762560844421,-0.049161557108163834,0.3584635853767395,0.6581795811653137,-0.025530530139803886,0.37038055062294006,0.6230194568634033,-0.04567712917923927,0.3855765461921692,0.6481172442436218,-0.040707558393478394,0.3908459544181824,0.6728423237800598,-0.029871415346860886
0.4022063612937927,0.7922077178955078,4.555363091185427e-07,0.4361288249492645,0.7499819397926331,-0.023582851514220238,0.44551703333854675,0.6856664419174194,-0.033235497772693634,0.4145583212375641,0.639702320098877,-0.04284821078181267,0.3817698061466217,0.620175838470459,-0.05062735080718994,0.44239240884780884,0.6110008358955383,-0.014090298675000668,0.45685967803001404,0.5297465920448303,-0.030876757577061653,0.4625130891799927,0.48090535402297974,-0.04033554345369339,0.4651442766189575,0.44168412685394287,-0.04442516714334488,0.4092811942100525,0.611834704875946,-0.015978841111063957,0.3946972191333771,0.5162901282310486,-0.03771673142910004,0.3868104815483093,0.45892593264579773,-0.05012371391057968,0.37993866205215454,0.4139760136604309,-0.053413473069667816,0.38161492347717285,0.6313344240188599,-0.020666975528001785,0.387214720249176,0.5948989987373352,-0.05385982617735863,0.40210962295532227,0.6400278806686401,-0.05889900401234627,0.4073895812034607,0.6755401492118835,-0.04978039115667343,0.3588551878929138,0.6582590341567993,-0.026652742177248,0.3695123791694641,0.6214028000831604,-0.04724012315273285,0.3845300078392029,0.6473237872123718,-0.0418328195810318,0.3900650143623352,0.6729861497879028,-0.0306390430778265
0.4046688675880432,0.791606068611145,4.76806320648393e-07,0.43774616718292236,0.7462056875228882,-0.021808231249451637,0.4445112347602844,0.6816977858543396,-0.030557865276932716,0.409088134765625,0.6404738426208496,-0.039480190724134445,0.37409707903862,0.626153826713562,-0.04682008922100067,0.4412117302417755,0.6123673319816589,-0.011519121937453747,0.45629173517227173,0.5318606495857239,-0.02725050039589405,0.4617234468460083,0.4831203520298004,-0.03638333082199097,0.46399152278900146,0.44449594616889954,-0.040537867695093155,0.4080609679222107,0.6138072609901428,-0.013735854998230934,0.3941081464290619,0.519388735294342,-0.034206781536340714,0.38629961013793945,0.4605247974395752,-0.04684169963002205,0.37934592366218567,0.41428184509277344,-0.0509524829685688,0.3805672526359558,0.6336027979850769,-0.018673907965421677,0.38169360160827637,0.5987103581428528,-0.04946139082312584,0.3944050967693329,0.6387972235679626,-0.055192071944475174,0.3987709581851959,0.6708924174308777,-0.047544676810503006,0.3578647971153259,0.6601333618164062,-0.024815941229462624,0.36404237151145935,0.6245430111885071,-0.04358731210231781,0.37687861919403076,0.6479784250259399,-0.03856157511472702,0.3822064995765686,0.6719096302986145,-0.028356116265058517
0.40577298402786255,0.792046070098877,5.067430492999847e-07,0.4385649561882019,0.7462084293365479,-0.02236107364296913,0.4435603618621826,0.6809074878692627,-0.03109125792980194,0.4080127477645874,0.6403253674507141,-0.03994440287351608,0.3731471598148346,0.6255826950073242,-0.04712316021323204,0.4401171803474426,0.6128388047218323,-0.01115502417087555,0.4556599259376526,0.5329214334487915,-0.02771560288965702,0.4618050754070282,0.4839321970939636,-0.03744069114327431,0.4644770622253418,0.4450691342353821,-0.0418064221739769,0.40709954500198364,0.6139254570007324,-0.013204216957092285,0.3923596441745758,0.5184200406074524,-0.03438152000308037,0.38469356298446655,0.45966947078704834,-0.047038085758686066,0.3779219388961792,0.4139132499694824,-0.050784315913915634,0.3795791268348694,0.6336751580238342,-0.01819401979446411,0.38291582465171814,0.5977362990379333,-0.04995410516858101,0.39552658796310425,0.6382778882980347,-0.05572439357638359,0.39924049377441406,0.6708846092224121,-0.04758627340197563,0.35684844851493835,0.6601840853691101,-0.024404622614383698,0.3650236129760742,0.6258451342582703,-0.043869175016880035,0.37839600443840027,0.6489187479019165,-0.03909628465771675,0.3833152949810028,0.6721893548965454,-0.028749490156769753
0.4052748382091522,0.7924303412437439,5.015770057070768e-07,0.4381498396396637,0.7472043633460999,-0.021894456818699837,0.4439426064491272,0.6823000907897949,-0.030640047043561935,0.4087647795677185,0.641444981098175,-0.03968765586614609,0.37424594163894653,0.626068651676178,-0.04708561673760414,0.44058600068092346,0.6125525832176208,-0.01069466583430767,0.45593446493148804,0.5331658124923706,-0.027748258784413338,0.46262019872665405,0.48431986570358276,-0.03787216916680336,0.46599048376083374,0.44595932960510254,-0.04243297129869461,0.40762603282928467,0.6133125424385071,-0.01307933684438467,0.3928290903568268,0.5183890461921692,-0.034790631383657455,0.38545289635658264,0.4601348042488098,-0.04781844839453697,0.379267156124115,0.4146775007247925,-0.05176214128732681,0.38019078969955444,0.6328875422477722,-0.0183905940502882,0.3831067383289337,0.5979230403900146,-0.05040985718369484,0.39599695801734924,0.6393094658851624,-0.05599415674805641,0.4003336727619171,0.672551691532135,-0.04776373878121376,0.3572717308998108,0.659512460231781,-0.02493409812450409,0.3650743365287781,0.6258400678634644,-0.044490016996860504,0.3784588575363159,0.6489285826683044,-0.03953181579709053,0.38378334045410156,0.6721141934394836,-0.029080171138048172
0.4007980525493622,0.7928024530410767,4.819416972168256e-07,0.43372979760169983,0.7498522400856018,-0.022535448893904686,0.4419485926628113,0.6824798583984375,-0.030825577676296234,0.40822190046310425,0.6400295495986938,-0.03906315565109253,0.3726576268672943,0.6261290311813354,-0.04562663659453392,0.43974924087524414,0.6106470823287964,-0.011252117343246937,0.4543437957763672,0.5307749509811401,-0.027117030695080757,0.45972663164138794,0.4822896718978882,-0.03593609109520912,0.4614545404911041,0.44372159242630005,-0.03970347344875336,0.4062632620334625,0.6104934215545654,-0.013261910527944565,0.39143669605255127,0.5152198076248169,-0.03405390679836273,0.3839368522167206,0.45803987979888916,-0.045908864587545395,0.37743163108825684,0.4140266180038452,-0.04868059605360031,0.3785738945007324,0.6300639510154724,-0.01815810613334179,0.3815239667892456,0.5954071283340454,-0.05025774985551834,0.39467132091522217,0.6393589973449707,-0.055723149329423904,0.39873456954956055,0.6739788055419922,-0.04690728336572647,0.35582244396209717,0.6570124626159668,-0.02423454262316227,0.3651849031448364,0.6242160797119141,-0.04420941695570946,0.3794466555118561,0.649779200553894,-0.039321329444646835,0.38435477018356323,0.6742038726806641,-0.02852884866297245
0.40069064497947693,0.7933642864227295,4.405381730521185e-07,0.43379276990890503,0.7511231303215027,-0.023395005613565445,0.44248729944229126,0.6846306920051575,-0.03205982595682144,0.40898367762565613,0.6405693888664246,-0.04063645377755165,0.3742216229438782,0.6245125532150269,-0.04756736010313034,0.4406168758869171,0.6107972264289856,-0.012765981256961823,0.45518550276756287,0.5303089618682861,-0.0287612434476614,0.46024012565612793,0.4817762076854706,-0.03762165084481239,0.4621584713459015,0.4427350163459778,-0.041471950709819794,0.4071108400821686,0.6102909445762634,-0.01463331189006567,0.39197802543640137,0.5156087279319763,-0.03584611043334007,0.3835460841655731,0.45838189125061035,-0.04811903089284897,0.37668225169181824,0.4139694571495056,-0.05139767751097679,0.3793099522590637,0.6290982961654663,-0.01942148618400097,0.3813353180885315,0.5937436819076538,-0.052508458495140076,0.39508575201034546,0.6396227478981018,-0.05852792412042618,0.40003153681755066,0.67560875415802,-0.04994702339172363,0.35646745562553406,0.654897153377533,-0.025447718799114227,0.3634328246116638,0.6170786023139954,-0.04609912261366844,0.3781174421310425,0.6416670083999634,-0.04167856276035309,0.3842986524105072,0.6663890480995178,-0.03121279552578926
0.4007995128631592,0.7908958792686462,4.52434733233531e-07,0.43423956632614136,0.7474948167800903,-0.02073134481906891,0.4417289197444916,0.6816829442977905,-0.02837401255965233,0.408814013004303,0.6396179795265198,-0.03658885881304741,0.37342825531959534,0.6259126663208008,-0.04338023439049721,0.4387061595916748,0.6103658676147461,-0.010041830129921436,0.45333656668663025,0.5290838479995728,-0.02501058019697666,0.4587746262550354,0.47975587844848633,-0.033645566552877426,0.4610827565193176,0.44093823432922363,-0.03755525127053261,0.4056224524974823,0.611591637134552,-0.012857737019658089,0.39059504866600037,0.5160351991653442,-0.03264293819665909,0.3826395571231842,0.45819389820098877,-0.04473870247602463,0.37545087933540344,0.4134737253189087,-0.04858941584825516,0.377545565366745,0.6313796043395996,-0.018349187448620796,0.37940266728401184,0.5924831032752991,-0.04952675476670265,0.3924567699432373,0.6345307230949402,-0.055214688181877136,0.39632105827331543,0.6685802936553955,-0.047355882823467255,0.3538579046726227,0.6577944159507751,-0.024919167160987854,0.360211044549942,0.6188375353813171,-0.04444056749343872,0.374445378780365,0.642768919467926,-0.03974349796772003,0.38026151061058044,0.6682517528533936,-0.02964288741350174
0.4010462164878845,0.790865421295166,4.496648386975721e-07,0.4347447156906128,0.7475208044052124,-0.021041765809059143,0.44138389825820923,0.6812378764152527,-0.028789721429347992,0.40788745880126953,0.6391563415527344,-0.03710922598838806,0.37262609601020813,0.6265007257461548,-0.044066231697797775,0.43892207741737366,0.6118307709693909,-0.01064339280128479,0.4529743790626526,0.5311395525932312,-0.026387466117739677,0.4586172103881836,0.4817705750465393,-0.03553067520260811,0.4615478515625,0.4424505829811096,-0.03968271240592003,0.40623804926872253,0.6124380826950073,-0.013556882739067078,0.3914119303226471,0.5170369148254395,-0.033779628574848175,0.38359448313713074,0.45925039052963257,-0.04588004946708679,0.37706875801086426,0.4144214689731598,-0.04962894320487976,0.3784291446208954,0.6312464475631714,-0.01920672133564949,0.3797810673713684,0.5918333530426025,-0.05069819092750549,0.39247119426727295,0.6346720457077026,-0.05618160963058472,0.39624592661857605,0.669620156288147,-0.04802858829498291,0.35465487837791443,0.6566532254219055,-0.025999078527092934,0.3597310483455658,0.6162291169166565,-0.045301251113414764,0.3737410008907318,0.640000581741333,-0.04019906371831894,0.37952542304992676,0.6659290790557861,-0.0298322606831789
0.39967262744903564,0.7916046977043152,4.7459369056923606e-07,0.4335830807685852,0.7507961988449097,-0.02332398295402527,0.4420992434024811,0.6860718131065369,-0.03234068304300308,0.4093220829963684,0.6422973871231079,-0.041120368987321854,0.3756844401359558,0.6249463558197021,-0.0481259860098362,0.4375680088996887,0.6114415526390076,-0.013505066744983196,0.4533616900444031,0.530936598777771,-0.02949186973273754,0.4584940969944,0.4813762307167053,-0.03855310007929802,0.46023452281951904,0.4419103264808655,-0.04266543313860893,0.4042860269546509,0.6114479899406433,-0.01521615032106638,0.39047905802726746,0.5162250399589539,-0.03613238409161568,0.3826138377189636,0.4580836296081543,-0.04834223911166191,0.3756316304206848,0.41291576623916626,-0.051923718303442,0.3765295743942261,0.6308925747871399,-0.019643371924757957,0.37987565994262695,0.5917613506317139,-0.05205544829368591,0.3928064703941345,0.6358413100242615,-0.057189036160707474,0.39669257402420044,0.6716452240943909,-0.048554688692092896,0.35326191782951355,0.6583411693572998,-0.025275813415646553,0.36148911714553833,0.6205682158470154,-0.046121709048748016,0.3758825659751892,0.6458539962768555,-0.041229307651519775,0.3813619017601013,0.671747088432312,-0.03051094524562359
0.3998226225376129,0.7922394275665283,4.7633980670980236e-07,0.43386152386665344,0.7506883144378662,-0.02326364815235138,0.4421108067035675,0.6856733560562134,-0.03234648331999779,0.4087621569633484,0.6417847871780396,-0.04132141172885895,0.374832421541214,0.6245566606521606,-0.0485333651304245,0.4376271665096283,0.6107320785522461,-0.013252437114715576,0.4534894824028015,0.5302271246910095,-0.029321108013391495,0.4585384130477905,0.48073968291282654,-0.03839520364999771,0.46017986536026,0.44116806983947754,-0.042531438171863556,0.40438607335090637,0.6111022233963013,-0.015181077644228935,0.3902926445007324,0.5157846212387085,-0.0364549420773983,0.38233453035354614,0.4575541317462921,-0.04886806011199951,0.37531518936157227,0.412158727645874,-0.05254494026303291,0.37648674845695496,0.631031334400177,-0.019836796447634697,0.3799416720867157,0.5921323895454407,-0.05274244025349617,0.3934105336666107,0.6371558904647827,-0.05782147869467735,0.39763256907463074,0.6735436320304871,-0.04898098111152649,0.3528938591480255,0.6588125824928284,-0.02568332850933075,0.36139976978302,0.620659589767456,-0.046654801815748215,0.37605020403862,0.6462295055389404,-0.04155302792787552,0.3815729022026062,0.6723899841308594,-0.030646217986941338
0.40093499422073364,0.7942203283309937,4.626982104127819e-07,0.43397557735443115,0.7511618137359619,-0.022763129323720932,0.4399715065956116,0.6860804557800293,-0.031755782663822174,0.4094732701778412,0.641778826713562,-0.04093587026000023,0.3754522502422333,0.6236451864242554,-0.04843081161379814,0.438176691532135,0.6120782494544983,-0.01302230916917324,0.45310863852500916,0.5309656858444214,-0.02926088683307171,0.45858776569366455,0.4819091260433197,-0.038313575088977814,0.4607819616794586,0.4428828954696655,-0.042071036994457245,0.40536463260650635,0.6131808757781982,-0.015102149918675423,0.3899443447589874,0.5168001055717468,-0.03654429689049721,0.3813151717185974,0.45912593603134155,-0.04864794388413429,0.3738282322883606,0.41480422019958496,-0.051644884049892426,0.37719225883483887,0.6329440474510193,-0.01997682824730873,0.3816094994544983,0.5943117141723633,-0.05341771990060806,0.3961748778820038,0.6398005485534668,-0.059039901942014694,0.40092501044273376,0.6760337352752686,-0.050013571977615356,0.35400113463401794,0.6591402888298035,-0.025967299938201904,0.3636804521083832,0.6206967234611511,-0.0468568429350853,0.3791925013065338,0.6458700895309448,-0.04196028783917427,0.38514065742492676,0.671849250793457,-0.030975155532360077
0.39969807863235474,0.7932189702987671,4.592524192048586e-07,0.43221715092658997,0.7487587332725525,-0.02054893784224987,0.4398058354854584,0.6815457344055176,-0.028129909187555313,0.40741899609565735,0.639335036277771,-0.036202408373355865,0.37163740396499634,0.627648115158081,-0.04266968369483948,0.4368039071559906,0.608292818069458,-0.009289272129535675,0.45162898302078247,0.5289021730422974,-0.023825617507100105,0.45670855045318604,0.4803975522518158,-0.03202926367521286,0.45843225717544556,0.44217872619628906,-0.035752300173044205,0.40383321046829224,0.609705924987793,-0.012204833328723907,0.38832807540893555,0.5151470899581909,-0.03192834183573723,0.3795614540576935,0.45805951952934265,-0.04359230399131775,0.3722277879714966,0.4139356315135956,-0.04678424447774887,0.37622225284576416,0.630403459072113,-0.017806652933359146,0.378784716129303,0.5918978452682495,-0.04937154799699783,0.3925260305404663,0.6337227821350098,-0.05549958348274231,0.39708995819091797,0.6680620312690735,-0.047559816390275955,0.353668749332428,0.6584681272506714,-0.02443169616162777,0.36320072412490845,0.6235795021057129,-0.04507431387901306,0.37922433018684387,0.6482641100883484,-0.04153575748205185,0.3862399160861969,0.6737508177757263,-0.031761784106492996
0.3996618092060089,0.7936913967132568,4.4523355313685897e-07,0.43236449360847473,0.7497838139533997,-0.020894862711429596,0.4401176869869232,0.6818044185638428,-0.02837427332997322,0.40718257427215576,0.6384207010269165,-0.036201924085617065,0.37092065811157227,0.6270341873168945,-0.0424589067697525,0.43682730197906494,0.6084088087081909,-0.009938482195138931,0.45144006609916687,0.528721809387207,-0.024656854569911957,0.4566044807434082,0.4801146388053894,-0.032919980585575104,0.45858004689216614,0.44180673360824585,-0.03656692057847977,0.40391552448272705,0.6094661951065063,-0.012704185210168362,0.38797321915626526,0.5151059031486511,-0.03246203809976578,0.37940436601638794,0.4580913484096527,-0.0441417321562767,0.3723281919956207,0.4138699769973755,-0.04730311781167984,0.37624114751815796,0.6298364996910095,-0.01817229762673378,0.3790172338485718,0.5926416516304016,-0.04985645040869713,0.3933018147945404,0.6348369717597961,-0.05609884113073349,0.39795053005218506,0.669346034526825,-0.048120420426130295,0.3535057008266449,0.6572110056877136,-0.02469484880566597,0.36300376057624817,0.6218475699424744,-0.04489786550402641,0.37859833240509033,0.6444071531295776,-0.041255056858062744,0.38475075364112854,0.6678303480148315,-0.03152080625295639
0.39534348249435425,0.7939645648002625,4.322406823575875e-07,0.4302830100059509,0.7505546808242798,-0.020927023142576218,0.4375767707824707,0.6798478960990906,-0.02708832174539566,0.4013778865337372,0.6367921233177185,-0.03341326490044594,0.36339566111564636,0.6266550421714783,-0.038285139948129654,0.4355953633785248,0.6088039875030518,-0.00839004572480917,0.45047271251678467,0.5284585952758789,-0.021753717213869095,0.4549112915992737,0.48010915517807007,-0.02900576777756214,0.45577099919319153,0.44144347310066223,-0.032284677028656006,0.40214067697525024,0.6083770990371704,-0.010390833020210266,0.3870466649532318,0.5164138078689575,-0.029163898900151253,0.3777103126049042,0.4595469832420349,-0.04086751118302345,0.36943289637565613,0.41456758975982666,-0.04449128359556198,0.37410008907318115,0.6275593638420105,-0.015184108167886734,0.37335628271102905,0.5909029245376587,-0.04577616974711418,0.38642120361328125,0.6335832476615906,-0.05280844867229462,0.39078813791275024,0.6674988269805908,-0.045905400067567825,0.35111111402511597,0.6532301902770996,-0.0210434403270483,0.3585303723812103,0.6195756196975708,-0.040605273097753525,0.3721312880516052,0.6409353613853455,-0.03808753564953804,0.3775147497653961,0.6619070768356323,-0.02967473305761814
0.3947669565677643,0.7925267815589905,4.1568529240976204e-07,0.4301449954509735,0.7509334087371826,-0.021298393607139587,0.4379752278327942,0.683077335357666,-0.027946287766098976,0.4037657082080841,0.6393764019012451,-0.03498634696006775,0.36758145689964294,0.625420331954956,-0.04063117876648903,0.43606939911842346,0.6093879342079163,-0.009071800857782364,0.4502861797809601,0.5296251773834229,-0.022747868672013283,0.4551229178905487,0.48124390840530396,-0.030338823795318604,0.4565854072570801,0.4426113963127136,-0.03361114114522934,0.40266725420951843,0.609733521938324,-0.011538085527718067,0.387037992477417,0.5172191262245178,-0.030730009078979492,0.37798842787742615,0.4602249264717102,-0.04269887134432793,0.3699001967906952,0.41540616750717163,-0.04646700620651245,0.37416887283325195,0.6289393901824951,-0.01687510870397091,0.37527644634246826,0.5896536707878113,-0.0485832504928112,0.38896313309669495,0.6345251202583313,-0.05536682903766632,0.39349719882011414,0.6703149080276489,-0.04791416600346565,0.35048142075538635,0.6542390584945679,-0.02331055887043476,0.356823593378067,0.6136684417724609,-0.042820923030376434,0.37000471353530884,0.6295908093452454,-0.039684321731328964,0.37528055906295776,0.6473269462585449,-0.030953895300626755
0.3943047821521759,0.7919078469276428,4.33593243087671e-07,0.4299042224884033,0.7496348023414612,-0.021049339324235916,0.43712902069091797,0.6816945672035217,-0.027932070195674896,0.40341147780418396,0.6381624937057495,-0.03516373783349991,0.367649108171463,0.6243839263916016,-0.04090793430805206,0.4361743628978729,0.609250545501709,-0.009585689753293991,0.450420618057251,0.5295156240463257,-0.02353748120367527,0.45557352900505066,0.48101046681404114,-0.031300097703933716,0.4570397734642029,0.44249388575553894,-0.03473996743559837,0.4026027321815491,0.6095197796821594,-0.011963850818574429,0.3870302438735962,0.5157880783081055,-0.03110550530254841,0.3783293068408966,0.4589015543460846,-0.042590897530317307,0.3704965114593506,0.4145665764808655,-0.04590867832303047,0.37431105971336365,0.62871253490448,-0.017089921981096268,0.37570008635520935,0.5889477729797363,-0.04859016835689545,0.3896084129810333,0.6335983872413635,-0.05490448698401451,0.39429208636283875,0.6694487929344177,-0.04711037874221802,0.35094451904296875,0.6545109152793884,-0.02324795350432396,0.3598358631134033,0.6165412664413452,-0.04350930452346802,0.3746598958969116,0.639999508857727,-0.04012694209814072,0.380609929561615,0.664408266544342,-0.03076266124844551
0.39534494280815125,0.7942425012588501,4.3175435848752386e-07,0.4285891354084015,0.7495935559272766,-0.02074430324137211,0.43534186482429504,0.6788548827171326,-0.027319934219121933,0.4004935324192047,0.6356796026229858,-0.034227799624204636,0.36307400465011597,0.6290109157562256,-0.0397745743393898,0.4338592290878296,0.6099938750267029,-0.008672002702951431,0.4479414224624634,0.530134916305542,-0.022213704884052277,0.4535228908061981,0.4815295338630676,-0.029706180095672607,0.4550558924674988,0.4425780475139618,-0.033159542828798294,0.40081989765167236,0.6105417609214783,-0.011135568842291832,0.3857041299343109,0.5183688998222351,-0.029977504163980484,0.3758544623851776,0.46219104528427124,-0.041615087538957596,0.36623823642730713,0.41817063093185425,-0.04510653391480446,0.3725273013114929,0.6297594904899597,-0.016340631991624832,0.37238749861717224,0.5938658118247986,-0.04748716950416565,0.3858371078968048,0.6364618539810181,-0.05442275479435921,0.39007434248924255,0.6701417565345764,-0.047062549740076065,0.3490765392780304,0.6557278037071228,-0.022521162405610085,0.35744592547416687,0.6184300184249878,-0.041788872331380844,0.37240052223205566,0.6422780156135559,-0.03818194568157196,0.3782182037830353,0.6667256951332092,-0.028863508254289627
0.397360622882843,0.7925233840942383,4.4440997726269416e-07,0.429348886013031,0.749920666217804,-0.021786196157336235,0.4372764825820923,0.6844334602355957,-0.0302753746509552,0.4035406708717346,0.6403602957725525,-0.038898129016160965,0.3677457869052887,0.6245009899139404,-0.045753706246614456,0.43444642424583435,0.6106378436088562,-0.01145204622298479,0.4487606883049011,0.5320225358009338,-0.026525426656007767,0.45347705483436584,0.4844660758972168,-0.03495752066373825,0.45482778549194336,0.44639235734939575,-0.0387578047811985,0.40063244104385376,0.6112509369850159,-0.013685444369912148,0.383247047662735,0.5181260704994202,-0.03377556800842285,0.3746189475059509,0.4624505639076233,-0.0456182137131691,0.36719077825546265,0.4193239212036133,-0.04880194738507271,0.37283483147621155,0.6319215893745422,-0.01855229027569294,0.37440580129623413,0.5986286401748657,-0.05036076158285141,0.39058539271354675,0.641678512096405,-0.05640542134642601,0.3970927894115448,0.6756840348243713,-0.04842406138777733,0.35108286142349243,0.6602616310119629,-0.024518480524420738,0.3595746159553528,0.6301500201225281,-0.045084066689014435,0.37481844425201416,0.6546567678451538,-0.04130098596215248,0.38137921690940857,0.6784714460372925,-0.03141795098781586
0.39414164423942566,0.8022858500480652,4.284561327949632e-07,0.4272095859050751,0.7573108077049255,-0.018896328285336494,0.43309682607650757,0.6919390559196472,-0.02541479840874672,0.4019125699996948,0.6482794880867004,-0.03253570571541786,0.36861544847488403,0.6335657835006714,-0.03834562003612518,0.43134015798568726,0.626488208770752,-0.009905224665999413,0.4455428421497345,0.5483937859535217,-0.02397022396326065,0.45073699951171875,0.501373291015625,-0.03151571750640869,0.4521375000476837,0.4643723666667938,-0.03434038907289505,0.3985639810562134,0.6284541487693787,-0.0123832318931818,0.3815940022468567,0.5390450954437256,-0.03120410442352295,0.372549831867218,0.4855477213859558,-0.042383823543787,0.36418408155441284,0.44449448585510254,-0.04504236578941345,0.3711835741996765,0.6485754251480103,-0.01711699180305004,0.37538719177246094,0.6183034777641296,-0.04673948884010315,0.39195215702056885,0.6586093902587891,-0.05268561840057373,0.3986029624938965,0.6913230419158936,-0.04482317715883255,0.34923428297042847,0.6753640174865723,-0.02267378754913807,0.3598923087120056,0.6458759903907776,-0.04036400467157364,0.37570980191230774,0.6674027442932129,-0.035789504647254944,0.382021427154541,0.6904138922691345,-0.025602588430047035
0.3866657316684723,0.8148573637008667,4.4860649950351217e-07,0.41584035754203796,0.7690945863723755,-0.019407620653510094,0.4205658435821533,0.706667423248291,-0.027515923604369164,0.3852106034755707,0.6680018901824951,-0.03622918203473091,0.3500365912914276,0.6576793789863586,-0.04346710816025734,0.41512852907180786,0.6443232893943787,-0.010749719105660915,0.4296723008155823,0.5668227672576904,-0.02612471580505371,0.43627437949180603,0.5218701362609863,-0.03471123427152634,0.43918994069099426,0.48603925108909607,-0.03827923163771629,0.38299331068992615,0.6467950344085693,-0.01292237639427185,0.36620309948921204,0.5603477954864502,-0.03229604288935661,0.3562251925468445,0.5083240270614624,-0.043822433799505234,0.34687504172325134,0.4680212438106537,-0.047309063374996185,0.35709354281425476,0.6664190292358398,-0.01752868853509426,0.3560446798801422,0.6371155977249146,-0.04686502367258072,0.37257498502731323,0.6730242967605591,-0.05308331176638603,0.38024193048477173,0.7040029168128967,-0.04607754573225975,0.3367323577404022,0.692963182926178,-0.023091357201337814,0.34111541509628296,0.66165691614151,-0.04111294448375702,0.35812994837760925,0.6808810830116272,-0.03747162967920303,0.3680030107498169,0.7043439745903015,-0.02825755998492241
0.38227635622024536,0.8139586448669434,4.3061106680397643e-07,0.4113464653491974,0.7726449966430664,-0.019847683608531952,0.4151609539985657,0.7097451686859131,-0.027646183967590332,0.38352423906326294,0.6700468063354492,-0.03584270924329758,0.34919777512550354,0.658349335193634,-0.04269472509622574,0.41098225116729736,0.6401263475418091,-0.01056869700551033,0.4244350790977478,0.5643683671951294,-0.024907581508159637,0.42932701110839844,0.5201016068458557,-0.03293251246213913,0.43021252751350403,0.4842351973056793,-0.03652864322066307,0.38038432598114014,0.6429551243782043,-0.01225161924958229,0.36329251527786255,0.5611268281936646,-0.03136004880070686,0.3511485755443573,0.5105878710746765,-0.04308110475540161,0.3401133418083191,0.4710741639137268,-0.04660800099372864,0.3558891713619232,0.6637367010116577,-0.016247332096099854,0.3545299172401428,0.6354880332946777,-0.045709043741226196,0.36933085322380066,0.673080325126648,-0.05221935361623764,0.37623894214630127,0.7041545510292053,-0.045409221202135086,0.3370165228843689,0.691727340221405,-0.021128106862306595,0.3425483703613281,0.6668865084648132,-0.04101865366101265,0.3586839437484741,0.6906275749206543,-0.0386538989841938,0.36753320693969727,0.7151877284049988,-0.02981862612068653
0.3823607265949249,0.8149420022964478,4.45572908347458e-07,0.41023901104927063,0.7717114686965942,-0.01875164546072483,0.41251975297927856,0.7084915637969971,-0.02640700340270996,0.3810606002807617,0.6688819527626038,-0.03446578606963158,0.34767284989356995,0.6594085693359375,-0.04097909852862358,0.40683454275131226,0.6395314335823059,-0.010803460143506527,0.4216228127479553,0.5665358304977417,-0.02547028474509716,0.4273117482662201,0.5221977233886719,-0.03372492268681526,0.42932555079460144,0.48716866970062256,-0.03746367245912552,0.3755570352077484,0.641061007976532,-0.01306970976293087,0.35797223448753357,0.5605999231338501,-0.032431237399578094,0.34620189666748047,0.5099571347236633,-0.04391384869813919,0.3355220854282379,0.4708254933357239,-0.04709477722644806,0.35071879625320435,0.6620495915412903,-0.017463672906160355,0.3511815369129181,0.6357759237289429,-0.04608526825904846,0.3682158887386322,0.6715230345726013,-0.05168953165411949,0.376529335975647,0.7019952535629272,-0.044537682086229324,0.3319874703884125,0.691303014755249,-0.022833513095974922,0.34064197540283203,0.6706051826477051,-0.04163322225213051,0.35759833455085754,0.6931193470954895,-0.038784582167863846,0.36695224046707153,0.7156186699867249,-0.029807668179273605
0.3803768455982208,0.8232149481773376,4.6449596879938326e-07,0.40925654768943787,0.78179931640625,-0.019473478198051453,0.4128664433956146,0.7218948006629944,-0.028261356055736542,0.3827194571495056,0.6845788955688477,-0.037457987666130066,0.3490002751350403,0.6738177537918091,-0.04507575184106827,0.40673840045928955,0.6497881412506104,-0.012300771661102772,0.4219313859939575,0.5751343965530396,-0.027714524418115616,0.4279009997844696,0.5302358865737915,-0.03672930598258972,0.4298962950706482,0.4942929744720459,-0.041223108768463135,0.3757881224155426,0.6510964632034302,-0.014864353463053703,0.3583218455314636,0.5682576894760132,-0.03501177206635475,0.34666353464126587,0.5170731544494629,-0.047277092933654785,0.3362008035182953,0.4764319658279419,-0.051388196647167206,0.35099878907203674,0.6724507808685303,-0.01950298808515072,0.35177454352378845,0.6426687240600586,-0.048726506531238556,0.36640819907188416,0.6799166202545166,-0.05363452807068825,0.37261348962783813,0.7111456394195557,-0.046299152076244354,0.331823468208313,0.7022624015808105,-0.025223854929208755,0.33960944414138794,0.6787516474723816,-0.04521315172314644,0.3561744689941406,0.7015239000320435,-0.0420696921646595,0.3652580678462982,0.7245529890060425,-0.03286886587738991
0.3834298253059387,0.8428654074668884,4.593460687374318e-07,0.4096953272819519,0.7991747856140137,-0.020149406045675278,0.4122331738471985,0.7396163940429688,-0.02895905077457428,0.38203123211860657,0.702187180519104,-0.03791065141558647,0.349827378988266,0.689456582069397,-0.04495137557387352,0.4066755473613739,0.6716861724853516,-0.01294758915901184,0.42119038105010986,0.5985885262489319,-0.029518013820052147,0.4287533164024353,0.5545705556869507,-0.03894824907183647,0.4324124753475189,0.5196071863174438,-0.04292191192507744,0.37558040022850037,0.672310471534729,-0.015081376768648624,0.3557382822036743,0.5870326161384583,-0.03540259227156639,0.3448648452758789,0.5353773832321167,-0.046781398355960846,0.33533090353012085,0.49548688530921936,-0.04938412085175514,0.35114824771881104,0.6924963593482971,-0.019630327820777893,0.3538660705089569,0.6701850891113281,-0.04947430640459061,0.3703414797782898,0.7069340348243713,-0.05519625544548035,0.37735065817832947,0.7367485761642456,-0.04744948446750641,0.3333703577518463,0.7204498052597046,-0.025326453149318695,0.3437986373901367,0.7005469799041748,-0.04385173320770264,0.36074814200401306,0.7221124768257141,-0.04045865312218666,0.36911293864250183,0.7434917688369751,-0.031042302027344704
0.37816211581230164,0.8636265397071838,4.389962953155191e-07,0.40609464049339294,0.8207759857177734,-0.016879985108971596,0.41066065430641174,0.7598289251327515,-0.02341781184077263,0.38277602195739746,0.7216805815696716,-0.03089035488665104,0.35121503472328186,0.7115067839622498,-0.03697265312075615,0.4072011709213257,0.6944454908370972,-0.008161102421581745,0.42252296209335327,0.6220260262489319,-0.023317312821745872,0.4305385947227478,0.5779669880867004,-0.03217242285609245,0.43379566073417664,0.543525755405426,-0.03598037734627724,0.3781594932079315,0.6960577964782715,-0.011669253930449486,0.3618796765804291,0.6135002374649048,-0.030514132231473923,0.3524553179740906,0.5626327991485596,-0.04198046028614044,0.34256666898727417,0.5232356786727905,-0.04512779042124748,0.35354435443878174,0.7166556119918823,-0.017486369237303734,0.3558215796947479,0.6946896910667419,-0.04577331990003586,0.3716566562652588,0.7289718389511108,-0.051747098565101624,0.37780120968818665,0.7569375038146973,-0.0448305569589138,0.3337250053882599,0.7449604272842407,-0.024198750033974648,0.3422035574913025,0.7239937782287598,-0.04182149097323418,0.35680946707725525,0.745358407497406,-0.03828231245279312,0.36273640394210815,0.7666749358177185,-0.029211770743131638
0.3493931293487549,0.880764365196228,4.1530725525262824e-07,0.3790866732597351,0.840539276599884,-0.01707240752875805,0.3841402530670166,0.7830010056495667,-0.023695874959230423,0.3580695688724518,0.7486403584480286,-0.03070720285177231,0.3292434513568878,0.7378566265106201,-0.03690578415989876,0.38092926144599915,0.7225313186645508,-0.012209148146212101,0.3958832919597626,0.6516082286834717,-0.026241688057780266,0.4030230641365051,0.6073708534240723,-0.03474138304591179,0.40711164474487305,0.571106493473053,-0.03896450996398926,0.35251057147979736,0.7256779074668884,-0.014256303198635578,0.3391263484954834,0.6497575640678406,-0.031110165640711784,0.33210647106170654,0.602187991142273,-0.04187539964914322,0.3272928297519684,0.563271164894104,-0.04602023586630821,0.3287184238433838,0.7457765340805054,-0.018177011981606483,0.3285660147666931,0.7167913317680359,-0.04431813582777977,0.34195926785469055,0.7465272545814514,-0.05055287480354309,0.3498871624469757,0.7714542746543884,-0.04552363604307175,0.3114752769470215,0.7738176584243774,-0.022836554795503616,0.3176630139350891,0.7479937076568604,-0.04109597206115723,0.3340066075325012,0.7695366740226746,-0.03907584026455879,0.34416690468788147,0.7938823103904724,-0.03155647590756416
0.3203108608722687,0.9061158895492554,3.94775781842327e-07,0.3504340648651123,0.8672870397567749,-0.018260864540934563,0.35862845182418823,0.8112339973449707,-0.024524154141545296,0.33140766620635986,0.7755444049835205,-0.030825553461909294,0.3024560213088989,0.7630585432052612,-0.03590674698352814,0.3543391227722168,0.7525548338890076,-0.010339135304093361,0.36906424164772034,0.684667706489563,-0.024514874443411827,0.3750011920928955,0.6421606540679932,-0.033122021704912186,0.37787970900535583,0.6075621843338013,-0.037254251539707184,0.32504647970199585,0.75083988904953,-0.011705676093697548,0.31085142493247986,0.6747759580612183,-0.028617409989237785,0.3043197691440582,0.627617359161377,-0.039149608463048935,0.2999851405620575,0.5905576348304749,-0.04252135753631592,0.30140620470046997,0.7661872506141663,-0.015389639884233475,0.30091744661331177,0.7427178025245667,-0.041533924639225006,0.3150038719177246,0.7755308151245117,-0.047990333288908005,0.3227216601371765,0.8024917244911194,-0.042510781437158585,0.28449639678001404,0.7894541025161743,-0.020037081092596054,0.2892889976501465,0.7681469321250916,-0.0373879037797451,0.30328047275543213,0.78826904296875,-0.03563449904322624,0.3117506802082062,0.8097847104072571,-0.02828577533364296
0.2932478189468384,0.9241369962692261,3.9280200780922314e-07,0.32129061222076416,0.8800273537635803,-0.014718599617481232,0.32676371932029724,0.8199277520179749,-0.018007174134254456,0.3102288544178009,0.7799193859100342,-0.021145572885870934,0.2859036326408386,0.7657502889633179,-0.023110011592507362,0.319469690322876,0.7626245617866516,-0.0069217560812830925,0.33386465907096863,0.7005272507667542,-0.018928589299321175,0.34199196100234985,0.6592956781387329,-0.028176475316286087,0.34841588139533997,0.6248167753219604,-0.03339848667383194,0.29413166642189026,0.760050892829895,-0.009158557280898094,0.28150659799575806,0.6883022785186768,-0.020650234073400497,0.27911871671676636,0.6400114297866821,-0.0294612105935812,0.2805826663970947,0.6005093455314636,-0.033897142857313156,0.2714957892894745,0.7746594548225403,-0.013820383697748184,0.27597808837890625,0.7436997294425964,-0.03453005850315094,0.2913484573364258,0.7577515244483948,-0.043388690799474716,0.30134809017181396,0.7718959450721741,-0.0434543676674366,0.25463905930519104,0.8000322580337524,-0.019538510590791702,0.2702626585960388,0.7810995578765869,-0.03642378747463226,0.29061928391456604,0.8002225756645203,-0.03842753916978836,0.30373650789260864,0.8248452544212341,-0.035679902881383896
0.23915822803974152,0.8868637084960938,4.7552538262607413e-07,0.2681446671485901,0.8499610424041748,-0.01532946340739727,0.27722975611686707,0.7908543944358826,-0.019809158518910408,0.265450119972229,0.7555890679359436,-0.02302899770438671,0.24232344329357147,0.7448346018791199,-0.028050830587744713,0.27222755551338196,0.7258248925209045,-0.013906643725931644,0.2841588258743286,0.6591638326644897,-0.023091984912753105,0.2900996506214142,0.6113033890724182,-0.031388863921165466,0.293852835893631,0.5755656957626343,-0.03729322925209999,0.2487790882587433,0.7214744687080383,-0.017430204898118973,0.24186888337135315,0.6459713578224182,-0.0248377937823534,0.23708388209342957,0.5947847962379456,-0.03589862585067749,0.23405395448207855,0.5554549694061279,-0.0434577576816082,0.2272656410932541,0.7359393835067749,-0.022252246737480164,0.21896478533744812,0.670934796333313,-0.036994028836488724,0.21888324618339539,0.6217933297157288,-0.05527816340327263,0.21906569600105286,0.5825499296188354,-0.06831342726945877,0.20841223001480103,0.7658094167709351,-0.02752847410738468,0.2210257649421692,0.7462695837020874,-0.045789934694767,0.23647885024547577,0.7644520401954651,-0.05267244204878807,0.24805358052253723,0.7888908982276917,-0.0562443733215332
0.21390292048454285,0.887519359588623,3.63591567520416e-07,0.24454434216022491,0.847619891166687,-0.019151072949171066,0.248756542801857,0.7872514724731445,-0.024276986718177795,0.22066374123096466,0.744964063167572,-0.029049227014183998,0.1920253485441208,0.7299574017524719,-0.0327642597258091,0.24908675253391266,0.7320137023925781,-0.008224588818848133,0.261635422706604,0.6674362421035767,-0.021170316264033318,0.2671026587486267,0.6251334547996521,-0.02951418235898018,0.26960310339927673,0.5917736887931824,-0.03371158987283707,0.22010138630867004,0.7323808670043945,-0.008124250918626785,0.20597822964191437,0.6597383618354797,-0.024169616401195526,0.1948416531085968,0.6129501461982727,-0.03448740020394325,0.1847597062587738,0.5749560594558716,-0.037791669368743896,0.19617295265197754,0.7500372529029846,-0.010493620298802853,0.1878698468208313,0.7241219878196716,-0.03636260703206062,0.20254509150981903,0.757606565952301,-0.04234078526496887,0.212204247713089,0.7843096256256104,-0.036649852991104126,0.17648452520370483,0.7764803171157837,-0.01385832205414772,0.17560632526874542,0.7511976957321167,-0.031753506511449814,0.18891751766204834,0.772897481918335,-0.029925724491477013,0.19858114421367645,0.7945987582206726,-0.022525299340486526
0.19633401930332184,0.8837800025939941,3.302610593891586e-07,0.22395168244838715,0.8396154046058655,-0.014518732205033302,0.22793997824192047,0.784723699092865,-0.019373444840312004,0.20383648574352264,0.7460753917694092,-0.02529585361480713,0.17957541346549988,0.7287784218788147,-0.030394311994314194,0.22818060219287872,0.7280590534210205,-0.004669778048992157,0.2407776415348053,0.6664222478866577,-0.01677113026380539,0.24623256921768188,0.6268552541732788,-0.025074059143662453,0.24890711903572083,0.5946494936943054,-0.02950178273022175,0.20117506384849548,0.7292824983596802,-0.007076489273458719,0.18840445578098297,0.6609342694282532,-0.02271108143031597,0.17849650979042053,0.6170772314071655,-0.03395212069153786,0.16967801749706268,0.579627275466919,-0.03850091993808746,0.17847603559494019,0.7465059757232666,-0.011406916193664074,0.17210426926612854,0.7212477326393127,-0.03597494959831238,0.18634770810604095,0.7525888085365295,-0.04211729019880295,0.1951250582933426,0.7777380347251892,-0.037307776510715485,0.15935203433036804,0.7726569771766663,-0.016443490982055664,0.15795385837554932,0.7439045310020447,-0.033558301627635956,0.17205975949764252,0.7645803689956665,-0.03143056482076645,0.18285851180553436,0.7876991629600525,-0.024010175839066505
0.17169108986854553,0.8947145938873291,4.0413544866169104e-07,0.1968718320131302,0.8431916236877441,-0.01698923483490944,0.19504950940608978,0.7830645442008972,-0.022029558196663857,0.1619630604982376,0.7514192461967468,-0.028039444237947464,0.13376031816005707,0.7416449785232544,-0.033227235078811646,0.20072242617607117,0.7311935424804688,-0.004484377335757017,0.21458490192890167,0.6612294316291809,-0.01803300343453884,0.2200438380241394,0.6153544783592224,-0.026791203767061234,0.22275422513484955,0.5797116160392761,-0.0314900241792202,0.17248059809207916,0.7350245714187622,-0.006043911445885897,0.15758919715881348,0.6613253951072693,-0.02361808530986309,0.1469597965478897,0.6158938407897949,-0.03573402762413025,0.13869737088680267,0.5781322121620178,-0.04033075273036957,0.15006807446479797,0.7538942098617554,-0.010205286554992199,0.13777142763137817,0.7232511639595032,-0.036816637963056564,0.15072205662727356,0.7544288635253906,-0.04437372460961342,0.1608073115348816,0.7772682905197144,-0.03989672660827637,0.1325269341468811,0.7803431153297424,-0.015219055116176605,0.12483569979667664,0.7532031536102295,-0.03364204987883568,0.1353849321603775,0.7751666307449341,-0.03282184526324272,0.14558614790439606,0.7946456670761108,-0.026250822469592094
0.12195207923650742,0.8828819990158081,3.9700694287603255e-07,0.14993955194950104,0.8389426469802856,-0.0146081717684865,0.15262970328330994,0.7799585461616516,-0.019746173173189163,0.12292279303073883,0.7453762292861938,-0.02599877491593361,0.0954970195889473,0.7348595261573792,-0.031437505036592484,0.16107453405857086,0.7218410968780518,-0.006028497591614723,0.1779385358095169,0.6531069278717041,-0.018942872062325478,0.18503282964229584,0.6090508103370667,-0.027000386267900467,0.1884351521730423,0.5743330717086792,-0.0311282891780138,0.13207216560840607,0.723833441734314,-0.009127791970968246,0.12040340155363083,0.6499071717262268,-0.0258120559155941,0.11163752526044846,0.603369951248169,-0.03738010302186012,0.10473044216632843,0.5646029710769653,-0.041794974356889725,0.10773026943206787,0.7419137358665466,-0.014185774140059948,0.10138140618801117,0.7180583477020264,-0.03941722586750984,0.11436475068330765,0.7506139278411865,-0.04649285972118378,0.1230299100279808,0.7750599384307861,-0.04210918769240379,0.08760837465524673,0.7681009769439697,-0.019984839484095573,0.08685515820980072,0.7470540404319763,-0.03752569109201431,0.09816285967826843,0.7709386348724365,-0.03616388514637947,0.10713054239749908,0.7923994660377502,-0.02927560731768608
0.08221595734357834,0.8736153841018677,4.3127917592755693e-07,0.1109604611992836,0.8222640752792358,-0.015548024326562881,0.11178092658519745,0.7594877481460571,-0.020480237901210785,0.08096181601285934,0.7221949100494385,-0.026783475652337074,0.05135286971926689,0.71006840467453,-0.03248212859034538,0.12382389605045319,0.7034397125244141,-0.00462681008502841,0.13687941431999207,0.627255916595459,-0.017825359478592873,0.1429576575756073,0.5797179937362671,-0.026255477219820023,0.14631527662277222,0.5412740111351013,-0.030579302459955215,0.09310830384492874,0.7067875862121582,-0.007462951820343733,0.08044327050447464,0.6296660304069519,-0.02449040673673153,0.0687226727604866,0.5792324542999268,-0.03622240200638771,0.0590093620121479,0.5368704199790955,-0.04089563339948654,0.0657297894358635,0.7268111705780029,-0.012626591138541698,0.058385513722896576,0.6947163343429565,-0.039448533207178116,0.07185540348291397,0.7310380339622498,-0.045593392103910446,0.08125602453947067,0.759576141834259,-0.03976837173104286,0.04191124066710472,0.7550321817398071,-0.018565388396382332,0.04036925360560417,0.7206941246986389,-0.036611784249544144,0.052567530423402786,0.7456705570220947,-0.033563531935214996,0.06209877133369446,0.7707287073135376,-0.02519569732248783
0.07789728045463562,0.866485595703125,4.0091907749228994e-07,0.10700009763240814,0.8141552805900574,-0.01832806132733822,0.10721046477556229,0.7443199157714844,-0.02357690967619419,0.07437567412853241,0.6998482346534729,-0.029361316934227943,0.04314272105693817,0.680647611618042,-0.03373773396015167,0.11392378062009811,0.6772735118865967,-0.007604057900607586,0.1287974715232849,0.5968804359436035,-0.02034648135304451,0.13340440392494202,0.5464475154876709,-0.028271537274122238,0.13342171907424927,0.5070869326591492,-0.03217863291501999,0.07926640659570694,0.6789582967758179,-0.009054465219378471,0.06383451074361801,0.5956912636756897,-0.026005931198596954,0.05215275287628174,0.5431971549987793,-0.037570975720882416,0.04165934771299362,0.500797688961029,-0.041792914271354675,0.050529755651950836,0.69840407371521,-0.01276151742786169,0.041113920509815216,0.6647489666938782,-0.039419326931238174,0.05809392035007477,0.7016669511795044,-0.04619326442480087,0.06857161223888397,0.7330629229545593,-0.04068657010793686,0.02738872915506363,0.7264881730079651,-0.017567003145813942,0.026007868349552155,0.6932045221328735,-0.03597285971045494,0.04160691052675247,0.7132877111434937,-0.03425644338130951,0.05427240580320358,0.7365713715553284,-0.026552077382802963
0.0857483446598053,0.8362733721733093,4.543815634860948e-07,0.1176200732588768,0.775022029876709,-0.018807489424943924,0.11699211597442627,0.7006844878196716,-0.0253339484333992,0.07713410258293152,0.6591693162918091,-0.032805804163217545,0.04046861082315445,0.6471940279006958,-0.03903453052043915,0.12369203567504883,0.635728657245636,-0.00787501223385334,0.13891345262527466,0.5496522784233093,-0.022521639242768288,0.1434299349784851,0.49627426266670227,-0.03204429894685745,0.1433848738670349,0.4536358118057251,-0.03719163313508034,0.08635075390338898,0.6379000544548035,-0.010496692731976509,0.06841477006673813,0.5477085113525391,-0.029401253908872604,0.05436607077717781,0.4900714159011841,-0.042902737855911255,0.04190795496106148,0.44247204065322876,-0.04845796152949333,0.05594435706734657,0.6594408750534058,-0.015398233197629452,0.044502612203359604,0.6224092245101929,-0.043646957725286484,0.06166510283946991,0.6619912981987,-0.0506414920091629,0.07234781235456467,0.6945486068725586,-0.044881369918584824,0.03143240511417389,0.6902892589569092,-0.02146056853234768,0.027576196938753128,0.6571938991546631,-0.04024234786629677,0.042012449353933334,0.6821629405021667,-0.0372089222073555,0.053145356476306915,0.7082874774932861,-0.028396891430020332
0.10596402734518051,0.8046082258224487,5.611963160845335e-07,0.1416233330965042,0.7422741651535034,-0.021695023402571678,0.1407405585050583,0.6608447432518005,-0.028866594657301903,0.09838224202394485,0.6147240996360779,-0.03683491423726082,0.0596347451210022,0.6014993786811829,-0.043321844190359116,0.14650988578796387,0.5884827971458435,-0.009170658886432648,0.16288620233535767,0.49582672119140625,-0.027395278215408325,0.1675841361284256,0.43687182664871216,-0.03847850114107132,0.16847534477710724,0.3899041414260864,-0.04385098069906235,0.10627047717571259,0.5902822017669678,-0.011801444925367832,0.0856965184211731,0.4914519786834717,-0.035239554941654205,0.07009189575910568,0.4286765158176422,-0.05003898963332176,0.05709957703948021,0.37727388739585876,-0.05486774444580078,0.07366520911455154,0.6131555438041687,-0.017257949337363243,0.062021393328905106,0.5775090456008911,-0.051496829837560654,0.08060825616121292,0.6229905486106873,-0.05851330608129501,0.09191429615020752,0.6590484380722046,-0.0501704066991806,0.04703972116112709,0.6457266807556152,-0.023930000141263008,0.04171682521700859,0.6091590523719788,-0.045751336961984634,0.05703626573085785,0.639055609703064,-0.041165534406900406,0.06820325553417206,0.6684370636940002,-0.02985597588121891
0.1125364601612091,0.7729611396789551,6.100779046391835e-07,0.14973849058151245,0.7060736417770386,-0.02693762071430683,0.14967548847198486,0.6190978288650513,-0.035243917256593704,0.1004248559474945,0.5694231390953064,-0.04356749728322029,0.057428836822509766,0.5547268986701965,-0.049926597625017166,0.15527652204036713,0.544655442237854,-0.008822391740977764,0.16969504952430725,0.446625292301178,-0.0282097440212965,0.17285659909248352,0.3844870328903198,-0.0405193530023098,0.17321813106536865,0.334100604057312,-0.0468023456633091,0.11283902078866959,0.5476845502853394,-0.009634815156459808,0.08916381001472473,0.4439900517463684,-0.03472252935171127,0.07418043166399002,0.3768160343170166,-0.050893161445856094,0.06298113614320755,0.3210203945636749,-0.05657917261123657,0.07874853909015656,0.571570634841919,-0.01418980397284031,0.06605400145053864,0.5315245389938354,-0.05241981893777847,0.08481082320213318,0.5802483558654785,-0.06053387373685837,0.09597617387771606,0.618908703327179,-0.051789458841085434,0.049858808517456055,0.6047433614730835,-0.0202674251049757,0.043840471655130386,0.5626255869865417,-0.045542918145656586,0.058153584599494934,0.5969954133033752,-0.041441306471824646,0.06776544451713562,0.6296554803848267,-0.02985267899930477
0.12339543551206589,0.749046266078949,5.813710117763549e-07,0.16193437576293945,0.6824667453765869,-0.02573336288332939,0.16297811269760132,0.5947950482368469,-0.034626591950654984,0.11370957642793655,0.5459705591201782,-0.04413701593875885,0.06939627230167389,0.5302602052688599,-0.05178508162498474,0.16510038077831268,0.5091808438301086,-0.010086074471473694,0.18179519474506378,0.4120146334171295,-0.02878233604133129,0.1871148645877838,0.35095685720443726,-0.0408298596739769,0.18812599778175354,0.3016287684440613,-0.04743665084242821,0.12112626433372498,0.5124799013137817,-0.012645755894482136,0.0980585590004921,0.4054774045944214,-0.03755467012524605,0.08392834663391113,0.33758363127708435,-0.05453050136566162,0.07284906506538391,0.2809230089187622,-0.06118518486618996,0.08628551661968231,0.5394848585128784,-0.018473448231816292,0.07468675076961517,0.4974549412727356,-0.05684622749686241,0.09432854503393173,0.5483695268630981,-0.06568722426891327,0.10631115734577179,0.5890970230102539,-0.05770771577954292,0.05931801348924637,0.5771458148956299,-0.025713562965393066,0.05633627250790596,0.5364522337913513,-0.0524197556078434,0.07426409423351288,0.5687924027442932,-0.04946330189704895,0.08753151446580887,0.6012443900108337,-0.0385039784014225
0.13668766617774963,0.7007467746734619,6.101893177401507e-07,0.17744657397270203,0.6311957836151123,-0.027919702231884003,0.18186084926128387,0.5345342755317688,-0.03600890561938286,0.12730363011360168,0.48106732964515686,-0.0445498488843441,0.0812898725271225,0.46357378363609314,-0.05084546282887459,0.19033177196979523,0.45220664143562317,-0.008723900653421879,0.20393137633800507,0.3447711765766144,-0.027769191190600395,0.20811593532562256,0.2766764461994171,-0.039336081594228745,0.2097170650959015,0.22284123301506042,-0.04507797583937645,0.14365464448928833,0.45632532238960266,-0.011100792326033115,0.11915275454521179,0.3408505320549011,-0.037293922156095505,0.10454156994819641,0.2653788924217224,-0.055047936737537384,0.09321346879005432,0.20327827334403992,-0.061685845255851746,0.1052652969956398,0.4822829067707062,-0.0172561164945364,0.0956612378358841,0.43276602029800415,-0.05952104926109314,0.11763476580381393,0.4909406006336212,-0.06875072419643402,0.12903748452663422,0.5363612174987793,-0.059385981410741806,0.0722522884607315,0.5183393359184265,-0.02481124736368656,0.07035156339406967,0.465050607919693,-0.0535985566675663,0.08953841030597687,0.5027299523353577,-0.049330685287714005,0.10101114213466644,0.5406628847122192,-0.03675668686628342
0.22481589019298553,0.6829897165298462,6.517505539704871e-07,0.2690037786960602,0.6079357266426086,-0.028938962146639824,0.274431049823761,0.5007736682891846,-0.0369090773165226,0.2247418761253357,0.43878939747810364,-0.04602521285414696,0.1740989089012146,0.4230814278125763,-0.0528811477124691,0.27507299184799194,0.3983133137226105,-0.006473592482507229,0.29530152678489685,0.2865549921989441,-0.028993722051382065,0.3064773380756378,0.21630176901817322,-0.04346981272101402,0.3123140037059784,0.15976783633232117,-0.05056647211313248,0.22656160593032837,0.39939260482788086,-0.010355031117796898,0.20293867588043213,0.2741430699825287,-0.03859527036547661,0.18818703293800354,0.1985400766134262,-0.05685613676905632,0.17365586757659912,0.13605988025665283,-0.06194444000720978,0.18707427382469177,0.43084973096847534,-0.018826685845851898,0.183050274848938,0.3941124677658081,-0.063862644135952,0.21047496795654297,0.4581329822540283,-0.0736997202038765,0.22481560707092285,0.5043805837631226,-0.06271326541900635,0.15520451962947845,0.4756917655467987,-0.029130565002560616,0.161569744348526,0.43656426668167114,-0.05733175203204155,0.1857556402683258,0.4760507047176361,-0.05220552906394005,0.199119433760643,0.5111105442047119,-0.03829622641205788
0.2282957136631012,0.6846393346786499,6.177082809699641e-07,0.27241820096969604,0.6114729046821594,-0.029517699033021927,0.2808291018009186,0.5007902979850769,-0.038707029074430466,0.2294936180114746,0.43600618839263916,-0.04921610280871391,0.17570878565311432,0.4181141257286072,-0.057333577424287796,0.27433454990386963,0.3963237702846527,-0.0051024304702878,0.29481616616249084,0.28676727414131165,-0.02805948071181774,0.3059390187263489,0.21975453197956085,-0.04355209693312645,0.3113870918750763,0.1647045612335205,-0.0518663227558136,0.2258777916431427,0.39917272329330444,-0.010236051864922047,0.1996903419494629,0.2728232145309448,-0.040138520300388336,0.18654248118400574,0.19780409336090088,-0.059985287487506866,0.1737283319234848,0.1346079409122467,-0.06672694534063339,0.1862429827451706,0.43198609352111816,-0.020106613636016846,0.18384750187397003,0.388943076133728,-0.0679156705737114,0.21257512271404266,0.45273616909980774,-0.07741217315196991,0.22693045437335968,0.5000723004341125,-0.06632482260465622,0.15334537625312805,0.4774426519870758,-0.03166692331433296,0.1597779095172882,0.4333174228668213,-0.06258273124694824,0.18360748887062073,0.47462964057922363,-0.05654848739504814,0.19515807926654816,0.5124268531799316,-0.04200419411063194
0.24539156258106232,0.6996567249298096,6.365438025568437e-07,0.2925184667110443,0.6243715286254883,-0.03138107433915138,0.3007476031780243,0.5160872340202332,-0.04337625205516815,0.2530996799468994,0.44476956129074097,-0.0558357834815979,0.20331045985221863,0.41934919357299805,-0.0661674439907074,0.29612863063812256,0.41432473063468933,-0.018578380346298218,0.31849777698516846,0.2947344183921814,-0.04630066826939583,0.32916557788848877,0.2188926637172699,-0.06482209265232086,0.3351248800754547,0.1544533669948578,-0.07491391152143478,0.24827894568443298,0.41236740350723267,-0.02229153923690319,0.22819650173187256,0.2816384434700012,-0.053867943584918976,0.21554827690124512,0.19808730483055115,-0.07414186000823975,0.20334123075008392,0.12725535035133362,-0.08203914016485214,0.2091698795557022,0.4396825134754181,-0.029850853607058525,0.20475652813911438,0.39420610666275024,-0.07457642257213593,0.2333558052778244,0.45587384700775146,-0.08121368288993835,0.24798041582107544,0.5057939291000366,-0.0695812925696373,0.17756883800029755,0.4810132384300232,-0.03981581702828407,0.18258622288703918,0.4320613145828247,-0.06831775605678558,0.20945589244365692,0.469120055437088,-0.06114635244011879,0.22544117271900177,0.5085865259170532,-0.04615874961018562
0.2515108287334442,0.697435736656189,6.302907991084794e-07,0.29855671525001526,0.6153422594070435,-0.026496147736907005,0.3014814257621765,0.5053633451461792,-0.03654135763645172,0.2523488998413086,0.43659093976020813,-0.04789997637271881,0.2020135223865509,0.4137086868286133,-0.05725269392132759,0.295695424079895,0.4134930372238159,-0.015062378719449043,0.3173713684082031,0.2938288450241089,-0.03989971801638603,0.3280930519104004,0.21933318674564362,-0.055959057062864304,0.33337315917015076,0.1564599573612213,-0.06449291110038757,0.24849919974803925,0.41458243131637573,-0.02068810723721981,0.22595161199569702,0.28238725662231445,-0.05002541467547417,0.21323809027671814,0.19925858080387115,-0.06851654499769211,0.2008499652147293,0.13072094321250916,-0.07577895373106003,0.20925506949424744,0.4439508318901062,-0.02969389036297798,0.2071378380060196,0.390034019947052,-0.07400087267160416,0.2380068004131317,0.4487445056438446,-0.08163426071405411,0.2537102997303009,0.4994603991508484,-0.07078645378351212,0.17820198833942413,0.4871291518211365,-0.040316496044397354,0.18476706743240356,0.4313397705554962,-0.06907577812671661,0.21315737068653107,0.46662014722824097,-0.06280265748500824,0.22961066663265228,0.5083534121513367,-0.04858556389808655
0.26234355568885803,0.7016668319702148,6.286437610469875e-07,0.31108519434928894,0.6272369623184204,-0.03687838464975357,0.31775525212287903,0.518868625164032,-0.049032263457775116,0.2645552456378937,0.44861021637916565,-0.05982675030827522,0.21139530837535858,0.4277847111225128,-0.06809119135141373,0.323214590549469,0.4172511100769043,-0.020893080160021782,0.3380162715911865,0.29512399435043335,-0.046469710767269135,0.34356817603111267,0.2196708768606186,-0.06268982589244843,0.34520089626312256,0.15630313754081726,-0.07100717723369598,0.2730294466018677,0.4142875671386719,-0.021324463188648224,0.25112754106521606,0.2803623080253601,-0.05067415535449982,0.23765888810157776,0.19719341397285461,-0.06897810101509094,0.2261720597743988,0.12934404611587524,-0.07482699304819107,0.23266075551509857,0.440740704536438,-0.026259200647473335,0.2244708240032196,0.4012349545955658,-0.06994901597499847,0.24962127208709717,0.4613002836704254,-0.07899166643619537,0.2634967267513275,0.5088143348693848,-0.06853228807449341,0.2004762589931488,0.48024091124534607,-0.03391492739319801,0.20112308859825134,0.4370098412036896,-0.060727186501026154,0.2236042022705078,0.473720908164978,-0.05489010363817215,0.23760876059532166,0.5110031366348267,-0.04110568016767502
0.262755811214447,0.6976345181465149,6.155624419079686e-07,0.31202805042266846,0.6237719058990479,-0.03243693336844444,0.31949111819267273,0.5151826739311218,-0.04368805140256882,0.2681492269039154,0.44678205251693726,-0.054630350321531296,0.21570003032684326,0.4246114492416382,-0.06330563127994537,0.3221166729927063,0.41517916321754456,-0.01928037963807583,0.34162265062332153,0.29436033964157104,-0.04293796047568321,0.3490396738052368,0.22040732204914093,-0.057625096291303635,0.3512893617153168,0.1577720046043396,-0.06531545519828796,0.271254301071167,0.41152045130729675,-0.02190183289349079,0.24793322384357452,0.2771933972835541,-0.0505981408059597,0.2350371778011322,0.1947123408317566,-0.06848442554473877,0.2238374501466751,0.1272711455821991,-0.07466109097003937,0.229554682970047,0.43759799003601074,-0.028247833251953125,0.2230762541294098,0.39057713747024536,-0.07179886847734451,0.24661120772361755,0.45335471630096436,-0.0800088420510292,0.25777944922447205,0.5034966468811035,-0.06939641386270523,0.19709867238998413,0.47700491547584534,-0.036759551614522934,0.20137131214141846,0.42849475145339966,-0.06461270898580551,0.2221795916557312,0.46779578924179077,-0.05844954028725624,0.23295332491397858,0.5077759027481079,-0.04435553401708603
0.27100643515586853,0.7010657787322998,6.54498990115826e-07,0.3257715106010437,0.6299987435340881,-0.036526743322610855,0.3366561532020569,0.5233177542686462,-0.04841802269220352,0.28397321701049805,0.4534468352794647,-0.059414781630039215,0.23181912302970886,0.4258139729499817,-0.06770873069763184,0.3341710567474365,0.4188910126686096,-0.017446273937821388,0.3596878945827484,0.299430251121521,-0.040977153927087784,0.37095004320144653,0.22705766558647156,-0.055771354585886,0.3769970238208771,0.1669548749923706,-0.06334393471479416,0.2840721607208252,0.41671404242515564,-0.01794520393013954,0.26522594690322876,0.2833927273750305,-0.0475747287273407,0.25707337260246277,0.2010001540184021,-0.06717231869697571,0.25000476837158203,0.1319613754749298,-0.0741032063961029,0.24419602751731873,0.44339826703071594,-0.023006638512015343,0.24080435931682587,0.401150107383728,-0.06890556961297989,0.264864057302475,0.4653472602367401,-0.07911447435617447,0.27688834071159363,0.5140388011932373,-0.06915119290351868,0.21388846635818481,0.4824448227882385,-0.030434338375926018,0.21846066415309906,0.43664616346359253,-0.060096196830272675,0.24013438820838928,0.4747772216796875,-0.05531003698706627,0.2525162398815155,0.5130605697631836,-0.04192972183227539
0.2709308862686157,0.7003076076507568,6.937986540833663e-07,0.3238551616668701,0.6268743872642517,-0.035413842648267746,0.33389952778816223,0.5194928646087646,-0.04663478955626488,0.27893346548080444,0.451486736536026,-0.0572008416056633,0.22416658699512482,0.4324119985103607,-0.06532664597034454,0.3343656063079834,0.42006534337997437,-0.014884713105857372,0.35940754413604736,0.3001042604446411,-0.036176711320877075,0.3694915175437927,0.22801312804222107,-0.05003165453672409,0.37389832735061646,0.16817182302474976,-0.057328660041093826,0.28428807854652405,0.4178638160228729,-0.015744410455226898,0.2657698690891266,0.2855462431907654,-0.04306523874402046,0.2579691410064697,0.20013496279716492,-0.06231195852160454,0.25053441524505615,0.12997734546661377,-0.0697593092918396,0.24370577931404114,0.44443705677986145,-0.021011613309383392,0.23495112359523773,0.3969237804412842,-0.06332087516784668,0.25632625818252563,0.4557083547115326,-0.07327993959188461,0.2671349346637726,0.5018665790557861,-0.06420916318893433,0.21082372963428497,0.4821555018424988,-0.028641588985919952,0.21089263260364532,0.431031733751297,-0.05507116764783859,0.22710347175598145,0.46522507071495056,-0.04929424077272415,0.23476555943489075,0.4997723400592804,-0.036147840321063995
0.28334739804267883,0.6941977143287659,7.044661742838798e-07,0.33545762300491333,0.6257092952728271,-0.03300270810723305,0.3458881676197052,0.5218309164047241,-0.044797662645578384,0.29751309752464294,0.45566755533218384,-0.05648361146450043,0.247172012925148,0.42531895637512207,-0.06542173027992249,0.3442938029766083,0.4125969707965851,-0.0178225040435791,0.3709010183811188,0.2945013642311096,-0.04074340686202049,0.38392049074172974,0.22272197902202606,-0.05420617759227753,0.3911241888999939,0.16439008712768555,-0.06051796302199364,0.29283276200294495,0.4116290807723999,-0.0200833547860384,0.2718372941017151,0.2792454659938812,-0.0503249354660511,0.26518702507019043,0.19675251841545105,-0.06922830641269684,0.2598186731338501,0.12866827845573425,-0.07488305121660233,0.2509174048900604,0.43870091438293457,-0.026243342086672783,0.256083220243454,0.40126100182533264,-0.07207779586315155,0.2806137800216675,0.4677087962627411,-0.08112148940563202,0.2906881272792816,0.5160294771194458,-0.06980862468481064,0.21970286965370178,0.47738540172576904,-0.03440610691905022,0.23425357043743134,0.44443127512931824,-0.06336382776498795,0.2544206380844116,0.4855719804763794,-0.05781232565641403,0.2623487412929535,0.5222466588020325,-0.0433768667280674
0.2813401222229004,0.6968961954116821,7.057721518322069e-07,0.3352517783641815,0.6298934817314148,-0.03415491059422493,0.3472261428833008,0.5225579738616943,-0.04556513577699661,0.29543206095695496,0.4561670422554016,-0.05636998265981674,0.2420470118522644,0.43275511264801025,-0.06445308029651642,0.34424179792404175,0.414081871509552,-0.017176613211631775,0.3720000982284546,0.2950754761695862,-0.03932017832994461,0.38420677185058594,0.2231157124042511,-0.05289244279265404,0.39090603590011597,0.16409677267074585,-0.05987578257918358,0.2929995656013489,0.41251641511917114,-0.018735328689217567,0.2732897400856018,0.28280264139175415,-0.0478990413248539,0.2655232846736908,0.19932392239570618,-0.06708373129367828,0.2589818239212036,0.1303195357322693,-0.07403723895549774,0.25161799788475037,0.43952125310897827,-0.024296149611473083,0.25081634521484375,0.3984207212924957,-0.06822654604911804,0.27392131090164185,0.4597473442554474,-0.07706374675035477,0.2837418019771576,0.5071756839752197,-0.06696228682994843,0.21934416890144348,0.478071004152298,-0.0320640504360199,0.22898289561271667,0.4398070275783539,-0.06073123961687088,0.24802275002002716,0.48014917969703674,-0.05530959367752075,0.2554734945297241,0.5176323056221008,-0.04168618842959404
0.2874163091182709,0.699390172958374,6.849307965239859e-07,0.3433268666267395,0.6377159953117371,-0.03578351065516472,0.35555917024612427,0.5317133069038391,-0.04774033650755882,0.3087345063686371,0.4601327180862427,-0.058769941329956055,0.2601373791694641,0.42419543862342834,-0.06674513220787048,0.35197126865386963,0.41636180877685547,-0.01819351129233837,0.3788470923900604,0.29543352127075195,-0.040781889110803604,0.3902876675128937,0.22081848978996277,-0.055207137018442154,0.39631006121635437,0.15873447060585022,-0.06315337121486664,0.3007170855998993,0.4144635796546936,-0.01916128769516945,0.2787657082080841,0.28110837936401367,-0.04879814013838768,0.2699393332004547,0.19636380672454834,-0.06831397861242294,0.2634020745754242,0.1252160668373108,-0.07584287226200104,0.2591034173965454,0.4426143169403076,-0.024264510720968246,0.26100993156433105,0.3887593746185303,-0.07041509449481964,0.28341642022132874,0.4559853672981262,-0.07823001593351364,0.2923518121242523,0.5081158876419067,-0.06721629202365875,0.22746610641479492,0.4838195741176605,-0.031663402915000916,0.23927995562553406,0.4413889944553375,-0.06403964757919312,0.2583432197570801,0.4827609658241272,-0.05955227464437485,0.26527562737464905,0.5212717056274414,-0.04604549705982208
0.2981528341770172,0.7003945708274841,6.427989660551248e-07,0.35147225856781006,0.6383620500564575,-0.03165543079376221,0.36541619896888733,0.5312879085540771,-0.04339872673153877,0.3194490075111389,0.46162551641464233,-0.055600348860025406,0.2675151228904724,0.42590072751045227,-0.06522461771965027,0.36020705103874207,0.41421979665756226,-0.015912875533103943,0.3847198486328125,0.2919006943702698,-0.037481293082237244,0.39444270730018616,0.2183997631072998,-0.05103607103228569,0.3996337056159973,0.15626654028892517,-0.05866696685552597,0.3072986602783203,0.415141761302948,-0.019932620227336884,0.2811647057533264,0.27942806482315063,-0.05050898715853691,0.27212584018707275,0.1953967809677124,-0.0701589584350586,0.2660963535308838,0.12360477447509766,-0.07767973840236664,0.26442885398864746,0.44439202547073364,-0.02754788100719452,0.2694966793060303,0.3849511742591858,-0.07556997984647751,0.2946469783782959,0.45662835240364075,-0.08238842338323593,0.30411142110824585,0.5099383592605591,-0.07042355090379715,0.23238679766654968,0.48612919449806213,-0.03692986071109772,0.24811440706253052,0.4394000470638275,-0.07023369520902634,0.2676068842411041,0.4846554100513458,-0.06396631896495819,0.2733196020126343,0.5258933305740356,-0.04914432391524315
0.29655203223228455,0.7022156715393066,6.673926691291854e-07,0.35239171981811523,0.639427900314331,-0.033612869679927826,0.3650107681751251,0.5316011905670166,-0.04577995091676712,0.3167169690132141,0.4620620608329773,-0.057641126215457916,0.263347327709198,0.43147018551826477,-0.06677678227424622,0.35957372188568115,0.41773468255996704,-0.018566669896245003,0.3828470706939697,0.2914653420448303,-0.03872080519795418,0.39274635910987854,0.21834859251976013,-0.051314570009708405,0.39920851588249207,0.15591105818748474,-0.05876513198018074,0.30745288729667664,0.4180459678173065,-0.020669812336564064,0.2826152741909027,0.28259289264678955,-0.049834851175546646,0.2731177806854248,0.19804954528808594,-0.06922908127307892,0.26721057295799255,0.12582319974899292,-0.07798941433429718,0.2641872465610504,0.44626927375793457,-0.026168201118707657,0.26684123277664185,0.37996381521224976,-0.07130985707044601,0.2890247106552124,0.4500001072883606,-0.07700353860855103,0.2963905334472656,0.5058956742286682,-0.06579003483057022,0.23008179664611816,0.48628485202789307,-0.03369612619280815,0.24010387063026428,0.4307340085506439,-0.06533315777778625,0.25886961817741394,0.474470853805542,-0.058915432542562485,0.26402905583381653,0.5175225734710693,-0.04495673626661301
0.3051442801952362,0.7045307159423828,6.770713412151963e-07,0.3582400381565094,0.6387608051300049,-0.03159177303314209,0.37144848704338074,0.5315828323364258,-0.04367179796099663,0.3285411596298218,0.4621085524559021,-0.05570726841688156,0.27978265285491943,0.4265710711479187,-0.06439537554979324,0.3636554181575775,0.4127236604690552,-0.019602427259087563,0.3892665505409241,0.2921145558357239,-0.04043429717421532,0.3998156189918518,0.21806466579437256,-0.053074076771736145,0.40538763999938965,0.1573365330696106,-0.0596490278840065,0.31104934215545654,0.41315409541130066,-0.022807881236076355,0.28587377071380615,0.2779507637023926,-0.050865430384874344,0.2778467833995819,0.19395586848258972,-0.06834627687931061,0.27325573563575745,0.12580248713493347,-0.07415369153022766,0.2691713273525238,0.44291505217552185,-0.02932783216238022,0.2821240723133087,0.39011797308921814,-0.0746498703956604,0.3111453652381897,0.4588641822338104,-0.08229994028806686,0.32241809368133545,0.5139213800430298,-0.07081031054258347,0.24074165523052216,0.48571500182151794,-0.03774050995707512,0.2693936824798584,0.44532302021980286,-0.0702153742313385,0.2987501919269562,0.4893760681152344,-0.0663611888885498,0.3116736114025116,0.5330719947814941,-0.05264248326420784
0.3059649169445038,0.703590452671051,6.51307914267818e-07,0.35926151275634766,0.6421098709106445,-0.036810316145420074,0.37605124711990356,0.5281685590744019,-0.04603638872504234,0.3203161656856537,0.46516990661621094,-0.04971188306808472,0.26298436522483826,0.4350797235965729,-0.053262192755937576,0.37136951088905334,0.40476855635643005,-0.021720735356211662,0.3932199478149414,0.29154300689697266,-0.03154928982257843,0.40143775939941406,0.21947310864925385,-0.04188443720340729,0.40254032611846924,0.15437445044517517,-0.051256708800792694,0.3155457079410553,0.40587329864501953,-0.020823068916797638,0.29576021432876587,0.2723432779312134,-0.03644252568483353,0.2842935621738434,0.19491171836853027,-0.053232964128255844,0.27499616146087646,0.12223124504089355,-0.06277748942375183,0.272239089012146,0.43282070755958557,-0.02276928536593914,0.2651706039905548,0.3193674087524414,-0.05179452523589134,0.27201351523399353,0.24449309706687927,-0.07244272530078888,0.275481253862381,0.17036980390548706,-0.08380501717329025,0.23932048678398132,0.4789065420627594,-0.02659066952764988,0.2646038234233856,0.4227351248264313,-0.05685589462518692,0.2849188446998596,0.4711550176143646,-0.05711258575320244,0.29772308468818665,0.5216009616851807,-0.05287499725818634
0.3154294490814209,0.7111988663673401,6.464213129220298e-07,0.3673490881919861,0.6480013132095337,-0.03692691773176193,0.3834007680416107,0.5247049331665039,-0.045046571642160416,0.3240715265274048,0.45819544792175293,-0.04654650762677193,0.2588154375553131,0.44449755549430847,-0.048345908522605896,0.379817932844162,0.41069290041923523,-0.023877175524830818,0.3992345631122589,0.29466432332992554,-0.03194844722747803,0.40879958868026733,0.22349286079406738,-0.04071210324764252,0.410927414894104,0.15847662091255188,-0.049398306757211685,0.32327356934547424,0.4080052077770233,-0.02329881303012371,0.3067798316478729,0.2765365540981293,-0.0338602289557457,0.29563450813293457,0.20052647590637207,-0.0494757741689682,0.2860707938671112,0.13084110617637634,-0.05945330485701561,0.2782733142375946,0.43096300959587097,-0.025795510038733482,0.26685941219329834,0.31300389766693115,-0.05231116712093353,0.27174246311187744,0.22574162483215332,-0.08065349608659744,0.27417540550231934,0.14226993918418884,-0.09956849366426468,0.2427581548690796,0.4728916883468628,-0.029840463772416115,0.2726565897464752,0.4229101538658142,-0.06006975471973419,0.29634684324264526,0.4712629020214081,-0.06669231504201889,0.3101012110710144,0.5210559368133545,-0.06899042427539825
0.3144381642341614,0.7139365077018738,6.567668719981157e-07,0.3669419288635254,0.6485615372657776,-0.03452977165579796,0.3847431242465973,0.5227918028831482,-0.04049092158675194,0.32156461477279663,0.4591538608074188,-0.04026316478848457,0.25736114382743835,0.4445793628692627,-0.04020513966679573,0.3788854777812958,0.40915289521217346,-0.01751733385026455,0.39924201369285583,0.2919718027114868,-0.02413366362452507,0.40799829363822937,0.22028210759162903,-0.03117057867348194,0.40996354818344116,0.15598061680793762,-0.038345858454704285,0.3214011788368225,0.408520370721817,-0.018128974363207817,0.3045341670513153,0.27650484442710876,-0.029408415779471397,0.2937314808368683,0.19856637716293335,-0.04481777921319008,0.28555089235305786,0.12949392199516296,-0.05349672958254814,0.27695783972740173,0.4322528839111328,-0.022137608379125595,0.2671153247356415,0.30926191806793213,-0.051416538655757904,0.26926714181900024,0.21782194077968597,-0.08220531046390533,0.27041375637054443,0.13007643818855286,-0.10169580578804016,0.24370230734348297,0.4758549928665161,-0.02716524712741375,0.2762468755245209,0.43001341819763184,-0.06024251878261566,0.29842397570610046,0.4826798439025879,-0.06872344762086868,0.31173354387283325,0.5342814326286316,-0.07148893922567368
0.3275912404060364,0.7033177614212036,6.91616776293813e-07,0.37990492582321167,0.6320509314537048,-0.03367798030376434,0.3919290006160736,0.5275803804397583,-0.044640328735113144,0.34087270498275757,0.45939138531684875,-0.05536332726478577,0.2863369584083557,0.43531543016433716,-0.06287664920091629,0.38981395959854126,0.41357508301734924,-0.017955271527171135,0.4125365614891052,0.2887095808982849,-0.04075734689831734,0.421186625957489,0.21427026391029358,-0.05221804603934288,0.4230828881263733,0.15247157216072083,-0.05637948215007782,0.33712393045425415,0.4093693196773529,-0.020274600014090538,0.31644168496131897,0.2717256247997284,-0.0491337887942791,0.30481380224227905,0.18927547335624695,-0.06559532135725021,0.2954198718070984,0.12204945087432861,-0.06901822984218597,0.29262638092041016,0.4334886372089386,-0.02700020559132099,0.296554833650589,0.40341055393218994,-0.07480206340551376,0.3206740915775299,0.4773145020008087,-0.08623700588941574,0.3311333954334259,0.5339667201042175,-0.0748480036854744,0.25684410333633423,0.47002628445625305,-0.03565231338143349,0.2764619290828705,0.4405900835990906,-0.06596603244543076,0.30285128951072693,0.48770609498023987,-0.062307558953762054,0.3145192265510559,0.5320491194725037,-0.048340555280447006
0.32604196667671204,0.7033735513687134,6.958794074307662e-07,0.38050785660743713,0.6339387893676758,-0.03411971032619476,0.3937053680419922,0.5244930982589722,-0.044282738119363785,0.3396274149417877,0.45842817425727844,-0.053570326417684555,0.2838265001773834,0.4438224136829376,-0.0596570186316967,0.38776087760925293,0.41357916593551636,-0.018077529966831207,0.4098052978515625,0.28754469752311707,-0.03862753137946129,0.4186021685600281,0.21356414258480072,-0.04833338409662247,0.42113208770751953,0.1530461609363556,-0.05173521488904953,0.3357584476470947,0.4094502329826355,-0.019434912130236626,0.31537240743637085,0.27377158403396606,-0.046782683581113815,0.30300459265708923,0.1888652741909027,-0.06221884861588478,0.2918384075164795,0.12217932939529419,-0.06553874909877777,0.2908865213394165,0.43222489953041077,-0.02518252283334732,0.29848939180374146,0.3919982314109802,-0.07104822993278503,0.3233896493911743,0.46301379799842834,-0.08233928680419922,0.33277833461761475,0.519517183303833,-0.07166960835456848,0.2539900839328766,0.46780696511268616,-0.03284840285778046,0.27743837237358093,0.4365629553794861,-0.06250380724668503,0.30349278450012207,0.48371621966362,-0.06008211523294449,0.3126031160354614,0.5277248024940491,-0.047479405999183655
0.3406968116760254,0.7074311375617981,6.887452173032216e-07,0.39424145221710205,0.6306643486022949,-0.028867697343230247,0.40781107544898987,0.523415207862854,-0.038361839950084686,0.3553617000579834,0.45944279432296753,-0.048767633736133575,0.3022782504558563,0.4389670193195343,-0.05635545775294304,0.3992629945278168,0.4109998643398285,-0.010246877558529377,0.4239591360092163,0.29278862476348877,-0.031757622957229614,0.4333045482635498,0.2184908539056778,-0.04413260892033577,0.437185674905777,0.15797638893127441,-0.04965079948306084,0.3467596471309662,0.4091830849647522,-0.015027116052806377,0.32680660486221313,0.2746579945087433,-0.044106654822826385,0.3168834447860718,0.1913033127784729,-0.06187708303332329,0.3094121217727661,0.12318593263626099,-0.06646942347288132,0.30340760946273804,0.4347606897354126,-0.023938657715916634,0.3156193792819977,0.3935616612434387,-0.07179468870162964,0.3404083847999573,0.46864068508148193,-0.08205702900886536,0.34943243861198425,0.5267135500907898,-0.0701591819524765,0.26861080527305603,0.47258028388023376,-0.03443612903356552,0.29477667808532715,0.43994978070259094,-0.06537088751792908,0.32073941826820374,0.4875282645225525,-0.061525776982307434,0.33098697662353516,0.5306492447853088,-0.047543395310640335
0.342650443315506,0.7076491117477417,7.111609647836303e-07,0.39595991373062134,0.6340762972831726,-0.03210224211215973,0.4085042178630829,0.5228503346443176,-0.042498666793107986,0.35488542914390564,0.45511263608932495,-0.05265248194336891,0.3005601167678833,0.4376450181007385,-0.05969937890768051,0.4017999768257141,0.41140517592430115,-0.01524399220943451,0.426064133644104,0.29050159454345703,-0.03748851642012596,0.43514806032180786,0.21639811992645264,-0.04946323111653328,0.4374801218509674,0.15592750906944275,-0.054673995822668076,0.34807002544403076,0.4088355302810669,-0.018390720710158348,0.32544195652008057,0.27014943957328796,-0.04914380609989166,0.3151925802230835,0.18679279088974,-0.06683614104986191,0.30619698762893677,0.12065157294273376,-0.07098342478275299,0.30404072999954224,0.43520399928092957,-0.025545142590999603,0.3162801265716553,0.3921075463294983,-0.07449538260698318,0.3411639332771301,0.4651963710784912,-0.08450949937105179,0.3494640588760376,0.5220181941986084,-0.0722474455833435,0.27004939317703247,0.47457244992256165,-0.03437221795320511,0.2971620559692383,0.44320744276046753,-0.06664002686738968,0.3218534588813782,0.4922198951244354,-0.06287512928247452,0.33008915185928345,0.535820722579956,-0.04865756630897522
0.35210365056991577,0.7076320648193359,6.843754931651347e-07,0.4065190553665161,0.6354024410247803,-0.031665436923503876,0.4255613088607788,0.5294351577758789,-0.04304361715912819,0.37493881583213806,0.46028855443000793,-0.05543601140379906,0.31977343559265137,0.4378872513771057,-0.06522385776042938,0.4149223864078522,0.4134594202041626,-0.012325195595622063,0.4378959536552429,0.29358094930648804,-0.035741906613111496,0.44657737016677856,0.2185259312391281,-0.04925694689154625,0.45070526003837585,0.15688744187355042,-0.055864233523607254,0.3636665344238281,0.41349419951438904,-0.01701175607740879,0.34181979298591614,0.2755153775215149,-0.04928012192249298,0.3329686224460602,0.19222226738929749,-0.06896346807479858,0.3263978064060211,0.1228557825088501,-0.07483115792274475,0.3220207393169403,0.44270095229148865,-0.02593628317117691,0.33098724484443665,0.39917030930519104,-0.07719434797763824,0.35535958409309387,0.47403693199157715,-0.08694968372583389,0.36472246050834656,0.5287596583366394,-0.07451493293046951,0.288067102432251,0.483852356672287,-0.03651897981762886,0.31043335795402527,0.44574204087257385,-0.06978984922170639,0.3334255814552307,0.49476131796836853,-0.0645124763250351,0.3409650921821594,0.5369885563850403,-0.0495540089905262
0.35437145829200745,0.7090069055557251,6.753319894414744e-07,0.4076882600784302,0.640403151512146,-0.03345141187310219,0.42487841844558716,0.5297883152961731,-0.04485417902469635,0.37667328119277954,0.45526108145713806,-0.056669868528842926,0.3228083848953247,0.4341335892677307,-0.06558216363191605,0.4135715663433075,0.41312044858932495,-0.013961132615804672,0.43746665120124817,0.29332906007766724,-0.03724653273820877,0.44812339544296265,0.21828816831111908,-0.050363071262836456,0.45170071721076965,0.1568874716758728,-0.0567452646791935,0.36351731419563293,0.41331326961517334,-0.01771356724202633,0.34107211232185364,0.27647989988327026,-0.050998881459236145,0.3307758867740631,0.19358250498771667,-0.07088863849639893,0.3203795254230499,0.127282977104187,-0.07666830718517303,0.32209837436676025,0.4424002170562744,-0.025721967220306396,0.32941505312919617,0.39654606580734253,-0.07746732980012894,0.35480988025665283,0.4708419144153595,-0.0871560201048851,0.3637171983718872,0.5268561244010925,-0.0745035707950592,0.2883486747741699,0.4830397069454193,-0.035577964037656784,0.30908143520355225,0.4411833584308624,-0.06992753595113754,0.33154967427253723,0.4908108711242676,-0.06532836705446243,0.3380090892314911,0.5353426337242126,-0.05060470849275589
0.36985108256340027,0.701178789138794,6.607151590287685e-07,0.42175397276878357,0.6329948306083679,-0.03490127995610237,0.443979948759079,0.5312554836273193,-0.0477505661547184,0.39210087060928345,0.46232378482818604,-0.060709428042173386,0.3390726149082184,0.4364345967769623,-0.07078935950994492,0.4309470057487488,0.41132795810699463,-0.016225511208176613,0.45380929112434387,0.29271769523620605,-0.04041455686092377,0.46225422620773315,0.21683312952518463,-0.05476875975728035,0.4657798707485199,0.15576615929603577,-0.06214740499854088,0.37853410840034485,0.4133795499801636,-0.019548077136278152,0.3545425236225128,0.2800738215446472,-0.05203904211521149,0.3452056646347046,0.1975819170475006,-0.07264842092990875,0.33750051259994507,0.12963125109672546,-0.07972758263349533,0.3381805121898651,0.4443609118461609,-0.027292508631944656,0.3438989520072937,0.40386560559272766,-0.07781200855970383,0.36989226937294006,0.47203314304351807,-0.08839567005634308,0.3810689449310303,0.521561861038208,-0.07733955979347229,0.3061044216156006,0.4871545732021332,-0.03705841675400734,0.32275256514549255,0.44716310501098633,-0.070347361266613,0.3458300530910492,0.48930442333221436,-0.06607608497142792,0.35508450865745544,0.5270301103591919,-0.0521610751748085
0.3706277906894684,0.7022051811218262,6.942929644537799e-07,0.42247021198272705,0.6354155540466309,-0.035492077469825745,0.4415989816188812,0.5251958966255188,-0.04776937887072563,0.3889693319797516,0.4571980834007263,-0.05981701239943504,0.33394116163253784,0.4393751919269562,-0.06882881373167038,0.42992159724235535,0.412058562040329,-0.015936771407723427,0.45220819115638733,0.29153499007225037,-0.03942231088876724,0.46175068616867065,0.2177228033542633,-0.05299942567944527,0.46502485871315,0.15766659379005432,-0.05989160016179085,0.37879326939582825,0.41399094462394714,-0.018858008086681366,0.3531264662742615,0.2799009084701538,-0.05168431997299194,0.34203675389289856,0.19717887043952942,-0.07254413515329361,0.33202528953552246,0.12833592295646667,-0.07940202951431274,0.33827200531959534,0.44443365931510925,-0.026227710768580437,0.34591543674468994,0.4002849757671356,-0.07742025703191757,0.37056589126586914,0.4694547951221466,-0.0886407271027565,0.37927350401878357,0.518581211566925,-0.07754766196012497,0.30725616216659546,0.4855974316596985,-0.03550729900598526,0.32584646344184875,0.4485093951225281,-0.06955841928720474,0.34770509600639343,0.49190977215766907,-0.06608325242996216,0.35491904616355896,0.5287020206451416,-0.05249788984656334
0.3809559643268585,0.706148624420166,6.734054522894439e-07,0.4359924793243408,0.6356685161590576,-0.03286445513367653,0.4529991149902344,0.5291785001754761,-0.04510270804166794,0.40351027250289917,0.4595118463039398,-0.05745430663228035,0.35124731063842773,0.43536683917045593,-0.06683360785245895,0.44634509086608887,0.4164764881134033,-0.016956044360995293,0.46637198328971863,0.29672181606292725,-0.04184553772211075,0.4748266935348511,0.21998022496700287,-0.05736127868294716,0.4784979522228241,0.15738332271575928,-0.06582523137331009,0.39435818791389465,0.4171477258205414,-0.02111015096306801,0.3696821331977844,0.2823259234428406,-0.05355634167790413,0.36033692955970764,0.19706350564956665,-0.07407481968402863,0.35312914848327637,0.125749409198761,-0.08140809834003448,0.35224154591560364,0.4473102390766144,-0.029303506016731262,0.35935890674591064,0.4021683931350708,-0.0783766508102417,0.38656219840049744,0.4697064459323883,-0.0875311940908432,0.3973241448402405,0.5191835761070251,-0.07626616209745407,0.31972813606262207,0.48999959230422974,-0.03962323069572449,0.3432825207710266,0.4556693732738495,-0.07260344177484512,0.3665822446346283,0.5000015497207642,-0.06878560036420822,0.3742491602897644,0.5377615094184875,-0.05553865805268288
0.38419514894485474,0.7067124843597412,6.6967976408705e-07,0.4379088282585144,0.6395821571350098,-0.03257504478096962,0.45533666014671326,0.5310695767402649,-0.044338054955005646,0.4080870449542999,0.4603671431541443,-0.056535206735134125,0.3588685989379883,0.43556949496269226,-0.06524847447872162,0.4458838999271393,0.41377389430999756,-0.0153001444414258,0.46740221977233887,0.29444509744644165,-0.0384816937148571,0.4773438572883606,0.22047695517539978,-0.051810603588819504,0.4802110195159912,0.16109305620193481,-0.0586126409471035,0.393970787525177,0.41514983773231506,-0.019487503916025162,0.36773568391799927,0.2782548666000366,-0.052455514669418335,0.35860517621040344,0.19542300701141357,-0.07251207530498505,0.34973543882369995,0.12822899222373962,-0.07876768708229065,0.35197001695632935,0.44602975249290466,-0.027715547010302544,0.36372846364974976,0.3993820548057556,-0.07815315574407578,0.3929487466812134,0.4697432518005371,-0.08744877576828003,0.4037461280822754,0.5203242897987366,-0.07533156126737595,0.32084551453590393,0.4887005090713501,-0.037874240428209305,0.3480527102947235,0.45280390977859497,-0.07189666479825974,0.3728315234184265,0.49843287467956543,-0.06840678304433823,0.3809675872325897,0.5366004705429077,-0.054797250777482986
0.3959249258041382,0.7035954594612122,6.624006232414104e-07,0.4514358937740326,0.6341625452041626,-0.03285663574934006,0.47491541504859924,0.5308366417884827,-0.04533608257770538,0.4218655824661255,0.4634154736995697,-0.05829748883843422,0.36850258708000183,0.4376966059207916,-0.06853458285331726,0.4625251591205597,0.41897112131118774,-0.014225427992641926,0.48537248373031616,0.2985152006149292,-0.038289107382297516,0.49473464488983154,0.2221667468547821,-0.05347106605768204,0.49990689754486084,0.16018378734588623,-0.06190142780542374,0.41110530495643616,0.42117905616760254,-0.017920522019267082,0.3912859559059143,0.28741729259490967,-0.049009330570697784,0.3829463720321655,0.20249159634113312,-0.06965532898902893,0.37560927867889404,0.13330280780792236,-0.078082375228405,0.3711373507976532,0.4512368440628052,-0.025904161855578423,0.37675076723098755,0.39848780632019043,-0.07375236600637436,0.4024074673652649,0.46161261200904846,-0.08309809118509293,0.4126128554344177,0.511016845703125,-0.07292546331882477,0.3402354419231415,0.49361178278923035,-0.03595350310206413,0.3591601550579071,0.4516802728176117,-0.0686376765370369,0.38258183002471924,0.49176284670829773,-0.06491313129663467,0.39081713557243347,0.5296273231506348,-0.052220430225133896
0.39699962735176086,0.7041510343551636,6.972911137381743e-07,0.45242393016815186,0.6393038034439087,-0.03158264979720116,0.4734160304069519,0.5310429930686951,-0.042503442615270615,0.42213699221611023,0.46582743525505066,-0.0541064627468586,0.36956048011779785,0.44296741485595703,-0.06268389523029327,0.4605143368244171,0.41600921750068665,-0.011458768509328365,0.48431703448295593,0.2965865731239319,-0.033319178968667984,0.4948098063468933,0.2216324508190155,-0.04681532829999924,0.4983469247817993,0.16106969118118286,-0.054408591240644455,0.4095286428928375,0.4179379940032959,-0.01589350774884224,0.3874722719192505,0.2854466736316681,-0.04640195891261101,0.37937456369400024,0.2024485468864441,-0.06683332473039627,0.37131041288375854,0.13524088263511658,-0.07490915060043335,0.36863845586776733,0.4487510025501251,-0.024539820849895477,0.3763981759548187,0.39580708742141724,-0.07227668911218643,0.4012500047683716,0.46142134070396423,-0.08212461322546005,0.4096033275127411,0.5109992027282715,-0.07211872935295105,0.3381800949573517,0.49181127548217773,-0.035123586654663086,0.3587980270385742,0.4540688991546631,-0.06936705112457275,0.38129720091819763,0.49716198444366455,-0.06744135171175003,0.3881548047065735,0.5347036123275757,-0.05560231953859329
0.41706597805023193,0.7099263072013855,6.579034561582375e-07,0.4712982177734375,0.6387346386909485,-0.03073769249022007,0.48885852098464966,0.5313757658004761,-0.042828235775232315,0.4327424168586731,0.46637654304504395,-0.05519461631774902,0.3783416152000427,0.44685328006744385,-0.06502657383680344,0.47795742750167847,0.4266057014465332,-0.01875119097530842,0.49842503666877747,0.30796802043914795,-0.04218714311718941,0.5075222849845886,0.2348119467496872,-0.056545667350292206,0.5127284526824951,0.17414113879203796,-0.06472808867692947,0.42532697319984436,0.4277738630771637,-0.023344028741121292,0.4060141444206238,0.29727357625961304,-0.05304407328367233,0.3992519676685333,0.21347260475158691,-0.07189832627773285,0.39320650696754456,0.1434260606765747,-0.07971177995204926,0.382734090089798,0.4570378065109253,-0.03164352849125862,0.38788506388664246,0.40302249789237976,-0.07802680879831314,0.4161910116672516,0.46832984685897827,-0.08731618523597717,0.4272499084472656,0.5209057927131653,-0.07776051759719849,0.3498116731643677,0.49954307079315186,-0.04181511327624321,0.3728855550289154,0.45877620577812195,-0.07437270879745483,0.4011310338973999,0.4992188811302185,-0.07221021503210068,0.41187378764152527,0.5383142232894897,-0.061055686324834824
0.4122605621814728,0.7112298607826233,7.128568313419237e-07,0.46797895431518555,0.6445364952087402,-0.0317094624042511,0.48807215690612793,0.5366248488426208,-0.04393009841442108,0.43893900513648987,0.4649183452129364,-0.05632152780890465,0.3842158317565918,0.44363316893577576,-0.06597951799631119,0.4769479036331177,0.424186646938324,-0.01761920191347599,0.49839669466018677,0.3056308925151825,-0.04173796996474266,0.5101665258407593,0.23319506645202637,-0.05590812861919403,0.5158959031105042,0.17406511306762695,-0.06298331916332245,0.42540934681892395,0.4253382384777069,-0.021794548258185387,0.4045335054397583,0.29209426045417786,-0.052843235433101654,0.397937536239624,0.20843181014060974,-0.07137437164783478,0.39119774103164673,0.13971400260925293,-0.07733695209026337,0.38307520747184753,0.45606720447540283,-0.029936635866761208,0.39100661873817444,0.40606141090393066,-0.0790744349360466,0.418582558631897,0.4737395644187927,-0.0888005793094635,0.428788423538208,0.5267915725708008,-0.07751449197530746,0.35042473673820496,0.5003926753997803,-0.03970392420887947,0.3772515654563904,0.46308237314224243,-0.07370031625032425,0.4036060869693756,0.5069412589073181,-0.07093288749456406,0.4116361439228058,0.5473940372467041,-0.05796390399336815
0.4326462745666504,0.709839940071106,6.651269472968124e-07,0.48429983854293823,0.6404874920845032,-0.03458910807967186,0.5049430131912231,0.5329150557518005,-0.04604346677660942,0.4486553966999054,0.466316819190979,-0.05715766176581383,0.39284536242485046,0.44436952471733093,-0.06534688174724579,0.49294525384902954,0.4325394332408905,-0.016284022480249405,0.5140511989593506,0.3090405762195587,-0.03898918628692627,0.5252562761306763,0.2368381917476654,-0.05129527300596237,0.5316051244735718,0.17817819118499756,-0.05677410960197449,0.44187068939208984,0.43254488706588745,-0.018730545416474342,0.42513230443000793,0.2936409115791321,-0.04765315726399422,0.4167652726173401,0.21007651090621948,-0.06489156931638718,0.407396137714386,0.14407548308372498,-0.07000692188739777,0.400703489780426,0.4585624039173126,-0.025962069630622864,0.40650710463523865,0.4081377685070038,-0.07385692745447159,0.43025848269462585,0.47572022676467896,-0.08420948684215546,0.43785032629966736,0.5290471315383911,-0.07323075830936432,0.36719197034835815,0.4942834973335266,-0.03527079150080681,0.3834995925426483,0.44427934288978577,-0.06671428680419922,0.40804848074913025,0.47967398166656494,-0.06375645101070404,0.41694486141204834,0.5146983861923218,-0.05141981691122055
0.43109145760536194,0.713182806968689,6.984537321841344e-07,0.48476701974868774,0.6448204517364502,-0.0328575037419796,0.5033208727836609,0.5346543788909912,-0.04423373192548752,0.45022955536842346,0.46756792068481445,-0.055876001715660095,0.3938710391521454,0.4510122239589691,-0.06485683470964432,0.4925728440284729,0.428768128156662,-0.013912636786699295,0.5159401297569275,0.30806446075439453,-0.036922112107276917,0.526730477809906,0.23632031679153442,-0.050500109791755676,0.5311940312385559,0.17678970098495483,-0.05689699202775955,0.4412601590156555,0.4294687807559967,-0.018141603097319603,0.42240267992019653,0.29183971881866455,-0.048334572464227676,0.4143749475479126,0.20950621366500854,-0.06716885417699814,0.40540868043899536,0.141585111618042,-0.07300691306591034,0.3987850248813629,0.45753681659698486,-0.026833470910787582,0.407719224691391,0.4087646007537842,-0.07574225217103958,0.431231290102005,0.4793143570423126,-0.08554255962371826,0.43802526593208313,0.532352089881897,-0.07366812974214554,0.3645455241203308,0.49629682302474976,-0.03734736517071724,0.38178354501724243,0.44751685857772827,-0.06805191189050674,0.4062269330024719,0.4880827069282532,-0.06213989108800888,0.4147404432296753,0.52653968334198,-0.04734237864613533
0.4453946650028229,0.7195767760276794,6.495483830804005e-07,0.5003018975257874,0.6502670645713806,-0.03005334362387657,0.5211905241012573,0.5416719913482666,-0.0405706949532032,0.47087806463241577,0.47310760617256165,-0.052143827080726624,0.4187641441822052,0.4479132890701294,-0.061426471918821335,0.5036953091621399,0.4374197721481323,-0.014103219844400883,0.5279120206832886,0.3163917064666748,-0.03575056418776512,0.5401731133460999,0.24464151263237,-0.04850894585251808,0.5472496747970581,0.1853126883506775,-0.054557718336582184,0.4545164108276367,0.4396047294139862,-0.019429277628660202,0.43833571672439575,0.29964372515678406,-0.04792352765798569,0.43030062317848206,0.21481740474700928,-0.06622814387083054,0.4209534525871277,0.14601048827171326,-0.07296491414308548,0.41308698058128357,0.46799835562705994,-0.02868577092885971,0.42381149530410767,0.4146827161312103,-0.07504545897245407,0.4471661448478699,0.48682162165641785,-0.0822845995426178,0.4526239037513733,0.5428112745285034,-0.07024023681879044,0.37702423334121704,0.506405234336853,-0.039778273552656174,0.39163410663604736,0.44319212436676025,-0.06855544447898865,0.4175082743167877,0.48392757773399353,-0.06024019792675972,0.4288216531276703,0.5284930467605591,-0.04477744176983833
0.44637998938560486,0.7167333364486694,6.692692409160372e-07,0.49959486722946167,0.651980996131897,-0.03230470418930054,0.520795464515686,0.5439655780792236,-0.04393995180726051,0.47320306301116943,0.47335001826286316,-0.05639655143022537,0.4195988178253174,0.4492240846157074,-0.06633010506629944,0.5062388181686401,0.43120020627975464,-0.014036282896995544,0.531980037689209,0.3146764636039734,-0.0373847596347332,0.5438101887702942,0.24355116486549377,-0.05117157846689224,0.5485032200813293,0.1846930980682373,-0.05786123126745224,0.45626309514045715,0.43254324793815613,-0.019221048802137375,0.43741950392723083,0.29430967569351196,-0.05128934234380722,0.42954763770103455,0.2124183177947998,-0.07076135277748108,0.41981586813926697,0.14465078711509705,-0.07707753777503967,0.41457587480545044,0.462320476770401,-0.028688229620456696,0.4248048663139343,0.41081738471984863,-0.07964417338371277,0.44897058606147766,0.48539507389068604,-0.087661013007164,0.4551042914390564,0.5400217175483704,-0.0745990201830864,0.3791499137878418,0.5031168460845947,-0.03991052508354187,0.395049512386322,0.4450182616710663,-0.0717141404747963,0.41792774200439453,0.4878177046775818,-0.06369362771511078,0.4252549409866333,0.5293822288513184,-0.047571610659360886
0.45824483036994934,0.7198703289031982,6.559666303473932e-07,0.5116047263145447,0.6543526649475098,-0.033120255917310715,0.5355615615844727,0.5475059747695923,-0.04513147473335266,0.4859117269515991,0.4799899458885193,-0.057475168257951736,0.4343707263469696,0.45090389251708984,-0.0671301931142807,0.5148377418518066,0.43707960844039917,-0.016401823610067368,0.5398561954498291,0.3208361268043518,-0.03979019075632095,0.5499042868614197,0.24956278502941132,-0.053451817482709885,0.5549923181533813,0.1896061897277832,-0.06018031761050224,0.4644584655761719,0.43864190578460693,-0.020785057917237282,0.44971054792404175,0.3024739623069763,-0.05207865685224533,0.4425916373729706,0.21998244524002075,-0.07120776921510696,0.4347262382507324,0.15147697925567627,-0.07782270014286041,0.4225017726421356,0.46741944551467896,-0.02939290925860405,0.43789276480674744,0.41682037711143494,-0.07987833768129349,0.4615592658519745,0.4929725229740143,-0.08750192821025848,0.4671771824359894,0.5487870573997498,-0.07474548369646072,0.3871597945690155,0.5081042051315308,-0.039939239621162415,0.40796858072280884,0.45469552278518677,-0.07326217740774155,0.4338062107563019,0.5012245774269104,-0.06645495444536209,0.44431984424591064,0.5462444424629211,-0.05102081224322319
0.45688652992248535,0.7186676263809204,6.711318860652682e-07,0.5103591084480286,0.6548149585723877,-0.0350557342171669,0.5327770709991455,0.5492472052574158,-0.04772402346134186,0.48477140069007874,0.4800845682621002,-0.060687318444252014,0.43243396282196045,0.4528347849845886,-0.07101069390773773,0.5154463648796082,0.43834537267684937,-0.01662643812596798,0.5403427481651306,0.3196965157985687,-0.04108158499002457,0.5517479181289673,0.2483314722776413,-0.05568811297416687,0.5564916729927063,0.18861857056617737,-0.06263724714517593,0.46595263481140137,0.43842464685440063,-0.0207035131752491,0.44856879115104675,0.2994478940963745,-0.05286018177866936,0.44093722105026245,0.21740353107452393,-0.07244600355625153,0.4314720928668976,0.1490294337272644,-0.0789894163608551,0.42417746782302856,0.4663565754890442,-0.029435662552714348,0.4366108477115631,0.41338613629341125,-0.08094482868909836,0.45937079191207886,0.4897746741771698,-0.08874794095754623,0.4640854001045227,0.5463741421699524,-0.07547627389431,0.38783377408981323,0.5056880712509155,-0.04018699377775192,0.40071403980255127,0.44350767135620117,-0.07194766402244568,0.42382141947746277,0.483768105506897,-0.06337866187095642,0.43171194195747375,0.5250236988067627,-0.0469692163169384
0.46488234400749207,0.7156002521514893,6.54558220958279e-07,0.5176423788070679,0.6493180990219116,-0.03155352547764778,0.5423492193222046,0.5477427840232849,-0.04369620606303215,0.4949162006378174,0.48183509707450867,-0.05665956810116768,0.4432792067527771,0.4558776617050171,-0.06712006032466888,0.5225712060928345,0.43868932127952576,-0.015712495893239975,0.5481646060943604,0.32295626401901245,-0.039335478097200394,0.5583890676498413,0.25160863995552063,-0.05312362313270569,0.5634704232215881,0.19264614582061768,-0.05982406809926033,0.4730054438114166,0.44044625759124756,-0.020829519256949425,0.4582211375236511,0.30543822050094604,-0.05250588804483414,0.4512914717197418,0.22371260821819305,-0.07166188210248947,0.4439294636249542,0.15724751353263855,-0.07826223224401474,0.4320122003555298,0.468493789434433,-0.030029412358999252,0.4471622109413147,0.41637682914733887,-0.07899181544780731,0.46918898820877075,0.4877791702747345,-0.08601419627666473,0.4739331901073456,0.5415903925895691,-0.07334361970424652,0.39716845750808716,0.5076351165771484,-0.04116440936923027,0.4145597219467163,0.45215100049972534,-0.07182884216308594,0.43829280138015747,0.4928470253944397,-0.06394198536872864,0.4478319585323334,0.5347229838371277,-0.04830234870314598
0.4661139249801636,0.7137287855148315,6.97005361871561e-07,0.5184274315834045,0.6507529020309448,-0.03267350792884827,0.5411748290061951,0.5477588176727295,-0.0450277253985405,0.49495336413383484,0.48190727829933167,-0.05805967003107071,0.44307512044906616,0.4576098322868347,-0.06848374754190445,0.5232883095741272,0.4381955862045288,-0.014979851432144642,0.5489603281021118,0.323403537273407,-0.03852164372801781,0.5600340366363525,0.2526336908340454,-0.052338857203722,0.5648413896560669,0.19406285881996155,-0.058991581201553345,0.47466832399368286,0.43947693705558777,-0.020102810114622116,0.45759937167167664,0.30141639709472656,-0.05250105261802673,0.4507901072502136,0.21934083104133606,-0.07203194499015808,0.44288498163223267,0.15267810225486755,-0.07836650311946869,0.4336639642715454,0.46788105368614197,-0.029515869915485382,0.4470054805278778,0.41401517391204834,-0.08100420236587524,0.4690532982349396,0.48773184418678284,-0.0889512225985527,0.47360438108444214,0.5430933237075806,-0.07572467625141144,0.3982270359992981,0.5072805881500244,-0.040663380175828934,0.41443967819213867,0.44931963086128235,-0.07337580621242523,0.43810486793518066,0.49038025736808777,-0.06575667858123779,0.44652965664863586,0.5317859053611755,-0.04970541223883629
0.47154489159584045,0.715121328830719,6.503258305201598e-07,0.5238503217697144,0.6529061794281006,-0.03357633948326111,0.5470855832099915,0.5523609519004822,-0.046484895050525665,0.5038886070251465,0.4853183627128601,-0.05961718037724495,0.45619505643844604,0.4533320963382721,-0.06998177617788315,0.5262429118156433,0.4429006278514862,-0.019986432045698166,0.5520042181015015,0.3256314694881439,-0.042379967868328094,0.5623481869697571,0.2559473514556885,-0.05502075329422951,0.5677167177200317,0.1969456672668457,-0.06138140335679054,0.4778732657432556,0.4444931447505951,-0.023797672241926193,0.4617514908313751,0.307174414396286,-0.05520743131637573,0.4556015729904175,0.22802820801734924,-0.07325363159179688,0.4492916166782379,0.1611117720603943,-0.07949428260326385,0.4371080696582794,0.47219663858413696,-0.031547125428915024,0.45424818992614746,0.41083624958992004,-0.08118465542793274,0.47518473863601685,0.4896015226840973,-0.08608822524547577,0.4780646860599518,0.5464246869087219,-0.07219989597797394,0.40267670154571533,0.511305034160614,-0.04135003685951233,0.42215797305107117,0.4485272169113159,-0.0738971158862114,0.4461674392223358,0.49206045269966125,-0.06574253737926483,0.4552294909954071,0.5352225303649902,-0.04988918453454971
0.4704604744911194,0.7166642546653748,6.714844857924618e-07,0.5241278409957886,0.6537575721740723,-0.03404529020190239,0.5471710562705994,0.552482008934021,-0.04734932258725166,0.5029342770576477,0.4838505983352661,-0.06093769520521164,0.4535820484161377,0.4557964503765106,-0.07193119078874588,0.5270737409591675,0.4433920383453369,-0.020129945129156113,0.5528095960617065,0.3251543641090393,-0.04323790222406387,0.5637434124946594,0.25494182109832764,-0.05647033452987671,0.5691072344779968,0.1956302523612976,-0.06302228569984436,0.47827640175819397,0.44534364342689514,-0.02381676807999611,0.4618433713912964,0.3079606592655182,-0.055675774812698364,0.4552517831325531,0.22798451781272888,-0.07402387261390686,0.4482581615447998,0.160477876663208,-0.08047459274530411,0.4369257986545563,0.4732964038848877,-0.03148326277732849,0.45228129625320435,0.4096381366252899,-0.08188854157924652,0.47402483224868774,0.4894627630710602,-0.0868191346526146,0.47756296396255493,0.5500956773757935,-0.07239662110805511,0.4014517664909363,0.5130888819694519,-0.041110388934612274,0.4178589880466461,0.4456605613231659,-0.07332268357276917,0.4422820210456848,0.4870259761810303,-0.06435605138540268,0.4511038362979889,0.530940055847168,-0.047802168875932693
0.47308850288391113,0.7154715061187744,6.396650746864907e-07,0.52643221616745,0.6531859636306763,-0.030314665287733078,0.5505133271217346,0.5503050088882446,-0.041960183531045914,0.5047783851623535,0.4859749972820282,-0.05467484891414642,0.45407333970069885,0.4650276303291321,-0.06512545794248581,0.5290207266807556,0.44296586513519287,-0.01587097719311714,0.5545555949211121,0.3303840160369873,-0.038522135466337204,0.5651992559432983,0.2614177465438843,-0.05185197293758392,0.5708321332931519,0.20270118117332458,-0.058924686163663864,0.48048827052116394,0.44510185718536377,-0.021636147052049637,0.4651721119880676,0.31209635734558105,-0.05339019373059273,0.4597876965999603,0.23267540335655212,-0.0719733014702797,0.4540773034095764,0.16636186838150024,-0.07870832085609436,0.44032421708106995,0.4733910858631134,-0.03118702583014965,0.4551095962524414,0.4136963188648224,-0.08097264915704727,0.47700023651123047,0.48951369524002075,-0.0865228995680809,0.4810824692249298,0.5459603667259216,-0.07310989499092102,0.40680187940597534,0.5132876038551331,-0.04244877025485039,0.4265099763870239,0.4512997567653656,-0.07466275244951248,0.44967904686927795,0.4965434968471527,-0.0663377046585083,0.4573048949241638,0.541152834892273,-0.05057284235954285
0.4720593988895416,0.7165265679359436,6.655790798504313e-07,0.5252931118011475,0.6546294689178467,-0.03127564489841461,0.549615204334259,0.5522332787513733,-0.04323355108499527,0.5065973997116089,0.48514822125434875,-0.05583206191658974,0.4569002687931061,0.46096763014793396,-0.06604151427745819,0.5295441150665283,0.4443506598472595,-0.016394788399338722,0.5556141138076782,0.33123481273651123,-0.03888368234038353,0.5667791962623596,0.2628110349178314,-0.05225765332579613,0.5724881887435913,0.20451819896697998,-0.05920688062906265,0.4811030924320221,0.4451521337032318,-0.02144014649093151,0.46489372849464417,0.30963099002838135,-0.053033776581287384,0.45866474509239197,0.23037894070148468,-0.07157974690198898,0.45219510793685913,0.1629931926727295,-0.07799328863620758,0.4402351975440979,0.4726395010948181,-0.030205242335796356,0.4552067220211029,0.41186633706092834,-0.07997772097587585,0.4764670133590698,0.488816499710083,-0.08479377627372742,0.4803091585636139,0.5452848672866821,-0.07052313536405563,0.40505945682525635,0.5126577019691467,-0.04066869989037514,0.4231411814689636,0.4503372609615326,-0.07263351231813431,0.446763277053833,0.4954564869403839,-0.06320521235466003,0.45524564385414124,0.5395107269287109,-0.04631347209215164
0.4777059555053711,0.7244440317153931,5.68569021197618e-07,0.528139054775238,0.6662477850914001,-0.029707126319408417,0.552760124206543,0.5770297646522522,-0.04048540070652962,0.5170383453369141,0.5169870853424072,-0.051869239658117294,0.4747326672077179,0.48749497532844543,-0.06098498776555061,0.529585599899292,0.4743056297302246,-0.01645895652472973,0.5537467002868652,0.36783164739608765,-0.03476741537451744,0.5649170875549316,0.305982381105423,-0.04499693214893341,0.5712729692459106,0.2537075877189636,-0.049770601093769073,0.48584309220314026,0.47508299350738525,-0.019916953518986702,0.4730622172355652,0.35029006004333496,-0.04653502628207207,0.46887555718421936,0.2785339951515198,-0.06240297481417656,0.46377068758010864,0.21874701976776123,-0.06795560568571091,0.44873377680778503,0.5001219511032104,-0.026878299191594124,0.4664100706577301,0.44684940576553345,-0.0701693594455719,0.48770567774772644,0.5184006690979004,-0.07502138614654541,0.49148768186569214,0.5717288851737976,-0.06284768134355545,0.41693902015686035,0.5357546806335449,-0.03567507490515709,0.43246734142303467,0.4724642336368561,-0.0628420040011406,0.45582151412963867,0.5095019936561584,-0.054597362875938416,0.46621131896972656,0.5506740212440491,-0.04001040384173393
0.47651925683021545,0.7203114628791809,5.774753617515671e-07,0.5250372290611267,0.6664166450500488,-0.02685397118330002,0.5459418296813965,0.5828324556350708,-0.036306679248809814,0.5145188570022583,0.5264171957969666,-0.04658802971243858,0.47900596261024475,0.4923606514930725,-0.05459650233387947,0.5277182459831238,0.4841543734073639,-0.013079105876386166,0.5521156787872314,0.38606366515159607,-0.031037041917443275,0.5621808767318726,0.32711195945739746,-0.041384439915418625,0.567489504814148,0.2773702144622803,-0.046266820281744,0.4865230917930603,0.48397210240364075,-0.01698015257716179,0.4761224389076233,0.3649038076400757,-0.042664989829063416,0.4728168249130249,0.2956259250640869,-0.057808224111795425,0.46900901198387146,0.23846840858459473,-0.06272287666797638,0.4507220685482025,0.5076215267181396,-0.02428394742310047,0.467266708612442,0.4549404978752136,-0.06642109900712967,0.4867028295993805,0.5226467847824097,-0.07108112424612045,0.4903421700000763,0.5739775896072388,-0.05905183404684067,0.4200279712677002,0.5424373149871826,-0.03307650238275528,0.438093364238739,0.4847300946712494,-0.06115776672959328,0.46003687381744385,0.5223250389099121,-0.054008737206459045,0.46906745433807373,0.5624408721923828,-0.039836522191762924
0.4737612009048462,0.7387430667877197,5.60394028070732e-07,0.5210620164871216,0.6840835809707642,-0.024889109656214714,0.5420165657997131,0.6033049821853638,-0.035201508551836014,0.5065187215805054,0.552851140499115,-0.04693867266178131,0.4654126763343811,0.5310333371162415,-0.05683382600545883,0.5218643546104431,0.5109025835990906,-0.012345093302428722,0.5452316999435425,0.4192323386669159,-0.031698938459157944,0.5554351210594177,0.361453652381897,-0.04385915398597717,0.562387228012085,0.3118503987789154,-0.04993545264005661,0.48117297887802124,0.5106562376022339,-0.01761530712246895,0.4728948473930359,0.3984876871109009,-0.04359249770641327,0.4706301689147949,0.32961130142211914,-0.05995367094874382,0.4678860604763031,0.2737020254135132,-0.0659773200750351,0.446743905544281,0.5327351689338684,-0.026227373629808426,0.46401622891426086,0.4891383945941925,-0.06765308976173401,0.4841918647289276,0.5500922203063965,-0.07466834783554077,0.4883893132209778,0.5978209972381592,-0.06463081389665604,0.41901224851608276,0.5649716258049011,-0.036322176456451416,0.43911075592041016,0.5138251781463623,-0.062214769423007965,0.461483359336853,0.545386016368866,-0.056223757565021515,0.4716327488422394,0.5820496678352356,-0.04362085834145546
0.4727090895175934,0.7507306337356567,5.664574018737767e-07,0.5160523056983948,0.6976940631866455,-0.02394726872444153,0.5356516242027283,0.6193087100982666,-0.03317981958389282,0.5018007755279541,0.5672248005867004,-0.04367917776107788,0.46214398741722107,0.5441781878471375,-0.05237332731485367,0.5171070694923401,0.5324774980545044,-0.0099393455311656,0.5398565530776978,0.440850168466568,-0.02824987843632698,0.5495846271514893,0.3844749927520752,-0.03917236998677254,0.5547877550125122,0.33771926164627075,-0.04403999447822571,0.47933003306388855,0.5339562296867371,-0.014546369202435017,0.4693937301635742,0.42442548274993896,-0.03911454603075981,0.4668410122394562,0.357427179813385,-0.05416532978415489,0.46330296993255615,0.3026246726512909,-0.0590469166636467,0.44729533791542053,0.5570740699768066,-0.02245108224451542,0.46101680397987366,0.5146723985671997,-0.06172436848282814,0.4810259938240051,0.5719336271286011,-0.06738526374101639,0.4859730005264282,0.6167408227920532,-0.05663678050041199,0.419887900352478,0.5899507999420166,-0.03163161873817444,0.4330958127975464,0.5376081466674805,-0.05575273558497429,0.45430395007133484,0.567035436630249,-0.048125021159648895,0.4641493856906891,0.6019517183303833,-0.03431741148233414
0.49313852190971375,0.7536108493804932,5.203224873184809e-07,0.5374389290809631,0.7079409956932068,-0.0209586750715971,0.5609578490257263,0.632779598236084,-0.027635080739855766,0.524332582950592,0.5856304168701172,-0.034911833703517914,0.4837152063846588,0.5732712745666504,-0.04043395444750786,0.5405073165893555,0.5494523644447327,-0.008233478292822838,0.559422492980957,0.4619721472263336,-0.02090270444750786,0.5681419968605042,0.41033613681793213,-0.028746547177433968,0.5720747709274292,0.36685556173324585,-0.032803889364004135,0.5037879943847656,0.5476388931274414,-0.011785157956182957,0.49218323826789856,0.4447034001350403,-0.02869664877653122,0.4904494881629944,0.3810984492301941,-0.04109793156385422,0.48841336369514465,0.3299926817417145,-0.0462876595556736,0.4731934666633606,0.5672243237495422,-0.01803015172481537,0.4831898510456085,0.5245968699455261,-0.05094807222485542,0.5063499212265015,0.5681432485580444,-0.06068579480051994,0.5162263512611389,0.6075868606567383,-0.05541975051164627,0.4485085904598236,0.5973882079124451,-0.025076763704419136,0.4634484052658081,0.5562867522239685,-0.050219953060150146,0.4902520775794983,0.5835261940956116,-0.04979577288031578,0.5059574246406555,0.6189156174659729,-0.04184756055474281
0.5678712129592896,0.7929427623748779,5.41967040135205e-07,0.6069843769073486,0.7472362518310547,-0.01964300312101841,0.6335819959640503,0.6771275401115417,-0.028432480990886688,0.61189866065979,0.6279499530792236,-0.03912709653377533,0.5747172832489014,0.6169518828392029,-0.048067934811115265,0.6009765267372131,0.5914647579193115,-0.006874764803797007,0.6195598840713501,0.5033457279205322,-0.023083869367837906,0.6327868700027466,0.4551282525062561,-0.03326048329472542,0.6424638032913208,0.41409897804260254,-0.03779580816626549,0.5697051286697388,0.593216061592102,-0.01210325863212347,0.561767578125,0.4970020651817322,-0.03173690661787987,0.5596678853034973,0.4386822283267975,-0.04498785734176636,0.5549903512001038,0.38934123516082764,-0.049788106232881546,0.5411902666091919,0.6133491396903992,-0.020405922085046768,0.5653772950172424,0.5718143582344055,-0.053856007754802704,0.5888948440551758,0.6199610829353333,-0.0598180815577507,0.595409631729126,0.6599416732788086,-0.05125312879681587,0.515715479850769,0.6453137993812561,-0.029809268191456795,0.5375095009803772,0.6022570729255676,-0.05115211009979248,0.5638936758041382,0.6282967329025269,-0.04596380516886711,0.57598477602005,0.6624089479446411,-0.03460128977894783
0.5861678719520569,0.8380811810493469,4.658258490053413e-07,0.6236923933029175,0.8021283745765686,-0.022175395861268044,0.6501377820968628,0.7440888285636902,-0.031580083072185516,0.6303863525390625,0.7038982510566711,-0.04157310724258423,0.5996283292770386,0.6859098076820374,-0.04979153349995613,0.6275945901870728,0.646658718585968,-0.007803779095411301,0.6446049213409424,0.5705406069755554,-0.021581057459115982,0.6552481651306152,0.5233483910560608,-0.030465053394436836,0.6641022562980652,0.48541074991226196,-0.03447527065873146,0.5971513390541077,0.650502622127533,-0.011042636819183826,0.5905429124832153,0.5596853494644165,-0.02755962871015072,0.5892152786254883,0.5054460763931274,-0.038253385573625565,0.5879420042037964,0.46541672945022583,-0.04173014685511589,0.5699860453605652,0.6722158193588257,-0.01770203560590744,0.5893009901046753,0.6365379095077515,-0.048176899552345276,0.6026332378387451,0.6806180477142334,-0.05449280887842178,0.6043682098388672,0.7155660390853882,-0.04777062311768532,0.5455761551856995,0.7032188773155212,-0.025694718584418297,0.566192626953125,0.6703213453292847,-0.04647434502840042,0.5837647914886475,0.6985328793525696,-0.043315086513757706,0.5900598168373108,0.7261794209480286,-0.03444578871130943
0.6043413281440735,0.8917192220687866,4.6297307676468336e-07,0.6449506878852844,0.8550992012023926,-0.018394077196717262,0.673104465007782,0.7990529537200928,-0.025991955772042274,0.6526257991790771,0.7582499384880066,-0.034234628081321716,0.6192108988761902,0.7520824670791626,-0.041796501725912094,0.6559174060821533,0.7116243243217468,-0.007444803602993488,0.6748809814453125,0.6364427804946899,-0.020014258101582527,0.6866014003753662,0.5897150039672852,-0.029048122465610504,0.696139395236969,0.5530513525009155,-0.03379851579666138,0.6243041753768921,0.7099859714508057,-0.010954002849757671,0.6182544231414795,0.6262925863265991,-0.024589193984866142,0.6192527413368225,0.5726031064987183,-0.03471551090478897,0.6209737062454224,0.5322305560112,-0.03931977599859238,0.5947303771972656,0.7268176078796387,-0.01729145459830761,0.6060032248497009,0.6848669052124023,-0.04232699051499367,0.624190092086792,0.7018398642539978,-0.05085844546556473,0.6339084506034851,0.718153715133667,-0.048942308872938156,0.5680924654006958,0.7548806071281433,-0.02471686713397503,0.5871267318725586,0.7202428579330444,-0.04404035583138466,0.6089837551116943,0.7399960160255432,-0.043209709227085114,0.6215599775314331,0.7660178542137146,-0.037365078926086426
0.6044166684150696,0.9122843146324158,4.7478297915404255e-07,0.6428196430206299,0.8761045336723328,-0.020356962457299232,0.6718324422836304,0.824741780757904,-0.029449164867401123,0.6560220718383789,0.7803162336349487,-0.03953871503472328,0.6274520754814148,0.7643096446990967,-0.047902487218379974,0.6521613597869873,0.7376972436904907,-0.008396566845476627,0.6738379001617432,0.6663058400154114,-0.023288078606128693,0.6875492334365845,0.6236400604248047,-0.032625045627355576,0.6981975436210632,0.5889413952827454,-0.03632146120071411,0.6230721473693848,0.7356287240982056,-0.012040137313306332,0.6208921074867249,0.6452016830444336,-0.03129447624087334,0.6231953501701355,0.5925728678703308,-0.04339330270886421,0.6244451999664307,0.5513474941253662,-0.04672446474432945,0.5961741805076599,0.7511244416236877,-0.01866781897842884,0.6180505752563477,0.7251814007759094,-0.05176560580730438,0.6297841668128967,0.775955080986023,-0.058113303035497665,0.6303635835647583,0.8146161437034607,-0.04942631721496582,0.5724707245826721,0.7767028212547302,-0.02641146071255207,0.5916059613227844,0.7402869462966919,-0.0465439036488533,0.6119499802589417,0.756697952747345,-0.042760685086250305,0.623044490814209,0.776997983455658,-0.03289046883583069
0.3605394959449768,0.8628624081611633,5.6068154208333e-07,0.41250431537628174,0.8056443333625793,-0.03272368758916855,0.4320826828479767,0.6983821392059326,-0.04496750235557556,0.39962345361709595,0.6155591607093811,-0.058000460267066956,0.35785534977912903,0.5698638558387756,-0.06851796060800552,0.4410228729248047,0.5641359686851501,-0.017621541395783424,0.47031882405281067,0.44779524207115173,-0.040514640510082245,0.48677757382392883,0.37397050857543945,-0.05830588936805725,0.4981871247291565,0.3141980767250061,-0.07021661102771759,0.38786908984184265,0.5584355592727661,-0.021430447697639465,0.3762742280960083,0.4254189133644104,-0.0504971444606781,0.37180235981941223,0.332675039768219,-0.0729115903377533,0.366131991147995,0.25953981280326843,-0.085540771484375,0.3397442698478699,0.5848560929298401,-0.02946534752845764,0.3387596011161804,0.5107294321060181,-0.07384379208087921,0.36637160181999207,0.5678711533546448,-0.08763948827981949,0.3801674544811249,0.62473064661026,-0.08448707312345505,0.2980198562145233,0.6293512582778931,-0.04010452330112457,0.31733596324920654,0.5804362893104553,-0.07867790013551712,0.3453128933906555,0.6225588917732239,-0.08502738177776337,0.3621293604373932,0.6697081327438354,-0.0803585946559906
0.37461769580841064,0.9068850874900818,7.935876737974468e-07,0.42963770031929016,0.8379919528961182,-0.04522637650370598,0.4448533356189728,0.7249166965484619,-0.06187819689512253,0.38622573018074036,0.6337258815765381,-0.07696588337421417,0.3270431160926819,0.6006957292556763,-0.08833769708871841,0.44446811079978943,0.5746579170227051,-0.023561816662549973,0.47206416726112366,0.43908950686454773,-0.05069120228290558,0.4854762852191925,0.3575626611709595,-0.06687755137681961,0.48926055431365967,0.2895655333995819,-0.07586438208818436,0.38722553849220276,0.5695021152496338,-0.02350666932761669,0.3669652044773102,0.42027851939201355,-0.06082917004823685,0.3547022044658661,0.3285224437713623,-0.08469142019748688,0.3434869945049286,0.2525918781757355,-0.09330112487077713,0.33879122138023376,0.6026670336723328,-0.028516996651887894,0.33569425344467163,0.5500367879867554,-0.08714042603969574,0.3638290762901306,0.6332982778549194,-0.10113266110420227,0.3787294626235962,0.6966312527656555,-0.08984638005495071,0.2994776666164398,0.6537788510322571,-0.036062080413103104,0.31404173374176025,0.6114374995231628,-0.080645851790905,0.34269237518310547,0.6700408458709717,-0.08145452290773392,0.35974276065826416,0.7223514318466187,-0.06817584484815598
0.37303847074508667,0.9308542013168335,8.312596264659078e-07,0.42590561509132385,0.8675942420959473,-0.05310727655887604,0.43793368339538574,0.7507100701332092,-0.07195594161748886,0.3701193928718567,0.6646168231964111,-0.08811779320240021,0.3050329089164734,0.6274563670158386,-0.10063911974430084,0.4326472580432892,0.5804237723350525,-0.025707639753818512,0.45449233055114746,0.4390409588813782,-0.05638466030359268,0.46489065885543823,0.3493395447731018,-0.07562252134084702,0.4655722975730896,0.2758490741252899,-0.08617893606424332,0.37325382232666016,0.5820587277412415,-0.02335716225206852,0.34550318121910095,0.4302769899368286,-0.06334657222032547,0.3270034193992615,0.336735337972641,-0.08987665921449661,0.3105026185512543,0.259531170129776,-0.09946441650390625,0.3260340094566345,0.6222005486488342,-0.02738926187157631,0.321978360414505,0.5706459283828735,-0.09061238914728165,0.35048699378967285,0.6486684679985046,-0.10919524729251862,0.3660176396369934,0.7100846171379089,-0.099500373005867,0.2903204560279846,0.6787532567977905,-0.03445327281951904,0.3001319169998169,0.63919997215271,-0.08394301682710648,0.32949015498161316,0.700212299823761,-0.08806467801332474,0.3473958969116211,0.7555142045021057,-0.07571425288915634
0.3633202910423279,0.9328209161758423,8.008993859220936e-07,0.4135631322860718,0.8677976131439209,-0.054984692484140396,0.42634832859039307,0.7486852407455444,-0.07441787421703339,0.3564840853214264,0.6655719876289368,-0.08794767409563065,0.2874760925769806,0.6332911849021912,-0.09910589456558228,0.4222090244293213,0.58346027135849,-0.03449637070298195,0.44274622201919556,0.4398646950721741,-0.05901878699660301,0.454041987657547,0.3506523668766022,-0.07817453891038895,0.4540139436721802,0.2737506031990051,-0.09183817356824875,0.36129263043403625,0.5827925205230713,-0.03041735291481018,0.3326523005962372,0.42966634035110474,-0.05781962722539902,0.31292298436164856,0.33835673332214355,-0.08138805627822876,0.2935590445995331,0.25451865792274475,-0.09447596967220306,0.3136768043041229,0.6216078996658325,-0.031568240374326706,0.30347713828086853,0.5365535020828247,-0.07596041262149811,0.3279476463794708,0.5339699983596802,-0.09472781419754028,0.34102556109428406,0.5240345001220703,-0.09740888327360153,0.2774791121482849,0.6808130741119385,-0.036604758352041245,0.28517869114875793,0.6208143830299377,-0.0782819464802742,0.3160342872142792,0.6748334169387817,-0.07942810654640198,0.3360494375228882,0.730185329914093,-0.07075638324022293
0.3564070761203766,0.9590483903884888,8.171165291059879e-07,0.41008883714675903,0.8928393125534058,-0.052157167345285416,0.424416184425354,0.7611634731292725,-0.06664939969778061,0.3484632670879364,0.6816892027854919,-0.07341030240058899,0.2757619023323059,0.6448014378547668,-0.0792563259601593,0.41841694712638855,0.5785834789276123,-0.027145005762577057,0.43481209874153137,0.4394826591014862,-0.04183797165751457,0.4442012310028076,0.34938764572143555,-0.05523432791233063,0.4428236186504364,0.26736754179000854,-0.06743241101503372,0.354234904050827,0.5778843760490417,-0.023790741339325905,0.3254700303077698,0.4251369833946228,-0.04363324120640755,0.3044697046279907,0.3339921832084656,-0.063618004322052,0.2848275601863861,0.24825364351272583,-0.07531759887933731,0.3039672076702118,0.6159301996231079,-0.02593434415757656,0.2866653501987457,0.4911487102508545,-0.06412311643362045,0.28332120180130005,0.3935047388076782,-0.0976957157254219,0.2754172682762146,0.29809561371803284,-0.11848634481430054,0.2643328011035919,0.6815038919448853,-0.03139321878552437,0.2911592721939087,0.6438244581222534,-0.0763469859957695,0.3192839026451111,0.707204282283783,-0.0895882248878479,0.339632123708725,0.7651048302650452,-0.09380285441875458
0.3406655192375183,0.9865192174911499,8.615685374024906e-07,0.39652183651924133,0.9188569784164429,-0.054219089448451996,0.4109698534011841,0.7889112830162048,-0.07067587226629257,0.33333179354667664,0.7101944088935852,-0.07980851829051971,0.2628825604915619,0.6708405613899231,-0.08818265050649643,0.4099538326263428,0.6077905297279358,-0.029653556644916534,0.4286607503890991,0.4638392925262451,-0.04781957343220711,0.4386191964149475,0.3692062497138977,-0.06448066979646683,0.4369076192378998,0.28578847646713257,-0.07889813184738159,0.3439330458641052,0.6054538488388062,-0.026603689417243004,0.3154062032699585,0.44679051637649536,-0.048522595316171646,0.293966680765152,0.3488098978996277,-0.07111921161413193,0.27288034558296204,0.2572251260280609,-0.08473224192857742,0.2915925979614258,0.6449481248855591,-0.029082905501127243,0.2790282070636749,0.516909122467041,-0.06739348918199539,0.279715895652771,0.42978137731552124,-0.0982746109366417,0.2740180790424347,0.34279346466064453,-0.11697742342948914,0.25103604793548584,0.7126387357711792,-0.03520287573337555,0.27334436774253845,0.6715758442878723,-0.08104191720485687,0.2995516359806061,0.7314454317092896,-0.09241878241300583,0.31709524989128113,0.7852386832237244,-0.09462477266788483
0.3168933391571045,1.011579155921936,8.747835522626701e-07,0.3766980767250061,0.9442884922027588,-0.05081254616379738,0.3950982689857483,0.8202050924301147,-0.06751562654972076,0.31948715448379517,0.7481671571731567,-0.07847021520137787,0.24505242705345154,0.7079389095306396,-0.08789916336536407,0.3858940005302429,0.6272333860397339,-0.03209707885980606,0.40587690472602844,0.4791533350944519,-0.051645081490278244,0.41712623834609985,0.3841628134250641,-0.0665963739156723,0.4161525070667267,0.29987895488739014,-0.07896450161933899,0.3207703232765198,0.6242759227752686,-0.030690031126141548,0.2894136905670166,0.46009474992752075,-0.053166840225458145,0.2683172821998596,0.3592659533023834,-0.07396025955677032,0.2448621541261673,0.27094411849975586,-0.08645077794790268,0.26943331956863403,0.6639195680618286,-0.03459043800830841,0.262521892786026,0.5610687732696533,-0.07067117094993591,0.2754078805446625,0.487223744392395,-0.09958634525537491,0.2758851945400238,0.4178782105445862,-0.11664228141307831,0.23030415177345276,0.7281579971313477,-0.04249072074890137,0.26205283403396606,0.7079322934150696,-0.08272936195135117,0.29401183128356934,0.7614081501960754,-0.09451264888048172,0.31218627095222473,0.810663104057312,-0.09773439168930054
0.3148850202560425,1.019687294960022,9.596828931535129e-07,0.3709130883216858,0.9582192301750183,-0.06189705803990364,0.38206684589385986,0.8327422738075256,-0.08395890146493912,0.30316171050071716,0.759466290473938,-0.09893031418323517,0.22482317686080933,0.7187830209732056,-0.11188696324825287,0.37229111790657043,0.6343633532524109,-0.041912321001291275,0.3933810591697693,0.48336029052734375,-0.06793233007192612,0.40168601274490356,0.3850635290145874,-0.08809737116098404,0.39824169874191284,0.29855769872665405,-0.10384907573461533,0.3065595328807831,0.6355010867118835,-0.038005270063877106,0.27291855216026306,0.46524280309677124,-0.06804268807172775,0.24841156601905823,0.36118125915527344,-0.09369789063930511,0.2232624590396881,0.26936814188957214,-0.10873790085315704,0.2569994330406189,0.6815661787986755,-0.0401395708322525,0.2425239086151123,0.5740242004394531,-0.08652591705322266,0.251974493265152,0.53097003698349,-0.1123422235250473,0.25209128856658936,0.4867563843727112,-0.12348995357751846,0.22134454548358917,0.7509194612503052,-0.04689867049455643,0.239695742726326,0.7088773250579834,-0.09505707025527954,0.270641565322876,0.7653118968009949,-0.10412205755710602,0.2923327088356018,0.8161768317222595,-0.10294637084007263
0.3172377347946167,1.0118225812911987,8.723577593627851e-07,0.3698796331882477,0.9483204483985901,-0.057454973459243774,0.38056397438049316,0.8214919567108154,-0.07466021180152893,0.2910088002681732,0.7608861923217773,-0.08424627780914307,0.21336686611175537,0.7285733222961426,-0.09276857227087021,0.37516582012176514,0.627575159072876,-0.034715745598077774,0.3968842923641205,0.48160243034362793,-0.05608004704117775,0.4066849946975708,0.3838743269443512,-0.07280667126178741,0.4024154543876648,0.29771149158477783,-0.08680234849452972,0.30898231267929077,0.6269001364707947,-0.03081442601978779,0.27640506625175476,0.46230176091194153,-0.05838559567928314,0.25068414211273193,0.3588213324546814,-0.08196539431810379,0.22352305054664612,0.26150748133659363,-0.09488582611083984,0.26085591316223145,0.669601321220398,-0.03274587541818619,0.241350457072258,0.5575688481330872,-0.07395854592323303,0.2457016259431839,0.4769502282142639,-0.10232227295637131,0.24413014948368073,0.39182615280151367,-0.11712442338466644,0.2267879992723465,0.7375341057777405,-0.0389249213039875,0.2343078851699829,0.7092428803443909,-0.08274854719638824,0.25528672337532043,0.7650135159492493,-0.09194274991750717,0.2725258767604828,0.8103456497192383,-0.0920552983880043
0.3142912983894348,1.0044915676116943,1.0694164984670351e-06,0.3695255517959595,0.9474226236343384,-0.06476046144962311,0.3711363673210144,0.8332370519638062,-0.09044978022575378,0.2760869562625885,0.7813204526901245,-0.11160274595022202,0.18994392454624176,0.7560709714889526,-0.1288406103849411,0.358048677444458,0.6366055011749268,-0.04271835461258888,0.3734879195690155,0.4744439721107483,-0.08116959035396576,0.3804321885108948,0.3720986843109131,-0.10344146192073822,0.37820184230804443,0.288341760635376,-0.11544466018676758,0.2886108458042145,0.6376034021377563,-0.03796384111046791,0.24542765319347382,0.4737820327281952,-0.08423131704330444,0.22018176317214966,0.3681560456752777,-0.11460204422473907,0.19903209805488586,0.2767454981803894,-0.1258697360754013,0.24025958776474,0.6848296523094177,-0.040263593196868896,0.22346574068069458,0.6578011512756348,-0.10667084902524948,0.2505249083042145,0.727872371673584,-0.1291385293006897,0.26593849062919617,0.7724566459655762,-0.12233930826187134,0.20876610279083252,0.7500991821289062,-0.04688481241464615,0.20356325805187225,0.7509880065917969,-0.09731347113847733,0.23508833348751068,0.8058626055717468,-0.10390008240938187,0.2588028609752655,0.846348226070404,-0.09370900690555573
0.3128995895385742,0.9801915884017944,9.600362318451516e-07,0.3661332428455353,0.9154678583145142,-0.05821848288178444,0.3693234920501709,0.7997254133224487,-0.07994144409894943,0.28298714756965637,0.7386743426322937,-0.09815923869609833,0.20709863305091858,0.7086234092712402,-0.11209375411272049,0.35723423957824707,0.6108624339103699,-0.03318599611520767,0.3721006512641907,0.454520046710968,-0.06668433547019958,0.3766307830810547,0.3579952120780945,-0.08638715744018555,0.37106722593307495,0.27980563044548035,-0.09691425412893295,0.2917540967464447,0.6135097146034241,-0.03040773794054985,0.2499758005142212,0.4527837634086609,-0.07360728085041046,0.22589784860610962,0.35174885392189026,-0.10206322371959686,0.2044469714164734,0.2674921751022339,-0.11193858087062836,0.24376675486564636,0.6613456010818481,-0.03424068167805672,0.23434031009674072,0.6279503703117371,-0.09906214475631714,0.2635434567928314,0.6983031034469604,-0.11876054853200912,0.2779509127140045,0.747047483921051,-0.10919089615345001,0.2112245261669159,0.7241541743278503,-0.041573259979486465,0.21140795946121216,0.7014213800430298,-0.08871804177761078,0.24037379026412964,0.7541742324829102,-0.0910007506608963,0.25905004143714905,0.7970970273017883,-0.07752557098865509
0.34784436225891113,0.9333564043045044,8.613437216808961e-07,0.39782851934432983,0.8596354126930237,-0.04265649616718292,0.4095619320869446,0.7494186758995056,-0.05932624638080597,0.33789676427841187,0.6942413449287415,-0.07464268803596497,0.27238282561302185,0.684924840927124,-0.08690973371267319,0.3856686055660248,0.5691273212432861,-0.027354853227734566,0.39697644114494324,0.42151427268981934,-0.052734509110450745,0.39932775497436523,0.3304588794708252,-0.06751317530870438,0.39320164918899536,0.2570496201515198,-0.07525726407766342,0.3229663074016571,0.5751190185546875,-0.028992224484682083,0.28275221586227417,0.4242386817932129,-0.06160017102956772,0.26513347029685974,0.32967570424079895,-0.08445505052804947,0.2513924837112427,0.25351858139038086,-0.09349275380373001,0.2760927379131317,0.6184951066970825,-0.03509802743792534,0.28661394119262695,0.5816965103149414,-0.08609259873628616,0.3254314363002777,0.6282909512519836,-0.10785943269729614,0.3462222218513489,0.6686747074127197,-0.1057850793004036,0.2416321039199829,0.6780970692634583,-0.043873462826013565,0.27550727128982544,0.6578131318092346,-0.08165211975574493,0.3162940740585327,0.7094431519508362,-0.0865950956940651,0.3414592444896698,0.7604495882987976,-0.07869966328144073
0.3926355242729187,0.7868755459785461,7.289638119800657e-07,0.44965386390686035,0.7182416915893555,-0.03330499678850174,0.47764918208122253,0.6063535809516907,-0.042873576283454895,0.42396625876426697,0.541590690612793,-0.05351889133453369,0.36799952387809753,0.5296785831451416,-0.06173508241772652,0.46103546023368835,0.4946627616882324,-0.009000171907246113,0.48597073554992676,0.37101471424102783,-0.03019939549267292,0.49745267629623413,0.2960900664329529,-0.041943952441215515,0.5029698610305786,0.23498332500457764,-0.04734212905168533,0.41030415892601013,0.49559730291366577,-0.014111259952187538,0.3984662592411041,0.35859131813049316,-0.04532783478498459,0.39701443910598755,0.27233657240867615,-0.066207155585289,0.3943997621536255,0.20200899243354797,-0.07338522374629974,0.3670065701007843,0.5225808024406433,-0.024165354669094086,0.3797861337661743,0.48477381467819214,-0.07549440115690231,0.40184861421585083,0.5603384971618652,-0.08750231564044952,0.40784022212028503,0.6136662364006042,-0.07661425322294235,0.32972851395606995,0.5590088367462158,-0.03612310439348221,0.3446209728717804,0.512424886226654,-0.06732437759637833,0.3649996817111969,0.5570284724235535,-0.06139334291219711,0.37054407596588135,0.5976845026016235,-0.04706837609410286
0.36001184582710266,0.722998857498169,6.034375701347017e-07,0.40474334359169006,0.6594127416610718,-0.030522001907229424,0.42240336537361145,0.5603224635124207,-0.04098886251449585,0.3789219856262207,0.4963776767253876,-0.05247941240668297,0.3290955424308777,0.47831422090530396,-0.06122686341404915,0.40396612882614136,0.4473617970943451,-0.010077577084302902,0.4169430434703827,0.33694565296173096,-0.0318688228726387,0.4210456609725952,0.26812922954559326,-0.04473914951086044,0.42261913418769836,0.21211948990821838,-0.05098063871264458,0.36013373732566833,0.45153751969337463,-0.014226934872567654,0.33610638976097107,0.3287941813468933,-0.04422144591808319,0.32650986313819885,0.2504615783691406,-0.06359482556581497,0.3186791241168976,0.1881600320339203,-0.07013805210590363,0.3237166404724121,0.4816490113735199,-0.02280593477189541,0.3285669982433319,0.4464840292930603,-0.0707479789853096,0.35154426097869873,0.5102605819702148,-0.08248592168092728,0.36133816838264465,0.558815598487854,-0.0729050487279892,0.29434722661972046,0.5229988098144531,-0.03320381045341492,0.30830857157707214,0.4892474412918091,-0.06468946486711502,0.33041664958000183,0.5295315384864807,-0.062432676553726196,0.3401021659374237,0.566845178604126,-0.05054390802979469
0.3620477020740509,0.7398970723152161,6.24177914687607e-07,0.40772566199302673,0.6763324737548828,-0.03108731284737587,0.42406877875328064,0.5803415775299072,-0.042324572801589966,0.38366374373435974,0.5169318914413452,-0.0542173832654953,0.33652228116989136,0.5028406381607056,-0.06388579308986664,0.41609126329421997,0.4748319387435913,-0.013423812575638294,0.4351388216018677,0.36511754989624023,-0.03513624519109726,0.44349557161331177,0.2978167235851288,-0.0481899231672287,0.44643598794937134,0.2420651614665985,-0.054783981293439865,0.37201884388923645,0.4772823452949524,-0.017558615654706955,0.34948092699050903,0.35308992862701416,-0.04756499454379082,0.33958637714385986,0.2754867672920227,-0.06710370630025864,0.33054375648498535,0.21088173985481262,-0.0738566517829895,0.33464425802230835,0.5063672065734863,-0.025723647326231003,0.3410359025001526,0.4704037308692932,-0.07322517782449722,0.36231139302253723,0.5337852835655212,-0.08415809273719788,0.3694588840007782,0.580278754234314,-0.07412432879209518,0.3032926321029663,0.5453327298164368,-0.03556839004158974,0.316609263420105,0.5033694505691528,-0.06625504046678543,0.337007611989975,0.5429391264915466,-0.061789192259311676,0.34421345591545105,0.5807435512542725,-0.048528607934713364
0.34162887930870056,0.7720123529434204,6.147751605567464e-07,0.38585567474365234,0.7139572501182556,-0.028353236615657806,0.4018704295158386,0.620178759098053,-0.038708414882421494,0.3613359034061432,0.5641340017318726,-0.049733590334653854,0.31495213508605957,0.5527198314666748,-0.05847683921456337,0.39808523654937744,0.5093639492988586,-0.014438357204198837,0.4175474941730499,0.40414777398109436,-0.035842109471559525,0.4273877739906311,0.3397883474826813,-0.048256080597639084,0.43132948875427246,0.2866289019584656,-0.05430382117629051,0.35437703132629395,0.5091657638549805,-0.018511928617954254,0.3381175100803375,0.39170733094215393,-0.04692304506897926,0.330547034740448,0.31781119108200073,-0.06470440328121185,0.3218560814857483,0.25902125239372253,-0.07028020173311234,0.31717368960380554,0.5374991297721863,-0.026195043697953224,0.32546448707580566,0.5103549361228943,-0.06943300366401672,0.34962061047554016,0.5657817125320435,-0.08062714338302612,0.35922005772590637,0.6087462306022644,-0.07210411131381989,0.2871602773666382,0.5784852504730225,-0.03557070344686508,0.30960214138031006,0.5562294125556946,-0.0635857880115509,0.33115261793136597,0.5970177054405212,-0.061400819569826126,0.33888253569602966,0.6339489221572876,-0.05012555420398712
0.3192693591117859,0.8159739375114441,6.402005396921595e-07,0.3635609745979309,0.7558847665786743,-0.033133022487163544,0.3777523934841156,0.65632563829422,-0.04328050836920738,0.3270913362503052,0.6042882204055786,-0.05298733338713646,0.27665001153945923,0.5999315977096558,-0.06039394065737724,0.363630473613739,0.5456556677818298,-0.012641370296478271,0.37732812762260437,0.4363285303115845,-0.03166944906115532,0.3839571475982666,0.36785244941711426,-0.043625980615615845,0.38504573702812195,0.31280800700187683,-0.04980437457561493,0.31828728318214417,0.5483006834983826,-0.014563658274710178,0.29497218132019043,0.4330013394355774,-0.040109071880578995,0.28505757451057434,0.3577052652835846,-0.058026496320962906,0.2752929627895355,0.2955310642719269,-0.06452140212059021,0.2818748652935028,0.5770130753517151,-0.020876094698905945,0.29069656133651733,0.5467450022697449,-0.06348207592964172,0.31145307421684265,0.606516420841217,-0.07518481463193893,0.31684595346450806,0.6503957509994507,-0.06719429790973663,0.2520209550857544,0.6168189644813538,-0.029260916635394096,0.2678877115249634,0.581969678401947,-0.05775176361203194,0.28868383169174194,0.6222042441368103,-0.05511283129453659,0.2956048846244812,0.6597089767456055,-0.043792396783828735
0.3318612575531006,0.80567866563797,5.833672958033276e-07,0.37652167677879333,0.7436805963516235,-0.029157353565096855,0.39275509119033813,0.6496158838272095,-0.037629127502441406,0.3465155065059662,0.5998950600624084,-0.04674643278121948,0.29808953404426575,0.5934683680534363,-0.053770218044519424,0.3846246600151062,0.5506603121757507,-0.006889285519719124,0.4012424647808075,0.44638165831565857,-0.024799708276987076,0.40791356563568115,0.3821554183959961,-0.035937339067459106,0.41034483909606934,0.3297474682331085,-0.0416707806289196,0.34169885516166687,0.5514265298843384,-0.010058443062007427,0.3238189220428467,0.4383488893508911,-0.03446865826845169,0.3165109157562256,0.36728018522262573,-0.051237523555755615,0.309922993183136,0.30976518988609314,-0.05711354687809944,0.3065471947193146,0.5769846439361572,-0.017684489488601685,0.3129335343837738,0.5440588593482971,-0.0587463453412056,0.3336198627948761,0.6035489439964294,-0.06944353133440018,0.34064099192619324,0.6486951112747192,-0.06125929206609726,0.27787283062934875,0.6124262809753418,-0.027254553511738777,0.29172372817993164,0.5739870071411133,-0.05408881977200508,0.3114972412586212,0.6120321154594421,-0.05094045028090477,0.31903430819511414,0.6493973731994629,-0.03982741758227348
0.347247838973999,0.797834575176239,5.804201350656513e-07,0.3910532295703888,0.7393759489059448,-0.02709905616939068,0.4084259271621704,0.6499104499816895,-0.03566909581422806,0.36754220724105835,0.5991862416267395,-0.04535185545682907,0.3224107623100281,0.5939768552780151,-0.05318329855799675,0.3981863558292389,0.5550170540809631,-0.006598671432584524,0.4168579876422882,0.45654618740081787,-0.024728190153837204,0.42487141489982605,0.3948018550872803,-0.035940755158662796,0.4285939931869507,0.3445049524307251,-0.041762810200452805,0.35763052105903625,0.5570515394210815,-0.010778636671602726,0.3441668152809143,0.44779908657073975,-0.03547179326415062,0.3394658863544464,0.37853193283081055,-0.051665935665369034,0.33461397886276245,0.322074830532074,-0.05733510106801987,0.32369300723075867,0.5818611979484558,-0.01923464611172676,0.3314465880393982,0.5467414259910583,-0.060562994331121445,0.3495332598686218,0.6038143634796143,-0.0705825611948967,0.3549838364124298,0.6464887857437134,-0.06223249062895775,0.29577580094337463,0.616813600063324,-0.029322730377316475,0.31247201561927795,0.5776610374450684,-0.05585845559835434,0.3297377824783325,0.6147365570068359,-0.05226187780499458,0.3347664773464203,0.650253176689148,-0.04129798710346222
0.35945799946784973,0.7947729825973511,5.882818072677765e-07,0.40410396456718445,0.7415310740470886,-0.02743271179497242,0.4213920831680298,0.6545207500457764,-0.03533515706658363,0.3804170787334442,0.6046504378318787,-0.04430107772350311,0.3367815315723419,0.5933549404144287,-0.051163215190172195,0.408778578042984,0.5609477758407593,-0.004657191224396229,0.4242474436759949,0.46048980951309204,-0.022891940549016,0.4327879846096039,0.39859795570373535,-0.033993273973464966,0.43677178025245667,0.34935659170150757,-0.03921088948845863,0.37002032995224,0.5625924468040466,-0.008072655647993088,0.35337918996810913,0.45112472772598267,-0.033242177218198776,0.3469274044036865,0.3798343539237976,-0.05054190009832382,0.3397977948188782,0.3227897882461548,-0.05665556341409683,0.3365682065486908,0.5856494903564453,-0.015892596915364265,0.33700332045555115,0.5461581945419312,-0.057834867388010025,0.3565676808357239,0.6031764149665833,-0.06803648918867111,0.36404186487197876,0.6462292075157166,-0.059325482696294785,0.3082370162010193,0.6178937554359436,-0.025239581242203712,0.31621548533439636,0.5751395225524902,-0.051927804946899414,0.334169864654541,0.6098747849464417,-0.04814744368195534,0.34024378657341003,0.6438114047050476,-0.036746956408023834
0.36728206276893616,0.7928091287612915,5.082881671114592e-07,0.41258400678634644,0.7383663654327393,-0.023321447893977165,0.43235525488853455,0.6539179086685181,-0.03020663559436798,0.39435771107673645,0.6029508113861084,-0.03871021419763565,0.35315313935279846,0.5972294211387634,-0.04556281492114067,0.41210347414016724,0.5665284395217896,-0.0044387043453752995,0.4273659586906433,0.471731573343277,-0.020112883299589157,0.43409743905067444,0.4137731194496155,-0.0295729860663414,0.4370366930961609,0.36638951301574707,-0.034481730312108994,0.37526407837867737,0.5702654123306274,-0.00913875363767147,0.3605082333087921,0.46478891372680664,-0.03184238076210022,0.35471072793006897,0.39852428436279297,-0.04712338000535965,0.34778496623039246,0.34583714604377747,-0.052972275763750076,0.34508925676345825,0.594182014465332,-0.017390809953212738,0.3449218273162842,0.5473489761352539,-0.05553271248936653,0.3660953938961029,0.6023035049438477,-0.06305928528308868,0.37426233291625977,0.6466245055198669,-0.054159969091415405,0.3196653127670288,0.6272753477096558,-0.026941677555441856,0.3264452815055847,0.5760308504104614,-0.05046755075454712,0.34640565514564514,0.6063856482505798,-0.045283783227205276,0.3548295497894287,0.6404904127120972,-0.03402700647711754
0.3576366901397705,0.7787688970565796,4.116538150356064e-07,0.402008056640625,0.7285502552986145,-0.02307654358446598,0.42224597930908203,0.6505904793739319,-0.028382165357470512,0.392607182264328,0.596222460269928,-0.034567028284072876,0.3554685413837433,0.5816437602043152,-0.03920011594891548,0.41158825159072876,0.5722686052322388,-0.0037768431939184666,0.42955195903778076,0.4836418330669403,-0.01628362387418747,0.4376524090766907,0.4314170181751251,-0.023386621847748756,0.4416685700416565,0.3888387978076935,-0.02606230415403843,0.3768361806869507,0.5716527104377747,-0.0068091098219156265,0.36679455637931824,0.4739648103713989,-0.027516253292560577,0.36232948303222656,0.411379873752594,-0.04258044436573982,0.3562990725040436,0.36007338762283325,-0.04804402217268944,0.34687694907188416,0.5901277661323547,-0.013378765434026718,0.34744665026664734,0.5498637557029724,-0.04859517514705658,0.36394333839416504,0.6040642857551575,-0.057655904442071915,0.3713701665401459,0.6461555361747742,-0.05024176463484764,0.3217872381210327,0.6158724427223206,-0.021379277110099792,0.3229382038116455,0.5612025260925293,-0.04045004025101662,0.33451324701309204,0.5535674095153809,-0.03854256868362427,0.3412875235080719,0.5507014989852905,-0.03138872608542442
0.361922025680542,0.7867194414138794,4.1531313854648033e-07,0.3994901478290558,0.7407070398330688,-0.018974468111991882,0.41252774000167847,0.6707852482795715,-0.02342238649725914,0.37751972675323486,0.6358826756477356,-0.02866821177303791,0.34199368953704834,0.6340208053588867,-0.032618314027786255,0.39909103512763977,0.5940616130828857,-0.004475020337849855,0.41279172897338867,0.5140252709388733,-0.015667757019400597,0.41902491450309753,0.4657176733016968,-0.022095996886491776,0.4210752248764038,0.42564117908477783,-0.02505967766046524,0.36726105213165283,0.5962916016578674,-0.007135656196624041,0.3555091619491577,0.5101721882820129,-0.022800985723733902,0.35113808512687683,0.45471540093421936,-0.03432118147611618,0.3463399410247803,0.4097411632537842,-0.038816869258880615,0.3413180708885193,0.6160886883735657,-0.012586251832544804,0.346157044172287,0.5899823307991028,-0.04065064713358879,0.36481428146362305,0.6296643614768982,-0.0499388724565506,0.37215831875801086,0.6615325212478638,-0.04561639204621315,0.320478230714798,0.6435039639472961,-0.019122855737805367,0.33386534452438354,0.6174675226211548,-0.037025123834609985,0.3518865704536438,0.6447184085845947,-0.035736922174692154,0.35961195826530457,0.673897385597229,-0.028865307569503784
0.35580649971961975,0.8012501001358032,4.2142244183196453e-07,0.3926067650318146,0.7603958249092102,-0.01885717548429966,0.4075528383255005,0.6954332590103149,-0.023923637345433235,0.37911611795425415,0.6550951600074768,-0.02956564910709858,0.34681951999664307,0.6453472971916199,-0.03419926017522812,0.3966172933578491,0.6227360367774963,-0.006619974970817566,0.4122173488140106,0.5459539294242859,-0.018830670043826103,0.4193494915962219,0.49805980920791626,-0.025893451645970345,0.4218999147415161,0.45884090662002563,-0.028950894251465797,0.3658074736595154,0.6227219700813293,-0.008752192370593548,0.3550240397453308,0.5379927158355713,-0.026123907417058945,0.3496705889701843,0.4834592938423157,-0.038530219346284866,0.3450378179550171,0.4381754398345947,-0.04311554506421089,0.3402229845523834,0.6398295164108276,-0.013224571011960506,0.3407452702522278,0.6092151999473572,-0.04370373860001564,0.35593852400779724,0.6489222645759583,-0.053048450499773026,0.3633764088153839,0.6814218163490295,-0.0479465015232563,0.3195171058177948,0.6641772389411926,-0.01838344894349575,0.32729509472846985,0.6315873861312866,-0.03941384702920914,0.34538111090660095,0.6602250933647156,-0.038056280463933945,0.3557113707065582,0.6924254894256592,-0.03002827987074852
0.3554547131061554,0.8089887499809265,3.929578724637395e-07,0.3941968083381653,0.7694084048271179,-0.015026607550680637,0.40994250774383545,0.7046021819114685,-0.017121082171797752,0.38087913393974304,0.6646751761436462,-0.019861500710248947,0.3492901921272278,0.6553183197975159,-0.021849438548088074,0.4004710614681244,0.6411812901496887,-0.0019218494417145848,0.4146884083747864,0.5677829384803772,-0.010995394550263882,0.4222322404384613,0.5229446887969971,-0.015993360430002213,0.42560264468193054,0.48678329586982727,-0.017696106806397438,0.3708529472351074,0.641818642616272,-0.0046290322206914425,0.36287015676498413,0.5579946637153625,-0.016744326800107956,0.3594311475753784,0.5065978169441223,-0.02585303783416748,0.3562854528427124,0.4643440842628479,-0.028782008215785027,0.3463688790798187,0.6580008268356323,-0.00957547128200531,0.3463502824306488,0.623651385307312,-0.03530792519450188,0.35834160447120667,0.653644323348999,-0.04404688626527786,0.36431387066841125,0.6777815818786621,-0.04022597521543503,0.327008455991745,0.6819968819618225,-0.01492239162325859,0.33601415157318115,0.6493294835090637,-0.033869583159685135,0.35387110710144043,0.6793075203895569,-0.032177992165088654,0.3645257353782654,0.7131001353263855,-0.024681946262717247
0.3576931655406952,0.7929739356040955,3.844554044007964e-07,0.39432117342948914,0.7519974708557129,-0.01658371277153492,0.4068552553653717,0.6922073364257812,-0.020309628918766975,0.3823559880256653,0.6508978605270386,-0.024783996865153313,0.354129433631897,0.63669753074646,-0.027844151481986046,0.39838871359825134,0.6300942301750183,-0.0031339789275079966,0.41259586811065674,0.558786928653717,-0.012772638350725174,0.418727308511734,0.515626847743988,-0.017820436507463455,0.42034298181533813,0.4812760055065155,-0.01946723647415638,0.3714849054813385,0.631686806678772,-0.004647967871278524,0.3633212149143219,0.5531112551689148,-0.01841130666434765,0.35940325260162354,0.5029911994934082,-0.027840837836265564,0.3548223376274109,0.4642035961151123,-0.030659357085824013,0.3476485311985016,0.648395299911499,-0.008687685243785381,0.3514837622642517,0.6230595707893372,-0.034707169979810715,0.3658357560634613,0.6608535051345825,-0.042531196027994156,0.37198349833488464,0.6917210817337036,-0.03734446316957474,0.3277876377105713,0.6714743375778198,-0.013413378037512302,0.33789148926734924,0.6455510854721069,-0.03124230168759823,0.35415583848953247,0.6698291897773743,-0.03036257065832615,0.36264482140541077,0.6963967680931091,-0.023375190794467926
0.3689406216144562,0.7699874639511108,3.747066443793301e-07,0.40186136960983276,0.7272157073020935,-0.013048920780420303,0.41473206877708435,0.6683675646781921,-0.015527562238276005,0.3914247751235962,0.6295539736747742,-0.019410081207752228,0.3618510961532593,0.6206642985343933,-0.022153226658701897,0.40425217151641846,0.6176254153251648,-0.0010454882867634296,0.41796717047691345,0.5470781326293945,-0.009982410818338394,0.4248276352882385,0.5068216323852539,-0.01397784985601902,0.42706573009490967,0.47607362270355225,-0.014499908313155174,0.3784928619861603,0.6182083487510681,-0.004144233651459217,0.37151050567626953,0.5380944013595581,-0.016589077189564705,0.3699776530265808,0.4901292026042938,-0.024115972220897675,0.36672443151474,0.45425552129745483,-0.025360893458127975,0.35544687509536743,0.6330311298370361,-0.009654953144490719,0.3623063564300537,0.6063864827156067,-0.033532723784446716,0.3769145607948303,0.6420376300811768,-0.04034237191081047,0.3826897442340851,0.6723384857177734,-0.03474041074514389,0.3353269398212433,0.6537829041481018,-0.015644604340195656,0.3456016778945923,0.624719500541687,-0.02997947297990322,0.3619104325771332,0.6431599855422974,-0.027744518592953682,0.3703218102455139,0.666418194770813,-0.020573358982801437
0.3617667555809021,0.7412144541740417,2.5870164677144203e-07,0.3989080488681793,0.6991631984710693,-0.015126869082450867,0.41500118374824524,0.6347483396530151,-0.015542394481599331,0.3937607407569885,0.589259922504425,-0.016236456111073494,0.3635154366493225,0.5831053853034973,-0.016185952350497246,0.4078979790210724,0.589409589767456,0.001136274542659521,0.4214460849761963,0.5201161503791809,-0.0038436981849372387,0.42832645773887634,0.4808904826641083,-0.006621226668357849,0.4300599992275238,0.4496976137161255,-0.00631906371563673,0.3817802965641022,0.5849074721336365,-0.0005348167032934725,0.3766043484210968,0.5087107419967651,-0.010218756273388863,0.37538018822669983,0.46176671981811523,-0.019148986786603928,0.37094247341156006,0.4249151349067688,-0.02153286151587963,0.3580127954483032,0.5945016741752625,-0.004788907710462809,0.361351877450943,0.5698491334915161,-0.025513242930173874,0.37492862343788147,0.6058766841888428,-0.034010082483291626,0.3806607723236084,0.633933961391449,-0.030228758230805397,0.33540990948677063,0.6101148128509521,-0.00989221315830946,0.3294064700603485,0.5647115111351013,-0.018483636900782585,0.3311638832092285,0.5407081842422485,-0.017425822094082832,0.3315006196498871,0.5219377279281616,-0.013510678894817829
0.3761928081512451,0.6632876396179199,3.721783912169485e-07,0.41223376989364624,0.616915225982666,-0.01034970860928297,0.4170028567314148,0.5563033819198608,-0.010492986999452114,0.39384543895721436,0.5181693434715271,-0.01188852358609438,0.3652561902999878,0.5125709176063538,-0.012619621120393276,0.4180811643600464,0.5205010771751404,0.002113162539899349,0.43035346269607544,0.45441269874572754,-0.0038157759699970484,0.4361400306224823,0.41444575786590576,-0.006796635687351227,0.43795323371887207,0.384136438369751,-0.007397118490189314,0.39003923535346985,0.5176775455474854,0.0003025828627869487,0.38336655497550964,0.44661033153533936,-0.008598259650170803,0.3781573176383972,0.40206533670425415,-0.01565500907599926,0.37206029891967773,0.3692917227745056,-0.017512314021587372,0.36458340287208557,0.5282865166664124,-0.003481694497168064,0.3634096384048462,0.5003528594970703,-0.021037328988313675,0.3765076994895935,0.5310962796211243,-0.02790849469602108,0.38465452194213867,0.5590134263038635,-0.02460131235420704,0.3422812223434448,0.545174241065979,-0.007730460725724697,0.34822049736976624,0.5213416814804077,-0.017491621896624565,0.36087775230407715,0.5348114371299744,-0.016606008633971214,0.36920106410980225,0.5517255663871765,-0.011858799494802952
0.3850569725036621,0.6384263038635254,3.3736500881786924e-07,0.4171164035797119,0.591123640537262,-0.011277345940470695,0.424735426902771,0.5339218974113464,-0.012646307237446308,0.40466004610061646,0.4921247661113739,-0.015141180716454983,0.37719887495040894,0.48319903016090393,-0.016386404633522034,0.4240455627441406,0.49449095129966736,0.0013126414269208908,0.43758365511894226,0.42854246497154236,-0.005757334642112255,0.44314345717430115,0.3896610736846924,-0.009617282077670097,0.4447060823440552,0.35989370942115784,-0.010897867381572723,0.3978968560695648,0.4912671744823456,-0.0005842115497216582,0.38804006576538086,0.4190119504928589,-0.010769248940050602,0.383548766374588,0.37540072202682495,-0.017884422093629837,0.37876665592193604,0.3418058156967163,-0.01964230090379715,0.37466564774513245,0.5027109384536743,-0.00453606341034174,0.376456081867218,0.4764026701450348,-0.022711889818310738,0.38866478204727173,0.5046241879463196,-0.02830384112894535,0.39417293667793274,0.5295960903167725,-0.024081304669380188,0.35470250248908997,0.5212854743003845,-0.009181609377264977,0.3626392185688019,0.4996388256549835,-0.019603850319981575,0.3754553198814392,0.5129507780075073,-0.018064040690660477,0.38270628452301025,0.5301589965820312,-0.01247828733175993
0.3973830044269562,0.6031832695007324,4.0243747889689985e-07,0.430275022983551,0.5578467845916748,-0.015520492568612099,0.43807452917099,0.4969269037246704,-0.018995800986886024,0.4151724874973297,0.4509812593460083,-0.022959912195801735,0.38560375571250916,0.44265803694725037,-0.025693045929074287,0.4354460835456848,0.45990878343582153,-0.003715764032676816,0.44933798909187317,0.39223843812942505,-0.013944144360721111,0.45524951815605164,0.3501582145690918,-0.019335148856043816,0.4575355648994446,0.3174380958080292,-0.021219223737716675,0.40783238410949707,0.4579964280128479,-0.005097825080156326,0.3984445631504059,0.38085806369781494,-0.019008170813322067,0.39332062005996704,0.33298808336257935,-0.02726849913597107,0.38783377408981323,0.2968940734863281,-0.02911721169948578,0.38400956988334656,0.47117581963539124,-0.008835997432470322,0.38498997688293457,0.445751428604126,-0.03341096639633179,0.39927491545677185,0.4782918691635132,-0.039747454226017,0.40630748867988586,0.5077308416366577,-0.03402581810951233,0.36273300647735596,0.4918074607849121,-0.013315007090568542,0.36967533826828003,0.46217554807662964,-0.028475990518927574,0.3857194185256958,0.4748077392578125,-0.026719171553850174,0.39663001894950867,0.4935639500617981,-0.02007208578288555
0.3953113853931427,0.5752562284469604,3.987834986673988e-07,0.427448570728302,0.5286791920661926,-0.014026368036866188,0.43504226207733154,0.46709010004997253,-0.017744172364473343,0.41149622201919556,0.4224332869052887,-0.022509075701236725,0.3814986050128937,0.4129650890827179,-0.026152823120355606,0.4326384663581848,0.4250519275665283,-0.004683352075517178,0.4463907480239868,0.35198497772216797,-0.01534492801874876,0.4522590637207031,0.30827367305755615,-0.020771406590938568,0.45443251729011536,0.27412551641464233,-0.0226746816188097,0.4047063887119293,0.42397603392601013,-0.0075775752775371075,0.39408132433891296,0.34413933753967285,-0.022310815751552582,0.3874374330043793,0.29407912492752075,-0.03128037601709366,0.38052454590797424,0.25600114464759827,-0.03364945948123932,0.3805806636810303,0.43879207968711853,-0.012450727634131908,0.3791308104991913,0.4106319546699524,-0.03765217959880829,0.39426305890083313,0.44445374608039856,-0.0433867946267128,0.40206271409988403,0.4743184447288513,-0.03719960153102875,0.3594793379306793,0.4619007110595703,-0.0179438516497612,0.36294296383857727,0.42901334166526794,-0.03394900634884834,0.37989988923072815,0.44327613711357117,-0.03144568204879761,0.3923596739768982,0.4638993740081787,-0.023936135694384575
0.39155900478363037,0.5550985336303711,4.0755176655693504e-07,0.421569287776947,0.5159311294555664,-0.01857745833694935,0.4297592043876648,0.4558122158050537,-0.024655794724822044,0.4020705223083496,0.4132286608219147,-0.030824244022369385,0.3724384009838104,0.39793142676353455,-0.03567180410027504,0.4279569983482361,0.39389538764953613,-0.010208405554294586,0.44035565853118896,0.3212839663028717,-0.024412870407104492,0.44527262449264526,0.27629953622817993,-0.031974129378795624,0.44631123542785645,0.24120543897151947,-0.03501857817173004,0.39896291494369507,0.3941878378391266,-0.011324753053486347,0.38557493686676025,0.3165524899959564,-0.03008817881345749,0.3774617910385132,0.267109215259552,-0.04115729033946991,0.3707660436630249,0.22854463756084442,-0.044064875692129135,0.3753548860549927,0.41154035925865173,-0.014623064547777176,0.36878207325935364,0.3915652334690094,-0.04280700907111168,0.38223975896835327,0.42852526903152466,-0.048859015107154846,0.3908633589744568,0.45708611607551575,-0.042062465101480484,0.35640472173690796,0.43677884340286255,-0.01886623166501522,0.356766015291214,0.4154275059700012,-0.038045503199100494,0.37092164158821106,0.439059853553772,-0.03595515713095665,0.3811916708946228,0.4618096649646759,-0.02748490683734417
0.3887251019477844,0.550240159034729,3.8768175159020757e-07,0.41930055618286133,0.5086909532546997,-0.018872903659939766,0.42581409215927124,0.4454026222229004,-0.025287458673119545,0.3995305001735687,0.400253027677536,-0.03169204294681549,0.3696255385875702,0.3869946002960205,-0.03670750930905342,0.42216554284095764,0.3806980550289154,-0.011110451072454453,0.4334571361541748,0.30744287371635437,-0.02422930672764778,0.43749290704727173,0.2623555660247803,-0.03169616684317589,0.43774065375328064,0.22608281672000885,-0.03542754054069519,0.39332202076911926,0.38278627395629883,-0.012708174996078014,0.3777822256088257,0.3033747375011444,-0.03093661367893219,0.3697590231895447,0.25320786237716675,-0.042018525302410126,0.3628292381763458,0.21351240575313568,-0.04561171308159828,0.36988434195518494,0.4028046429157257,-0.016277089715003967,0.36717650294303894,0.3778761327266693,-0.044292151927948,0.38095396757125854,0.4148465394973755,-0.049458034336566925,0.38829928636550903,0.44453027844429016,-0.042578261345624924,0.3514997363090515,0.4304412007331848,-0.02090447023510933,0.3546718657016754,0.4038013517856598,-0.04014807939529419,0.36846548318862915,0.42745259404182434,-0.03734889253973961,0.37743014097213745,0.45174214243888855,-0.0288429856300354
0.3892958462238312,0.5773367881774902,4.1268319250775676e-07,0.42325639724731445,0.5336035490036011,-0.01652490347623825,0.4355190694332123,0.4708278179168701,-0.02184000238776207,0.41328516602516174,0.42661190032958984,-0.028007201850414276,0.3820922374725342,0.4127526879310608,-0.03296661004424095,0.41843679547309875,0.41521981358528137,-0.00820557214319706,0.43102508783340454,0.33956462144851685,-0.018942546099424362,0.4375656247138977,0.298173725605011,-0.024897461757063866,0.4415113031864166,0.26285481452941895,-0.02757645584642887,0.3906613886356354,0.41639676690101624,-0.010656026192009449,0.3797018527984619,0.33334463834762573,-0.026155944913625717,0.3773983120918274,0.28265565633773804,-0.03587093576788902,0.3749299645423889,0.2405175417661667,-0.03947973623871803,0.36673811078071594,0.4338808059692383,-0.01507852878421545,0.37494465708732605,0.39854830503463745,-0.042141422629356384,0.39145442843437195,0.44307464361190796,-0.04611727222800255,0.3967726230621338,0.48073139786720276,-0.03863726928830147,0.3471503257751465,0.45941102504730225,-0.020362108945846558,0.3569549024105072,0.41757234930992126,-0.038828883320093155,0.37720823287963867,0.4363100230693817,-0.03521950542926788,0.3890683650970459,0.46300333738327026,-0.02663051337003708
0.38296329975128174,0.594786524772644,5.058803367319342e-07,0.4181089997291565,0.5530463457107544,-0.01866396889090538,0.4378955364227295,0.49579790234565735,-0.02634814940392971,0.4267520606517792,0.44808804988861084,-0.03516550362110138,0.3959313929080963,0.43468159437179565,-0.0420849435031414,0.40223172307014465,0.44218510389328003,-0.008107746951282024,0.41055604815483093,0.3630085587501526,-0.019574690610170364,0.4172682762145996,0.3221781849861145,-0.025520293042063713,0.42142659425735474,0.28669631481170654,-0.027204884216189384,0.37752482295036316,0.4410092234611511,-0.010062155313789845,0.3700946569442749,0.35280823707580566,-0.026532867923378944,0.3736853301525116,0.29847484827041626,-0.0359409861266613,0.3767215311527252,0.2559586465358734,-0.03845757991075516,0.35562723875045776,0.45384886860847473,-0.014867812395095825,0.3755458891391754,0.4212413728237152,-0.04639411345124245,0.3914990723133087,0.47121572494506836,-0.05285901948809624,0.3966327905654907,0.516596257686615,-0.045033905655145645,0.33871951699256897,0.4747171700000763,-0.02064630016684532,0.3602556884288788,0.43417593836784363,-0.04319709911942482,0.386307030916214,0.4462853968143463,-0.043256018310785294,0.4031814932823181,0.46963271498680115,-0.036347292363643646
0.37806960940361023,0.6079291701316833,5.03444425703492e-07,0.4114261269569397,0.5674227476119995,-0.015799615532159805,0.43023625016212463,0.5124508738517761,-0.023898093029856682,0.4273127615451813,0.468858540058136,-0.033967453986406326,0.40204739570617676,0.45092839002609253,-0.04198440536856651,0.393081933259964,0.44780537486076355,-0.007458019070327282,0.4006401598453522,0.37405261397361755,-0.020504439249634743,0.4073924720287323,0.33426451683044434,-0.027783792465925217,0.4118537902832031,0.30017682909965515,-0.029997648671269417,0.37031540274620056,0.4485618770122528,-0.011540492996573448,0.3677232265472412,0.3630709648132324,-0.029965823516249657,0.37304627895355225,0.3082793951034546,-0.040602907538414,0.3771107494831085,0.2647395133972168,-0.043354880064725876,0.34991705417633057,0.4615643620491028,-0.01825447753071785,0.37965959310531616,0.43477892875671387,-0.049613483250141144,0.3947250247001648,0.48451557755470276,-0.054988667368888855,0.397192120552063,0.5258291363716125,-0.046513453125953674,0.3359540104866028,0.48263898491859436,-0.02603098750114441,0.3667229115962982,0.44544121623039246,-0.04657240957021713,0.3906673491001129,0.45696520805358887,-0.04505696892738342,0.404380202293396,0.47647058963775635,-0.037268780171871185
0.3628092408180237,0.6227433681488037,5.06326387039735e-07,0.3998241126537323,0.5793814063072205,-0.014406785368919373,0.421017050743103,0.5226966142654419,-0.023617183789610863,0.42439067363739014,0.48148632049560547,-0.03531740605831146,0.4035049080848694,0.46640995144844055,-0.04484795778989792,0.37867990136146545,0.45218411087989807,-0.00880113709717989,0.38719990849494934,0.3803298771381378,-0.023584725335240364,0.3927302658557892,0.33764615654945374,-0.03211112320423126,0.3970715403556824,0.3016926050186157,-0.035614922642707825,0.35548651218414307,0.45583656430244446,-0.015257083810865879,0.35926491022109985,0.37148505449295044,-0.03578663989901543,0.3684505224227905,0.3174159526824951,-0.04642980918288231,0.3767770230770111,0.2740103006362915,-0.04913976788520813,0.33650675415992737,0.4709681272506714,-0.024190077558159828,0.3824244439601898,0.44386565685272217,-0.05572013556957245,0.39663347601890564,0.4942362606525421,-0.0587376169860363,0.3956867456436157,0.5316870212554932,-0.049228716641664505,0.3279121220111847,0.4940010905265808,-0.03444799780845642,0.37028589844703674,0.4577603042125702,-0.05410529300570488,0.3895813226699829,0.47507259249687195,-0.05083988234400749,0.3968762159347534,0.4947866201400757,-0.04223232716321945
0.3516043424606323,0.6286519765853882,4.849893571190478e-07,0.39010289311408997,0.5833266377449036,-0.010496952570974827,0.41208505630493164,0.5245294570922852,-0.01899142749607563,0.4169772267341614,0.48165085911750793,-0.030854344367980957,0.39696282148361206,0.4712003469467163,-0.040501195937395096,0.366012305021286,0.4533591568470001,-0.005860548932105303,0.3740359842777252,0.3853612542152405,-0.02133534662425518,0.3790150284767151,0.3419651985168457,-0.030879566445946693,0.3822788596153259,0.30502352118492126,-0.03609023243188858,0.34358876943588257,0.4570053219795227,-0.015032864175736904,0.3488870859146118,0.37573757767677307,-0.037094730883836746,0.3591144382953644,0.3217899203300476,-0.048790425062179565,0.3671136498451233,0.2779667377471924,-0.05271860584616661,0.3258972465991974,0.4720895290374756,-0.02630425989627838,0.3755379915237427,0.44430994987487793,-0.05587314814329147,0.38843220472335815,0.4931911826133728,-0.056421730667352676,0.3845985233783722,0.5267821550369263,-0.04658295586705208,0.3200688362121582,0.4947535991668701,-0.03897382691502571,0.36641377210617065,0.46440228819847107,-0.056855395436286926,0.38049399852752686,0.4924207925796509,-0.05232451483607292,0.38028883934020996,0.5171988606452942,-0.04350133240222931
0.3471238315105438,0.6315732598304749,4.865001415055303e-07,0.38612115383148193,0.585796594619751,-0.012120436877012253,0.40827280282974243,0.5263421535491943,-0.02073022909462452,0.4129900634288788,0.4810439944267273,-0.03250214457511902,0.39165255427360535,0.47368499636650085,-0.04213840514421463,0.36046624183654785,0.4563453495502472,-0.004785480909049511,0.3694172501564026,0.38812702894210815,-0.0195192638784647,0.37427088618278503,0.3447558283805847,-0.029149485751986504,0.3773323595523834,0.30740541219711304,-0.03457743301987648,0.3393775522708893,0.45906972885131836,-0.012650210410356522,0.3451361358165741,0.3799552321434021,-0.03372633829712868,0.35417819023132324,0.3267252445220947,-0.04556309059262276,0.36169254779815674,0.2826119065284729,-0.0499081164598465,0.32268428802490234,0.47348231077194214,-0.02289905585348606,0.37234804034233093,0.4449288547039032,-0.051998164504766464,0.3846404552459717,0.49295756220817566,-0.05342390760779381,0.3808261454105377,0.5282208919525146,-0.044257164001464844,0.31725654006004333,0.4953702986240387,-0.034735579043626785,0.36262884736061096,0.4609609544277191,-0.05254676192998886,0.3779338300228119,0.4843868017196655,-0.04888763278722763,0.37999117374420166,0.5080387592315674,-0.040739528834819794
0.3497160077095032,0.6277633905410767,4.7339631237264257e-07,0.3878597021102905,0.5833272337913513,-0.01082134060561657,0.4080686867237091,0.5244700312614441,-0.017823155969381332,0.41138771176338196,0.4833076298236847,-0.027775246649980545,0.39277392625808716,0.4719110429286957,-0.035319987684488297,0.36549803614616394,0.4568658173084259,-0.00491294264793396,0.37178662419319153,0.3871118426322937,-0.017724202945828438,0.37554311752319336,0.34464094042778015,-0.025951091200113297,0.37858712673187256,0.30853235721588135,-0.030361605808138847,0.3431209623813629,0.45993226766586304,-0.013191835023462772,0.3448963165283203,0.3776198625564575,-0.03284585848450661,0.35406777262687683,0.3235466480255127,-0.04464172571897507,0.3639015555381775,0.28022244572639465,-0.04905610904097557,0.3246021568775177,0.47548994421958923,-0.023480843752622604,0.3697410225868225,0.44729605317115784,-0.052500560879707336,0.3830597698688507,0.49713775515556335,-0.05375181883573532,0.38126033544540405,0.5347328186035156,-0.04424877092242241,0.31792646646499634,0.49889981746673584,-0.035133425146341324,0.35914066433906555,0.460693895816803,-0.05320296436548233,0.3796166777610779,0.4732848107814789,-0.04927302524447441,0.388508677482605,0.48925286531448364,-0.040939200669527054
0.35719597339630127,0.6296548247337341,4.987564921066223e-07,0.39157751202583313,0.5861901640892029,-0.012174704112112522,0.4112336039543152,0.5302577614784241,-0.020405959337949753,0.41430091857910156,0.4875965416431427,-0.0315002016723156,0.39373013377189636,0.4734242856502533,-0.04041174426674843,0.3695775270462036,0.4587998390197754,-0.0060447813011705875,0.3753688335418701,0.3884519040584564,-0.01869429275393486,0.37997856736183167,0.3470677435398102,-0.02646220102906227,0.3839308023452759,0.31146833300590515,-0.03012961521744728,0.34737688302993774,0.46159350872039795,-0.013090260326862335,0.34783485531806946,0.3818139135837555,-0.03248788043856621,0.3561013638973236,0.3277854919433594,-0.04415428265929222,0.3651578426361084,0.2847243547439575,-0.048477210104465485,0.3279684782028198,0.4766368269920349,-0.022270869463682175,0.36950719356536865,0.4502836763858795,-0.05254492536187172,0.38462892174720764,0.5011813640594482,-0.05583754554390907,0.3858155608177185,0.5410990715026855,-0.047155968844890594,0.31885960698127747,0.49998247623443604,-0.0326591320335865,0.35764309763908386,0.46348872780799866,-0.052117083221673965,0.3812679648399353,0.4734528958797455,-0.04995065554976463,0.3939419388771057,0.48907890915870667,-0.04252898320555687
0.3649534583091736,0.6293450593948364,5.017714101995807e-07,0.39756932854652405,0.587921142578125,-0.01723221130669117,0.4162234663963318,0.5328368544578552,-0.025425458326935768,0.40833303332328796,0.4874042868614197,-0.035224009305238724,0.3807729482650757,0.47156673669815063,-0.0430462472140789,0.37920644879341125,0.4734964966773987,-0.008098236285150051,0.3853718042373657,0.39908915758132935,-0.022259417921304703,0.39080026745796204,0.35821568965911865,-0.02964475378394127,0.3929104208946228,0.3231467306613922,-0.031752556562423706,0.35700348019599915,0.47294652462005615,-0.011253168806433678,0.3549603819847107,0.38773950934410095,-0.03039471060037613,0.3585854768753052,0.33323466777801514,-0.04095589742064476,0.35981374979019165,0.2912646234035492,-0.04329456388950348,0.33715134859085083,0.4843311309814453,-0.01721499301493168,0.36316561698913574,0.4578844904899597,-0.04904472455382347,0.37712371349334717,0.5035246014595032,-0.05561699718236923,0.3798243999481201,0.542603075504303,-0.0477030873298645,0.3225010931491852,0.5035388469696045,-0.024175532162189484,0.35061904788017273,0.4717952609062195,-0.0447101891040802,0.3725074827671051,0.4917193055152893,-0.043495409190654755,0.38493824005126953,0.5189018845558167,-0.035619691014289856
0.36109960079193115,0.6307854056358337,4.0774696685730305e-07,0.3953601121902466,0.5871001482009888,-0.0184429083019495,0.4126932621002197,0.5245227217674255,-0.02320847474038601,0.39094945788383484,0.47748875617980957,-0.027983196079730988,0.3598250150680542,0.46508362889289856,-0.030907055363059044,0.3868812918663025,0.48413246870040894,-0.0054242475889623165,0.39646807312965393,0.4038660526275635,-0.013440238311886787,0.4031461477279663,0.36505305767059326,-0.01669127680361271,0.40570178627967834,0.3315023183822632,-0.017284322530031204,0.36288222670555115,0.4814339578151703,-0.0054301307536661625,0.3533047139644623,0.3922707736492157,-0.017171500250697136,0.3526940643787384,0.3432409167289734,-0.023933429270982742,0.34913766384124756,0.30260300636291504,-0.02557358145713806,0.3413388133049011,0.49156302213668823,-0.008072380907833576,0.3550533056259155,0.4488660991191864,-0.03343036770820618,0.3717297911643982,0.4927888512611389,-0.03784310445189476,0.37519294023513794,0.5301159024238586,-0.03072609379887581,0.3227224349975586,0.5087028741836548,-0.01172998920083046,0.3371335566043854,0.470315158367157,-0.030750183388590813,0.35881659388542175,0.49309706687927246,-0.02945323847234249,0.3699049949645996,0.5231612920761108,-0.022374287247657776
0.3604779839515686,0.6273052096366882,3.840232523089071e-07,0.39413270354270935,0.5837321281433105,-0.016917921602725983,0.41005581617355347,0.5230231881141663,-0.021429894492030144,0.38659003376960754,0.4804536998271942,-0.026664769276976585,0.3553733825683594,0.4671560227870941,-0.030533403158187866,0.38580769300460815,0.4785205125808716,-0.0048711225390434265,0.3950275778770447,0.4024868309497833,-0.014583327807486057,0.40031081438064575,0.3622409403324127,-0.01932046189904213,0.40306222438812256,0.32793083786964417,-0.020628048107028008,0.3608294725418091,0.47845345735549927,-0.006425229366868734,0.3504548668861389,0.39386215806007385,-0.019959406927227974,0.3483743965625763,0.34424757957458496,-0.028416046872735023,0.3453070819377899,0.30459555983543396,-0.031079119071364403,0.339356005191803,0.4914061725139618,-0.010489283129572868,0.3499673306941986,0.45307812094688416,-0.03677171841263771,0.36701303720474243,0.4937805235385895,-0.042290132492780685,0.3724205195903778,0.5297123789787292,-0.035820044577121735,0.3209276795387268,0.510925829410553,-0.01540334615856409,0.32920941710472107,0.4698486626148224,-0.03320518136024475,0.3494870364665985,0.4872540533542633,-0.031026901677250862,0.3613568842411041,0.5141023993492126,-0.02362104505300522
0.357881635427475,0.6270809173583984,3.5882152360500186e-07,0.3906065821647644,0.5807012915611267,-0.017288679257035255,0.4035928249359131,0.5172749757766724,-0.021365374326705933,0.37831008434295654,0.47115421295166016,-0.025379683822393417,0.34668558835983276,0.4584648013114929,-0.02772330678999424,0.38833823800086975,0.47368937730789185,-0.005256736651062965,0.39886021614074707,0.398784339427948,-0.012965346686542034,0.4030091166496277,0.3583107590675354,-0.01652347855269909,0.40379253029823303,0.325198233127594,-0.017705492675304413,0.3616521954536438,0.47324374318122864,-0.005703702103346586,0.3488318920135498,0.39062103629112244,-0.01735389418900013,0.3456833064556122,0.343283474445343,-0.02494867518544197,0.3419977128505707,0.30671942234039307,-0.02726578153669834,0.33903074264526367,0.4871600866317749,-0.008370819501578808,0.34617549180984497,0.45424187183380127,-0.03181501477956772,0.36341002583503723,0.493205189704895,-0.03713380545377731,0.36944499611854553,0.5260654091835022,-0.031427204608917236,0.3196529448032379,0.5077161192893982,-0.011931022629141808,0.32825157046318054,0.4761667847633362,-0.028238514438271523,0.3474246859550476,0.4948093295097351,-0.026698505505919456,0.35849371552467346,0.5186140537261963,-0.020159920677542686
0.35378503799438477,0.6284225583076477,3.3369704510732845e-07,0.3864213228225708,0.5809033513069153,-0.01536356657743454,0.39573273062705994,0.5171872973442078,-0.01910020411014557,0.37389400601387024,0.4685838222503662,-0.022892098873853683,0.3445618748664856,0.4541194438934326,-0.024926524609327316,0.39131683111190796,0.47645971179008484,-0.007054870016872883,0.4056517481803894,0.39888304471969604,-0.014279683120548725,0.410587877035141,0.3574654459953308,-0.01715920679271221,0.4111245572566986,0.3234989047050476,-0.018194615840911865,0.3642209768295288,0.4719059467315674,-0.007820338010787964,0.35138899087905884,0.39007139205932617,-0.019632497802376747,0.3473984897136688,0.34283849596977234,-0.02656424604356289,0.3420540690422058,0.3041660189628601,-0.0285768061876297,0.3409873843193054,0.48413243889808655,-0.010212792083621025,0.3434642255306244,0.45146337151527405,-0.03072442300617695,0.35903486609458923,0.48801466822624207,-0.03371543064713478,0.36412376165390015,0.5181699991226196,-0.02743515558540821,0.3221231698989868,0.5048043131828308,-0.013604695908725262,0.32839205861091614,0.47024017572402954,-0.026467159390449524,0.3454514443874359,0.48509395122528076,-0.022832684218883514,0.3557113707065582,0.5073899626731873,-0.015457597561180592
0.35741108655929565,0.619412899017334,3.167172621942882e-07,0.3866168260574341,0.5766823887825012,-0.016223492100834846,0.39047396183013916,0.5126572847366333,-0.020398642867803574,0.3648180067539215,0.46977803111076355,-0.024834774434566498,0.33589357137680054,0.4535820186138153,-0.028140850365161896,0.3953525125980377,0.46243953704833984,-0.005924838595092297,0.4065812826156616,0.3911007344722748,-0.015542133711278439,0.40932774543762207,0.34679996967315674,-0.021167824044823647,0.4088362753391266,0.3109836280345917,-0.024393359199166298,0.3684418201446533,0.4618549942970276,-0.00702571589499712,0.35639673471450806,0.38739490509033203,-0.021010642871260643,0.3500189781188965,0.33974480628967285,-0.03028581291437149,0.34396156668663025,0.3014821410179138,-0.03402513265609741,0.34469327330589294,0.47683799266815186,-0.010164354927837849,0.34100478887557983,0.4409758150577545,-0.033735621720552444,0.3522769510746002,0.4739660322666168,-0.03851020708680153,0.35656973719596863,0.5011038184165955,-0.03331275284290314,0.3255392611026764,0.498709112405777,-0.014178549870848656,0.3282470405101776,0.4632686972618103,-0.031202616170048714,0.3387717604637146,0.48635488748550415,-0.02910746820271015,0.34430041909217834,0.5118547081947327,-0.02230868674814701
0.35744205117225647,0.6191799640655518,3.2625996482238406e-07,0.3862234354019165,0.5805234909057617,-0.020362816751003265,0.39073190093040466,0.5199539065361023,-0.026477955281734467,0.36460429430007935,0.4762687087059021,-0.032041728496551514,0.33584728837013245,0.4555361866950989,-0.03626076877117157,0.3971014618873596,0.46060711145401,-0.008933169767260551,0.4078841209411621,0.38900017738342285,-0.02033153548836708,0.4099384844303131,0.34410208463668823,-0.027373138815164566,0.4089437425136566,0.3080475926399231,-0.03135092183947563,0.3697667419910431,0.4606212079524994,-0.008533493615686893,0.3579390048980713,0.3872872292995453,-0.02433997578918934,0.35023605823516846,0.3397405445575714,-0.03487448766827583,0.3435933589935303,0.3010486364364624,-0.03907949849963188,0.346229612827301,0.47712481021881104,-0.010566039010882378,0.34014448523521423,0.44427087903022766,-0.03620634600520134,0.34937334060668945,0.47787314653396606,-0.04139898717403412,0.35371726751327515,0.50456303358078,-0.03589543700218201,0.32745125889778137,0.5010019540786743,-0.013769900426268578,0.325967937707901,0.46596863865852356,-0.03295110538601875,0.3356092572212219,0.4902966618537903,-0.03106497786939144,0.3419455289840698,0.5157923698425293,-0.02371511049568653
0.35981136560440063,0.6209328174591064,3.129478898244997e-07,0.3891478478908539,0.5791245102882385,-0.01852634735405445,0.3921356797218323,0.5185568332672119,-0.02431131713092327,0.36444973945617676,0.4782947897911072,-0.029984546825289726,0.33580851554870605,0.45945894718170166,-0.03440360352396965,0.39776360988616943,0.4622122347354889,-0.008908161893486977,0.4085513651371002,0.39022666215896606,-0.019468536600470543,0.41054609417915344,0.345490038394928,-0.025527693331241608,0.4092521369457245,0.30902576446533203,-0.02894100919365883,0.37049418687820435,0.4628793001174927,-0.009380425326526165,0.3586792051792145,0.3889177143573761,-0.024000637233257294,0.35160592198371887,0.3418580889701843,-0.03353642672300339,0.3449791669845581,0.3037458658218384,-0.03744741901755333,0.3464539647102356,0.47890740633010864,-0.012102210894227028,0.3413880467414856,0.4448919892311096,-0.036808304488658905,0.35236144065856934,0.47832390666007996,-0.04232381284236908,0.35709574818611145,0.5048832297325134,-0.03746309131383896,0.32753708958625793,0.5015835165977478,-0.015846040099859238,0.32770460844039917,0.46652814745903015,-0.034127041697502136,0.3379601836204529,0.49023759365081787,-0.03256189450621605,0.3443632423877716,0.5162980556488037,-0.025894131511449814
0.35962003469467163,0.6200911998748779,3.3803218002503854e-07,0.3885887861251831,0.5787259936332703,-0.018774166703224182,0.3910835087299347,0.5162201523780823,-0.023917200043797493,0.3618254065513611,0.4763149917125702,-0.02894316054880619,0.3319826126098633,0.46034446358680725,-0.03284093365073204,0.3974868059158325,0.4612640142440796,-0.007250550203025341,0.4086511433124542,0.39039939641952515,-0.017921235412359238,0.4108308255672455,0.3458043336868286,-0.024300308898091316,0.4099031388759613,0.3093658983707428,-0.027843745425343513,0.37032264471054077,0.4616055190563202,-0.007488155271857977,0.3594802916049957,0.3893711268901825,-0.022478291764855385,0.35215964913368225,0.342064768075943,-0.03253757208585739,0.34581395983695984,0.30346399545669556,-0.036604736000299454,0.3461495339870453,0.47771504521369934,-0.010112682357430458,0.33976271748542786,0.4452733099460602,-0.03546101972460747,0.3492089807987213,0.4796656668186188,-0.04132320359349251,0.35357657074928284,0.5071268677711487,-0.0362870879471302,0.32675957679748535,0.5003694295883179,-0.01374734751880169,0.32592591643333435,0.46641820669174194,-0.03252669796347618,0.33580300211906433,0.49115246534347534,-0.031051188707351685,0.3423762917518616,0.5174831748008728,-0.024208253249526024
0.35661375522613525,0.6232583522796631,3.1412062639901706e-07,0.3859183192253113,0.5844933986663818,-0.020689362660050392,0.3907195031642914,0.5258564352989197,-0.02614748105406761,0.3661061227321625,0.4820188879966736,-0.03095390275120735,0.33899980783462524,0.45793139934539795,-0.034327227622270584,0.40043386816978455,0.4641822874546051,-0.007602537050843239,0.41005679965019226,0.3919719457626343,-0.01971236802637577,0.41162556409835815,0.34661629796028137,-0.027273569256067276,0.41041675209999084,0.3105051517486572,-0.03119630552828312,0.3729938566684723,0.46348297595977783,-0.007155511528253555,0.36112266778945923,0.38965845108032227,-0.023256387561559677,0.35215848684310913,0.34173235297203064,-0.03427841514348984,0.3449662923812866,0.30371540784835815,-0.038335029035806656,0.34863051772117615,0.4793925881385803,-0.009440392255783081,0.3406814932823181,0.4475976526737213,-0.03659037873148918,0.34730684757232666,0.48242610692977905,-0.04312274232506752,0.3509547710418701,0.5090047121047974,-0.037728894501924515,0.3286867141723633,0.5033485293388367,-0.012819801457226276,0.3250792324542999,0.46978458762168884,-0.033203549683094025,0.33343392610549927,0.49483126401901245,-0.03202470764517784,0.3394149839878082,0.5202220678329468,-0.02463556081056595
0.3563539683818817,0.6232607364654541,2.9948790825073957e-07,0.3860510587692261,0.5832503437995911,-0.019313471391797066,0.39181891083717346,0.5260030031204224,-0.025663848966360092,0.3685966432094574,0.48315665125846863,-0.03166978806257248,0.34148722887039185,0.4585312604904175,-0.036358948796987534,0.4009019136428833,0.464294970035553,-0.00935334712266922,0.4103597402572632,0.3921094238758087,-0.02098751999437809,0.41177836060523987,0.34677982330322266,-0.028145791962742805,0.4102875292301178,0.30999958515167236,-0.03203025460243225,0.3731028735637665,0.4639226198196411,-0.009624414145946503,0.36112767457962036,0.3898684084415436,-0.025019602850079536,0.3529656231403351,0.3420553207397461,-0.03525682911276817,0.3462219834327698,0.30397820472717285,-0.03932094946503639,0.3476031422615051,0.4792291522026062,-0.012273631058633327,0.34409165382385254,0.4461684823036194,-0.03819563612341881,0.352867066860199,0.48032450675964355,-0.044123947620391846,0.35652294754981995,0.5074989795684814,-0.039062533527612686,0.3264949917793274,0.5018797516822815,-0.015949785709381104,0.3285776674747467,0.4689589738845825,-0.03532833978533745,0.33782586455345154,0.49358227849006653,-0.033917058259248734,0.34267574548721313,0.5198478698730469,-0.026848802343010902
0.35910263657569885,0.625809907913208,2.773673770661844e-07,0.38871413469314575,0.5876483917236328,-0.01957080140709877,0.39362412691116333,0.5268200635910034,-0.025708923116326332,0.36873719096183777,0.48288705945014954,-0.031249068677425385,0.3410017490386963,0.4603330194950104,-0.03558472543954849,0.4023319482803345,0.46835780143737793,-0.010560769587755203,0.41126635670661926,0.3952549695968628,-0.02126004919409752,0.41259780526161194,0.3501635193824768,-0.02756841480731964,0.4118008315563202,0.3130025863647461,-0.03118392825126648,0.37607741355895996,0.4673726558685303,-0.009861958213150501,0.3639739453792572,0.39441242814064026,-0.02448428049683571,0.35574081540107727,0.3469362258911133,-0.034246399998664856,0.3493579924106598,0.30852800607681274,-0.03843586519360542,0.35268571972846985,0.4804641604423523,-0.011387324891984463,0.34533435106277466,0.44484779238700867,-0.03571709245443344,0.35209494829177856,0.47786974906921387,-0.041725028306245804,0.3556254208087921,0.5048457384109497,-0.03752351552248001,0.33381882309913635,0.5000569224357605,-0.014000027440488338,0.33192068338394165,0.46706297993659973,-0.03235376998782158,0.3389311134815216,0.4925406575202942,-0.031757012009620667,0.3437959849834442,0.5195966362953186,-0.02584279328584671
0.36006608605384827,0.6263095736503601,3.0247187510212825e-07,0.3903147876262665,0.5876945853233337,-0.02089005522429943,0.3933987617492676,0.5250394344329834,-0.02674492634832859,0.36574283242225647,0.48208773136138916,-0.031653992831707,0.337175190448761,0.46151262521743774,-0.03526579216122627,0.4011109471321106,0.46838676929473877,-0.010451394133269787,0.4111122488975525,0.39504939317703247,-0.020954784005880356,0.4132367670536041,0.3495986759662628,-0.027054594829678535,0.41323813796043396,0.312402606010437,-0.03057238832116127,0.3751819431781769,0.46832841634750366,-0.00928564090281725,0.363554984331131,0.39464324712753296,-0.02386053465306759,0.3548872768878937,0.3469712734222412,-0.033671483397483826,0.3477685749530792,0.30849140882492065,-0.03785809874534607,0.3519633412361145,0.482646644115448,-0.010610885918140411,0.3423129618167877,0.44606298208236694,-0.03552691265940666,0.34955939650535583,0.4797801673412323,-0.041705504059791565,0.3540045917034149,0.5063890218734741,-0.037359628826379776,0.3333452045917511,0.5032138824462891,-0.013102422468364239,0.3292979300022125,0.46777647733688354,-0.03182778134942055,0.3365909457206726,0.493608295917511,-0.031178899109363556,0.3421116769313812,0.520233690738678,-0.025215568020939827
0.3564719557762146,0.6267590522766113,2.8673812835222634e-07,0.3879360556602478,0.5885441899299622,-0.02123839221894741,0.39230334758758545,0.5300247669219971,-0.026361221447587013,0.36682599782943726,0.48604291677474976,-0.030355455353856087,0.34143632650375366,0.46122321486473083,-0.03287994861602783,0.4034229516983032,0.4723378121852875,-0.0094043780118227,0.41308557987213135,0.39818164706230164,-0.02024729922413826,0.4141063392162323,0.351826012134552,-0.02664073184132576,0.4127228558063507,0.31495580077171326,-0.02983742766082287,0.3767889440059662,0.4712475836277008,-0.007357956375926733,0.36676162481307983,0.398689866065979,-0.021936500445008278,0.3579366207122803,0.3506419062614441,-0.03216545283794403,0.35123512148857117,0.31251072883605957,-0.036207377910614014,0.35296833515167236,0.4838702082633972,-0.007971054874360561,0.34212955832481384,0.45017385482788086,-0.03286149725317955,0.34688618779182434,0.48300838470458984,-0.040281012654304504,0.35050129890441895,0.5089594721794128,-0.0364241860806942,0.3336932361125946,0.5033596754074097,-0.009755510836839676,0.3298443853855133,0.47029346227645874,-0.028680957853794098,0.33678990602493286,0.4958777129650116,-0.028919819742441177,0.3426307141780853,0.5223023295402527,-0.023179691284894943
0.3622419238090515,0.6317672729492188,2.6650923246052116e-07,0.3932664394378662,0.5900817513465881,-0.015950750559568405,0.39606112241744995,0.5275291800498962,-0.0200201403349638,0.369828462600708,0.48481398820877075,-0.024124471470713615,0.3434220850467682,0.4642668068408966,-0.027119286358356476,0.4055030345916748,0.47378861904144287,-0.00631400290876627,0.41417253017425537,0.40069764852523804,-0.014692318625748158,0.4157399833202362,0.35566702485084534,-0.01956954039633274,0.41482263803482056,0.31934136152267456,-0.022216666489839554,0.37871748208999634,0.4736356735229492,-0.006429046392440796,0.3674710988998413,0.40147602558135986,-0.01830609142780304,0.35929885506629944,0.3546282649040222,-0.026992792263627052,0.3521946668624878,0.3165760040283203,-0.030870720744132996,0.35407572984695435,0.4856601357460022,-0.008532327599823475,0.3480551242828369,0.4486008286476135,-0.03029450587928295,0.35599300265312195,0.48088762164115906,-0.03661438822746277,0.35952332615852356,0.5080302953720093,-0.033222537487745285,0.33362850546836853,0.5039979815483093,-0.01146728452295065,0.33644989132881165,0.47022587060928345,-0.028127048164606094,0.3460337519645691,0.4956205487251282,-0.027739323675632477,0.3514683246612549,0.524128794670105,-0.022283727303147316
0.3638650178909302,0.629531979560852,2.876662392736762e-07,0.3945942521095276,0.5902060270309448,-0.01823487877845764,0.39607906341552734,0.5293064713478088,-0.022590776905417442,0.3680989444255829,0.4869241416454315,-0.026513731107115746,0.3411405384540558,0.466610848903656,-0.029064711183309555,0.4037831425666809,0.4714677631855011,-0.007133624982088804,0.4141350984573364,0.3997156023979187,-0.015738574787974358,0.416027694940567,0.3548314869403839,-0.020794011652469635,0.41571637988090515,0.31881898641586304,-0.02366291545331478,0.3782721161842346,0.4720079004764557,-0.006233179476112127,0.3661283254623413,0.4012337028980255,-0.018351484090089798,0.35842055082321167,0.35434579849243164,-0.026972772553563118,0.35278719663619995,0.3163166642189026,-0.030984602868556976,0.35572418570518494,0.48559805750846863,-0.007738446816802025,0.3467389643192291,0.4489918053150177,-0.029043011367321014,0.35439053177833557,0.4800069034099579,-0.03506167605519295,0.3594009578227997,0.5055752396583557,-0.03183561936020851,0.33734798431396484,0.5049869418144226,-0.0104229049757123,0.33545204997062683,0.4709152281284332,-0.026452064514160156,0.34386661648750305,0.49429038166999817,-0.026324212551116943,0.35044223070144653,0.5195400714874268,-0.021521832793951035
0.36244380474090576,0.6294958591461182,2.5576480311428895e-07,0.39392566680908203,0.5886041522026062,-0.01596343144774437,0.3966885805130005,0.5267431735992432,-0.01971268840134144,0.37010398507118225,0.48434022068977356,-0.023456459864974022,0.343924343585968,0.4638606607913971,-0.025960778817534447,0.4067622125148773,0.47532883286476135,-0.005913340020924807,0.4154181480407715,0.4020136296749115,-0.01412108726799488,0.4162389636039734,0.3575449585914612,-0.0189155712723732,0.41550111770629883,0.3220478594303131,-0.021624362096190453,0.3814407289028168,0.47567233443260193,-0.005885687656700611,0.3687795400619507,0.4045710861682892,-0.017659880220890045,0.36004453897476196,0.35749882459640503,-0.026551852002739906,0.352959007024765,0.31863099336624146,-0.030855784192681313,0.35900628566741943,0.4885035455226898,-0.0078560970723629,0.34792906045913696,0.4500042200088501,-0.028230614960193634,0.355616956949234,0.4809776842594147,-0.0335160568356514,0.36039862036705017,0.505963146686554,-0.030107958242297173,0.3403880298137665,0.507725715637207,-0.010802789591252804,0.3374387323856354,0.4708092212677002,-0.025861890986561775,0.3455181121826172,0.49464553594589233,-0.024575643241405487,0.3512896001338959,0.5208345055580139,-0.019073564559221268
0.36280733346939087,0.6288183927536011,2.536908993988618e-07,0.3947659432888031,0.5858925580978394,-0.016283996403217316,0.3985515534877777,0.5243898034095764,-0.02047927863895893,0.37201014161109924,0.4823733866214752,-0.02469930611550808,0.34473705291748047,0.4622272849082947,-0.027713358402252197,0.40686771273612976,0.47441738843917847,-0.006963140331208706,0.4154110252857208,0.40128493309020996,-0.015364357270300388,0.41683343052864075,0.3568294644355774,-0.020397044718265533,0.4170371890068054,0.32065337896347046,-0.023485705256462097,0.38047873973846436,0.4745222330093384,-0.007308201864361763,0.3674424886703491,0.403919517993927,-0.019226225093007088,0.35960641503334045,0.3576471209526062,-0.02796720527112484,0.3534642159938812,0.3196209669113159,-0.03242892771959305,0.35640063881874084,0.48722901940345764,-0.009677053429186344,0.3492507338523865,0.4469622075557709,-0.0311005637049675,0.35836705565452576,0.4802582561969757,-0.03634267672896385,0.3623569905757904,0.5077770948410034,-0.032729554921388626,0.3366422653198242,0.5067925453186035,-0.01302643958479166,0.33777347207069397,0.4685356914997101,-0.029572639614343643,0.34787866473197937,0.4925658106803894,-0.02872733771800995,0.35336682200431824,0.5207645297050476,-0.023312883451581
0.3636210858821869,0.6286097764968872,2.523542264043499e-07,0.3946717083454132,0.5866070985794067,-0.015679597854614258,0.397190123796463,0.5265885591506958,-0.019569840282201767,0.37029579281806946,0.4860462546348572,-0.02363620698451996,0.3438974618911743,0.46801772713661194,-0.026672406122088432,0.4063822627067566,0.47490963339805603,-0.0062218233942985535,0.4157547354698181,0.4036474823951721,-0.014911835081875324,0.4173957407474518,0.35939621925354004,-0.01994575373828411,0.4172818064689636,0.32404589653015137,-0.022638211026787758,0.38157883286476135,0.47506052255630493,-0.0063095674850046635,0.3706515431404114,0.4064505100250244,-0.018487747758626938,0.3622213900089264,0.3609251379966736,-0.027480630204081535,0.3557119071483612,0.3236216902732849,-0.031678613275289536,0.35959354043006897,0.4872800409793854,-0.00837139505892992,0.3477596044540405,0.4530373513698578,-0.02909250371158123,0.35447457432746887,0.48377668857574463,-0.035249605774879456,0.3593539893627167,0.5094219446182251,-0.03214527294039726,0.34159037470817566,0.5057013630867004,-0.011378507129848003,0.3369086980819702,0.47171494364738464,-0.026490869000554085,0.3455604910850525,0.4950438439846039,-0.025933416560292244,0.3528459370136261,0.5221821069717407,-0.020763758569955826
0.3634524643421173,0.6265013217926025,2.6188840251961665e-07,0.3938261568546295,0.5844595432281494,-0.016012832522392273,0.39665305614471436,0.5257620215415955,-0.020544763654470444,0.370700865983963,0.4859910309314728,-0.025159908458590508,0.3446822166442871,0.46808311343193054,-0.028786256909370422,0.40629515051841736,0.4749060869216919,-0.008046873845160007,0.4157063364982605,0.4036039412021637,-0.01726583205163479,0.4176573157310486,0.35913723707199097,-0.022529536858201027,0.4177761375904083,0.3236709237098694,-0.025351962074637413,0.3813287317752838,0.4750064015388489,-0.008152693510055542,0.37039750814437866,0.40673914551734924,-0.020985430106520653,0.3622283339500427,0.36146944761276245,-0.030173180624842644,0.3558596074581146,0.3245047926902771,-0.0344412699341774,0.3589693307876587,0.4869425594806671,-0.010150355286896229,0.34836578369140625,0.45301634073257446,-0.031360846012830734,0.35552483797073364,0.4840291142463684,-0.03738359734416008,0.36027443408966064,0.5097702741622925,-0.03409373760223389,0.34061864018440247,0.5049833059310913,-0.013082755729556084,0.33748045563697815,0.47049111127853394,-0.028522392734885216,0.3465295433998108,0.4934644103050232,-0.027821695432066917,0.3533852696418762,0.5204808115959167,-0.022475505247712135
0.3633076250553131,0.6303558945655823,2.5203632958437083e-07,0.3935508131980896,0.591163158416748,-0.016880320385098457,0.39685341715812683,0.5346299409866333,-0.022055236622691154,0.37344443798065186,0.4927583336830139,-0.027336768805980682,0.34963279962539673,0.47113940119743347,-0.03168253228068352,0.40654829144477844,0.477213591337204,-0.009249303489923477,0.41504067182540894,0.4060767889022827,-0.01967022754251957,0.4172881245613098,0.361289381980896,-0.02588939480483532,0.41710421442985535,0.32497990131378174,-0.0292068999260664,0.38126203417778015,0.4765617847442627,-0.00913053099066019,0.3707920014858246,0.4089469313621521,-0.022955063730478287,0.3624056875705719,0.36436784267425537,-0.032748568803071976,0.35489195585250854,0.3272196650505066,-0.037155669182538986,0.3584026098251343,0.4882488250732422,-0.01096879132091999,0.34896475076675415,0.45589369535446167,-0.033346470445394516,0.3584820628166199,0.48795104026794434,-0.0399748720228672,0.3642688989639282,0.5146705508232117,-0.03672882914543152,0.3396054208278656,0.5065958499908447,-0.013796458020806313,0.33805322647094727,0.4737284183502197,-0.030379829928278923,0.34819263219833374,0.4966592788696289,-0.030330907553434372,0.3551212251186371,0.523766040802002,-0.025090256705880165
0.3628728687763214,0.629350483417511,2.5799346303756465e-07,0.3938000798225403,0.5893138647079468,-0.017090056091547012,0.3969750702381134,0.532931387424469,-0.022769449278712273,0.3729994297027588,0.49147942662239075,-0.028540801256895065,0.3496277332305908,0.46910274028778076,-0.03332144767045975,0.4068295955657959,0.4771516025066376,-0.010254047811031342,0.4152102768421173,0.4060407280921936,-0.02113644778728485,0.41759297251701355,0.36144959926605225,-0.027585599571466446,0.41743019223213196,0.325152188539505,-0.031077099964022636,0.3815210461616516,0.4767737090587616,-0.010296235792338848,0.3711390495300293,0.40887168049812317,-0.024353088811039925,0.36290672421455383,0.3648417890071869,-0.0338875874876976,0.35527223348617554,0.32782456278800964,-0.03817397728562355,0.35862866044044495,0.488508939743042,-0.01235151942819357,0.3488626182079315,0.4551558196544647,-0.03457937017083168,0.3585129678249359,0.4871043264865875,-0.04059389978647232,0.364352822303772,0.513037383556366,-0.03709331527352333,0.3395901620388031,0.5066370964050293,-0.015474353916943073,0.33770376443862915,0.47299543023109436,-0.03175711631774902,0.3481065034866333,0.4958153963088989,-0.03139513358473778,0.35521399974823,0.5221927165985107,-0.02610490284860134
0.3610444664955139,0.6300662159919739,2.756956689609069e-07,0.3929215669631958,0.5867202877998352,-0.0161411352455616,0.39554688334465027,0.5280769467353821,-0.02074192836880684,0.367922842502594,0.49034401774406433,-0.025448376312851906,0.34240368008613586,0.4710294306278229,-0.029232246801257133,0.4071309268474579,0.47604885697364807,-0.0071196164935827255,0.41589048504829407,0.40505194664001465,-0.0161613579839468,0.4177640974521637,0.3602648377418518,-0.02194058522582054,0.41744136810302734,0.3238333761692047,-0.02531689964234829,0.38119757175445557,0.47590169310569763,-0.007170208729803562,0.37168270349502563,0.4085646867752075,-0.019143063575029373,0.3631103038787842,0.36295801401138306,-0.028427042067050934,0.356148362159729,0.32492202520370483,-0.033050019294023514,0.3582020401954651,0.4883809983730316,-0.009222442284226418,0.34818035364151,0.4532811939716339,-0.029302746057510376,0.3539475202560425,0.48376229405403137,-0.035420093685388565,0.3577837646007538,0.5089744329452515,-0.032571516931056976,0.33947479724884033,0.5076619982719421,-0.012323175556957722,0.3360610604286194,0.47321757674217224,-0.0272993054240942,0.34464773535728455,0.49554717540740967,-0.026898806914687157,0.35137349367141724,0.5217814445495605,-0.021898485720157623
0.36187314987182617,0.6316556930541992,2.7072789521298546e-07,0.3932318687438965,0.5875384211540222,-0.01579483225941658,0.3949355185031891,0.5282514691352844,-0.019681992009282112,0.36617159843444824,0.49123474955558777,-0.023817993700504303,0.33932381868362427,0.4746948182582855,-0.027049124240875244,0.40713292360305786,0.47590312361717224,-0.004727233666926622,0.41590023040771484,0.40449589490890503,-0.013177657499909401,0.4176783859729767,0.3594856858253479,-0.018645595759153366,0.4175514280796051,0.32302790880203247,-0.021811414510011673,0.3816421926021576,0.47585928440093994,-0.004961575847119093,0.37157875299453735,0.40807390213012695,-0.016455044969916344,0.36254581809043884,0.36199522018432617,-0.025805460289120674,0.35584017634391785,0.32401803135871887,-0.030344540253281593,0.3591684401035309,0.48867326974868774,-0.007355668116360903,0.34682193398475647,0.4549623131752014,-0.02737196534872055,0.35191458463668823,0.48559391498565674,-0.034190721809864044,0.3566126227378845,0.5103112459182739,-0.031627506017684937,0.3408682942390442,0.5083006024360657,-0.010763074271380901,0.3345017433166504,0.47529760003089905,-0.025292741134762764,0.34175246953964233,0.4981789290904999,-0.024971315637230873,0.3486364483833313,0.5238118171691895,-0.020072482526302338
0.3625532388687134,0.6335052847862244,2.5956614990718663e-07,0.3925720155239105,0.5939503908157349,-0.018579328432679176,0.394466370344162,0.5360497236251831,-0.023209629580378532,0.36754748225212097,0.49418485164642334,-0.02738368883728981,0.34215036034584045,0.47250816226005554,-0.030418511480093002,0.40797069668769836,0.47699642181396484,-0.0071482788771390915,0.41737625002861023,0.40476754307746887,-0.01656442880630493,0.4194520115852356,0.3590327501296997,-0.02241484262049198,0.41947755217552185,0.3222908079624176,-0.025538327172398567,0.3830353319644928,0.4770125448703766,-0.005974985659122467,0.37359973788261414,0.40759730339050293,-0.018710672855377197,0.3642924427986145,0.3619151711463928,-0.028536031022667885,0.3573354184627533,0.3245398700237274,-0.03285473212599754,0.36117884516716003,0.4900203347206116,-0.007146171759814024,0.3459571897983551,0.45787230134010315,-0.028937730938196182,0.3496834337711334,0.48996615409851074,-0.03599123656749725,0.35435542464256287,0.5153313279151917,-0.03292655944824219,0.34340548515319824,0.5100024938583374,-0.009438971988856792,0.3347676694393158,0.47588297724723816,-0.025253595784306526,0.34113338589668274,0.5004658102989197,-0.024757834151387215,0.3482006788253784,0.5271478891372681,-0.01924077607691288
0.36200234293937683,0.6334853768348694,2.6402275921100227e-07,0.39228877425193787,0.5935271382331848,-0.0189675260335207,0.3944695293903351,0.5361618995666504,-0.023944800719618797,0.36716562509536743,0.49459272623062134,-0.028567157685756683,0.3415786623954773,0.4727805256843567,-0.03204663470387459,0.408086895942688,0.47669103741645813,-0.006798507645726204,0.41752052307128906,0.4047406315803528,-0.01648692972958088,0.41962993144989014,0.3592180907726288,-0.022592440247535706,0.4196788966655731,0.3222130537033081,-0.025977948680520058,0.38304439187049866,0.47670307755470276,-0.005636567249894142,0.37395748496055603,0.40766942501068115,-0.01888084039092064,0.36467045545578003,0.3621479272842407,-0.02903839945793152,0.35770002007484436,0.3243235647678375,-0.033570535480976105,0.3610515296459198,0.4900471568107605,-0.006911236327141523,0.34594467282295227,0.45751070976257324,-0.02941698580980301,0.3494641184806824,0.49009713530540466,-0.036596689373254776,0.3540988266468048,0.5154544115066528,-0.03347068279981613,0.3432766795158386,0.5104856491088867,-0.009322086349129677,0.3344505727291107,0.476517915725708,-0.02585757151246071,0.34038370847702026,0.5015336275100708,-0.025582708418369293,0.34734582901000977,0.5280946493148804,-0.020100640133023262
0.3603396713733673,0.6321901082992554,2.588681979887042e-07,0.3919334411621094,0.5917825698852539,-0.018538491800427437,0.3955468237400055,0.5358896255493164,-0.023748189210891724,0.3693474233150482,0.49506887793540955,-0.028931275010108948,0.3443678915500641,0.4721672832965851,-0.03305785357952118,0.4084567427635193,0.47561216354370117,-0.006788913626223803,0.4175240695476532,0.40389078855514526,-0.016966169700026512,0.41949838399887085,0.3580981492996216,-0.02375027723610401,0.41947856545448303,0.32029128074645996,-0.027706660330295563,0.3827679455280304,0.47447076439857483,-0.006363361608237028,0.37435513734817505,0.40548932552337646,-0.019730884581804276,0.36547374725341797,0.35970741510391235,-0.030153421685099602,0.35875070095062256,0.3210126459598541,-0.0350516214966774,0.35948020219802856,0.486793577671051,-0.008394443430006504,0.34720945358276367,0.45380082726478577,-0.031212780624628067,0.3511711359024048,0.4875434637069702,-0.03831733018159866,0.3549717366695404,0.513586699962616,-0.03522627428174019,0.3404618203639984,0.5067763328552246,-0.011645357124507427,0.33438655734062195,0.47355571389198303,-0.02903916873037815,0.3410490155220032,0.49965405464172363,-0.029102057218551636,0.3479812443256378,0.5276228785514832,-0.02375221438705921
0.36046645045280457,0.6290367245674133,2.8983131983295607e-07,0.39009544253349304,0.5881754159927368,-0.01964433118700981,0.39186540246009827,0.5291523337364197,-0.02425030618906021,0.3633890748023987,0.488442063331604,-0.028588535264134407,0.33767321705818176,0.4676320552825928,-0.031729165464639664,0.40922749042510986,0.471828430891037,-0.004439686890691519,0.4183059632778168,0.3999751806259155,-0.01393811870366335,0.4206806719303131,0.35419946908950806,-0.02024538815021515,0.4206553101539612,0.3172025680541992,-0.023811692371964455,0.38356462121009827,0.4718588888645172,-0.0033081714063882828,0.37449949979782104,0.4022060036659241,-0.016562234610319138,0.3659619987010956,0.3563345670700073,-0.02708359993994236,0.35909757018089294,0.31755828857421875,-0.031627848744392395,0.36051318049430847,0.485696017742157,-0.005004614591598511,0.3457306921482086,0.4533036947250366,-0.028667084872722626,0.34953591227531433,0.4874909818172455,-0.036825940012931824,0.3540355861186981,0.512141764163971,-0.033717311918735504,0.34140658378601074,0.5064579248428345,-0.00783702451735735,0.3343770503997803,0.4723224341869354,-0.025311429053544998,0.339595764875412,0.498808354139328,-0.025511493906378746,0.3453095555305481,0.5247189998626709,-0.020094260573387146
0.3633659780025482,0.6300354599952698,2.602819222374819e-07,0.3926284909248352,0.5911740064620972,-0.017625268548727036,0.3938838839530945,0.5313700437545776,-0.022168612107634544,0.3658800423145294,0.4890311062335968,-0.026782022789120674,0.34018418192863464,0.4660446345806122,-0.030329685658216476,0.40866395831108093,0.47281989455223083,-0.004711565095931292,0.41773033142089844,0.40039706230163574,-0.013690611347556114,0.41983842849731445,0.35485243797302246,-0.01953135058283806,0.4202245771884918,0.31762415170669556,-0.022893011569976807,0.38390159606933594,0.47243544459342957,-0.004178984090685844,0.37483131885528564,0.4025481343269348,-0.016592245548963547,0.3657693564891815,0.3567834496498108,-0.02636258490383625,0.35894516110420227,0.31790891289711,-0.030878085643053055,0.3617676794528961,0.48500561714172363,-0.006057525519281626,0.34674879908561707,0.4514423608779907,-0.027815110981464386,0.35011690855026245,0.48479771614074707,-0.03468082472681999,0.35432833433151245,0.5102183818817139,-0.03165685385465622,0.3434256911277771,0.5045241117477417,-0.009048031643033028,0.3353424668312073,0.47084107995033264,-0.025204049423336983,0.3406212627887726,0.4975268542766571,-0.02487054467201233,0.34694141149520874,0.5251320004463196,-0.019551070407032967
0.3589979410171509,0.6283368468284607,2.8983046718167316e-07,0.39080214500427246,0.5902400016784668,-0.018197357654571533,0.39544957876205444,0.5332881212234497,-0.02382681332528591,0.37129026651382446,0.4903193414211273,-0.0294792503118515,0.34674978256225586,0.4667198359966278,-0.03415132686495781,0.40928709506988525,0.47255194187164307,-0.009367568418383598,0.4190191924571991,0.40010225772857666,-0.021137837320566177,0.42114776372909546,0.3535826802253723,-0.028238050639629364,0.4207552671432495,0.316539466381073,-0.031878743320703506,0.3829091489315033,0.4710756838321686,-0.009235587902367115,0.3756258487701416,0.40192729234695435,-0.024372654035687447,0.36729878187179565,0.3546825349330902,-0.035189975053071976,0.3607403039932251,0.31496137380599976,-0.03986918926239014,0.35838085412979126,0.4828539490699768,-0.011346809566020966,0.34673091769218445,0.4531811475753784,-0.0354781299829483,0.35115617513656616,0.4865764081478119,-0.04264146462082863,0.3554786741733551,0.5128387212753296,-0.03903156891465187,0.33717596530914307,0.5021890997886658,-0.014527167193591595,0.3347068727016449,0.47164884209632874,-0.03230154141783714,0.3432828187942505,0.49701178073883057,-0.03231159970164299,0.3507479727268219,0.5242993831634521,-0.026624510064721107
0.36015623807907104,0.6284234523773193,2.7140384872836876e-07,0.3907044231891632,0.5890328884124756,-0.017774954438209534,0.3941018581390381,0.5322620868682861,-0.022813038900494576,0.36932504177093506,0.489630788564682,-0.027921708300709724,0.3445949852466583,0.4664853811264038,-0.03205486014485359,0.40908417105674744,0.47141990065574646,-0.007774327881634235,0.41858547925949097,0.3996546268463135,-0.0190641600638628,0.42099905014038086,0.3531983494758606,-0.02623870223760605,0.4212260842323303,0.3157840967178345,-0.03003017045557499,0.38313165307044983,0.4698413908481598,-0.007809970527887344,0.37590909004211426,0.40082499384880066,-0.021950768306851387,0.3673189580440521,0.3537217080593109,-0.03250613063573837,0.36116862297058105,0.31409624218940735,-0.03720502555370331,0.3590678572654724,0.48199865221977234,-0.010183961130678654,0.3461802303791046,0.45219820737838745,-0.033586639910936356,0.34983640909194946,0.4859195351600647,-0.041017163544893265,0.35449138283729553,0.5121007561683655,-0.03778144344687462,0.33857041597366333,0.5024873614311218,-0.013660252094268799,0.3334730863571167,0.47155871987342834,-0.031004484742879868,0.341221421957016,0.49723613262176514,-0.03110465593636036,0.34888672828674316,0.5247830748558044,-0.025606630370020866
0.36122894287109375,0.6278761029243469,2.779097201255354e-07,0.3914497196674347,0.5930984616279602,-0.019059019163250923,0.39635521173477173,0.5373146533966064,-0.024996455758810043,0.37200796604156494,0.4935712218284607,-0.030759092420339584,0.3480978012084961,0.4649895131587982,-0.03528258949518204,0.4138844609260559,0.47046348452568054,-0.008000318892300129,0.4244270622730255,0.39972108602523804,-0.019195137545466423,0.4266810119152069,0.35392117500305176,-0.026772264391183853,0.4257816672325134,0.3169613182544708,-0.031071633100509644,0.38643088936805725,0.468065083026886,-0.007584604900330305,0.3808614909648895,0.40015482902526855,-0.021588372066617012,0.3728491961956024,0.3543788194656372,-0.032256752252578735,0.3665071129798889,0.31569433212280273,-0.03733927756547928,0.36073005199432373,0.4795132577419281,-0.009652123786509037,0.35207605361938477,0.44678395986557007,-0.03296184912323952,0.3533022105693817,0.4780142903327942,-0.03983848914504051,0.35439151525497437,0.5028001070022583,-0.03676849603652954,0.3383517861366272,0.49926695227622986,-0.012974443845450878,0.3363535702228546,0.46725335717201233,-0.03112698532640934,0.34376397728919983,0.49325990676879883,-0.031247174367308617,0.35058629512786865,0.5213066935539246,-0.02582496590912342
0.36033427715301514,0.629181981086731,2.829472975918179e-07,0.3913826644420624,0.592243492603302,-0.01898910664021969,0.3968384563922882,0.5360859036445618,-0.02501544915139675,0.3728584945201874,0.49331551790237427,-0.03096110001206398,0.34876132011413574,0.4663345217704773,-0.03574137017130852,0.4122368395328522,0.4705706834793091,-0.009010327979922295,0.42295926809310913,0.39964309334754944,-0.02073131501674652,0.42579424381256104,0.35367122292518616,-0.028285613283514977,0.4257153272628784,0.3162234425544739,-0.032413024455308914,0.38482803106307983,0.4685283601284027,-0.008977857418358326,0.3789246678352356,0.39946308732032776,-0.023481428623199463,0.37152978777885437,0.35331690311431885,-0.03417016938328743,0.36593639850616455,0.3140479028224945,-0.039070677012205124,0.35905686020851135,0.48015400767326355,-0.01142514031380415,0.35278430581092834,0.44862642884254456,-0.03568366914987564,0.35610103607177734,0.48129165172576904,-0.043049149215221405,0.35803714394569397,0.5064765810966492,-0.03980502858757973,0.33706843852996826,0.4999915063381195,-0.015062977559864521,0.33816105127334595,0.4676643908023834,-0.03357364609837532,0.34752875566482544,0.49352478981018066,-0.033793095499277115,0.3548188805580139,0.5220150947570801,-0.028222637251019478
0.36110812425613403,0.6337943077087402,2.883242586904089e-07,0.3916322588920593,0.5970653891563416,-0.02211105264723301,0.39627107977867126,0.5368902683258057,-0.026477938517928123,0.3717283010482788,0.4911364018917084,-0.029731392860412598,0.34855934977531433,0.4619240462779999,-0.031386032700538635,0.4188905358314514,0.47530585527420044,-0.006861385889351368,0.4305022358894348,0.403037428855896,-0.01848413050174713,0.434401273727417,0.35724228620529175,-0.02629218064248562,0.4348198175430298,0.3201242685317993,-0.03034408949315548,0.39014068245887756,0.4719056189060211,-0.0052149491384625435,0.3868677616119385,0.40288257598876953,-0.01934661716222763,0.3802013695240021,0.3569767475128174,-0.030277187004685402,0.3754124045372009,0.3187267780303955,-0.034670524299144745,0.3623290956020355,0.48305782675743103,-0.006794636603444815,0.35464343428611755,0.45110443234443665,-0.03276113420724869,0.3555050194263458,0.4868445098400116,-0.04152604192495346,0.35748741030693054,0.511594831943512,-0.03812408819794655,0.3380894064903259,0.504263162612915,-0.00967215932905674,0.33580368757247925,0.4737105667591095,-0.02995237149298191,0.3417699933052063,0.5023934841156006,-0.03081793338060379,0.3469524383544922,0.5302876234054565,-0.02499740570783615
0.36379820108413696,0.6348735094070435,2.7547181957743305e-07,0.3948836028575897,0.5948881506919861,-0.018845925107598305,0.39849770069122314,0.5352738499641418,-0.02328881062567234,0.37261760234832764,0.49128639698028564,-0.027533721178770065,0.3500615656375885,0.46380844712257385,-0.03049398772418499,0.41721707582473755,0.4744875431060791,-0.006943200249224901,0.4289470613002777,0.40167757868766785,-0.01895163767039776,0.4327956736087799,0.3551521599292755,-0.026550767943263054,0.4327433109283447,0.31769728660583496,-0.030414404347538948,0.3893839716911316,0.47247955203056335,-0.007092750631272793,0.3858899772167206,0.4030768871307373,-0.021759962663054466,0.37934356927871704,0.3560945987701416,-0.03249230235815048,0.37432610988616943,0.31655263900756836,-0.036956727504730225,0.3625483810901642,0.48469221591949463,-0.010027406737208366,0.35528743267059326,0.4532962739467621,-0.035092178732156754,0.3575126528739929,0.48755621910095215,-0.04294451326131821,0.36020687222480774,0.512568473815918,-0.039385631680488586,0.33932292461395264,0.5065553188323975,-0.014070055447518826,0.33693504333496094,0.47597014904022217,-0.032896775752305984,0.34355244040489197,0.5026940107345581,-0.032972753047943115,0.34920647740364075,0.5302177667617798,-0.02698991820216179
0.3585740327835083,0.6356808543205261,3.0304070719466836e-07,0.38899773359298706,0.5981085300445557,-0.026267219334840775,0.3955642282962799,0.5426201224327087,-0.03204997256398201,0.37351182103157043,0.4956764876842499,-0.03596871346235275,0.3516913652420044,0.4630807340145111,-0.03779350593686104,0.4234231114387512,0.4796077013015747,-0.005840198136866093,0.43438270688056946,0.40586984157562256,-0.01787475310266018,0.4377502202987671,0.3592682480812073,-0.02638615481555462,0.4376358985900879,0.3213982582092285,-0.030827894806861877,0.39579054713249207,0.47476303577423096,-0.0018226047977805138,0.3937326967716217,0.4037986695766449,-0.01660461165010929,0.3864903748035431,0.357466459274292,-0.02822241000831127,0.3806505501270294,0.32015693187713623,-0.03248966112732887,0.3691505193710327,0.48508480191230774,-0.001776109798811376,0.35504579544067383,0.4544530510902405,-0.029061362147331238,0.3533112704753876,0.49144256114959717,-0.03881145641207695,0.35594868659973145,0.516510009765625,-0.03525369614362717,0.34598344564437866,0.5047781467437744,-0.003377631539478898,0.337044358253479,0.47517523169517517,-0.024746788665652275,0.33984968066215515,0.5049752593040466,-0.0265923161059618,0.345209002494812,0.5320777297019958,-0.021004796028137207
0.3580152690410614,0.6352306008338928,2.9093857278894575e-07,0.38969188928604126,0.5936380624771118,-0.020956555381417274,0.3965279161930084,0.5362855195999146,-0.026082487776875496,0.37434619665145874,0.4918341040611267,-0.030825788155198097,0.35243088006973267,0.4638463258743286,-0.03417808562517166,0.42007094621658325,0.47753655910491943,-0.004806065931916237,0.4314740002155304,0.404563307762146,-0.016647353768348694,0.43548017740249634,0.35860419273376465,-0.02479729801416397,0.4360431432723999,0.3206307888031006,-0.02931789867579937,0.39289602637290955,0.4739372432231903,-0.004169563762843609,0.39162495732307434,0.4038008451461792,-0.019229577854275703,0.38534286618232727,0.35644569993019104,-0.031139208003878593,0.3805069923400879,0.3170386552810669,-0.03607667237520218,0.365374892950058,0.4854823052883148,-0.0067591494880616665,0.35399970412254333,0.45444992184638977,-0.03322611376643181,0.35388848185539246,0.49131789803504944,-0.042557939887046814,0.3573876619338989,0.5174726247787476,-0.039364174008369446,0.3403291702270508,0.5064607858657837,-0.010564848780632019,0.33390945196151733,0.47824952006340027,-0.03146057203412056,0.3380594551563263,0.5074151158332825,-0.03304234892129898,0.34386053681373596,0.5351433753967285,-0.027608973905444145
0.35739511251449585,0.6331722140312195,3.175777294472937e-07,0.38949355483055115,0.6003997921943665,-0.026439974084496498,0.3980792760848999,0.5468236804008484,-0.03418524190783501,0.37714534997940063,0.49877795577049255,-0.04009867087006569,0.35595443844795227,0.4670298397541046,-0.04400539770722389,0.42145317792892456,0.4778720438480377,-0.010819614864885807,0.43351802229881287,0.40500175952911377,-0.023130178451538086,0.43689265847206116,0.3583698570728302,-0.031153438612818718,0.4358575940132141,0.3205680549144745,-0.03529268130660057,0.3935370445251465,0.47185584902763367,-0.006553009618073702,0.39399152994155884,0.40287962555885315,-0.02183029241859913,0.3881477117538452,0.35667699575424194,-0.03306359797716141,0.3824438750743866,0.3186146318912506,-0.03715403750538826,0.3658735454082489,0.48102840781211853,-0.005799574311822653,0.35593006014823914,0.45672786235809326,-0.03086557611823082,0.3572336435317993,0.4925917685031891,-0.03988267481327057,0.3610402047634125,0.518211305141449,-0.03671508654952049,0.34150394797325134,0.49863871932029724,-0.006837260909378529,0.33716097474098206,0.4788893759250641,-0.02583666518330574,0.34169042110443115,0.5069365501403809,-0.02782861329615116,0.3476004898548126,0.5327164530754089,-0.022919880226254463
0.3575116693973541,0.6349226832389832,3.093625196015637e-07,0.389144629240036,0.6002046465873718,-0.02623019739985466,0.3977155387401581,0.5454216599464417,-0.033630579710006714,0.3765675127506256,0.4978083074092865,-0.039401352405548096,0.35456565022468567,0.4673495292663574,-0.0433349534869194,0.42023563385009766,0.47901663184165955,-0.010140149854123592,0.4319724142551422,0.4051227569580078,-0.02332673966884613,0.43590760231018066,0.35822051763534546,-0.03209666907787323,0.4357461631298065,0.320346474647522,-0.036594510078430176,0.3929685652256012,0.4737710654735565,-0.0066506885923445225,0.3931920528411865,0.4046979546546936,-0.023050017654895782,0.3871137499809265,0.3576759099960327,-0.03523595258593559,0.381877064704895,0.3192017674446106,-0.03965367004275322,0.36568164825439453,0.4836832284927368,-0.006780363619327545,0.35612019896507263,0.4581519067287445,-0.03381539136171341,0.35606682300567627,0.495395690202713,-0.043466243892908096,0.35969066619873047,0.521131157875061,-0.039991963654756546,0.3413744568824768,0.5026804804801941,-0.008563750423491001,0.33531877398490906,0.47921210527420044,-0.029233794659376144,0.3396698832511902,0.5082139372825623,-0.031043216586112976,0.3460175096988678,0.5355184674263,-0.025473926216363907
0.36395272612571716,0.6357622146606445,3.0761935931877815e-07,0.3928949236869812,0.5992146134376526,-0.02358986996114254,0.3986166715621948,0.5429984927177429,-0.03126842528581619,0.37509188055992126,0.49744829535484314,-0.03791613131761551,0.3519831895828247,0.4688715636730194,-0.04283761978149414,0.4225744903087616,0.47790318727493286,-0.010501080192625523,0.4332801401615143,0.40366315841674805,-0.02395998314023018,0.4366876482963562,0.35715335607528687,-0.03271649777889252,0.4355313777923584,0.3198492228984833,-0.0373372882604599,0.39494454860687256,0.4745132029056549,-0.009065510705113411,0.39375853538513184,0.4039650559425354,-0.025225631892681122,0.3876400291919708,0.3573864698410034,-0.03717300295829773,0.38186097145080566,0.31847134232521057,-0.04187828674912453,0.36721405386924744,0.48650580644607544,-0.010841251350939274,0.35539767146110535,0.46007296442985535,-0.03677988797426224,0.3567233979701996,0.4958890676498413,-0.04528816044330597,0.36125895380973816,0.5204526782035828,-0.04173578694462776,0.3418467938899994,0.5072715878486633,-0.014113303273916245,0.33412623405456543,0.48362863063812256,-0.03279111534357071,0.33848148584365845,0.5100707411766052,-0.03312437981367111,0.34457921981811523,0.5345807075500488,-0.027250459417700768
0.3630303740501404,0.6346279382705688,3.031867663594312e-07,0.39298489689826965,0.5984652042388916,-0.022818464785814285,0.39910197257995605,0.5427000522613525,-0.03005744144320488,0.3749765157699585,0.4977290630340576,-0.036408524960279465,0.35151514410972595,0.46880292892456055,-0.04102644324302673,0.42249709367752075,0.47771140933036804,-0.009903736412525177,0.43346887826919556,0.40363040566444397,-0.023104114457964897,0.43644294142723083,0.35676515102386475,-0.03161672130227089,0.4353882372379303,0.3192751109600067,-0.0360494889318943,0.3950682580471039,0.47389692068099976,-0.008572867140173912,0.3937315046787262,0.40380680561065674,-0.024385470896959305,0.38732582330703735,0.35706907510757446,-0.035908617079257965,0.38210049271583557,0.3182007372379303,-0.04055603966116905,0.3679026961326599,0.48476171493530273,-0.01039830967783928,0.35769346356391907,0.458101361989975,-0.036114249378442764,0.35845449566841125,0.49232640862464905,-0.044360484927892685,0.36179715394973755,0.5163559913635254,-0.04082969203591347,0.34325575828552246,0.504271388053894,-0.013698616065084934,0.33780670166015625,0.4787537455558777,-0.03236633166670799,0.3431489169597626,0.5052754282951355,-0.03262656554579735,0.3496481776237488,0.5310354232788086,-0.02676164172589779
0.36224332451820374,0.6355099678039551,2.9698233561248344e-07,0.393606036901474,0.5973687171936035,-0.020958613604307175,0.39993855357170105,0.540118932723999,-0.02724420838057995,0.37837329506874084,0.4952886700630188,-0.03294302150607109,0.3575461506843567,0.4658796787261963,-0.037292081862688065,0.4226629436016083,0.4763704836368561,-0.009295760653913021,0.4317866563796997,0.40234407782554626,-0.022862082347273827,0.43486571311950684,0.3559613823890686,-0.031883154064416885,0.4343174695968628,0.31852030754089355,-0.03647691756486893,0.3942977786064148,0.4727223217487335,-0.008924874477088451,0.39322513341903687,0.40251871943473816,-0.02496744506061077,0.3867682218551636,0.3548853397369385,-0.03682447597384453,0.3815862536430359,0.3148360252380371,-0.041412126272916794,0.36574867367744446,0.4844190776348114,-0.011433168314397335,0.3566189706325531,0.45630934834480286,-0.03743518888950348,0.35900238156318665,0.49495062232017517,-0.04542996361851692,0.36384037137031555,0.5222305655479431,-0.0414443202316761,0.33947014808654785,0.5059385299682617,-0.015204479917883873,0.33467209339141846,0.4810755252838135,-0.034873224794864655,0.340485543012619,0.5099166631698608,-0.03498861566185951,0.34715384244918823,0.5370203256607056,-0.02856002002954483
0.3623586595058441,0.6352847814559937,2.9774204790555814e-07,0.3928805887699127,0.5987231731414795,-0.02167489007115364,0.3995163142681122,0.542319655418396,-0.028697587549686432,0.37773334980010986,0.4965275228023529,-0.03516761213541031,0.3560972213745117,0.46635201573371887,-0.04018094390630722,0.42268645763397217,0.47612398862838745,-0.009860176593065262,0.4321291744709015,0.40249311923980713,-0.02414148673415184,0.43505287170410156,0.3559667468070984,-0.03354377672076225,0.434123694896698,0.31846702098846436,-0.03848239779472351,0.3942933976650238,0.4718843400478363,-0.009445810690522194,0.39271143078804016,0.4020499587059021,-0.026461511850357056,0.38643160462379456,0.3549468517303467,-0.03865041583776474,0.3815135657787323,0.31501084566116333,-0.04340698570013046,0.3658848702907562,0.4835408926010132,-0.011987777426838875,0.35686227679252625,0.4565909504890442,-0.03885642811655998,0.35874518752098083,0.49494802951812744,-0.046626776456832886,0.3629928231239319,0.5219503045082092,-0.0423731729388237,0.3397667109966278,0.5050665140151978,-0.01587163470685482,0.3347054719924927,0.48233646154403687,-0.036142125725746155,0.33997398614883423,0.5109351277351379,-0.03640129789710045,0.346157431602478,0.5373513698577881,-0.03000173531472683
0.3634245991706848,0.63475501537323,3.115571587386512e-07,0.39149010181427,0.6006823778152466,-0.0263257697224617,0.3968309164047241,0.5437931418418884,-0.03437452018260956,0.37473973631858826,0.49535155296325684,-0.04082226753234863,0.35333529114723206,0.46201595664024353,-0.04532680660486221,0.423352986574173,0.47694528102874756,-0.011216985993087292,0.43240082263946533,0.40104374289512634,-0.025540176779031754,0.4354169964790344,0.3533840775489807,-0.035022128373384476,0.4349263906478882,0.31523260474205017,-0.04004606232047081,0.3958090543746948,0.47272124886512756,-0.008221960626542568,0.39356300234794617,0.4008367657661438,-0.025487421080470085,0.3866063058376312,0.3528144657611847,-0.03780187666416168,0.38125917315483093,0.313027024269104,-0.04258105158805847,0.3683316707611084,0.4840797781944275,-0.008821850642561913,0.3568277657032013,0.4543745219707489,-0.03720606118440628,0.356614351272583,0.49177464842796326,-0.04595757648348808,0.3603266477584839,0.5181321501731873,-0.04192567989230156,0.34350818395614624,0.5045030117034912,-0.011100844480097294,0.3368741571903229,0.47939494252204895,-0.03366634622216225,0.34081804752349854,0.5094119906425476,-0.035462018102407455,0.34702494740486145,0.5365435481071472,-0.029769819229841232
0.36322179436683655,0.6361046433448792,2.9070645268802764e-07,0.3925014138221741,0.5999155044555664,-0.02444876916706562,0.3978715240955353,0.5401473045349121,-0.030498525127768517,0.37514248490333557,0.49194201827049255,-0.035281792283058167,0.35432806611061096,0.460188090801239,-0.03818585351109505,0.4227520227432251,0.4758526384830475,-0.0076425811275839806,0.431182324886322,0.40012648701667786,-0.020519733428955078,0.43415674567222595,0.35287007689476013,-0.029183803126215935,0.4337500035762787,0.3149911165237427,-0.03363478556275368,0.3955303728580475,0.47219792008399963,-0.005166421644389629,0.3935265839099884,0.40129151940345764,-0.021288679912686348,0.3868226110935211,0.35355275869369507,-0.033192213624715805,0.38167721033096313,0.31397831439971924,-0.03762803599238396,0.3682156801223755,0.4834819436073303,-0.006272368133068085,0.35787203907966614,0.45295587182044983,-0.033772289752960205,0.3582131862640381,0.49162790179252625,-0.042552705854177475,0.3621405065059662,0.5181168913841248,-0.0384957492351532,0.34319090843200684,0.5037649273872375,-0.00892340112477541,0.33756881952285767,0.47659581899642944,-0.03060835786163807,0.34173843264579773,0.5074537396430969,-0.03204459697008133,0.3478507995605469,0.5351333618164062,-0.026188597083091736
0.36114639043807983,0.6361074447631836,2.946474353393569e-07,0.3927357792854309,0.5947418212890625,-0.02135079726576805,0.3989168107509613,0.5337788462638855,-0.025204459205269814,0.37481001019477844,0.490509957075119,-0.02829272858798504,0.35133031010627747,0.4671972990036011,-0.0298999585211277,0.42114758491516113,0.4746007025241852,-0.004870579112321138,0.4309087097644806,0.40104031562805176,-0.01589847542345524,0.4336596727371216,0.35457050800323486,-0.023294702172279358,0.43335825204849243,0.31665149331092834,-0.027027970179915428,0.3936578035354614,0.4722086489200592,-0.003365688491612673,0.3924626111984253,0.4014388918876648,-0.01678665727376938,0.3861408531665802,0.35330474376678467,-0.028072500601410866,0.38188043236732483,0.3125905990600586,-0.03270215913653374,0.3665839433670044,0.48440054059028625,-0.005121001973748207,0.35508617758750916,0.45534852147102356,-0.029689855873584747,0.3561570644378662,0.49153393507003784,-0.03965742141008377,0.3608483672142029,0.5164155960083008,-0.03715645149350166,0.3427792191505432,0.5054374933242798,-0.00820898450911045,0.33701610565185547,0.4781692624092102,-0.026631448417901993,0.3426637649536133,0.5064365863800049,-0.02794409543275833,0.3498009741306305,0.5335517525672913,-0.022798174992203712
0.362098753452301,0.6364988088607788,3.057238302517362e-07,0.3929899036884308,0.5964733958244324,-0.021835358813405037,0.3990233242511749,0.5360743999481201,-0.0270443893969059,0.37463992834091187,0.4923369884490967,-0.03146802634000778,0.35038483142852783,0.4683089256286621,-0.03449772670865059,0.4213590621948242,0.4758274257183075,-0.0072957416996359825,0.4314861297607422,0.4017893075942993,-0.019700512290000916,0.43440520763397217,0.35494109988212585,-0.02790243551135063,0.4337397813796997,0.3169238567352295,-0.032160066068172455,0.3934604525566101,0.473000705242157,-0.006083729211241007,0.3924486041069031,0.4018815755844116,-0.0209980271756649,0.3864230215549469,0.35382184386253357,-0.032594673335552216,0.382019579410553,0.3131728768348694,-0.03731388971209526,0.36578571796417236,0.48496776819229126,-0.008050867356359959,0.3547450602054596,0.45558229088783264,-0.033521782606840134,0.35563012957572937,0.49144798517227173,-0.04285101220011711,0.3600110113620758,0.5163594484329224,-0.03987202048301697,0.3412553369998932,0.5057283043861389,-0.011369138024747372,0.33529043197631836,0.4796077013015747,-0.030263345688581467,0.34056591987609863,0.5073307156562805,-0.03119686432182789,0.3472834527492523,0.5336909890174866,-0.02573630027472973
0.35897281765937805,0.6361204385757446,2.9421624958558823e-07,0.3901539742946625,0.5964599251747131,-0.02404676005244255,0.3973313271999359,0.5392888784408569,-0.029788725078105927,0.37526774406433105,0.49424704909324646,-0.03427126631140709,0.352965772151947,0.46397677063941956,-0.03684418648481369,0.42318421602249146,0.4754815101623535,-0.006033456418663263,0.4321787655353546,0.4015820622444153,-0.0183119997382164,0.4342523515224457,0.35439053177833557,-0.027015287429094315,0.433088481426239,0.3165518045425415,-0.031722359359264374,0.3957742750644684,0.4712388217449188,-0.0038235962856560946,0.3938542306423187,0.4004381597042084,-0.018379930406808853,0.387195348739624,0.35302460193634033,-0.030165057629346848,0.3819463551044464,0.31367164850234985,-0.03496605530381203,0.3683414161205292,0.4822130501270294,-0.005317268893122673,0.35526740550994873,0.4527335464954376,-0.030756408348679543,0.35559356212615967,0.48967766761779785,-0.03991549834609032,0.35985106229782104,0.5135458707809448,-0.03682713210582733,0.3434346318244934,0.5024478435516357,-0.008457657881081104,0.33505144715309143,0.47554364800453186,-0.027391741052269936,0.3387315273284912,0.5033849477767944,-0.028503797948360443,0.3445834219455719,0.5277923941612244,-0.02320615015923977
0.35798341035842896,0.635689914226532,2.920074848589138e-07,0.38848522305488586,0.5951008200645447,-0.02492281049489975,0.39592158794403076,0.5376235246658325,-0.030317487195134163,0.37494322657585144,0.4925902187824249,-0.03423246741294861,0.3530188202857971,0.46330976486206055,-0.0361565500497818,0.4222908318042755,0.4746609032154083,-0.004656684119254351,0.43134281039237976,0.40173181891441345,-0.016129136085510254,0.4340381622314453,0.3554060459136963,-0.024557074531912804,0.43311774730682373,0.31749600172042847,-0.029244903475046158,0.39523330330848694,0.4706870913505554,-0.0018843781435862184,0.39406338334083557,0.4004504680633545,-0.01629275642335415,0.38717523217201233,0.3531091809272766,-0.02867160551249981,0.381090372800827,0.31343087553977966,-0.03366024047136307,0.36758705973625183,0.48214930295944214,-0.002987051382660866,0.3544304370880127,0.4530029594898224,-0.02900896780192852,0.35487616062164307,0.4905664622783661,-0.03959062322974205,0.3596499562263489,0.5142249464988708,-0.03708513826131821,0.34251028299331665,0.5024449825286865,-0.005704671144485474,0.334216833114624,0.477196604013443,-0.02550937421619892,0.3375730812549591,0.5057410001754761,-0.027732260525226593,0.34333503246307373,0.5299313068389893,-0.02298428677022457
0.35860204696655273,0.6342213153839111,2.789365112221276e-07,0.3880818784236908,0.5967121720314026,-0.02571801282465458,0.3951517939567566,0.5400422811508179,-0.031787287443876266,0.3740163743495941,0.49303388595581055,-0.036261171102523804,0.35212838649749756,0.46230295300483704,-0.03874175250530243,0.42231595516204834,0.47604355216026306,-0.006648901849985123,0.4307591915130615,0.40218478441238403,-0.018950073048472404,0.4329371750354767,0.3557053804397583,-0.027511753141880035,0.432120144367218,0.31787312030792236,-0.03210275620222092,0.3957458734512329,0.47177910804748535,-0.003484076354652643,0.3937877416610718,0.4005163609981537,-0.01886044070124626,0.38688623905181885,0.353161484003067,-0.031136037781834602,0.3813299834728241,0.314062237739563,-0.035854894667863846,0.36877119541168213,0.48298895359039307,-0.004167462699115276,0.35580962896347046,0.45502331852912903,-0.031088748946785927,0.3551118075847626,0.4928554594516754,-0.04123394191265106,0.35893329977989197,0.517643392086029,-0.038163844496011734,0.3448788523674011,0.5032510757446289,-0.006526585668325424,0.3366644084453583,0.47798439860343933,-0.027213014662265778,0.33939245343208313,0.5069945454597473,-0.029376506805419922,0.3446512818336487,0.532290518283844,-0.024297015741467476
0.36112314462661743,0.6332136392593384,2.755683397026587e-07,0.3903401494026184,0.5961105823516846,-0.023997049778699875,0.3963652551174164,0.5391450524330139,-0.030336707830429077,0.3749488592147827,0.49225082993507385,-0.03565244376659393,0.3538062870502472,0.4613543748855591,-0.039231475442647934,0.4230313003063202,0.4750850200653076,-0.00642464030534029,0.43096840381622314,0.40179207921028137,-0.018778903409838676,0.4333631992340088,0.3555227220058441,-0.027494212612509727,0.43292033672332764,0.31792235374450684,-0.032383158802986145,0.39678505063056946,0.4716583788394928,-0.004389564506709576,0.3940633237361908,0.4007532298564911,-0.020253730937838554,0.386856347322464,0.353397935628891,-0.03277648612856865,0.38140568137168884,0.31400036811828613,-0.03787623345851898,0.3700718283653259,0.48385441303253174,-0.005908056162297726,0.3570762574672699,0.4546341598033905,-0.032775867730379105,0.35608553886413574,0.49120086431503296,-0.04235508292913437,0.3597329556941986,0.5156928300857544,-0.03925540670752525,0.3459991216659546,0.5048931241035461,-0.008988728746771812,0.33751004934310913,0.4777495861053467,-0.029977895319461823,0.34051015973091125,0.5063520669937134,-0.03201629966497421,0.34658753871917725,0.532038688659668,-0.026974324136972427
0.360828697681427,0.635924756526947,2.9738535545220657e-07,0.3935747444629669,0.5970046520233154,-0.0214124396443367,0.39989611506462097,0.5373021364212036,-0.026252178475260735,0.3760547935962677,0.4922088384628296,-0.030350161716341972,0.3536170423030853,0.4644825756549835,-0.032830797135829926,0.4206536114215851,0.47429120540618896,-0.0053366427309811115,0.42969271540641785,0.40165650844573975,-0.016008567065000534,0.4330868124961853,0.3556407690048218,-0.023435872048139572,0.4331977367401123,0.318264901638031,-0.027360618114471436,0.39301666617393494,0.47025439143180847,-0.004038527607917786,0.39131900668144226,0.40083208680152893,-0.017620978876948357,0.38534125685691833,0.35346877574920654,-0.028784487396478653,0.38080787658691406,0.3142883777618408,-0.033245645463466644,0.3653087913990021,0.481478214263916,-0.005939106922596693,0.35505351424217224,0.4531792998313904,-0.029999928548932076,0.3569548726081848,0.49017980694770813,-0.03901531547307968,0.3618067800998688,0.5156641006469727,-0.036155663430690765,0.3399045765399933,0.5013691186904907,-0.009261282160878181,0.33472222089767456,0.47648561000823975,-0.027456063777208328,0.3403611183166504,0.5045993328094482,-0.028719859197735786,0.3478059768676758,0.5307492017745972,-0.02366616018116474
0.35866695642471313,0.638634204864502,2.91409747887883e-07,0.3920755982398987,0.6028022766113281,-0.02216828614473343,0.3991542458534241,0.5441438555717468,-0.027656545862555504,0.3755342364311218,0.496469646692276,-0.03227469325065613,0.3530910313129425,0.46393120288848877,-0.03509851545095444,0.42057889699935913,0.47669079899787903,-0.006788134574890137,0.4300578832626343,0.4028189182281494,-0.018706057220697403,0.43275055289268494,0.35558801889419556,-0.02697068639099598,0.4316827654838562,0.31750810146331787,-0.03133544698357582,0.39262768626213074,0.4716240167617798,-0.0054719350300729275,0.39112338423728943,0.40116986632347107,-0.019676268100738525,0.3850722908973694,0.3531712293624878,-0.03070233389735222,0.3801845908164978,0.3135543465614319,-0.03518389165401459,0.3647446632385254,0.4821096956729889,-0.007423657923936844,0.3564758598804474,0.4523758590221405,-0.03214044123888016,0.35731321573257446,0.4883517622947693,-0.040038347244262695,0.3598673641681671,0.5138944387435913,-0.03645142912864685,0.3390119671821594,0.5018831491470337,-0.01091479230672121,0.3359838128089905,0.47517773509025574,-0.029724156484007835,0.3413468897342682,0.5032011866569519,-0.03020443394780159,0.3472408652305603,0.5300388336181641,-0.024445483461022377
0.35638391971588135,0.6413960456848145,3.038273064248642e-07,0.38905203342437744,0.6022870540618896,-0.02566424198448658,0.3960683047771454,0.5434083938598633,-0.031636618077754974,0.37293317914009094,0.4971277117729187,-0.03588191419839859,0.3496635854244232,0.4666886627674103,-0.03807279095053673,0.41936010122299194,0.47750088572502136,-0.007369599305093288,0.42816612124443054,0.40420180559158325,-0.019982891157269478,0.4309191405773163,0.3575795292854309,-0.028879955410957336,0.43054458498954773,0.31901073455810547,-0.033658675849437714,0.3918953537940979,0.4733879864215851,-0.004398966673761606,0.3911636471748352,0.40258505940437317,-0.019642842933535576,0.3849547803401947,0.35432928800582886,-0.03186219930648804,0.37984415888786316,0.3138652443885803,-0.036695562303066254,0.36431851983070374,0.4848320782184601,-0.00527636893093586,0.35288769006729126,0.45621389150619507,-0.032619696110486984,0.3545123040676117,0.494604229927063,-0.04299648106098175,0.35909801721572876,0.5201547741889954,-0.03998710587620735,0.3399357795715332,0.5058188438415527,-0.0078075653873384,0.33511465787887573,0.48031026124954224,-0.02898571640253067,0.3400852382183075,0.5105157494544983,-0.03127439692616463,0.3462461531162262,0.5373233556747437,-0.026233425363898277
0.35848507285118103,0.6425372362136841,2.996979162617208e-07,0.3903259038925171,0.6052420735359192,-0.022340908646583557,0.3971133530139923,0.546510636806488,-0.028638621792197227,0.37481141090393066,0.49967095255851746,-0.03439236432313919,0.3524056077003479,0.46928659081459045,-0.038551829755306244,0.4180154502391815,0.47686442732810974,-0.007199837826192379,0.4271700382232666,0.40452393889427185,-0.019694989547133446,0.43036481738090515,0.3577796518802643,-0.028462404385209084,0.4302132725715637,0.3194102942943573,-0.03324682638049126,0.3904167711734772,0.4725962281227112,-0.0060703083872795105,0.3894101083278656,0.4031722843647003,-0.022184640169143677,0.3833944499492645,0.3550187945365906,-0.034771569073200226,0.37854838371276855,0.3140907287597656,-0.039983976632356644,0.36254018545150757,0.4836561679840088,-0.008106515742838383,0.3540688157081604,0.4564819931983948,-0.03435702249407768,0.3563637137413025,0.49382030963897705,-0.04386293888092041,0.36041879653930664,0.5205576419830322,-0.04096841812133789,0.3375663757324219,0.5037827491760254,-0.011656523682177067,0.33483967185020447,0.4803232252597809,-0.03171124309301376,0.3412919342517853,0.5095426440238953,-0.0335419736802578,0.34863853454589844,0.5375727415084839,-0.028485244140028954
0.35962575674057007,0.6416967511177063,2.967381362850574e-07,0.39021727442741394,0.6084319949150085,-0.02364135906100273,0.3974716067314148,0.5528997778892517,-0.031342778354883194,0.3754330277442932,0.5052040219306946,-0.038316383957862854,0.3532727062702179,0.47064173221588135,-0.04349507391452789,0.4194532632827759,0.479096919298172,-0.00932564027607441,0.4281366467475891,0.405264675617218,-0.022678863257169724,0.4307667911052704,0.3575357496738434,-0.031893715262413025,0.43009254336357117,0.3188673257827759,-0.03674105554819107,0.3921176791191101,0.4739059805870056,-0.007519317325204611,0.38998571038246155,0.40392962098121643,-0.023619703948497772,0.38320571184158325,0.3556287884712219,-0.035773973912000656,0.3777798116207123,0.31554606556892395,-0.04092005640268326,0.36494722962379456,0.483348548412323,-0.008955496363341808,0.35570669174194336,0.45598140358924866,-0.03509625047445297,0.3559935688972473,0.49276238679885864,-0.04356435686349869,0.3580085039138794,0.5199483633041382,-0.04021516069769859,0.3405061364173889,0.5015376210212708,-0.012104903347790241,0.33738625049591064,0.4751507639884949,-0.03217437118291855,0.343525230884552,0.5051747560501099,-0.033378906548023224,0.35049381852149963,0.5352327823638916,-0.027887936681509018
0.3544999063014984,0.641322672367096,3.0730078037777275e-07,0.38646969199180603,0.6027420163154602,-0.024758996441960335,0.39304009079933167,0.5437530279159546,-0.031168097630143166,0.36952805519104004,0.4985203146934509,-0.03641301020979881,0.34724393486976624,0.46914538741111755,-0.03985472768545151,0.4183890223503113,0.48053690791130066,-0.00838581845164299,0.42676013708114624,0.4045727252960205,-0.021786760538816452,0.42952197790145874,0.3570154905319214,-0.03089910000562668,0.42936310172080994,0.3180932402610779,-0.035663902759552,0.39123591780662537,0.47674909234046936,-0.006099971942603588,0.39009106159210205,0.40471217036247253,-0.022758811712265015,0.3829093277454376,0.35630136728286743,-0.03540225699543953,0.37705227732658386,0.31541913747787476,-0.04035467281937599,0.3644044101238251,0.48795148730278015,-0.007372833322733641,0.35126397013664246,0.4592347741127014,-0.03579041734337807,0.3507017195224762,0.4980910122394562,-0.04553347826004028,0.3537909984588623,0.5249701738357544,-0.0418393649160862,0.34088271856307983,0.5082335472106934,-0.010200927034020424,0.33498767018318176,0.4793627858161926,-0.03219972550868988,0.3393765687942505,0.5108727216720581,-0.03371056169271469,0.3457081615924835,0.5400485992431641,-0.02781105972826481
0.3535599112510681,0.6395664811134338,2.9928625622233085e-07,0.3863503932952881,0.5997048616409302,-0.023360103368759155,0.39334288239479065,0.5399497151374817,-0.028730368241667747,0.36888614296913147,0.4951983690261841,-0.03317875787615776,0.3464106023311615,0.46708619594573975,-0.03588724136352539,0.4176655113697052,0.47955116629600525,-0.006353093311190605,0.4271821975708008,0.4031479060649872,-0.018747135996818542,0.4301215708255768,0.35567671060562134,-0.027414729818701744,0.43016260862350464,0.3166639506816864,-0.032052475959062576,0.3902176320552826,0.47621211409568787,-0.004704849328845739,0.38969242572784424,0.4042750597000122,-0.020264705643057823,0.3830319344997406,0.35547158122062683,-0.032757386565208435,0.3778214156627655,0.31420427560806274,-0.037939123809337616,0.3626575469970703,0.487034410238266,-0.006571508944034576,0.3530563414096832,0.45721396803855896,-0.03393542021512985,0.3517463803291321,0.4951300323009491,-0.04368916153907776,0.35373178124427795,0.5210372805595398,-0.040340859442949295,0.33824676275253296,0.5068124532699585,-0.009894976392388344,0.3343471586704254,0.4774663746356964,-0.030866796150803566,0.33808475732803345,0.5079758167266846,-0.03199710696935654,0.3429989814758301,0.5367080569267273,-0.02610733173787594
0.3532206416130066,0.6383069157600403,3.0001856998751464e-07,0.3875070810317993,0.6007791757583618,-0.022557446733117104,0.39525705575942993,0.5432487726211548,-0.028229741379618645,0.3719375431537628,0.49800384044647217,-0.03327036648988724,0.3484998047351837,0.46947750449180603,-0.03681665658950806,0.4154706597328186,0.4770013391971588,-0.005733034573495388,0.4256022572517395,0.40461254119873047,-0.016878724098205566,0.42901620268821716,0.3581831455230713,-0.02485327050089836,0.4298393726348877,0.31980615854263306,-0.029233213514089584,0.38785433769226074,0.4727823734283447,-0.004062164109200239,0.38590168952941895,0.40251263976097107,-0.018503298982977867,0.38013577461242676,0.3539028763771057,-0.03055335022509098,0.37623724341392517,0.31331321597099304,-0.035742372274398804,0.36036503314971924,0.48349088430404663,-0.005683062598109245,0.35278376936912537,0.45607930421829224,-0.03130672872066498,0.35390427708625793,0.4937663972377777,-0.041151247918605804,0.35683757066726685,0.5203497409820557,-0.03856468200683594,0.33576276898384094,0.5030395984649658,-0.008761480450630188,0.3339675962924957,0.47680121660232544,-0.028754374012351036,0.3391859531402588,0.5072281956672668,-0.030561240389943123,0.3448621928691864,0.5362722277641296,-0.025541355833411217
0.3542146682739258,0.639620304107666,3.0643840887023543e-07,0.3879300355911255,0.6016897559165955,-0.02332434616982937,0.39478588104248047,0.543718695640564,-0.029342899098992348,0.3715134263038635,0.4991524815559387,-0.03437161073088646,0.3480894863605499,0.4705999195575714,-0.037807803601026535,0.4156422019004822,0.4781148433685303,-0.007539453450590372,0.4257425367832184,0.40558189153671265,-0.019710952416062355,0.4287025034427643,0.35857850313186646,-0.02840018831193447,0.42861005663871765,0.31964144110679626,-0.0331772118806839,0.38787978887557983,0.47371241450309753,-0.005663939286023378,0.38634350895881653,0.40459656715393066,-0.020735083147883415,0.3798820674419403,0.35603582859039307,-0.032811593264341354,0.37510043382644653,0.3153045177459717,-0.037934452295303345,0.36020153760910034,0.48444196581840515,-0.0071409400552511215,0.35154587030410767,0.45632031559944153,-0.03334464505314827,0.3522183299064636,0.4942089319229126,-0.04273825138807297,0.3550994396209717,0.5207421779632568,-0.039694227278232574,0.33542972803115845,0.5042513608932495,-0.010149423964321613,0.33349180221557617,0.47739753127098083,-0.03048674948513508,0.3387959897518158,0.5074137449264526,-0.03199480473995209,0.3446104824542999,0.5357787013053894,-0.02666616067290306
0.3531004786491394,0.6414840817451477,3.001855759521277e-07,0.38683292269706726,0.6036242842674255,-0.02465660683810711,0.39437180757522583,0.5461976528167725,-0.031101621687412262,0.3703242242336273,0.5009907484054565,-0.036249324679374695,0.3462483286857605,0.47092732787132263,-0.03960282355546951,0.4154006242752075,0.4809207618236542,-0.008169963024556637,0.42532604932785034,0.40650010108947754,-0.02099667116999626,0.42825159430503845,0.3591448664665222,-0.029902637004852295,0.4283197522163391,0.32005053758621216,-0.034733694046735764,0.38824716210365295,0.47676676511764526,-0.00590314157307148,0.3855147659778595,0.4051200747489929,-0.021494179964065552,0.37854498624801636,0.356300413608551,-0.03387407213449478,0.3728485107421875,0.3154039978981018,-0.03908179700374603,0.3613585829734802,0.4879519045352936,-0.007207564078271389,0.35014182329177856,0.4604416489601135,-0.03433771803975105,0.3511621654033661,0.49795281887054443,-0.04403446614742279,0.3544228971004486,0.5235812067985535,-0.040864333510398865,0.3373890519142151,0.5083107352256775,-0.010109362192451954,0.3323451578617096,0.48051655292510986,-0.030755093321204185,0.3372320234775543,0.5095809698104858,-0.032142218202352524,0.3426190912723541,0.5368400812149048,-0.026643164455890656
0.35377025604248047,0.6420623064041138,2.9332522899494506e-07,0.3871789276599884,0.6044381856918335,-0.02335415594279766,0.39501285552978516,0.5475539565086365,-0.0298173651099205,0.37137019634246826,0.5025149583816528,-0.03532272204756737,0.3472784161567688,0.47200071811676025,-0.03913707286119461,0.415434330701828,0.48059067130088806,-0.008052291348576546,0.4253021478652954,0.4067133665084839,-0.020797016099095345,0.4283202886581421,0.35951000452041626,-0.02966177463531494,0.4282108247280121,0.3203732371330261,-0.03453733026981354,0.38807547092437744,0.47598445415496826,-0.006618911866098642,0.3854235112667084,0.40481945872306824,-0.02225971221923828,0.3789011240005493,0.35619473457336426,-0.0345781072974205,0.37340912222862244,0.3153926134109497,-0.039820700883865356,0.36081311106681824,0.48695510625839233,-0.008555639535188675,0.35103243589401245,0.45992812514305115,-0.03533247858285904,0.3528624176979065,0.4974611699581146,-0.044634733349084854,0.35612085461616516,0.5233874320983887,-0.04140044003725052,0.33631253242492676,0.507122278213501,-0.012020914815366268,0.33253014087677,0.4797636866569519,-0.03238982707262039,0.3380495011806488,0.5087347030639648,-0.033521391451358795,0.34355416893959045,0.5363811254501343,-0.027918348088860512
0.3572773337364197,0.6410527229309082,3.1468036354453943e-07,0.3911024034023285,0.6038024425506592,-0.022368185222148895,0.39813047647476196,0.5481220483779907,-0.03034980595111847,0.37456420063972473,0.5042751431465149,-0.037902746349573135,0.35077589750289917,0.4749443531036377,-0.0439496785402298,0.41524332761764526,0.48141205310821533,-0.012411885894834995,0.4257482886314392,0.4080731272697449,-0.027013860642910004,0.42917823791503906,0.36106109619140625,-0.036462556570768356,0.42942169308662415,0.32161930203437805,-0.04159221425652504,0.38738110661506653,0.4772113561630249,-0.012258280999958515,0.38475310802459717,0.40577155351638794,-0.029692010954022408,0.3792806565761566,0.35650086402893066,-0.0416678711771965,0.3747291564941406,0.31458839774131775,-0.04678679257631302,0.35983482003211975,0.48816025257110596,-0.015102035365998745,0.3545600175857544,0.4613412320613861,-0.04267893731594086,0.3577973246574402,0.49885520339012146,-0.05045051872730255,0.360139399766922,0.5261387825012207,-0.04629334807395935,0.3353040814399719,0.5078020095825195,-0.01948775164783001,0.3368472158908844,0.48235395550727844,-0.0398271419107914,0.34452176094055176,0.509735107421875,-0.04008426144719124,0.3499375879764557,0.5368590950965881,-0.03403160348534584
0.3565826416015625,0.6409145593643188,3.201365075256035e-07,0.3910171091556549,0.6038248538970947,-0.023538634181022644,0.3981482684612274,0.5486711859703064,-0.031194480136036873,0.3746527135372162,0.5037034153938293,-0.038001108914613724,0.35102808475494385,0.4729209840297699,-0.04320120811462402,0.41533464193344116,0.48329028487205505,-0.011819882318377495,0.4259515404701233,0.4091663956642151,-0.026328977197408676,0.42966312170028687,0.3617410957813263,-0.03582176938652992,0.43037867546081543,0.322171151638031,-0.04099116101861,0.3883548378944397,0.47887882590293884,-0.010731273330748081,0.38533151149749756,0.4069911241531372,-0.027858862653374672,0.3793267607688904,0.3572540283203125,-0.04005445912480354,0.3744686245918274,0.31460484862327576,-0.045358650386333466,0.3618052899837494,0.49033766984939575,-0.012808715924620628,0.35370194911956787,0.4602881968021393,-0.040821559727191925,0.3558242917060852,0.4967634379863739,-0.049092475324869156,0.3581438362598419,0.5235437154769897,-0.04512537643313408,0.33816877007484436,0.5110652446746826,-0.016408205032348633,0.33694329857826233,0.4830414056777954,-0.03788797929883003,0.3435945212841034,0.5102670192718506,-0.03882363811135292,0.3490350544452667,0.5373584032058716,-0.03300068527460098
0.3600618839263916,0.6423444747924805,3.166926774156309e-07,0.3929167687892914,0.6032826900482178,-0.0216246135532856,0.39955708384513855,0.547793447971344,-0.029964465647935867,0.37642642855644226,0.5035279393196106,-0.0382537879049778,0.35335132479667664,0.4727459251880646,-0.0451667457818985,0.4181702435016632,0.483593225479126,-0.011189348064363003,0.42875775694847107,0.410936176776886,-0.026479579508304596,0.4324938952922821,0.3637774586677551,-0.03640802577137947,0.43341928720474243,0.32503366470336914,-0.04188588634133339,0.3905854821205139,0.4806983470916748,-0.011732563376426697,0.3861054480075836,0.40690091252326965,-0.03099881485104561,0.3802773952484131,0.35661906003952026,-0.04399394243955612,0.37577781081199646,0.31439918279647827,-0.0493253730237484,0.3641045093536377,0.493411660194397,-0.015145782381296158,0.3541905879974365,0.46400725841522217,-0.044556960463523865,0.3583640158176422,0.5021408796310425,-0.05198023468255997,0.3626805245876312,0.529838502407074,-0.04703294113278389,0.3403729796409607,0.5144219398498535,-0.019902026280760765,0.3369365632534027,0.48733603954315186,-0.04194612428545952,0.3427865505218506,0.5154612064361572,-0.04191577062010765,0.3483317196369171,0.5410959124565125,-0.03523246943950653
0.3596597909927368,0.6430906653404236,3.1153075497059035e-07,0.3921562433242798,0.6041421294212341,-0.022562410682439804,0.3991363048553467,0.5477410554885864,-0.03019547648727894,0.37620970606803894,0.5024534463882446,-0.03747961297631264,0.35305386781692505,0.47156763076782227,-0.04324604570865631,0.4186357259750366,0.484750896692276,-0.009833616204559803,0.42835596203804016,0.4115210175514221,-0.024958578869700432,0.43201959133148193,0.3639562726020813,-0.034825537353754044,0.4332292377948761,0.3253665268421173,-0.04019274562597275,0.3915645182132721,0.4810902774333954,-0.009624124504625797,0.3859727382659912,0.4069764316082001,-0.02851266972720623,0.379823237657547,0.3566494584083557,-0.04155441001057625,0.37577956914901733,0.31458160281181335,-0.0467742383480072,0.3657793402671814,0.49378785490989685,-0.012540673837065697,0.3538076877593994,0.465073823928833,-0.04205618053674698,0.35713642835617065,0.5025148391723633,-0.050252750515937805,0.3619067072868347,0.5292220711708069,-0.04561646655201912,0.3430889844894409,0.515518307685852,-0.016852717846632004,0.3370226323604584,0.4893064498901367,-0.03929232433438301,0.34226036071777344,0.5173436999320984,-0.0400332473218441,0.348137229681015,0.5424855947494507,-0.033754970878362656
0.36572498083114624,0.6417299509048462,3.509624946218537e-07,0.3996601402759552,0.6001013517379761,-0.017762847244739532,0.4060123562812805,0.5430914163589478,-0.02601109817624092,0.3807222247123718,0.5010798573493958,-0.034981537610292435,0.35541146993637085,0.47802042961120605,-0.04295317828655243,0.4192259609699249,0.48442140221595764,-0.013704508543014526,0.4322316646575928,0.4109231233596802,-0.029116839170455933,0.43716946244239807,0.36466848850250244,-0.03808191046118736,0.4386426508426666,0.32652902603149414,-0.04264947026968002,0.39036568999290466,0.4822671413421631,-0.016701601445674896,0.38650938868522644,0.40532228350639343,-0.035727936774492264,0.38196849822998047,0.3542887568473816,-0.04740558937191963,0.3781350255012512,0.311576247215271,-0.05190920829772949,0.3625860810279846,0.4951181411743164,-0.021840276196599007,0.3623311519622803,0.46814072132110596,-0.04981473088264465,0.37036964297294617,0.5062261819839478,-0.055667318403720856,0.37446239590644836,0.5349808931350708,-0.04997807741165161,0.33746659755706787,0.515550434589386,-0.028069643303751945,0.3429683446884155,0.4896659851074219,-0.046914324164390564,0.35274791717529297,0.5158681273460388,-0.04456770792603493,0.3584497272968292,0.5416097044944763,-0.036848001182079315
0.3665694296360016,0.642112672328949,3.6028626482220716e-07,0.4003622829914093,0.6042046546936035,-0.01877031847834587,0.40705645084381104,0.5457728505134583,-0.02649613656103611,0.38164079189300537,0.5020707845687866,-0.03469836339354515,0.3565847873687744,0.47657373547554016,-0.04186594486236572,0.4188275933265686,0.4841156303882599,-0.013017206452786922,0.43145784735679626,0.41167542338371277,-0.028598377481102943,0.43602555990219116,0.36548954248428345,-0.03783450275659561,0.43755996227264404,0.3278323709964752,-0.04255079850554466,0.3904716968536377,0.4826298952102661,-0.015477124601602554,0.38555672764778137,0.4062348008155823,-0.03521387651562691,0.38162800669670105,0.35459405183792114,-0.04742424562573433,0.37885674834251404,0.31153619289398193,-0.05212843045592308,0.3632374107837677,0.49655255675315857,-0.020239463075995445,0.36034056544303894,0.46587106585502625,-0.05003521591424942,0.3676636815071106,0.5045319199562073,-0.05642356351017952,0.37160688638687134,0.5337173938751221,-0.05058905854821205,0.33862853050231934,0.5181525945663452,-0.025996055454015732,0.3427949547767639,0.4889282286167145,-0.047435492277145386,0.3522689938545227,0.5156176090240479,-0.04600728675723076,0.35815536975860596,0.5415812134742737,-0.03841739520430565
0.36774885654449463,0.6445437669754028,3.8963773363320797e-07,0.4022417366504669,0.6076114773750305,-0.018276670947670937,0.41338595747947693,0.5518220663070679,-0.025728031992912292,0.39430585503578186,0.5070814490318298,-0.033860836178064346,0.370636910200119,0.48285025358200073,-0.04060323163866997,0.4196701943874359,0.48466676473617554,-0.01233480591326952,0.4350743293762207,0.4131017327308655,-0.02722153440117836,0.4421389698982239,0.36840569972991943,-0.03559555485844612,0.4444308876991272,0.3326858878135681,-0.03918416425585747,0.3907718062400818,0.48212429881095886,-0.015065327286720276,0.38644492626190186,0.4011131525039673,-0.03392008692026138,0.38387787342071533,0.3505440354347229,-0.045007627457380295,0.3805091381072998,0.3106377422809601,-0.048104558140039444,0.36354300379753113,0.4961019456386566,-0.020076029002666473,0.3692871034145355,0.47193005681037903,-0.04873684048652649,0.38033223152160645,0.5108240842819214,-0.054932717233896255,0.384605348110199,0.5412991642951965,-0.048429936170578,0.33933496475219727,0.5175402760505676,-0.026182129979133606,0.35247236490249634,0.4944317042827606,-0.04485778138041496,0.36550650000572205,0.518508791923523,-0.04255901277065277,0.3718646168708801,0.5431419014930725,-0.034332431852817535
0.36721399426460266,0.6447181105613708,3.944943500755471e-07,0.4023565948009491,0.6068629026412964,-0.017995642498135567,0.41340041160583496,0.5496101379394531,-0.02498960681259632,0.3916746973991394,0.5054550170898438,-0.03269568830728531,0.36464616656303406,0.4858364164829254,-0.03917524218559265,0.4190116822719574,0.48456087708473206,-0.011016585864126682,0.43465033173561096,0.412922203540802,-0.025685613974928856,0.4417434334754944,0.3682819604873657,-0.033899638801813126,0.44403275847435,0.332361102104187,-0.037511106580495834,0.3904999792575836,0.4819481074810028,-0.013848274014890194,0.3865737318992615,0.4017070531845093,-0.032783955335617065,0.3838684558868408,0.35057175159454346,-0.04409777373075485,0.3804325759410858,0.31003838777542114,-0.04744406417012215,0.3636326193809509,0.496056467294693,-0.01897098310291767,0.36755651235580444,0.47088873386383057,-0.047713086009025574,0.37786903977394104,0.5100968480110168,-0.05390244349837303,0.3820440173149109,0.5406500101089478,-0.047344256192445755,0.33959057927131653,0.5176487565040588,-0.025110909715294838,0.3498801290988922,0.49346569180488586,-0.04372992366552353,0.3616830110549927,0.5181615352630615,-0.04113617166876793,0.3673194348812103,0.5428555607795715,-0.03275521099567413
0.37021031975746155,0.6509513854980469,4.2671126720961183e-07,0.4055117666721344,0.6113594174385071,-0.017352154478430748,0.41667744517326355,0.5530576109886169,-0.024199793115258217,0.3937950134277344,0.5107652544975281,-0.031893353909254074,0.3672802150249481,0.4909791350364685,-0.03813675418496132,0.4209832549095154,0.4888738989830017,-0.01024598442018032,0.4383620023727417,0.41645804047584534,-0.02447577752172947,0.4464839994907379,0.3721081018447876,-0.032207563519477844,0.44924086332321167,0.3359343111515045,-0.03534218668937683,0.39158520102500916,0.48579782247543335,-0.01338628027588129,0.3888043761253357,0.40355557203292847,-0.032177869230508804,0.38766321539878845,0.35246461629867554,-0.04309282451868057,0.3848089873790741,0.3114696741104126,-0.045696407556533813,0.3638281524181366,0.49890080094337463,-0.018793972209095955,0.3743358552455902,0.4785301983356476,-0.047691624611616135,0.38520917296409607,0.5193301439285278,-0.05382493883371353,0.38793352246284485,0.5490949153900146,-0.04677487164735794,0.3391879200935364,0.5192558169364929,-0.025167936459183693,0.35633137822151184,0.50038743019104,-0.04342338815331459,0.36914125084877014,0.526625394821167,-0.040498651564121246,0.37395742535591125,0.5508427619934082,-0.0316951684653759
0.36674806475639343,0.6508948802947998,4.25605719556188e-07,0.4028193950653076,0.613034188747406,-0.019414179027080536,0.41593730449676514,0.5549235343933105,-0.02653934806585312,0.39268025755882263,0.5103015899658203,-0.03407548367977142,0.36633139848709106,0.48897266387939453,-0.03996884450316429,0.4205346405506134,0.4893393814563751,-0.010763004422187805,0.4380696415901184,0.4167194664478302,-0.025608863681554794,0.4461938142776489,0.3725505471229553,-0.03348124399781227,0.4486304223537445,0.3365260362625122,-0.036630064249038696,0.3914969265460968,0.48568934202194214,-0.013120022602379322,0.3884948194026947,0.40276095271110535,-0.03284400328993797,0.38677558302879333,0.3512420356273651,-0.0440620519220829,0.3833499848842621,0.310349702835083,-0.046610672026872635,0.36437639594078064,0.49869781732559204,-0.018076365813612938,0.3727072477340698,0.4784989655017853,-0.047905806452035904,0.3835442066192627,0.5192999243736267,-0.05423854663968086,0.3867982029914856,0.5491742491722107,-0.04701956361532211,0.3402010202407837,0.5187467932701111,-0.024173427373170853,0.3551041781902313,0.5007607340812683,-0.043007515370845795,0.3670629560947418,0.52693110704422,-0.0403832271695137,0.37157708406448364,0.5503174066543579,-0.031684473156929016
0.37057557702064514,0.6497293710708618,4.3596094201348023e-07,0.40641140937805176,0.6091588139533997,-0.017335012555122375,0.4171086251735687,0.5494352579116821,-0.02371557056903839,0.3935900032520294,0.5063979625701904,-0.03092237003147602,0.3653198778629303,0.48928186297416687,-0.036671627312898636,0.42204999923706055,0.4906369745731354,-0.008810117840766907,0.43980124592781067,0.4184318780899048,-0.022823359817266464,0.4489184319972992,0.3757368326187134,-0.03027745895087719,0.45260292291641235,0.3407282829284668,-0.03327327221632004,0.3941771686077118,0.48726513981819153,-0.011791844852268696,0.3918933868408203,0.4047354459762573,-0.030041124671697617,0.3922019302845001,0.3542640805244446,-0.0407043918967247,0.39049574732780457,0.3136596977710724,-0.04340697452425957,0.3675936460494995,0.4998437166213989,-0.01724778488278389,0.37480366230010986,0.48031437397003174,-0.04520459845662117,0.384762704372406,0.5197253823280334,-0.05162355303764343,0.38724642992019653,0.5481431484222412,-0.04518943652510643,0.34384602308273315,0.5189595818519592,-0.023749925196170807,0.35773614048957825,0.501424252986908,-0.041167933493852615,0.3691035211086273,0.5274737477302551,-0.03862510621547699,0.3728438913822174,0.5508511066436768,-0.030576547607779503
0.3667813241481781,0.6502052545547485,4.17423592580235e-07,0.4041057527065277,0.6117804050445557,-0.018085716292262077,0.41755321621894836,0.551753044128418,-0.02424788661301136,0.393777072429657,0.5054863691329956,-0.031111273914575577,0.36447805166244507,0.49121662974357605,-0.03659297153353691,0.4210924208164215,0.4943279027938843,-0.008549767546355724,0.43957316875457764,0.4225607216358185,-0.02222084440290928,0.4481610953807831,0.37962111830711365,-0.029397645965218544,0.45145002007484436,0.3443058133125305,-0.032305728644132614,0.39280927181243896,0.4909006357192993,-0.011501714587211609,0.39186838269233704,0.40790268778800964,-0.03011794202029705,0.39259886741638184,0.3571329116821289,-0.040840648114681244,0.39092743396759033,0.31617432832717896,-0.04356016591191292,0.3661743402481079,0.5029322504997253,-0.016989154741168022,0.37540456652641296,0.48135673999786377,-0.046178996562957764,0.3859736919403076,0.5217822790145874,-0.05254272744059563,0.3881988227367401,0.5520628690719604,-0.045590002089738846,0.34250184893608093,0.5210811495780945,-0.02350648120045662,0.35847583413124084,0.4993371069431305,-0.041334714740514755,0.37043240666389465,0.5245134234428406,-0.03832336515188217,0.3736116588115692,0.5484393239021301,-0.029902249574661255
0.367135226726532,0.6495615839958191,4.231762602557865e-07,0.4043155312538147,0.6113280057907104,-0.017761120572686195,0.4175449013710022,0.5520988702774048,-0.023646369576454163,0.3941269814968109,0.5064466595649719,-0.030382920056581497,0.36504071950912476,0.491227388381958,-0.03575931861996651,0.4210512638092041,0.49404582381248474,-0.007116185035556555,0.4397886395454407,0.4230959117412567,-0.020695388317108154,0.44921883940696716,0.38005033135414124,-0.02811259776353836,0.4527322053909302,0.34489524364471436,-0.031210480257868767,0.39322224259376526,0.4905003011226654,-0.010003916919231415,0.39207008481025696,0.4074976444244385,-0.028434470295906067,0.39262181520462036,0.35647469758987427,-0.03947971388697624,0.39058977365493774,0.3149822950363159,-0.04249350354075432,0.3668259382247925,0.5027137994766235,-0.01548518892377615,0.37434083223342896,0.4797012209892273,-0.04454294592142105,0.3845258951187134,0.5198922157287598,-0.051163990050554276,0.38685837388038635,0.5499634146690369,-0.044408343732357025,0.34320181608200073,0.5213761925697327,-0.02196955680847168,0.3576050400733948,0.49913516640663147,-0.04012239724397659,0.36962810158729553,0.5244768857955933,-0.03750402107834816,0.3731951415538788,0.5485626459121704,-0.029257608577609062
0.3688231110572815,0.6467943787574768,4.205950006053172e-07,0.4053161144256592,0.6096457242965698,-0.01813805289566517,0.42009174823760986,0.5510843992233276,-0.02360883727669716,0.39784637093544006,0.5042446851730347,-0.029729194939136505,0.3695032000541687,0.4867783784866333,-0.034325648099184036,0.4191668629646301,0.4937252998352051,-0.0068246908485889435,0.4388042092323303,0.4226408302783966,-0.019304992631077766,0.44826722145080566,0.3812061846256256,-0.02526315674185753,0.45116132497787476,0.3476843237876892,-0.027170931920409203,0.39110979437828064,0.49061229825019836,-0.009085523895919323,0.39026695489883423,0.4052139222621918,-0.026627015322446823,0.391567200422287,0.3551792502403259,-0.03625471144914627,0.3894307315349579,0.3155839443206787,-0.03812539577484131,0.36492660641670227,0.5027214288711548,-0.014079323038458824,0.3722120225429535,0.47789955139160156,-0.04242795333266258,0.3825111985206604,0.5185967087745667,-0.04822569712996483,0.38468700647354126,0.5488097071647644,-0.04083918407559395,0.3412919342517853,0.520334780216217,-0.020044974982738495,0.3546554446220398,0.4954977035522461,-0.036948882043361664,0.3668532967567444,0.5198658108711243,-0.03352600708603859,0.370347261428833,0.543221116065979,-0.024878118187189102
0.3677975833415985,0.6469786763191223,4.2507818420745025e-07,0.4056587517261505,0.6098152995109558,-0.01873086392879486,0.42010268568992615,0.5507798790931702,-0.024334833025932312,0.39758747816085815,0.5033576488494873,-0.030449723824858665,0.3684701919555664,0.48652246594429016,-0.0350954532623291,0.4192297160625458,0.494796484708786,-0.007702544331550598,0.43842077255249023,0.4230569005012512,-0.02052108198404312,0.44783303141593933,0.3811846673488617,-0.027000559493899345,0.4517490863800049,0.34699559211730957,-0.029339490458369255,0.39134326577186584,0.49086013436317444,-0.00981629453599453,0.3902933597564697,0.4064180850982666,-0.027108337730169296,0.3917141556739807,0.3561859130859375,-0.036780696362257004,0.390388160943985,0.31656724214553833,-0.03889073058962822,0.3651816248893738,0.5022543668746948,-0.014694269746541977,0.37307631969451904,0.47797533869743347,-0.042818378657102585,0.38335755467414856,0.5183666348457336,-0.048676058650016785,0.38520604372024536,0.5492537617683411,-0.041534557938575745,0.3411704897880554,0.519216001033783,-0.02067345753312111,0.35500895977020264,0.49501243233680725,-0.037614110857248306,0.36771419644355774,0.5184438824653625,-0.03437238931655884,0.3713310658931732,0.5418258309364319,-0.025987423956394196
0.3706176280975342,0.6464403867721558,4.313682495649118e-07,0.406342089176178,0.6053934097290039,-0.017351185902953148,0.4194466471672058,0.5459887385368347,-0.02238028682768345,0.39596354961395264,0.4984390437602997,-0.02836165763437748,0.36673054099082947,0.4831216037273407,-0.032673344016075134,0.41663968563079834,0.49452149868011475,-0.004111733287572861,0.43623512983322144,0.423342764377594,-0.016496988013386726,0.44561752676963806,0.3820315897464752,-0.022384466603398323,0.44883784651756287,0.34837692975997925,-0.02422049082815647,0.3894699811935425,0.49100175499916077,-0.0065880101174116135,0.38901853561401367,0.407161146402359,-0.024756165221333504,0.3911876976490021,0.3569665551185608,-0.03484688699245453,0.3898155093193054,0.31711113452911377,-0.03681981563568115,0.36390918493270874,0.5017780065536499,-0.011920901946723461,0.37383341789245605,0.48006877303123474,-0.04078985005617142,0.38464683294296265,0.5195819735527039,-0.04728439450263977,0.3865800201892853,0.5495525002479553,-0.040062736719846725,0.34061911702156067,0.5181208848953247,-0.018205370754003525,0.357187956571579,0.4965919256210327,-0.03474288806319237,0.36942100524902344,0.5189813375473022,-0.03182462230324745,0.37234440445899963,0.541291356086731,-0.02359972894191742
0.3692241907119751,0.6465888619422913,4.266923383511312e-07,0.4056455194950104,0.6059138774871826,-0.01717487722635269,0.4184606373310089,0.5467258095741272,-0.02223045937716961,0.3956137001514435,0.4993893504142761,-0.028067901730537415,0.3664695918560028,0.4853088855743408,-0.032418590039014816,0.4168223738670349,0.4958290457725525,-0.005993202794343233,0.4358522891998291,0.42411160469055176,-0.018602564930915833,0.4452330768108368,0.382053405046463,-0.024895360693335533,0.4497091770172119,0.3475829064846039,-0.027144530788064003,0.3896857798099518,0.4915584325790405,-0.008303090929985046,0.38903361558914185,0.4095015525817871,-0.025750381872057915,0.39066511392593384,0.3589783310890198,-0.03554854169487953,0.38981398940086365,0.31885871291160583,-0.037836045026779175,0.364442378282547,0.5019097924232483,-0.013265177607536316,0.37308841943740845,0.4788539707660675,-0.0406402163207531,0.3842625021934509,0.5175613760948181,-0.04660346731543541,0.3868679404258728,0.5488985180854797,-0.03976144269108772,0.34153643250465393,0.5185685157775879,-0.019285239279270172,0.3571676015853882,0.49561846256256104,-0.03500848263502121,0.3698171079158783,0.517126202583313,-0.03198562189936638,0.3734521269798279,0.5402997732162476,-0.024074643850326538
0.36781445145606995,0.6473451852798462,4.0447235960527905e-07,0.4059157371520996,0.6042274832725525,-0.01642005704343319,0.4202556312084198,0.5441960692405701,-0.02158953808248043,0.39765608310699463,0.4955187737941742,-0.027369078248739243,0.36743393540382385,0.4835914969444275,-0.031755365431308746,0.41455093026161194,0.5016773343086243,-0.008090950548648834,0.4339795708656311,0.42809784412384033,-0.019205382093787193,0.4432589113712311,0.3862830102443695,-0.02477877028286457,0.4477345049381256,0.35142815113067627,-0.026971980929374695,0.388330340385437,0.4958599805831909,-0.010098454542458057,0.38807347416877747,0.41200190782546997,-0.024974294006824493,0.3900003135204315,0.3609139323234558,-0.033570535480976105,0.3895573914051056,0.3201982378959656,-0.03608796000480652,0.364124596118927,0.5052295923233032,-0.014294084161520004,0.3732089102268219,0.4767962396144867,-0.03868129104375839,0.38466933369636536,0.5152373909950256,-0.043853066861629486,0.3869800865650177,0.5476554036140442,-0.03770241513848305,0.34242916107177734,0.5222163200378418,-0.019523387774825096,0.35628360509872437,0.49300700426101685,-0.034097373485565186,0.37209752202033997,0.5131716132164001,-0.03117179311811924,0.3797268569469452,0.5390723347663879,-0.02387646771967411
0.3692932724952698,0.645319402217865,4.184404929219454e-07,0.4060434401035309,0.6037454605102539,-0.015943381935358047,0.41983816027641296,0.5439982414245605,-0.020749995484948158,0.3976188004016876,0.49611589312553406,-0.026510411873459816,0.36705970764160156,0.48429787158966064,-0.03089367039501667,0.4148516058921814,0.4979332685470581,-0.005824444815516472,0.4347834885120392,0.42700403928756714,-0.01728123240172863,0.44401904940605164,0.3853900730609894,-0.0230746790766716,0.44805851578712463,0.3513460159301758,-0.02509935013949871,0.3887411952018738,0.49246296286582947,-0.008301825262606144,0.3878173530101776,0.40950775146484375,-0.02386604994535446,0.3893934488296509,0.35841381549835205,-0.03308465704321861,0.3884754180908203,0.3189159035682678,-0.03546071797609329,0.3646191358566284,0.5026043653488159,-0.013072388246655464,0.37304407358169556,0.4776366651058197,-0.03838951885700226,0.3845329284667969,0.5159287452697754,-0.04441516101360321,0.3873482942581177,0.5481202006340027,-0.03823241591453552,0.34319746494293213,0.5199352502822876,-0.01878802478313446,0.35606616735458374,0.4943949282169342,-0.03354334831237793,0.37126782536506653,0.5131843686103821,-0.0308688897639513,0.3788345754146576,0.5370970368385315,-0.0234691072255373
0.36945509910583496,0.6464042663574219,4.0248889376925945e-07,0.40602821111679077,0.6050605773925781,-0.015617993660271168,0.4199577569961548,0.5446231961250305,-0.019593875855207443,0.399200975894928,0.4964059591293335,-0.024688567966222763,0.36959928274154663,0.4846233129501343,-0.02846095710992813,0.41418078541755676,0.49700549244880676,-0.0042356401681900024,0.4326443374156952,0.42615610361099243,-0.015022151172161102,0.44215407967567444,0.3861887753009796,-0.020450931042432785,0.44674190878868103,0.35248905420303345,-0.022389065474271774,0.38827207684516907,0.49177291989326477,-0.0068700239062309265,0.38885676860809326,0.410497784614563,-0.022093020379543304,0.3910622298717499,0.3604297637939453,-0.03103579767048359,0.39019885659217834,0.31997308135032654,-0.03340510278940201,0.36390694975852966,0.5013427138328552,-0.011972587555646896,0.37136417627334595,0.4759529232978821,-0.03757670894265175,0.3826286494731903,0.5167486667633057,-0.04323527589440346,0.3850958049297333,0.5503445863723755,-0.03667445480823517,0.34122589230537415,0.5180882215499878,-0.018044328317046165,0.3529714047908783,0.4883197844028473,-0.032967180013656616,0.3685792088508606,0.5084834098815918,-0.02992643043398857,0.3762703239917755,0.5340985655784607,-0.02228974737226963
0.36910030245780945,0.6469975709915161,3.998838451479969e-07,0.4064278304576874,0.6050046682357788,-0.015055675059556961,0.42062240839004517,0.544996976852417,-0.018906250596046448,0.3998504877090454,0.497316837310791,-0.02389117144048214,0.37027183175086975,0.48582836985588074,-0.02770688757300377,0.4145103394985199,0.49824562668800354,-0.00427543418481946,0.4327619671821594,0.42729297280311584,-0.014825194142758846,0.4422241449356079,0.38660746812820435,-0.02032536268234253,0.4471801221370697,0.3526857793331146,-0.022393282502889633,0.3881087899208069,0.4926965534687042,-0.006961213890463114,0.3887195885181427,0.4112218916416168,-0.0215799231082201,0.3906902074813843,0.36068201065063477,-0.03039577789604664,0.38997551798820496,0.32012081146240234,-0.03293875232338905,0.36335092782974243,0.5020139217376709,-0.011985883116722107,0.370681494474411,0.4742944538593292,-0.03690637648105621,0.3819056749343872,0.5146819353103638,-0.04247020557522774,0.384430855512619,0.5486610531806946,-0.03615859895944595,0.3400458097457886,0.518845796585083,-0.017892781645059586,0.35108551383018494,0.4873970150947571,-0.03250680863857269,0.3670809268951416,0.5070012807846069,-0.029421277344226837,0.3753665089607239,0.5327684283256531,-0.0219026580452919
0.3696272075176239,0.6470685005187988,4.0995050198944227e-07,0.40669772028923035,0.6062688827514648,-0.01489318534731865,0.42315539717674255,0.546205461025238,-0.018823357298970222,0.4038706123828888,0.49897682666778564,-0.02423722669482231,0.3741263449192047,0.48531293869018555,-0.02833455242216587,0.4132271111011505,0.49686571955680847,-0.0028347924817353487,0.4314200282096863,0.42663854360580444,-0.014133024960756302,0.440466046333313,0.38621005415916443,-0.019863715395331383,0.44539764523506165,0.35293084383010864,-0.02166104130446911,0.38726967573165894,0.4920612573623657,-0.006001554429531097,0.38800790905952454,0.4111902117729187,-0.021761050447821617,0.39067041873931885,0.3606099486351013,-0.030988097190856934,0.3906647264957428,0.32115092873573303,-0.03320513665676117,0.36279749870300293,0.501463770866394,-0.01172091718763113,0.37311428785324097,0.4767416715621948,-0.03786414861679077,0.38457295298576355,0.5182050466537476,-0.0432920940220356,0.38685810565948486,0.5526590347290039,-0.036258138716220856,0.33984512090682983,0.5176605582237244,-0.018364479765295982,0.35315990447998047,0.4883401393890381,-0.033200401812791824,0.36841681599617004,0.508431077003479,-0.029627613723278046,0.3754116892814636,0.5337323546409607,-0.021436244249343872
0.3700331449508667,0.6463278532028198,4.18454533246404e-07,0.406415194272995,0.6076606512069702,-0.015701482072472572,0.42274534702301025,0.5472647547721863,-0.019830884411931038,0.4031209945678711,0.49974024295806885,-0.025254100561141968,0.3732244074344635,0.48671647906303406,-0.029260993003845215,0.41291680932044983,0.49635741114616394,-0.0036064956802874804,0.4313788115978241,0.42613327503204346,-0.01502630952745676,0.44070741534233093,0.3858071565628052,-0.020719677209854126,0.44584935903549194,0.35272669792175293,-0.022486353293061256,0.38675934076309204,0.4912191927433014,-0.006544895004481077,0.38785281777381897,0.4104079306125641,-0.022494982928037643,0.39071083068847656,0.3600248694419861,-0.031761277467012405,0.3906918466091156,0.32054704427719116,-0.03400202840566635,0.36221063137054443,0.5005520582199097,-0.012099613435566425,0.3729134798049927,0.475703626871109,-0.03859429433941841,0.38431498408317566,0.5178048610687256,-0.043979886919260025,0.386493057012558,0.5523179173469543,-0.03687538579106331,0.33930090069770813,0.5168938636779785,-0.01864626817405224,0.35291433334350586,0.4873470962047577,-0.033592913299798965,0.3682464361190796,0.5060526728630066,-0.030070994049310684,0.37538206577301025,0.5297410488128662,-0.022008130326867104
0.37153664231300354,0.6464241743087769,4.286042951662239e-07,0.40823665261268616,0.6074250936508179,-0.015986274927854538,0.4237719178199768,0.5473808646202087,-0.020250488072633743,0.4032641053199768,0.50069260597229,-0.02572159841656685,0.3741678297519684,0.48408836126327515,-0.029678422957658768,0.41129642724990845,0.4975467920303345,-0.004139055032283068,0.4284140169620514,0.42601698637008667,-0.016521381214261055,0.4382740557193756,0.3855462372303009,-0.02251542918384075,0.44413453340530396,0.3527045249938965,-0.02409987896680832,0.38509100675582886,0.4933077394962311,-0.0071014827117323875,0.38610607385635376,0.40926647186279297,-0.023759596049785614,0.3892274796962738,0.35906341671943665,-0.032781459391117096,0.38937029242515564,0.3206231892108917,-0.03448799252510071,0.3603516221046448,0.5028535723686218,-0.012864324264228344,0.3720095753669739,0.47504931688308716,-0.041301850229501724,0.3847891688346863,0.5175249576568604,-0.04702705889940262,0.38798514008522034,0.552769660949707,-0.03949961066246033,0.33753326535224915,0.5191308259963989,-0.019485151395201683,0.3534664213657379,0.4879787564277649,-0.03635426610708237,0.37045717239379883,0.5080063939094543,-0.03336020186543465,0.37833380699157715,0.5327324867248535,-0.025203468278050423
0.37167230248451233,0.6467326879501343,4.360724403795757e-07,0.4078221023082733,0.6084960699081421,-0.016477422788739204,0.4237268567085266,0.5477855205535889,-0.020912300795316696,0.4037233293056488,0.5008818507194519,-0.026215309277176857,0.37464332580566406,0.4839576780796051,-0.029864082112908363,0.41142818331718445,0.49725791811943054,-0.005173366982489824,0.42904168367385864,0.4256126284599304,-0.017201587557792664,0.43864795565605164,0.3851718604564667,-0.022846292704343796,0.44475483894348145,0.35197389125823975,-0.02431979775428772,0.3849453628063202,0.4919741451740265,-0.007631882559508085,0.3860493302345276,0.4087105393409729,-0.023873280733823776,0.38979920744895935,0.35908252000808716,-0.03256382793188095,0.391116201877594,0.32025545835494995,-0.034160830080509186,0.36017128825187683,0.5009425282478333,-0.012780262157320976,0.37312576174736023,0.473675012588501,-0.04059985280036926,0.38499146699905396,0.5182401537895203,-0.04561571776866913,0.38724714517593384,0.5546692609786987,-0.03783869743347168,0.33775341510772705,0.5171526670455933,-0.018866343423724174,0.35541021823883057,0.4888456463813782,-0.0358612984418869,0.37244126200675964,0.510642409324646,-0.032826490700244904,0.3798685669898987,0.5361784100532532,-0.02456587180495262
0.37028974294662476,0.6485456228256226,4.336712891017669e-07,0.4062189757823944,0.6092366576194763,-0.01636470854282379,0.42196592688560486,0.5493278503417969,-0.02074289880692959,0.4038427770137787,0.5028414726257324,-0.02625688537955284,0.3749011158943176,0.4854840934276581,-0.03004976361989975,0.4084742069244385,0.4972013235092163,-0.0034521694760769606,0.42494621872901917,0.426369309425354,-0.015160631388425827,0.43440738320350647,0.38688188791275024,-0.02101203426718712,0.4407346546649933,0.354248046875,-0.02259955182671547,0.3833554983139038,0.491840660572052,-0.005664827302098274,0.3848807215690613,0.4114377200603485,-0.021655764430761337,0.3887752294540405,0.3618841767311096,-0.031057948246598244,0.39064228534698486,0.3235376477241516,-0.03322272747755051,0.35973694920539856,0.5003345608711243,-0.010680867359042168,0.3744717240333557,0.4768718481063843,-0.03751223161816597,0.38564103841781616,0.519426167011261,-0.04340092092752457,0.38767313957214355,0.5547915101051331,-0.036484494805336,0.338421106338501,0.515723466873169,-0.016780195757746696,0.3567724823951721,0.4906514883041382,-0.032981112599372864,0.37427306175231934,0.5108036398887634,-0.03088107518851757,0.38269171118736267,0.5357218980789185,-0.023424703627824783
0.3704584538936615,0.648171067237854,4.374472268864338e-07,0.4069555997848511,0.6074928045272827,-0.01613372191786766,0.42303377389907837,0.546873152256012,-0.020598968490958214,0.4019244611263275,0.5008764863014221,-0.026051649823784828,0.3713970482349396,0.48716720938682556,-0.029842013493180275,0.40956857800483704,0.4963991045951843,-0.0035296131391078234,0.4264492690563202,0.42603302001953125,-0.014798981137573719,0.4355991780757904,0.3867439031600952,-0.020669423043727875,0.4412047564983368,0.3537292182445526,-0.022661617025732994,0.3836767375469208,0.4908600151538849,-0.005800984799861908,0.3848895728588104,0.4105164110660553,-0.02132282964885235,0.38877013325691223,0.361417680978775,-0.03049623779952526,0.39027997851371765,0.3222254514694214,-0.032900743186473846,0.3594970405101776,0.4997798204421997,-0.01073100883513689,0.3723924160003662,0.47365641593933105,-0.03660835698246956,0.3844762444496155,0.517212450504303,-0.04153769835829735,0.38692188262939453,0.5531904697418213,-0.03442130237817764,0.3374599814414978,0.5161042213439941,-0.01673835515975952,0.35479459166526794,0.48902803659439087,-0.03227764740586281,0.3722558319568634,0.5099964141845703,-0.029370808973908424,0.38028228282928467,0.5353988409042358,-0.021641794592142105
0.3697301745414734,0.6492850184440613,4.398060298171913e-07,0.4073718190193176,0.6099939346313477,-0.016004588454961777,0.4236917793750763,0.5499721169471741,-0.020570581778883934,0.4034789204597473,0.503402054309845,-0.026420781388878822,0.3737694323062897,0.4880952835083008,-0.030705111101269722,0.40794166922569275,0.4974830746650696,-0.0035491003654897213,0.42463967204093933,0.4274233877658844,-0.015474265441298485,0.4339582622051239,0.38664114475250244,-0.021808162331581116,0.43976518511772156,0.35316845774650574,-0.023975180462002754,0.3823580741882324,0.49365857243537903,-0.006310648284852505,0.38449013233184814,0.4117560088634491,-0.022477343678474426,0.38793304562568665,0.36034178733825684,-0.03186729550361633,0.38876622915267944,0.3210707902908325,-0.034258682280778885,0.3586287498474121,0.5037189722061157,-0.011830929666757584,0.37014681100845337,0.4743309020996094,-0.03980157524347305,0.38339969515800476,0.5160163044929504,-0.04586278647184372,0.3871913254261017,0.552287757396698,-0.03887859359383583,0.33667996525764465,0.5212292671203613,-0.018217403441667557,0.3536725342273712,0.4890986382961273,-0.035928912460803986,0.3725960850715637,0.5106149911880493,-0.03375872224569321,0.3824991285800934,0.5382738709449768,-0.02605138160288334
0.36948347091674805,0.6497359871864319,4.3838198848789034e-07,0.40724849700927734,0.609983503818512,-0.015994945541024208,0.4238046109676361,0.5503481030464172,-0.02065141499042511,0.40339842438697815,0.5037107467651367,-0.02646102011203766,0.3735814094543457,0.48975104093551636,-0.030774300917983055,0.4080543518066406,0.49846893548965454,-0.004090487025678158,0.42481037974357605,0.42779380083084106,-0.015818802639842033,0.4341650903224945,0.3870340585708618,-0.022082770243287086,0.43982064723968506,0.3534165918827057,-0.02428234927356243,0.38244685530662537,0.4945346713066101,-0.006668941583484411,0.3845829367637634,0.41221022605895996,-0.02242649719119072,0.3879718780517578,0.36069145798683167,-0.03153682500123978,0.38870567083358765,0.3209359347820282,-0.03389641270041466,0.35875746607780457,0.5045157074928284,-0.01190563477575779,0.37007296085357666,0.4740731418132782,-0.03900820016860962,0.3834977149963379,0.5155795812606812,-0.04449554532766342,0.3873782455921173,0.5516104102134705,-0.037393003702163696,0.3367242217063904,0.5220942497253418,-0.018019966781139374,0.35324627161026,0.489402711391449,-0.03500613942742348,0.37165743112564087,0.5115448236465454,-0.032235823571681976,0.3808072805404663,0.539573073387146,-0.0242353193461895
0.36992019414901733,0.6502474546432495,4.4607034510590893e-07,0.4079563021659851,0.6091085076332092,-0.016283394768834114,0.42612436413764954,0.5471426844596863,-0.020366497337818146,0.40450358390808105,0.5010579824447632,-0.025380713865160942,0.3738405704498291,0.4873185455799103,-0.028673728927969933,0.40558427572250366,0.4984602630138397,-0.0032571107149124146,0.42261773347854614,0.42574894428253174,-0.014287982136011124,0.43282032012939453,0.38611650466918945,-0.01976931281387806,0.4392825961112976,0.3531374931335449,-0.02121022343635559,0.37993767857551575,0.4936993718147278,-0.005350425839424133,0.381583034992218,0.4100152850151062,-0.02028690278530121,0.3862881362438202,0.35989445447921753,-0.028667723760008812,0.38777074217796326,0.3199843168258667,-0.030340470373630524,0.35622236132621765,0.5025132298469543,-0.010275683365762234,0.37233608961105347,0.4728251099586487,-0.03711923211812973,0.38542377948760986,0.5175343155860901,-0.042392510920763016,0.38764238357543945,0.5541015863418579,-0.03494580090045929,0.334697961807251,0.5189967155456543,-0.016142265871167183,0.3544233739376068,0.48782020807266235,-0.032980117946863174,0.3737797141075134,0.5100792050361633,-0.030443571507930756,0.38291752338409424,0.5371337532997131,-0.022529207170009613
0.36874744296073914,0.6494032144546509,4.287540491532127e-07,0.40710607171058655,0.6097574830055237,-0.017154868692159653,0.42546549439430237,0.5475072860717773,-0.02169085294008255,0.40288740396499634,0.5007101893424988,-0.026840344071388245,0.372152715921402,0.4863285720348358,-0.030283832922577858,0.4067612588405609,0.5007455945014954,-0.005535155534744263,0.42267531156539917,0.4257233440876007,-0.016660500317811966,0.4323572516441345,0.3859204947948456,-0.022082319483160973,0.43856415152549744,0.3522155284881592,-0.0236643236130476,0.38077405095100403,0.4957351088523865,-0.007119311019778252,0.38200539350509644,0.41062647104263306,-0.02186894603073597,0.386570543050766,0.36080658435821533,-0.030104417353868484,0.3881608843803406,0.32010242342948914,-0.032070111483335495,0.3572569787502289,0.5041218400001526,-0.01141789648681879,0.37183210253715515,0.4732113182544708,-0.03787861764431,0.3842862546443939,0.5186363458633423,-0.04243937507271767,0.3861916661262512,0.5559115409851074,-0.034996237605810165,0.3358730673789978,0.5204148888587952,-0.016773739829659462,0.3537429869174957,0.48847460746765137,-0.03379886969923973,0.3729364573955536,0.5108858942985535,-0.031012481078505516,0.3821312487125397,0.5382881164550781,-0.023155687376856804
0.36966100335121155,0.6496919393539429,4.324542999256664e-07,0.40634840726852417,0.6075067520141602,-0.015941089019179344,0.4248230457305908,0.5467318892478943,-0.019973840564489365,0.4035205841064453,0.49936315417289734,-0.024863548576831818,0.37256336212158203,0.4886362552642822,-0.028169874101877213,0.40576449036598206,0.496387243270874,-0.003072459949180484,0.42260468006134033,0.42356568574905396,-0.012790486216545105,0.4324982166290283,0.38505133986473083,-0.01761605590581894,0.43884599208831787,0.3523160517215729,-0.018947917968034744,0.3801479935646057,0.4906262457370758,-0.004905266687273979,0.38165777921676636,0.40954160690307617,-0.01843959093093872,0.3853854835033417,0.36026403307914734,-0.02665405534207821,0.386349081993103,0.31975483894348145,-0.02874510921537876,0.35651934146881104,0.49899473786354065,-0.009307987056672573,0.3689742088317871,0.4721713066101074,-0.03440260887145996,0.38188883662223816,0.5168699026107788,-0.03982481360435486,0.38500404357910156,0.554076611995697,-0.033131521195173264,0.33485591411590576,0.5159486532211304,-0.014649118296802044,0.35058945417404175,0.4865083396434784,-0.030342182144522667,0.3695307672023773,0.5090368986129761,-0.02783052995800972,0.3794653117656708,0.5372452139854431,-0.02028307132422924
0.36877816915512085,0.6497374773025513,4.364734706996387e-07,0.4061298370361328,0.6093414425849915,-0.016913188621401787,0.4252384603023529,0.5462889671325684,-0.021001160144805908,0.40317460894584656,0.4991172254085541,-0.025846002623438835,0.37154170870780945,0.4889114499092102,-0.029087988659739494,0.4055993854999542,0.4953245222568512,-0.002747319173067808,0.42215949296951294,0.42393502593040466,-0.013137967325747013,0.43161284923553467,0.3847334086894989,-0.018420465290546417,0.43800586462020874,0.35144123435020447,-0.02003513276576996,0.3795107305049896,0.4903728663921356,-0.004518581088632345,0.38126078248023987,0.41012462973594666,-0.01900334656238556,0.3854289948940277,0.36046841740608215,-0.027795759961009026,0.387145459651947,0.32013100385665894,-0.030011916533112526,0.35589173436164856,0.49926847219467163,-0.009055186063051224,0.3689457178115845,0.473568856716156,-0.0358148030936718,0.38198044896125793,0.5183231830596924,-0.04166605696082115,0.38509970903396606,0.5555194616317749,-0.034766122698783875,0.3342835605144501,0.516624927520752,-0.014559010043740273,0.35084640979766846,0.48876309394836426,-0.031711380928754807,0.369525283575058,0.5130462050437927,-0.029406696557998657,0.3787885904312134,0.5420306921005249,-0.0216678399592638
0.37003934383392334,0.6517701745033264,4.211183295410592e-07,0.4071374833583832,0.6068511605262756,-0.014246558770537376,0.4252009689807892,0.5488086938858032,-0.018420450389385223,0.40506666898727417,0.5035160779953003,-0.02360796369612217,0.37585750222206116,0.49028709530830383,-0.027175480499863625,0.4061662554740906,0.5006403923034668,-0.0041257343254983425,0.42239561676979065,0.4261404275894165,-0.014724099077284336,0.43206095695495605,0.3873693645000458,-0.019907157868146896,0.43836158514022827,0.3544093668460846,-0.021256444975733757,0.38124746084213257,0.49571144580841064,-0.006712195463478565,0.3833608031272888,0.41229403018951416,-0.02165275067090988,0.3870924711227417,0.3631672263145447,-0.029666302725672722,0.3884143829345703,0.32268333435058594,-0.03135247528553009,0.35805803537368774,0.5036117434501648,-0.01158309169113636,0.374461829662323,0.47300195693969727,-0.03591286391019821,0.38625285029411316,0.5172184705734253,-0.03869951516389847,0.3878871500492096,0.5530430674552917,-0.030393052846193314,0.33700981736183167,0.520338237285614,-0.01742856577038765,0.35401690006256104,0.4862770140171051,-0.03127913177013397,0.3715130090713501,0.5092213749885559,-0.026077410206198692,0.3794243037700653,0.5379132628440857,-0.01668139547109604
0.3700315058231354,0.6522006988525391,4.3779510860986193e-07,0.4065212905406952,0.6113138198852539,-0.016111847013235092,0.426755428314209,0.5499931573867798,-0.020877715200185776,0.40602827072143555,0.5030444264411926,-0.026530250906944275,0.37469324469566345,0.4918963313102722,-0.030418913811445236,0.40557044744491577,0.4989203214645386,-0.004453680012375116,0.42121776938438416,0.4252760112285614,-0.016123658046126366,0.4312884509563446,0.3867661654949188,-0.021827880293130875,0.4377191662788391,0.3544526696205139,-0.02336295321583748,0.38026490807533264,0.4938933253288269,-0.006994173396378756,0.3817969262599945,0.410593181848526,-0.0226697139441967,0.3862438201904297,0.3614532947540283,-0.03140661120414734,0.38755369186401367,0.32149288058280945,-0.03325880318880081,0.3569592237472534,0.5023224949836731,-0.012170383706688881,0.37416431307792664,0.4756369888782501,-0.03895868360996246,0.3857209086418152,0.5202956795692444,-0.043472643941640854,0.3868490755558014,0.5561942458152771,-0.035646550357341766,0.33597302436828613,0.5192150473594666,-0.018356595188379288,0.35520920157432556,0.48943719267845154,-0.03456757962703705,0.37245476245880127,0.5135023593902588,-0.0308519396930933,0.3798266649246216,0.5420625805854797,-0.022138820961117744
0.36962229013442993,0.6527078747749329,4.3303464281052584e-07,0.4065502882003784,0.6112557649612427,-0.01618373394012451,0.42697203159332275,0.5501692891120911,-0.02116287685930729,0.4061589241027832,0.5029845237731934,-0.027020258828997612,0.37453484535217285,0.49259838461875916,-0.03117200918495655,0.4055338501930237,0.49947845935821533,-0.004755820147693157,0.4212524890899658,0.4255802035331726,-0.01650247350335121,0.43129977583885193,0.38712066411972046,-0.02232496626675129,0.4375571012496948,0.35445547103881836,-0.023998720571398735,0.3802598714828491,0.4944688081741333,-0.0072670443914830685,0.38215765357017517,0.4107978343963623,-0.02291199564933777,0.38687458634376526,0.36173543334007263,-0.03162045404314995,0.3884872794151306,0.32157251238822937,-0.03355871140956879,0.35709214210510254,0.5028212070465088,-0.012387332506477833,0.37400174140930176,0.47608715295791626,-0.0391082763671875,0.38567429780960083,0.5208637118339539,-0.043475016951560974,0.38700953125953674,0.5571680068969727,-0.035607997328042984,0.3361254632472992,0.5196629762649536,-0.018517563119530678,0.35477063059806824,0.4897904694080353,-0.03457748517394066,0.37201616168022156,0.5140910148620605,-0.030594144016504288,0.3793462812900543,0.5431480407714844,-0.02174517512321472
0.3697086274623871,0.6525405049324036,4.4978881419410754e-07,0.407697856426239,0.6108659505844116,-0.01526584941893816,0.42740920186042786,0.5485256314277649,-0.019396714866161346,0.40594977140426636,0.5023393034934998,-0.02500040829181671,0.3743663728237152,0.4910293221473694,-0.02887718565762043,0.40416771173477173,0.49833324551582336,-0.0010585867566987872,0.42085105180740356,0.426857590675354,-0.012585395015776157,0.4310624897480011,0.3873530626296997,-0.01835036091506481,0.4378608465194702,0.354289174079895,-0.019859015941619873,0.37900009751319885,0.49351078271865845,-0.004237160552293062,0.38230717182159424,0.4121522009372711,-0.02020088955760002,0.38751220703125,0.3617760241031647,-0.02947470359504223,0.3893265724182129,0.32123392820358276,-0.03156256675720215,0.3555624186992645,0.5017626881599426,-0.010329271666705608,0.3732759356498718,0.4764139652252197,-0.038895219564437866,0.385641872882843,0.5215211510658264,-0.045129790902137756,0.3873889446258545,0.5586010813713074,-0.03785591572523117,0.33430179953575134,0.5180879831314087,-0.017272723838686943,0.35531994700431824,0.48878079652786255,-0.03479691222310066,0.37462085485458374,0.511120080947876,-0.032538894563913345,0.38418659567832947,0.5386738777160645,-0.024721242487430573
0.3700832724571228,0.6525386571884155,4.5706576656812103e-07,0.40840819478034973,0.6111993789672852,-0.015317932702600956,0.4273466467857361,0.5484204292297363,-0.019353652372956276,0.4055749177932739,0.5026472806930542,-0.024823905900120735,0.3735343813896179,0.492088258266449,-0.028628522530198097,0.4049735963344574,0.49883177876472473,-0.000985818332992494,0.4212823212146759,0.427659809589386,-0.012425398454070091,0.4307018518447876,0.38765519857406616,-0.018161121755838394,0.4367118179798126,0.35408109426498413,-0.019725576043128967,0.3792537748813629,0.49365028738975525,-0.004192485939711332,0.38273394107818604,0.4121261239051819,-0.02021659165620804,0.38751623034477234,0.3612699508666992,-0.029469303786754608,0.3889680802822113,0.32045334577560425,-0.031447697430849075,0.35525691509246826,0.5019219517707825,-0.01032409816980362,0.3727765381336212,0.47580868005752563,-0.039263177663087845,0.38542473316192627,0.5214693546295166,-0.04570828378200531,0.38763102889060974,0.5592157244682312,-0.038409940898418427,0.3335111737251282,0.51851886510849,-0.01726793497800827,0.3548216223716736,0.4898616373538971,-0.03541593626141548,0.3748723268508911,0.511497974395752,-0.03365052118897438,0.3854284882545471,0.538298487663269,-0.026068372651934624
0.3693048357963562,0.6523054242134094,4.278100220744818e-07,0.40711450576782227,0.6119579672813416,-0.015330972149968147,0.42671242356300354,0.5507323145866394,-0.01987500861287117,0.4069262146949768,0.5038474798202515,-0.025838281959295273,0.37667328119277954,0.49094727635383606,-0.03027811087667942,0.4058029055595398,0.4982571005821228,-0.0025780489668250084,0.42093008756637573,0.4266841411590576,-0.014616845175623894,0.43073514103889465,0.3877487778663635,-0.02087295427918434,0.43748587369918823,0.35525283217430115,-0.022875266149640083,0.3805414140224457,0.494258850812912,-0.006019826978445053,0.3828940987586975,0.4112905263900757,-0.02243392914533615,0.3872160017490387,0.3618749678134918,-0.03199052810668945,0.38868144154548645,0.3220849633216858,-0.03440374881029129,0.3573300838470459,0.504024088382721,-0.012187114916741848,0.37429946660995483,0.47646939754486084,-0.040530189871788025,0.38667142391204834,0.5220581889152527,-0.04543133080005646,0.38916608691215515,0.5593295693397522,-0.03755220025777817,0.33635127544403076,0.5221872329711914,-0.01924712583422661,0.35427477955818176,0.4903405010700226,-0.03704935684800148,0.37256044149398804,0.514051616191864,-0.033713825047016144,0.3817397654056549,0.5427393317222595,-0.02507346123456955
0.368917316198349,0.6530784368515015,4.1956172935897484e-07,0.40652838349342346,0.6122901439666748,-0.015338601544499397,0.42645955085754395,0.5522037744522095,-0.019793549552559853,0.40787628293037415,0.5040031671524048,-0.025347614660859108,0.3781360685825348,0.4903489649295807,-0.02919728308916092,0.40478256344795227,0.5018816590309143,-0.0039226580411195755,0.42069560289382935,0.42718401551246643,-0.01489784475415945,0.4313734173774719,0.38870060443878174,-0.02003965526819229,0.438382089138031,0.3565153479576111,-0.021309087052941322,0.3803865611553192,0.49697819352149963,-0.006625720299780369,0.382842481136322,0.41176897287368774,-0.02254737913608551,0.3875219523906708,0.3620603680610657,-0.03128919377923012,0.38887178897857666,0.32120832800865173,-0.033258866518735886,0.3580150902271271,0.5058593153953552,-0.011803455650806427,0.37536516785621643,0.4760189950466156,-0.03881604224443436,0.38735702633857727,0.5209528803825378,-0.04277908802032471,0.38890448212623596,0.5573802590370178,-0.034555818885564804,0.3379175066947937,0.5235393047332764,-0.017900589853525162,0.3549808859825134,0.48918890953063965,-0.03440156206488609,0.3736937642097473,0.5123791098594666,-0.030355550348758698,0.3828008770942688,0.5415531396865845,-0.021375970914959908
0.3692135810852051,0.6506087779998779,4.630901742075366e-07,0.40764153003692627,0.611901044845581,-0.015107110142707825,0.42742687463760376,0.5514916181564331,-0.018731867894530296,0.40767621994018555,0.5079540014266968,-0.02401059865951538,0.3782873749732971,0.49330076575279236,-0.02762790583074093,0.40492841601371765,0.49179452657699585,0.0009330786415375769,0.4209481179714203,0.4240891635417938,-0.01091579720377922,0.43130964040756226,0.38514095544815063,-0.016854465007781982,0.4383039176464081,0.35365939140319824,-0.018029531463980675,0.37948858737945557,0.4876689016819,-0.0024768589064478874,0.3829078674316406,0.40721529722213745,-0.019277703016996384,0.38789597153663635,0.35668689012527466,-0.028953593224287033,0.3898484408855438,0.3180549144744873,-0.030495373532176018,0.35550573468208313,0.4970461428165436,-0.009005294181406498,0.3726023733615875,0.4740696847438812,-0.03945907950401306,0.3858073055744171,0.5207579731941223,-0.04699477180838585,0.3893163204193115,0.5586854815483093,-0.0395253486931324,0.3333439230918884,0.5143393278121948,-0.016150744631886482,0.35498765110969543,0.48908519744873047,-0.03543020412325859,0.37348300218582153,0.5141691565513611,-0.03409934043884277,0.3823738396167755,0.5421550273895264,-0.02612181007862091
0.36814239621162415,0.6515077352523804,4.531748345470987e-07,0.4069914221763611,0.612040638923645,-0.016247818246483803,0.4271947145462036,0.5489861965179443,-0.019926875829696655,0.40574851632118225,0.5031841397285461,-0.025040896609425545,0.3742508590221405,0.4916900396347046,-0.028462808579206467,0.40423017740249634,0.49228522181510925,0.0006571857957169414,0.42021986842155457,0.42382875084877014,-0.011078920215368271,0.43075230717658997,0.3850237727165222,-0.017029568552970886,0.43784764409065247,0.35340195894241333,-0.018330328166484833,0.3783368468284607,0.4888665974140167,-0.0024871218483895063,0.38211631774902344,0.4082655608654022,-0.018965603783726692,0.3876212537288666,0.3582782745361328,-0.028697460889816284,0.3896962106227875,0.31929337978363037,-0.030522434040904045,0.35448285937309265,0.4988524317741394,-0.008919387124478817,0.3738887310028076,0.4780871868133545,-0.03930038586258888,0.38663703203201294,0.5248560905456543,-0.04658850282430649,0.38898736238479614,0.5627161264419556,-0.03909137099981308,0.3329523801803589,0.5160843133926392,-0.016188178211450577,0.35485512018203735,0.4891456663608551,-0.034741781651973724,0.37261420488357544,0.512121856212616,-0.032680511474609375,0.3803670108318329,0.5389944314956665,-0.024575069546699524
0.369369238615036,0.6517124772071838,4.530276669356681e-07,0.40774402022361755,0.612396240234375,-0.016605207696557045,0.42769181728363037,0.5504013299942017,-0.020881695672869682,0.4070620834827423,0.5033435225486755,-0.02642696723341942,0.37591755390167236,0.4873148500919342,-0.030132992193102837,0.40558570623397827,0.4935770630836487,-0.0005208392976783216,0.4209645986557007,0.42453300952911377,-0.012444677762687206,0.43068450689315796,0.3853706121444702,-0.018396755680441856,0.43706029653549194,0.3529832065105438,-0.019920451566576958,0.37933987379074097,0.4896629750728607,-0.0033100193832069635,0.3817519247531891,0.4082460403442383,-0.020343683660030365,0.38646137714385986,0.3583926260471344,-0.030130477622151375,0.3881758451461792,0.31926801800727844,-0.03200356662273407,0.3554055988788605,0.4997258484363556,-0.009273163974285126,0.3724750280380249,0.476470410823822,-0.04007667675614357,0.3855041265487671,0.5228607058525085,-0.04703407362103462,0.38853928446769714,0.5602483153343201,-0.03941011056303978,0.3338833451271057,0.5175310373306274,-0.016050804406404495,0.3554708957672119,0.491372287273407,-0.0359487384557724,0.37427639961242676,0.5160739421844482,-0.034520845860242844,0.383527010679245,0.5437420606613159,-0.02660316415131092
0.37071019411087036,0.6514381170272827,4.5202367005003907e-07,0.4082517921924591,0.6122986078262329,-0.016832774505019188,0.4281197786331177,0.5506972670555115,-0.02144487015902996,0.407911092042923,0.5043579339981079,-0.027274584397673607,0.37736284732818604,0.4874047338962555,-0.03127779811620712,0.4057939946651459,0.492940217256546,-0.0015652166912332177,0.42109689116477966,0.4236457943916321,-0.013896028511226177,0.4308346211910248,0.3846953213214874,-0.019998829811811447,0.43745896220207214,0.3525567054748535,-0.021449198946356773,0.3796813488006592,0.4897770285606384,-0.0043129632249474525,0.38170644640922546,0.40787139534950256,-0.02162386290729046,0.38633376359939575,0.3583018481731415,-0.031354740262031555,0.3883189857006073,0.3194836378097534,-0.03305891901254654,0.3559402525424957,0.5001859664916992,-0.010201068595051765,0.37356793880462646,0.4773494601249695,-0.0411943756043911,0.38638991117477417,0.5240528583526611,-0.04787075147032738,0.38934648036956787,0.5614123940467834,-0.03995063900947571,0.3346985876560211,0.5180721879005432,-0.016915587708353996,0.3557037115097046,0.49140313267707825,-0.03680230304598808,0.3741755187511444,0.5165083408355713,-0.03493419289588928,0.3831976056098938,0.5443699359893799,-0.02660834975540638
0.36948496103286743,0.6538150906562805,4.5570487827717443e-07,0.4072817265987396,0.6160708665847778,-0.01705091819167137,0.4281342625617981,0.5523216128349304,-0.021585728973150253,0.4076802730560303,0.5044652819633484,-0.027262087911367416,0.37576138973236084,0.49178797006607056,-0.031133880838751793,0.4019395411014557,0.4953082501888275,-0.001768314279615879,0.4184111952781677,0.4266185462474823,-0.014432860538363457,0.42936551570892334,0.3881444036960602,-0.02106390707194805,0.43667635321617126,0.35626959800720215,-0.022816600278019905,0.3763323128223419,0.49093958735466003,-0.004426554776728153,0.38141658902168274,0.411475270986557,-0.021803155541419983,0.38784101605415344,0.3612161874771118,-0.032102350145578384,0.3908395767211914,0.32148799300193787,-0.03437144681811333,0.353116899728775,0.49973416328430176,-0.010278536006808281,0.37598246335983276,0.4812915325164795,-0.041135888546705246,0.3883363902568817,0.5276844501495361,-0.04857984185218811,0.39022570848464966,0.565261960029602,-0.04140087217092514,0.3328612446784973,0.5165666341781616,-0.017050044611096382,0.3576570451259613,0.49333274364471436,-0.036747824400663376,0.37616822123527527,0.5184884071350098,-0.035446617752313614,0.3849886357784271,0.5470117330551147,-0.027723390609025955
0.3688097596168518,0.6537368297576904,4.6325388325385575e-07,0.40694329142570496,0.6138984560966492,-0.015950117260217667,0.4273585081100464,0.550490140914917,-0.020431818440556526,0.40713468194007874,0.5022852420806885,-0.026215486228466034,0.3746901750564575,0.49098634719848633,-0.030275141820311546,0.40345147252082825,0.49335744976997375,-0.0004348416696302593,0.4189302623271942,0.4250476360321045,-0.01291730348020792,0.429086834192276,0.3865581750869751,-0.019508719444274902,0.43567878007888794,0.3545883893966675,-0.021402033045887947,0.3775537610054016,0.4887130558490753,-0.0035787217784672976,0.38221150636672974,0.41016989946365356,-0.020968839526176453,0.38742944598197937,0.36048203706741333,-0.03137911856174469,0.38896217942237854,0.3207859992980957,-0.033706068992614746,0.3535354435443878,0.49797916412353516,-0.009798740968108177,0.37480589747428894,0.4790176451206207,-0.04031573235988617,0.38703465461730957,0.5245378017425537,-0.04756782576441765,0.3889921009540558,0.5609756112098694,-0.040380023419857025,0.3321039378643036,0.5158848762512207,-0.016809644177556038,0.3572963774204254,0.49345535039901733,-0.036184731870889664,0.37561237812042236,0.5182024836540222,-0.03475559502840042,0.38401371240615845,0.5453143119812012,-0.027000395581126213
0.36798229813575745,0.6587132215499878,4.497107966017211e-07,0.4061520993709564,0.6194726228713989,-0.015704737976193428,0.42702338099479675,0.5551053285598755,-0.019256308674812317,0.40864238142967224,0.5066759586334229,-0.024158449843525887,0.3775170147418976,0.4955402612686157,-0.027372270822525024,0.4006102681159973,0.4970199763774872,0.00028462245245464146,0.41638055443763733,0.42849817872047424,-0.011453704908490181,0.42652273178100586,0.38939791917800903,-0.0176539309322834,0.4331916272640228,0.3576009273529053,-0.019099242985248566,0.3749528229236603,0.4928414225578308,-0.0024194219149649143,0.37904584407806396,0.4139168858528137,-0.018799196928739548,0.3846265375614166,0.3623862564563751,-0.028682492673397064,0.38758227229118347,0.3225904703140259,-0.030595440417528152,0.35139578580856323,0.5023330450057983,-0.008178099058568478,0.3721817433834076,0.4836084246635437,-0.038374923169612885,0.3857406973838806,0.528544545173645,-0.046355314552783966,0.3894208073616028,0.5670751929283142,-0.03933284431695938,0.33060649037361145,0.5208670496940613,-0.014626187272369862,0.3537191152572632,0.49771443009376526,-0.034340716898441315,0.37351134419441223,0.5237005949020386,-0.03340572491288185,0.38379979133605957,0.5544078946113586,-0.025587793439626694
0.6446776390075684,0.8578058481216431,5.753692562393553e-07,0.6096124649047852,0.8028208017349243,-0.019174793735146523,0.6014866828918457,0.7328006029129028,-0.028149636462330818,0.6345508694648743,0.6801689267158508,-0.039309557527303696,0.6657037734985352,0.6507151126861572,-0.04974634200334549,0.5907313227653503,0.6541381478309631,-0.00870224554091692,0.5690400004386902,0.5640668272972107,-0.025209827348589897,0.5579825043678284,0.508296012878418,-0.034631554037332535,0.5487152934074402,0.4644652009010315,-0.03891802206635475,0.6257973909378052,0.6534197330474854,-0.013930102810263634,0.6265003085136414,0.549774706363678,-0.031188437715172768,0.6284535527229309,0.4879542291164398,-0.04216267541050911,0.6325870156288147,0.4422689974308014,-0.04512821137905121,0.658898651599884,0.676681399345398,-0.022508718073368073,0.6571222543716431,0.6397929787635803,-0.05052896961569786,0.6451660394668579,0.6836509704589844,-0.05684884637594223,0.6420128345489502,0.7168469429016113,-0.05046221241354942,0.6852859258651733,0.7123731374740601,-0.03237612172961235,0.6786426901817322,0.6751500964164734,-0.04985581710934639,0.6616442203521729,0.7060279846191406,-0.0451524443924427,0.6534494161605835,0.7348361015319824,-0.03572145476937294
0.6074212193489075,0.8454270362854004,5.761559691563889e-07,0.5697121024131775,0.7985289096832275,-0.018014833331108093,0.5560029745101929,0.7267332673072815,-0.02620772458612919,0.5878841280937195,0.6717742085456848,-0.036471087485551834,0.6215851902961731,0.6453470587730408,-0.04622214287519455,0.5469011068344116,0.650802731513977,-0.010578528046607971,0.5233929753303528,0.5615493059158325,-0.027234995737671852,0.5108308792114258,0.5070048570632935,-0.03598935902118683,0.4989258944988251,0.4646075665950775,-0.03949281573295593,0.5817796587944031,0.6479833126068115,-0.016014339402318,0.5800746083259583,0.5441348552703857,-0.03344888985157013,0.5793033838272095,0.47855237126350403,-0.04339155554771423,0.5798085331916809,0.42855262756347656,-0.045501966029405594,0.6150886416435242,0.6681100130081177,-0.024546317756175995,0.6075066924095154,0.636339545249939,-0.05396668240427971,0.5977749824523926,0.6819519400596619,-0.06078720837831497,0.5972442030906677,0.7160886526107788,-0.054167646914720535,0.6426792740821838,0.699699342250824,-0.034090254455804825,0.6311072111129761,0.6667757034301758,-0.053328435868024826,0.6157775521278381,0.7016121745109558,-0.049187611788511276,0.6100494861602783,0.7320669889450073,-0.03987865149974823
0.6078547835350037,0.8382588624954224,6.096989295656385e-07,0.5666836500167847,0.7897623181343079,-0.017744233831763268,0.5528663992881775,0.7164527773857117,-0.026047326624393463,0.5835896134376526,0.6606512665748596,-0.03675501048564911,0.6182723045349121,0.6354395151138306,-0.04680122435092926,0.5446381568908691,0.6412450075149536,-0.00871789176017046,0.5223264098167419,0.5534356236457825,-0.02466282807290554,0.5105642080307007,0.49952903389930725,-0.033028338104486465,0.4994973838329315,0.45783472061157227,-0.03625250980257988,0.5795854330062866,0.638871431350708,-0.014313608407974243,0.5785853266716003,0.5353931188583374,-0.031637415289878845,0.5783267617225647,0.468847393989563,-0.04172227159142494,0.579339861869812,0.41917484998703003,-0.04370035603642464,0.613712728023529,0.6587117910385132,-0.023036763072013855,0.605888307094574,0.6264665722846985,-0.05155494809150696,0.5957360863685608,0.6716496348381042,-0.05790575593709946,0.5943272709846497,0.7067614197731018,-0.05078224465250969,0.6421084403991699,0.6897367238998413,-0.032884545624256134,0.6292864680290222,0.6548810601234436,-0.05021708831191063,0.6141552329063416,0.6878556609153748,-0.04523893818259239,0.6081572771072388,0.7182502746582031,-0.03537832573056221
0.6078164577484131,0.8375312089920044,6.002918553349446e-07,0.5690773725509644,0.7899242043495178,-0.018107620999217033,0.5545574426651001,0.7154124975204468,-0.026382729411125183,0.5864437818527222,0.6593003869056702,-0.036760155111551285,0.6226033568382263,0.6362385153770447,-0.04653605818748474,0.5448872447013855,0.6418821215629578,-0.010601409710943699,0.5222745537757874,0.5531011819839478,-0.026916703209280968,0.509706974029541,0.49979522824287415,-0.03556795418262482,0.4973335266113281,0.4583531618118286,-0.039276283234357834,0.5797349214553833,0.6386725306510925,-0.016170134767889977,0.5784816145896912,0.5335091948509216,-0.03325897082686424,0.5779303312301636,0.4679093062877655,-0.04332137480378151,0.5784405469894409,0.41789868474006653,-0.045684732496738434,0.613676905632019,0.6587423086166382,-0.02473141998052597,0.607202410697937,0.6258922815322876,-0.05269014835357666,0.5970569252967834,0.6698081493377686,-0.05907547473907471,0.5958973169326782,0.7033635377883911,-0.05253785103559494,0.64166659116745,0.6904433965682983,-0.03451118990778923,0.6306837201118469,0.6581271886825562,-0.052197620272636414,0.6157382130622864,0.6908430457115173,-0.047782618552446365,0.6101866960525513,0.7204312086105347,-0.03858494758605957
0.6026632189750671,0.8307930827140808,6.009188382449793e-07,0.5616829991340637,0.7807626724243164,-0.01582363061606884,0.5473079085350037,0.709621012210846,-0.023997830227017403,0.5756493806838989,0.6558035612106323,-0.034907691180706024,0.6070964932441711,0.6252467632293701,-0.04519514739513397,0.540664553642273,0.631706714630127,-0.007200172636657953,0.5172791481018066,0.5449844598770142,-0.022735293954610825,0.5045098662376404,0.49169933795928955,-0.031065912917256355,0.49363696575164795,0.4497334659099579,-0.03463786095380783,0.5765570998191833,0.6294907927513123,-0.013903908431529999,0.5768003463745117,0.5261715650558472,-0.03015073575079441,0.5756392478942871,0.4593973159790039,-0.04015171900391579,0.5764578580856323,0.40688279271125793,-0.042977266013622284,0.6107272505760193,0.6502081751823425,-0.02364007942378521,0.6034154891967773,0.6118436455726624,-0.050819382071495056,0.5918740630149841,0.6571604609489441,-0.056403692811727524,0.589579701423645,0.6904467940330505,-0.04989834874868393,0.6395397186279297,0.6831621527671814,-0.03437485918402672,0.6272445917129517,0.6454825401306152,-0.05121668428182602,0.6110973358154297,0.6794474124908447,-0.045983534306287766,0.6042172908782959,0.7088677883148193,-0.03661128133535385
0.6024519801139832,0.8289387226104736,5.679640935341013e-07,0.5636925101280212,0.7814385890960693,-0.01739211194217205,0.5483571290969849,0.7114595174789429,-0.02550956979393959,0.5758321285247803,0.6551958918571472,-0.03599417954683304,0.6082897186279297,0.6240604519844055,-0.045666832476854324,0.5402950644493103,0.6321926116943359,-0.008153116330504417,0.5165646076202393,0.5455742478370667,-0.02384461835026741,0.5037980675697327,0.4924049973487854,-0.03186311945319176,0.4926348030567169,0.45014333724975586,-0.03499773517251015,0.575842559337616,0.6283948421478271,-0.013680212199687958,0.5766420364379883,0.5254465341567993,-0.030111465603113174,0.5768731236457825,0.46084827184677124,-0.03928202763199806,0.578141450881958,0.4108085036277771,-0.04106556251645088,0.6100280284881592,0.6480544805526733,-0.02241078019142151,0.6030809283256531,0.6133468747138977,-0.0510268360376358,0.5933325886726379,0.6603105664253235,-0.05697806552052498,0.5925058722496033,0.6955674290657043,-0.04999828338623047,0.6389706134796143,0.6799611449241638,-0.03217511996626854,0.6278998851776123,0.6465297341346741,-0.05003204569220543,0.611798882484436,0.6804612278938293,-0.04528452455997467,0.6049912571907043,0.7101107239723206,-0.03589218482375145
0.6027735471725464,0.8294825553894043,6.384640869327995e-07,0.5603189468383789,0.7816576957702637,-0.01863124966621399,0.5436398386955261,0.7099074721336365,-0.027814049273729324,0.5708572864532471,0.6498623490333557,-0.03951175883412361,0.6067209839820862,0.6249760389328003,-0.05068269744515419,0.5346440672874451,0.6360150575637817,-0.010065681301057339,0.5108412504196167,0.5458290576934814,-0.028266429901123047,0.4995822310447693,0.4902161955833435,-0.03821273893117905,0.4892011284828186,0.44625556468963623,-0.042611148208379745,0.5706595778465271,0.6305590867996216,-0.015802867710590363,0.5709306597709656,0.5219426155090332,-0.034890927374362946,0.5717164278030396,0.45422518253326416,-0.04519514739513397,0.5725366473197937,0.40225720405578613,-0.047107286751270294,0.6057170629501343,0.6483075022697449,-0.024828940629959106,0.5987501740455627,0.6101176142692566,-0.05525285750627518,0.5891001224517822,0.6584680676460266,-0.060263313353061676,0.5879315137863159,0.6944978833198547,-0.05160904303193092,0.6351445913314819,0.6795850992202759,-0.03505736216902733,0.6222721338272095,0.6410667300224304,-0.05373980849981308,0.6080374121665955,0.6774385571479797,-0.04766663908958435,0.6029677987098694,0.7099623084068298,-0.03659285604953766
0.6024146676063538,0.8293089866638184,6.142442430245865e-07,0.561404824256897,0.780290961265564,-0.01758193038403988,0.5445432662963867,0.7078800797462463,-0.025499310344457626,0.5714609622955322,0.6486389636993408,-0.03623472526669502,0.60746169090271,0.6213006377220154,-0.04645606130361557,0.5366931557655334,0.6347916722297668,-0.007660056464374065,0.5131915211677551,0.545395016670227,-0.023267989978194237,0.5007901191711426,0.4915500283241272,-0.031487975269556046,0.48959237337112427,0.4487854540348053,-0.03505919128656387,0.5718177556991577,0.6303209066390991,-0.013556448742747307,0.5718904137611389,0.5231460332870483,-0.0300894882529974,0.5705728530883789,0.45701342821121216,-0.03951433300971985,0.5707647800445557,0.4071959853172302,-0.0415969081223011,0.6063317060470581,0.6489790081977844,-0.022741297259926796,0.5985607504844666,0.6096192002296448,-0.051182955503463745,0.5881036520004272,0.6577200293540955,-0.05703166499733925,0.5878705382347107,0.6938501000404358,-0.04993484914302826,0.6355146765708923,0.6798681616783142,-0.033136118203401566,0.6232603788375854,0.6415423154830933,-0.05117806792259216,0.6068050861358643,0.6767677664756775,-0.04663001000881195,0.6003385186195374,0.7086454033851624,-0.03741254657506943
0.5987739562988281,0.8333905935287476,5.857448854840186e-07,0.559270977973938,0.7863790392875671,-0.01826976239681244,0.5431452393531799,0.7149013876914978,-0.026954537257552147,0.5738130211830139,0.6573320031166077,-0.03782939165830612,0.6101805567741394,0.6286783218383789,-0.048188503831624985,0.5351815819740295,0.638310968875885,-0.011246990412473679,0.5119777917861938,0.5478029251098633,-0.02795173041522503,0.4994199573993683,0.49298423528671265,-0.03699622303247452,0.4876561760902405,0.44942355155944824,-0.041055288165807724,0.5711875557899475,0.6344580054283142,-0.016829878091812134,0.5700598955154419,0.5280125141143799,-0.03379029780626297,0.5697677731513977,0.4624965488910675,-0.043667543679475784,0.5710057616233826,0.4122925400733948,-0.04619941860437393,0.606115996837616,0.6545504927635193,-0.025415698066353798,0.5992836952209473,0.6178144216537476,-0.05405138432979584,0.5894206166267395,0.6642550826072693,-0.05965080484747887,0.589131772518158,0.6994103789329529,-0.05263896659016609,0.6354405283927917,0.6872014403343201,-0.03515460342168808,0.6244068741798401,0.6509738564491272,-0.05385255813598633,0.6086021065711975,0.6852239966392517,-0.04884354770183563,0.602461576461792,0.7167832851409912,-0.039160605520009995
0.5987650752067566,0.8416178226470947,5.832925467075256e-07,0.5582061409950256,0.7951644659042358,-0.017386144027113914,0.5436270833015442,0.7196120023727417,-0.024964172393083572,0.5749680399894714,0.6629977822303772,-0.03506862372159958,0.6102439165115356,0.637682318687439,-0.04462756589055061,0.5363801717758179,0.6455044150352478,-0.009768904186785221,0.5108305215835571,0.5554466247558594,-0.026680918410420418,0.49747681617736816,0.49976348876953125,-0.03536515310406685,0.48612043261528015,0.4549963176250458,-0.0391671322286129,0.5725210309028625,0.6405863165855408,-0.016045667231082916,0.5702598094940186,0.534017026424408,-0.03454744443297386,0.5692151784896851,0.466713547706604,-0.045236166566610336,0.5707767009735107,0.41540953516960144,-0.04782196134328842,0.6076638698577881,0.6598892211914062,-0.02526688203215599,0.5998306274414062,0.6233246326446533,-0.05551822856068611,0.5893810987472534,0.673586368560791,-0.06099793314933777,0.5889527797698975,0.7103855013847351,-0.053187351673841476,0.6370460391044617,0.6913073062896729,-0.03560170531272888,0.6238287091255188,0.6582862734794617,-0.055695485323667526,0.6071142554283142,0.6950055956840515,-0.051183752715587616,0.6011088490486145,0.7262032628059387,-0.04143653064966202
0.5989624261856079,0.8420923352241516,5.746848614762712e-07,0.5585806369781494,0.7958773374557495,-0.01662951521575451,0.5430852174758911,0.7224008440971375,-0.024378744885325432,0.5719500184059143,0.6656381487846375,-0.034716058522462845,0.6068143248558044,0.6363081932067871,-0.0444188117980957,0.5358192324638367,0.6466884613037109,-0.010174456983804703,0.5099454522132874,0.5564844012260437,-0.02718999795615673,0.4964575469493866,0.5005795955657959,-0.035963188856840134,0.4849810004234314,0.45551300048828125,-0.03985096514225006,0.5715152621269226,0.6416082978248596,-0.01654432900249958,0.5696206092834473,0.5351409912109375,-0.03482818603515625,0.5688062310218811,0.4678829312324524,-0.04522450268268585,0.5700066089630127,0.4167461395263672,-0.04783296212553978,0.6062310934066772,0.6602557301521301,-0.025733936578035355,0.5989202260971069,0.6238738298416138,-0.055328961461782455,0.5891402363777161,0.6731968522071838,-0.06005735695362091,0.5886676907539368,0.7104458808898926,-0.0520942322909832,0.6353966593742371,0.6906872987747192,-0.036012180149555206,0.6232982873916626,0.6576170325279236,-0.05564343184232712,0.6076616048812866,0.694100022315979,-0.05072272941470146,0.6016986966133118,0.7261735200881958,-0.04081401601433754
0.6002936959266663,0.8425658941268921,5.742177222600731e-07,0.560967206954956,0.7950531244277954,-0.016615701839327812,0.5447412729263306,0.7207221388816833,-0.024315303191542625,0.5765057802200317,0.6649929285049438,-0.03466152399778366,0.6140231490135193,0.6420539617538452,-0.04465567320585251,0.5358698964118958,0.6469662189483643,-0.011844235472381115,0.5109071731567383,0.5570157170295715,-0.028828714042901993,0.49742209911346436,0.5014049410820007,-0.037693824619054794,0.48549899458885193,0.45689892768859863,-0.04176263511180878,0.5722323656082153,0.6427118182182312,-0.018470434471964836,0.5709328055381775,0.5363678336143494,-0.03611490875482559,0.5691865086555481,0.4701237082481384,-0.04571139067411423,0.5695470571517944,0.419100284576416,-0.04795510321855545,0.608012318611145,0.6625784039497375,-0.027860872447490692,0.6005021333694458,0.625891387462616,-0.05714743211865425,0.5895671844482422,0.6755080819129944,-0.061603035777807236,0.5895508527755737,0.7124486565589905,-0.05342578887939453,0.6376184225082397,0.6952898502349854,-0.03838806971907616,0.6262281537055969,0.6580076813697815,-0.05776216462254524,0.6097431182861328,0.6931027173995972,-0.052547749131917953,0.6044675707817078,0.7253929972648621,-0.04253038391470909
0.6005475521087646,0.8418615460395813,5.815276722387352e-07,0.5611861348152161,0.7956463098526001,-0.016679413616657257,0.5448337197303772,0.7208546996116638,-0.02425859123468399,0.5768101215362549,0.664888322353363,-0.03439398482441902,0.6146147847175598,0.6407490372657776,-0.04417618736624718,0.5360403060913086,0.6468229293823242,-0.0117284394800663,0.511038601398468,0.5567441582679749,-0.02845025435090065,0.49753624200820923,0.501345157623291,-0.03733232244849205,0.48545029759407043,0.4569666087627411,-0.04156249389052391,0.5722014904022217,0.6424578428268433,-0.01819687709212303,0.5715134143829346,0.5361506342887878,-0.03564513474702835,0.5697323083877563,0.46964049339294434,-0.045512933284044266,0.5699857473373413,0.41828957200050354,-0.048114173114299774,0.607364296913147,0.6620997190475464,-0.027384791523218155,0.6011711955070496,0.6243588328361511,-0.05604935437440872,0.5903390049934387,0.6736242175102234,-0.06037205830216408,0.5899286270141602,0.7100015878677368,-0.052446406334638596,0.6365182399749756,0.69422847032547,-0.03774416446685791,0.6255552768707275,0.6577617526054382,-0.05700904503464699,0.6096222996711731,0.6934676170349121,-0.051859889179468155,0.6044546365737915,0.7255457043647766,-0.0419887900352478
0.6029345989227295,0.8433321118354797,5.875886586181878e-07,0.5627646446228027,0.7946007251739502,-0.017804227769374847,0.5462700128555298,0.7228062152862549,-0.026311444118618965,0.5753918886184692,0.6660196781158447,-0.03763413056731224,0.6101611852645874,0.6376534104347229,-0.04839923605322838,0.5403560996055603,0.6444392204284668,-0.009894071146845818,0.5153020024299622,0.5557893514633179,-0.027118440717458725,0.5016593933105469,0.500758171081543,-0.036200959235429764,0.4898875951766968,0.4570462107658386,-0.0399528369307518,0.5761830806732178,0.6412011384963989,-0.01634584367275238,0.5744355916976929,0.5354515910148621,-0.03428572416305542,0.5723134875297546,0.46908968687057495,-0.04412773624062538,0.5724610686302185,0.4184063673019409,-0.04603501781821251,0.6110499501228333,0.661843478679657,-0.026014015078544617,0.6037576794624329,0.6265286207199097,-0.05628911033272743,0.5934766530990601,0.6765611171722412,-0.06140608340501785,0.593394935131073,0.7141337990760803,-0.05302801728248596,0.6397250294685364,0.6958332061767578,-0.03687594085931778,0.6298618316650391,0.6569831967353821,-0.055861953645944595,0.6132016181945801,0.6922598481178284,-0.049986135214567184,0.6061077117919922,0.7257309556007385,-0.03922160714864731
0.6026856303215027,0.8431351780891418,5.997066523377725e-07,0.5620120763778687,0.7959413528442383,-0.0168452225625515,0.5446875095367432,0.7233784198760986,-0.02495422028005123,0.57459956407547,0.6661402583122253,-0.03576653450727463,0.6107240319252014,0.6389872431755066,-0.04614771530032158,0.5379396677017212,0.6462194919586182,-0.010515543632209301,0.5131314992904663,0.5559529662132263,-0.0275848601013422,0.5001814365386963,0.5000141263008118,-0.036593448370695114,0.4884970188140869,0.45545879006385803,-0.04053288325667381,0.5745741128921509,0.6417415738105774,-0.017119530588388443,0.5741719603538513,0.5332949161529541,-0.03425491601228714,0.5736407041549683,0.4658762216567993,-0.043708402663469315,0.5743333101272583,0.41429799795150757,-0.04571215808391571,0.6100248098373413,0.6621001958847046,-0.02670474909245968,0.602519690990448,0.6266694664955139,-0.05556101351976395,0.5916105508804321,0.6738293170928955,-0.06091349199414253,0.5905234813690186,0.7093132734298706,-0.05340506508946419,0.6392927765846252,0.6957720518112183,-0.037380628287792206,0.6283025741577148,0.6595774292945862,-0.05594421178102493,0.6107459664344788,0.6936209797859192,-0.050728294998407364,0.6024816036224365,0.7251376509666443,-0.040823522955179214
0.6019710302352905,0.8418366312980652,5.942569032413303e-07,0.5627274513244629,0.7935053706169128,-0.017223961651325226,0.5459190607070923,0.7191246151924133,-0.025391845032572746,0.5771580934524536,0.662253201007843,-0.03615892678499222,0.6154934167861938,0.6386914253234863,-0.04642423987388611,0.5411661863327026,0.6432554721832275,-0.011300520971417427,0.5180425643920898,0.554082989692688,-0.027867140248417854,0.5048277974128723,0.4991772174835205,-0.03632334619760513,0.4928988814353943,0.4554901719093323,-0.040038369596004486,0.5770779252052307,0.6386691331863403,-0.017569245770573616,0.578281819820404,0.5322616100311279,-0.03479250147938728,0.5780177712440491,0.46586519479751587,-0.0439322404563427,0.5796400904655457,0.4154092073440552,-0.04571749269962311,0.6118334531784058,0.658160924911499,-0.026761241257190704,0.605506181716919,0.6243027448654175,-0.055466797202825546,0.5949198603630066,0.6737856864929199,-0.06016101315617561,0.5950246453285217,0.7107025980949402,-0.05211590975522995,0.6409858465194702,0.6902501583099365,-0.03717552497982979,0.6305898427963257,0.6559675931930542,-0.05528801679611206,0.6148837804794312,0.6920000910758972,-0.04978356510400772,0.6099898815155029,0.7242156267166138,-0.03969193994998932
0.6015275120735168,0.8406199216842651,5.912960432397085e-07,0.5621135830879211,0.7932583093643188,-0.017920635640621185,0.5459814071655273,0.7180314064025879,-0.025837060064077377,0.5772604942321777,0.6614249348640442,-0.036154523491859436,0.6159698367118835,0.638543963432312,-0.045875757932662964,0.5412558913230896,0.6430013179779053,-0.010424681007862091,0.5169900059700012,0.5534437894821167,-0.02692168764770031,0.5035179853439331,0.49784404039382935,-0.03511732816696167,0.4913187325000763,0.4539097547531128,-0.038519397377967834,0.5774565935134888,0.6385146975517273,-0.016267236322164536,0.579147219657898,0.5313999652862549,-0.033591657876968384,0.5790332555770874,0.46409833431243896,-0.042936939746141434,0.5799127221107483,0.41298210620880127,-0.04457131773233414,0.6121812462806702,0.6582972407341003,-0.02519088424742222,0.6055454611778259,0.6239399909973145,-0.054687730967998505,0.5944469571113586,0.6723569631576538,-0.060424596071243286,0.5933030843734741,0.7084030508995056,-0.0527477040886879,0.6409921646118164,0.6906106472015381,-0.03527402877807617,0.6300334930419922,0.6585158705711365,-0.05434418097138405,0.6132716536521912,0.6941415071487427,-0.04977382346987724,0.6065624952316284,0.7252312898635864,-0.04011646285653114
0.6033067107200623,0.8396813273429871,5.855146127942135e-07,0.5643511414527893,0.7902675867080688,-0.016625497490167618,0.5501240491867065,0.7161341905593872,-0.02433907613158226,0.582504391670227,0.6613973379135132,-0.03489561378955841,0.6179896593093872,0.6360591053962708,-0.04481688514351845,0.5435620546340942,0.6389750242233276,-0.009312224574387074,0.517860472202301,0.5508279800415039,-0.025624655187129974,0.5034884214401245,0.49644291400909424,-0.03385386988520622,0.4914846420288086,0.45272988080978394,-0.03720999136567116,0.5795034170150757,0.6365545392036438,-0.015785451978445053,0.5816528797149658,0.5325635671615601,-0.033427122980356216,0.5818842649459839,0.46654847264289856,-0.043131157755851746,0.5843924880027771,0.41725587844848633,-0.04498375207185745,0.6134780645370483,0.6572265028953552,-0.025273406878113747,0.6078769564628601,0.6242800951004028,-0.05493777617812157,0.5973333716392517,0.6737985014915466,-0.060059804469347,0.5974562764167786,0.7109524607658386,-0.05194120109081268,0.6414585709571838,0.689750075340271,-0.03588049113750458,0.631840705871582,0.6558865308761597,-0.05455593019723892,0.6157739162445068,0.6929656863212585,-0.049011506140232086,0.6105884313583374,0.7260887026786804,-0.0385919064283371
0.6030248999595642,0.8395646810531616,5.961009037491749e-07,0.563513457775116,0.7913183569908142,-0.017339790239930153,0.5492832660675049,0.7181493043899536,-0.026056744158267975,0.5805519819259644,0.6627228856086731,-0.03747626021504402,0.6148952841758728,0.6335996985435486,-0.048131465911865234,0.5433818101882935,0.6398587822914124,-0.010853790678083897,0.5180351734161377,0.5514992475509644,-0.02819640375673771,0.5037655830383301,0.49697214365005493,-0.03702142462134361,0.491758793592453,0.452867329120636,-0.04069455713033676,0.5793164372444153,0.6368825435638428,-0.01727925054728985,0.5815402269363403,0.5318092107772827,-0.03617655858397484,0.5821294188499451,0.4653699994087219,-0.04656659811735153,0.5848405957221985,0.41581565141677856,-0.048677217215299606,0.6133058667182922,0.657098650932312,-0.026667233556509018,0.6072495579719543,0.6236143708229065,-0.05721782520413399,0.5966487526893616,0.6739091873168945,-0.06195393577218056,0.5963504910469055,0.7115072011947632,-0.05336849018931389,0.6415651440620422,0.6890921592712402,-0.03720104321837425,0.6310044527053833,0.6554701328277588,-0.05649542063474655,0.6148219108581543,0.6929016709327698,-0.05061865225434303,0.6089649796485901,0.7262771129608154,-0.03971264138817787
0.602413535118103,0.8365039229393005,6.005261639074888e-07,0.56406569480896,0.7875066995620728,-0.01668497361242771,0.5493370890617371,0.714087963104248,-0.024844951927661896,0.5819342732429504,0.6594436168670654,-0.03577457368373871,0.6205043196678162,0.6366809010505676,-0.04610186815261841,0.5439444780349731,0.63832688331604,-0.010671442374587059,0.5189491510391235,0.5498329401016235,-0.027196606621146202,0.5047484636306763,0.49555063247680664,-0.03568633645772934,0.49263185262680054,0.45184430480003357,-0.03952070698142052,0.5800761580467224,0.6348622441291809,-0.01694825105369091,0.5828735828399658,0.529312014579773,-0.034333858639001846,0.5836532115936279,0.46351951360702515,-0.043858602643013,0.5868882536888123,0.4140094518661499,-0.046004705131053925,0.6142435669898987,0.6555390357971191,-0.026119010522961617,0.6083320379257202,0.6208090782165527,-0.05438729003071785,0.5965160727500916,0.6682877540588379,-0.05915478989481926,0.596301794052124,0.7045350074768066,-0.051430970430374146,0.6423976421356201,0.6881207823753357,-0.03653040900826454,0.633134126663208,0.6532659530639648,-0.0544004812836647,0.6158125400543213,0.6861698627471924,-0.049350839108228683,0.6092672348022461,0.7169005274772644,-0.039744846522808075
0.6021769642829895,0.8365527987480164,5.944447707406653e-07,0.5639867186546326,0.78764808177948,-0.016254782676696777,0.5489623546600342,0.7142525315284729,-0.024271942675113678,0.5803530216217041,0.6600714921951294,-0.03510746732354164,0.6178467869758606,0.6364741921424866,-0.045300520956516266,0.5438411831855774,0.6384264826774597,-0.010871317237615585,0.518582820892334,0.5491971373558044,-0.02706105075776577,0.5043681859970093,0.4949707090854645,-0.0350584052503109,0.4923519492149353,0.4512127637863159,-0.03853713348507881,0.5800784826278687,0.6343839168548584,-0.01741723157465458,0.583174467086792,0.5287859439849854,-0.034796155989170074,0.5844975113868713,0.46281200647354126,-0.04459128528833389,0.5879683494567871,0.41370755434036255,-0.04690444469451904,0.6144734621047974,0.6550238132476807,-0.02666781283915043,0.6077386140823364,0.6208612322807312,-0.05514635890722275,0.5960832834243774,0.6694047451019287,-0.06007367745041847,0.5958377122879028,0.7064024209976196,-0.05243148282170296,0.6427133679389954,0.6878607869148254,-0.03705814853310585,0.6326984167098999,0.6544100046157837,-0.05539354681968689,0.6148529052734375,0.6873171925544739,-0.050472017377614975,0.6077072620391846,0.7182343602180481,-0.040843602269887924
0.6040288805961609,0.8371633291244507,5.889665430913738e-07,0.5657562017440796,0.7873730659484863,-0.015833763405680656,0.5522396564483643,0.7123283743858337,-0.023101897910237312,0.5843760371208191,0.658391535282135,-0.03328387811779976,0.6209762096405029,0.6333383321762085,-0.04283518344163895,0.544807493686676,0.6358350515365601,-0.009180412627756596,0.5193343758583069,0.5476983785629272,-0.025692271068692207,0.5053861737251282,0.4928028881549835,-0.03389209136366844,0.49354445934295654,0.4486285448074341,-0.03743229806423187,0.5811878442764282,0.6333208084106445,-0.015933599323034286,0.5849211812019348,0.5281296372413635,-0.03407318890094757,0.586664080619812,0.4627076983451843,-0.04408777132630348,0.5907275080680847,0.4139055609703064,-0.04619183763861656,0.6153674721717834,0.6548082232475281,-0.02550480142235756,0.611193835735321,0.6202689409255981,-0.05497393384575844,0.5997824668884277,0.671554684638977,-0.05890485644340515,0.5995401740074158,0.7093956470489502,-0.050057075917720795,0.6433195471763611,0.6880890727043152,-0.03617493808269501,0.6338422894477844,0.6549608111381531,-0.05534668266773224,0.6178491711616516,0.6916167140007019,-0.04964592307806015,0.6128310561180115,0.7240888476371765,-0.03895564749836922
0.6035752892494202,0.837340235710144,5.899491384298017e-07,0.5650197267532349,0.7875719666481018,-0.015379593707621098,0.551818311214447,0.7120313048362732,-0.02227317914366722,0.5845785737037659,0.6585760116577148,-0.03208234906196594,0.621076226234436,0.6337184309959412,-0.04137101396918297,0.5447781682014465,0.6357390880584717,-0.008893556892871857,0.519351601600647,0.5477331280708313,-0.025050172582268715,0.5053385496139526,0.4928353428840637,-0.03312618285417557,0.49341708421707153,0.44867008924484253,-0.03672391176223755,0.5812066793441772,0.6330990791320801,-0.015804709866642952,0.5850070118904114,0.5277225971221924,-0.033448971807956696,0.586579442024231,0.4620879590511322,-0.04346247762441635,0.5903708338737488,0.4128524661064148,-0.045787617564201355,0.615404486656189,0.6546565294265747,-0.025474920868873596,0.6110388040542603,0.6204288005828857,-0.054343461990356445,0.5991854667663574,0.6704345345497131,-0.05873390659689903,0.5984161496162415,0.7070087790489197,-0.050584323704242706,0.6433520913124084,0.6879580616950989,-0.036210983991622925,0.6336413025856018,0.6555835604667664,-0.05534878000617027,0.6172734498977661,0.6922440528869629,-0.05019787326455116,0.61163729429245,0.724349856376648,-0.040123485028743744
0.6062362790107727,0.8363180756568909,5.963069042991265e-07,0.5667824149131775,0.7883797883987427,-0.016270602121949196,0.5516255497932434,0.7138423323631287,-0.024156777188181877,0.5838494300842285,0.6593882441520691,-0.034911029040813446,0.6204317808151245,0.6343086957931519,-0.04499004781246185,0.5449883341789246,0.637091338634491,-0.011339325457811356,0.5202957987785339,0.5489155054092407,-0.02845017798244953,0.5058498382568359,0.4945838451385498,-0.0370965451002121,0.49379175901412964,0.4502672553062439,-0.040939804166555405,0.5816771388053894,0.6336245536804199,-0.01794743537902832,0.5876494646072388,0.5288906097412109,-0.03660492226481438,0.5906496047973633,0.46296143531799316,-0.04651489108800888,0.5955207347869873,0.4133615493774414,-0.04859316721558571,0.6161044239997864,0.6540395617485046,-0.02732403203845024,0.6112260818481445,0.6212424635887146,-0.05703134089708328,0.6000328063964844,0.6722127795219421,-0.061007555574178696,0.599847674369812,0.7101084589958191,-0.05230012908577919,0.6446574926376343,0.6864838600158691,-0.03786429762840271,0.6353299021720886,0.6522611975669861,-0.05678495392203331,0.6183508038520813,0.687759518623352,-0.05091509968042374,0.6121546030044556,0.7198584079742432,-0.04029572755098343
0.6070850491523743,0.8359354138374329,6.144925919215893e-07,0.5674594640731812,0.7886348962783813,-0.016031920909881592,0.5525395274162292,0.7136200666427612,-0.02362009882926941,0.5857734680175781,0.6590660810470581,-0.03387374430894852,0.622887134552002,0.6351755261421204,-0.04351511225104332,0.5456933975219727,0.6372685432434082,-0.01180624682456255,0.5205415487289429,0.5487018823623657,-0.028239518404006958,0.5060703754425049,0.49424833059310913,-0.036605190485715866,0.49357423186302185,0.45004209876060486,-0.04036281630396843,0.5823799967765808,0.6340491771697998,-0.018289921805262566,0.5877766013145447,0.5293082594871521,-0.03592465817928314,0.591154158115387,0.46277880668640137,-0.04558528959751129,0.5961807370185852,0.41243430972099304,-0.04772709310054779,0.616516649723053,0.6548910140991211,-0.02741568721830845,0.6124752759933472,0.6233686804771423,-0.055881623178720474,0.600877046585083,0.6723451614379883,-0.06066431105136871,0.5998870134353638,0.7090033888816833,-0.05292456969618797,0.6447915434837341,0.6870743036270142,-0.03765198588371277,0.6358276009559631,0.6541808247566223,-0.05610852688550949,0.6181141138076782,0.6881322860717773,-0.05100740119814873,0.610403299331665,0.7191421985626221,-0.04116075485944748
0.6079756617546082,0.8346454501152039,6.255279458855512e-07,0.568622887134552,0.787007749080658,-0.018270282074809074,0.5546202659606934,0.7160523533821106,-0.027802178636193275,0.5854188203811646,0.66173255443573,-0.03973798081278801,0.6197247505187988,0.6334854364395142,-0.050873514264822006,0.5468583106994629,0.6339175701141357,-0.01315460354089737,0.5216249823570251,0.5470394492149353,-0.030996443703770638,0.5073380470275879,0.4925621747970581,-0.04038773477077484,0.49530279636383057,0.4483519494533539,-0.044653285294771194,0.5828633904457092,0.6315208673477173,-0.019116124138236046,0.5881410837173462,0.5280646681785583,-0.03808470070362091,0.5919520854949951,0.46279245615005493,-0.04801531881093979,0.5973774194717407,0.41450512409210205,-0.049990203231573105,0.6164050698280334,0.6528650522232056,-0.028087569400668144,0.6145113110542297,0.6216259598731995,-0.05794515460729599,0.6030448079109192,0.6711905598640442,-0.06237977743148804,0.6011906266212463,0.7077931761741638,-0.054070908576250076,0.6442323327064514,0.686293363571167,-0.03837290406227112,0.6377012729644775,0.6544291973114014,-0.05773928388953209,0.6211434006690979,0.691681444644928,-0.05234656110405922,0.6133241653442383,0.7244871854782104,-0.041940487921237946
0.6080999374389648,0.8346464037895203,6.268991228353116e-07,0.5685640573501587,0.7871122360229492,-0.01824021339416504,0.5548676252365112,0.715855598449707,-0.027580169960856438,0.5860921740531921,0.6618890166282654,-0.039300352334976196,0.620529294013977,0.6339991092681885,-0.050262778997421265,0.5468814969062805,0.6336210370063782,-0.012968513183295727,0.5216245651245117,0.5467347502708435,-0.03058766759932041,0.5074585676193237,0.4921782612800598,-0.039946965873241425,0.49545222520828247,0.44789642095565796,-0.0442887507379055,0.5830121636390686,0.6313436627388,-0.018931619822978973,0.5883248448371887,0.5277663469314575,-0.03760405257344246,0.592036783695221,0.46284276247024536,-0.04753989726305008,0.5973557829856873,0.4146788418292999,-0.049617137759923935,0.6164453625679016,0.6529769897460938,-0.02790725789964199,0.6144793629646301,0.6211124658584595,-0.05749627575278282,0.6026517748832703,0.6701418161392212,-0.062174584716558456,0.6005859375,0.7062658071517944,-0.05419452115893364,0.6439991593360901,0.6865357756614685,-0.03820206969976425,0.6375397443771362,0.6547800898551941,-0.05772261321544647,0.6205666065216064,0.6918144822120667,-0.052742648869752884,0.6123185157775879,0.7244961261749268,-0.042690277099609375
0.6076853275299072,0.8343674540519714,6.297402137533936e-07,0.5682561993598938,0.7858505845069885,-0.016821224242448807,0.5544606447219849,0.7088674306869507,-0.02401384338736534,0.5895508527755737,0.6543630361557007,-0.03375467658042908,0.6268627643585205,0.6309151649475098,-0.04291512072086334,0.5474453568458557,0.6327649354934692,-0.010004549287259579,0.5216255187988281,0.5453056693077087,-0.026095233857631683,0.5071996450424194,0.4908871054649353,-0.03431810438632965,0.49510499835014343,0.44695913791656494,-0.038052335381507874,0.5836431384086609,0.6306454539299011,-0.016218887642025948,0.5893073081970215,0.5264379382133484,-0.03393379598855972,0.5926439166069031,0.46077173948287964,-0.04375351592898369,0.5984223484992981,0.412168025970459,-0.04570935294032097,0.6168038845062256,0.6525581479072571,-0.025387810543179512,0.615747332572937,0.6208382248878479,-0.054333727806806564,0.6035476326942444,0.6702144145965576,-0.0593695193529129,0.6024366021156311,0.7061905264854431,-0.05148687958717346,0.6440062522888184,0.6854543685913086,-0.03574659675359726,0.637122631072998,0.6534460186958313,-0.05508510023355484,0.6216122508049011,0.6913729310035706,-0.050337713211774826,0.6163572669029236,0.7239894866943359,-0.0403887964785099
0.6075769662857056,0.8348644971847534,6.147721478555468e-07,0.5686125755310059,0.7863936424255371,-0.016237948089838028,0.5544347763061523,0.7093983292579651,-0.023076608777046204,0.589183509349823,0.6548659801483154,-0.032556626945734024,0.6265048384666443,0.6320149898529053,-0.04150184988975525,0.5474805235862732,0.6330475807189941,-0.009440395049750805,0.521581768989563,0.5451525449752808,-0.025173434987664223,0.5071026086807251,0.4905434846878052,-0.033116664737463,0.49490436911582947,0.446500301361084,-0.03666052967309952,0.5837326645851135,0.6305664777755737,-0.01578556001186371,0.5893597602844238,0.526382327079773,-0.03305819258093834,0.5927137732505798,0.46103635430336,-0.04260798916220665,0.5982617735862732,0.4125758111476898,-0.04441886395215988,0.6171397566795349,0.6521354913711548,-0.02501293458044529,0.6151729226112366,0.6207924485206604,-0.053723547607660294,0.6028589606285095,0.6700886487960815,-0.058851104229688644,0.6018418669700623,0.7062854170799255,-0.05108633637428284,0.6445193290710449,0.6849386692047119,-0.035364698618650436,0.6369759440422058,0.6533204317092896,-0.054593656212091446,0.6210781931877136,0.691153347492218,-0.04987495392560959,0.6159588098526001,0.7239439487457275,-0.039993155747652054
0.6064934730529785,0.8327373266220093,6.323482466541464e-07,0.5673089027404785,0.7859604358673096,-0.017612580209970474,0.5530452132225037,0.7107740044593811,-0.025182900950312614,0.5871553421020508,0.6558195352554321,-0.03487783297896385,0.6250594258308411,0.6301512718200684,-0.043746475130319595,0.544061541557312,0.6330116987228394,-0.011851884424686432,0.518401026725769,0.5436941385269165,-0.028098534792661667,0.5045254230499268,0.48849618434906006,-0.036191053688526154,0.492897629737854,0.44385480880737305,-0.03991943225264549,0.5816614031791687,0.6298766732215881,-0.017080800607800484,0.5884717702865601,0.5258980989456177,-0.034841254353523254,0.5937017798423767,0.4600811004638672,-0.044567037373781204,0.6003682017326355,0.41150760650634766,-0.046709246933460236,0.6157933473587036,0.6504097580909729,-0.02522224560379982,0.6134822368621826,0.6195254325866699,-0.053961850702762604,0.6016275882720947,0.6676270961761475,-0.05945262312889099,0.6003267168998718,0.7033135294914246,-0.05227212235331535,0.6441326141357422,0.6815963983535767,-0.034591127187013626,0.6351817846298218,0.6541239619255066,-0.0543886162340641,0.6186457872390747,0.69083571434021,-0.05088049918413162,0.6123875975608826,0.7224708199501038,-0.04201050102710724
0.6070484519004822,0.8325377702713013,6.280793627411185e-07,0.567462682723999,0.7857035398483276,-0.017346540465950966,0.5524728298187256,0.7110609412193298,-0.025025852024555206,0.5853678584098816,0.6561135649681091,-0.03490500897169113,0.622372031211853,0.6294639110565186,-0.04409391060471535,0.544917643070221,0.6328505873680115,-0.011940782889723778,0.5192816853523254,0.5438075661659241,-0.028011411428451538,0.5053004622459412,0.4890058636665344,-0.03603769838809967,0.49382534623146057,0.444455623626709,-0.03969721496105194,0.5821754932403564,0.6302874088287354,-0.01746337115764618,0.5885514616966248,0.5265611410140991,-0.03501199185848236,0.5935719013214111,0.4610007107257843,-0.044692665338516235,0.6003546714782715,0.4123815894126892,-0.046825554221868515,0.6164858937263489,0.6514016389846802,-0.025797655805945396,0.6126082539558411,0.6193720698356628,-0.054797615855932236,0.6007426381111145,0.667756974697113,-0.06016431376338005,0.5999332666397095,0.7035135626792908,-0.052824851125478745,0.645082414150238,0.6836838126182556,-0.03526134043931961,0.6351121664047241,0.652460515499115,-0.05528051406145096,0.6185976266860962,0.689826488494873,-0.05114566162228584,0.612657904624939,0.7226289510726929,-0.04174721986055374
0.6066588759422302,0.8301874399185181,6.57352359212382e-07,0.56658536195755,0.7832797765731812,-0.01921236887574196,0.5518268346786499,0.7102498412132263,-0.028654837980866432,0.5849564671516418,0.654662013053894,-0.040399178862571716,0.6218048334121704,0.6290470361709595,-0.05148148909211159,0.5453033447265625,0.6314534544944763,-0.01335592195391655,0.5191695690155029,0.5429805517196655,-0.03122439980506897,0.5050414204597473,0.4879486560821533,-0.04065152257680893,0.49293380975723267,0.44342470169067383,-0.04517838731408119,0.5826699733734131,0.6290459036827087,-0.018902188166975975,0.5887879133224487,0.523647129535675,-0.03844785317778587,0.5924745798110962,0.45656275749206543,-0.04920407757163048,0.5978459119796753,0.40684014558792114,-0.0517747662961483,0.6169377565383911,0.6507985591888428,-0.027527887374162674,0.6135534644126892,0.6168258786201477,-0.0583755262196064,0.6014693379402161,0.6667762994766235,-0.06363742053508759,0.6005222201347351,0.7041805982589722,-0.055603574961423874,0.6453456282615662,0.6840464472770691,-0.03745095804333687,0.6352345943450928,0.6506526470184326,-0.05836676433682442,0.6182070374488831,0.6883315443992615,-0.053925272077322006,0.6115914583206177,0.7216780781745911,-0.0439535491168499
0.6064295172691345,0.8304520845413208,6.329347570499522e-07,0.5664697885513306,0.782622218132019,-0.017910124734044075,0.5525075197219849,0.7085781097412109,-0.02644013985991478,0.5857788324356079,0.6536669731140137,-0.037516165524721146,0.6221983432769775,0.6290736794471741,-0.04793795943260193,0.545465350151062,0.6305311918258667,-0.011559301987290382,0.5194390416145325,0.5419774651527405,-0.028514275327324867,0.5051167607307434,0.4870532155036926,-0.03726787492632866,0.49307307600975037,0.44271108508110046,-0.04138631746172905,0.5828749537467957,0.6283929944038391,-0.017625611275434494,0.5888610482215881,0.5237922072410583,-0.036512307822704315,0.5927925109863281,0.4576842784881592,-0.047189902514219284,0.5985982418060303,0.40905168652534485,-0.04984639212489128,0.6171705722808838,0.6502121686935425,-0.026705320924520493,0.6135655641555786,0.6166207790374756,-0.05691235512495041,0.6011306643486023,0.6659936904907227,-0.06250473111867905,0.5999703407287598,0.703052818775177,-0.05496036261320114,0.645499587059021,0.6830063462257385,-0.03698257356882095,0.6348463892936707,0.6494401693344116,-0.05722852051258087,0.6171569228172302,0.6856727004051208,-0.05290103703737259,0.6102380752563477,0.7182275056838989,-0.04329952597618103
0.604942798614502,0.8301970958709717,6.337490390251332e-07,0.5658112168312073,0.7811700105667114,-0.016421576961874962,0.5531277656555176,0.7052863836288452,-0.02369597554206848,0.588479220867157,0.6512910723686218,-0.0338052362203598,0.6260263919830322,0.6281968355178833,-0.04363907128572464,0.544999897480011,0.6279883980751038,-0.010027344338595867,0.5192869901657104,0.5401769876480103,-0.02647375501692295,0.5052810907363892,0.485115647315979,-0.03512158244848251,0.4934009611606598,0.4403828978538513,-0.03935388848185539,0.5822059512138367,0.625442624092102,-0.01684900000691414,0.5889673233032227,0.5216975808143616,-0.03533231094479561,0.5930759906768799,0.45541131496429443,-0.046094708144664764,0.5990254878997803,0.40621218085289,-0.048774413764476776,0.6162731647491455,0.6481021642684937,-0.026474367827177048,0.6149947643280029,0.6135793328285217,-0.05656449869275093,0.6026614308357239,0.6646918058395386,-0.06159088760614395,0.6011063456535339,0.7021865844726562,-0.05356952175498009,0.6442316770553589,0.6827496886253357,-0.037151630967855453,0.6357942819595337,0.6488537192344666,-0.05804252251982689,0.6196780204772949,0.6882097125053406,-0.05329522863030434,0.6138202548027039,0.7221341133117676,-0.0430920384824276
0.6041528582572937,0.8299478888511658,6.196871140673466e-07,0.5653302073478699,0.7803657054901123,-0.016244612634181976,0.5526440143585205,0.7056338787078857,-0.02361571229994297,0.5869109034538269,0.6526530981063843,-0.033896904438734055,0.6234393119812012,0.6283478140830994,-0.043752286583185196,0.5453758835792542,0.6264872550964355,-0.00934438407421112,0.5194668769836426,0.5388858318328857,-0.02542610466480255,0.5052626132965088,0.4842356741428375,-0.033647481352090836,0.49361652135849,0.43972039222717285,-0.03745652362704277,0.5827115178108215,0.6245507597923279,-0.016220729798078537,0.5893524289131165,0.5214003324508667,-0.03417496755719185,0.5931524038314819,0.4557782709598541,-0.044592030346393585,0.5988350510597229,0.40710657835006714,-0.04707362502813339,0.616722047328949,0.6476123332977295,-0.025983402505517006,0.6140338778495789,0.6139702200889587,-0.055817630141973495,0.6015547513961792,0.6640323996543884,-0.06128893792629242,0.6000499725341797,0.7007884979248047,-0.05369783192873001,0.6443966627120972,0.6826177835464478,-0.03676702454686165,0.6358469128608704,0.649080753326416,-0.0570659302175045,0.6186866760253906,0.6873031854629517,-0.0524420440196991,0.6118168234825134,0.7205587029457092,-0.042529962956905365
0.604448676109314,0.8303220272064209,6.289772613854439e-07,0.565601110458374,0.7805581092834473,-0.016878897324204445,0.5528794527053833,0.7059304714202881,-0.02472379244863987,0.5868717432022095,0.6528184413909912,-0.03508647531270981,0.6234114766120911,0.6296300292015076,-0.04475695639848709,0.5442755818367004,0.6251684427261353,-0.010526670143008232,0.5197155475616455,0.5367133021354675,-0.026961175724864006,0.505901575088501,0.48158591985702515,-0.03563631325960159,0.49431130290031433,0.4367930293083191,-0.03979072719812393,0.5818101167678833,0.6239144802093506,-0.016762077808380127,0.5897648334503174,0.5208562612533569,-0.03431731089949608,0.5944052934646606,0.45554280281066895,-0.0442422553896904,0.600642740726471,0.4070861339569092,-0.04658708721399307,0.6158140301704407,0.6470032930374146,-0.025943387299776077,0.6149356961250305,0.6149060726165771,-0.05465986207127571,0.6019420027732849,0.6621294617652893,-0.06023199483752251,0.6000146865844727,0.6978393197059631,-0.05309859290719032,0.6434918642044067,0.6815301179885864,-0.036309439688920975,0.6365289092063904,0.6508647799491882,-0.056193623691797256,0.6194744110107422,0.6873887181282043,-0.05236471816897392,0.612864077091217,0.7196502089500427,-0.04314045608043671
0.604941725730896,0.8305118083953857,6.302830684035143e-07,0.5659806728363037,0.7804566621780396,-0.016407735645771027,0.5529662370681763,0.705200731754303,-0.02383105270564556,0.5871717929840088,0.6519772410392761,-0.03389660641551018,0.6240814924240112,0.6295788884162903,-0.04326914995908737,0.5447990298271179,0.6244415640830994,-0.00967694353312254,0.5202831625938416,0.5360912084579468,-0.025574559345841408,0.5064387321472168,0.4812098741531372,-0.03390169143676758,0.4948791563510895,0.43680959939956665,-0.03788143768906593,0.5820055603981018,0.6236407160758972,-0.016114231199026108,0.58963543176651,0.5208609104156494,-0.03332030400633812,0.5941665172576904,0.45542311668395996,-0.043192293494939804,0.6005573272705078,0.40698063373565674,-0.04557585343718529,0.6157674193382263,0.6470891833305359,-0.02550293318927288,0.6151356101036072,0.6155276894569397,-0.05392635986208916,0.6020063161849976,0.6627751588821411,-0.05976181849837303,0.5999453067779541,0.6982999444007874,-0.05290520563721657,0.643180251121521,0.6817774176597595,-0.036060880869627,0.6367087960243225,0.6508808135986328,-0.05571073666214943,0.6194413900375366,0.6869767904281616,-0.05214271694421768,0.6124539375305176,0.7189277410507202,-0.043246589601039886
0.6046410799026489,0.8319293856620789,6.465713227044034e-07,0.5650906562805176,0.7855059504508972,-0.018626732751727104,0.5522205829620361,0.7147536277770996,-0.02832023613154888,0.5789582133293152,0.6602776050567627,-0.04051885008811951,0.6085875034332275,0.6273940205574036,-0.051773201674222946,0.5441513657569885,0.6299359798431396,-0.012945706956088543,0.519554078578949,0.5397335886955261,-0.030597960576415062,0.5060248374938965,0.48391398787498474,-0.03926502913236618,0.49460119009017944,0.4383370876312256,-0.043007589876651764,0.5814552307128906,0.6281565427780151,-0.019172610715031624,0.5896928906440735,0.522443950176239,-0.03918662667274475,0.5957030653953552,0.45544248819351196,-0.04983730614185333,0.6019679307937622,0.4063398838043213,-0.05215160921216011,0.6155197620391846,0.6499010324478149,-0.02844642475247383,0.6132961511611938,0.6141688823699951,-0.060216061770915985,0.6000029444694519,0.6650567054748535,-0.06530100852251053,0.5961417555809021,0.7027417421340942,-0.05720025673508644,0.643592119216919,0.6832684278488159,-0.03887331858277321,0.6359949111938477,0.6498137712478638,-0.060359686613082886,0.6175973415374756,0.6888425350189209,-0.0556722991168499,0.6077855825424194,0.7227097153663635,-0.04552264139056206
0.6048683524131775,0.8322544097900391,6.433625117097108e-07,0.5651503205299377,0.7852553129196167,-0.018002841621637344,0.5521091222763062,0.7140251398086548,-0.027504978701472282,0.578980565071106,0.6594211459159851,-0.0396549254655838,0.6090793013572693,0.6274095773696899,-0.05089893937110901,0.5453804731369019,0.6300390362739563,-0.012907620519399643,0.5205627679824829,0.5407722592353821,-0.03083251602947712,0.5065628290176392,0.48502206802368164,-0.03976232185959816,0.49488121271133423,0.43933773040771484,-0.04370211809873581,0.5822495222091675,0.6282739639282227,-0.0194977018982172,0.5898485779762268,0.5231069326400757,-0.03981419652700424,0.5958353877067566,0.4559270739555359,-0.050631530582904816,0.6027078032493591,0.40638357400894165,-0.053015999495983124,0.6160848736763,0.6501785516738892,-0.02903870679438114,0.6141309142112732,0.6162508726119995,-0.06086611747741699,0.6012298464775085,0.6674635410308838,-0.06570804864168167,0.5981041193008423,0.7055585384368896,-0.057347409427165985,0.6440257430076599,0.6837784051895142,-0.03972898796200752,0.6368795037269592,0.6508607268333435,-0.061072152107954025,0.6187613606452942,0.6896705031394958,-0.05613001063466072,0.6093773245811462,0.7237757444381714,-0.045754652470350266
0.6061721444129944,0.8328486680984497,6.474644465015444e-07,0.5668352246284485,0.7845810651779175,-0.01817944645881653,0.5539664626121521,0.7110697627067566,-0.027143893763422966,0.586342453956604,0.6573513150215149,-0.038651030510663986,0.6206648945808411,0.6305239796638489,-0.04942566156387329,0.5451793074607849,0.6270838975906372,-0.011957508511841297,0.5203189849853516,0.5381638407707214,-0.02963302657008171,0.5068994760513306,0.48285871744155884,-0.038676053285598755,0.49599695205688477,0.4379725754261017,-0.04277140274643898,0.5821496844291687,0.6250239014625549,-0.0182361900806427,0.589239239692688,0.5206364393234253,-0.037876639515161514,0.5943400859832764,0.4547274112701416,-0.04857611656188965,0.6011419296264648,0.40609270334243774,-0.05080096423625946,0.6159631609916687,0.6475270986557007,-0.02756420522928238,0.6142776012420654,0.6153397560119629,-0.05840921029448509,0.6022747159004211,0.6659961342811584,-0.06339341402053833,0.6004341840744019,0.7023594975471497,-0.05512385070323944,0.6439079642295837,0.6821431517601013,-0.0381595641374588,0.6374642848968506,0.6504804491996765,-0.05885617434978485,0.6210988163948059,0.6894146203994751,-0.054038792848587036,0.6139929890632629,0.7225254774093628,-0.04368588700890541
0.6060091257095337,0.833707869052887,6.426096206268994e-07,0.5663896203041077,0.7852479219436646,-0.017763862386345863,0.553741991519928,0.710804283618927,-0.02620200626552105,0.5857858657836914,0.6570550203323364,-0.03720266371965408,0.6195694208145142,0.6297858357429504,-0.04748290032148361,0.544986367225647,0.6272639632225037,-0.011239106766879559,0.5203897356987,0.5377600789070129,-0.02803189866244793,0.5069064497947693,0.4826074242591858,-0.03625821694731712,0.49589574337005615,0.43751105666160583,-0.039818841964006424,0.5820351839065552,0.6249673962593079,-0.017552154138684273,0.5894327759742737,0.5203278064727783,-0.036320071667432785,0.5947601199150085,0.4544181227684021,-0.04658385366201401,0.6015592217445374,0.4062142074108124,-0.048636775463819504,0.6159381866455078,0.6470065712928772,-0.026888404041528702,0.6133063435554504,0.6158208847045898,-0.05703986808657646,0.6016864776611328,0.6663865447044373,-0.062467195093631744,0.6000351309776306,0.7024115920066833,-0.054773375391960144,0.6439313292503357,0.6805950403213501,-0.037457652390003204,0.6359471678733826,0.6507746577262878,-0.057612232863903046,0.6196092367172241,0.6903445720672607,-0.05309027060866356,0.6125791668891907,0.723354160785675,-0.043213851749897
0.6066911816596985,0.8371397852897644,6.303128543549974e-07,0.5663319826126099,0.7874659299850464,-0.017776822671294212,0.5535481572151184,0.713394045829773,-0.026432037353515625,0.5858489274978638,0.6585127711296082,-0.03778623044490814,0.6193976402282715,0.6308707594871521,-0.0485365055501461,0.5461583733558655,0.6295623183250427,-0.01094760186970234,0.5215867161750793,0.5399357676506042,-0.027778610587120056,0.5075626373291016,0.48487257957458496,-0.036530282348394394,0.49615976214408875,0.4396383762359619,-0.04040342941880226,0.5833591818809509,0.6281821131706238,-0.017456846311688423,0.5896494388580322,0.5228185653686523,-0.03614601120352745,0.5947287082672119,0.45650964975357056,-0.046579137444496155,0.601818323135376,0.4075438380241394,-0.048768069595098495,0.6176989078521729,0.6512631773948669,-0.027004918083548546,0.6144618988037109,0.6179790496826172,-0.057724304497241974,0.6021342277526855,0.6687570810317993,-0.06320704519748688,0.6002640724182129,0.7060752511024475,-0.05527108535170555,0.6458945274353027,0.6863241195678711,-0.03770380839705467,0.6377511620521545,0.6502824425697327,-0.057975638657808304,0.6200165152549744,0.6889393329620361,-0.052723757922649384,0.612067461013794,0.723422646522522,-0.04219880327582359
0.6066787838935852,0.8384069204330444,6.334581144074036e-07,0.5668644309043884,0.7886364459991455,-0.017546508461236954,0.5538876056671143,0.7136184573173523,-0.025802243500947952,0.5874825716018677,0.6589838266372681,-0.03673580661416054,0.6225365400314331,0.6327724456787109,-0.047063685953617096,0.5457164645195007,0.6304858326911926,-0.010351894423365593,0.5212637186050415,0.540852427482605,-0.02704739198088646,0.5073004364967346,0.48550012707710266,-0.03578469902276993,0.4956277310848236,0.4403423070907593,-0.03982236236333847,0.5830758213996887,0.6288377046585083,-0.016894344240427017,0.5897127389907837,0.5231973528862,-0.035332828760147095,0.5942977666854858,0.45709097385406494,-0.04580660164356232,0.600888729095459,0.4084215462207794,-0.04817286878824234,0.6175122857093811,0.6520742774009705,-0.02648353949189186,0.6146162748336792,0.6194429397583008,-0.05663667246699333,0.6017113327980042,0.6686935424804688,-0.062391702085733414,0.599548876285553,0.7048202157020569,-0.05496824160218239,0.6457138061523438,0.687411904335022,-0.03725162148475647,0.6379815340042114,0.6538210511207581,-0.057446155697107315,0.6200208067893982,0.6921611428260803,-0.05277380719780922,0.6119473576545715,0.7256976962089539,-0.04284604266285896
0.60640549659729,0.837409257888794,6.28952307124564e-07,0.5677439570426941,0.7866958379745483,-0.018348312005400658,0.5544973015785217,0.7118642330169678,-0.02716192975640297,0.5898107290267944,0.6590432524681091,-0.03858204185962677,0.6282320022583008,0.6344444751739502,-0.04951797425746918,0.5473172664642334,0.6303092837333679,-0.011509676463901997,0.5236252546310425,0.5398755669593811,-0.02858101762831211,0.5098907947540283,0.48387861251831055,-0.037646275013685226,0.4983888566493988,0.438299298286438,-0.04195615276694298,0.5847434997558594,0.6290495991706848,-0.017522171139717102,0.5909217000007629,0.5240812301635742,-0.035815853625535965,0.5946573615074158,0.457987904548645,-0.04624462500214577,0.6004657745361328,0.4086073637008667,-0.048960793763399124,0.6188926100730896,0.6521012783050537,-0.026697978377342224,0.6164336800575256,0.6170490384101868,-0.0572224035859108,0.6039426326751709,0.6670862436294556,-0.06323987245559692,0.6023542881011963,0.7045459151268005,-0.0560075044631958,0.6464158296585083,0.6867033839225769,-0.037067316472530365,0.6381286382675171,0.6520910263061523,-0.05779768526554108,0.6206739544868469,0.6902911067008972,-0.05367852747440338,0.6136308908462524,0.7241734862327576,-0.04420403763651848
0.6070700287818909,0.8381560444831848,6.181952585393446e-07,0.5673562288284302,0.7868412733078003,-0.01660413108766079,0.5541477203369141,0.7120064496994019,-0.024768471717834473,0.5878086686134338,0.6582013368606567,-0.03592202812433243,0.6241368651390076,0.6343451738357544,-0.04643237218260765,0.5468095541000366,0.6297420263290405,-0.009569757618010044,0.5231199860572815,0.5393519401550293,-0.026457130908966064,0.5094789266586304,0.48367881774902344,-0.03543112054467201,0.4981561303138733,0.4386443793773651,-0.03960109502077103,0.5843857526779175,0.6284341812133789,-0.01659257709980011,0.5895377993583679,0.5239197611808777,-0.03496408835053444,0.5935168862342834,0.4579114615917206,-0.04565691575407982,0.6000520586967468,0.4083835184574127,-0.048400361090898514,0.6190205812454224,0.6517699360847473,-0.026578264310956,0.615752100944519,0.6177276968955994,-0.05626676231622696,0.6028997898101807,0.6672702431678772,-0.06145613640546799,0.6010246872901917,0.7041792869567871,-0.053730159997940063,0.647498369216919,0.6872764825820923,-0.03772293031215668,0.639310359954834,0.6533998250961304,-0.05711475759744644,0.621605396270752,0.6896412372589111,-0.05197445675730705,0.6141420006752014,0.7221702933311462,-0.04182301461696625
0.6070505976676941,0.8377670049667358,6.275557780099916e-07,0.5673555731773376,0.7876754999160767,-0.017354615032672882,0.5539340376853943,0.7130730748176575,-0.0259143877774477,0.5876671671867371,0.6588398814201355,-0.03726359084248543,0.6242223381996155,0.6347457766532898,-0.04798813536763191,0.546341061592102,0.6299233436584473,-0.010232311673462391,0.5226457118988037,0.5390681028366089,-0.027031494304537773,0.5091961622238159,0.4835682511329651,-0.03582735359668732,0.49794259667396545,0.4388365149497986,-0.03990105912089348,0.5839580297470093,0.6284368634223938,-0.016910595819354057,0.5889999270439148,0.5235130190849304,-0.03528658300638199,0.5931445956230164,0.4574125111103058,-0.04606769606471062,0.599625825881958,0.4078964293003082,-0.04888112470507622,0.6186482906341553,0.6516414880752563,-0.02657295949757099,0.6146005988121033,0.618166983127594,-0.05630430951714516,0.6020570397377014,0.6670059561729431,-0.06189246475696564,0.6003358960151672,0.7029272317886353,-0.0545312874019146,0.6472705602645874,0.6868535876274109,-0.0374169684946537,0.638218879699707,0.6542574167251587,-0.056966472417116165,0.620688259601593,0.6910056471824646,-0.05210642144083977,0.6133723258972168,0.7232171893119812,-0.04220779240131378
0.6058727502822876,0.8373571634292603,6.25945801857597e-07,0.5671100616455078,0.7859477996826172,-0.018552247434854507,0.5550204515457153,0.7128841876983643,-0.027144355699419975,0.5851974487304688,0.6584694385528564,-0.038110148161649704,0.6186709403991699,0.6302408576011658,-0.04820017144083977,0.5475037097930908,0.6305651664733887,-0.00990927591919899,0.522853672504425,0.5405500531196594,-0.026340795680880547,0.5091943144798279,0.4854288697242737,-0.03448788449168205,0.49753090739250183,0.4407007694244385,-0.037807486951351166,0.5842373371124268,0.6289291381835938,-0.015557979233562946,0.589809775352478,0.5244640111923218,-0.03372381627559662,0.5945541858673096,0.45897236466407776,-0.04386625438928604,0.600801944732666,0.4110260605812073,-0.045756250619888306,0.6180580258369446,0.6513698697090149,-0.024413691833615303,0.6146978139877319,0.6216575503349304,-0.05464140325784683,0.6027072668075562,0.6695707440376282,-0.06116655841469765,0.6009203791618347,0.704738438129425,-0.054107241332530975,0.6455802917480469,0.6851725578308105,-0.03447653725743294,0.6373517513275146,0.6562632322311401,-0.05462244153022766,0.6194009184837341,0.6938359141349792,-0.05068448930978775,0.610771894454956,0.7258162498474121,-0.04121329262852669
0.6059552431106567,0.8375231027603149,6.230789040273521e-07,0.5673089027404785,0.7862074971199036,-0.018820248544216156,0.554915189743042,0.713184654712677,-0.027384988963603973,0.5858215093612671,0.6586847305297852,-0.038245972245931625,0.6197549104690552,0.6313624978065491,-0.048262108117341995,0.5474414229393005,0.6298434734344482,-0.00975134875625372,0.5228067636489868,0.5404592156410217,-0.0262657068669796,0.509169340133667,0.48513710498809814,-0.03484673053026199,0.4976782500743866,0.4404800236225128,-0.03848172724246979,0.5841884016990662,0.6287087798118591,-0.015278548002243042,0.589713454246521,0.5245176553726196,-0.033144932240247726,0.5941187739372253,0.45879262685775757,-0.04314597696065903,0.6002009510993958,0.4102020561695099,-0.044987257570028305,0.6181139349937439,0.6520001292228699,-0.02408076450228691,0.6155458688735962,0.6204989552497864,-0.054353199899196625,0.6030768752098083,0.6686105132102966,-0.06062327325344086,0.601012647151947,0.7044098377227783,-0.053285062313079834,0.6457341909408569,0.6872540712356567,-0.034108083695173264,0.6387076377868652,0.6555954813957214,-0.05456610396504402,0.6206955909729004,0.6932246685028076,-0.050360240042209625,0.6120604276657104,0.7260105013847351,-0.04054506495594978
0.6069951057434082,0.837420642375946,6.32203011718957e-07,0.5673293471336365,0.786883533000946,-0.017163891345262527,0.5531076192855835,0.7112590074539185,-0.024546746164560318,0.5860048532485962,0.6560888886451721,-0.034621283411979675,0.6225864887237549,0.6337199211120605,-0.04402657598257065,0.5458701252937317,0.6317564845085144,-0.00818054098635912,0.5213649272918701,0.5412785410881042,-0.023918788880109787,0.5081630945205688,0.48632723093032837,-0.031863290816545486,0.49687376618385315,0.4420121908187866,-0.03535572066903114,0.5826266407966614,0.6289156079292297,-0.014403266832232475,0.588690996170044,0.5230700969696045,-0.031866058707237244,0.5927034616470337,0.4562860131263733,-0.04196731001138687,0.5983707308769226,0.4067631959915161,-0.04402105510234833,0.6165897846221924,0.6510807275772095,-0.023722978308796883,0.6131959557533264,0.6183029413223267,-0.053281474858522415,0.6008234620094299,0.6669080853462219,-0.059767670929431915,0.5992326140403748,0.7028750777244568,-0.052740659564733505,0.6444928646087646,0.6855364441871643,-0.0341801680624485,0.6367551684379578,0.6564773321151733,-0.054441191256046295,0.6187264919281006,0.6934204697608948,-0.051018789410591125,0.6105883717536926,0.7250357866287231,-0.041924018412828445
0.6061363816261292,0.8409034013748169,6.266599257287453e-07,0.5670916438102722,0.7904740571975708,-0.018442867323756218,0.5541555285453796,0.7151320576667786,-0.027005335316061974,0.5859643816947937,0.6585680842399597,-0.03802994638681412,0.6217734217643738,0.6325203776359558,-0.04803045094013214,0.5469850301742554,0.6357294321060181,-0.009902698919177055,0.5223614573478699,0.5450791716575623,-0.02716466225683689,0.5089253783226013,0.48923274874687195,-0.035944875329732895,0.49754226207733154,0.444161057472229,-0.039701201021671295,0.5833710432052612,0.6339801549911499,-0.01579003594815731,0.5882638096809387,0.5285022258758545,-0.03528093919157982,0.5920085906982422,0.46144169569015503,-0.04643857851624489,0.5975120067596436,0.4116433560848236,-0.04890621826052666,0.6170067191123962,0.6560894846916199,-0.024803463369607925,0.6136853694915771,0.6249684691429138,-0.05616980791091919,0.6016652584075928,0.6740819215774536,-0.0621601901948452,0.600053608417511,0.7109008431434631,-0.05421875789761543,0.6446328163146973,0.6895415186882019,-0.03505459800362587,0.6365889310836792,0.6597779989242554,-0.05600766837596893,0.61906498670578,0.6975541710853577,-0.0517573319375515,0.611055314540863,0.730855405330658,-0.04167916253209114
0.6084502935409546,0.7698088884353638,5.903588657929504e-07,0.5706964731216431,0.7162213921546936,-0.01897752843797207,0.558789849281311,0.6458490490913391,-0.02893242798745632,0.5937578082084656,0.5927315354347229,-0.041057322174310684,0.6286059617996216,0.5675420761108398,-0.05245627835392952,0.5506144762039185,0.5709093809127808,-0.012036092579364777,0.5263293981552124,0.48465508222579956,-0.030797675251960754,0.5133885145187378,0.4310254752635956,-0.04164133220911026,0.502278745174408,0.3877529501914978,-0.04686138406395912,0.5864806175231934,0.5687623620033264,-0.01773129776120186,0.587867021560669,0.46769389510154724,-0.03755634278059006,0.5910455584526062,0.4050346612930298,-0.049360327422618866,0.5968877077102661,0.3570367097854614,-0.05267739295959473,0.6197344064712524,0.5907338857650757,-0.02658858709037304,0.6191641688346863,0.5629128813743591,-0.056548796594142914,0.6072177290916443,0.6083341240882874,-0.06210703030228615,0.6053866147994995,0.6421112418174744,-0.054548367857933044,0.6462070941925049,0.6256234049797058,-0.03678350895643234,0.6416000723838806,0.5915979146957397,-0.0551612563431263,0.6265716552734375,0.6233002543449402,-0.0497543103992939,0.6205772757530212,0.6521327495574951,-0.03949322924017906
0.6045250296592712,0.7437848448753357,6.895190836075926e-07,0.5641552209854126,0.6921482682228088,-0.019440874457359314,0.5527461767196655,0.6229496598243713,-0.02916049025952816,0.5842428803443909,0.5713852047920227,-0.04098854959011078,0.6160593628883362,0.5436682105064392,-0.05248530954122543,0.5436713099479675,0.542610228061676,-0.010739208199083805,0.5195190906524658,0.45670437812805176,-0.029047569260001183,0.508842408657074,0.40206965804100037,-0.03953883796930313,0.5001164078712463,0.3587481379508972,-0.044186197221279144,0.581079363822937,0.5424268841743469,-0.016481099650263786,0.5861651301383972,0.43975844979286194,-0.03557669743895531,0.589817225933075,0.37792983651161194,-0.047152649611234665,0.5948855876922607,0.3301140069961548,-0.04984939098358154,0.6152181029319763,0.5664059519767761,-0.025548385456204414,0.6140334010124207,0.5382994413375854,-0.05557712912559509,0.6001994609832764,0.5850638151168823,-0.06193781644105911,0.5971372723579407,0.6170888543128967,-0.0545821338891983,0.6418408155441284,0.6032335758209229,-0.0358031801879406,0.6350876092910767,0.573102593421936,-0.05413321405649185,0.6189984679222107,0.607530951499939,-0.04870125651359558,0.6122922897338867,0.6358240246772766,-0.03813978657126427
0.6039415597915649,0.7487285137176514,6.025352945471241e-07,0.5653266310691833,0.6985877752304077,-0.018280215561389923,0.5536444783210754,0.6261412501335144,-0.026564262807369232,0.5857015252113342,0.5707193613052368,-0.036967430263757706,0.6165592670440674,0.5418655872344971,-0.04672997072339058,0.5442209243774414,0.5450199246406555,-0.010073058307170868,0.5207225680351257,0.4568898379802704,-0.026862384751439095,0.5085669755935669,0.4025384485721588,-0.03617893159389496,0.49828022718429565,0.35923653841018677,-0.04031255096197128,0.5817188024520874,0.543798565864563,-0.015855958685278893,0.5839424729347229,0.44077587127685547,-0.03345067799091339,0.5879033207893372,0.3774346709251404,-0.043881237506866455,0.5942199230194092,0.32963836193084717,-0.046324342489242554,0.6162326335906982,0.5675765872001648,-0.024854270741343498,0.6132606863975525,0.535872757434845,-0.05398087203502655,0.6014986038208008,0.5807803869247437,-0.06038296967744827,0.5998688340187073,0.6130092144012451,-0.05372241884469986,0.6435007452964783,0.6039249300956726,-0.03496723249554634,0.6361637711524963,0.567496657371521,-0.054039761424064636,0.6195707321166992,0.6006696820259094,-0.04952676594257355,0.6124623417854309,0.6297638416290283,-0.03995513543486595
0.5991466641426086,0.7281965017318726,6.716209668411466e-07,0.5582002401351929,0.6754384636878967,-0.01680694706737995,0.5441417694091797,0.6012435555458069,-0.024756668135523796,0.576142430305481,0.5489070415496826,-0.035395536571741104,0.6119124889373779,0.5266641974449158,-0.045874517410993576,0.5344092845916748,0.5286681652069092,-0.00988430343568325,0.5104854106903076,0.43826186656951904,-0.027371739968657494,0.5001294016838074,0.38109779357910156,-0.03672640770673752,0.49201372265815735,0.33553963899612427,-0.04094346612691879,0.5723037719726562,0.5270895957946777,-0.016406754031777382,0.5781232118606567,0.4244546890258789,-0.035660553723573685,0.5809693932533264,0.35844022035598755,-0.046897340565919876,0.5852857828140259,0.307852178812027,-0.0497589148581028,0.6069671511650085,0.5485114455223083,-0.025954976677894592,0.6057081818580627,0.516422688961029,-0.05607679858803749,0.5907166004180908,0.5629852414131165,-0.062482304871082306,0.5865955352783203,0.596270740032196,-0.05544281750917435,0.6346396207809448,0.5814632177352905,-0.03649793192744255,0.6263254284858704,0.5512651205062866,-0.05626683309674263,0.6090376377105713,0.5871714949607849,-0.0523863211274147,0.6019878387451172,0.6166221499443054,-0.043073248118162155
0.6009860038757324,0.7322655916213989,6.458057555391861e-07,0.5609034895896912,0.6810561418533325,-0.01807197369635105,0.5473996996879578,0.607757568359375,-0.026392841711640358,0.5779802203178406,0.5494818091392517,-0.03709538280963898,0.6105079054832458,0.5227673649787903,-0.04712889343500137,0.5361136794090271,0.5290838479995728,-0.009651129133999348,0.5130268931388855,0.4384920001029968,-0.02607625536620617,0.5013141632080078,0.38301748037338257,-0.034748587757349014,0.4910848140716553,0.3388301730155945,-0.03827274963259697,0.5730838179588318,0.5277149081230164,-0.015488291159272194,0.5778534412384033,0.42310991883277893,-0.032941460609436035,0.5814988017082214,0.35700923204421997,-0.042379267513751984,0.5862929224967957,0.3080656826496124,-0.0439223013818264,0.6077437400817871,0.54986572265625,-0.024552898481488228,0.6080183386802673,0.5155726075172424,-0.05384534224867821,0.596021831035614,0.5626221895217896,-0.05927467718720436,0.5933740139007568,0.5972550511360168,-0.05149812251329422,0.6358228325843811,0.584705650806427,-0.03475495055317879,0.6310940384864807,0.5465203523635864,-0.05346790701150894,0.6161937117576599,0.5833570957183838,-0.04790225625038147,0.610114574432373,0.61556476354599,-0.03732956200838089
0.6015932559967041,0.733134925365448,6.530948439831263e-07,0.5614041686058044,0.6810848712921143,-0.018397213891148567,0.5473454594612122,0.6065183877944946,-0.026805168017745018,0.5793875455856323,0.548285961151123,-0.037561044096946716,0.6142351031303406,0.5228232145309448,-0.04762187600135803,0.5357223153114319,0.5294257998466492,-0.009694259613752365,0.5127326846122742,0.4379095733165741,-0.026044489815831184,0.5011699199676514,0.38249319791793823,-0.034617938101291656,0.49103376269340515,0.33840441703796387,-0.03826117143034935,0.5726767182350159,0.5281200408935547,-0.01532887015491724,0.5771099328994751,0.4237261116504669,-0.03281092643737793,0.5808737277984619,0.35762670636177063,-0.042569492012262344,0.5860131978988647,0.3083360195159912,-0.04456106573343277,0.6073185801506042,0.5503938794136047,-0.02423836663365364,0.6081705093383789,0.517347514629364,-0.053298573940992355,0.5950765609741211,0.5638080835342407,-0.05934644490480423,0.5916144847869873,0.597610354423523,-0.05231103673577309,0.635428249835968,0.5849987864494324,-0.03436925262212753,0.6306151747703552,0.5507898330688477,-0.05329849198460579,0.6146900653839111,0.5867298245429993,-0.04883313551545143,0.607653796672821,0.6172891855239868,-0.03927743062376976
0.5898436903953552,0.7261537909507751,6.962516181374667e-07,0.5467303395271301,0.6754343509674072,-0.017343150451779366,0.5274398326873779,0.60060715675354,-0.02669360488653183,0.5542566180229187,0.5410628914833069,-0.038677722215652466,0.5881291627883911,0.5105960965156555,-0.05035131424665451,0.5218837857246399,0.5272431969642639,-0.014546390622854233,0.4967290759086609,0.43328002095222473,-0.03408613055944443,0.4840753674507141,0.3761390149593353,-0.04457985609769821,0.47365981340408325,0.32979297637939453,-0.04956238344311714,0.5605567693710327,0.5229015350341797,-0.021466141566634178,0.5686250329017639,0.41484057903289795,-0.04196194186806679,0.5724059343338013,0.3461703658103943,-0.05297787860035896,0.5774853825569153,0.29232290387153625,-0.05597071722149849,0.5965695381164551,0.5433722138404846,-0.031240321695804596,0.5942460298538208,0.5085525512695312,-0.061220720410346985,0.5785579085350037,0.5584812760353088,-0.06490031629800797,0.57517409324646,0.5947466492652893,-0.05634013190865517,0.6269362568855286,0.5769467949867249,-0.0422419011592865,0.6188152432441711,0.5413335561752319,-0.06133383885025978,0.6002231240272522,0.5750659108161926,-0.05519269406795502,0.5917975306510925,0.6053009033203125,-0.044516533613204956
0.5730530023574829,0.7384748458862305,7.568182809336577e-07,0.5257464051246643,0.6929558515548706,-0.023149311542510986,0.5079717636108398,0.6131258010864258,-0.034245677292346954,0.5429010987281799,0.5491018891334534,-0.04634704068303108,0.5852296948432922,0.522139310836792,-0.0578472726047039,0.49371668696403503,0.5354922413825989,-0.02090596780180931,0.46903282403945923,0.43895575404167175,-0.04031169414520264,0.4579217731952667,0.3765212297439575,-0.05122368782758713,0.44843432307243347,0.3260655999183655,-0.057467345148324966,0.5365808606147766,0.528169572353363,-0.024965059012174606,0.5453507304191589,0.4200997054576874,-0.0448484793305397,0.5516606569290161,0.35092848539352417,-0.055892445147037506,0.5572406649589539,0.2961283326148987,-0.05970592424273491,0.576499342918396,0.5480563640594482,-0.032058361917734146,0.5770659446716309,0.5137516856193542,-0.06203838065266609,0.5638245940208435,0.5638356804847717,-0.06677409261465073,0.5601667165756226,0.5998218059539795,-0.05933540314435959,0.6098906993865967,0.5835281610488892,-0.04071493819355965,0.6034915447235107,0.5490066409111023,-0.06105712801218033,0.5850541591644287,0.5835434794425964,-0.056535836309194565,0.5749607682228088,0.6142476201057434,-0.04715091362595558
0.5749279260635376,0.7425369620323181,7.666769192837819e-07,0.5266088843345642,0.6972283124923706,-0.023327678442001343,0.5082519054412842,0.6137511134147644,-0.034264639019966125,0.5452898740768433,0.5499172210693359,-0.046401847153902054,0.5870516896247864,0.5230081677436829,-0.05804947018623352,0.49451807141304016,0.5355103015899658,-0.021133841946721077,0.47122102975845337,0.4362959861755371,-0.04059252515435219,0.4600500166416168,0.3745807111263275,-0.051854461431503296,0.44981104135513306,0.32519909739494324,-0.05825698748230934,0.5369735956192017,0.5299200415611267,-0.025363998487591743,0.5440079569816589,0.41981571912765503,-0.04465486481785774,0.5500781536102295,0.35034212470054626,-0.0563240572810173,0.5570594668388367,0.29596850275993347,-0.06072905287146568,0.5759468078613281,0.5513889789581299,-0.032532691955566406,0.5750421285629272,0.5191136002540588,-0.06133659556508064,0.5600032806396484,0.5701525807380676,-0.06639918684959412,0.5561648011207581,0.6070500612258911,-0.059704866260290146,0.6084452271461487,0.5859416127204895,-0.041481565684080124,0.6016334295272827,0.5538877844810486,-0.061716288328170776,0.5834332704544067,0.590176522731781,-0.05744575709104538,0.5748888850212097,0.6217880845069885,-0.048419781029224396
0.5477322340011597,0.7754413485527039,8.255079819718958e-07,0.5001616477966309,0.7182630896568298,-0.022590383887290955,0.48434945940971375,0.6348928213119507,-0.035110268741846085,0.5207784175872803,0.5692077875137329,-0.049843210726976395,0.565410852432251,0.5414983630180359,-0.06449349969625473,0.47809818387031555,0.5492333769798279,-0.018011106178164482,0.45157667994499207,0.4500984251499176,-0.03921263664960861,0.4376140534877777,0.38632330298423767,-0.05255914479494095,0.425856351852417,0.33494213223457336,-0.06033537536859512,0.5212244987487793,0.5450605154037476,-0.024358762428164482,0.5291075706481934,0.42916470766067505,-0.0454045794904232,0.533467173576355,0.35672953724861145,-0.058785825967788696,0.5386458039283752,0.29989326000213623,-0.06399217993021011,0.5607366561889648,0.5692728757858276,-0.034062646329402924,0.5569682121276855,0.5283839106559753,-0.06541740149259567,0.5406767129898071,0.5800539255142212,-0.07204856723546982,0.5374712347984314,0.6183245182037354,-0.06532323360443115,0.5931094288825989,0.608773410320282,-0.04538137838244438,0.5815312266349792,0.5697869658470154,-0.06708189845085144,0.5608514547348022,0.6054890751838684,-0.06295064091682434,0.5517473816871643,0.6388826966285706,-0.05326946824789047
0.551918089389801,0.7814135551452637,7.212838681880385e-07,0.5016009211540222,0.7234587669372559,-0.02317197434604168,0.48480767011642456,0.6351040601730347,-0.03380558639764786,0.5272350311279297,0.5703117847442627,-0.0463113933801651,0.5741617679595947,0.5443685054779053,-0.0587044283747673,0.47883927822113037,0.5533893704414368,-0.015223243273794651,0.4513476490974426,0.4501314163208008,-0.03610586002469063,0.43721631169319153,0.38550934195518494,-0.048998355865478516,0.423793226480484,0.3319970369338989,-0.05592455342411995,0.5229619145393372,0.5472771525382996,-0.020370837301015854,0.5273956656455994,0.42948615550994873,-0.03999039903283119,0.5296890139579773,0.3557044267654419,-0.05215967446565628,0.5326477289199829,0.29856088757514954,-0.05606444552540779,0.5625267028808594,0.5685350298881531,-0.02938191592693329,0.5572634935379028,0.5311982035636902,-0.06336775422096252,0.5422126054763794,0.583712637424469,-0.07303597778081894,0.5396292209625244,0.6257626414299011,-0.06698020547628403,0.5947872400283813,0.6033863425254822,-0.0396861806511879,0.5820943713188171,0.5657249093055725,-0.06451056897640228,0.5626651048660278,0.6107199788093567,-0.06204664707183838,0.5553174018859863,0.6525399684906006,-0.05265948548913002
0.5334230661392212,0.8039096593856812,7.748459438516875e-07,0.4830195903778076,0.7490870952606201,-0.023009471595287323,0.4640219807624817,0.6520085334777832,-0.03227883577346802,0.5046974420547485,0.583227813243866,-0.04306802898645401,0.5549529194831848,0.5650348663330078,-0.053959544748067856,0.4576641023159027,0.5639135837554932,-0.017018308863043785,0.4293639659881592,0.4589335024356842,-0.03620496019721031,0.41485247015953064,0.3931387960910797,-0.04748005047440529,0.40200984477996826,0.3395501971244812,-0.05422353744506836,0.5041916966438293,0.5605836510658264,-0.02283540926873684,0.5099928975105286,0.4394896626472473,-0.043146390467882156,0.5143884420394897,0.3614957332611084,-0.05660030618309975,0.5192674994468689,0.2995166778564453,-0.06172514706850052,0.5463433265686035,0.5868357419967651,-0.03190060332417488,0.5446760654449463,0.5451131463050842,-0.06687581539154053,0.5283961892127991,0.6043488383293152,-0.07706065475940704,0.5233843326568604,0.6485391855239868,-0.07162415236234665,0.5805856585502625,0.6275167465209961,-0.04206348583102226,0.5627709627151489,0.6023809313774109,-0.0700664222240448,0.5412242412567139,0.6489138603210449,-0.06991281360387802,0.5318425297737122,0.6874070167541504,-0.06201286241412163
0.5352469086647034,0.8066065311431885,7.706871087975742e-07,0.4856947362422943,0.747629702091217,-0.023868752643465996,0.46789807081222534,0.6515384912490845,-0.03196500986814499,0.5112819671630859,0.5843566656112671,-0.04174685850739479,0.5611862540245056,0.562481164932251,-0.05131394416093826,0.4601803123950958,0.564978301525116,-0.012419983744621277,0.43201714754104614,0.4584312438964844,-0.03151411935687065,0.41698628664016724,0.3936132490634918,-0.042710237205028534,0.40215781331062317,0.3405390977859497,-0.048779066652059555,0.5046401619911194,0.5628630518913269,-0.017146022990345955,0.5084245800971985,0.4382851719856262,-0.03671279922127724,0.5124996900558472,0.36017635464668274,-0.04934535175561905,0.5175696015357971,0.29908496141433716,-0.053164537996053696,0.5446469187736511,0.5898417234420776,-0.025807248428463936,0.5440606474876404,0.5539999008178711,-0.06121588125824928,0.5287480354309082,0.6120021343231201,-0.07255078852176666,0.5247025489807129,0.6556956768035889,-0.06701105087995529,0.5763273239135742,0.6294888257980347,-0.03577790409326553,0.5634720921516418,0.6062976121902466,-0.06363857537508011,0.5429965257644653,0.6541317105293274,-0.06402178853750229,0.5333101749420166,0.6929653286933899,-0.056193411350250244
0.5311113595962524,0.825898289680481,8.946304319579212e-07,0.47748517990112305,0.7736890316009521,-0.030629122629761696,0.45826685428619385,0.6755228042602539,-0.04280555993318558,0.4993009865283966,0.601888120174408,-0.05564192309975624,0.5482693910598755,0.5788846611976624,-0.06787887215614319,0.45063498616218567,0.5761650800704956,-0.020832479000091553,0.4205038249492645,0.4612693786621094,-0.04369320347905159,0.4049561321735382,0.38996297121047974,-0.057537537068128586,0.390047550201416,0.33288800716400146,-0.0653272494673729,0.498095840215683,0.57277512550354,-0.023776037618517876,0.5059547424316406,0.44179874658584595,-0.04794058948755264,0.5116623640060425,0.35912925004959106,-0.062045007944107056,0.5175838470458984,0.29428908228874207,-0.06594854593276978,0.5401862859725952,0.5999463200569153,-0.03096512146294117,0.5365046858787537,0.561225950717926,-0.06906496733427048,0.5187031030654907,0.6275861263275146,-0.07619640976190567,0.5141761898994446,0.6749032139778137,-0.06670260429382324,0.5733575820922852,0.6414700150489807,-0.04035956412553787,0.5571956038475037,0.6118791103363037,-0.06980174779891968,0.5366865396499634,0.6633784770965576,-0.0667659118771553,0.5291709303855896,0.7034408450126648,-0.05536157637834549
0.5645318627357483,1.015702724456787,1.1613634569584974e-06,0.5006542205810547,0.9560048580169678,-0.05364825204014778,0.47947460412979126,0.8408904075622559,-0.08267530798912048,0.5604910850524902,0.7649285793304443,-0.11048527806997299,0.6410874128341675,0.7331210374832153,-0.1354416012763977,0.48686251044273376,0.6530303359031677,-0.058412402868270874,0.4418136179447174,0.49354225397109985,-0.10311488062143326,0.41711288690567017,0.3866087794303894,-0.1298721581697464,0.395719975233078,0.29429495334625244,-0.14683525264263153,0.5633527040481567,0.6453152894973755,-0.06367593258619308,0.5866321921348572,0.4638693034648895,-0.10704594105482101,0.6064611673355103,0.34533989429473877,-0.12968841195106506,0.6244698762893677,0.2428918480873108,-0.1389835774898529,0.6211384534835815,0.6933837532997131,-0.07534650713205338,0.6373478174209595,0.6461262702941895,-0.13549093902111053,0.6056042909622192,0.7408929467201233,-0.14323687553405762,0.586783766746521,0.8054774403572083,-0.129937544465065,0.6630098223686218,0.7698527574539185,-0.09152010083198547,0.6655809879302979,0.7407408952713013,-0.13750630617141724,0.6251970529556274,0.8039416670799255,-0.13493548333644867,0.5957790613174438,0.8524094223976135,-0.12148740887641907
0.5725008249282837,1.0001147985458374,1.2601298067238531e-06,0.5036365985870361,0.929886519908905,-0.05818905308842659,0.4848765730857849,0.8063016533851624,-0.08747828751802444,0.5714851021766663,0.7272903919219971,-0.1160530298948288,0.6554194688796997,0.6953081488609314,-0.14128825068473816,0.49205610156059265,0.6054227948188782,-0.05386611074209213,0.45908769965171814,0.4312644600868225,-0.09570717066526413,0.43952006101608276,0.3200985789299011,-0.12075016647577286,0.4221053719520569,0.22931909561157227,-0.1370072364807129,0.5691797733306885,0.6019892692565918,-0.058439724147319794,0.6002237200737,0.4148666262626648,-0.10103289037942886,0.621302604675293,0.29593348503112793,-0.12625575065612793,0.640518069267273,0.19823190569877625,-0.1376582831144333,0.6265284419059753,0.6555938720703125,-0.07060268521308899,0.638750433921814,0.600726842880249,-0.13090156018733978,0.6054654121398926,0.6973357796669006,-0.14244170486927032,0.5881245732307434,0.7600577473640442,-0.13183178007602692,0.6682277321815491,0.73798006772995,-0.08786144107580185,0.6706379652023315,0.6912542581558228,-0.13321492075920105,0.632314145565033,0.752009928226471,-0.13285839557647705,0.607085645198822,0.7988446354866028,-0.12161911278963089
0.5708646178245544,0.9964553713798523,1.2483216096370597e-06,0.5046217441558838,0.927082896232605,-0.05907095596194267,0.48581060767173767,0.8056447505950928,-0.08921554684638977,0.5719892382621765,0.7279748916625977,-0.11821692436933517,0.6555705666542053,0.6949119567871094,-0.14375369250774384,0.49149754643440247,0.6040866374969482,-0.05715739727020264,0.45835432410240173,0.4299073815345764,-0.098786361515522,0.43863341212272644,0.3199087977409363,-0.12333656847476959,0.4211534857749939,0.22971561551094055,-0.13925567269325256,0.5682340264320374,0.5999046564102173,-0.06108696386218071,0.5992105603218079,0.4132106602191925,-0.10289313644170761,0.6205499172210693,0.2956583499908447,-0.12758466601371765,0.6397359371185303,0.19975414872169495,-0.13899211585521698,0.6252431869506836,0.6524333953857422,-0.07242100685834885,0.6390379667282104,0.601142406463623,-0.13152723014354706,0.6065024733543396,0.69659423828125,-0.14344069361686707,0.5888882279396057,0.7593532800674438,-0.13371580839157104,0.6666216850280762,0.7335659265518188,-0.08895919471979141,0.6702922582626343,0.6910793781280518,-0.1333618015050888,0.6329381465911865,0.7518017292022705,-0.13341447710990906,0.607687771320343,0.7993606328964233,-0.12292581051588058
0.5742451548576355,0.9921160936355591,1.2405480447341688e-06,0.5068489909172058,0.9252652525901794,-0.057889025658369064,0.485689640045166,0.8054741621017456,-0.08950549364089966,0.5693646669387817,0.7287816405296326,-0.12065808475017548,0.6518206000328064,0.6937075257301331,-0.14833174645900726,0.4936363101005554,0.5996965169906616,-0.05650212615728378,0.4598490297794342,0.4287901818752289,-0.09906914830207825,0.4400849938392639,0.3188420534133911,-0.12416744977235794,0.4230678677558899,0.22880029678344727,-0.14058537781238556,0.5700511336326599,0.5970715880393982,-0.06134513020515442,0.5992982983589172,0.41171184182167053,-0.1043575331568718,0.6204099059104919,0.29432690143585205,-0.12885403633117676,0.6397439241409302,0.19776538014411926,-0.1402679681777954,0.6272765398025513,0.6506623029708862,-0.0735982209444046,0.6420344114303589,0.5968037843704224,-0.1331547498703003,0.6090993285179138,0.6936829686164856,-0.14347653090953827,0.5910338759422302,0.7577734589576721,-0.13293738663196564,0.6689305305480957,0.7321443557739258,-0.09098581969738007,0.6720809936523438,0.691082775592804,-0.13592857122421265,0.633126974105835,0.7532526850700378,-0.13571606576442719,0.6068074107170105,0.7999960780143738,-0.12515106797218323
0.571793794631958,0.9892719388008118,1.2694935094259563e-06,0.5044366121292114,0.9180361032485962,-0.05921196937561035,0.4867702126502991,0.7975667119026184,-0.08962252736091614,0.5734031200408936,0.7232573628425598,-0.11884564161300659,0.6559181213378906,0.6903334259986877,-0.14432531595230103,0.4946606159210205,0.5956637263298035,-0.0551474429666996,0.4618442952632904,0.42585086822509766,-0.09618622064590454,0.4418923854827881,0.31631529331207275,-0.12082941085100174,0.4248960614204407,0.22627472877502441,-0.13692344725131989,0.5703083276748657,0.5928520560264587,-0.05853935331106186,0.6009311079978943,0.41051703691482544,-0.0996294766664505,0.622843325138092,0.2922545075416565,-0.12409615516662598,0.6438894271850586,0.1944403350353241,-0.13564546406269073,0.6269479393959045,0.645331621170044,-0.06957543641328812,0.6430377960205078,0.5971435904502869,-0.12658783793449402,0.6101743578910828,0.6926203966140747,-0.13725309073925018,0.5919631719589233,0.7529811859130859,-0.12723946571350098,0.6691989302635193,0.7252167463302612,-0.08604977279901505,0.6741178631782532,0.6834614872932434,-0.12803514301776886,0.6369738578796387,0.7439878582954407,-0.1269587129354477,0.6118073463439941,0.7883101105690002,-0.11614836752414703
0.5742148160934448,0.9904463291168213,1.2665266240219353e-06,0.5058271884918213,0.920297384262085,-0.059483401477336884,0.4872607886791229,0.8007822036743164,-0.09040241688489914,0.5728341341018677,0.723766028881073,-0.12025901675224304,0.6550582647323608,0.6896247863769531,-0.14646227657794952,0.4948926270008087,0.5977916717529297,-0.05463910847902298,0.46207496523857117,0.4272688329219818,-0.09634825587272644,0.4419134855270386,0.31673794984817505,-0.12151506543159485,0.42414507269859314,0.2263927459716797,-0.13778887689113617,0.5709702968597412,0.5946236848831177,-0.05818578228354454,0.6021047830581665,0.4103046655654907,-0.10038384795188904,0.6243476867675781,0.292084664106369,-0.12529945373535156,0.6447667479515076,0.19426539540290833,-0.13666434586048126,0.6278228163719177,0.6470718383789062,-0.06941276788711548,0.6427296996116638,0.597585916519165,-0.12847734987735748,0.6098323464393616,0.6935907006263733,-0.13942502439022064,0.5916195511817932,0.7549870014190674,-0.1288176327943802,0.6697561740875244,0.7272076606750488,-0.08589724451303482,0.674243688583374,0.6830297708511353,-0.12915711104869843,0.6371357440948486,0.7450261116027832,-0.12774725258350372,0.6121454834938049,0.7908046841621399,-0.11623374372720718
0.5714715123176575,0.9871047735214233,1.2363110499791219e-06,0.5044851899147034,0.9165635108947754,-0.058871377259492874,0.48706477880477905,0.7938777208328247,-0.08799413591623306,0.5735898613929749,0.7172797322273254,-0.11575404554605484,0.6567563414573669,0.6872336268424988,-0.14010341465473175,0.493441641330719,0.5973633527755737,-0.0562870055437088,0.46127206087112427,0.42444533109664917,-0.09737884998321533,0.4417732357978821,0.3148888945579529,-0.12117017805576324,0.42447036504745483,0.22523847222328186,-0.13647300004959106,0.5690919756889343,0.5936851501464844,-0.05974686145782471,0.6008614301681519,0.4082747995853424,-0.1015201285481453,0.6225930452346802,0.29269737005233765,-0.12614642083644867,0.6423951983451843,0.1981121003627777,-0.13729868829250336,0.6249873042106628,0.6451166868209839,-0.07064235955476761,0.6409924626350403,0.5922343730926514,-0.13012300431728363,0.6082900166511536,0.6867958903312683,-0.14350296556949615,0.5899018049240112,0.7472575902938843,-0.13463617861270905,0.6664537191390991,0.7246485948562622,-0.08659040182828903,0.6707785725593567,0.6847125291824341,-0.13126124441623688,0.6330333948135376,0.7443723082542419,-0.13290643692016602,0.6068567633628845,0.7889575362205505,-0.123634934425354
0.5687810182571411,0.9860078692436218,1.2214636626595166e-06,0.5005359649658203,0.9159752130508423,-0.05537471920251846,0.4820031225681305,0.790401041507721,-0.08158852159976959,0.5697789192199707,0.7152823805809021,-0.107325479388237,0.6547173857688904,0.6911238431930542,-0.1299934685230255,0.4932454824447632,0.5961862206459045,-0.049239661544561386,0.45937055349349976,0.4253882169723511,-0.08794835954904556,0.43929004669189453,0.3171541094779968,-0.11037340760231018,0.4219474792480469,0.22778642177581787,-0.12476500123739243,0.5683466196060181,0.5922583937644958,-0.0535375252366066,0.5996236801147461,0.40918755531311035,-0.09322192519903183,0.6206962466239929,0.2916794717311859,-0.11679849028587341,0.6402239203453064,0.1950627565383911,-0.12727342545986176,0.6235676407814026,0.6426997184753418,-0.06526416540145874,0.6399877071380615,0.5912930369377136,-0.12336279451847076,0.6062988638877869,0.6870324015617371,-0.136531263589859,0.5875504016876221,0.749962568283081,-0.12739475071430206,0.6642093062400818,0.7212862968444824,-0.08182859420776367,0.6684781908988953,0.6841399669647217,-0.12584346532821655,0.6303276419639587,0.7468265891075134,-0.12711191177368164,0.604695200920105,0.7942309379577637,-0.11744197458028793
0.5687655210494995,0.9901231527328491,1.2312916624068748e-06,0.4998053014278412,0.9204438924789429,-0.05918418616056442,0.4807817041873932,0.7968840599060059,-0.08789361268281937,0.5671405792236328,0.7187399864196777,-0.1155552864074707,0.6514804363250732,0.690597653388977,-0.13967445492744446,0.4900493621826172,0.5970357656478882,-0.050708744674921036,0.45704424381256104,0.4261111617088318,-0.08974971622228622,0.4376133680343628,0.31789520382881165,-0.11264029890298843,0.4215613007545471,0.2295663058757782,-0.12700238823890686,0.5659114718437195,0.5942496061325073,-0.05352610722184181,0.594801127910614,0.41096872091293335,-0.09360607713460922,0.6151942610740662,0.2930559515953064,-0.11739454418420792,0.6344078779220581,0.19771337509155273,-0.12756119668483734,0.6228206157684326,0.6457722783088684,-0.06421931833028793,0.6355660557746887,0.59574955701828,-0.12294147908687592,0.6035317778587341,0.6887727975845337,-0.1363804191350937,0.5862408876419067,0.7506756782531738,-0.12693795561790466,0.6644715666770935,0.7246875166893005,-0.08003033697605133,0.6676205396652222,0.6819564700126648,-0.12331531941890717,0.6306923031806946,0.7425528764724731,-0.12376005947589874,0.6064402461051941,0.7895479202270508,-0.11332389712333679
0.5707102417945862,0.9886810779571533,1.2108209830330452e-06,0.5024816989898682,0.9177813529968262,-0.05779141187667847,0.4836373031139374,0.7934107184410095,-0.08440310508012772,0.5703548789024353,0.7168619632720947,-0.1098046600818634,0.6543892621994019,0.6910295486450195,-0.13161621987819672,0.49093639850616455,0.5973194241523743,-0.05093710497021675,0.45730602741241455,0.42724892497062683,-0.0899343192577362,0.4374682307243347,0.31903135776519775,-0.11282519996166229,0.4202893376350403,0.22983655333518982,-0.1273512989282608,0.5671885013580322,0.5933985710144043,-0.05410236865282059,0.5954506397247314,0.41137200593948364,-0.09293493628501892,0.6154182553291321,0.29338303208351135,-0.11575096845626831,0.6341475248336792,0.1972658336162567,-0.12578102946281433,0.6234047412872314,0.6445684432983398,-0.06511063873767853,0.6375976204872131,0.5942955613136292,-0.12244004011154175,0.6066429615020752,0.6881502270698547,-0.13550999760627747,0.5896165370941162,0.7504450678825378,-0.12621742486953735,0.6645550727844238,0.723722517490387,-0.08127943426370621,0.6678075790405273,0.6844161748886108,-0.12421945482492447,0.6312702894210815,0.7430011034011841,-0.12538641691207886,0.6059109568595886,0.7893738150596619,-0.11564963310956955
0.5741210579872131,0.9887016415596008,1.236107209479087e-06,0.5046355128288269,0.9169653654098511,-0.05658349767327309,0.48533785343170166,0.7947016954421997,-0.08409509807825089,0.5697073936462402,0.7179381251335144,-0.1112418919801712,0.6511886119842529,0.6861132979393005,-0.13497690856456757,0.4909846782684326,0.5972270369529724,-0.048186127096414566,0.4569908082485199,0.42810678482055664,-0.08734909445047379,0.4377364218235016,0.31986361742019653,-0.1106044352054596,0.420879602432251,0.2312600016593933,-0.12533751130104065,0.5661777257919312,0.5934238433837891,-0.05262181907892227,0.5950524210929871,0.4098973274230957,-0.09262577444314957,0.6149302124977112,0.2922687828540802,-0.11624570935964584,0.6330479979515076,0.1974312663078308,-0.12626896798610687,0.6228745579719543,0.6456765532493591,-0.06482309848070145,0.6339918971061707,0.5925684571266174,-0.12338675558567047,0.602490246295929,0.6883141398429871,-0.13528136909008026,0.5860998034477234,0.751316487789154,-0.12469729036092758,0.6645834445953369,0.7262706756591797,-0.08200275152921677,0.6669325232505798,0.6808375120162964,-0.12550869584083557,0.6302562952041626,0.7420587539672852,-0.12493067979812622,0.606147825717926,0.7895213961601257,-0.1135086789727211
0.5736773014068604,0.9897753000259399,1.2254957937329891e-06,0.504214346408844,0.9164538979530334,-0.053637128323316574,0.48559191823005676,0.7925353050231934,-0.0800633504986763,0.5704212784767151,0.7161912322044373,-0.10672629624605179,0.6523482203483582,0.684870183467865,-0.13042983412742615,0.4914584755897522,0.5970649719238281,-0.04627060890197754,0.45714420080184937,0.42856380343437195,-0.08448200672864914,0.4378872215747833,0.32089999318122864,-0.10715414583683014,0.4213883876800537,0.23267808556556702,-0.12174549698829651,0.5665214657783508,0.5931901335716248,-0.05171104148030281,0.5944967269897461,0.4107018709182739,-0.09126140922307968,0.6142768859863281,0.29254353046417236,-0.11548610776662827,0.6328129172325134,0.19664674997329712,-0.12633079290390015,0.6232362985610962,0.6452708840370178,-0.0644279271364212,0.6362001895904541,0.5918673872947693,-0.12183478474617004,0.6044421195983887,0.6861695647239685,-0.13428431749343872,0.5874267816543579,0.748727023601532,-0.12480365484952927,0.6649432182312012,0.7253704071044922,-0.08183369785547256,0.6665531992912292,0.6837615966796875,-0.12506137788295746,0.6287692189216614,0.744353175163269,-0.1252431422472,0.6036183834075928,0.790647029876709,-0.11470530927181244
0.5699695348739624,0.9893060922622681,1.2059186929036514e-06,0.502700686454773,0.920809268951416,-0.052943579852581024,0.48168450593948364,0.7971827387809753,-0.07968970388174057,0.5666110515594482,0.7208302617073059,-0.1067146360874176,0.649438738822937,0.6895743012428284,-0.13076303899288177,0.490970253944397,0.5984125137329102,-0.047671858221292496,0.4560646116733551,0.42967289686203003,-0.08593147248029709,0.4357910752296448,0.32206815481185913,-0.10789894312620163,0.4182387590408325,0.233486145734787,-0.12200105935335159,0.566010594367981,0.5941003561019897,-0.05330510064959526,0.5937391519546509,0.41107046604156494,-0.09295888990163803,0.612050473690033,0.2929852306842804,-0.11635293811559677,0.6288050413131714,0.19680726528167725,-0.126655712723732,0.6230836510658264,0.6455308794975281,-0.06602959334850311,0.6344432830810547,0.5962640047073364,-0.12335894256830215,0.6021364331245422,0.6917340159416199,-0.13547587394714355,0.585307240486145,0.754979133605957,-0.125908762216568,0.6648725271224976,0.7246747016906738,-0.08341440558433533,0.6651272773742676,0.6902822852134705,-0.1269800066947937,0.6264018416404724,0.7519859075546265,-0.12784653902053833,0.6020119786262512,0.798011302947998,-0.11788290739059448
0.5741696357727051,0.9899263978004456,1.19504647955182e-06,0.5041163563728333,0.9219287633895874,-0.05760565027594566,0.48266422748565674,0.8005207180976868,-0.08626563102006912,0.5678067207336426,0.7203869819641113,-0.1139678806066513,0.6515494585037231,0.6896055936813354,-0.13812007009983063,0.4889271557331085,0.5993131995201111,-0.050989605486392975,0.4553509056568146,0.43073493242263794,-0.09167002141475677,0.43587037920951843,0.3225400745868683,-0.11570309102535248,0.4192938804626465,0.23380106687545776,-0.13102442026138306,0.5658143162727356,0.5934834480285645,-0.0548042431473732,0.5914604663848877,0.40982240438461304,-0.09537333250045776,0.6104100942611694,0.29414448142051697,-0.11804913729429245,0.6286660432815552,0.1992053985595703,-0.12762172520160675,0.6243703365325928,0.6448137164115906,-0.06646604090929031,0.6370769143104553,0.5922439694404602,-0.12501798570156097,0.6046163439750671,0.6851444244384766,-0.1363983154296875,0.587659478187561,0.745406985282898,-0.12599126994609833,0.6669447422027588,0.7257969379425049,-0.0832165852189064,0.6683462858200073,0.6850801110267639,-0.1274436116218567,0.6297317743301392,0.7432008981704712,-0.12789437174797058,0.6042377352714539,0.786309540271759,-0.1174611821770668
0.5745273232460022,0.9925013184547424,1.2093971690774197e-06,0.5049743056297302,0.9229192733764648,-0.055745430290699005,0.4836740791797638,0.7987077832221985,-0.08206900954246521,0.5695050358772278,0.7197070121765137,-0.10767878592014313,0.6528035998344421,0.6897323131561279,-0.1300542801618576,0.4898315370082855,0.5992615818977356,-0.04788597300648689,0.4553981423377991,0.43061378598213196,-0.08642983436584473,0.43558865785598755,0.32296767830848694,-0.10860150307416916,0.4185885190963745,0.23454391956329346,-0.1224396750330925,0.565561056137085,0.5938225984573364,-0.051710762083530426,0.5912494659423828,0.4100918769836426,-0.09065532684326172,0.6094207763671875,0.29365086555480957,-0.11251931637525558,0.6266441345214844,0.19830775260925293,-0.12109023332595825,0.623256266117096,0.6454595923423767,-0.06320077180862427,0.6361286044120789,0.5971171855926514,-0.121551513671875,0.6042593121528625,0.6915518045425415,-0.13453428447246552,0.5876094102859497,0.7523894309997559,-0.12467841804027557,0.665255069732666,0.72608882188797,-0.07945030182600021,0.6666567921638489,0.6929193735122681,-0.12447495758533478,0.6275136470794678,0.7542644739151001,-0.12627790868282318,0.6015821099281311,0.7988112568855286,-0.11634037643671036
0.5697196125984192,0.9907807111740112,1.2093653367628576e-06,0.5048468708992004,0.9179198741912842,-0.05404551699757576,0.48481664061546326,0.7964764833450317,-0.08120261132717133,0.5690967440605164,0.7202082872390747,-0.10823894292116165,0.6503728628158569,0.6876627206802368,-0.13220582902431488,0.48963600397109985,0.5990419387817383,-0.04943612217903137,0.45488473773002625,0.4302036762237549,-0.08935587108135223,0.4353220462799072,0.3227541744709015,-0.11234485357999802,0.41855329275131226,0.2342522144317627,-0.12657560408115387,0.5640830993652344,0.5961356163024902,-0.054538823664188385,0.5905566811561584,0.4139445424079895,-0.09510792791843414,0.6095538139343262,0.2962283790111542,-0.11876925826072693,0.6281890273094177,0.1992444396018982,-0.12867940962314606,0.6208900213241577,0.6488212943077087,-0.06679360568523407,0.6353963613510132,0.6056976318359375,-0.12504082918167114,0.602753221988678,0.6992266774177551,-0.13794437050819397,0.5850996971130371,0.7593299150466919,-0.12834379076957703,0.662714421749115,0.7297850251197815,-0.0837407335639,0.6656072735786438,0.700361967086792,-0.1280711144208908,0.6260249018669128,0.7613874673843384,-0.12916484475135803,0.5989865064620972,0.8060420751571655,-0.118829146027565
0.5705337524414062,0.9877127408981323,1.2161799531895667e-06,0.5027190446853638,0.915915846824646,-0.056251537054777145,0.48554760217666626,0.7920747995376587,-0.08331245183944702,0.572999894618988,0.7170935869216919,-0.10941046476364136,0.6552690267562866,0.693955659866333,-0.1322978287935257,0.49022549390792847,0.5991076231002808,-0.05185161530971527,0.4563865065574646,0.4302191734313965,-0.09205964207649231,0.4366055727005005,0.32212987542152405,-0.11538761109113693,0.41939282417297363,0.2335536777973175,-0.12989820539951324,0.5653989911079407,0.5949143171310425,-0.05589338019490242,0.5916994214057922,0.4134363532066345,-0.09598569571971893,0.6099134683609009,0.29558372497558594,-0.11894286423921585,0.6271796226501465,0.19901537895202637,-0.12870313227176666,0.6217848658561707,0.6460630893707275,-0.06738525629043579,0.6351963877677917,0.5973777770996094,-0.1252480447292328,0.6040297746658325,0.6910823583602905,-0.13767234981060028,0.5870387554168701,0.754039466381073,-0.12781411409378052,0.6633743643760681,0.725072979927063,-0.08385442197322845,0.6644734144210815,0.6901453733444214,-0.12718471884727478,0.627736508846283,0.7512736320495605,-0.12751170992851257,0.6027788519859314,0.7995191812515259,-0.1168704405426979
0.571235179901123,0.9942514896392822,1.2053354794261395e-06,0.5041700601577759,0.9219584465026855,-0.05262251943349838,0.4836271405220032,0.7958909869194031,-0.07901697605848312,0.5690724849700928,0.7186692953109741,-0.10574466735124588,0.6516185402870178,0.6937407851219177,-0.1295953094959259,0.48686647415161133,0.6038957834243774,-0.04821752384305,0.45143985748291016,0.4363400340080261,-0.08833809196949005,0.43108806014060974,0.3283597528934479,-0.11200135201215744,0.41341185569763184,0.23970621824264526,-0.12689588963985443,0.5630780458450317,0.5981942415237427,-0.05370163545012474,0.5894098281860352,0.4156893193721771,-0.09446916729211807,0.6070331335067749,0.2968190908432007,-0.11768859624862671,0.6237412095069885,0.1986076533794403,-0.1273527592420578,0.6224015355110168,0.6482059359550476,-0.0663522332906723,0.6341268420219421,0.5993349552154541,-0.12441504746675491,0.6016445159912109,0.6921243667602539,-0.13635100424289703,0.5849686861038208,0.7544134855270386,-0.1258295774459839,0.6659682989120483,0.726717472076416,-0.08366130292415619,0.6668991446495056,0.6871243715286255,-0.1267717331647873,0.6280650496482849,0.7441328167915344,-0.12697838246822357,0.6029995083808899,0.7887881398200989,-0.11610271036624908
0.5714878439903259,0.9935771226882935,1.199780513161386e-06,0.504209578037262,0.9210700988769531,-0.052841804921627045,0.4839574992656708,0.795214831829071,-0.0794341042637825,0.5697162747383118,0.7182785868644714,-0.10628585517406464,0.6522358655929565,0.6932172179222107,-0.13023580610752106,0.4870520234107971,0.6038536429405212,-0.048792604357004166,0.45145681500434875,0.4362735152244568,-0.08912084996700287,0.4307860732078552,0.32845044136047363,-0.11275643110275269,0.4127989411354065,0.23998060822486877,-0.12755821645259857,0.5633463859558105,0.5982151031494141,-0.05428914725780487,0.5891177654266357,0.4155358374118805,-0.09537015110254288,0.6067385077476501,0.29680564999580383,-0.1188013106584549,0.6237494349479675,0.19862797856330872,-0.12858980894088745,0.6227226853370667,0.6482115983963013,-0.0669080838561058,0.634529709815979,0.598976194858551,-0.12525999546051025,0.6023048162460327,0.6918111443519592,-0.13730384409427643,0.5857750177383423,0.7540584802627563,-0.1268298178911209,0.6664779782295227,0.7266175746917725,-0.08417496830224991,0.6672595739364624,0.6871196031570435,-0.12728087604045868,0.6284806728363037,0.7443392872810364,-0.12731829285621643,0.6034135818481445,0.7891353964805603,-0.11633173376321793
0.571799099445343,0.9938074350357056,1.2002116136500263e-06,0.5044599175453186,0.9213449954986572,-0.05301356688141823,0.4840788245201111,0.7955347895622253,-0.07953615486621857,0.5700035691261292,0.7184578776359558,-0.10629835724830627,0.6524513363838196,0.692932665348053,-0.1301860362291336,0.48731839656829834,0.6040539145469666,-0.04851120337843895,0.4515560269355774,0.43653643131256104,-0.08874689042568207,0.43076077103614807,0.32865434885025024,-0.11255116015672684,0.4126347303390503,0.24017086625099182,-0.1275387853384018,0.5635521411895752,0.5982173085212708,-0.053927384316921234,0.5892597436904907,0.41538190841674805,-0.09480888396501541,0.60693359375,0.29659754037857056,-0.11836803704500198,0.623907208442688,0.19826951622962952,-0.1283150464296341,0.6228716373443604,0.6481331586837769,-0.06650269776582718,0.6347075700759888,0.5982810854911804,-0.12480758875608444,0.602409839630127,0.6914278864860535,-0.13697360455989838,0.5857168436050415,0.7541369795799255,-0.1266159564256668,0.666639506816864,0.7267050743103027,-0.08374325931072235,0.6676393151283264,0.6865642070770264,-0.12711592018604279,0.6289830207824707,0.7441853880882263,-0.12730064988136292,0.6038931608200073,0.7896417379379272,-0.11638230830430984
0.5719726085662842,0.9947250485420227,1.1851548151753377e-06,0.5029245018959045,0.9253693222999573,-0.05250116437673569,0.4807594120502472,0.8042370080947876,-0.07989946752786636,0.5636529922485352,0.7259342670440674,-0.10782971233129501,0.6434383988380432,0.691825807094574,-0.13282306492328644,0.4868735074996948,0.6053853631019592,-0.04725407809019089,0.4503841996192932,0.4383343756198883,-0.08682947605848312,0.42917296290397644,0.33103683590888977,-0.10962677747011185,0.41088882088661194,0.24297752976417542,-0.12366003543138504,0.562030553817749,0.5990774035453796,-0.05308205634355545,0.5845087766647339,0.41566264629364014,-0.0936499610543251,0.6007910966873169,0.2964112162590027,-0.1167302057147026,0.6168306469917297,0.19965198636054993,-0.12605226039886475,0.6213735342025757,0.6488141417503357,-0.06596103310585022,0.6298984885215759,0.6012518405914307,-0.12390395998954773,0.5979953408241272,0.6959883570671082,-0.1350792497396469,0.581839382648468,0.7597976922988892,-0.12408274412155151,0.665219247341156,0.7269588112831116,-0.08342859148979187,0.6610260605812073,0.693448543548584,-0.1266181766986847,0.6226444244384766,0.7550321817398071,-0.12584485113620758,0.5991473197937012,0.8019200563430786,-0.11402888596057892
0.5721887350082397,0.9938353896141052,1.1878743180204765e-06,0.5038719177246094,0.924625039100647,-0.053498487919569016,0.4811467230319977,0.8036997318267822,-0.08046188950538635,0.5637063384056091,0.724553108215332,-0.10753318667411804,0.6444560885429382,0.6907134652137756,-0.13147222995758057,0.485895037651062,0.6048452854156494,-0.04735006392002106,0.44995439052581787,0.43753737211227417,-0.08645276725292206,0.42899030447006226,0.3305162191390991,-0.10882441699504852,0.41117024421691895,0.24270710349082947,-0.12232327461242676,0.5614009499549866,0.5992069840431213,-0.052464403212070465,0.5839783549308777,0.41565048694610596,-0.09208507835865021,0.6002471446990967,0.29638728499412537,-0.11434429883956909,0.6169845461845398,0.2002439796924591,-0.12299783527851105,0.620725154876709,0.6498061418533325,-0.06487775593996048,0.6296977996826172,0.6036026477813721,-0.1226690486073494,0.597852349281311,0.6967014670372009,-0.13450968265533447,0.5823842287063599,0.7591550350189209,-0.12373679876327515,0.6640727519989014,0.728536069393158,-0.08189889043569565,0.6609842777252197,0.6936111450195312,-0.12466581910848618,0.6224333643913269,0.7530844807624817,-0.12409820407629013,0.5987731218338013,0.7988330125808716,-0.11246288567781448
0.5694738626480103,0.9953411817550659,1.1775538268921082e-06,0.5026010870933533,0.9276084899902344,-0.052623506635427475,0.47891736030578613,0.8038406372070312,-0.0782066360116005,0.5617294907569885,0.7227302193641663,-0.10379776358604431,0.644758403301239,0.6917992830276489,-0.1264996975660324,0.48526066541671753,0.6084147691726685,-0.04706228896975517,0.44809916615486145,0.43955129384994507,-0.08516208827495575,0.42681777477264404,0.3322961926460266,-0.10686244815587997,0.4082620441913605,0.2439655065536499,-0.12031581252813339,0.5596604943275452,0.6014796495437622,-0.05202258378267288,0.5821206569671631,0.4173990786075592,-0.09078868478536606,0.598520040512085,0.29854291677474976,-0.11259768158197403,0.6145355701446533,0.20347312092781067,-0.12105035781860352,0.6177127361297607,0.6505712866783142,-0.06407050788402557,0.6292345523834229,0.607196033000946,-0.12140672653913498,0.5966544151306152,0.7008385062217712,-0.13404393196105957,0.579670250415802,0.7646504640579224,-0.12405537813901901,0.6601892113685608,0.7280789613723755,-0.08068166673183441,0.6576200127601624,0.7020676732063293,-0.12526224553585052,0.6184248328208923,0.7652496099472046,-0.126910999417305,0.5938220024108887,0.8129831552505493,-0.11672833561897278
0.5711345076560974,0.9956220388412476,1.189213207908324e-06,0.5025017261505127,0.9271745681762695,-0.05470419302582741,0.47955501079559326,0.8031416535377502,-0.08071741461753845,0.5633347630500793,0.7246444225311279,-0.10614722967147827,0.6453605890274048,0.6965318918228149,-0.1282973736524582,0.48455169796943665,0.6068600416183472,-0.04884398356080055,0.44787025451660156,0.43877464532852173,-0.08786621689796448,0.42710059881210327,0.33133265376091003,-0.11019305139780045,0.4090377688407898,0.2427196204662323,-0.12395993620157242,0.5591923594474792,0.6012820601463318,-0.05334307998418808,0.5825544595718384,0.4175410270690918,-0.09275678545236588,0.5990391373634338,0.29861152172088623,-0.11480846256017685,0.6156144738197327,0.20236942172050476,-0.12338726967573166,0.6171950101852417,0.6508839130401611,-0.06534089893102646,0.631395697593689,0.6099973320960999,-0.12294705212116241,0.5982016921043396,0.7026180028915405,-0.1358427256345749,0.5806682109832764,0.7634590864181519,-0.1259663701057434,0.6596212387084961,0.7290909290313721,-0.08221430331468582,0.6607159972190857,0.7003108859062195,-0.12558038532733917,0.6215846538543701,0.7606834173202515,-0.12681885063648224,0.596187174320221,0.8052839636802673,-0.11672679334878922
0.5702000856399536,0.9963756799697876,1.1856370747409528e-06,0.5014498233795166,0.9254635572433472,-0.05339426547288895,0.4794478118419647,0.8005313277244568,-0.07905694842338562,0.5642455220222473,0.7227264642715454,-0.10491078346967697,0.6472371220588684,0.6950814127922058,-0.12814493477344513,0.4834306836128235,0.6093054413795471,-0.047491129487752914,0.4464086592197418,0.44094234704971313,-0.08717446774244308,0.42527639865875244,0.33299699425697327,-0.11008044332265854,0.40671542286872864,0.24428126215934753,-0.12418372184038162,0.5592451691627502,0.6029118895530701,-0.052916064858436584,0.5820798277854919,0.41903048753738403,-0.09320193529129028,0.5967549681663513,0.30020514130592346,-0.1159791499376297,0.6110215783119202,0.2034618854522705,-0.12497923523187637,0.6181444525718689,0.6530416011810303,-0.06571624428033829,0.6285858154296875,0.6032558679580688,-0.1254187524318695,0.5967189073562622,0.6978344321250916,-0.13870571553707123,0.5806188583374023,0.7611006498336792,-0.1285107135772705,0.6615638732910156,0.73325514793396,-0.08299653232097626,0.6610251665115356,0.6963672041893005,-0.12828592956066132,0.6224626898765564,0.7576872706413269,-0.12918440997600555,0.5979206562042236,0.805209219455719,-0.11832859367132187
0.5704298615455627,0.9952782988548279,1.1912143236258999e-06,0.501304566860199,0.9245469570159912,-0.0554889440536499,0.47943249344825745,0.8009769320487976,-0.08213260024785995,0.5652331113815308,0.7240065336227417,-0.10841643810272217,0.6480341553688049,0.6944462656974792,-0.13183599710464478,0.48265552520751953,0.6090859174728394,-0.04985567182302475,0.4461318254470825,0.44086208939552307,-0.09033654630184174,0.425079882144928,0.33268213272094727,-0.11393877118825912,0.40665945410728455,0.24379009008407593,-0.12850165367126465,0.5588622093200684,0.6030060052871704,-0.054441068321466446,0.5817949175834656,0.41901999711990356,-0.09508650004863739,0.5966490507125854,0.30023735761642456,-0.11823689192533493,0.6113581657409668,0.2027789056301117,-0.1276596635580063,0.6178656220436096,0.6533441543579102,-0.06660690903663635,0.6287438869476318,0.604398250579834,-0.12659452855587006,0.5969263911247253,0.6989561319351196,-0.1401136815547943,0.5807474851608276,0.7614472508430481,-0.1301470547914505,0.6615945100784302,0.7338774800300598,-0.08344169706106186,0.6619820594787598,0.695554792881012,-0.1287223845720291,0.6237295866012573,0.7559998631477356,-0.1297077238559723,0.5987405180931091,0.8027194738388062,-0.11904603242874146
0.5675476789474487,0.9917833805084229,1.180382355414622e-06,0.4985058009624481,0.9243309497833252,-0.05383160710334778,0.476268470287323,0.8009161949157715,-0.08051594346761703,0.561363697052002,0.7258122563362122,-0.10697147250175476,0.64316725730896,0.6952303647994995,-0.13057680428028107,0.48306983709335327,0.6074877977371216,-0.051663778722286224,0.4469658434391022,0.4398552179336548,-0.09219987690448761,0.4253990352153778,0.33242368698120117,-0.11524026840925217,0.4066131114959717,0.24362167716026306,-0.12964238226413727,0.5580302476882935,0.6016227006912231,-0.056779179722070694,0.5822579860687256,0.4186370372772217,-0.09779016673564911,0.5969972610473633,0.3009997606277466,-0.12075377255678177,0.6117693185806274,0.2034085988998413,-0.1304042637348175,0.615463137626648,0.6509637832641602,-0.06894184648990631,0.6271672248840332,0.6011720299720764,-0.12749935686588287,0.5943016409873962,0.6962777376174927,-0.13909611105918884,0.5775038003921509,0.758879542350769,-0.12872324883937836,0.6578567028045654,0.7291853427886963,-0.08583219349384308,0.6578260064125061,0.6957808136940002,-0.13008129596710205,0.6189794540405273,0.7560637593269348,-0.13049840927124023,0.59382563829422,0.8013541102409363,-0.11986855417490005
0.568695604801178,0.9931620359420776,1.224810944222554e-06,0.49931687116622925,0.9200165271759033,-0.05643155053257942,0.4806070923805237,0.7963128089904785,-0.0837152823805809,0.5666090250015259,0.72015380859375,-0.11023744195699692,0.6483317613601685,0.694019615650177,-0.13345025479793549,0.48358941078186035,0.6047843098640442,-0.05086522921919823,0.44884300231933594,0.43646132946014404,-0.0918784812092781,0.4287818372249603,0.3282959759235382,-0.11607738584280014,0.4109712541103363,0.23981702327728271,-0.13099002838134766,0.5598589777946472,0.6010493040084839,-0.055443454533815384,0.5834869146347046,0.4163869023323059,-0.09623029828071594,0.5984553694725037,0.2959558367729187,-0.11989206075668335,0.6135087013244629,0.19662067294120789,-0.12977664172649384,0.6181602478027344,0.6527386903762817,-0.06768222153186798,0.6322209239006042,0.5997805595397949,-0.1269315630197525,0.6003234386444092,0.6929373145103455,-0.13969913125038147,0.5831233263015747,0.7539036273956299,-0.12938673794269562,0.6612223982810974,0.7340613603591919,-0.08484464138746262,0.664983868598938,0.6919112801551819,-0.12921547889709473,0.626598060131073,0.7501417398452759,-0.12964871525764465,0.599712073802948,0.7948215007781982,-0.11869577318429947
0.5680649280548096,0.9954149723052979,1.20632194011705e-06,0.5011026263237,0.9233323335647583,-0.05658247694373131,0.4814748764038086,0.7994728088378906,-0.08326224237680435,0.5662940740585327,0.7216453552246094,-0.10930439084768295,0.6481784582138062,0.6932491660118103,-0.13210634887218475,0.4833903908729553,0.6071474552154541,-0.04929959401488304,0.4482194781303406,0.4374775290489197,-0.0890163853764534,0.4272082448005676,0.32914069294929504,-0.11241639405488968,0.40876731276512146,0.24077361822128296,-0.12664218246936798,0.5589545965194702,0.6023772358894348,-0.05332893505692482,0.5823364853858948,0.4179202914237976,-0.09331702440977097,0.5978286862373352,0.29763826727867126,-0.11700700223445892,0.6130383610725403,0.19937655329704285,-0.1267545521259308,0.6173988580703735,0.6524840593338013,-0.06504480540752411,0.6291114091873169,0.6027731895446777,-0.12447571754455566,0.5982078909873962,0.6974954605102539,-0.13811828196048737,0.5817701816558838,0.7603461146354675,-0.12795273959636688,0.6606491208076477,0.7315198183059692,-0.08158206194639206,0.6630055904388428,0.6870776414871216,-0.1255343109369278,0.6265929341316223,0.7469593286514282,-0.1255679577589035,0.6023399829864502,0.7952007055282593,-0.11417008191347122
0.5716165900230408,0.9886363744735718,1.1665027841445408e-06,0.5015254020690918,0.9191991686820984,-0.052519068121910095,0.47950732707977295,0.7926578521728516,-0.07730507105588913,0.5650701522827148,0.7155462503433228,-0.10184192657470703,0.64906245470047,0.6919189095497131,-0.12363611161708832,0.48617538809776306,0.6034614443778992,-0.048977918922901154,0.45116424560546875,0.43601828813552856,-0.08795014023780823,0.4307847023010254,0.32966992259025574,-0.11023136973381042,0.4131649136543274,0.24224141240119934,-0.12400874495506287,0.5613662004470825,0.5984973311424255,-0.05416715890169144,0.5865061283111572,0.4151710867881775,-0.09338764101266861,0.6005352735519409,0.29714784026145935,-0.11599056422710419,0.6151484847068787,0.19992482662200928,-0.12559184432029724,0.6183379292488098,0.647799015045166,-0.06632306426763535,0.6313467621803284,0.5914921164512634,-0.12311121076345444,0.5984454154968262,0.6838316917419434,-0.1348571479320526,0.5821358561515808,0.7457246780395508,-0.12471955269575119,0.6603685021400452,0.7251885533332825,-0.0830518901348114,0.6596981287002563,0.6845095157623291,-0.12469271570444107,0.6226861476898193,0.7420323491096497,-0.12393499165773392,0.600016176700592,0.7875280380249023,-0.11280892789363861
0.5697222948074341,0.988459050655365,1.181946004180645e-06,0.5002420544624329,0.9171948432922363,-0.05392082780599594,0.4797399044036865,0.7913081645965576,-0.07866619527339935,0.5661485195159912,0.714815616607666,-0.10275070369243622,0.6493451595306396,0.6905322074890137,-0.12363527715206146,0.4857821762561798,0.6022292971611023,-0.04861263930797577,0.4507877826690674,0.4355642795562744,-0.08776892721652985,0.4307650923728943,0.3289383351802826,-0.11022190004587173,0.4132060706615448,0.24111226201057434,-0.12393795698881149,0.5611585974693298,0.5969876646995544,-0.053102198988199234,0.5855523347854614,0.41463154554367065,-0.09205266088247299,0.6004371643066406,0.29653242230415344,-0.11404715478420258,0.6158488392829895,0.1999722719192505,-0.12282229959964752,0.6189841032028198,0.6461933851242065,-0.06494905799627304,0.6320499777793884,0.5983467698097229,-0.12160606682300568,0.5982733368873596,0.6914917230606079,-0.13323739171028137,0.5809251666069031,0.7519513964653015,-0.12262670695781708,0.6618952751159668,0.7242082953453064,-0.08163698762655258,0.6620573401451111,0.6883640885353088,-0.12312079966068268,0.6234955191612244,0.7465230822563171,-0.12246482819318771,0.5986619591712952,0.7908825278282166,-0.11116238683462143
0.5715729594230652,0.9888065457344055,1.1777379995692172e-06,0.50151127576828,0.9177423715591431,-0.054469846189022064,0.4805600047111511,0.7915751934051514,-0.07910164445638657,0.5668693780899048,0.7140218019485474,-0.10289298743009567,0.6502130031585693,0.6899211406707764,-0.12342707812786102,0.4867318272590637,0.6029436588287354,-0.04871606081724167,0.4507427215576172,0.43676626682281494,-0.0883142501115799,0.4300357401371002,0.32994890213012695,-0.11094912886619568,0.41162922978401184,0.24231699109077454,-0.12453377991914749,0.561713457107544,0.5977494120597839,-0.05301670357584953,0.5861893892288208,0.41451185941696167,-0.09235388040542603,0.6013001203536987,0.29658064246177673,-0.11395367234945297,0.6166471242904663,0.20102551579475403,-0.12197694927453995,0.6190378665924072,0.6471195816993713,-0.06482833623886108,0.6313356161117554,0.600221574306488,-0.12233834713697433,0.5980210900306702,0.693026065826416,-0.13396696746349335,0.5812138915061951,0.7531646490097046,-0.12281788885593414,0.6612496972084045,0.7253659963607788,-0.08147790282964706,0.6607581377029419,0.6899609565734863,-0.12331230193376541,0.623032808303833,0.7486501336097717,-0.12226361036300659,0.5990952849388123,0.7934103012084961,-0.11037485301494598
0.5694161057472229,0.9868382215499878,1.171358348983631e-06,0.49996939301490784,0.9160024523735046,-0.05127708986401558,0.47870174050331116,0.7879257202148438,-0.07519011944532394,0.5643989443778992,0.7127676010131836,-0.09909674525260925,0.6471804976463318,0.6903930306434631,-0.12021558731794357,0.48612087965011597,0.6025432348251343,-0.04785798862576485,0.4499182105064392,0.4346936345100403,-0.08609559386968613,0.42860183119773865,0.32785043120384216,-0.10733120888471603,0.4102816581726074,0.24013176560401917,-0.12027667462825775,0.5610643625259399,0.5977447032928467,-0.05321860313415527,0.5852768421173096,0.41516822576522827,-0.09206658601760864,0.5995765328407288,0.29670965671539307,-0.1138380914926529,0.6143888235092163,0.2000584900379181,-0.12250301241874695,0.6185322403907776,0.6472488641738892,-0.06545007973909378,0.6293949484825134,0.596351146697998,-0.12195262312889099,0.5962604284286499,0.6898741126060486,-0.13345429301261902,0.5798861980438232,0.752083957195282,-0.12286058068275452,0.6609994173049927,0.7244237661361694,-0.082198865711689,0.6595764756202698,0.6882014274597168,-0.12438543885946274,0.6217155456542969,0.7472830414772034,-0.12412013113498688,0.5985344648361206,0.7929868102073669,-0.11301460862159729
0.5704968571662903,0.9854089021682739,1.1770490573326242e-06,0.5001835823059082,0.9134275913238525,-0.05231060832738876,0.4792097508907318,0.7864507436752319,-0.07675284147262573,0.5655527114868164,0.7115479707717896,-0.10084081441164017,0.6487447023391724,0.690807044506073,-0.1218300461769104,0.48624297976493835,0.6019352078437805,-0.04869052767753601,0.4500006139278412,0.4351043403148651,-0.08786652237176895,0.4288255572319031,0.32780787348747253,-0.11013158410787582,0.41036975383758545,0.239679753780365,-0.1237596645951271,0.5619201064109802,0.597466766834259,-0.05389244854450226,0.5860158801078796,0.414451003074646,-0.09275689721107483,0.6000460982322693,0.29525190591812134,-0.11441616714000702,0.614465594291687,0.19786173105239868,-0.12313264608383179,0.6197013854980469,0.6471993923187256,-0.06622922420501709,0.631824791431427,0.5954700112342834,-0.12277930229902267,0.5979735255241394,0.6881102323532104,-0.13407817482948303,0.5807057619094849,0.7496973276138306,-0.1233108639717102,0.662513017654419,0.7254729866981506,-0.08322980999946594,0.6625838279724121,0.6872735619544983,-0.12500403821468353,0.6241915822029114,0.7445760369300842,-0.12438672035932541,0.5994688272476196,0.7893003225326538,-0.11313710361719131
0.5663639903068542,0.9913939833641052,1.1677167321977322e-06,0.4994218945503235,0.9206435680389404,-0.05108068883419037,0.4800148606300354,0.7950528860092163,-0.0753571167588234,0.5646814703941345,0.7155624032020569,-0.10019298642873764,0.6455173492431641,0.6881561279296875,-0.12246832996606827,0.48413094878196716,0.6052160263061523,-0.04351238161325455,0.44838768243789673,0.43737220764160156,-0.08078745007514954,0.4280145764350891,0.3304707109928131,-0.1023830771446228,0.40965884923934937,0.24277684092521667,-0.11562775820493698,0.5580357313156128,0.600593626499176,-0.049295902252197266,0.5814791321754456,0.4173131287097931,-0.08761344105005264,0.5968360304832458,0.2987108528614044,-0.10942698270082474,0.6112698316574097,0.2035306692123413,-0.11778365820646286,0.6157190799713135,0.6506614685058594,-0.06214665248990059,0.6268419027328491,0.5978549122810364,-0.1190529614686966,0.5953182578086853,0.6900785565376282,-0.1303497701883316,0.5785109400749207,0.7526697516441345,-0.11928213387727737,0.6583591103553772,0.7290471196174622,-0.07941386848688126,0.6582342386245728,0.6868111491203308,-0.1219395250082016,0.6206404566764832,0.7485763430595398,-0.12050347030162811,0.596686840057373,0.79712975025177,-0.1082407534122467
0.5673878192901611,0.9882926940917969,1.1521167380124098e-06,0.49959465861320496,0.9203823804855347,-0.05258598178625107,0.47813957929611206,0.7945464849472046,-0.07728923857212067,0.5625981092453003,0.7155010104179382,-0.10197489708662033,0.6458463668823242,0.6919195055961609,-0.12374942749738693,0.48433682322502136,0.6054457426071167,-0.04728417843580246,0.4486751854419708,0.4370947778224945,-0.08554335683584213,0.42843106389045715,0.3305015563964844,-0.1071978360414505,0.40999317169189453,0.24251136183738708,-0.12049279361963272,0.5586479902267456,0.5993995070457458,-0.0523226372897625,0.5828455090522766,0.41572827100753784,-0.09120010584592819,0.5968244075775146,0.29766973853111267,-0.11295882612466812,0.6096037030220032,0.20132160186767578,-0.12156592309474945,0.6154191493988037,0.6475523710250854,-0.06447315961122513,0.6283999681472778,0.5932941436767578,-0.12162703275680542,0.5972006916999817,0.6871113181114197,-0.1331266313791275,0.5803341865539551,0.7504891753196716,-0.12224721163511276,0.6575602889060974,0.7237167358398438,-0.08123265206813812,0.6585640907287598,0.6843137145042419,-0.12344536185264587,0.6212436556816101,0.74439936876297,-0.12297727167606354,0.597046971321106,0.791729748249054,-0.11174269765615463
0.5668535232543945,0.9942172765731812,1.1579198826439097e-06,0.49920111894607544,0.9225785732269287,-0.05133070796728134,0.47904855012893677,0.7947316765785217,-0.07604729384183884,0.5632551908493042,0.7159733772277832,-0.10125703364610672,0.6435528993606567,0.689418613910675,-0.12380851805210114,0.4819892942905426,0.6069972515106201,-0.044010695070028305,0.44625532627105713,0.4380200207233429,-0.08254300802946091,0.4256669878959656,0.33039191365242004,-0.1047067642211914,0.40644270181655884,0.24293315410614014,-0.1180199459195137,0.5557464957237244,0.6022480130195618,-0.04995080828666687,0.5781024098396301,0.41731107234954834,-0.08938845992088318,0.5920551419258118,0.2995993494987488,-0.11116231232881546,0.6046804785728455,0.20515725016593933,-0.11912661790847778,0.6140599250793457,0.6512426137924194,-0.0630875825881958,0.6253787875175476,0.598368763923645,-0.12102119624614716,0.5938712358474731,0.6925196051597595,-0.13178740441799164,0.577176570892334,0.7551966309547424,-0.11993174999952316,0.6573822498321533,0.7285357713699341,-0.08063889294862747,0.6565340161323547,0.6863992214202881,-0.12284256517887115,0.6193699240684509,0.749993085861206,-0.12049383670091629,0.5965296030044556,0.7980281710624695,-0.10753808170557022
0.5677652955055237,0.9922333359718323,1.1676092981360853e-06,0.4992581009864807,0.9200339317321777,-0.05184224247932434,0.47998446226119995,0.7929580211639404,-0.07697970420122147,0.5643593668937683,0.7172451615333557,-0.10236470401287079,0.6445814371109009,0.6915237307548523,-0.1251833289861679,0.48159587383270264,0.6044570207595825,-0.04507375881075859,0.4468350410461426,0.4367539882659912,-0.08323298394680023,0.4265829920768738,0.329760879278183,-0.10536281019449234,0.4081936776638031,0.24232891201972961,-0.11887902021408081,0.5553640127182007,0.6007558703422546,-0.05083960294723511,0.5778689384460449,0.41636356711387634,-0.0894835889339447,0.5912542939186096,0.2995670735836029,-0.11156883090734482,0.6040523052215576,0.20467379689216614,-0.12039292603731155,0.6133304834365845,0.6503585577011108,-0.06375114619731903,0.6250697374343872,0.5944306254386902,-0.12106312811374664,0.5942846536636353,0.6883145570755005,-0.1326279640197754,0.5785320997238159,0.7512850761413574,-0.12190911918878555,0.6566388010978699,0.7277193069458008,-0.08107507973909378,0.6564508080482483,0.683577299118042,-0.12253820896148682,0.6203436851501465,0.746477484703064,-0.12048397213220596,0.5982524752616882,0.7944017648696899,-0.10833901911973953
0.5665391087532043,0.9885052442550659,1.1478250598884188e-06,0.4981868863105774,0.915453314781189,-0.05446348711848259,0.47845616936683655,0.7918950319290161,-0.08085984736680984,0.5639064908027649,0.7171226739883423,-0.10672187060117722,0.6458497643470764,0.6897969245910645,-0.12971824407577515,0.4812621772289276,0.603886067867279,-0.04894443601369858,0.4466838240623474,0.4369242191314697,-0.08851145207881927,0.4263157844543457,0.3307729959487915,-0.11210280656814575,0.4078604578971863,0.24315541982650757,-0.12693685293197632,0.5561809539794922,0.5991606116294861,-0.05409432575106621,0.5757741332054138,0.4145699143409729,-0.09302773326635361,0.5874107480049133,0.2980060875415802,-0.1163928285241127,0.5998932719230652,0.20105335116386414,-0.12680655717849731,0.6151497960090637,0.6486012935638428,-0.0666123777627945,0.6264958381652832,0.591450035572052,-0.12426558881998062,0.5947186946868896,0.6834383606910706,-0.1378488689661026,0.5784738659858704,0.7428451776504517,-0.1291254162788391,0.6596747636795044,0.7273873686790466,-0.08377082645893097,0.659022867679596,0.6837822198867798,-0.1267016977071762,0.621533989906311,0.741699755191803,-0.12728352844715118,0.5974103808403015,0.7851308584213257,-0.11735599488019943
0.5725297927856445,0.9898563623428345,1.1576451015571365e-06,0.502230167388916,0.9198721647262573,-0.05515306442975998,0.47942256927490234,0.7939744591712952,-0.07985711097717285,0.5649715662002563,0.7147828936576843,-0.10363070666790009,0.6486256122589111,0.690112292766571,-0.12400297820568085,0.48277753591537476,0.6035061478614807,-0.04726337268948555,0.44664284586906433,0.4369618892669678,-0.08562567085027695,0.42614954710006714,0.3303299844264984,-0.1077914834022522,0.4077272415161133,0.24257495999336243,-0.12138289958238602,0.5580494403839111,0.5972743630409241,-0.050801124423742294,0.5787363648414612,0.415793240070343,-0.08871471881866455,0.591895341873169,0.297641783952713,-0.10935791581869125,0.60495525598526,0.2011667788028717,-0.1171618103981018,0.6167526841163635,0.6458097100257874,-0.06214185059070587,0.6310151219367981,0.6016190052032471,-0.11928961426019669,0.5984690189361572,0.694989800453186,-0.13146047294139862,0.5809862017631531,0.7556077837944031,-0.12089525908231735,0.6600508093833923,0.7238188982009888,-0.0783739760518074,0.6615152955055237,0.6897252202033997,-0.1214049756526947,0.6226049661636353,0.7495037317276001,-0.12202967703342438,0.5965110659599304,0.7943934798240662,-0.11143047362565994
0.5678144693374634,0.9912510514259338,1.1573802112252451e-06,0.4995421767234802,0.9194419384002686,-0.05200505256652832,0.47904273867607117,0.7930472493171692,-0.07539375871419907,0.5648361444473267,0.7169753313064575,-0.09838896244764328,0.6467723846435547,0.6908826231956482,-0.11841411143541336,0.48291298747062683,0.6035203337669373,-0.04495237022638321,0.4469979405403137,0.4365991950035095,-0.08125098049640656,0.4263632297515869,0.3302794098854065,-0.10167265683412552,0.4076150059700012,0.2425820529460907,-0.1141703724861145,0.5575082302093506,0.5973379015922546,-0.04933096840977669,0.5784286856651306,0.4166908264160156,-0.08611320704221725,0.5906158685684204,0.2986074686050415,-0.10678333789110184,0.602604866027832,0.20258879661560059,-0.11473701894283295,0.6163314580917358,0.6457207202911377,-0.060934748500585556,0.6294719576835632,0.6005120873451233,-0.11676307767629623,0.5979257225990295,0.6933884620666504,-0.12952464818954468,0.5810474753379822,0.75432288646698,-0.11981456726789474,0.6601043939590454,0.7220319509506226,-0.07704722881317139,0.6599571704864502,0.6903099417686462,-0.11965522915124893,0.6211115121841431,0.750598132610321,-0.12086556106805801,0.5959071516990662,0.7956013083457947,-0.11079724133014679
0.5688905715942383,0.9892697334289551,1.1592256896619801e-06,0.49993735551834106,0.9175443053245544,-0.05194847658276558,0.4783065617084503,0.7940852046012878,-0.07819979637861252,0.562421441078186,0.7202045917510986,-0.10467919707298279,0.6440538763999939,0.6931810975074768,-0.12819823622703552,0.4843786954879761,0.6029077768325806,-0.047879986464977264,0.4497379958629608,0.43676063418388367,-0.08783506602048874,0.4294741153717041,0.32997629046440125,-0.11156373471021652,0.41087228059768677,0.24203845858573914,-0.1265791952610016,0.5597643852233887,0.5982056260108948,-0.05402672663331032,0.5813941955566406,0.4156169891357422,-0.09387373924255371,0.5941469669342041,0.297556608915329,-0.11681172996759415,0.6074041724205017,0.2002784013748169,-0.12686273455619812,0.6186956167221069,0.6484569907188416,-0.06728614866733551,0.629919707775116,0.5958588123321533,-0.12380719929933548,0.5968541502952576,0.6878089308738708,-0.13461880385875702,0.5802756547927856,0.7493463754653931,-0.1242249384522438,0.6621593236923218,0.7272054553031921,-0.08526179939508438,0.661380410194397,0.6871482729911804,-0.1272905468940735,0.6228199005126953,0.7451202273368835,-0.126412034034729,0.5986405611038208,0.7900556921958923,-0.11530749499797821
0.5686133503913879,0.9919061064720154,1.1558928463273332e-06,0.499778151512146,0.9191941022872925,-0.05353321507573128,0.48051387071609497,0.7954654097557068,-0.07911819219589233,0.565240204334259,0.7202496528625488,-0.10456657409667969,0.6448895931243896,0.6899245977401733,-0.12703193724155426,0.4840722382068634,0.6041110754013062,-0.04617566987872124,0.4493781328201294,0.4374387264251709,-0.08548453450202942,0.4291744828224182,0.329904168844223,-0.10879401862621307,0.41036465764045715,0.24172347784042358,-0.12317701429128647,0.5587894320487976,0.5987625122070312,-0.05127595365047455,0.5800212621688843,0.4150816798210144,-0.09046462178230286,0.5936652421951294,0.2985292375087738,-0.1128908321261406,0.6075369119644165,0.20332366228103638,-0.12191882729530334,0.6175389885902405,0.6487447023391724,-0.0638299509882927,0.6288435459136963,0.5976089239120483,-0.12109366059303284,0.596778392791748,0.6901108622550964,-0.13253627717494965,0.5804188251495361,0.750706672668457,-0.12172369658946991,0.6608203649520874,0.7277854681015015,-0.08110864460468292,0.6615556478500366,0.6860124468803406,-0.12318047881126404,0.6242249011993408,0.7454414367675781,-0.12191411107778549,0.600398600101471,0.7907146215438843,-0.1100807785987854
0.5694164037704468,0.9907974004745483,1.1534561963344458e-06,0.4999256134033203,0.9188724756240845,-0.0523579940199852,0.4788537919521332,0.795523464679718,-0.07789820432662964,0.5629842281341553,0.7212315201759338,-0.10366736352443695,0.6432181596755981,0.692348062992096,-0.12661112844944,0.48404258489608765,0.6021686792373657,-0.04531053453683853,0.44935908913612366,0.43644165992736816,-0.08398453891277313,0.4291713833808899,0.3295425772666931,-0.10675880312919617,0.4107104241847992,0.2417868971824646,-0.12089262157678604,0.558795690536499,0.596920371055603,-0.05085918307304382,0.5799806118011475,0.41421061754226685,-0.08957788348197937,0.5933229923248291,0.29775679111480713,-0.11171545833349228,0.6072385907173157,0.2028178870677948,-0.12080525606870651,0.617669939994812,0.6469355225563049,-0.06376361101865768,0.6284365653991699,0.5955885052680969,-0.12037225067615509,0.5965808629989624,0.6877848505973816,-0.13194683194160461,0.5808115005493164,0.7487914562225342,-0.12157399207353592,0.6610798835754395,0.7252452373504639,-0.08129768818616867,0.6605273485183716,0.6847385764122009,-0.12290620803833008,0.6233056783676147,0.7441012859344482,-0.12195493280887604,0.6005065441131592,0.7893124222755432,-0.11062732338905334
0.5667584538459778,0.9934865236282349,1.163135607384902e-06,0.5004421472549438,0.9224603176116943,-0.05011292174458504,0.47787749767303467,0.7982256412506104,-0.0757126733660698,0.5614289045333862,0.7214014530181885,-0.10216359794139862,0.6437684297561646,0.6967359185218811,-0.126047283411026,0.4842075705528259,0.6065424084663391,-0.04575434699654579,0.44916027784347534,0.44002091884613037,-0.08526233583688736,0.428920179605484,0.333508163690567,-0.10858742147684097,0.4100552201271057,0.2457849681377411,-0.12322095036506653,0.5589752793312073,0.6016861200332642,-0.052978675812482834,0.5819542407989502,0.4169967472553253,-0.09306322783231735,0.5966729521751404,0.2978726029396057,-0.11589154601097107,0.6108733415603638,0.20061635971069336,-0.1252148449420929,0.6179958581924438,0.6524748802185059,-0.0670492947101593,0.6255515217781067,0.5998130440711975,-0.12421875447034836,0.5938915014266968,0.6923919916152954,-0.13444171845912933,0.5789953470230103,0.7536770105361938,-0.12298399209976196,0.661532461643219,0.7320329546928406,-0.08558505028486252,0.6583235859870911,0.6906462907791138,-0.12767931818962097,0.6209070682525635,0.7514547109603882,-0.12533101439476013,0.5994622111320496,0.7979539632797241,-0.1127309799194336
0.5687637329101562,0.9990077018737793,1.1994444548690808e-06,0.5000365376472473,0.928144097328186,-0.05277556926012039,0.47747063636779785,0.8066396713256836,-0.08022189140319824,0.5614893436431885,0.7297471761703491,-0.10781139880418777,0.64406818151474,0.7006051540374756,-0.1326233148574829,0.4811770021915436,0.615123987197876,-0.05049449950456619,0.44568711519241333,0.4455755949020386,-0.09129972755908966,0.4248642325401306,0.3372137248516083,-0.11542841047048569,0.4060038924217224,0.24752315878868103,-0.13036198914051056,0.556620717048645,0.6095786690711975,-0.056376565247774124,0.5801675319671631,0.4240948557853699,-0.09657709300518036,0.5937713384628296,0.3032602071762085,-0.1193462684750557,0.6064541935920715,0.20319819450378418,-0.1289638727903366,0.6156938672065735,0.6586822271347046,-0.06926586478948593,0.6262328624725342,0.6053282022476196,-0.12682917714118958,0.5946292281150818,0.697644829750061,-0.1378372609615326,0.5788233876228333,0.7601735591888428,-0.12699009478092194,0.6597115993499756,0.7369200587272644,-0.08678494393825531,0.65961754322052,0.6945899724960327,-0.1292123794555664,0.6221460103988647,0.7531657814979553,-0.12765461206436157,0.5984277725219727,0.7995095252990723,-0.1156645119190216
0.5681073665618896,0.9985241889953613,1.1975088227700326e-06,0.4998622238636017,0.9273443222045898,-0.05178680270910263,0.4780239760875702,0.8049882054328918,-0.07846145331859589,0.5621630549430847,0.7286083698272705,-0.10541800409555435,0.6440197229385376,0.6998450756072998,-0.12976987659931183,0.4810170531272888,0.614997923374176,-0.04963389039039612,0.4458135962486267,0.44508588314056396,-0.0898667424917221,0.42537155747413635,0.33677127957344055,-0.11344962567090988,0.4064520299434662,0.2471156120300293,-0.12804293632507324,0.5567550659179688,0.609252393245697,-0.05565110966563225,0.5806703567504883,0.4242534041404724,-0.09539849311113358,0.5942965745925903,0.3033421039581299,-0.11786037683486938,0.6063595414161682,0.20318472385406494,-0.12730847299098969,0.6159464120864868,0.6580350995063782,-0.06854429841041565,0.6261707544326782,0.6032090783119202,-0.12559203803539276,0.5948132872581482,0.6959213018417358,-0.13644841313362122,0.578834593296051,0.7586764693260193,-0.12564727663993835,0.6600515842437744,0.7357132434844971,-0.08597006648778915,0.6592815518379211,0.6948258876800537,-0.1284535825252533,0.6219390630722046,0.754825234413147,-0.12707765400409698,0.598529577255249,0.8018153309822083,-0.11519960314035416
0.5652725100517273,0.997472882270813,1.1876115877385018e-06,0.4973486065864563,0.9257364273071289,-0.05200248584151268,0.47624439001083374,0.804081916809082,-0.0786627009510994,0.5602335929870605,0.7290440201759338,-0.10531486570835114,0.6426085233688354,0.7014459371566772,-0.128849059343338,0.4810193181037903,0.6146062612533569,-0.04938680678606033,0.4442867040634155,0.445459246635437,-0.08887366205453873,0.42285969853401184,0.3377445638179779,-0.11150287091732025,0.40345335006713867,0.24832305312156677,-0.1251789778470993,0.55582195520401,0.6091345548629761,-0.05470043048262596,0.5788471102714539,0.42604196071624756,-0.09426142275333405,0.5929473638534546,0.30579569935798645,-0.11585530638694763,0.6065395474433899,0.2071237862110138,-0.12427248805761337,0.6150988936424255,0.6568474769592285,-0.06691610813140869,0.6264939904212952,0.6131359338760376,-0.12299713492393494,0.594584584236145,0.7059677243232727,-0.1325451135635376,0.5779172778129578,0.7674363851547241,-0.1205054372549057,0.6596935987472534,0.7319931983947754,-0.08386711031198502,0.6612843871116638,0.6938336491584778,-0.12390479445457458,0.6248399615287781,0.7538758516311646,-0.12062687426805496,0.6015958189964294,0.8004032373428345,-0.10746494680643082
0.5650473833084106,0.9965816736221313,1.1675855375870015e-06,0.49836474657058716,0.9280563592910767,-0.05168849602341652,0.4745449721813202,0.8067572712898254,-0.078486867249012,0.5582313537597656,0.7312703132629395,-0.10527702420949936,0.6405919790267944,0.7040388584136963,-0.1290351301431656,0.4811270833015442,0.6154771447181702,-0.05144888162612915,0.4444836378097534,0.4462167024612427,-0.09153963625431061,0.4229382276535034,0.33904701471328735,-0.11476791650056839,0.40356025099754333,0.24988174438476562,-0.12948456406593323,0.5562971234321594,0.6103492975234985,-0.05757274851202965,0.5781881809234619,0.42563897371292114,-0.09808392077684402,0.5923466086387634,0.3054642379283905,-0.12101075053215027,0.6064160466194153,0.20510756969451904,-0.13108302652835846,0.6154585480690002,0.6593159437179565,-0.07028161734342575,0.625679075717926,0.608156144618988,-0.12719443440437317,0.5938178896903992,0.7012033462524414,-0.13682278990745544,0.5774949789047241,0.7619674801826477,-0.1256200224161148,0.6601336598396301,0.7365524172782898,-0.0876397043466568,0.6597023606300354,0.6954783201217651,-0.12994302809238434,0.6224943399429321,0.7548448443412781,-0.12791356444358826,0.5993933081626892,0.800002932548523,-0.1159084141254425
0.5676249265670776,0.9966263771057129,1.182827304546663e-06,0.500238299369812,0.927972674369812,-0.05362311378121376,0.4761619567871094,0.8074649572372437,-0.08078913390636444,0.5588339567184448,0.7314016222953796,-0.10753346234560013,0.6406832933425903,0.7038596272468567,-0.13107948005199432,0.4804171919822693,0.6148078441619873,-0.051624804735183716,0.4438684284687042,0.4456269145011902,-0.09172733128070831,0.4226432144641876,0.33842307329177856,-0.11521503329277039,0.40359416604042053,0.24949976801872253,-0.1299585998058319,0.5555660128593445,0.6101149320602417,-0.056861478835344315,0.577893853187561,0.4257930517196655,-0.09717264771461487,0.5925809144973755,0.3056226074695587,-0.12021173536777496,0.6068782806396484,0.20494583249092102,-0.13017341494560242,0.6144506931304932,0.659442663192749,-0.06901220232248306,0.6242550611495972,0.6102655529975891,-0.12634380161762238,0.5929052829742432,0.7025242447853088,-0.13682204484939575,0.5768734812736511,0.7617024779319763,-0.12585574388504028,0.6586664915084839,0.7368638515472412,-0.08593299984931946,0.6592826843261719,0.6946422457695007,-0.12829844653606415,0.6232051849365234,0.7537590265274048,-0.12648852169513702,0.6006507277488708,0.7982772588729858,-0.11451688408851624
0.5649334192276001,0.9958672523498535,1.181114157589036e-06,0.49818891286849976,0.9286148548126221,-0.051350049674510956,0.4739125072956085,0.807981014251709,-0.07838772982358932,0.5558931231498718,0.731742262840271,-0.10558242350816727,0.6383979320526123,0.7033513784408569,-0.12983205914497375,0.47944268584251404,0.614783525466919,-0.05159589275717735,0.44358599185943604,0.4452977776527405,-0.09210003912448883,0.4222586154937744,0.3378294110298157,-0.11508416384458542,0.402628630399704,0.2487185299396515,-0.12926024198532104,0.5549353957176208,0.6097008585929871,-0.05775656923651695,0.578671932220459,0.42522358894348145,-0.09870629757642746,0.5922842025756836,0.30477142333984375,-0.12124201655387878,0.604925274848938,0.20459815859794617,-0.13054464757442474,0.6145286560058594,0.6582769155502319,-0.07046472281217575,0.6250792741775513,0.6094247698783875,-0.12781491875648499,0.5930740833282471,0.7030978202819824,-0.1373274028301239,0.576414167881012,0.7636657357215881,-0.12555424869060516,0.6592862010002136,0.7347561717033386,-0.087754987180233,0.6592299342155457,0.6970260143280029,-0.13004416227340698,0.6217847466468811,0.7573441863059998,-0.12791433930397034,0.5983993411064148,0.8022722601890564,-0.11551682651042938
0.5658504962921143,0.9982724189758301,1.1778864745792816e-06,0.4975498914718628,0.9295032024383545,-0.05453506112098694,0.47440096735954285,0.807399570941925,-0.0817827507853508,0.5588228106498718,0.7304481267929077,-0.10847418010234833,0.6422601938247681,0.705160915851593,-0.1319098174571991,0.4807441830635071,0.6154738068580627,-0.05269501730799675,0.44488760828971863,0.44670599699020386,-0.0939420834183693,0.4235153794288635,0.3386493921279907,-0.11832971125841141,0.4044632315635681,0.248934805393219,-0.1337503343820572,0.5563740134239197,0.6097437739372253,-0.05792095139622688,0.578575849533081,0.42642539739608765,-0.0988069623708725,0.5919837355613708,0.3067097067832947,-0.12190273404121399,0.6055576205253601,0.20717984437942505,-0.13184857368469238,0.615472674369812,0.658759593963623,-0.07032764703035355,0.6268230080604553,0.6114498972892761,-0.127999410033226,0.5939615368843079,0.7035166621208191,-0.13908635079860687,0.5772007703781128,0.7640792727470398,-0.1284901201725006,0.6595847606658936,0.73722243309021,-0.08771957457065582,0.6597702503204346,0.6999339461326599,-0.13067059218883514,0.6209888458251953,0.7568638324737549,-0.130328968167305,0.5959268808364868,0.8004446029663086,-0.11935529857873917
0.5661249160766602,1.0002576112747192,1.1864447060361272e-06,0.4973143935203552,0.9301508069038391,-0.054288048297166824,0.47483816742897034,0.8055452704429626,-0.0808233842253685,0.5606589913368225,0.7289877533912659,-0.10679221898317337,0.6444096565246582,0.7055068016052246,-0.12953515350818634,0.48085540533065796,0.6166726350784302,-0.0516502670943737,0.4451909065246582,0.44703322649002075,-0.09212777763605118,0.42361584305763245,0.33889034390449524,-0.11591555178165436,0.4042513966560364,0.2487279176712036,-0.13097824156284332,0.5563859343528748,0.6107320785522461,-0.0566420815885067,0.578567624092102,0.4268859028816223,-0.09692510217428207,0.5922360420227051,0.3064763844013214,-0.11963585764169693,0.6059331297874451,0.2066318392753601,-0.12928031384944916,0.6154775023460388,0.6593658924102783,-0.0688263401389122,0.6261581182479858,0.6117451786994934,-0.1262573003768921,0.5938739776611328,0.7043279409408569,-0.13732482492923737,0.5775509476661682,0.7649600505828857,-0.12656933069229126,0.6598058938980103,0.7368416786193848,-0.0859706848859787,0.6598538160324097,0.6988852620124817,-0.12878479063510895,0.6217717528343201,0.7565271258354187,-0.12840409576892853,0.5976830124855042,0.7999738454818726,-0.11736246943473816
0.5691637396812439,0.9992270469665527,1.214224084833404e-06,0.49929243326187134,0.9309215545654297,-0.05692262202501297,0.4773406386375427,0.8087577819824219,-0.0852995365858078,0.5623106956481934,0.7308136820793152,-0.11266037821769714,0.6450991630554199,0.7015073299407959,-0.1366611272096634,0.48047778010368347,0.617156445980072,-0.05504431575536728,0.4447959363460541,0.44739627838134766,-0.09771212190389633,0.4232112169265747,0.3383899927139282,-0.12267684191465378,0.40348440408706665,0.24831658601760864,-0.13800810277462006,0.5558278560638428,0.6108225584030151,-0.05936601758003235,0.5792871713638306,0.4232914447784424,-0.10164962708950043,0.5938868522644043,0.3022950291633606,-0.12488845735788345,0.6076297760009766,0.20206713676452637,-0.13433952629566193,0.6147276163101196,0.6589269042015076,-0.07114054262638092,0.6282150149345398,0.6088035702705383,-0.13112372159957886,0.5963270664215088,0.7031149864196777,-0.14248262345790863,0.5791112780570984,0.7652285695075989,-0.13104228675365448,0.6587910056114197,0.7361786961555481,-0.08791104704141617,0.6611295342445374,0.6955525279045105,-0.1318802833557129,0.6231757402420044,0.7544235587120056,-0.13098399341106415,0.5971078872680664,0.7999154925346375,-0.11910517513751984
0.5684510469436646,1.0003873109817505,1.2027004459014279e-06,0.49825403094291687,0.9323093891143799,-0.05247939005494118,0.47459113597869873,0.8106435537338257,-0.0796612799167633,0.5570321679115295,0.7329064607620239,-0.10708555579185486,0.6385656595230103,0.7002773284912109,-0.13174360990524292,0.48056578636169434,0.6166561245918274,-0.050360433757305145,0.444963276386261,0.4473469853401184,-0.09101147949695587,0.4242243766784668,0.3388541042804718,-0.11417052894830704,0.4056645631790161,0.24902290105819702,-0.12810030579566956,0.5561865568161011,0.6106069087982178,-0.05618775635957718,0.5800580382347107,0.4239077568054199,-0.09696624428033829,0.5937297940254211,0.30206790566444397,-0.11949564516544342,0.6066235899925232,0.20307394862174988,-0.12838958203792572,0.6160433888435364,0.6585767865180969,-0.06895682960748672,0.6269661784172058,0.6104399561882019,-0.12678520381450653,0.5952411890029907,0.7036263346672058,-0.13765665888786316,0.5791836380958557,0.766153872013092,-0.12634435296058655,0.6605348587036133,0.7345597147941589,-0.08631470054388046,0.659450113773346,0.6982245445251465,-0.12822319567203522,0.6208470463752747,0.7599478363990784,-0.12626628577709198,0.5963567495346069,0.807274580001831,-0.11385521292686462
0.5697312951087952,0.9964725375175476,1.1894710496562766e-06,0.50126051902771,0.9268877506256104,-0.05438493937253952,0.4796420931816101,0.8044810891151428,-0.08234697580337524,0.5654474496841431,0.7267206907272339,-0.10996531695127487,0.6488008499145508,0.6966990828514099,-0.1345101147890091,0.48404359817504883,0.6146069765090942,-0.05286644399166107,0.4481009840965271,0.4455609917640686,-0.09461609274148941,0.42673763632774353,0.3368736207485199,-0.11906259506940842,0.40768736600875854,0.24691808223724365,-0.13436639308929443,0.5591942667961121,0.6074076294898987,-0.057721953839063644,0.582131564617157,0.42359811067581177,-0.09921577572822571,0.5963770151138306,0.3046512305736542,-0.12214033305644989,0.6102873086929321,0.20526215434074402,-0.13170959055423737,0.6177991032600403,0.6557276844978333,-0.06961318850517273,0.6295241117477417,0.6052117943763733,-0.12803563475608826,0.597132682800293,0.6998119354248047,-0.13825605809688568,0.5807592272758484,0.7621102929115295,-0.12673728168010712,0.6615597605705261,0.7336769700050354,-0.08634568005800247,0.6613879799842834,0.6970652937889099,-0.13026124238967896,0.6229299306869507,0.7559835910797119,-0.12954847514629364,0.5986347198486328,0.8005083799362183,-0.11785462498664856
0.5675529837608337,0.9967658519744873,1.204360046358488e-06,0.5005213022232056,0.9289371967315674,-0.05302509292960167,0.4760390520095825,0.8090111017227173,-0.08171191811561584,0.558796763420105,0.7330741882324219,-0.11021667718887329,0.6424207091331482,0.7051965594291687,-0.13555718958377838,0.4827122390270233,0.6164894104003906,-0.05506984516978264,0.4466690719127655,0.44749292731285095,-0.09732718765735626,0.4250409007072449,0.3387047052383423,-0.12242273986339569,0.4051140546798706,0.24793732166290283,-0.13849566876888275,0.5575981140136719,0.6102115511894226,-0.06079520657658577,0.5818731784820557,0.42599207162857056,-0.10250349342823029,0.5967099070549011,0.30514997243881226,-0.12543483078479767,0.6105899214744568,0.20319318771362305,-0.13560201227664948,0.6163222789764404,0.6579511761665344,-0.07322075963020325,0.6281484961509705,0.6122919917106628,-0.1294829547405243,0.5951828360557556,0.7054033279418945,-0.1379135400056839,0.5776653289794922,0.7663605809211731,-0.12622863054275513,0.6605963706970215,0.7346324920654297,-0.09069930762052536,0.6621085405349731,0.6985357999801636,-0.13202650845050812,0.6241220235824585,0.7559537291526794,-0.1296788901090622,0.5993912816047668,0.7993111610412598,-0.11767548322677612
0.5709906220436096,0.9979062080383301,1.205957232741639e-06,0.5024030804634094,0.9293966293334961,-0.05446658283472061,0.4792153835296631,0.8106794357299805,-0.08329198509454727,0.5626068115234375,0.7331934571266174,-0.1116471216082573,0.6460594534873962,0.7023735642433167,-0.13673697412014008,0.4839206337928772,0.6181347966194153,-0.05428115651011467,0.446614146232605,0.44876256585121155,-0.09632303565740585,0.42506569623947144,0.3392956554889679,-0.1212882325053215,0.4060920476913452,0.24853584170341492,-0.13694694638252258,0.5596931576728821,0.6109200119972229,-0.059139300137758255,0.5821053981781006,0.425323486328125,-0.09992442280054092,0.5973941683769226,0.3041951060295105,-0.12226454168558121,0.6120498180389404,0.2034858763217926,-0.13182778656482697,0.6190330982208252,0.6586917638778687,-0.07104279100894928,0.6324175596237183,0.6085068583488464,-0.12777328491210938,0.6000613570213318,0.6989971995353699,-0.13737733662128448,0.5825726389884949,0.760545015335083,-0.12613151967525482,0.6630938649177551,0.7356503009796143,-0.0879184752702713,0.6646767854690552,0.6980683207511902,-0.12984465062618256,0.62651526927948,0.7544916868209839,-0.12823890149593353,0.6007551550865173,0.7987542748451233,-0.1164984405040741
0.57209712266922,1.000572919845581,1.2013337027383386e-06,0.5043236613273621,0.929729163646698,-0.05240263044834137,0.48135942220687866,0.8098235130310059,-0.07949579507112503,0.5635483264923096,0.7324169874191284,-0.10660883784294128,0.6450214385986328,0.6993603110313416,-0.13068409264087677,0.48352399468421936,0.616522490978241,-0.04944181069731712,0.44652754068374634,0.4472905695438385,-0.08907821774482727,0.4249293804168701,0.33838433027267456,-0.11254176497459412,0.40557336807250977,0.24844121932983398,-0.1271379441022873,0.5590522289276123,0.6098697185516357,-0.05460571125149727,0.5819823741912842,0.425457239151001,-0.09339482337236404,0.5970712900161743,0.30446314811706543,-0.11530916392803192,0.6112373471260071,0.20510557293891907,-0.12445295602083206,0.6186424493789673,0.6584595441818237,-0.06671614199876785,0.6297428011894226,0.6086561679840088,-0.12240120768547058,0.5979521870613098,0.6984512805938721,-0.13295386731624603,0.5813495516777039,0.7597554922103882,-0.12225829809904099,0.662737250328064,0.7355098724365234,-0.08350339531898499,0.6620931029319763,0.6990880966186523,-0.12523208558559418,0.6239633560180664,0.7557164430618286,-0.12413626164197922,0.599333643913269,0.8000463843345642,-0.11256220936775208
0.5694467425346375,1.000777006149292,1.2119418215661426e-06,0.5016185641288757,0.9321050047874451,-0.05379768833518028,0.47926923632621765,0.8138091564178467,-0.08287659287452698,0.5614129900932312,0.7373206615447998,-0.11184179782867432,0.6420201659202576,0.7026103138923645,-0.13782228529453278,0.4822996258735657,0.6163166165351868,-0.05367717891931534,0.4461991786956787,0.4480326771736145,-0.09531927108764648,0.4250025749206543,0.3396463692188263,-0.11945129930973053,0.4063400328159332,0.24955004453659058,-0.13434474170207977,0.5578718185424805,0.6107629537582397,-0.05903102830052376,0.580776572227478,0.4267735183238983,-0.10036402195692062,0.5953484177589417,0.30724436044692993,-0.12353313714265823,0.6094073057174683,0.2080366015434265,-0.1333296000957489,0.6170510649681091,0.6605784296989441,-0.07119955867528915,0.6282708644866943,0.6139326095581055,-0.12903395295143127,0.5965573787689209,0.7056131362915039,-0.14009174704551697,0.5805075168609619,0.7666971683502197,-0.12950323522090912,0.6604097485542297,0.7386681437492371,-0.0880870595574379,0.6593099236488342,0.7064815163612366,-0.13098905980587006,0.6200621724128723,0.765518069267273,-0.1304074376821518,0.5948672294616699,0.8104066252708435,-0.1190883070230484
0.5703341960906982,1.0004507303237915,1.2210847444293904e-06,0.503202497959137,0.9313006401062012,-0.054660651832818985,0.4810599386692047,0.8147639036178589,-0.0841602310538292,0.5630218982696533,0.7374966740608215,-0.11331062763929367,0.6434698104858398,0.7017959356307983,-0.13919147849082947,0.4815375804901123,0.6169485449790955,-0.05391232669353485,0.44589799642562866,0.44862186908721924,-0.09597938507795334,0.4254407286643982,0.33981603384017944,-0.12074869126081467,0.4071083068847656,0.24943891167640686,-0.13606393337249756,0.5573983788490295,0.6113408207893372,-0.059016697108745575,0.5807837843894958,0.42710474133491516,-0.10006159543991089,0.5958412289619446,0.3065473139286041,-0.12270749360322952,0.6097232103347778,0.20637953281402588,-0.13231830298900604,0.6167982816696167,0.6612661480903625,-0.07119955122470856,0.6304596066474915,0.6126813888549805,-0.128684863448143,0.5997093915939331,0.7043145298957825,-0.13890419900417328,0.5834958553314209,0.7658253312110901,-0.1278449147939682,0.6606274843215942,0.7399632930755615,-0.08827850967645645,0.662712574005127,0.7045910954475403,-0.1307595819234848,0.6244354844093323,0.7631968259811401,-0.12953181564807892,0.5985320806503296,0.8082872033119202,-0.11784704774618149
0.5691078901290894,1.0019994974136353,1.2106987696824945e-06,0.5018088817596436,0.9314652681350708,-0.051151055842638016,0.47866639494895935,0.8084741234779358,-0.07826550304889679,0.562253475189209,0.7301477193832397,-0.10578646510839462,0.6456541419029236,0.7007835507392883,-0.1302402764558792,0.4836280345916748,0.6185408234596252,-0.05016721785068512,0.4464300274848938,0.44871705770492554,-0.0910860076546669,0.42502105236053467,0.3396264314651489,-0.11439232528209686,0.4055638015270233,0.24981525540351868,-0.1283789575099945,0.5584760904312134,0.6126554012298584,-0.056324880570173264,0.5814429521560669,0.42733994126319885,-0.09766470640897751,0.5952426195144653,0.30526939034461975,-0.11988963931798935,0.6085697412490845,0.20501118898391724,-0.12823650240898132,0.6178877949714661,0.6615157127380371,-0.0691312775015831,0.6286683082580566,0.6172633171081543,-0.1268913298845291,0.5951712131500244,0.7107633352279663,-0.13604745268821716,0.5778735876083374,0.7731203436851501,-0.12316723167896271,0.6619916558265686,0.7388173937797546,-0.08649892359972,0.6613345146179199,0.7045902013778687,-0.12850819528102875,0.6218542456626892,0.7633902430534363,-0.12554804980754852,0.5968204140663147,0.8082806468009949,-0.111940398812294
0.5707761645317078,1.003843069076538,1.2152064527981565e-06,0.5027629137039185,0.9334046840667725,-0.05452042073011398,0.4809703826904297,0.8097947239875793,-0.08198927342891693,0.566270112991333,0.7307673096656799,-0.10901692509651184,0.6483588218688965,0.699518084526062,-0.13269081711769104,0.4833106994628906,0.6183591485023499,-0.0512152798473835,0.44601842761039734,0.4484623372554779,-0.09200288355350494,0.4247019290924072,0.33911511301994324,-0.11574499309062958,0.4050005078315735,0.24926578998565674,-0.1300915628671646,0.5585231184959412,0.6126638054847717,-0.05565624684095383,0.5813953876495361,0.4273529052734375,-0.09645898640155792,0.5956481099128723,0.30588918924331665,-0.11853596568107605,0.6087549924850464,0.20641201734542847,-0.12682218849658966,0.617685079574585,0.6619797348976135,-0.06724409759044647,0.6286153197288513,0.618155300617218,-0.1252416968345642,0.5962398648262024,0.7113957405090332,-0.13519485294818878,0.579270601272583,0.7735905051231384,-0.12273797392845154,0.6613318920135498,0.7397149801254272,-0.08368746936321259,0.6616415977478027,0.7040161490440369,-0.12646253407001495,0.6235760450363159,0.7632979154586792,-0.124343141913414,0.5988125205039978,0.8086921572685242,-0.11123138666152954
0.5694282054901123,1.002807855606079,1.1965308885919512e-06,0.5040489435195923,0.9328240752220154,-0.051532018929719925,0.48205387592315674,0.8120419979095459,-0.0781148225069046,0.5635977387428284,0.7363967895507812,-0.10480957478284836,0.6440382599830627,0.7032132744789124,-0.12830330431461334,0.4820934236049652,0.6191149353981018,-0.049490876495838165,0.4456648826599121,0.44861406087875366,-0.08894016593694687,0.4248964190483093,0.340189665555954,-0.11114582419395447,0.4061571955680847,0.2503102123737335,-0.12445207685232162,0.5578606724739075,0.612484872341156,-0.05502062290906906,0.580655038356781,0.4280749261379242,-0.09414403885602951,0.5951549410820007,0.3069424629211426,-0.11590622365474701,0.6085150241851807,0.20748963952064514,-0.12454555183649063,0.6178697347640991,0.661171019077301,-0.0673108845949173,0.628349781036377,0.6168766021728516,-0.1232842430472374,0.5973256230354309,0.708267331123352,-0.13394880294799805,0.5811532735824585,0.7697156667709351,-0.12289679050445557,0.6621906161308289,0.7377365231513977,-0.08417697250843048,0.660801887512207,0.7073075771331787,-0.12541483342647552,0.6226402521133423,0.76467365026474,-0.12414821982383728,0.5982896089553833,0.8084368109703064,-0.11231410503387451
0.5694771409034729,1.0010349750518799,1.1976417226833291e-06,0.5038685202598572,0.9317484498023987,-0.05184105038642883,0.4809604287147522,0.8123378753662109,-0.07893624156713486,0.5630221366882324,0.7368185520172119,-0.10602036118507385,0.6440527439117432,0.7039886713027954,-0.12987616658210754,0.48201245069503784,0.6189280152320862,-0.050792716443538666,0.44593799114227295,0.4489065110683441,-0.09098248928785324,0.4252336025238037,0.3403831422328949,-0.11390122026205063,0.40626847743988037,0.25051093101501465,-0.12774144113063812,0.558051586151123,0.6128768920898438,-0.056404855102300644,0.581206202507019,0.4279763102531433,-0.09585494548082352,0.5957713723182678,0.3064788281917572,-0.11755099892616272,0.6090169548988342,0.2062215507030487,-0.12630991637706757,0.6181082725524902,0.6620134115219116,-0.0687939003109932,0.6299604177474976,0.6168420314788818,-0.12462840229272842,0.5987895131111145,0.7077248096466064,-0.13464517891407013,0.5822307467460632,0.7689111828804016,-0.12334880977869034,0.6624622941017151,0.7390679121017456,-0.08584374934434891,0.6628914475440979,0.7061417698860168,-0.1269158273935318,0.6247996687889099,0.7631898522377014,-0.12511254847049713,0.5997216701507568,0.807206392288208,-0.11301197111606598
0.5668380856513977,1.0013971328735352,1.1980459930782672e-06,0.5012127161026001,0.930734395980835,-0.052135419100522995,0.48028454184532166,0.8098094463348389,-0.07903480529785156,0.563423752784729,0.7342513799667358,-0.10578100383281708,0.644616425037384,0.7036963701248169,-0.12948231399059296,0.48400217294692993,0.619215726852417,-0.05198663845658302,0.44654232263565063,0.4498851001262665,-0.09364930540323257,0.42428135871887207,0.34064751863479614,-0.11829576641321182,0.40388166904449463,0.24999630451202393,-0.1335655301809311,0.5592447519302368,0.613148033618927,-0.05780605971813202,0.582022488117218,0.4274522066116333,-0.0983649268746376,0.5971050262451172,0.30571243166923523,-0.12114749103784561,0.6113296151161194,0.2038520872592926,-0.1308039426803589,0.6178370118141174,0.6621416807174683,-0.07042074203491211,0.6302073001861572,0.6139507293701172,-0.12732365727424622,0.5987129211425781,0.7055262327194214,-0.13761860132217407,0.5820382237434387,0.7673124670982361,-0.12646543979644775,0.6610795259475708,0.7399412393569946,-0.08775051683187485,0.6625080108642578,0.7046763896942139,-0.1302078515291214,0.623860239982605,0.760469913482666,-0.1289537400007248,0.5978034734725952,0.8043118715286255,-0.1171129122376442
0.5675028562545776,0.9986751079559326,1.1778865882661194e-06,0.5036936402320862,0.9301906824111938,-0.05452954024076462,0.48240843415260315,0.8133223652839661,-0.08268239349126816,0.5635064840316772,0.7370684742927551,-0.11019667983055115,0.6433600783348083,0.703931450843811,-0.13425426185131073,0.48438096046447754,0.6192616820335388,-0.05371621251106262,0.4460954964160919,0.45057591795921326,-0.09514324367046356,0.42417722940444946,0.34211570024490356,-0.11934524029493332,0.40481066703796387,0.2515573799610138,-0.13431493937969208,0.5588006377220154,0.6129547953605652,-0.05861758068203926,0.5796637535095215,0.42750605940818787,-0.09881780296564102,0.5957348346710205,0.30706334114074707,-0.1211775615811348,0.6109134554862976,0.20641925930976868,-0.13068589568138123,0.6169171333312988,0.6623145937919617,-0.07055969536304474,0.6294941306114197,0.6142016053199768,-0.12797942757606506,0.5986859202384949,0.7056243419647217,-0.13855169713497162,0.5819726586341858,0.7666764259338379,-0.12761442363262177,0.6595945358276367,0.7407679557800293,-0.08734196424484253,0.6613330841064453,0.7041323184967041,-0.13017381727695465,0.6230524182319641,0.7601759433746338,-0.12925727665424347,0.5968916416168213,0.804123044013977,-0.1178114116191864
